event_id,stock_code,signal_date,source_panel_row,raw_instrument_found,raw_anchor_found,raw_path_complete_h10,panel_to_raw_anchor_close_match,panel_summary_mismatch_count
0239a5fe6fa034e849d78af813473309f0274298d918a07b320c63ca066afe1c,3693,2024-11-13,True,True,True,True,True,0
cdba9ab796bd7bf8749a8936b45e809bc3a3d0fd46d7048207e2a52eb2dd1d33,3015,2024-11-13,True,True,True,True,True,0
c306cc19e188c34cd3079a5a0a3798517c7b9657afbf2df24e3d460b22f38d43,6199,2024-11-14,True,True,True,True,True,0
abfe2471a38b0c46c46ed08703593615a12e6381dda32aa51049b06cd204258b,1504,2024-11-14,True,True,True,True,True,0
32c1da0e2fa609c671648a63a299b744274137b897e0dd12729ef563b23c2f11,6175,2024-11-14,True,True,True,True,True,0
e38ae8da3fa2c01d5cca6618e0fad27fd8eb5943b393698b18a59cef8d46b07b,2312,2024-11-15,True,True,True,True,True,0
7af5974562c90b86b512fe279a14872de3311d6e068ef3d380bc12f4fef3f4c7,1319,2024-11-15,True,True,True,True,True,0
9f2bcaea15d4f840932e7455507359365aede98106145441779ec4e5b57edbe2,3338,2024-11-15,True,True,True,True,True,0
4db6e1d98a83592bdd9883045c6fd7afe6124ec7eb1194ff4cd0e48689c04a33,3088,2024-11-15,True,True,True,True,True,0
954769597c058e87819e930953d9f7d040bc1457a6309dc91bac27fcefe3ec7b,1101,2024-11-15,True,True,True,True,True,0
a626ee367345a634159b876a177c77868126ca5f10d857f7f08a940db0e3680b,8104,2024-11-15,True,True,True,True,True,0
acbd328a319356ad81cbf3f0292a3e0550c68848afe0f01cdeb19baefb5c33c6,2349,2024-11-18,True,True,True,True,True,0
a2b8ac9d553805d28cc493d6c0cf769f2e7c29c7a1187767d30adf313640046e,4577,2024-11-18,True,True,True,True,True,0
59f980222e1f4fd5b1d04239c6da7b845ff279936a3f2593fcc277e099db1915,2520,2024-11-18,True,True,True,True,True,0
add989036a38bc778ea64b1ae3ff6ebb3cff7fa900efd67c9f2790d42d772c89,2609,2024-11-19,True,True,True,True,True,0
0a3941424fbdb74159c8cf1846ef2cf50c4854aa76d307d3c2a3cba730bf0d63,2332,2024-11-19,True,True,True,True,True,0
7072b92c677ff520718f61941a438927db48b9cbee488f25b7f47f2586c9ba05,3211,2024-11-20,True,True,True,True,True,0
3264ca6f31ea78aab4034efe2cc4ac5f15e586afe5114e2178cd068a110964e6,6166,2024-11-20,True,True,True,True,True,0
fcdb1f7f3d14e3b5ae0bf03d8a58cfb5eae5dde38347c744ae7c6b40b043f3c4,2520,2024-11-20,True,True,True,True,True,0
89642671610d20970339537179003124e1aa5ffe49bf4ee473a17348da2a6d1e,8038,2024-11-20,True,True,True,True,True,0
9b39b11af9573bd555e047abbdd651d818fe633fc66ddcd3e8230e80c1d3b7bc,2395,2024-11-21,True,True,True,True,True,0
47f969db4c8ace8d63160d39b29d8da8a8794bd663c542eb272e7f74ab6401de,2539,2024-11-21,True,True,True,True,True,0
cc9d5dec4f24ed47477584f29a013a6b8986fa2eab845d73f4be9b1fab748dd6,4931,2024-11-21,True,True,True,True,True,0
a41359f0e4a30d5504d89d8d1806e8b486a15007e7cb2cd56655debc60166c11,3597,2024-11-21,True,True,True,True,True,0
37572f6fefdb58eb78e09904d1e481534a7866402d85fea2db396bca2c4fbe78,6870,2024-11-21,True,True,True,True,True,0
6e756968e11e10172db68bc0cf5a18c2d30a10b86b179750f163ab5b49fe86d5,5439,2024-11-22,True,True,True,True,True,0
d3ecad2d669c63b53767a67fb42bceda0dae772ec484bc702907c27d1f278b0f,1802,2024-11-22,True,True,True,True,True,0
aa0c8470f20e10198b12cf093bd04844ec2f85fbd051beb079c0fdc99277fee0,1809,2024-11-22,True,True,True,True,True,0
c6eb0bc5295c651127838d292a50887bfe5c81f9808b71e5693c7260af684ec5,3558,2024-11-22,True,True,True,True,True,0
2f34953ec5dfb04c4001546f117a22631d9ba7deae3888ab7bc926bf043c56de,6199,2024-11-22,True,True,True,True,True,0
85583fd19c313e8ecab396b9e55f57382033052a5515c3ab0620fe72ca3c868f,1815,2024-11-22,True,True,True,True,True,0
28b4b16e57eeb713854ec8ae6a45791b6c3343d263bc3d0fa94eca436c43a791,5340,2024-11-22,True,True,True,True,True,0
7f90228e6076b3b8622010cb3271124ed16e1ddbc78b5521a08412678ae2ef2a,3022,2024-11-22,True,True,True,True,True,0
645de079dc37f9c84fcd658065b27cf19dd7832f4d6c2b0864d03bbe031e39db,3114,2024-11-22,True,True,True,True,True,0
be8c59ff527ea0fdb4050026001e73464639667ab8e868cb1c8b5b650e91307f,1563,2024-11-22,True,True,True,True,True,0
f54b00dc9651fa40e1e86fa055eecf6762ae0837faff8dd575cef3ac23cf83e5,8042,2024-11-22,True,True,True,True,True,0
1ec67a58532045d2ec27f5272f796e813d3901726abd8a2deb6d5fee4f348385,4973,2024-11-22,True,True,True,True,True,0
1765358dae860d017653f554c5dd27a65a36a8d897de5e5429c6a53f33766e06,6205,2024-11-22,True,True,True,True,True,0
d1a61d8141891f0a83fd28cd0513cd88b1e001816880c7717ea53ca7bbc069ea,6147,2024-11-25,True,True,True,True,True,0
1a7dfeaa9180fb93dd62f2b1f0fb8f46e7710f40708018b8b3e88c9ecd587746,3693,2024-11-25,True,True,True,True,True,0
37cd966e616aaee57b9df09418c5e34a78b9c203a8c692e6707b9fb91908f071,3004,2024-11-25,True,True,True,True,True,0
addb0c3256e42901db3f59bc29e4dbe9f3255810456305398c0277368723bbe3,4979,2024-11-25,True,True,True,True,True,0
b40d53f550b79d2836ac63beab6ec834a03b306e844efc2ca20b7989d8846337,1723,2024-11-25,True,True,True,True,True,0
a03e1b05dc10bc6b4234162ab5bbc853a00e112c01c191bd7ce67288daf6f3ec,3029,2024-11-25,True,True,True,True,True,0
53dad26f75b9263bc33d8575bde1d4979bb936b3c292b6013c47d5027ae6ac5d,2546,2024-11-25,True,True,True,True,True,0
c53fdc2f08661054817d78ebd883ad356816bfd8a91b6d8f34c35fde4a6384df,2367,2024-11-25,True,True,True,True,True,0
a891255d397089d147a4e668ec94e67172706511e7d39ba8fe3f6fa44707e4db,3617,2024-11-25,True,True,True,True,True,0
3d8f24b133d36868c528b846b4788e4158646c76985226a4c3da4c6f3798c034,2498,2024-11-25,True,True,True,True,True,0
ccfea7f71fb5faf36aea9160c3ea006d10906ab6d1c9d80e63597f3a3e282a3f,1101,2024-11-25,True,True,True,True,True,0
95f33aaeb44c942e6bb470b6e4b5f653c241c80ae3dfbf174dc144d2c130f5fe,4977,2024-11-25,True,True,True,True,True,0
f12faf86f2c9fbce6b171abc8e83488fcbe37e118ef4d9bbc3c07fd7256a2938,2501,2024-11-25,True,True,True,True,True,0
e53e02de9ca38fd8f5e2eed526b30634c7c644d09dba515ae9215800e28dca29,5227,2024-11-25,True,True,True,True,True,0
d06258433b17f96c11db334739dfb4abec02b709abd1e03da628c5b0931a7768,6282,2024-11-25,True,True,True,True,True,0
ba227be2f2d5ef580c23ef0472e8f030f7d0e0051d08a1f6f4bf19732a1b9aba,1718,2024-11-25,True,True,True,True,True,0
1725f52f2911bba663f81db6f9f48b0a611146f657f336542e36586bdbe9dceb,6175,2024-11-25,True,True,True,True,True,0
b0b2eea2cd63760bcfe4827331b891532cf9d91d8b8ef46b49b60579199a4fc4,2511,2024-11-25,True,True,True,True,True,0
f831497a042ee5b115367fe01cad623cfab885ab9f7679250dd072ccd5d76bd5,2455,2024-11-25,True,True,True,True,True,0
e0c8a512756e5265be2c7775a2a841d8ee43ab5f95da73c88dbd0216c7d389e7,4562,2024-11-26,True,True,True,True,True,0
15835e45405dd8be860a3ed0060565d427315b883fd862105e4579c0d1b0af0e,7402,2024-11-26,True,True,True,True,True,0
60357fc07c2652cf002c4dc3d44e5c477058b121c9bcfa68e75c231cdc69250d,1536,2024-11-26,True,True,True,True,True,0
2591180d34b4b1a7e293578b8fe5661785308c525037fd775068dfd698ee5750,3230,2024-11-26,True,True,True,True,True,0
217fa8be68ab92781159a11294ae6830f5e6228af514c30bfcdb4d019493f625,6174,2024-11-26,True,True,True,True,True,0
951d9b9962f8c4bdf24ed3b1bdf9dbea88d1789a85981a09c269091dfa249167,4960,2024-11-26,True,True,True,True,True,0
99d10c2bdc1118451096d35b6bea31f5025c1fba6973d37f6197a89847db1961,4991,2024-11-27,True,True,True,True,True,0
2a580def3ef00cebcfc68601d0a5a244f6bfb5ecd185546eaaf31bf0f19d4615,2070,2024-11-27,True,True,True,True,True,0
9b660873505ba002a38e99ac179ad696e840d9f1d085ea53c3d3b8b4d84e62de,1504,2024-11-27,True,True,True,True,True,0
a271a766f4600f8db5bc5d3a23525bb51959675bf000b95fc9094792f9f69c41,3339,2024-11-28,True,True,True,True,True,0
a38f717580a5c288f4a0828c94bf4a36adb5079136e7dba1e262e27ca3e5899b,5328,2024-11-29,True,True,True,True,True,0
1a6dce37c56bb1e0865bd10bdd31af888e44bcab0b5c93697727351a9ac53440,6274,2024-11-29,True,True,True,True,True,0
cab79f98adcf15e1627bd5b6766de8a4985fc1e0b63aa7b7efc3ab13b7bbd00d,6127,2024-11-29,True,True,True,True,True,0
f3bb46b9930e92cb6072f0412860443cf27d66d5c722774611541ea3d7c0c899,2375,2024-11-29,True,True,True,True,True,0
25975451f4618de8c6e831ef7d715044c789715092327a0a87a348d9075c773f,5515,2024-12-02,True,True,True,True,True,0
a6d63a8ae4a9f563805ce4ead8ba7f7363c216dcf5c271057a52485008a5bc40,3533,2024-12-02,True,True,True,True,True,0
55433f81513135f89911d2e75a40b7c245619d286ecb1bb5815fd2d29a33ca4c,2059,2024-12-02,True,True,True,True,True,0
477b9aebee3108cb99d29c9147634143daa2c872ed2c8d3a151bd3dbb2c806e7,3558,2024-12-02,True,True,True,True,True,0
1ca2738fbeef0929ceecbc1cc09bc6c74f115a37571543bd2b1c7d93162346d5,8996,2024-12-02,True,True,True,True,True,0
51f3a9fe55ad2f81189630a774cf2e1267f1f73d22489d22cfbd92203c5ce308,2520,2024-12-02,True,True,True,True,True,0
d7b932b5af962a7c21ebce696ec7ecbafb735b0c152640e01a08d89038ff9a96,2383,2024-12-02,True,True,True,True,True,0
497950c3556365bb2c2320ec9b194534cf827cc4c00688f3ea46a7f87d3012c5,2441,2024-12-02,True,True,True,True,True,0
0fff2239e59005f8a281087f74da55b23f722d2b9c787558b5f1ad7e4d176453,6426,2024-12-02,True,True,True,True,True,0
f944d576e8cff9ba4a2b8257aeb3581c1e824f6e09215b58f927a6a920e49a8c,6715,2024-12-02,True,True,True,True,True,0
d59ab7de1eed53d441bc4229adfea026f3b4d126348b88fdcb3c863a4e35a693,2455,2024-12-02,True,True,True,True,True,0
8ab966506cca55a87c94db7f7e52f0669f1355e59be1151365a1d592e1d58396,2342,2024-12-03,True,True,True,True,True,0
ff5a0b9385d581cf1a0e01f2e448ea637a1b2e6d4db5455d7b85ffc847932610,2395,2024-12-03,True,True,True,True,True,0
380101dd408c54ce0e3891bd6b116abd1f667aeaa6c039a5eb20a96be653b8b4,6526,2024-12-03,True,True,True,True,True,0
0513e31bd858cfebb1cf072aad7f3dc39d12c229bbb0f49ffd976071abe10ec4,3324,2024-12-03,True,True,True,True,True,0
01d213b40095609e83325fe03d41aaad630dfa56d5962f1654efbfd153136fd1,6591,2024-12-03,True,True,True,True,True,0
8840dac62cdf202e12ab70c1493c29b6177aa254b4f10fd6fec93d5f06569313,3090,2024-12-04,True,True,True,True,True,0
36ebdecd6b93c52c1365e07b51725b9cfa2ab4a4b116031839a177043c278035,6691,2024-12-04,True,True,True,True,True,0
f6d223924fd9ae33bf45d3a17de5dfdf143c00d227afb3bd9d3e255ac5829825,6173,2024-12-04,True,True,True,True,True,0
0c8075dcf70ad9f77a53edc4fa0e2ded298712079ff31ccac89400e125072380,4908,2024-12-04,True,True,True,True,True,0
f41bd6757c7756a1576f38d4b470ca4a6dfbb65347baf3704820641215fbda2e,1736,2024-12-04,True,True,True,True,True,0
1fa5c22ae30578ec90d7660469078789ebb7ac87806fd93a63caa4e53d9b1c28,3236,2024-12-04,True,True,True,True,True,0
da8e7cf176ad0497922f89e31ebe8528ada09c40fc206502d9b7b03923ae4f7d,3526,2024-12-04,True,True,True,True,True,0
07715aeed02453eb72ad76c0ac85e9d0897a6e7ee12b875e97ace6b2f8a5452a,2535,2024-12-04,True,True,True,True,True,0
20681fe640654b75069bdbe7a001cd7f2ae0c45d63066eaf6ff48911742b3af5,6588,2024-12-04,True,True,True,True,True,0
0acefe99eccb7b58593635ed1d9102eda92738371d0b5bed2e7e705aaba16330,6449,2024-12-04,True,True,True,True,True,0
eb6ba52eed4aa22648b6938d7a687886d53ad6021c1b9e13d6f7cb74917fe793,3537,2024-12-04,True,True,True,True,True,0
8ea20a8dd230cd22553c304a1eba98f4bf47f6c781325aabb66fa31ba8988da6,4966,2024-12-04,True,True,True,True,True,0
34e5bdc0d0001c0f0a80ab3452aa3bec53b5bef2bbbd10914c986a37c352c4e1,4977,2024-12-04,True,True,True,True,True,0
352ec3a0b8a8e1e7c61e2ce667f2db58ec30e9bfec5c8b5760987a28d526c3e8,6668,2024-12-04,True,True,True,True,True,0
e04c3da42dc8897c5f117cf79f71fc61945eeaed39b8e7d48947a6c8867b235f,6642,2024-12-04,True,True,True,True,True,0
ad00dfe591dfc47339556e44e488e51a8dd3cef8421bd491ef815a07f7cfe225,3528,2024-12-05,True,True,True,True,True,0
b1417a8120ed43e3028c8589e312f7a208bad9d4a012ea81baa6917873ee2f2b,5457,2024-12-05,True,True,True,True,True,0
711efcbac6984352ef9378f66091e6c86b7402d8b5161a20af0175848360afa0,6214,2024-12-05,True,True,True,True,True,0
236b83538870ae3e7566a3c87f06ad9355fe824b428c53d1933155f2aeed0397,6141,2024-12-05,True,True,True,True,True,0
5c755f892e2b25c44cbe5e45e8664bd99bf080cdab2a95975ad448616bccd4c3,5269,2024-12-05,True,True,True,True,True,0
01be70953221698e87aa517ba24cb1df747ed2d8feb7676cc193fb569a9fa163,6690,2024-12-05,True,True,True,True,True,0
08ecc95c87b7c64907674a1dfc6bd407ce0d1ce071a6d02f170103c28f4f480c,4919,2024-12-05,True,True,True,True,True,0
882d916671762a4f656bfac10821047263784e3a825525a16e2e1ca22d8db418,6223,2024-12-05,True,True,True,True,True,0
0d0b10384a7330099b08eec368e6caf4c31d6cf678f4892e84c1ab9549d32805,2457,2024-12-05,True,True,True,True,True,0
ae9ecb4c28f18b740ae6ecc04350a66a842c88d17d858baa8739535bb625d668,3317,2024-12-05,True,True,True,True,True,0
4809919877f3e4a29163f5e31575f0e8a31629e85fad6608879c0c6f437a3ad0,6112,2024-12-05,True,True,True,True,True,0
55148b4a8490c176598dd41beae68381aeeac30eddf0afa854a3db59f45dfb30,2466,2024-12-05,True,True,True,True,True,0
9ebde823ae209e684e2063af92c2b867ae8efbe85ef10ab426dc95f1eddb614b,2436,2024-12-05,True,True,True,True,True,0
810052f7bb6d27c660ca1ae5b923dcbf93c0fa89cdd63301c18553c7b3b2d658,3661,2024-12-05,True,True,True,True,True,0
5373240e4f46b5e6d48e2daee1f993494663bc1c8d7b0c429dece04c545e2632,6669,2024-12-05,True,True,True,True,True,0
8ecbe39866e1b8e432d9ad5f29c39ad7d34f25b29d4a37b187cb80768227d02b,2536,2024-12-06,True,True,True,True,True,0
6677a181bec689508e90a96974ede5fd92253ee1a8862effac96f9e5fe135b85,6243,2024-12-06,True,True,True,True,True,0
6c7ef824a0dd455cdbde0327426c1934d22f2a43191fe8d60370bcdf1ea80896,2527,2024-12-06,True,True,True,True,True,0
48570f9cee798b4939227d4cec7538eae644939a048f38be89edc9ff32a7feea,6188,2024-12-06,True,True,True,True,True,0
b163514a83297708a860dda5c0b20714f34a29e5df2c184dabfa47803bec56e4,2535,2024-12-06,True,True,True,True,True,0
f87f7c02b3313842570796e57ca9dad5a3b5a4785862177b8a92e428856cf918,5607,2024-12-06,True,True,True,True,True,0
67eccbdc80cd0bef2c37c2e97d2248ace99bedc205a59709070d67be528bea7b,1785,2024-12-06,True,True,True,True,True,0
ecf6ce5d1d49b8ab4477f15a5fefb0f0117b276c11d9d4439378f2db7bcfaaa5,1342,2024-12-06,True,True,True,True,True,0
bbc629236137e3bad19bcb53b81b06ffa28fca1074a15b9e56b5b2377dd3f21a,6684,2024-12-06,True,True,True,True,True,0
eb8984b43d5c56b0f3028c287f02a2e7f823ae986ab1493b0b2be605a322d197,2520,2024-12-06,True,True,True,True,True,0
e94c75c09f2af003da944a65a1b580411eb335562019a29cdf3c46f5be1c1b98,1612,2024-12-06,True,True,True,True,True,0
d9997f1703fc45832a91d52c092cb48619f0561ed4d24d1512a5aaf87d1110fe,6695,2024-12-06,True,True,True,True,True,0
6b004973ae1d13741f8f2e4f8dd0fc741c070a0494c0574e43f7353342e7b25b,3227,2024-12-09,True,True,True,True,True,0
623de4820db4399680183aaf7870be39ff7426279e0353d95578211bb50cc967,3234,2024-12-09,True,True,True,True,True,0
84b1093456815a27e12c82c31100d6caa87671028cca58e3b2548cad82d9f4fc,8054,2024-12-09,True,True,True,True,True,0
b6ae647773b172e2094b9cd6cb0c0122968bf6929d116967fdec96cd5e9f21a5,3484,2024-12-09,True,True,True,True,True,0
cfbdd289bf07b38e0a02809b00db7915b4c97a0330d03df7f5786582c6402ebe,3483,2024-12-09,True,True,True,True,True,0
4eb73c57079fd281514a4b11773fb9f7fd11c124ebf91b9710316bed1894d926,2609,2024-12-09,True,True,True,True,True,0
44d69f301569d23ee8b53072179b091fa1a51b378920da1489bf2a18284ce9d0,6834,2024-12-09,True,True,True,True,True,0
cf7625bfc65912d6975c537ae702d1995ac1a4c79a06cc8d639bdf8e7d2dc81d,6442,2024-12-09,True,True,True,True,True,0
f26d845a63f8894b2ae935f05ded9ebbe1541307d25fd36f9f7649988c9606c4,6937,2024-12-09,True,True,True,True,True,0
58da0eeb31ff10fbe092aec8c37a38619568e781a613709c2dfd0f64ea497a11,2454,2024-12-10,True,True,True,True,True,0
704a61270feb91ed23321d8daf0d9048ce693020f958a4905043a06b12ab6319,8092,2024-12-10,True,True,True,True,True,0
61eee83b864db9754adfdac31a48ad13b164c862ac3aee620f460b522a590529,2401,2024-12-10,True,True,True,True,True,0
e6ac4503d72b9ccaf736106c94f96d6a093c4b24b8bffb29356f789e38aa800c,1569,2024-12-10,True,True,True,True,True,0
032c9e97f27e241f5d318e13328e2c1b86ef541d61715616b5dde3f63e246579,2359,2024-12-11,True,True,True,True,True,0
be1864b32aff27acb5f29707e5d61a15bccca185a30bfb5c66e4686fd8858014,3147,2024-12-11,True,True,True,True,True,0
f13c4b910a53d0b63c0dad4564b5f7b8c6526145b6af296cd6a4efda340c5a9d,6274,2024-12-11,True,True,True,True,True,0
ce488311ddcfdc442e0835dafa3c8dc3ce71907167972755364824b0aebad751,3491,2024-12-11,True,True,True,True,True,0
47435606bbbcea6916147a8e19841bcaec8e354154df6669b253acb2693d0221,6215,2024-12-11,True,True,True,True,True,0
1fc84b9edb1ac105ed4511b514fe5ca86ccbbaaac240e7fb561879a707ddb15c,4540,2024-12-11,True,True,True,True,True,0
095f3d8ae45566d16ecdac3a176cf85dd59ddd0db1f108681d5ecdb7b1a78e67,2348,2024-12-12,True,True,True,True,True,0
7e5d25cbaeb116e2f6b4cc479ff63ea3e2602fac07e2b4c578ff882b0cc0a2fe,3152,2024-12-12,True,True,True,True,True,0
408a1dfed19c6304eb7c88e0776acad54a1fddc5895e7cfa56c2b2ba6e0500f2,4577,2024-12-12,True,True,True,True,True,0
91f241affd610143b141d73dee12a0a43b929e3b840ff6498d937fe68979ff5a,8932,2024-12-12,True,True,True,True,True,0
f6562fe0df8b4c82598770306d25e23bc206e4e6803e9536915f54e85e58f469,6526,2024-12-12,True,True,True,True,True,0
4ad02dada8968eb7c8f892b243f8d271b759a3636d7661b50354f17275d7858d,3363,2024-12-12,True,True,True,True,True,0
6650586c470e05a1b214d2cee7c2a16584fcdc6e58638fb0f49704c36220c292,3443,2024-12-12,True,True,True,True,True,0
e6a2f9420567a43919c53e6f8f649918f5a824028d690e06f3847b8425311664,6573,2024-12-12,True,True,True,True,True,0
49b9aac640b84f848886806b9a78b2a196cc4bdeb908db224609b3a672d54ae4,2313,2024-12-12,True,True,True,True,True,0
ffc51cb03b0ffb0aceef28c8f8aa05e6513990dccb1ac512473311189702969d,3661,2024-12-12,True,True,True,True,True,0
8024fae73df1128f218e826a2ecbe4e8ca640c613a984f4155cd4ae6931495bb,3529,2024-12-13,True,True,True,True,True,0
7197390e9f903968a5a67d7272b1d6c1d0418cd3e63688dc56516a596d5a4adc,2330,2024-12-16,True,True,True,True,True,0
c3b477a2374fbd28840db5e4f2998608c841d2588f7714cf6cdaff93abfd6358,6643,2024-12-16,True,True,True,True,True,0
0837516a715371cfa650906c3de0fa8e89e2bd611c56704683fb6d8087d82673,5347,2024-12-17,True,True,True,True,True,0
bfe0aae90d21f1c60eba7bf68b3e8a63542ae1983124b49c1ca00d542ed0f163,1597,2024-12-17,True,True,True,True,True,0
03974557007fa0d112c5f9980c9676834f65786b71b19a6c11855d92c5183f6d,6531,2024-12-17,True,True,True,True,True,0
b8658476afd02a784163810e71d342a2281e0fdf3ad9a257bf5022b51f732ffb,3035,2024-12-17,True,True,True,True,True,0
255c12c58e1bc68d16fe755caca567ecbe864009a7082d3d79d8919c63274284,6223,2024-12-17,True,True,True,True,True,0
2e6a6bed3f7a5a0b2d69ffda384e246402e7c7476114be9bebfee14aa3c0d267,2379,2024-12-17,True,True,True,True,True,0
59bf460e0e31d37117a2f6d1dd88e14feb1da1dbdca68e5b644655e1f233784d,5474,2024-12-17,True,True,True,True,True,0
13a4cee5ca547cfccd7e3a729f14ecd748f38af31141c4ce2ae41349b25b2e1e,4966,2024-12-17,True,True,True,True,True,0
01dca572f43292dda8846665180532bb236e0ce588ba4c5d44fc79fd234d66da,8374,2024-12-17,True,True,True,True,True,0
4d35299267d4acf6c668ffd49772c4dcd26b58a6bb570c87f480392a19384c96,2049,2024-12-17,True,True,True,True,True,0
2a8ad07c33bf8fff50a0f0da1824aee65ff6b03940b17e644f6c2977926aa415,4533,2024-12-17,True,True,True,True,True,0
537b8b6bdfc9e117d26a6b38b2c2a19e83934feea1c1643696f501cf298401d5,6691,2024-12-18,True,True,True,True,True,0
23e89ed2bf0cf5061efc9fe9859383e9714a2ee294c3e219c5d1d3b9bcaf09a9,4958,2024-12-18,True,True,True,True,True,0
42e27f799de8fc8fed2a1797829297eb13da8691bf55bfe211c7cc8b3eac63a2,8234,2024-12-18,True,True,True,True,True,0
1efa6f6f8f63987a8ca972f04e3f341ed7a9757e8d6f6d1ef2002c5c609edd21,2377,2024-12-18,True,True,True,True,True,0
4d4eb3928362ba97d482fd14d0db8d76716d12bae7acdbbf43d334182fe0ba97,2466,2024-12-18,True,True,True,True,True,0
912f96594e56445a32ce99dfc4bfc09cbce6c600ade9b433b95f3f2d9027fa05,6789,2024-12-18,True,True,True,True,True,0
034dd78f05c8809ea9afdc40f2baafd8687ec7a7270d1b3d31b76eaa68231b03,2359,2024-12-19,True,True,True,True,True,0
6c14b7d45c0f623028b9655ed383de9dc89f4037ed4c48f4fd33b2c9fa910802,3630,2024-12-19,True,True,True,True,True,0
056d2c4ad13ba6da8e967b602f9e45d86cad09bf50e0f6d89fd709c1d76ddc10,6215,2024-12-19,True,True,True,True,True,0
e3950fcc4bd9aac0f067ee07db7b13f12cab74bc4f94b1f18873318b3becfedc,8111,2024-12-19,True,True,True,True,True,0
5441533b7fd745d22cce85c0645ffcb6ec340b5f8d8b373d2b11c7cc925043b1,5388,2024-12-19,True,True,True,True,True,0
aa7f7877e4e9674979163e083575502ec3836b3657ab4ca449a1830860865859,6285,2024-12-19,True,True,True,True,True,0
f235d947091cc6100cc60a250232126d177e149e63752c69614b6b5888fd2e25,5536,2024-12-19,True,True,True,True,True,0
beec4983443057d5c6bcbef6c5071fe5f1514d53e73df492079c99fd32545e8c,8071,2024-12-19,True,True,True,True,True,0
3125175f87f6ad082a79a06bc1116019bed010823e4498357e53c3ab8bc53bd7,6271,2024-12-19,True,True,True,True,True,0
78203930daa7dda3dd523c20b2457125ed32f3e393aefdc1f64b74d72ed980c5,3147,2024-12-20,True,True,True,True,True,0
a6e4b41cce0e38fc6f1d7309d46c6efb91e88efe95b80046493a409e3d8c2552,6142,2024-12-20,True,True,True,True,True,0
09d938220f880157a10d67c9b0b54afd5ee7e8d00fb173b4532cafd9729b30d3,4991,2024-12-20,True,True,True,True,True,0
2e10c3004f81f960c3f640300b2306e56818c2575df31870a35f38910335e745,2332,2024-12-20,True,True,True,True,True,0
0115ff9d331492a10ead2b5cff363414a77cf0921aef23edf870942429050d6e,4561,2024-12-20,True,True,True,True,True,0
361a827934c188679abf18d0e9d7653106de17991496b3918fc001305ed2da0f,3543,2024-12-20,True,True,True,True,True,0
15bc588b80400f3a4c034f416e7505010cab72f083f39b198f590ae5efc172cc,2348,2024-12-23,True,True,True,True,True,0
83c74f99c4f5ceff6abccabb890e261a7d02af7ffdc80543d5e45473d5b46620,4576,2024-12-23,True,True,True,True,True,0
f363b548a4de7c331825efe3b7539f26e327baa2a2b9866c9251dcce53bba50d,1597,2024-12-23,True,True,True,True,True,0
446df9426bcee7a2e11a0411c615db19558d58fe9e041c79d033055e99aa93bd,6585,2024-12-23,True,True,True,True,True,0
244e513bcf1e8178e602cb3ff0f8a907374788cd951e90b3a611bbcee9c81a3f,3268,2024-12-23,True,True,True,True,True,0
a66b06c730c4a12eb5d8cc59aef9971f1746c3028c9ba53f41e9ce1fb91fcacf,6279,2024-12-23,True,True,True,True,True,0
99caaeaa3972cebd101792da1288d3e7e97b87ae39eaa472851e623c27e40c25,3230,2024-12-23,True,True,True,True,True,0
298d37669abf82164937f965ae70d64871c5ccc03e256f68bf6fa8d4634e64f7,2483,2024-12-23,True,True,True,True,True,0
37a5d7e6fd8d5c60fb6c6bec30221e9ec8e3c1bd8284b9bfa71933c348d5f49a,6205,2024-12-23,True,True,True,True,True,0
30fc0e288899ce7299a889207b63d31e8a411d2524cdd98bb03df1666550e77e,6190,2024-12-24,True,True,True,True,True,0
936a33267717498551f4e0cc436b902caf9d5648cc4c458245196458e99bfd14,3711,2024-12-24,True,True,True,True,True,0
a49705e2b4a16fa1db9b4150a3772b70e096f2aa25eec14c7ed55fb0edb68e9e,3088,2024-12-24,True,True,True,True,True,0
6efb085e61415162768a000e514a9a2c2e528d999e710628ec67d9520a0fb786,3694,2024-12-24,True,True,True,True,True,0
3a59f92c4bb14dbc6a5632490bd09eab3d99446e5b3699c2be4f414c0d8cd47b,3450,2024-12-25,True,True,True,True,True,0
710f3d8810c470d8318b8e38f5a4c79b05a9a2666e35074b0f17615b31d67455,4976,2024-12-25,True,True,True,True,True,0
f5a25326243d42fc57af50f77a29642916c3b8e733f6036f6e1f65bbb832e942,3060,2024-12-25,True,True,True,True,True,0
ff64f65f28c1fe84deaeac5168469e12d9bbef0241e7c865e4cd8bf6e89b9b98,6177,2024-12-25,True,True,True,True,True,0
29207626b7fc022aa766f596bd9c53141d96c7caf4e04d4e0f9ad8fd9cc15ad3,3441,2024-12-25,True,True,True,True,True,0
9027766f9afcd8ef746d56e0eebaf8bd2a79b923c973dbccebf8bb88f5862fb2,6683,2024-12-25,True,True,True,True,True,0
983dc3858f7e0092cf58031395b7e20a90363c2975d7f5747b1d3ec6d6d1615a,2377,2024-12-25,True,True,True,True,True,0
68bf042a8c4d0a75fb0e5e6831d44178e5203eb8a482fb07a229c08720620e4c,2464,2024-12-25,True,True,True,True,True,0
d226cc6d54f706cbe874ee4681d6b46eb045ef219fd72d8152842009751bf9ca,2441,2024-12-25,True,True,True,True,True,0
5ed73e5e828a87506b9dda21032547c5f9d0b889f3ed2f7276635f64e676d4bd,3504,2024-12-25,True,True,True,True,True,0
528b31336899e66a27b775245f3f8b6937b573dd2112bc0594df19972b7068ba,2328,2024-12-25,True,True,True,True,True,0
a794b6e58f23094984a5ef0fe044199440958a40ee358d55483be2e368483b64,3498,2024-12-25,True,True,True,True,True,0
b12fd68531d54691574dfb226824ee8f8bc727307f908761920e06d1f004cc78,3227,2024-12-26,True,True,True,True,True,0
03cc46c3f6622fc53b4691101756cdc193096be72745f71e8776992dec238b9a,3008,2024-12-26,True,True,True,True,True,0
652c94f64ee35959e6022f0609dd527d8ace124135ae61c68a9808a5fa82ed67,6213,2024-12-26,True,True,True,True,True,0
5f43eb6ae0f329998d3d7b419be1d0fe84b3e6b0ebfa6ec046331a27b9f0fa8f,2108,2024-12-26,True,True,True,True,True,0
dd25c2d72457ef43f5eb1082868b102c12eaa103793b359c123fa70b680faeec,3406,2024-12-26,True,True,True,True,True,0
3549ac75073a7181e82e21cbbd94c91f16e3299be36d67b4f7d2624d8f56329b,3508,2024-12-26,True,True,True,True,True,0
fe4c0d754cdb657765f22f70428329ff1a3bc0f6c1b58f2f42cf6923f4579867,2548,2024-12-26,True,True,True,True,True,0
7121a9adfbb59078befea961b26f2228149ee901ea162df3a3f195b0ea973550,6781,2024-12-26,True,True,True,True,True,0
c804ef611f6594b272964be39a6d6adeb8fa0150b982df28a8b3a75dc61fe16a,2434,2024-12-26,True,True,True,True,True,0
de5d78b159b1147ca3241b9c90687dd1a51ec1db9a82f28e0a0d4de6be2268ba,3362,2024-12-26,True,True,True,True,True,0
4e6d266104ad5c2f0e8ac137d10d0d517d6d6babbd6cb6c02309ce1d7fa385c9,8109,2024-12-26,True,True,True,True,True,0
afc57fdec6cf74d99f6b72fc6971176007903de828f9453bc0686d680df0a4fc,2498,2024-12-26,True,True,True,True,True,0
519d68eee05111edd261c1cf4905a878f4e64dcc44a0c6eb0ffc45818431798b,6517,2024-12-26,True,True,True,True,True,0
64a4995c6f3137748649a685e55a2591a780d4a7d3aeee5f72318da2ea451970,1504,2024-12-26,True,True,True,True,True,0
8431d1a100d6e1570f29f7bbebe6a9c652c5b290c978afe3deba9b06d9005e8b,5351,2024-12-27,True,True,True,True,True,0
830e25350a9542e57cc9eaa82388ea044aa9ad83a6f7390b9f3e199a110dd187,5489,2024-12-27,True,True,True,True,True,0
cfc7d4b1c10c23651c27109e53bdb938a52c0e06f930c3bac7d2d19fe0c6d66c,6191,2024-12-27,True,True,True,True,True,0
ea5738d9834b828cd72be721b6827281080318840883ac468b8997a7ff767c21,2379,2024-12-27,True,True,True,True,True,0
39dfd247bb3c6513f3e51e127c869e0b93958528e078dd5a406680d3281576f7,6442,2024-12-27,True,True,True,True,True,0
e4a7539b93061b08b56ec201231e5e42d16b7aba7bb8c284a1beeb97d9261820,2383,2024-12-27,True,True,True,True,True,0
b0cd791f016c1c2e7172190b9d42dc6ea156a31c8a02f534d94c93027fd08320,8299,2024-12-30,True,True,True,True,True,0
030966d42ce8410fd24b2f3a2baf57b84724447445ad84568097ca1a36b44097,6141,2024-12-30,True,True,True,True,True,0
15f6d2b69bf611aff7454c04ae850bb8dee3db5493a49c2e286a1f98d04fcd83,7402,2024-12-30,True,True,True,True,True,0
effc45baca5464acd1ed32441a21102cc31094896c3fbe19115ff9ae9cbe9f02,6199,2024-12-30,True,True,True,True,True,0
dbfc6b2ec94065738beea42de1492944fb34716be024f0912589a912d65deaa3,2630,2024-12-30,True,True,True,True,True,0
2d5c750f04aaa02883cccb76137f6521b59d9fbdf201abe8aad9f59cee50b181,6168,2024-12-30,True,True,True,True,True,0
f25de69b513433e0dee78bc2a6625a137f45b9c90ea5d0704e7a2b4cfaf40633,1563,2024-12-30,True,True,True,True,True,0
bb3f808cdd0a72400c588cd127678877ffd0752918333d9ab17a1742e71d066c,2491,2024-12-31,True,True,True,True,True,0
55d6853e97acb24054da94d8318bc82125398c1a0548fbd0ff8fca32fce9ec28,8109,2024-12-31,True,True,True,True,True,0
2178209775ca7016b29dab6a75b645d85a40b144f30484148ac1b6e48a7b1816,3285,2024-12-31,True,True,True,True,True,0
821a721b273002e38f597716f7856d084a3b7f709b14ad94b23a329f815eb163,6742,2024-12-31,True,True,True,True,True,0
67f7888424434f727e034df4c383c2fc3914a25a199fd43ba028f9945c4de10b,2314,2024-12-31,True,True,True,True,True,0
0f3d718a625faef63741990f41ff79494627191fe7f18f2261fcebfb78f5c014,8046,2024-12-31,True,True,True,True,True,0
e812dc1199a279528c0346588bb4f35370793c733a952e8849d2260c8e91ef12,6789,2024-12-31,True,True,True,True,True,0
8c4ba343f1c74ca77d718df09973c8391bfc91f5b6119cc9ae4ef84814162a25,3535,2025-01-02,True,True,True,True,True,0
3c9aaaed4d73ef1ed8bb1185496735820861fe7fc37e9108bc242bce66e7faeb,2353,2025-01-02,True,True,True,True,True,0
8a2834f46976fee6df71f83c7f6094a523252a0cfddae023ea0c249aff0be7a3,6191,2025-01-02,True,True,True,True,True,0
c044a9102906813b9bc2ba5461aef625170c92553a164787bdf792d700e77697,3702,2025-01-02,True,True,True,True,True,0
b382215303c2751b738b0c9c398d6de26a42989770a1031d8ac6855a84b044ef,3527,2025-01-03,True,True,True,True,True,0
aa6bc840e02017b8be47b65a95a93c97b8f5ff5eab93c5913c5e442ad81f1496,6215,2025-01-03,True,True,True,True,True,0
87d0240f7909c037cc8df94ed3aa41cdf6a308643d6a49dd87c8ce60383615ad,6477,2025-01-03,True,True,True,True,True,0
c8df0683f003883870e881a9ee97588782561fefba7e264207d7fce17b71966c,5536,2025-01-03,True,True,True,True,True,0
c8595382300d1492a908bff1f332b556492fe835d527f56fef03f56f57478514,3163,2025-01-03,True,True,True,True,True,0
7e0e609bac73ec3bdd352d2ee69e8bca34180bc2629b557afba57cba01d4dac3,2330,2025-01-06,True,True,True,True,True,0
b26f4ae7a20356c32ac83e1281196713a43f0dbe9d0e8365307b011a9a2943e0,2376,2025-01-06,True,True,True,True,True,0
61cd3dc477d68d83c032526355f60231176bb4ca35d73ad1c2dfc0d96d42bd41,6284,2025-01-06,True,True,True,True,True,0
57ad970f1841465ac840d4aa196b8ad9263fbd43ce852924914faac18108f3a0,3189,2025-01-06,True,True,True,True,True,0
a532074169c2065cfd0760575d519af1629b1b9104056439e87502e2cc24ec4f,2327,2025-01-06,True,True,True,True,True,0
b0b6fdfd9cd89941bd4c9fdd250b016d1e05a49bb5b659a31d035ee1062ac567,3363,2025-01-06,True,True,True,True,True,0
6cc165febab4720b102a163b40fa2c598b171443de196d5889bcad673bfb0cd2,2377,2025-01-06,True,True,True,True,True,0
492da8e9cad20bdf2463bc4b63c82525979cef9927c0f23091b2445a53cc9f44,8046,2025-01-06,True,True,True,True,True,0
91e11d16508d75ded8b7d1a30ac38f6501744f9fa29f9ea01edcaec2b5afc760,2454,2025-01-07,True,True,True,True,True,0
4958a1196fb378047df2fb720b998a46787c012632b03e18c558bafe80ccf9cc,2395,2025-01-07,True,True,True,True,True,0
74739b3543625d71fc12d916f423dc2afeda4a03f0701febdefc190dd4ab7a88,3508,2025-01-07,True,True,True,True,True,0
2b7a4dddb92af4cb6bc6e1fabe0a9cd42a386951c1a2e81be2b95d3f37021d30,6199,2025-01-07,True,True,True,True,True,0
2e644a44c289a3220f235e434818669138dca91198417719e3eb1e71e4585504,3088,2025-01-07,True,True,True,True,True,0
3ee79581357c89e7e8234afc6dbdb131576a384b2ad353e38001602a2034bb82,6202,2025-01-07,True,True,True,True,True,0
835ae5937b7f37ad9e81106d56f957a383eeb4b7ace7ade7111154082bdff4e3,6223,2025-01-07,True,True,True,True,True,0
d9a19b2652ed6683b4efe5d8c79a513bbc7de62a0bc03eba94c469797bd4a5eb,3013,2025-01-07,True,True,True,True,True,0
e53b7810a19c13dded63c3845db0f68b070bd252a8a4ada526fe0a95081947c3,6672,2025-01-07,True,True,True,True,True,0
fc029023183e3da05ee58ba380a9e09886230e608b6ecb93814dbd5515b218ee,6683,2025-01-07,True,True,True,True,True,0
dce53909dda86064c1b342a01ff52b4128c0fee85b1f2ac195711ad3b328d455,3653,2025-01-07,True,True,True,True,True,0
71476c91d16424f16052b78820fa90d0e53e8d63c636e9bbe7bf562fcf82e78e,6290,2025-01-07,True,True,True,True,True,0
1d798096ee7ddfd1aec5bec0afbff0ba78de9a947ae7e37bc40ed434442eb89d,6525,2025-01-08,True,True,True,True,True,0
1a9f6d12b9c535f6b639a32721ad5078176047d444a01e3733208be20b0f84e9,3450,2025-01-08,True,True,True,True,True,0
2a63834019a6970ce0408a1874f7bf7b8c6549ccd8bdeb10e6481290deb9571d,6654,2025-01-09,True,True,True,True,True,0
264b692bd5fcbf9210e233b57e5833105b6b97f3708358fe598334f11ff8067c,6719,2025-01-09,True,True,True,True,True,0
3a1e9d25478485e96cc014045621b4d666d76100b350a8d15377cf2aefdd63f6,4919,2025-01-09,True,True,True,True,True,0
1216367d2feab68a42c9cf00031dff21035fd28096f296ea77d9fc43f5da5ef3,3005,2025-01-09,True,True,True,True,True,0
2ba82e34e5a72412d5aa5b498b1caa36e2dd3537a68ded00a23c4a4ff81be638,6803,2025-01-09,True,True,True,True,True,0
2ec1e26088e828e1caeb7c762e7b6c36fab5e181c9ef5a0163324ff6f737ba19,6742,2025-01-09,True,True,True,True,True,0
e81cb2261f0e189e09f02e34e91fb3697b67d515a11d5b00cf746715c15a02d5,8932,2025-01-10,True,True,True,True,True,0
e23f5c238384c19a4167b7e17784cfafd573e2be10b6b874c1534c2dc7291f15,6613,2025-01-10,True,True,True,True,True,0
b73b2e0e75f979c9237ac422adec69133f52a72806eb58478eb6b9f0a2d4aa3d,6016,2025-01-10,True,True,True,True,True,0
888856adfe57d175bf84832c31bf85cfcf08769aff66cb3369debde4eee0c96a,3163,2025-01-10,True,True,True,True,True,0
f859672f7e4451fc8356b0041cfadf0aa09888a4f86617230cfe2f64f1dc1d1c,3374,2025-01-10,True,True,True,True,True,0
a753bb7152591c2c2ec159697e305f359441a06f95366258129d08d36cf888ff,4764,2025-01-13,True,True,True,True,True,0
d97a26b3ec627384b4a0464c72362ae43f675865b2292f69023ff79018eb798e,3015,2025-01-13,True,True,True,True,True,0
939325844aebe1469929ac81cd1c210efbd70720a913e505f3e5ad418e6f5769,1476,2025-01-16,True,True,True,True,True,0
11e61b02e12aa12a31fa6a70967da9801c9d1457cc0f3295d407496c47a711e0,2645,2025-01-16,True,True,True,True,True,0
552cf11b51fcffc4517899ac9571eeab8bdcf8c2113ea1b4e94103abc74fa28d,2301,2025-01-16,True,True,True,True,True,0
ad70a6487bf6e2b37b1a8f3c8b121b577595c7b12141381f6dc15256a2093059,3374,2025-01-16,True,True,True,True,True,0
665c91d077f55a1c60bb55119ce921ecdcebaf8ab7c710100621b17943306346,5009,2025-01-17,True,True,True,True,True,0
b5a09947bc4533412dbc82a2025a8305fb8fd0a08fc1caf44003985baa64b72a,6830,2025-01-17,True,True,True,True,True,0
c0aeed7a8e8543a6468bd5223d35aef69e13924ab836480700ed2b4378e90a51,2472,2025-01-17,True,True,True,True,True,0
f883ba9af5b1e8badfacac8fe49a15a54c1bc818b8669b94760ddbd6bee44579,4722,2025-01-20,True,True,True,True,True,0
767b9fe6c35607ad1737ae52eaeaa9bcf616148609948815a1576d9ea42820af,3231,2025-01-20,True,True,True,True,True,0
064d3b75e9f075fb3ce840867808327800ef57e7e7059c655a466baf2c6186a8,2428,2025-01-20,True,True,True,True,True,0
f628a0ec2f355737483629c054293626b0835783a4c8ddd6155f136b75d1b415,6016,2025-01-20,True,True,True,True,True,0
36eda3a9bede32570feeae87061fd8ae92a4b60e54680643c76d4f1ad9c30ffa,2498,2025-01-20,True,True,True,True,True,0
38d1f9d070507e89672522685c5a969c01ef969a9354f9e4fe81a4a2176aa387,3605,2025-01-20,True,True,True,True,True,0
052c8818cdb9cadc5a5c9e87a141fa39e8abf5fe4cbfa9406bf7a9c210e6939b,2301,2025-01-20,True,True,True,True,True,0
69bf9c248bd438b1671e844ba4355ecaf3c04ac5b86acce7f3f2a2059dd5cd55,4979,2025-01-21,True,True,True,True,True,0
07730bfd9a9bd8062bf5da225ba76ba0d4855c5ad46807c0e443af42ed70fd8a,3034,2025-01-21,True,True,True,True,True,0
2fc53da83b4bb1951cbc1cd7b05cf036746a874131579d885a2bfb0e35a3ec9d,6781,2025-01-21,True,True,True,True,True,0
34d161c03390ce1b9c38640104491d6a55adee85d03e3a0d9a5c3ca653901b1a,3450,2025-01-21,True,True,True,True,True,0
e62a3d96d36d2419d3cb9a066aab7f72af7ca3c2b76b1d31916acbcb0fce27bb,6770,2025-01-21,True,True,True,True,True,0
cd77e3eeae1d7ce267aba967d57b6e744f3daa64eb92cd9d8190dde6a099e33a,2027,2025-01-21,True,True,True,True,True,0
1eab22ce55b2ec60d46e8d0f34666a78bd81e2ef49b79dff2891d922a0e9b049,3693,2025-01-22,True,True,True,True,True,0
6e43e015d943603c40066abe129e0d002126f2c068ce7e64047df95c3259fb4b,6799,2025-01-22,True,True,True,True,True,0
7b3b6200ec60296dbe1aef305abe294f815c6636139105c5781f9ecbf37f269f,3491,2025-01-22,True,True,True,True,True,0
70a5b77d0a8717c987ec2b70875686e2afe9d57217bba4242dd804e21778cedc,2535,2025-01-22,True,True,True,True,True,0
7914f411b755096fe5b3535752bc1267e402a7c934f5b712c72e8972afc9aa87,3257,2025-01-22,True,True,True,True,True,0
bccb8841152eab62cf6f271c49d3bb957db9e83aaa35ad47a851fe64a1a62585,3264,2025-01-22,True,True,True,True,True,0
ff445e58daa916554ace95940d3976c5dfeb2f9f15c0bc4a31fb06a3e7a6e537,6753,2025-01-22,True,True,True,True,True,0
d68874219d49c6ae57f08cd34cd8abba1dbeabf64195e8329462cd3c8fe6282b,6175,2025-01-22,True,True,True,True,True,0
2de9d2a2976d4e4bd7606968841e5d19c43c899a74792403daea8b728378a9be,3008,2025-02-03,True,True,True,True,True,0
46cad96c7aa85d887e1f36d69da88cd312c38d4e3624dbff65dd0c7da6eed0ca,6279,2025-02-03,True,True,True,True,True,0
3544f2e3b519cadf27c954a7c8b060a12031e2c0a8da9d61c8335d816dcd8b8b,1476,2025-02-03,True,True,True,True,True,0
ff3a7b63ed62ce857625e855855aea4e18bb406f578b1673afc1ad4d990d61f4,6016,2025-02-03,True,True,True,True,True,0
77d8ef495c17aac69e7ab39c8dd3901f0724a983fd5b5578bc51c6067b7ff0ae,6112,2025-02-03,True,True,True,True,True,0
87c6daaa59985326b51373a9c8cb37af47606ab6e3740ba765535b020944a7b7,6290,2025-02-03,True,True,True,True,True,0
77ad73153992368958b95df1c6e2585f65794a065540693afce213c8276dff4a,2466,2025-02-03,True,True,True,True,True,0
a5a759022dbfc9274e4219688c6998aa33e7148fa4a8c55aab42ee6b67416610,6870,2025-02-03,True,True,True,True,True,0
9f693a1add8ae9ab6a6112809d719e17ff63f302b5ba7bda9b2d08bca9804362,8069,2025-02-03,True,True,True,True,True,0
23f6d659bce11df85ac0b44669998751231e725f60b5950b604913d5e9e95d16,2027,2025-02-03,True,True,True,True,True,0
eea5eecf9f590acfdb82e6bbbe30a5136cf95987fd0e5d716af9efb3a5a50cd7,8092,2025-02-04,True,True,True,True,True,0
e3bf13edf60e35a2ec6a219f3958812ba81adb0088235172821b11fb65f33ba0,8932,2025-02-04,True,True,True,True,True,0
b006a449cf0d5c706db54c65f14ed88a9d85f5f0f373dec1d9a6b9e295fdf078,6585,2025-02-04,True,True,True,True,True,0
f5cc9790d660818b2bb67a74e6ca601b1dc2d072beb3495152b090cda48ba1bc,3034,2025-02-04,True,True,True,True,True,0
ea90b487e71f39787b61e83420b680916510804b69ccec3b1b273186ffdf7dae,5464,2025-02-04,True,True,True,True,True,0
2354b919f54d25082c9e51767c01a60dc93f4305a6022ca33bdc8542e242b525,2034,2025-02-04,True,True,True,True,True,0
1903d80f74779f8eeb7dba09f3233ec57484308a498fee9bab1375e7ece7e75c,2379,2025-02-04,True,True,True,True,True,0
84ca98977c105ec0d8d1c1975795ef7118bf73b8f5d79cb91ff0f8b8a3998a2e,5388,2025-02-04,True,True,True,True,True,0
6908f865b0a952b3a5f0d3e0203b5970620c578f74448e0b2feb2c11f007adac,6285,2025-02-04,True,True,True,True,True,0
582b6a5db2d38caea36fc9a69e73effdaf3f93cacb4e14f02723ebfefbcc5cd4,1504,2025-02-04,True,True,True,True,True,0
cab7b508e69737bb09447ea7899e4e21b70f403d53fad6270c1f248f5f26d20c,4564,2025-02-04,True,True,True,True,True,0
6a5334b2fb9df1acd1df1ce15e6fbabeaa6acd8a5f460e5069e08b63382692f8,3055,2025-02-05,True,True,True,True,True,0
0026d674b150a696511ca59f29fd043d0c1e643b01e46f03e5e06ad9dcd368c4,8076,2025-02-05,True,True,True,True,True,0
53c81f1449795665d829e1d1a7feb2b6f87eae4f21619b0dee5e84e433548734,6799,2025-02-05,True,True,True,True,True,0
da7d9c64a22b23e8422c7677c43c8c0007e667552458b2a03a37734e29781126,2316,2025-02-05,True,True,True,True,True,0
8d38facab1192dbda21c0a05e6c551529c3cc37d2ab1603e6ded346c819fba63,4946,2025-02-05,True,True,True,True,True,0
d261533d4afafbf1bdaab9ac557c91b0bcbc87c67773c76c14f597a7edfefe2d,4760,2025-02-05,True,True,True,True,True,0
43d75290ca4c8fcfdc63e59242cfd8322ee40e4e8ba2fcf21d38833dcad8a623,3088,2025-02-05,True,True,True,True,True,0
f2845255a062036ce161918e97698f2f59dedee6bb2902563decb32f0bedf56d,6166,2025-02-05,True,True,True,True,True,0
673840869bfa0c6b680cd83b64c9c947d33da8bbc9b66679d3cb9b10b5a956d1,8096,2025-02-05,True,True,True,True,True,0
5badbdcbfcf1fc6eee5bba4d83cd4ab47ec8bc7875af90aff0df4a1652a5395c,4973,2025-02-05,True,True,True,True,True,0
0daf8341fc03a52a49c5b45c6a6e841c0dcf85dbd5c1c9ff9dcb125201945b8a,6548,2025-02-05,True,True,True,True,True,0
82659cf3fb92bfce08bb3ecf3961192d20f3d3d8ba334b77b14774e038fc25d5,3026,2025-02-05,True,True,True,True,True,0
667b389c5fa59ea52d93a3d290da6fa7e516632e1e062bc1590036b84da40ad3,3479,2025-02-05,True,True,True,True,True,0
6a529bf5d8a1807a6a230e2e19c41f8042fa3e340ba741b3279ff98357b5810b,3661,2025-02-05,True,True,True,True,True,0
efa58e0cc4c58bd8293b00b8275820bf766a52ebad8a8b380671831aba49d761,3704,2025-02-06,True,True,True,True,True,0
498dbc9fe1c68390ccd404b77d3cc135024c9d7e919f9318ba1697b1bd8320a9,1809,2025-02-06,True,True,True,True,True,0
a058085d1475175d7928b1491df39f206c96da5242cc07d1b797986bc3804fc5,6156,2025-02-06,True,True,True,True,True,0
074a4c55a736e6efb9978eafed9c1bf4c969b67dc7736d648602ab20304f9203,1590,2025-02-06,True,True,True,True,True,0
1cd9bb08f543a27ee7f70f50806f8504555d31b7f38b6be290582d37ed27c503,6215,2025-02-06,True,True,True,True,True,0
1eb53d03e81dd55ce58d521fed8c0093f14fb173fbd20b2c85bf358aee9fbef1,1815,2025-02-06,True,True,True,True,True,0
eb15c234a8c4ee32cabba3d68b2ad9172213fa2f64c8c60a48d1b2ae5cfdf0fb,1342,2025-02-06,True,True,True,True,True,0
d4863316436b94f37e8bce6928ea994ab43236627e020d85540a2da57aff06d3,3709,2025-02-06,True,True,True,True,True,0
eec64b22114f57735018874a616f94b8bff27caa42712f26ae0415c8f7587b7f,6416,2025-02-06,True,True,True,True,True,0
104e78df91e0ece5e3f01a1c8374d8d651b64e0d85dddc0c608a05c40f94a185,6672,2025-02-06,True,True,True,True,True,0
1dbefe8cea3a8bf36fa7193d669c9d4dd14d8a03233616c338629c66c9580dbb,4572,2025-02-06,True,True,True,True,True,0
bcaba5fd84cfc141f654cd0400497a544a54a818db7b2320382dc5aba2d30829,6414,2025-02-06,True,True,True,True,True,0
c5a2f6b651402f389598254759e0efda968fd5d8fc9b5313d7e7d3820b2c3623,4916,2025-02-06,True,True,True,True,True,0
f7875a1a36c0f5fd10b7527b73f6c4a3590f77c5ace010d0dd1570f72b2a3353,6257,2025-02-06,True,True,True,True,True,0
0a853dda007707f30219706ccde26f52cdecbe277287aceeddc1794a1b0251d0,6269,2025-02-06,True,True,True,True,True,0
0a08ac181f4813bcd210b82dfbdf13b9f253979f83a20ff044118812ecada4f6,5534,2025-02-06,True,True,True,True,True,0
69697514cf82231474b153b30a98cdd0c766d25bf570a0ca291dd9b76d7b549c,1569,2025-02-06,True,True,True,True,True,0
13bd4d004768a2656e7787a17e3cd90271149964079843e6f3c72cf034eee265,4722,2025-02-07,True,True,True,True,True,0
283ba14c983be36a20e9dc0f8c30769cfa5ffd0ba3c33ba44bddac331364bdb3,3227,2025-02-07,True,True,True,True,True,0
bfed43d61b265013a6a26c8cb1c3c881341c8a6b87c352a78e6a29d3da41978a,3090,2025-02-07,True,True,True,True,True,0
61cfed1563f7b5eea7b22357ae14f09a741ced1bad31fcec908b2fb0d4e1e841,5269,2025-02-07,True,True,True,True,True,0
05f3309f8053a65510c375fa7b113a59d382cc1fc48c151ba9de451053392f05,6654,2025-02-07,True,True,True,True,True,0
09bf7f6b9ea84ebb7d2a56a95f677bdccac9d2f8b58b0735103ff5153a8094ae,8076,2025-02-07,True,True,True,True,True,0
39dbb8e402e8bcc9350dce54adb14e9b747139d4ff39738fabfe7a16c6339893,3234,2025-02-07,True,True,True,True,True,0
f292fd35793a8fdc936baf5629125b787fe1e8c961b1ff6b4729bfbc48975fba,2324,2025-02-07,True,True,True,True,True,0
e5282e3258b2b579a0703278efdb4edf80ae54990563fa484f8c4bd9fa97d317,5475,2025-02-07,True,True,True,True,True,0
1a28dec02c006764eb64815f2fb8cc64129008155c934d306998a6b40c7da432,3029,2025-02-07,True,True,True,True,True,0
a47d2d976657aa5320fc4875d5837767844169c52532fd9204b90332b66c5571,2460,2025-02-07,True,True,True,True,True,0
95725218856e2afa7e3a3f1a87c8bdfe4e3a1e2e62d408931e594c49fe52a047,3022,2025-02-07,True,True,True,True,True,0
6cc7b8f8167ebcaa3bfb43a675ebf74f62a8d4c341cd041d5350bae20603f5c9,8048,2025-02-07,True,True,True,True,True,0
b686b11f582c11470ee077dd21fdc5c9afe6cf7c3382d2a3d7cab696c298dbcc,3322,2025-02-07,True,True,True,True,True,0
ffca71409e0db125f0a042e5cc87c29988bdc2cdb4a4712925fbf15e13b9e366,4416,2025-02-07,True,True,True,True,True,0
c62ab06627556c6dce04b42e7cb9527580851e3aaf18a8129841902fd750e6e6,8103,2025-02-07,True,True,True,True,True,0
ffeee369bce2390d9f8e236aa735b907b49be892ccc75ffb0f98c91af68f9303,3213,2025-02-07,True,True,True,True,True,0
93cdcf7f871c38cbe5712a6cc9e4f969f162a32f8b84b3e7a30abdfa6eff6443,6906,2025-02-07,True,True,True,True,True,0
553a29568d8c6bf5205e491bdb86206a61315d2cbba2ebbb5ef0bb08254d69a2,5468,2025-02-07,True,True,True,True,True,0
d80d2181aa5d2b267381e7b0912a1fdf87acb4b5d0a1a98e07e37c8b40de0cc2,3443,2025-02-07,True,True,True,True,True,0
263936bd3bad9763a95e5a65f59ddd641e08f188e85d44cf48f5ce5ec28d3ec2,3706,2025-02-07,True,True,True,True,True,0
d2d030d6a8c08baa151ce1511e1d5695c063b4fcf89ad6203dc7109669edeff0,3015,2025-02-07,True,True,True,True,True,0
de6bf9fbe9d729b817277ac064726eee2aad46f538d8765a6e1f682388a6b18a,2221,2025-02-10,True,True,True,True,True,0
49304247df6011066ada51eaa874e56f6cf353549624252458fd921cef3eea06,2031,2025-02-10,True,True,True,True,True,0
3c4d53f9ecf7429473d25fc518cadaea65b0cc49f1ad9419109c029f7407e3df,3558,2025-02-10,True,True,True,True,True,0
7bec448f93bde2ec3d8d0022d67d3608000f6429422d673e9b96460747d81688,4991,2025-02-10,True,True,True,True,True,0
d0edb2ab791a032462fdce4c57dae2a9d8fada3b789fbff25ac65f7b8b1b80fb,5289,2025-02-10,True,True,True,True,True,0
8652da330b7836b89ace0c859e6b0e9853e55a9c808800c149179b99ed6a9997,2007,2025-02-10,True,True,True,True,True,0
acbcd6bea0a7dd43cd6864e0b947779386d42ca98fbcb6332b64c34587d4313a,4967,2025-02-10,True,True,True,True,True,0
b05feca10919d795b82eb65d77cf719d7bf83d7953761184f6fce296cfc514c4,8109,2025-02-10,True,True,True,True,True,0
56f75fc1f32e5c20540ffedd24af298d123b6aa645681d124a0f9a165c39800a,6435,2025-02-10,True,True,True,True,True,0
5cecd9d1144b6c3f77277396df0b59447ba4e1609635ba665c8687ad3bdb1d74,3577,2025-02-10,True,True,True,True,True,0
fe290d198f787cacd506d72055095cda1d99fcd8e77c1656533d4a8274b40ad1,4903,2025-02-10,True,True,True,True,True,0
b3bac3c882008fefb8761badd37451d37333fa0f49a3f9485334e44aa91c7c16,6257,2025-02-10,True,True,True,True,True,0
dcbaa70fccf7d39df913ae6185bf2cfe1c97f497e51005e1e67358f1f1caf97b,2009,2025-02-10,True,True,True,True,True,0
0ae4f83ce34b35a4dba62aaff2104c6b07e0c6e9e95e9b7518b3e2474dc01725,4564,2025-02-10,True,True,True,True,True,0
5f19744da747add03d54d1b9ddcede929968b1ff9fdab484912b705a552160b3,3528,2025-02-11,True,True,True,True,True,0
ec1fa31a8af3eec126ddafc4f2a5d9bad58c1265e7591f7b324dc5b65fcfc0a2,6538,2025-02-11,True,True,True,True,True,0
435db68db236b1df788090f9449cf2f432d8a43733239fdc7faade67030934cf,3693,2025-02-11,True,True,True,True,True,0
c3f990a3121a906ec2493074d1ac6b1f3415f29eea149ec393f9dc5ba0edb8fd,2641,2025-02-11,True,True,True,True,True,0
33a6beb6cb875485296aefb406c4466a9013cbd66cf64ee44353020806adabf1,3704,2025-02-11,True,True,True,True,True,0
46d9e7dcd7720356d95808fd634898d7adb0ee2fc41b81a2cca2d22378a140de,2059,2025-02-11,True,True,True,True,True,0
aa845d3610ac5d14b960684577671c52da71e36114fed105507c766ad87f7e3a,3526,2025-02-11,True,True,True,True,True,0
e6d5117185fc00759b7239a17e402f11b6d6b8f4dcf2184fb8b32c315ce81090,6142,2025-02-11,True,True,True,True,True,0
ff035be9dd5ef379ff1fd9c52b5f5175e4c1219683949a908aac7e417106051f,8261,2025-02-11,True,True,True,True,True,0
35144a8e2d0b732754886b6d5c3413b2bd78520b5831544c97832c0dd06b2354,6803,2025-02-11,True,True,True,True,True,0
6fa83e274c7ab1e8b2b1458da71a54162a3d0a103a298bb2dc779745453e8efc,2351,2025-02-11,True,True,True,True,True,0
1384bdf3dbdf67b768bfd66288e473497b571e3c8a77c46c141066e356ee936c,1563,2025-02-11,True,True,True,True,True,0
053766357b22363920e2566af8c87127076f7b081ed86ea97af40e96fea18581,6290,2025-02-11,True,True,True,True,True,0
d7d51db38cb687ac85ef38777ed3a72f28f5bd38f5edefc6ee8ea34b5cee3aa9,8088,2025-02-11,True,True,True,True,True,0
d00165a49ee0b7d28c9a642e69c6d4fd3a05e8eb7eaeda02fddf8c1437c8e919,3504,2025-02-11,True,True,True,True,True,0
889ff22297ffee2ce2edbffde889e3f04beade600a85eac69c08ab7204fbc541,2049,2025-02-11,True,True,True,True,True,0
f40b81bf85a9cde65e3118a0599ef1e03988f3beb0b79e93551743b0a3af463a,4533,2025-02-11,True,True,True,True,True,0
1aa0c37b912bf3364e4930be06a31ad137cceac168a0862ebf4c167cc64369d6,3605,2025-02-11,True,True,True,True,True,0
3a9815f2972986b177fac09025c964e2eedf19eb4fef3c8c6a5dfb5802627243,6108,2025-02-11,True,True,True,True,True,0
6d60fb148bd02682412cdcae8428410dcf2724103af378b90af507a5e599a15c,3665,2025-02-11,True,True,True,True,True,0
439a6a6a1304fe9990a0a38c5f6fd2b429544c5221f5995b36e99f743bbaaeec,3004,2025-02-12,True,True,True,True,True,0
7a3fab5c120f7ccb4c895c2ef492c70a489391cef67292fd6ea8bd22f98d7d26,2646,2025-02-12,True,True,True,True,True,0
5937143372db6b56c0306eda9d7371a0e5d77f8bccd37488b59628363d9d3c85,2025,2025-02-12,True,True,True,True,True,0
7c38d47aa66db11a82a531383d6a13a5471f91d591ab9910992801b975b7efba,6585,2025-02-12,True,True,True,True,True,0
d330881bc8399ebec2e901cbc5c49e853ac551ce970b0db6eb9e73a82a123899,2606,2025-02-12,True,True,True,True,True,0
0e82e0b3cf4a789adf78f2227ec6028c10f39c48ebf4f3716ee28f4861a6e04b,3558,2025-02-12,True,True,True,True,True,0
fb4bccda52d156c5b4bcbda2830312c1708fa28841ad923c94a776709eb454dd,4976,2025-02-12,True,True,True,True,True,0
26c3deacd9e89f5fe1a725cdfd730dc2b1c20779d549e8ee25e235b544d33a4d,4973,2025-02-12,True,True,True,True,True,0
3283ad6745c422327cd10e0e41f86696ef9593db289d4279db66d9b19a2efb28,6806,2025-02-12,True,True,True,True,True,0
73cc7f014d0048cc6f14974f06d34b40ede9aaea4723e19afbfbf4b007dcd58c,2601,2025-02-13,True,True,True,True,True,0
6063cdad873828b7d5452d0cd67fc82c8d585aa4899fcf061cc8e9340f6ec63a,6538,2025-02-13,True,True,True,True,True,0
858d70ad48a92f21066532081a6874969193a9cf161c53fad0d41d209544fedb,8299,2025-02-13,True,True,True,True,True,0
94df6a5274b8375dfbd8bf9591ac127fa71ad95e49c9afc1208559f86f7f8d9c,1568,2025-02-13,True,True,True,True,True,0
cf52c9e18b71ee42bed769a6d964bad04735eb25367d2ea12e963f2efa954411,5011,2025-02-13,True,True,True,True,True,0
e63a7909afc09016e0b22189e9b18fbf5846e66cc019ae4528be842dce2c2362,8271,2025-02-13,True,True,True,True,True,0
ead5d570ac8e31759409a7a89d145e9c4e66c1a5eb981f56a03713d60c93f032,2641,2025-02-13,True,True,True,True,True,0
582fe6bd03cfa0f216314434b97ab907b8f21fe93f1e2209f43d624b39488c76,2221,2025-02-13,True,True,True,True,True,0
468c23c4a3101115fabff07e9a461e3acb982dae8308d2384581ff02961312c1,2617,2025-02-13,True,True,True,True,True,0
aabb2146fd813524e4e5d06763ac92c16fb242bacf93831585a1a840b4726452,3006,2025-02-13,True,True,True,True,True,0
9c752a860ec6888e53ed0158079e027e575bf2c5bc5b53c683819aa02dea198b,2324,2025-02-13,True,True,True,True,True,0
9111ed5e67f722afcbed9aa847998f82fb6ba956534111c4df07d4319ac8a120,8210,2025-02-13,True,True,True,True,True,0
107a171e0b3b6973c028049e567333959c94138b3c2bf5ca2ba1568a1eda9673,1709,2025-02-13,True,True,True,True,True,0
be0380e5514b57b51f6e69e616baab93f51671a6d80297a238659c940c2674a7,4923,2025-02-13,True,True,True,True,True,0
3dff6ef2ffb6cf6a21ce6b5afd0203cc22fdb262d5898dc380b78edb723e2102,1586,2025-02-13,True,True,True,True,True,0
551a960c7c091b4c1f4c82933b1c58b468325c56872d0b846aac03a291508336,2344,2025-02-13,True,True,True,True,True,0
a94c0e61f3e1a84c19b0cd32bb71cd21e4eeb7415d0390c6bb118822c5560a68,1714,2025-02-13,True,True,True,True,True,0
1870461910f7cc0c6117e2a52bddfe79f1ff965cb4afcb4304ae9663535e2c28,5608,2025-02-13,True,True,True,True,True,0
eea79833eefdb801f539eb1482ce506a426fd96faa8b39a9b75e7d5058eef716,2327,2025-02-13,True,True,True,True,True,0
e81e427d79b5b478e7786b7917cb3ad81371fffdeba539dcf2612a2b50bc3b64,2337,2025-02-13,True,True,True,True,True,0
0e95c96256beefd6d4443f4cdfe25b7133ebce99a898ba94a3fefa18d1eb6025,1476,2025-02-13,True,True,True,True,True,0
3f620142ca6b9343bcc7e9930fe8289e363f525e862e457cdd75967d95ca55f3,1304,2025-02-13,True,True,True,True,True,0
63f8e9f8dda0a0148d3426db3088b69e09de8ebcf445dd009e02288bc8b4b950,6177,2025-02-13,True,True,True,True,True,0
b2ccbb318e33e660aadd9ce2d505695f4ecc88ee5047c850857a5746daae93f2,4513,2025-02-13,True,True,True,True,True,0
8139863e53bc82b207b2fa679d5a8af8786cc05b280bbaaeff1078af033d91ea,2007,2025-02-13,True,True,True,True,True,0
945ac8c032250429bcd84d4144943e7ec1f890ef911c674c33c0202a8d28a4ce,2002,2025-02-13,True,True,True,True,True,0
d7240160f2551318634974568cb2f7bbc8c69d7f6e2998f7f45f9813efca4e2c,8110,2025-02-13,True,True,True,True,True,0
2dc54ea0b7441ce237a41d106a92008063dd4413871657470a72cf31aab980ba,2605,2025-02-13,True,True,True,True,True,0
c398ef4120b1c10837632339601c68c6fe6430cf90f60f9102d1b4c8262c0215,1314,2025-02-13,True,True,True,True,True,0
8474a5ab22379aebfd7895d0f4a2b3b5e95c8034a2f74e7550083809a44f7743,1101,2025-02-13,True,True,True,True,True,0
ef78663a784cdb6d226f91b26b21db606dc4614ffa86690c84bb3a7c6d008431,2611,2025-02-13,True,True,True,True,True,0
55ea7adfcde5a60e78376eddf4fd4d69abba773de521085d83a5f52050543470,1725,2025-02-13,True,True,True,True,True,0
6182d074a58621dcdbab67e2956a7cc1ee87480edc95d5c81eb04d516e8d3f5a,6643,2025-02-13,True,True,True,True,True,0
9391347109c3c9ee90023b368146d9ec83a510c6bb6c418c60e983e2eeb4e3f3,2301,2025-02-13,True,True,True,True,True,0
b766d94b3d9ee78da37887fa72eb94c6fa5601b1c49961aafb7f48d4b63dd1ae,4707,2025-02-13,True,True,True,True,True,0
b4a01ddd9082c2eefa2aaddaa569403c3814fb83149f8b997ebd1cac292c2e40,6282,2025-02-13,True,True,True,True,True,0
6500af072436cabbaa973ab9456800b6619c12a61cc6eeb67023af951d363595,6175,2025-02-13,True,True,True,True,True,0
4c6e3b2d3d56be9e2e54cd69f80e21be1b5919e62dbcf99d8fdf775c180d1f0a,2408,2025-02-14,True,True,True,True,True,0
39db239ec0df9e340e5207d1fdcb96fdedec57f89dc41b231c3ec5e764134730,1584,2025-02-14,True,True,True,True,True,0
b01b8304852765ee1d7cef8001f327150ce632f46200c814a1e2b1f91163c0b9,6443,2025-02-14,True,True,True,True,True,0
3c08cba5b88d8a942faa716a872c3d556f2b2780f928e5748e735ca3e1fd492c,8182,2025-02-14,True,True,True,True,True,0
f06d3a36079c17945e75dc67face73656db8f45f3f7054233e5e1eba991f4f1f,6419,2025-02-14,True,True,True,True,True,0
73abbb963dab2a2c63ab126fb458db46705ddcbceed9e10364531c70a8ee6225,7402,2025-02-14,True,True,True,True,True,0
47cc45db8086ff499e17a41aef4cb34b1d854b097d139833fc0f6987c95f4e28,2031,2025-02-14,True,True,True,True,True,0
1af632f2aabc250e9a86c4c4a250d0251bf587081e65449099dde9f1202b1cf2,2474,2025-02-14,True,True,True,True,True,0
d31ccf078ea2c408a8b60eabc284a056f09b8a6e62533fd7a73cd345ff20014d,2369,2025-02-14,True,True,True,True,True,0
a01e3e0d6c10876db68deb63f4a832e64cdd9c816cab7ab5ac193ff53e2510cd,2484,2025-02-14,True,True,True,True,True,0
f3e6cd82cf7578409f674e5a3682fe9175ec1cfa5080678ba6898f32515a9ec3,1536,2025-02-14,True,True,True,True,True,0
44ed736662464c4ae3871474ba26aa6d4b08531feef90a655b0ba7bf80a18a51,3576,2025-02-14,True,True,True,True,True,0
1a98fe0d67429694a17225080845129f39908913e951778a3cc00a7ccb787fce,2034,2025-02-14,True,True,True,True,True,0
16265c89419892c099a75c0938407018f2470582fe3d4c927bb1ab8e174d6785,5607,2025-02-14,True,True,True,True,True,0
61a847fb1506f01911cfb11768e26636dd747abd44d3a95069641d14bb483e1d,6861,2025-02-14,True,True,True,True,True,0
7868019d4608000e69a64391995b3a2e761473a1751c2ad0483d5cb06f9173b5,2546,2025-02-14,True,True,True,True,True,0
28067e8f687dfa8771a6cf163d6cd4e5c9215b9cd25b7680743c94acccd507b4,4572,2025-02-14,True,True,True,True,True,0
4848381c820be3eae6b76b59bcf8e464726c2310e6195478905f54fb1b9169b4,6415,2025-02-14,True,True,True,True,True,0
a8d8cc3a064add8bbc5b91bf35e43977dae56423ded4cf14c8ecf718f11a0279,2401,2025-02-14,True,True,True,True,True,0
50f1af9519caa413acfcebb4da20f9512a493e0225d67709854a95709e95da27,2501,2025-02-14,True,True,True,True,True,0
bd56ceb9288ef9fad4f59b34dd69c27ede4641c3bbf5fb7a70562d21f2f1986c,6515,2025-02-14,True,True,True,True,True,0
ef69f3cff32ea63cc29f03ec02edcb4fe00aae3e6c70f37085b45674d94b4583,6753,2025-02-14,True,True,True,True,True,0
ddd5853dcf9dd0dfdd68a1c71c2581a1728d3f04b1b882eaebf1c47119885cc1,1301,2025-02-14,True,True,True,True,True,0
a6c224d79634d98272487a266e2df78cbcb85bc5f42bd119ad2c274e02fbc4d7,2601,2025-02-17,True,True,True,True,True,0
e0e45cf2daa814f0e8584668ce763f54f068a95b18220e94b15051c2e1d7ed23,8299,2025-02-17,True,True,True,True,True,0
bd7c3fc53cb42d89f43ea007223325d6eb30658f15ecd509d81913bac0441b8d,1568,2025-02-17,True,True,True,True,True,0
4e589c48ed8f6c016fc290333b0db1b3a90cee020f92d6108cfd0c047cf74c79,3689,2025-02-17,True,True,True,True,True,0
e4aac9d2c38813775d56d65806bc290becc341279fc614b9d0a645b0448a533d,2481,2025-02-17,True,True,True,True,True,0
29313ee7d132e9cdb62d1124ed78435cf99548e97d900590e552ad936da82624,1723,2025-02-17,True,True,True,True,True,0
1a9e5234734782879d43d0921ca6b13124cefdee44a0aeff25e7141bd082a518,3564,2025-02-17,True,True,True,True,True,0
c589c828e0036d3d934d88139d56fb6b11df73be69d12c9ac879a5055b54805f,2425,2025-02-17,True,True,True,True,True,0
2115964ce5ca1f6074d280b61d66e47969873f5d3733dfd611a7b8b69419da22,8091,2025-02-17,True,True,True,True,True,0
e1bb8af32d8a640f83b20d24bc10e2ba510c5eb2fed6ec19c383ec3cd976694b,6188,2025-02-17,True,True,True,True,True,0
03cd942dbbc9394262df3184788595268d835769f7b7d7e68b76e60de622a150,6756,2025-02-17,True,True,True,True,True,0
dbc0cd0beeb3218ba8559b222e0692f563fc73f17b916d5daac6259b268e60dd,1909,2025-02-17,True,True,True,True,True,0
ec08e80dcddc0255fb9652334da0a2ae16fe7120fd884ac87f2072b35ce936f6,6505,2025-02-17,True,True,True,True,True,0
241152c3b22206203ba5c1018ffd8eb39fff95d4a9338a32e15d17083feb5b0d,2615,2025-02-17,True,True,True,True,True,0
7c46be28d4a7b606ae8d9f9a7b91309e9c4f623bed4ba1ad49e885f8b55260ea,8112,2025-02-17,True,True,True,True,True,0
dc3b9d57df94fc261b792c9c0c930451ba7ae0e03714bf1cf1671dd08031978b,6016,2025-02-17,True,True,True,True,True,0
763db17d4b111768b8493f343732cf23e84486016b697beb4b37ff32c0bcaaba,6239,2025-02-17,True,True,True,True,True,0
be0f8a3a6631e7fc162019713d0814946c379ab76d79665afbbe8a6f23fe9c59,4561,2025-02-17,True,True,True,True,True,0
493109aa910255cad933d3a8d4560ac7a98bc6beff8e7eb8e8a705fc3262f867,6116,2025-02-17,True,True,True,True,True,0
771f0d85cc3f55c129e1b9db53653f1d3dd71cce3a7fba1cee4e4e051ec9931d,6150,2025-02-17,True,True,True,True,True,0
568cdc8b0dc6a38b9cedda88ea39b73614974d4f49e052368e0ba12c1b19f416,2441,2025-02-17,True,True,True,True,True,0
cd1ee86de8a378c5daa6d6ff6223fb5217a521fae37ef8ee84bd36501f0ef46d,8024,2025-02-17,True,True,True,True,True,0
d5bca79b917e2bb15ebed6bdc9d6b86e8e9e3f57625f385a4387f6a13f21ade5,3443,2025-02-17,True,True,True,True,True,0
01155e9f62f05c5a8ca6090640c8c75f9f26f3b33021d96dde249a53ece1e29d,3543,2025-02-17,True,True,True,True,True,0
a6cdfead35b9338d1d300e9d8e70e01044a9cbf170bf3cc69d65476ed5ed3750,8028,2025-02-18,True,True,True,True,True,0
e0e0479d6c637488ec4b00b2b4caaf3bc89f2ca92a1df0e733533f664e177966,4958,2025-02-18,True,True,True,True,True,0
d19f24ab72371bfc139e29aa7bddaac814c469fd7389c1abd535b8c4b87f0d91,5299,2025-02-18,True,True,True,True,True,0
4ce438dd6c5d20a951c883429b6a71c9c6cd3b14d77bb515639db6a9221206d0,5371,2025-02-18,True,True,True,True,True,0
75b684f6040b7d9acd809ff263bd8bb470533297a3d527fd80be6478b6a40aff,5434,2025-02-18,True,True,True,True,True,0
2b3920eabfcac6b060ff14c55a5001a0e3b10049f216e3e471d90f79af0bc399,2484,2025-02-18,True,True,True,True,True,0
e71479fc6b768dbc019a7a02a29e8f4d5c61d33b5e648ffc48d12c44bb08630e,2428,2025-02-18,True,True,True,True,True,0
51f432772c55e62f561c3409316105f52ec117b5d5248de863a75526dac33b65,6196,2025-02-18,True,True,True,True,True,0
882b364799be1a7d4cbd8acf1c087bdd1f0b67bb099ddac0f6226cbe351eded5,2337,2025-02-18,True,True,True,True,True,0
8a8f49dc5b51af3c373a1a8cb22cfb83517a738c39bf1b8ded2b658a45ddb6b7,6177,2025-02-18,True,True,True,True,True,0
740acfc41d780a6e244245d0082a9a25ad6f2cecb30408f7eb9c07872df18a97,2368,2025-02-18,True,True,True,True,True,0
97f0c5513231701034627a17087202d47269233a8906e1a8c5b3266573d32407,3213,2025-02-18,True,True,True,True,True,0
915e1ad61914f9a3983b362d9d720375b6916b4646fc6b285daa8db917f9e198,3707,2025-02-18,True,True,True,True,True,0
21a8861b7db2ea96e2270323da2790862a17665550d5120a7c1f5783dfa9213d,4916,2025-02-18,True,True,True,True,True,0
281e8e6d3bfe3fa131740549feef617cd4c44607dc19919461129f1324d2e094,3163,2025-02-18,True,True,True,True,True,0
9859b112aa57c8e1526924341e6b3b04194b6113a94621d72b890fe2ce6a7e53,3498,2025-02-18,True,True,True,True,True,0
0b2d3bf9eab9a683061da03f3eccfb64681012d3d619434fc3ef7eecefd7cd85,1569,2025-02-18,True,True,True,True,True,0
02e2181e6d423c5e7bbe65371b2d6b0c0a0a9e6a98b1d5cc8fa0dbea03ebe44e,6789,2025-02-18,True,True,True,True,True,0
8a6c610ae1210822f6fdfd447ca28016719765f8e093c753d98f99798d8ce23f,3105,2025-02-19,True,True,True,True,True,0
dc49eab505780127c8563fd64cb7fa5cb6ef4851ef3173650d2430a80678939b,6147,2025-02-19,True,True,True,True,True,0
ea670bb1b38ac336feab95c98075ba9296f8670ded27e4b5d59255f7eadda594,6291,2025-02-19,True,True,True,True,True,0
21c95af2f9509233f1a18350cb573015916026b2ee13872cacb3ddce4c1fba02,6443,2025-02-19,True,True,True,True,True,0
ec7bd2f69fca260acdc384d9e04a36c5a963901a1eeada9a90cb33f34371747f,2108,2025-02-19,True,True,True,True,True,0
0482eff47e8c72adeb7e30f8faa1c91e3ad9751fe6ae091c6e0dc78f5ab9c56d,8076,2025-02-19,True,True,True,True,True,0
3ad3343419de774551efcdb85fa77bf913bb2e7df2a16a579b756995c180ebc1,2481,2025-02-19,True,True,True,True,True,0
79b7b843f556cde2a748571a5320dffb1af0d3b63cb923e88346f62664d290cd,3005,2025-02-19,True,True,True,True,True,0
74fa9317e77989c3b789e34f265a84cd77ff246045d69d674685b6dfaee138a1,3360,2025-02-19,True,True,True,True,True,0
3815f85f9aaf43f994f77ff2ef39a5f6ceaa72735ff16b5cf39ae4e225dc4f34,3597,2025-02-19,True,True,True,True,True,0
eed6251e39dcf38c7505a989bd098dd297ec0ebcb435d98c7e3f0d4a495b0450,3189,2025-02-19,True,True,True,True,True,0
b0d894bd8df68916802e5cd727b9cd6d4b1ed23b08de772026c4190a166fc282,2535,2025-02-19,True,True,True,True,True,0
ebf3f680a69b928c4bd4d442760cbc343a886ff031a4d5864942b422b9cc8d69,2369,2025-02-19,True,True,True,True,True,0
1945a8599c0c2febd0ab984448ba19f64e65f0aaf4d747a9738fdc922ce6a2e3,3576,2025-02-19,True,True,True,True,True,0
84c5b05d11a7eae5d173ca53603e6cb7f1b3d4e2cd3cdaedaf704e89a042436a,3167,2025-02-19,True,True,True,True,True,0
abe33a509d490b135af8834a125c2fa25c3c65b96d04d3d7f86cdd527e51f31d,2409,2025-02-19,True,True,True,True,True,0
7b83868ce6e0ca0c49dc74aabd86a062dfe93f415028b5434a1eb26c92657865,8110,2025-02-19,True,True,True,True,True,0
8162bbc3f41a33ee28fbfe5e0996ea97dfbb33537bbef63c3b5a1a0474e8e643,2546,2025-02-19,True,True,True,True,True,0
1c0a89514912276e4f086bf1a00a1d049d993d842b68f465deea35df4625dd3f,8112,2025-02-19,True,True,True,True,True,0
6a99f07b34aac90fa18cd6175f0c1c8285181733418a13b9289f7a831b9578a7,3481,2025-02-19,True,True,True,True,True,0
b4d0b09d73df15498dd4aa16941e16bfeb054e37021c347e35fb5d054df01d80,6239,2025-02-19,True,True,True,True,True,0
ead06a25dd226764fdee7b96b3d62902ea3bebf86557c7bd42e9c43de8c921c3,4968,2025-02-19,True,True,True,True,True,0
748a5368653e975b10f1f56360f7f29f7ea2bc43bf4c7008202173590caea830,3622,2025-02-19,True,True,True,True,True,0
de736d986c600ec66828a5f1bfaa735f36be6eabb4d7b2fe8255386074f3f62f,2101,2025-02-19,True,True,True,True,True,0
88ddfca3d5d77bb86d43b1e347204b853952faaa3207b716bd0a43c53f8617ae,6414,2025-02-19,True,True,True,True,True,0
06a8e8bcaec985dea9a3fc678a7954123c80afcf1bcb6b63d9cbccf058227565,6174,2025-02-19,True,True,True,True,True,0
b4b765254187179294e806ef6395747e688a71d5296485afff86f1d9a468d788,1612,2025-02-19,True,True,True,True,True,0
abb72e90a7fc3889ca2e580fbd96d45068dcef3c1f2bb40212e85d0515f856f6,5425,2025-02-19,True,True,True,True,True,0
61b1ac8bf0f6451434c22708aa0d5aec3727f7ab542f1a23e6ac946df96458d3,6257,2025-02-19,True,True,True,True,True,0
b71d212383f4b847b6ab2bfd0ed5766e41f6d38ac77adfcf6a005248926a14d8,6753,2025-02-19,True,True,True,True,True,0
b722aab3b944ab93d84d17d570822f50cc44908ab162b1434eb71a2921f89e5d,5321,2025-02-19,True,True,True,True,True,0
d4c4049a5e75c3addd5436cab4db975df64707050be98cdf98a2964cb51ab509,3615,2025-02-19,True,True,True,True,True,0
6f27c4f211e45dcf1abac526d5b686f126e9c790527b5fb18dff285530c78a77,8027,2025-02-19,True,True,True,True,True,0
9c34a77fa25bd1bbeb4f24fc01f119669a38acac8d11bd3a84d5f76bb7e95637,5426,2025-02-19,True,True,True,True,True,0
9a940e6f9110c8f4783c9aa2ab248a1e6a4d918e19d75b1b7dcd933015b6cb0d,8046,2025-02-19,True,True,True,True,True,0
1e711208a4be864343f87baff4645e7d6ef54d884b36d2e9d9181fd21361b86b,3023,2025-02-20,True,True,True,True,True,0
332e14df6d8677182e36006b2e830c41974eaa718e0a8a39197f413571541921,4722,2025-02-20,True,True,True,True,True,0
504a766fdf184b0b445e7002da651e5b0e4a26275e6065a056dc162ab94641e2,6654,2025-02-20,True,True,True,True,True,0
323397bca38d3c187390f0343c7e323cd1f697b9f3e94f657f895922a35321bd,1519,2025-02-20,True,True,True,True,True,0
c4e0f2080597947386ae255c7cb9a1245859034a4144bf51e60e482d35a86a92,1514,2025-02-20,True,True,True,True,True,0
9717b60319ff341fb7a19e4ddddca1045c51afdec22697de899c25cc6de3c74f,6799,2025-02-20,True,True,True,True,True,0
55a2903b62b0476ce45082c3f5c79f53369f3c68edd2e12e121264d615b4bdb9,1513,2025-02-20,True,True,True,True,True,0
9e5e67ec049d76e431ec5dc113eeda597e885e8d63ed183c960c4871c677c5f5,6190,2025-02-20,True,True,True,True,True,0
4a34496e10264ec90abe3a4d613d102fb13a92a33ab404e08583414c808b8f1f,1477,2025-02-20,True,True,True,True,True,0
e4e590a994cd115efa1926335cdaee154d5c4bf565f2b8b6a3090431c497a3b3,2474,2025-02-20,True,True,True,True,True,0
49220b5e3142ed943fd8edb39d16a08d521c1238a73ecf472e39f16f535b4cee,4946,2025-02-20,True,True,True,True,True,0
48bb449c2eb2a2fdd3613e415c354749d097285a18a7d4dc4b17be3a4f6af7ef,6449,2025-02-20,True,True,True,True,True,0
024d1e18879d26083640619d35148f211c187047d15dba6ee8152c2956743f7b,6570,2025-02-20,True,True,True,True,True,0
35b59da7e7b45dd356a55185f6f10d6a382afa65fffcfb00d69d7cc061f000e3,6803,2025-02-20,True,True,True,True,True,0
a69cef91a7c570e22fec4b951b4eba404696cad0606b5fc978692ea5cc553397,2460,2025-02-20,True,True,True,True,True,0
2e12be29c50c89f97894ab88e3281cab9d3a7754907dd06f706ede2fc57d2a17,3022,2025-02-20,True,True,True,True,True,0
bcc169a47fa0053f6a6d574db625c362baf2c1e78fd95ed2999bda5e70151554,8021,2025-02-20,True,True,True,True,True,0
7e90f48160d089d271a10269311a17fcbd77827472511fce03b0380e1635893f,3324,2025-02-20,True,True,True,True,True,0
9276f71a7fe60d987a61b1f6fe087b7ae7885f85e2cfc2a758a1c87d87e6487e,2208,2025-02-20,True,True,True,True,True,0
b10daa054169fb278acb850a992286dac147144867d1d94c6f0e6f3303c8aeb8,3479,2025-02-20,True,True,True,True,True,0
d7dfb5634d0dd1d84776040bd917df0aacd46addabf2735af312f8b894a9ec4a,6278,2025-02-21,True,True,True,True,True,0
2e3c027a2421b1ff4a4297d6776b38de107c5d4d50c73dd47437c57f01926c9f,5347,2025-02-21,True,True,True,True,True,0
b4bd78aa0219a8e4b365c526444c40b2ebad7bfe9619e01a0595797a05458fde,6291,2025-02-21,True,True,True,True,True,0
001268f4fa0b1a0251345d5192bc74c5d02b8c9fd9fa4046094102a47ec1c0be,2486,2025-02-21,True,True,True,True,True,0
e77e0b6e3b9faba8688e72ebacf0bc0c0c0c6b5afccc17a07d9c9f6703b8e8ee,1708,2025-02-21,True,True,True,True,True,0
6515f1d02b9e49822c2d5b96d79906ee22899aca43b4cb39e35ef8ad63721a83,2539,2025-02-21,True,True,True,True,True,0
43f0aa57f4064b52183837cbbbc6e8bcb23de484b91a1ce952889c7282d71edd,2527,2025-02-21,True,True,True,True,True,0
90ef16ce785e1952c22e5aada55e0f4a7930ca19437f2ea8230dd58d4e1e3f45,6197,2025-02-21,True,True,True,True,True,0
d2efb64870eaec4e9c568aecd19759742ab0f59db71f9df0339f1566d0529c7f,1586,2025-02-21,True,True,True,True,True,0
6c266b09e998c86a97ea4894cc4bc52095c66945d036919535a8d8c62b113f9b,2520,2025-02-21,True,True,True,True,True,0
7555fe1bd0ea84ec890e05dac6d3a8d3b5b9ec5f9de466845f832ec900a363f5,2351,2025-02-21,True,True,True,True,True,0
bc340c3a8c4339964d2aa106ba7f8cc17dc1e10adedf7e5a4877aa7562cb7183,9921,2025-02-21,True,True,True,True,True,0
8952b9124227d2d7df7e81d853b7d652ff932a64a034aa89547e679b6193825a,2303,2025-02-21,True,True,True,True,True,0
02459e665acd082ca056f6bd5b920ef274baea6aa0e1077afb8d6df9c95ec358,8016,2025-02-21,True,True,True,True,True,0
9f8058922633ccde390c231a135565dbb259cbbe90c8e660e2af696dfe606638,4533,2025-02-21,True,True,True,True,True,0
d0065fda7e0fe13932d6f4f821f3e94544c5ef098322c79b3e8c775dd74fb0f9,6642,2025-02-21,True,True,True,True,True,0
c9f9a34f0d2995ad847011a9654f3b0b28408e8f5b434149f4d550e711192584,2851,2025-02-21,True,True,True,True,True,0
c02f18f34b852c5625d0bab1f25759c71a1ff837e39a9a7f9c2c7b2ebde4fcad,1537,2025-02-21,True,True,True,True,True,0
411c1861722da5be3cff830483d2e947db339f600e9f5d689d30eac44e0f7dcc,2511,2025-02-21,True,True,True,True,True,0
f98a06f741203edbec76be8454f12d7537b70ccedcb655b4f3788040a75953a5,3023,2025-02-24,True,True,True,True,True,0
47f885fb68fe3020e45fe8cdef75e90c93359e9de5d6e2d1383a9f2765a14be6,2601,2025-02-24,True,True,True,True,True,0
92517301cc01048515d82ec705c357dc5e4b8f90309288f03f3a57df89e72d5a,6147,2025-02-24,True,True,True,True,True,0
e496f5cab22750657a6f189d915d222f087c05a4dc467900dd08e5937c5e2045,2603,2025-02-24,True,True,True,True,True,0
87aade2065e813f6cf61e7b1b447cc571998a707c30529832529ab8d211e8842,3312,2025-02-24,True,True,True,True,True,0
9146b851f319a67ac3415c71efede07452f6aac4f89c6032e0b11521566249bc,2641,2025-02-24,True,True,True,True,True,0
f9e60b6282afcf03b84d2800de005d43125b35cc5f3af4271f5eaf17cd9d9c78,2617,2025-02-24,True,True,True,True,True,0
bf8c1ab4245918f63e59370eef0e89ccd8356ffb6e45975b7308b03a53a33123,6275,2025-02-24,True,True,True,True,True,0
b561077587cbbcb954dee7586a113dc15b5a90522a01b7a4e55eae025521c81a,6651,2025-02-24,True,True,True,True,True,0
9fa1bb3186d4b467367482849dad361166672da108bf98d1e86ed1888a69e317,3694,2025-02-24,True,True,True,True,True,0
545d9bcab22096e0abf4df8292de88701e50a95a05df820b2a20ff8701e2d539,5608,2025-02-24,True,True,True,True,True,0
59e6263856b094ed4de538fb7b151644d38c8a6792d8479fd40aecc04e9d5f7a,9958,2025-02-24,True,True,True,True,True,0
c01870790f26d5db69844099e7f2d5c48be5afffd8ba9fdc4da3c0607c7889f6,6505,2025-02-24,True,True,True,True,True,0
9dfae6a8627f731e8db0c8444206f73d905f8aaaf1119ff1f6c82580ab2dccd0,5474,2025-02-24,True,True,True,True,True,0
29e9d21982e1d86c76d5dedf940f6e8cfa3eaa42704731f084dddbbcb8fa5885,1474,2025-02-24,True,True,True,True,True,0
10f76f116315e055e00fc95efcaed4298180c21a6eec8cf65731b64ce1cf2429,6667,2025-02-24,True,True,True,True,True,0
30faa0b0406de2b007fc77a32709ad4c204b0f05dc456ffc8c4c15d026e966c4,3044,2025-02-24,True,True,True,True,True,0
5a744142a2be1adbcb4c1c8e3fca31e05e069afec11ca3f35d0f087612f12b40,6175,2025-02-24,True,True,True,True,True,0
70fa251c7b6334cb7c6567820737e1b0a8232c857f6cc3aedf01f9499ff183ef,6443,2025-02-25,True,True,True,True,True,0
c97b6563658e01f657dd4a254eccad33474426510e826999f1bc010f52e15b1d,1708,2025-02-25,True,True,True,True,True,0
9efedb1eae6a3302bf2fe08e592c641387f34ab3c62db6d3c3d7ebfce6f758ab,6488,2025-02-25,True,True,True,True,True,0
ab3ff7e2f68bb33260ee1571e9c45ea6eee97d1e945dfc400fa60a158b4897f3,1723,2025-02-25,True,True,True,True,True,0
f13274086e5519348a4493e2865421e04fe0eb5642f83a672bb8230b51857d0c,3484,2025-02-25,True,True,True,True,True,0
0e7f0a2b2fdcd7e6777f9199a34fca44056c3490e330155b63ba726586d706bb,3526,2025-02-25,True,True,True,True,True,0
e96744de694ac090cfe4f1d0b72633b57b57311ed6fb43374ce009dad7691147,4934,2025-02-25,True,True,True,True,True,0
3668d985765566cf48ad6f7c99b57adc39f9d4a3b2e6c2c8b00135e9f6621484,1476,2025-02-25,True,True,True,True,True,0
04a0b117eb8564b49857c1a53d2ff7b1fde59a55f55cd96125d0db94de7374f6,1515,2025-02-25,True,True,True,True,True,0
fb393755351b691303064bb916dfacc07cb12256b087203664683f4d05e3e24e,2002,2025-02-25,True,True,True,True,True,0
1f64f313909158e1bcdb412d25c492a07c520ca4d01c021574a19c72489bcd98,2101,2025-02-25,True,True,True,True,True,0
a4f9c9d01dd178b28e8eff5d0b47400a94a11ef188835afee2e70a95a55770f7,3577,2025-02-25,True,True,True,True,True,0
141c690f87aa1be59b14b57a2c17d4be22f854d361c0a5f041ddbcf712d83fe6,2851,2025-02-25,True,True,True,True,True,0
abf13e5f37f5ce3e9df9a37640b3ee77c28022317647d923d0d43b37aee0d130,3290,2025-02-26,True,True,True,True,True,0
f0bc08ca62bfd28655149f56996f28b31c7113986f97d07efa46958703ab511d,6275,2025-02-26,True,True,True,True,True,0
6aee862b1286255cf2a51acaea6d6629128d7a9efdca72d72b575517f9923d16,2609,2025-02-26,True,True,True,True,True,0
d469dc6ab4e9d08b63b2807081a846660d48e1801d684a0b756b771a7b46c736,6603,2025-02-26,True,True,True,True,True,0
38827edcad3d36c7f0201826f87200d90c8ab2fb9ec51a3837baff58e7158071,6016,2025-02-26,True,True,True,True,True,0
bd8b6f8ed575a1a62c78c6b0ee74f44e4aa67c59352d4a0d30c95a4250ca1077,2383,2025-02-26,True,True,True,True,True,0
f726c0c799cfd1841a3c3e7a4b933215031aa0cd205e15a7c4c66dfb29cb1aad,3324,2025-02-26,True,True,True,True,True,0
bca7b30d06261eec13b3f2e7d3ff1066692061ca563ff6b0f0663656d44cd89e,2465,2025-02-26,True,True,True,True,True,0
3b59bc9f9f311db08fd809ca282b8210db11113ea11fab063ca8d37bc0bb6763,2061,2025-02-26,True,True,True,True,True,0
dc95037b8efc13210da2bf6af2f922f4a9b1fee2ab05b857182ac20a8f8eac2f,3036,2025-02-26,True,True,True,True,True,0
af28daaa17042d473265992624dc3ad3732b815eb7d2da1cf0adfee339cce906,2601,2025-02-27,True,True,True,True,True,0
5da6ee4d10a89231ea2550b5753b15f197f2a4e8a76b6ccc575109240fa94dc3,3147,2025-02-27,True,True,True,True,True,0
426235cd4524e63e72d1926b24b057a97deae6c8aed43d3905f684a0364c2997,5439,2025-02-27,True,True,True,True,True,0
a6599aef32d4d2ec6bf3a5c6576fdae3363c68cd42060656f2881522dbbd164a,6416,2025-02-27,True,True,True,True,True,0
6ff6e8625ee07e443a04d7c284710b985516d240be770affaf920c671510aca8,2352,2025-02-27,True,True,True,True,True,0
a855cc58c9c6d4131a540d2eaac2893099c94379760be38c642c5c2df3a9f6ad,1563,2025-02-27,True,True,True,True,True,0
a2f153c4085144a473e1128b8244d511035ed02e4093b1a5ee214e299b66f566,3058,2025-02-27,True,True,True,True,True,0
60b197ef3ebd21a9d872e66210e699befe1c254f6bcbbfa66a43b3c934f0d9d5,4707,2025-02-27,True,True,True,True,True,0
9a777f0daf542e2c0c5a1a8da967cf41f4da0db238d7237cabee8cf6e00f05af,4807,2025-03-03,True,True,True,True,True,0
5776ad7d6aa494f102b8f9617ea82379379e58bb8d94981140cab246a25927bc,3556,2025-03-03,True,True,True,True,True,0
2ddd305c1e66261c65d049a44915451cd28fb475d3b35770f2af8078ef99b61b,2355,2025-03-04,True,True,True,True,True,0
c51a08ef32940df10fbc13e07d971a5ecd872b5b9bb8623eafbbb7507c338c72,6155,2025-03-04,True,True,True,True,True,0
d6bc967c413644186839ee45a6ebf74d4ce03fc68761effb0f5dd4f5bec1bd67,1319,2025-03-04,True,True,True,True,True,0
0871b6ca6fe262651d6f716dba9bfc3522e2d1630fd84c0b305de8efcb90cf4b,1736,2025-03-04,True,True,True,True,True,0
7a53ae9baf2238ecb142728aeab50282ac73d59b19406fb0fd1667867d189d35,1785,2025-03-04,True,True,True,True,True,0
877b290ccf8fe5655e6d75685a23898d8eea1201a5313e6110931b462d828690,6196,2025-03-04,True,True,True,True,True,0
b2bae900e93613ca2d10710086dabf405b0f9b78eefc0bed68c7ecc94c51249f,3026,2025-03-04,True,True,True,True,True,0
8fb7279756820969bbea663674481828f484d2bb4f10d04f190222239ba7fdb9,6257,2025-03-04,True,True,True,True,True,0
14df38abe9855e84e5b9fd72dc68e51c389463f06b9e380dedfe3cd6a49195e7,3596,2025-03-04,True,True,True,True,True,0
1ed8281e312f84c816b8859dc865cd2a2eb03394a148fc55b532c4945395f596,6488,2025-03-05,True,True,True,True,True,0
b47984ece0a72451c221a73a798f7d12093941f7414d5951174f20f01ee6c4f9,8182,2025-03-05,True,True,True,True,True,0
057ea0d2e93f4f5bb35d4b3d0796a94ce600353327dbe17cbf19160251057b9c,1611,2025-03-05,True,True,True,True,True,0
1af14004acdc475b86b54c77672c8b869da813e97b2163df7e28966494452d79,6275,2025-03-05,True,True,True,True,True,0
1e826707b95c6c034b404e8c08a095166cb9c6a900efd892ec275113b9f0259c,2414,2025-03-05,True,True,True,True,True,0
9cf67750a6624ed53b49cc4560a465eb2ee6b54a2bf23c482e7e337ce72b3630,4760,2025-03-05,True,True,True,True,True,0
b804a676ee491a3ff6ed832679906c0979d4d4d832b0643c836908546102a872,2352,2025-03-05,True,True,True,True,True,0
dc6c22f6b0e1b0cd9f19e7081f04f4fe519a5a16782ca26d4a4f1aab40bc9877,5291,2025-03-05,True,True,True,True,True,0
442314390a66579803353c1b453dc2cf8d7eca9ec95fa27dd46d195fc7c7bddf,2376,2025-03-06,True,True,True,True,True,0
18f1675454dfe07dc4a64f5305335e5f75ec033d879fdd4d28c37dcdbc43cb81,6241,2025-03-06,True,True,True,True,True,0
6f5bc13ede492ad333fc5ff773681813063d33b428601c589c89d26939e5f838,6903,2025-03-06,True,True,True,True,True,0
bd6a9ad79f96791bf160683eb05a8351f8460a8a57650aa6767822f217697da1,8069,2025-03-06,True,True,True,True,True,0
cfdb0fe233970d59344b114bfaddd84f12961c17ef140e51206e2b5384f5cacf,3528,2025-03-07,True,True,True,True,True,0
12bf5b23e2240f94bb205ec0f518c1c9064832519f644d57d3ce39f4847cb24e,2603,2025-03-07,True,True,True,True,True,0
63cc02e5254a212cfc2f98600ed5af097fede479f3b76b0fd365babf248a4d2b,1723,2025-03-07,True,True,True,True,True,0
0567359f9825f4048b72ee1e97a619aef4b295e1178b47df9b9af63256337be2,3491,2025-03-07,True,True,True,True,True,0
1d948762b2ea57ef195d5a4f7427b1c075667673a995f853f1f01d089b150de2,4946,2025-03-07,True,True,True,True,True,0
00bf4d7c9e482b4ff8743dfc6cf374a0243c09e2b00747b519df476862b81d93,2535,2025-03-07,True,True,True,True,True,0
c650df9ae29d110759c6786e05ab2f641d0cc86cef2ad1b7e54a5936fc00c99b,5228,2025-03-07,True,True,True,True,True,0
daa7653d4218f258be24d34e9d32d83a034caeb16e173aaa598a46e9f0c2e61e,2615,2025-03-07,True,True,True,True,True,0
d1935edc76b66f82c1ad72d8b7c35c6203aabc2a10f7bb0e3fa9960e0a3fcfd0,2451,2025-03-07,True,True,True,True,True,0
19cefd43615f2992d81c017181ebb8294062962a8f6e58543d22ab26cf6f29a5,2421,2025-03-07,True,True,True,True,True,0
ad6788762b1d11398d8e482de366137aa7bf4f5fdb25f9de96b59b01ac9bf3f6,8299,2025-03-10,True,True,True,True,True,0
80d62d5857db8c872f6cedbe35ed9c4361cbcd949c018671beb45be9b7967f4c,4931,2025-03-10,True,True,True,True,True,0
86acbf64dbb50a06a180672149fd66aa3cbe6338292d9ba067768c6e56e98c57,2031,2025-03-10,True,True,True,True,True,0
b2f291ba0d5366fc7d9b074f4bce14b51d53db4098d927e66da52681be94ac32,3260,2025-03-10,True,True,True,True,True,0
fc32cc8ce66fe4633e74128c4406e21c449858c2c25a8e1fbc853fd424e96c54,2303,2025-03-10,True,True,True,True,True,0
34de306d3143ce08021f868189875f7b2fa95b8f219a1d5a2c7abb45fd2d795e,6278,2025-03-11,True,True,True,True,True,0
9f9685952935f65de7dfa01e3bc31b0984ac5173a16e193284df78a0248f431a,3312,2025-03-11,True,True,True,True,True,0
95f6dfa26106116498bf4b084b77f307c21889d8470ab51f90bcfced5b092aff,1708,2025-03-11,True,True,True,True,True,0
2e79a8da4b6bf22438d4de0c391b6a08e3649417dd70c1b39baba7e4b1aa2af2,5410,2025-03-11,True,True,True,True,True,0
0a81fc9c3e9e6ef8a00e86acc8077a586935cd0b204def394cb1ab4b93f927d5,3709,2025-03-11,True,True,True,True,True,0
edc39fb8df182222d4e341d6ff1f7f4f5550b0b828aaa683c7995d9670026abd,2451,2025-03-11,True,True,True,True,True,0
f653193d478792a82befd3451fb40ea05d05213170da6dadb5f704f293aa45bd,3026,2025-03-11,True,True,True,True,True,0
674500d7d8d89ff4d6e31ceed287de93ac19daa17d00644a35480be56cfee4a7,4541,2025-03-11,True,True,True,True,True,0
5458d7089f87ed321c9fc82eeeb9d61fbae1e852f5a0c2d2a7c50c4374c0f738,5222,2025-03-11,True,True,True,True,True,0
d6ab9e53a5fbaaad8e26904f2473aa3a527137ac19d212b4a4bb5cb6a7ca700b,4566,2025-03-12,True,True,True,True,True,0
1334337ca893a2fd2c6bd1a35ac949367699c68da8d0a4ce9eab2b162568eabe,6156,2025-03-12,True,True,True,True,True,0
a8a9d7bcf9df95e7912391473dca8f36fd37f4042d26769e56837bb2f3f1eec0,2344,2025-03-12,True,True,True,True,True,0
d2ee66b342167d7cafa9a303eaba92abc88bffae11e5a734000cc398f26f0e1a,4127,2025-03-12,True,True,True,True,True,0
8241725d9c21bdd675122bcd829cd7d45e7228cfb75d9787f29024790f479b59,6834,2025-03-12,True,True,True,True,True,0
744522e83acf80a81ef61d8c3cb14fe38a18f2309cc1609878e68b25328f42be,2421,2025-03-12,True,True,True,True,True,0
02b4099907f9c146288230d3b982b30422ae532491f8798d8bd63117ab89083e,6805,2025-03-12,True,True,True,True,True,0
348bf4c2407aaf10aacb17c7b45f684f34004b086b72c835792ec15ed71778f6,4973,2025-03-12,True,True,True,True,True,0
bfb4bf3cb42b0841b14f848ce3f03895ec38652bc14d7fdfc2b59b9c045dc9e5,6517,2025-03-12,True,True,True,True,True,0
43c7f622f63afc9a3a9fac7a356754be562c2b40f87f489a5c91afbc22a37177,3149,2025-03-12,True,True,True,True,True,0
658a50f3284910666c4e89cbaf04fa43223814545164c7bda678473f5b8f4659,6654,2025-03-13,True,True,True,True,True,0
dc5fe39adbcb7121c381fdbdae7729aebf31f04693b5b0f9368dee8fe90e09ef,2548,2025-03-13,True,True,True,True,True,0
65368faa1ed662868a2228102dae1d55ec562a6c608e39af724638a6933d1be8,4551,2025-03-13,True,True,True,True,True,0
417aadafba5f21613a6ce6686ec2c3a2a0a5e89f945aaa4151904be5e89900d2,3114,2025-03-13,True,True,True,True,True,0
16650e9e079d028ae3a3affe9e9f23fd4ffe9aec27a846bbd65cc93b0ec6437e,8088,2025-03-13,True,True,True,True,True,0
2ed9938e42072f507a2fb8ae680b2e498ef000cd49289c796d3cac347564dceb,5515,2025-03-14,True,True,True,True,True,0
ec5169573b746c7aecdfe46cb5a733a65fa9edf6108cb88c0c346709b33ec4b8,1402,2025-03-14,True,True,True,True,True,0
1721046e69299caaad2cda104a32e5af0687590c98539d943b5b0cbe2bd0a257,3060,2025-03-14,True,True,True,True,True,0
cfd442523087d8e402c6ac45bbf2b540eaa1c7cdb11a409cd7e28aa0f61710a0,3481,2025-03-14,True,True,True,True,True,0
c0a4d1977c9ef56056254d021aaf76d9d6925e0442a92b400cef085cabd51474,6667,2025-03-14,True,True,True,True,True,0
81e9d450b6a8728a2a4156fc932bdb0995d8d80f9b262a72831a654cc2c59301,3338,2025-03-17,True,True,True,True,True,0
aa63bbee2b1ab801bceb504009fae007f0f76f8f23390ccd6e1a6046179140f4,3288,2025-03-17,True,True,True,True,True,0
2f71b2c6ee58ae9652c29912dd8b4f07a7a4ff92938659543fadddcb2d9faa01,2634,2025-03-17,True,True,True,True,True,0
635cae83db58ceda913a74a7e93df0271905512d017ae97df7052962c3dd02b8,6275,2025-03-17,True,True,True,True,True,0
c8425bbdf43e85aa17344d6ee228a37b8c3c96ce0bd3e2d777a24d189b4daca7,6190,2025-03-17,True,True,True,True,True,0
2b6aaf88be05ffcbf6496186219d499c392c566f25c8b4e35b089f92512c6920,3260,2025-03-17,True,True,True,True,True,0
51c000f40214bc7e0e9e5e5439f4516f02133bcc380bdc04ede043db87d27415,8383,2025-03-17,True,True,True,True,True,0
ff710d7a41627f1c2b1de0ceb42a00df2acf8ce2a71f5210555452c746a34669,1714,2025-03-17,True,True,True,True,True,0
11240b81a46a1c67d3881b1583f4d37119d431bbbe13825dd6ed03844a6375f8,1451,2025-03-17,True,True,True,True,True,0
fc98c2f2180c36f25ac940fc1b42a0e453b5cc12a8096a29b37c3f2620e7c9ac,8131,2025-03-17,True,True,True,True,True,0
e1e68e653bb34c28d65588cb0ddd2676aff5aee625dd449f74680d31d15bd481,8103,2025-03-17,True,True,True,True,True,0
941ce5fd51c81813e197c8443aee12b05b90bca61d85c42a900f164df9acb22f,6517,2025-03-17,True,True,True,True,True,0
03f55b9db3ea400956fc2671d410ad5b26bbd63792ba2d12c490b16a3b3aa9bb,3163,2025-03-17,True,True,True,True,True,0
4c7e92c9d8bd108d54ef661b43144c9b7347c9fa3912847ed0d8a8c3e35566ab,6829,2025-03-18,True,True,True,True,True,0
1575b8c0a470b8dcdfeb0c85bcc659bbfde95238538f5a522b9e2a0e3289746e,3360,2025-03-18,True,True,True,True,True,0
bc51aebc1e4eb3eeddfa546e8735185e44f859a7e4cd80825b73d8d630606af2,2609,2025-03-18,True,True,True,True,True,0
185c4269e28754db0d44cd92f61470a01e5a99c4a916078c483111c2bf2a25aa,2478,2025-03-18,True,True,True,True,True,0
664b86507d13d49d06090a392c793cb1f3b8779bdf2221be50ca2045e2dce36d,1717,2025-03-18,True,True,True,True,True,0
ce2e94add2039e7c108cef5b09282ab768a0e31d15311e58da60aa5a9af5a596,6667,2025-03-18,True,True,True,True,True,0
b7025cfe6dbf8928699a1d0d21189b48b8f3b6884d26784e17c234189d30055a,3191,2025-03-18,True,True,True,True,True,0
431f56fa1ee61ac78a4f2f2c20cd742a416a828f2e7c314c3c81a700cb01d013,8222,2025-03-19,True,True,True,True,True,0
47a9843f8fa2aa4b45b9497aef01b309ff4fda83426fd258d7b993845772954b,3288,2025-03-19,True,True,True,True,True,0
6c5299e2dadc63bbed881820d5df53d25d1cb1b63b81be9674805ec9a64ac136,8383,2025-03-19,True,True,True,True,True,0
6d19eb4170625b3265c2f781d96a2d42ca494b6de6cc5c3b9cca5febca470152,8033,2025-03-19,True,True,True,True,True,0
625d4b07af4ed627a0d0d82a8fb36be066cfe1ebdcb10be71185912343ad721c,4716,2025-03-19,True,True,True,True,True,0
239570d9ca840109c5c372f81dfdff54a72384d74e767a920e57c84603637ccc,3481,2025-03-19,True,True,True,True,True,0
37b65af53de565f490d8c69bdac9359446a7d89c9c3780dce1c27a6f232fe847,4572,2025-03-19,True,True,True,True,True,0
765a0adc4e162c03b4a232224f2c400443e4c69d48824b324c8475afae2afb33,8042,2025-03-19,True,True,True,True,True,0
cd61bd401e8b44e0f4b578d4c7886fd6261a67ce7fe2fd9f1a39ad10693ead35,4541,2025-03-19,True,True,True,True,True,0
4e5aaad49eada24087ce55320ee2ebfb7772fa1c6bdf7f6a4a730a6c2e4147e2,5222,2025-03-19,True,True,True,True,True,0
cbfc54f334a6d3190ec91d3e98763f3732e9fca4c8fc33aa3ce5d8b9780573d7,1810,2025-03-19,True,True,True,True,True,0
1bfa94ecb9500beb9e581aaa9dcd73da0c50578bb2c4a84105470dc650843c41,2027,2025-03-19,True,True,True,True,True,0
08ef9be6bd2676caa8ca7b6a5880fe974e67cc2f38455c61844d0bb6d2f05efe,6532,2025-03-20,True,True,True,True,True,0
facb8467312f47d8d60cce9aca8d2c8d4c1a2b265255ed13c4f7a187aa4a89d6,6274,2025-03-20,True,True,True,True,True,0
ab8648ab32e29d8d8c7103cbd201f790aae6902b3fb4250b053359f1e1663b0e,5464,2025-03-20,True,True,True,True,True,0
bc5a76bcf54f0a4a5cceda18b0609ad6bb050bbb624401200433f9bf895cf6eb,6166,2025-03-20,True,True,True,True,True,0
f76bd009cb1e827eb3c95d67d266438788a494fd77ce9173ca0736dbe1682d5c,2302,2025-03-20,True,True,True,True,True,0
7495b9eef674fdd6d537afd8c742f6a505fe5c14e785875ebb5e9a91f992c0d8,1717,2025-03-20,True,True,True,True,True,0
8b2fb37e76415cdc8e58fa9f2eee0848d5316e7566dc7ff89bcee0cc7a996df3,5534,2025-03-20,True,True,True,True,True,0
2195c8f76e884d3d6f0a4e14a05b6326308ff718a7a287cb24e33437a70fb1ee,3105,2025-03-21,True,True,True,True,True,0
9c836c14864df3bcdc1eee5228bf4b3227536ce8a9832fd96ac789a1b11179f6,8091,2025-03-21,True,True,True,True,True,0
d21c8a21aeb55e6c8cf699abdbb58cf54f6d566b014fc35d3519dbe4ba2ee0d3,2548,2025-03-21,True,True,True,True,True,0
664153ffe88147ef65069133658eb539267eed3c82fbad7ed2df5bccb9fba7e2,6588,2025-03-21,True,True,True,True,True,0
aeef9a62213b81aab406fac9769e7c21822f585decabdb3a165010e0ab9a8cf8,6177,2025-03-21,True,True,True,True,True,0
26d8b877c64b52863bd7893e5867479dbdc8465d1dd9c4ca0fbb353709fa0e0f,2478,2025-03-21,True,True,True,True,True,0
4a2d12473e3cc9de8a9180e727de48f6a5d180b405a6695456ad028345b84718,3709,2025-03-21,True,True,True,True,True,0
98cb605da7bf207b9daf0c98b71330cf0f9821ff7b104009fdc9c4fc6aee6f85,6672,2025-03-21,True,True,True,True,True,0
65adb07da70c769a6cd9bf1b5f50345d137306159a61a77870ddd22b120e2d06,6285,2025-03-21,True,True,True,True,True,0
f3b2b6de6d9bf6587d81d4964a98fc14f5d438f0af952bcc15c0a70ca2836134,2536,2025-03-24,True,True,True,True,True,0
7f4324dbd88e2f137a03d0a9eca7139d00154622e33eb6a10db312d655d3c767,3004,2025-03-24,True,True,True,True,True,0
4cd61828ad20d976f14e5dd9f102c6a85f5c7643defbf2a90c574c29858c007f,7402,2025-03-24,True,True,True,True,True,0
473bf152ec85920da6c7105fe213e8b9039b920da886a6e54803417bfcece5ab,3230,2025-03-24,True,True,True,True,True,0
f3fb21a2532e241ba56536b5a546a8a673c01d8c6094dbad01d53c568994e9f7,2520,2025-03-24,True,True,True,True,True,0
66da92567ec2aa795c8d84e65b68ebd308dae435b1b44f3bc478a7e02141763f,1810,2025-03-24,True,True,True,True,True,0
d9b0750364b5efbc1bb8caf341febd29083f2b0f97d2109835af795cbff8e47a,2511,2025-03-24,True,True,True,True,True,0
f920ecbe3853cf546ac1f40e8ea99c7307f6bb6c1f8a7530c708d56591cec3fc,5410,2025-03-25,True,True,True,True,True,0
d52e535f52e3b8420f354b6d002e1e1693c5a244ef10db8e3e7dcebe6063edc6,2481,2025-03-25,True,True,True,True,True,0
bf795f711ba5651cb05d64521c97416bcae10dc465da89fe7f49d771184c103b,5285,2025-03-25,True,True,True,True,True,0
9a02c169b7bc34870928e7b30cdd058ca75c9efc913c218f27fdc5c95e6f0bd1,2536,2025-03-26,True,True,True,True,True,0
585afa52a229eaccc5f1f265e24c942846ff10896fb9d98ee192cb4d6d5bffc3,2474,2025-03-26,True,True,True,True,True,0
4677f9c095198efc4f134d449c3646207fddc8a6cf6047f136c4338a32f6183c,6199,2025-03-26,True,True,True,True,True,0
ca775e573d4e14eee5a24dd26a5d90e641c0400b64a7e1c925b2d48ffeb2e589,2424,2025-03-26,True,True,True,True,True,0
594282ff55f72f51ebf07fbf18ef6a1e1e9cbea917b9570abb6d7be019724d4b,2208,2025-03-26,True,True,True,True,True,0
ac820fa11c8985491f57e4b83974ce9ee3de2d50c08397ba6d71b6df6e9c5790,1612,2025-03-26,True,True,True,True,True,0
d9e47112a49c47e5cc6311d976ebcb0cde5723839b5e6a3a604ad33ffb3b258f,6799,2025-03-27,True,True,True,True,True,0
23b010d496bb64247661f1bc4ae54fca736db860bf98565bb9cf5cf190d975e3,2542,2025-03-27,True,True,True,True,True,0
27f2463b6875dd7dfeb3538b63b041fd89aaa6d8e20304392545b6249e13ab5f,2009,2025-03-27,True,True,True,True,True,0
c8e2520e3646d9b5ffc5dc2a6e7558305b056469db66bbacffb7c0b1363244f4,6174,2025-03-28,True,True,True,True,True,0
8502ff6d0d4b2f924a1ebbde34cff1bdbbcae3738768e4e12fce94a6ae19f980,6668,2025-03-28,True,True,True,True,True,0
decf213a265d3d6a7b34a7a22eede3c8f7e500e76c98ad0dce1553d26d6c8276,6654,2025-03-31,True,True,True,True,True,0
d08e7627cc81e8cdba4c8638192dac9a96825de2c5c23f5d559eca5e51f6f98b,2434,2025-03-31,True,True,True,True,True,0
42b9b6c54080f0e4a08cd0966ffd108d1ebcd1d9fe812a7b5834eb8ced217237,5489,2025-04-01,True,True,True,True,True,0
49cb71232b3da0fa8d38aa705f927c1227dfdbf76ce5fa7feb6f79428a76adba,2303,2025-04-01,True,True,True,True,True,0
8bb2eaab884625bf6518689c69d7ff0ffd7abd27066685c4f33ebd59edd92dbd,2536,2025-04-02,True,True,True,True,True,0
103899d8fee5e8f8f387345caab7a65bff9d2877a1d61e978769d9f94803d293,6199,2025-04-02,True,True,True,True,True,0
d288c0972288849118c3f80aab5b573aa5e35b6b81fe17629febdd25321d6a8e,5489,2025-04-15,True,True,True,True,True,0
cdb5ccfb567da8c848169030393502db97fc9d59d2f968db0fb14a5c7b617b52,2466,2025-04-15,True,True,True,True,True,0
1b37e4fe1ff3c140d54915b1332ff3d12bc5d5efe9213102ecaa71dbf022d5b3,8222,2025-04-16,True,True,True,True,True,0
533c8b7e800a2abe92620fd758727c439c6758b5572fba7bbbe7b08603c2a94a,3596,2025-04-21,True,True,True,True,True,0
c7bf11f3c16f7795369b32c4f5eace0aa0ec5ab62840568a2aaa20f868293c27,8088,2025-04-23,True,True,True,True,True,0
3f0f3b6a33bd4e19820f616fd7976c1d4f8a94410cc50a79fbc5c9b452d6079e,4923,2025-04-24,True,True,True,True,True,0
2dd5848eaeccbe93269aa4cbe62ceabf53f8662925a32b25091b94715a23df27,6752,2025-04-25,True,True,True,True,True,0
5f7ddb767cb4c67183870eb6ab1a0860db9a400c85528c97e6ad8d1fcf0d97ac,3702,2025-04-25,True,True,True,True,True,0
0787ddb5b0545f33cb65b8972b10d2055c66ab429e4da9096009458e2357dbd1,6510,2025-04-25,True,True,True,True,True,0
478e75eacffd991e6b7402f4713710a952377d60409f4bb8576716e4496151cc,3036,2025-04-25,True,True,True,True,True,0
3e2ed47125892b2dc538c11a604cd0e4ab27338a4ba841cf5ffd609a6c9e547f,6834,2025-04-28,True,True,True,True,True,0
d6871a224866f6dad914ad6e869896a976ff757a9867f683a81f2089205b3e81,3285,2025-04-28,True,True,True,True,True,0
bd49e69ccd2bb9e4db6b579a4756ec0d864de28075523f2e2164fd9a17215a72,8092,2025-04-29,True,True,True,True,True,0
0985ef67b90a277a8950db851750fab355bac3cceeb0f297c20c899701b02495,4946,2025-04-29,True,True,True,True,True,0
c3d28ec0edd48aaa52c598e187bdd577c128956bfa36fa1ae49e1894cbbfcf8d,3029,2025-04-29,True,True,True,True,True,0
ad34deb0b0f4351d8e38734252fcd3a6fa861515a629a1ca899a1030a33a5b35,3312,2025-04-30,True,True,True,True,True,0
d96984a455516226e0fa7eb19a3f0e8f905171534c6273b4fa43d3cd2f31778b,2371,2025-05-02,True,True,True,True,True,0
7d1df43997a2a351c1d15b5a8f59661333f0edc84ff0c6280b41895a5dd2062f,8932,2025-05-02,True,True,True,True,True,0
7ef171483a73bd352531270a81aa83fd8a241450a22ae9ea5743ef2b935718d3,2425,2025-05-02,True,True,True,True,True,0
16260b5c639ce7994ca821e29af0489584d00dbf1f4d675908c540f077f910c1,2535,2025-05-02,True,True,True,True,True,0
dced06907956666533cc2b20543b61ff31e0b619dac32650eb9c7dad5d6e4293,3211,2025-05-02,True,True,True,True,True,0
39e4b93e2b30ea6794c1a049ae50e909fa40b0f1fa795ecfe309546fe8d6627d,6409,2025-05-02,True,True,True,True,True,0
39314930eb42bc645a00a9c9c66283bc9c00b98ca8d16375cd9d10f1892d524d,2368,2025-05-02,True,True,True,True,True,0
84b662eb0daff5c877162d7646481a008e9a13cbb2dc64f574765080ea93c749,2383,2025-05-02,True,True,True,True,True,0
75debbab1393dab3ed4bd0b0a410d91ef86833b2cffc697a2ef19bb50131d258,6669,2025-05-02,True,True,True,True,True,0
94519ef2c498a79ba4e41e89201df3c9a6ac87007082c5de736cd2be2f59c159,1402,2025-05-05,True,True,True,True,True,0
3c015baaba3807f7ab9a0955a0b4da71075ad46cb62d13c43d10fc7d6bb9de66,6505,2025-05-05,True,True,True,True,True,0
eb1c5debadb2747b5fdb19168983edd89cecbb9dbb6cf9f4e8ca35db95d63d37,2101,2025-05-05,True,True,True,True,True,0
33e0ce62badc35379080e80c07d01669d4d02a1bd46bd697281585e16570d6a9,1503,2025-05-05,True,True,True,True,True,0
7dda2204a3af04cac94fe8cf40562974f39c54af1e71c83b569e69136d6a2eee,3665,2025-05-05,True,True,True,True,True,0
0cab48e8cf66dfc1ebcd5cd799cbe04e8a60de0d775566820cc0c5e1c4e8e220,8222,2025-05-06,True,True,True,True,True,0
4942c1d15239d770f768c0801c95fbe398eac908f50c7e791efa7284b71b07be,3231,2025-05-06,True,True,True,True,True,0
e37295a2684f08c789f47e9c54c1ee6cfb7e45a2ce708d39d2759490f5b7a3b8,6204,2025-05-06,True,True,True,True,True,0
582e9676dcc3c0da71c98da4631c6e01f1f724b77af98c53936e62321ddde94a,8092,2025-05-06,True,True,True,True,True,0
bc7a03e5592f5ef8e2e5808da1dd56fb25a504380306cbf3fe2bafe28d20f8d9,6803,2025-05-06,True,True,True,True,True,0
9c6ce57cf230174094eaf99318446c0a3b167cc12f54c3aa99abe234b6a46eca,6290,2025-05-06,True,True,True,True,True,0
7e2bf03259ab8046f7ac77db7bd8347759fd9233e7c6cc56e92d2ed38a8fa178,6821,2025-05-06,True,True,True,True,True,0
8114e531ded3ba33e7a64ddb415f36753587863d8e8542a1779c99cfe1ec62ac,1474,2025-05-06,True,True,True,True,True,0
a40884b12c7202a9b105c6eaf7d3ce5e118c1d20b3457edaf48eb8eba9f99644,2382,2025-05-06,True,True,True,True,True,0
df7a1d926abfe504c91fff2cb0e07e9d5e81478db9fc309a0b9b8980e216e1b4,6669,2025-05-06,True,True,True,True,True,0
0a3478fc680596a81e19a8cc4e52df31d01351a7ba7e4b698e6f7b1716f248e3,6213,2025-05-07,True,True,True,True,True,0
cd5f901c22072584a8180f734dacc3068329b7b932c051855d7e23e5f606fd4e,6204,2025-05-08,True,True,True,True,True,0
9876c5d56a8709b63b7e8b2ae42742b9cee107896e3638f158b8ad8f7a4b9c5e,2059,2025-05-08,True,True,True,True,True,0
b0e73dd3df760799ce68b37063d91a78857194b1c92790312fe62af4071af1e4,2025,2025-05-08,True,True,True,True,True,0
5065b18fcffa479be5001a3d6e551208f0bc42b3768480d10ac607d3acb59e77,3260,2025-05-08,True,True,True,True,True,0
f972cfc3d101fab370ae2976e0150a758eb92c4ab3f7bc47c268094d73a8b11a,8210,2025-05-08,True,True,True,True,True,0
2d1d01db0a0faccb0f93d015fa8871949574172ae6077d1816f97c43dd0f23d8,4127,2025-05-08,True,True,True,True,True,0
9e4278bf9f9465265635bdf55b0f9becf3dea567d7f8a0b6e44c8ecb3937efc6,6191,2025-05-08,True,True,True,True,True,0
9de892457034e1b59dd7e83e15ccf09d267bb1d6e6b6b16ae99e0de11c6fd00f,6290,2025-05-08,True,True,True,True,True,0
f70071aea737370a667f87b3cd94fe94d1ffbdd9a237285cd1d131f0f558fe94,5439,2025-05-09,True,True,True,True,True,0
4019dd65fd412771ceba109e7d882a700aaf013a5be89e05f91727d7234c8cd3,3090,2025-05-09,True,True,True,True,True,0
f900c5c583fcbb6e4cf4f28aff6465725d0122bdd3b8691ad5d7431be0b2f468,6213,2025-05-09,True,True,True,True,True,0
4e8e59d1fcb72b7337f55c8ead61415f1c3ec6d776a0d456144dcc9e4645d3b8,4114,2025-05-09,True,True,True,True,True,0
b1385f6536bb17f6a7c298387fd488f127a1f493789093d44205170a1f207e36,5464,2025-05-09,True,True,True,True,True,0
da1fa8029a897c2bed7a80ed86b2f29280b6be1b135b6c8c5db4c990726e62a1,6803,2025-05-09,True,True,True,True,True,0
2af722a1d93e4b0bf03ee8f596105a62c61a05bf125df6c3c64a16e269a08bcc,2345,2025-05-09,True,True,True,True,True,0
85eb55fc12b8f68bac44a17d70be4d6af798254cfb504844072d99c4ff71bd82,2368,2025-05-09,True,True,True,True,True,0
28f00e65cbad1e3732c82eac939a9571a901f142703726789ff2090d7318ad92,1474,2025-05-09,True,True,True,True,True,0
a514098f99def379d34b29183368cc99c81c1c9726709b34e6bdeee03b19a710,3044,2025-05-09,True,True,True,True,True,0
9afc7d59e3a5335a248430c9854c107caf4a7a02882d3a90a3e81b7be59bb110,6510,2025-05-09,True,True,True,True,True,0
f78ed1766ce63c4bbfbd27c6484ee5fe6efdc6f6baaffd40b983cb8f61b650af,6274,2025-05-12,True,True,True,True,True,0
d9fe0ea67c9caaa7eee981861a043e3ca7823a8064dc30657753992ab7cbd6cc,4562,2025-05-12,True,True,True,True,True,0
813f7b6822d4668b96f87459dfe17ae731d0bc525e97fb98f7b47e1c0460f7b0,2376,2025-05-12,True,True,True,True,True,0
e5d5686dd8024f7a4fe9a30822c908ee1aa3b669ccb19cb30a877c5c611bc03e,3005,2025-05-12,True,True,True,True,True,0
92ce2258d32266a0a6cb92d29bf70ca233970881e228879d2dc7119791ef9e10,2414,2025-05-12,True,True,True,True,True,0
7611e0b8678a584fa8fbdb8ce6e5a1b108f81ac8fa2495397de48530de326d8b,3360,2025-05-12,True,True,True,True,True,0
01bd832a67aedc984cb120d9f9530080863b13b82e5218d65130298791efb9c5,6215,2025-05-12,True,True,True,True,True,0
fb85c9c80a09767ecd1639b5fd0c1c15604c3a1dd8c81d0496a3c52920b885d7,8358,2025-05-12,True,True,True,True,True,0
a4009931fca0c1b643a34801957ea425c28022911b38a3f61d5e1668bd554986,3264,2025-05-12,True,True,True,True,True,0
b7f88cf641f8bb847ca1f9fb4c84c27c16a381fba92cde8f58a92e623e15a1db,6405,2025-05-12,True,True,True,True,True,0
28a338728e9b2efb5a3b8648a43bba29664acc7d0cd6050ebe9655ee60621204,3653,2025-05-12,True,True,True,True,True,0
37e2910a401409c71ca9bad9b7968734b9402a4bf3808688eb44c29339a19c09,2382,2025-05-12,True,True,True,True,True,0
3207d2db3d161a67b85e14b435122d6c7691ab231aefc79c331d33e36fed9066,3149,2025-05-12,True,True,True,True,True,0
a92a124426e502d4b421c6387d7f51612e3c1a5105ca1df9b194548b583a6bfa,8027,2025-05-12,True,True,True,True,True,0
45ae78cdc8a6fc4c7864d246f5268f11082ade54fb77320c1cc1b54df111214f,6591,2025-05-12,True,True,True,True,True,0
27cff9a1924a4a54e8882b135f3e8289ce866b344735c79c1d692a199e9f89d6,8028,2025-05-13,True,True,True,True,True,0
11e0f252fa63ad1481d0b60c6b3441d11ac4df75a382629dd3cb28149e38b871,6147,2025-05-13,True,True,True,True,True,0
a71211d34c4138d3dd1a027f5d2209cadbc7d0348ffe43efb09b4b8a42bb89d4,2603,2025-05-13,True,True,True,True,True,0
0168abdcd8422bd8614403f1c4917d9e485216188c6fcb45751f3daf08c62e95,4576,2025-05-13,True,True,True,True,True,0
dd5f2b0ed14c50a97d3184111c7a4b06b9f1aa60375e855b14692b8be3f98b42,8271,2025-05-13,True,True,True,True,True,0
bbfbe2bd34b3151cb8651abb80d282db6bc6113554bd463208275ca0beb6b543,3017,2025-05-13,True,True,True,True,True,0
fdd8dc0553b4b1136c15cb970f7335395067361ffa9f157cfdd30b17842fff3e,2425,2025-05-13,True,True,True,True,True,0
966a23dc92c7fa0fea87a933fdb9a176f4ae06950c337fd450b3006d8e013cfd,6190,2025-05-13,True,True,True,True,True,0
c71aad05f6a3e682296dbf168ae690fd40bc6f8445f3eff776b8a4ac48df4a0b,3034,2025-05-13,True,True,True,True,True,0
3999aa0ca6de46adc161c844891b235a2a0df60ebc36ff9ad730f85a6d5772fd,2609,2025-05-13,True,True,True,True,True,0
b02de048ed78be38011ebe210bbd0829c7b3651401f80317ecb650333ef47bb4,6259,2025-05-13,True,True,True,True,True,0
f4c8f817489b2ebcb700c88c20036b73876541b3000abadba796cc29da149e39,2636,2025-05-13,True,True,True,True,True,0
0912ff355f42659e848cbe6e6c2f6a4b9c7f31aab376f95e461773cb6efefdc7,3211,2025-05-13,True,True,True,True,True,0
fc0a0a0338e1415b2c151d5458e3c8c10e3bee03430ed2a917ae39678b63c2a3,2034,2025-05-13,True,True,True,True,True,0
4f2a0305b27c8bb027ed06c30fc487c09a596c7ab9965bb2d514e2b844ad0432,3167,2025-05-13,True,True,True,True,True,0
5a382945ce375e3282b5fee59e5bedf4e860d9e3516f80953026ced58eae8995,2615,2025-05-13,True,True,True,True,True,0
1bba7133cfe78f3c544639250d97b6a0677588255f7c0d87837d98093888b556,2421,2025-05-13,True,True,True,True,True,0
df338e828580a2e499d7406bb213f0123288ca3a72d246ad32b31fa9c8a7d954,2317,2025-05-13,True,True,True,True,True,0
15a60ce9b3c0341699ad966e25fe242eeee434344d7542aab48359c7fc1a1a68,2303,2025-05-13,True,True,True,True,True,0
e34e205401b1b6f945c8b7db702998a8a63f46fe5ec28daf7cc0865bb8dd5047,3044,2025-05-13,True,True,True,True,True,0
48fbb87e8f0125bc1dea2ff834371c85b247fead6659b71f722301f232c08f68,1504,2025-05-13,True,True,True,True,True,0
e47af705ba74c7432694e66ae925cd56276907f26f5d0123d54000bc5a3b334b,3498,2025-05-13,True,True,True,True,True,0
65a1186a4c3e9cd9e83f10d5ec8bf14c13624e3d6925c1f01efb332fcb9a56a8,6278,2025-05-14,True,True,True,True,True,0
aef479204f4ddd57f7005d85c5f4cdfd5fdd1a39a814be57b7ce02061834bbb6,4722,2025-05-14,True,True,True,True,True,0
5ae8e5f274c1583968988a4143577998a8a4e5c7996d1e5cfb9e0babe80bfddb,2408,2025-05-14,True,True,True,True,True,0
f5488a99792444fa8edbe789ee0fb0d40c7949688eecd75ef970a3da6c4bba43,3231,2025-05-14,True,True,True,True,True,0
97d0da27843a419548f4ba78a5d53e8f23a57a7eb482bc3d656d1deee99a5735,3693,2025-05-14,True,True,True,True,True,0
5e09f4e08fc9a431999f17389de9ee4282662f4b9577e3f14d95e436611171e7,6525,2025-05-14,True,True,True,True,True,0
5087f8b22986a69bc0722e23e66ddbe380962f3e22bb493747bd23184b9701e4,4721,2025-05-14,True,True,True,True,True,0
3538906ff5eb36b32bd282b6d6fc455644e21d0dbd0c385a9db08f02a8606d75,3689,2025-05-14,True,True,True,True,True,0
2f96c8c218631f26e86ec58ba129778e1c5c9e9744b412f66deace71856e0bc3,2330,2025-05-14,True,True,True,True,True,0
705e6dfa2efc3e52cb8840e584637334d431b8b49d758f1fec4cefa81001c8c0,2376,2025-05-14,True,True,True,True,True,0
6012617e3d9646d789392b08409dff4257b7cbe7581d85b340b863d057c42d6e,2493,2025-05-14,True,True,True,True,True,0
dffc2b702d75c4e0a7ab74ffea64c1cfaabd6678ee493a8182993f39d1521640,6829,2025-05-14,True,True,True,True,True,0
0860a275e3ef58d5a9099ca2f631c2efd3aa1c3b53a96c70450c00f2afe65b02,3260,2025-05-14,True,True,True,True,True,0
a2f096e028d9ff5817330ee01045d698d99806d87c58a7dbfc563a4d50f58cbb,4938,2025-05-14,True,True,True,True,True,0
07a48295f7a8dd578e81a47b7851ab7a6aee10bc9a1c4d9acadbf2abf67ae7fd,6903,2025-05-14,True,True,True,True,True,0
8931f30534ecf4b9620e0dc3c3db4b874e97fa0aa6f783d8513cce9d9bef35d7,3413,2025-05-14,True,True,True,True,True,0
3c7c992ae052d951058dd0bfd3db734872a6c0c34e611c965296e3d43b2693c0,5483,2025-05-14,True,True,True,True,True,0
fbfba71ced61880f241c8fb95a52a807d3b68412d3baeca292a5caf879383c88,2613,2025-05-14,True,True,True,True,True,0
a137d4308f1d499e8db56b3a3b99035d1b5ec3c60f9811e4539c588bcf21127a,8039,2025-05-14,True,True,True,True,True,0
a50fb43f6058b9c3283eae93ea45fe2b0f6de116e45517d12fff2867c5078fba,8358,2025-05-14,True,True,True,True,True,0
8e84157b01466c1aea04ee1d1ddb5d2508aa524c0bcadb3a3017d2428c8b2059,3537,2025-05-14,True,True,True,True,True,0
08d712d9d24e00a2d7be5955992d30335411ab4168afad88585133e6d8c7461d,2357,2025-05-14,True,True,True,True,True,0
6fe3de31bc2b42d62d985264d369a76f3e63603ff9d36bc0ab57de646aac401b,2345,2025-05-14,True,True,True,True,True,0
8585d2ec1468d71a47deb1bebace457f4717b71def9a7f65c20a8199725f75e0,6442,2025-05-14,True,True,True,True,True,0
fe052ebefbd1f657f1c88be9a838f6dac243e7356a6677f411175fd1017fc523,3653,2025-05-14,True,True,True,True,True,0
424f32d371df553032391505a6ec0fbf57f044a25d27d1ed764e4d8130300099,6414,2025-05-14,True,True,True,True,True,0
cde160e2f250679bfd4e52c11835468f1b0bf816aa6cde4cb16d5fc05baa590d,8088,2025-05-14,True,True,True,True,True,0
337dfe73e0194d12a54757796b77795066d0531816dcf040b1b9b1c5e300ce2d,8016,2025-05-14,True,True,True,True,True,0
741ca7874b86e0dffa05ec908eea291fdbb8e9e38a98da922bd7cdf93d3b0078,6426,2025-05-14,True,True,True,True,True,0
a80c1430aaa19168fce3621995a165eebebe9e8227c7386c95f3d348986898dc,3163,2025-05-14,True,True,True,True,True,0
ec1a9f02d66d2e09fb3a80d91e12fb768f9186a60da3614067ac33feed8e7298,2375,2025-05-14,True,True,True,True,True,0
bbd0533beada127871963295d4a91f853f6b14861b09700fed4e8fe7d0856caf,3665,2025-05-14,True,True,True,True,True,0
16bab3ffc9a69821d1fd6b2cae38eebcd71fc0aee02745994578523054524467,2359,2025-05-15,True,True,True,True,True,0
034f83698e894f1dd2d5f9465fcf4122a697c8c15d16ac166d7277d63ac8261a,3090,2025-05-15,True,True,True,True,True,0
17867ea9dc687961b6c6db19122e38b50660b905e3af5ee7fead55724d70ad04,6691,2025-05-15,True,True,True,True,True,0
38dac57c18408386f0471aadd5a0bf1b31959e6af37bd1bf4d8691bf585a71ea,5009,2025-05-15,True,True,True,True,True,0
fc55d0a6944ac6473c030ee0e5c7f8b264db1ca116bab4d6b054cfcbcb9018f3,6799,2025-05-15,True,True,True,True,True,0
9879c2e7f8944b76678ac2399ef6cac28372860abcd034de3a861aba6304956e,3005,2025-05-15,True,True,True,True,True,0
17d46d37fb85f1a092ccb35818239cda6e0ef80cd2b9269fff55d880c5397e90,3048,2025-05-15,True,True,True,True,True,0
9f058657ba870d621c7bc79b8230545f9aacf14438a59206ffc9205ee80ff042,4760,2025-05-15,True,True,True,True,True,0
6242d019d67d446541bc07a57e1773d8105510cbcf5a0f0805dc251a8d728a0f,4572,2025-05-15,True,True,True,True,True,0
4fea7a1f341dd22a803f8a44883e70cfed993c38bf1e166abf6ab901dbac6f5d,2382,2025-05-15,True,True,True,True,True,0
8b54664113604b689a0df71b809930f9e907c2713253fd4660acd869e7d6c451,6584,2025-05-15,True,True,True,True,True,0
e36082f23a025884ecb998303a7f730474040007f6512f7b777f5594dc08ae86,4722,2025-05-16,True,True,True,True,True,0
a98d9bca1234f60c111b0bb4eff1ebd85f122b9c8fd769cd94f0bc9314e9c691,1708,2025-05-16,True,True,True,True,True,0
5f586084bf0098dd6efae6aafa6922ae7867096e5cd964721032c356fa235b63,1513,2025-05-16,True,True,True,True,True,0
34736d3bac03d21113181c8e9b42b5b567eb11fd70e329b0fa7979511b7c6ea2,4114,2025-05-16,True,True,True,True,True,0
7b0a24095a31db2b16d08608cec6d880a512e1bb5a8611e76c7b00e3f8c14eb6,2636,2025-05-16,True,True,True,True,True,0
25134399d022317ee6b03db2468f21a22ff3703488ac4b02562c90e5b80d23eb,5464,2025-05-16,True,True,True,True,True,0
6e6bce7e053773fb0e32f213b6ad7115aeb24d56afa3e1a9ca8116ad1ad5adb3,5483,2025-05-16,True,True,True,True,True,0
38ba450eef26a4259b31352a266f5af29d0ea5dabab3af4e77a0827ff71390f0,2478,2025-05-16,True,True,True,True,True,0
37db510ee4f61fdb744c020fc2388bcdf9f67492b8dd4e7127418d9c45dfb237,2615,2025-05-16,True,True,True,True,True,0
1f931e462c9144085ec06cb91ee3976944f1b53ff48f228e3699c9bb6fc9d67a,3339,2025-05-16,True,True,True,True,True,0
12ac102005e771fb193942be8a49a86d85587f8dbc9fbc62de618e117b4ec57e,6435,2025-05-16,True,True,True,True,True,0
33546ed4ca11023ccf5f5fc2a5d5885f6a98dc450f7bffbce46736f26a11f36e,2520,2025-05-16,True,True,True,True,True,0
98fe06f5c91578b669744ada11b2b123ea72150f9e44571f7b0de2a10568ca60,2421,2025-05-16,True,True,True,True,True,0
2ba3ce9b8d4aff269d2b7e1c98ed31c9e139ddfb9b2b4d22e05e968b1db88cb7,2605,2025-05-16,True,True,True,True,True,0
2efec6e306232495289b030c7ab2fb44583b9ff9fc766bab2e6264e10bd4fbee,6414,2025-05-16,True,True,True,True,True,0
f4733cf9f1619567b7a50d43107bf0ae106aa6c8b10c90965213373f2c8e036a,1612,2025-05-16,True,True,True,True,True,0
5de0cab438d353d0dc8935c07f912081650a223a5533106aaf987162a1cb2d88,1503,2025-05-16,True,True,True,True,True,0
3dcd3a8d1938ec2b3782616113d7774054a77e22219f95b575a5d246a5ad60d2,4764,2025-05-19,True,True,True,True,True,0
7bac43ca9e972bf6551946bae30b70aa59f5705dcee575e59b4de7af542b2ef8,6684,2025-05-19,True,True,True,True,True,0
00c5933a1235f1b8d1bfd0ae311bc9c4d9bb5bf66a1b6ed8c271ecfbc16500cb,2424,2025-05-19,True,True,True,True,True,0
baf4bdfe6474d3e38fa20b1b4c42adf351bde1cfeb99bce14f3060d0be94f466,5291,2025-05-19,True,True,True,True,True,0
7d39880de2d049c0018cd6932f9bcee909302e2d5b602f579e6e7530f014b4d5,6806,2025-05-19,True,True,True,True,True,0
94b28f18d6a8ed74b063efec942b865fa1cb1bb23f1e4a1bb063fedf3994517c,3036,2025-05-19,True,True,True,True,True,0
a5f681815c5173d72d395b9795cf77776061bf100b7b54b5b30325a29a1845f7,5274,2025-05-20,True,True,True,True,True,0
84981aeac4d7dcd32ac89f687db6904e6524ab174a38f203782aa7b75e8a239a,6213,2025-05-20,True,True,True,True,True,0
ce74f7a4a1dee4954601a3e091186225aff892b831d3bdacaa27c934a2bc66af,3005,2025-05-20,True,True,True,True,True,0
ad67f1bec4864cb2c0f88498ded7ac2c5d779f109c90105d664f4fc51ec6dc3a,6196,2025-05-20,True,True,True,True,True,0
c0f89194d8df8aad9c7b253efd7d3b3ca259199ee4b8c472f23daa6f26eba124,3661,2025-05-20,True,True,True,True,True,0
45ef407ee119eaf8b555f8839f675ce2c06494a575d96506cf18bb4c78414c54,6278,2025-05-21,True,True,True,True,True,0
50a9fa474ddd6b2233a4692a21486bd549a201d5c57fa36679925ec2ba732fbe,5439,2025-05-21,True,True,True,True,True,0
d2c2522798022c49d90c1f60759de248332f34ec2d53c7ff74b79c6ba63c0f2d,3691,2025-05-21,True,True,True,True,True,0
b63c025a13f470848d9be370fc103f6c54456a74e3b77abed4ddf1e294598df0,1319,2025-05-21,True,True,True,True,True,0
58c4b87dad344f720e5ef6e53373225f3c64b391806b2fed023292ef5aea3708,6443,2025-05-21,True,True,True,True,True,0
f0176fc5d09ac1ae8bb8e8adcf0a275c4bc85910a240b54b3143f7759ce68f39,3017,2025-05-21,True,True,True,True,True,0
7df52abceaf40bf005e80fa53e72ac034e94052928445dc5b9c3a3c8eb00f061,6244,2025-05-21,True,True,True,True,True,0
1ae384aeb3c5e5fc7715f0a99c674e9954ab964593ef13763517be48ad0380d6,3131,2025-05-21,True,True,True,True,True,0
8d1bef4fd9f96ed9bdce75c263e50cc2415a7998029d8b3926ba594c9735ee77,4946,2025-05-21,True,True,True,True,True,0
c950aad2bcff618b6d398e8d9aab095042e387c273f13aac1d4488b3885b39bc,5475,2025-05-21,True,True,True,True,True,0
cd6c2d0e01f66e3f6e12fc8e96fd8032eb959e6d93d295babd1537eaabff836b,5464,2025-05-21,True,True,True,True,True,0
4a5b017711c637e7c49a5d4f166772425a366a890ea0cb48eb5d7e39e49e8705,4934,2025-05-21,True,True,True,True,True,0
addc8a6a46a2a8678c8f4793c4521600bbdeb002e59a211a645a9bbea27cb22d,3257,2025-05-21,True,True,True,True,True,0
22dd29512ebce1df896c77693d30599ad172e30981a4097379721700b8237fe6,1773,2025-05-21,True,True,True,True,True,0
6b13b1df771b83d588561cacdcf634006486629e7963399aceb4bb474e5dc6ef,6834,2025-05-21,True,True,True,True,True,0
051163c77d0546d62d0e4c9994b7dd47d8be3342302bd9663bb316ae58babbd6,6803,2025-05-21,True,True,True,True,True,0
d0313f4648fde6d196b4ef5dc3a6ab59fbaea03483ca5365887c599a1c9fdb96,3016,2025-05-21,True,True,True,True,True,0
9a111110c222d9ef3f9c126172390118aaaa0d9368a819172315f5dc0afbf83a,2345,2025-05-21,True,True,True,True,True,0
f0c32824edda53ef8d1d3163a54f131c60281b18258dc32ca8f4efad73fe7466,2308,2025-05-21,True,True,True,True,True,0
dc8bbc08771aed75290c8ef8a3ec254344984263812146d82c87d3ad44b79f86,2498,2025-05-21,True,True,True,True,True,0
0076e82c8b059feb264e747cff2b84b9a48d413c6355da5bc105c23698d9b185,6432,2025-05-21,True,True,True,True,True,0
7ffbf9a7e51781f5b5027f75b2b3ac05beb4e3a5bc1c95db198563edfc10c7c4,6414,2025-05-21,True,True,True,True,True,0
864307086b0027d3621446290ed22ad452827582baa67c929ec19266dad38ed5,2368,2025-05-21,True,True,True,True,True,0
255ffe0973ac797f7d7528b08b12fed0fc4badb436cbc74956276416cf6dac13,2383,2025-05-21,True,True,True,True,True,0
7fa2994c1a0788a1c9e076a738477ed335c6f20a9fc72c0a68ebd45e08877749,4123,2025-05-21,True,True,True,True,True,0
9a7782c1875c9185526bc7ea65d2d5e834f137516e2e1ba24dde6f8859adca09,2303,2025-05-21,True,True,True,True,True,0
2901d1526bfb447f69569fdf0477bc99d5a0786e6eb00cceb561610998d2e3c1,4960,2025-05-21,True,True,True,True,True,0
645aac82d07b686c5267ce5efc71bc5d469bf1391e0e063c830041da71d84089,2301,2025-05-21,True,True,True,True,True,0
e0dd19d7afda7a1a25c56ea074eebc1ac1bf51005b798d48a04801aa9230e29d,6213,2025-05-22,True,True,True,True,True,0
455d5369a873b109a533e4791d2115c0b93d83b2fbb64e530d5a99b58cf66227,5443,2025-05-22,True,True,True,True,True,0
04b81e26485222f49fa3f00ac0a885d5116075f56ec0a34033e86656b9334007,2481,2025-05-22,True,True,True,True,True,0
b1be9092c37610585d360da140d67dd44dfe511cad2db89fe104d377e86dc313,6202,2025-05-22,True,True,True,True,True,0
9e1e5093b691d8433bd5aab8a3d5f2aa48b061e9b20c917b0a093fb3aca693aa,3694,2025-05-22,True,True,True,True,True,0
26eb79ec76c4c2baa2289e5459b0407cbf6e44862a41c79cf9fdb3275f817bed,6191,2025-05-22,True,True,True,True,True,0
bf5c48944b75b9ebaad04265cebd5f05f1c26f667625b008caa89ecf9c92cf36,5471,2025-05-22,True,True,True,True,True,0
a422dab3c2d1906b99d03bb0d8e1d955c85c0416e91060aa51ffd6ffca03dabb,6187,2025-05-22,True,True,True,True,True,0
31b48a1ec32baf3681a8f7d95dc42ab7932a693965e6e15060e3a360268ecbf5,6805,2025-05-22,True,True,True,True,True,0
69b97191858ab0bc53e7e61b0852e072a69613a142ed236b98f53361db1a8cd4,8040,2025-05-22,True,True,True,True,True,0
884dfd415970a63919fbea8f6bd47041634c5ffda813bd5a0a0b0b23ed96162f,6640,2025-05-22,True,True,True,True,True,0
263fa6fd5b48d467149bee2e601d295c378a04bf6abd839b204f3caa4d5572ac,5386,2025-05-22,True,True,True,True,True,0
898e030242526b843a5f3a834892e6fbbe1d322afb1039a0ad730edea170e1e8,3630,2025-05-23,True,True,True,True,True,0
d1c9685263fc53dda1dd923dbd61067a2d3b4143f74b65c374cdfac6b7e86362,2493,2025-05-23,True,True,True,True,True,0
afe9a95325acbfc2de4732312106a5dd05d6842980d771d5a29f3d3acb321c92,2548,2025-05-23,True,True,True,True,True,0
6188f0829a77a307105fb4d3d1f87f148fb715737bbcf2f0bbf6dd2522b9be16,6156,2025-05-23,True,True,True,True,True,0
0b8c59b6b839a4e00a27c7aaf9bf261890b62520bb8f5eff88bbae7a857370b9,6199,2025-05-23,True,True,True,True,True,0
022a06417db28766bcf172d3e7097332fb1a7fc8af0aae811cbb0b8a4db2c60b,2535,2025-05-23,True,True,True,True,True,0
a26ec7676a523ae5747334f2811ad3a5c8a50b44b3da49368711d2a7868cdd31,5464,2025-05-23,True,True,True,True,True,0
ded469853ca32165bbd3bad4375c3695a354a26c1ffae29b8f6cd1905a4eff41,4934,2025-05-23,True,True,True,True,True,0
002708fba8cd0e89e075baaf7f1ec7d8b277322e82f1c7862462bb2aacc8ab22,1815,2025-05-23,True,True,True,True,True,0
6ebf4ec0510b8d291aa54fc566ae489a67f88fb44c2991d7422c65676a38206b,1785,2025-05-23,True,True,True,True,True,0
0e9765ba9a213057efe03d5bc48fd88e85eda6f148af3311158e62c96bf683aa,6517,2025-05-23,True,True,True,True,True,0
6482afc62a5a33003b39e72881673a5435087b3f0fdd0a1517761ffbfbdad0db,4960,2025-05-23,True,True,True,True,True,0
7b00a30297d7c2057077f544ec842e98ae8abab7634ee87051b018a0a45308da,3015,2025-05-23,True,True,True,True,True,0
9ab1c92cec535c9c83b84e9785b6eb94b881f11b1160f2351c1b1da70ea0143b,6278,2025-05-26,True,True,True,True,True,0
f282f1fdfd7790c16d5d4783e65c98db4daad63556dfdd130f89d4bc7730931e,3231,2025-05-26,True,True,True,True,True,0
cff08b23e8203ee84d32e2152c92811da8b82e5f250f8e765bec79620ac00274,1711,2025-05-26,True,True,True,True,True,0
a3f380226b40d42d444dd890ba4036603f54dc6c3330d5c3805b3e7e5ab20e69,1611,2025-05-26,True,True,True,True,True,0
4b4b74a691263b06f6e061cc960813118c2a8b639349d5138d48f194cde97c44,3236,2025-05-26,True,True,True,True,True,0
d8c760427ec04bfecf3d4793726d1b83f1e709d66976a549b6dcde6f40b18bcb,6781,2025-05-26,True,True,True,True,True,0
90546753f932b1e3332820f2c81d0fbbb41ceab219cc089a4ab982d85f834baf,6903,2025-05-26,True,True,True,True,True,0
1b85ee26e786476625ad5b2dd5935544f3a74a7dad939fed37fb847baea956e0,6223,2025-05-26,True,True,True,True,True,0
3c8db63d09c1c0228c77ea2982f1ba3c2725eabd12959d6cb7b034f126e94378,3363,2025-05-26,True,True,True,True,True,0
02b5c9d7591d9e765983a5ccca4826dece5cfc1d85fec2d8d72edfb3fb10eb61,3577,2025-05-26,True,True,True,True,True,0
f7cd3eba9f181e4e1c5d013d0d4b3d2f2321d47f9036bf54230e4e6210da0beb,8103,2025-05-26,True,True,True,True,True,0
48cab32499a416923e7925e9518e5e22df346b73b61fc739397c1f93e311f843,8038,2025-05-26,True,True,True,True,True,0
12c0aae44c19304f9d8d64fcadb909de5f481bc5e80f9f331582b489872e77ce,6515,2025-05-26,True,True,True,True,True,0
9c68a0817ea70f955998ceec4123291684eea7645ed67df8153f326ca111c2c9,1802,2025-05-27,True,True,True,True,True,0
bf20e3a64f3386a9dafa2dd6c91c17aeb4d84b75c3816fd1599b1336da9bca94,3564,2025-05-27,True,True,True,True,True,0
b09b5cca4b0296ea72524020a05327ca115174541d288175475a2bd5ce5b88a5,6259,2025-05-27,True,True,True,True,True,0
c710edd26e04239c2292e996add02ea1b8763337cf920d28321eeb7660602419,3037,2025-05-27,True,True,True,True,True,0
a7d2e1c29cf006a60e93acfdf251bfc618f0b65ccf7e58fd9f3cdcfc7ccbda77,1725,2025-05-27,True,True,True,True,True,0
8e2f419c61e404591c7df0e3b2ac4aeff18585c4cfe6d38544f5db81ab743a1f,1727,2025-05-27,True,True,True,True,True,0
8126fe3424d749fd20dc70d888d63c2821b8e7deec8c6b08aadbd0e8269b24f9,8046,2025-05-27,True,True,True,True,True,0
19f9324123acd39f9345ce566f8dcac3cf68ac2b8df718b7c56b40516bbfec2a,2491,2025-05-28,True,True,True,True,True,0
cf1f8df34325edd1a04594d0fc66cac9743ee4b69ce9470d4e53f938c7439f7e,2434,2025-05-28,True,True,True,True,True,0
4be25c399700c8105d21ebecadb6834e0a43836b3758acefb126dcab581e6d07,5340,2025-05-28,True,True,True,True,True,0
b660f9914df8dda21e59be0a68f079c4b8a4f059c7f281c7b9ac51922ec4446b,2379,2025-05-28,True,True,True,True,True,0
1da640b6abf0bbab778aeb22aa878383d119f51edb33c6b7fed221dcf20e206e,5274,2025-05-29,True,True,True,True,True,0
e29255040af909ed48b300f179b26c8e12aa1b5d1030dd3f743cbea71164d89d,8932,2025-05-29,True,True,True,True,True,0
5458f483f7444f32590e2345739463777f47eab6488753b02715a928f07ce2aa,5434,2025-05-29,True,True,True,True,True,0
a1f57338bcbcdb0fa3477eaf44ddc6bd53690ab4eb10d4abcda1e7e744520516,6223,2025-05-29,True,True,True,True,True,0
d7e319258589a803a777210b5b9ec01fd7a0785e3c45695fca2cd444042549b4,2332,2025-05-29,True,True,True,True,True,0
a1f8c4408dbfaf8c47ae88e1fe8ad0fb9357f5e925a0333d453acb6f833cf1e0,2368,2025-05-29,True,True,True,True,True,0
5308cc6d44a5d89d4c525ddc0b2e99cfc7b0f0b1336699e353d257c8489b6b60,3702,2025-05-29,True,True,True,True,True,0
a5e4accce2932f351ed4ab956bd0907c5669c47e536646541850df0e3692cb35,6515,2025-05-29,True,True,True,True,True,0
ca1b153ade07dc08054f3fa61d544a39d317f89dc03d71b5f6da2427a7e89824,3044,2025-05-29,True,True,True,True,True,0
3617ee9ee76fb80011e3618bb50ef4220a6c3f4691347e28f5b76e0fda5a2dc4,6669,2025-05-29,True,True,True,True,True,0
8a6f9d77f247b35068c4a3e9290b0d440549614076e0e70ae53750ddc6759287,3017,2025-06-02,True,True,True,True,True,0
07c9f22cd924f618a7a4f6c265f927a9a5ae42a6de280a2c2687b6e5d3529f0c,3708,2025-06-02,True,True,True,True,True,0
00af85575fed0622e1ea6629e08ecfc94744cdbbed4c3b2e1203ca957ceab0a8,6654,2025-06-03,True,True,True,True,True,0
c95e2bf8a92b350179f64935decb91804fa0af5ae3257dc182a8a16a3b87e0d2,6274,2025-06-03,True,True,True,True,True,0
197054c05b7da76864dd56adbfb75e301e9aa350415fa09fe5d845de0e5088e3,3042,2025-06-03,True,True,True,True,True,0
bcef2c1dbc20110d05fad2a6fc082348ebf5399037aba502275dd3a0e80fbe0a,2376,2025-06-03,True,True,True,True,True,0
d8816343859675642bc7d34a3a8bf96a1f3893ac561017226f53e5ecdae3bd8c,2059,2025-06-03,True,True,True,True,True,0
74388b06150282891f6e7064a0524d9a0aaf80651ef135950ace6777740d59c7,2329,2025-06-03,True,True,True,True,True,0
1c37621a2378efb6f84472e8a7c39832746226f7e17cfab4b190dad7bfa28625,3413,2025-06-03,True,True,True,True,True,0
42f24e1a3c35ff39af3b0d9b37cb463e2a5a7832488180f518a5bdb6d1de8632,3653,2025-06-03,True,True,True,True,True,0
af9323870ac02b3b3b78f2bd1c8b51908074a29a3b1759ddd769383c2d60324b,6179,2025-06-03,True,True,True,True,True,0
7514cd64369718956d3e74e6995991efd008163f14db89226200a28a07b767bd,6669,2025-06-03,True,True,True,True,True,0
de2366f5a6ac1efa97663ab61f8184d95e4e12fe15909463ba2f97ae5d0dedd3,2327,2025-06-04,True,True,True,True,True,0
fa59529330fba01f5cad1df696e69cd45035d64e1b679747cb25c40d523b715e,9958,2025-06-04,True,True,True,True,True,0
8006ca9584bd4ac074eb8271f7c469f23f6b424bf17d53a953f5836457e87faf,3167,2025-06-04,True,True,True,True,True,0
28804e0e4581deb97f082a3a52c19abadfff5c7cae74b097b6426874547186c9,6416,2025-06-04,True,True,True,True,True,0
689b84e4384043b7aa5861295d5ee9f9678f209e724df409056d0e337800e670,3339,2025-06-04,True,True,True,True,True,0
d1016ad33037a34e0a15d4b63d4c31616ff77f56b6958e8f9b0f211fa94052e8,2308,2025-06-04,True,True,True,True,True,0
0a6c10c4b0947f25f8c871591418a0a403b67f053022ea4a338fcf22d7e734fa,5536,2025-06-04,True,True,True,True,True,0
91b863a1058df907ad299a95ee20b8c4e513443387aca7919d6109dfc5ca17af,6805,2025-06-04,True,True,True,True,True,0
136a89cd07f89210252f73b152e59272d504aff8d556aab10fce80d2c15e5c4f,2382,2025-06-04,True,True,True,True,True,0
ea250811b2f0bccfac106a1b8d8ae4c0625f5b4fd37caeefa37bb0be2454a561,2360,2025-06-04,True,True,True,True,True,0
0a6dee21f6df4df92f34277692ef9d8e349e7046cf3d75637cb687d7c4a9be5a,2301,2025-06-04,True,True,True,True,True,0
200b351f0ca910cff0204f4618a6cce75ec5aa8c1a3476a7f8336cfe07227457,3036,2025-06-04,True,True,True,True,True,0
92888efcda19b3f19e525bfb6a258662a472d9e2b4b4e89731fe318df55b3235,5274,2025-06-05,True,True,True,True,True,0
12f1bae5c91ed1dee1f8bf346f6b6a90b974b41b38f2c3ec6d3010a515fc1d31,6538,2025-06-05,True,True,True,True,True,0
f3214207f15ed5078af3440877b9837a0c91c077fe02f6f8fda6daa990acff63,8299,2025-06-05,True,True,True,True,True,0
22eaa6fe278d9d3e407e49fbe6e03a04ab07f33e11ec0b7b8281e85029ce06ab,6719,2025-06-05,True,True,True,True,True,0
f28b68e3835cb4590b51ef1dfdf4ad8dde470f9f571b2ffc105acaf12dcd7e50,8150,2025-06-05,True,True,True,True,True,0
af5b56422e852e7f13e6592b8cbdcfdf619cc6f0be02cfd46bf2675e6a878a5c,3006,2025-06-05,True,True,True,True,True,0
1531dd9b9f784db168c8fab973a140fecb8f409564b5cdb112093b8792bf9bf2,3535,2025-06-05,True,True,True,True,True,0
2f613b2d8b866a492e11aff7bb7fcd3d5e6fbf6a0ff9cf0badac0bc17886517f,3131,2025-06-05,True,True,True,True,True,0
1531d3a2ac2a1319881b3aa381465f914530dc3365f8b8e9b241bb3f1f128e26,3483,2025-06-05,True,True,True,True,True,0
1c272865130263f21064a834309931eb11398c2c5dd40c755e2edd50f7422515,6531,2025-06-05,True,True,True,True,True,0
dcc9d37dfaab7aa216e65bae8fbe1cc0b8f9c6a11e7815bd898725ed3c6cfd75,6197,2025-06-05,True,True,True,True,True,0
e862a85c9fef7f5138b6aee9f68fcd8f77c46fe967904b2b86ae2317e0ac6aa1,8038,2025-06-05,True,True,True,True,True,0
a76ae2cd20ac01ca20e2b3e4f331e20f3323af2766da1f53c5f9d0797f774eed,8027,2025-06-05,True,True,True,True,True,0
7a6a3f389bc6881d6f1ad75f154a3300d51616e08aca6683345ccd48bc1b20c9,5439,2025-06-06,True,True,True,True,True,0
bdcafbb6e943e93415000a76ef2854d6a0a485396c595409087b341d366ba825,3689,2025-06-06,True,True,True,True,True,0
7d54a18f840cf9da0c4a5d5e17125e631ec5494803a9ddc7258da17e35a77b5e,8054,2025-06-06,True,True,True,True,True,0
9edd8d47903da2b11715cadb975e7d3a94c16e421e6959c7e307e06b60218bb9,8271,2025-06-06,True,True,True,True,True,0
f51c8e82667cafb0ab0fd91f77f899eaac54ca12bed947f3e65551275042d1c9,8932,2025-06-06,True,True,True,True,True,0
1dbd2519b70d39d0194e953eed6a28516f53d4a0541920bacd4c6f70a2e44cea,3260,2025-06-06,True,True,True,True,True,0
8489b5e7f99d68bca454ccee5d471e34aa1f1456a975e7753ca167688577db9c,5607,2025-06-06,True,True,True,True,True,0
849771acc99e46008e3125ac7d290f222451f10174f26a295cd46882cd654517,6239,2025-06-06,True,True,True,True,True,0
268588e751eba75b5e1397e5a84333a7aed2f473e1dc7f69e4cb36e25d783262,6442,2025-06-06,True,True,True,True,True,0
39fea88f6ef15a89f494489273ec4125b1c93860085cda626e8ea8c3dc6a2d98,2421,2025-06-06,True,True,True,True,True,0
e7b2d488f771d87dada0ed72302266f482c46d974edbe93e6077b5ca5aadcef7,6112,2025-06-06,True,True,True,True,True,0
0661c7cebd7b4e85273d93d244d4ba682bf21486001e381f6000203c1349645a,1612,2025-06-06,True,True,True,True,True,0
0814ee91d511e4ac825c6cca24b0fef9c764ef630d5831b886da1f7e0411a4fc,6584,2025-06-06,True,True,True,True,True,0
3bcdec18e281464f970399b2c0fa41a74a937875c7957bcabab0cf8c25bcee65,3374,2025-06-06,True,True,True,True,True,0
a3f845f856fec5a5c758143494d9d2d302ad3416c1a8de32e536ba7e3f4c3faf,1802,2025-06-09,True,True,True,True,True,0
dca0443be8ac5fe5dc888d2e02208a218fd5882b3a72c97e880f3fd16d2058a7,2330,2025-06-09,True,True,True,True,True,0
f9f347c235fe160d17bbb4e5471b15acc6197dc9829ab2bd793d15d0165b7d6d,4114,2025-06-09,True,True,True,True,True,0
0dcdc40acf6c6765c928191dc441393370228f07e08bee917cb56c437c243c0a,3694,2025-06-09,True,True,True,True,True,0
4488e0bbb16b2245b07482f51f7857ad9eabebf958aa825694d9a201a5dd84b2,8358,2025-06-09,True,True,True,True,True,0
7d787b694f60515e2c8f30b923e7e80f9aa10e360a4e51a9d175e1e8f7b2aa51,1785,2025-06-09,True,True,True,True,True,0
e2e7d839396d41878143f651afffc8c149124bcbde0c6801c3bbf99fb2c50332,3167,2025-06-09,True,True,True,True,True,0
751cfc8890721093ed6a17940adbaeabbe490b1b2090ac89cb8860f64d271e53,5340,2025-06-09,True,True,True,True,True,0
78da74580ae11a1053ac2f0dde21a38095283a88ca5e61c5c9f87df2238e7da9,8261,2025-06-09,True,True,True,True,True,0
2852c525bdcca7f46a8395210623cae2c7117a31126b6df3c1b71f51f2247010,6683,2025-06-09,True,True,True,True,True,0
6e19130f06dc1ffa57354b25284ca6dc6456fba381e718ab0504bb1eb5bb4d16,2436,2025-06-09,True,True,True,True,True,0
ae279d8287eba856aa8c7d88fb80219b7d3d4172ad602df84b9c694f7bdadc9f,6257,2025-06-09,True,True,True,True,True,0
b2a44a0259e28c1da58ac44f810b56d4a76611bbf492adabcfba7dc770c105b0,2449,2025-06-09,True,True,True,True,True,0
695a572dd46ab0f7941ac51c6df8f63582f75318ec1164e02bc33bbf19302406,5274,2025-06-10,True,True,True,True,True,0
b9af3901437604e7e9777ea389de584e975a8df189f054783ca08c0966ea190a,6278,2025-06-10,True,True,True,True,True,0
4e2346cca5b9a2dc5bd0a72a57b47dc1b7903d6f3107b5a98f63db0175c9a4ef,2408,2025-06-10,True,True,True,True,True,0
5b06cdc0b6a50ee2ffce9f15c58ca81df88fd87b380833f88f1c930b70779408,3017,2025-06-10,True,True,True,True,True,0
4015dc3543a1bc125feb4da648665ac14c152998df37f0d99a0dab97774f55b4,8121,2025-06-10,True,True,True,True,True,0
d4fb09315eac8495504e2fbaadd09e2267a07cf805d2bbc2bd02bcdcfd902d08,3013,2025-06-10,True,True,True,True,True,0
130061ebef48a8cdcbb9423ea0398522fc193970ee22e1bd52d6bd25036873df,2379,2025-06-10,True,True,True,True,True,0
87716d5e410a346c97d2e4b63271403d249d104c76444ef6a917921481ba2051,2451,2025-06-10,True,True,True,True,True,0
834f64d1080650f2fde5b0583ef0db0de14e15ad03fb17f8022e877140f53bd6,2345,2025-06-10,True,True,True,True,True,0
0b993d1bfbf9e2779c872acd806f46355b2d3461b27acc2bd84e3afe5b201df1,2308,2025-06-10,True,True,True,True,True,0
75673154c0bc8a0cc728436b09ae598c114340cc4cc3afbfff1bd2bfeb3cc88c,8996,2025-06-10,True,True,True,True,True,0
99afb4d59bd7742f302c37b3dcecab88abc5c4d65568dac37d856995256527e2,3653,2025-06-10,True,True,True,True,True,0
f9eba633599688841365186a08f1575e1c4e8aa328eafa8daa3466dbb79118b7,6805,2025-06-10,True,True,True,True,True,0
20b4f0f0d47bab68caeaca05dde117d45ad4e9b78512c3b7b7c70d86baf565fd,3324,2025-06-10,True,True,True,True,True,0
688c1c02428db8f498ebdfd6c10e37e63959a8f31f13ad5da0732d43b07f2cfc,6462,2025-06-10,True,True,True,True,True,0
8bfe898144e3f309680a2a5e43a616e91321dc4780ddb271c1e207f79bfbbb2e,6515,2025-06-10,True,True,True,True,True,0
b5ab5d6e5cc394ec911962703a6d2f110326bd59a423617ec4e6e342b1f14350,3587,2025-06-10,True,True,True,True,True,0
d73d081111be229641ec4541f9e1b52c1c4ce36311fdf6fefac3f81ca3d2ff74,8028,2025-06-11,True,True,True,True,True,0
41e5433e6e79fd8511a1e1779297a339d2b722e6b2dbf9471b6151df8ded1dd1,5443,2025-06-11,True,True,True,True,True,0
8ed03df14bd4ae16609a7b52d8a832c49404adb1434a7cbfbefda4619e342c2b,4979,2025-06-11,True,True,True,True,True,0
afc8729c8b3c46687a9ea38b059f6e71d669ff93014829cc133ce2d3f6e5e6c0,3189,2025-06-11,True,True,True,True,True,0
8a78ccc1747c2d5a9468fb6a402fffad89d30ad1056fed513bce57ef1e7cd52a,2357,2025-06-11,True,True,True,True,True,0
c522e5031298c1703267e36b60ee57ff8787e3263d76792872f3904ef78264b2,8021,2025-06-11,True,True,True,True,True,0
14b8ec15b6f7f0966fab0d44516a76921d94d0519728d8428d26330b9665094c,3322,2025-06-11,True,True,True,True,True,0
051a51f030182567319b64a8b2802ca24798afe9aa862467f73aee9db4aca68b,6290,2025-06-11,True,True,True,True,True,0
e5797020cac202422b1070c32480591454216fd90486c77215655f83e7293205,6414,2025-06-11,True,True,True,True,True,0
f3a68fda8a528e29e816769f20f10dcc60b3343171e17c9197010c3a833ec7c9,2360,2025-06-11,True,True,True,True,True,0
94ca511478a41bdd8716a8fdead270f7c4b87aa69e2f9a2fff861e17c3174987,2208,2025-06-11,True,True,True,True,True,0
973c439a65db57ccc98cf7370e95140ce0a7bb06941078b9d112e6a0bfa72207,5425,2025-06-11,True,True,True,True,True,0
ee3e24bf6e7ecfe7d131e837ac4e5e63222c663a705fef031473a24ba49b461a,6727,2025-06-11,True,True,True,True,True,0
54915952a49707d5150ab750ec27ad11433b6f0fa03748157900efaf2bc6214d,6870,2025-06-11,True,True,True,True,True,0
63760d42c1577ffe13e5bd0d2f26535954b2cc3393a5efff063a030c1183ee2a,6257,2025-06-11,True,True,True,True,True,0
fe3d2d9f7b5447a3da36ebad8a5a74ec7480c4b9a21eff63d2187f25b5c92c75,3163,2025-06-11,True,True,True,True,True,0
536497febba00b6199af161dabbb7fe222de8224401246ff22721ee77958d4e2,3605,2025-06-11,True,True,True,True,True,0
471284098694bc48a05d69588ae6d0567bdc4a703edd3c9108311a0168f4e442,2455,2025-06-11,True,True,True,True,True,0
12cec5a7d41097a2f6e7a26cd88e0a46f22ccc4a12f46702fc7874fc33c0fc08,6138,2025-06-12,True,True,True,True,True,0
8e2ff5626804ad039945022b738a850d5b74aedb8173cb7dcfc3697dc3b3cb3f,6190,2025-06-12,True,True,True,True,True,0
b06ecccd1ac9ed74f093fc716e83b2e0516c78f5c57a5a040065096409c23c7d,3362,2025-06-12,True,True,True,True,True,0
a035eb7d55a06d150e157001c4c654e00d28a12105b7010d2dcf1b1813fd8f68,3081,2025-06-12,True,True,True,True,True,0
67eb9c161defd00e9e0e3f0921978233c1782e4a591ccf2a736c767c204b09d1,2354,2025-06-12,True,True,True,True,True,0
2d8806a04a2ddc15f878ae73876b9eade27164c30ff679a31c672799449a1a1f,2356,2025-06-12,True,True,True,True,True,0
19ada06bb578b29abf1a890d6df218f7f4a5f2af22a6da01d8d0c6332197f75d,2352,2025-06-12,True,True,True,True,True,0
3032bc7d8855bfe9c072e1ecdaa4a8e30351c3349515d2f119a53d9b8a110e7a,3324,2025-06-12,True,True,True,True,True,0
0db523e3bf6fbba703839cc2fbcbd2812dc85db3cc9b12f97d56196b44c1b388,6584,2025-06-12,True,True,True,True,True,0
c355014814635e1acbe923861c952e3d3d86bb205fd298244e3e2952b3041754,3583,2025-06-12,True,True,True,True,True,0
2ca321d56adbc11171a5d95da63e0eac82a1564c62089252ee3bf2e27442e563,3706,2025-06-12,True,True,True,True,True,0
d6323909364c8dffcc159e7bb2f0d8136ac6fb5522f2c2517b3cc9c7e0dc2306,6937,2025-06-12,True,True,True,True,True,0
01fc65f9b9ad260afd4a3aad760defb62e5df28c96e80a06d3f5f3f83ffa2a00,3665,2025-06-12,True,True,True,True,True,0
e9dc34210038c3cbdc2c8999f54e4d183b286840b8bd2508f75fc617e2a19e4a,3167,2025-06-13,True,True,True,True,True,0
f7627867ef195f2a7f795648bf8afa7886912c78a04ff5e4042de83f9f48d6bf,6805,2025-06-13,True,True,True,True,True,0
47cffe32712b09fa905cc6ff916ebde60d5bcdae26981274281f3abbf742c2f3,2382,2025-06-13,True,True,True,True,True,0
39e1e794e8b30d8978188586946441e41e8a063282c5c634ed3ad889451cff42,2301,2025-06-13,True,True,True,True,True,0
60749997dad18a139b4831fe2ea8481e30bd7ce212d34ce3aaaa406edd1166f4,1519,2025-06-16,True,True,True,True,True,0
58f227babe092739c721377465364d143a5daf26c5f2f9ab0de2871ca2a45fe2,3005,2025-06-16,True,True,True,True,True,0
9708873cf7414d7b349936754eef003066ce0dcb02b5c1db4afcb199b6db2e85,3131,2025-06-16,True,True,True,True,True,0
91a40cdbdcd3da7928abc34091f507069ef8bbcff2b37be1f22b5317e12b9e6b,4991,2025-06-16,True,True,True,True,True,0
090e7b6808653e6d2de8c7039b6606e0e32308367098549682b23d2582a719f8,5475,2025-06-16,True,True,True,True,True,0
06ada1087676dde3bac6a1b5b54436e8e4d9c1661c9b44e9e69113a4a7314dfc,5243,2025-06-16,True,True,True,True,True,0
09777dbe48532d0b7d382e45400fbdba27bc280a46f22f0ba5e8e1f3c37620e9,6239,2025-06-16,True,True,True,True,True,0
d39ca2846118a244945e6b27d0d0af337ae7631c70232b0e0c1138a6b97dc907,5474,2025-06-16,True,True,True,True,True,0
936a135c20fdbff0fa03c9fd099a6b3e938e93e573d0cedf6822532928b8c033,6451,2025-06-16,True,True,True,True,True,0
7c27af80cf9e22bc79b2b049bc0692fb5c0a272f3ca15a31bf7194d35e23ea5c,1301,2025-06-16,True,True,True,True,True,0
78f4faada879d8976041fc6eaa818527ceac67ec78960879d33769352bc7230d,3455,2025-06-17,True,True,True,True,True,0
34f14af5cf6e6cd2c7e70218c1bdd1726c85620f6cb22098225b00c47a230251,6141,2025-06-17,True,True,True,True,True,0
fb1a2bdf75dc8bf46ec94506032eeabdc7d0a42ca725de0a39e1e4a45e66e9cb,5285,2025-06-17,True,True,True,True,True,0
a7e55aaef21bffdf10f13227393c7c7c21181b8292b9974df42d0bdc34fcca99,4551,2025-06-17,True,True,True,True,True,0
a47ffaddc8e4efd64ab19cab17a21aca48c48916c02715541dc3a4f088143214,3711,2025-06-17,True,True,True,True,True,0
36c740f5906a685647013dda3bfcef59995383ab93d1ca705ce85d14b5ad96ad,4923,2025-06-17,True,True,True,True,True,0
482e9b7f019a3793ca9bbd2b9fecb16f381cf3ae871fb8c82c9b96fa8ba248e0,6223,2025-06-17,True,True,True,True,True,0
cb02b6c9ac24fc0d596c24d38ab3c68b322c6834c2d198498d0a50612b38092b,8021,2025-06-17,True,True,True,True,True,0
a6ec6453a4ec3fd79268418f4498b293be89d2be7c857076254d8499a1089a5e,2351,2025-06-17,True,True,True,True,True,0
3d368cd950dac2bd397a24cb35fb0af78ff0902802164206549024ad59597a74,2208,2025-06-17,True,True,True,True,True,0
5760ef23d570072af638a6bb2cd0ba6a31829f0c87a8f371c15f7009df19abcf,6515,2025-06-17,True,True,True,True,True,0
1e792c7e8f790d1798980ba605962c18235b26683352cffb40d918158390b84b,2492,2025-06-17,True,True,True,True,True,0
e8b2d8cdc2938853e18b886300ce4331f74eb20010db153ade02e5464630502c,3527,2025-06-18,True,True,True,True,True,0
310bb7b8b3728c9188d079882d2bb359790cceed3d3bfcee53a24fc86c89c6ba,3055,2025-06-18,True,True,True,True,True,0
d52ef45e610d585f1b6120f679bfeccdfbc78782a02ce0096c1cdff303a498d6,1519,2025-06-18,True,True,True,True,True,0
ea4eefd3528c2e0eb4fd38d51cbb077afcf29b02d2f9d9d8b46ae646a2e91e96,3406,2025-06-18,True,True,True,True,True,0
7282c084baeece497cbf40ad63f5c7dae9458bd30bda60a766a9d6a4f4c30869,3006,2025-06-18,True,True,True,True,True,0
c0ab9e74144046490fc93f477b3024370752d91746b1e273dd1a60d3cf9d0bba,1513,2025-06-18,True,True,True,True,True,0
f71e7520df934bd728ff232ca1d69a1c786c4d0b67e2238645a7d78ea1b65ca3,2316,2025-06-18,True,True,True,True,True,0
8ee851de085b2ae2c5c01f901eb6c0362d159f96e173df5aa6e0699f24fc7946,2344,2025-06-18,True,True,True,True,True,0
693030c34726b65b3ed23e98e398168034043e21ff20debee081d9e571959c58,3013,2025-06-18,True,True,True,True,True,0
150c9da2460d30c704bc8d7d397e89272e4b03663a3b6af57da885d801408b2f,8110,2025-06-18,True,True,True,True,True,0
b91be00c268b6eb418b49100db6d36feb6346a843422e407496ab71404905946,2357,2025-06-18,True,True,True,True,True,0
82253f398ade6297fc6e48855ced0eb63fa7823ede1595b337d95ceb613cb0cd,3363,2025-06-18,True,True,True,True,True,0
ee6a0d0adab1622e0e402050bdc6203d0600536333a7f786fe57c11c739b85dd,4967,2025-06-18,True,True,True,True,True,0
0bfa805ba629d2a1e09663431229d835cf5c5178d454f928f313136a85f3df7c,5498,2025-06-18,True,True,True,True,True,0
7a81b5363cee816ba680ffa60df47a235911c1fc18008a5d7c72661aa94dec5a,5222,2025-06-18,True,True,True,True,True,0
2007e1a97cf3b27c2e7e3af4c8978113d7d5da76d60e540062c20a84d368bb54,5426,2025-06-18,True,True,True,True,True,0
7ffed3480268ff1cbc0ed281ac700ff653794aba8b6a1042f4cd2f68c20aed9e,8033,2025-06-19,True,True,True,True,True,0
30b9cd4c552b1f8e14ea61a2b79cc0376ed3cd2a95441973a3040ed9cde02e12,6257,2025-06-19,True,True,True,True,True,0
b1303d190afdef28d1f0d8805c249333442d46f8bb369a40ed5ab25d2ea43570,1569,2025-06-19,True,True,True,True,True,0
cbf967746e39b2f55b3e37be21025bcf87e2a8949ee5f3e6b27ae2de46f62b93,3693,2025-06-20,True,True,True,True,True,0
b6b401aec45e569db0696be01bf8d50d137c1406a0fddc99e25db1934749fe1c,8021,2025-06-23,True,True,True,True,True,0
c8408a25702cc8a9678d725ef86871b652afbea6222b561ba9004fde0bfaffac,5426,2025-06-23,True,True,True,True,True,0
63935093baf62aab5789d83f8dad7e3d4a286f51a124e00cdb1c4a8d394e3fb4,6691,2025-06-24,True,True,True,True,True,0
d82849f05c3ff41513aa878d6cd4100968ef8fdbe31538c58aa26eff822075ee,6138,2025-06-24,True,True,True,True,True,0
a1577da76177c16aee592d3cead029b25406f0ab56affd6a2336b63580f1f8aa,8091,2025-06-24,True,True,True,True,True,0
be1bb5c29b3b9dac6b620e2cbfd6d913a758ed7225f152b24e3ff47a0dbe9fcd,3034,2025-06-24,True,True,True,True,True,0
3f931a46ea6095046bf201848ad63ea7a61de236b24e002dd705c5173548d832,4991,2025-06-24,True,True,True,True,True,0
b352b0e5827a03626368eb008422bd42081ac040b1f3a5d95480dc59f8fe69a4,4976,2025-06-24,True,True,True,True,True,0
139e3880019773292ba9a846725e0e7952964344cf2dce65b526c7d7115144da,4971,2025-06-24,True,True,True,True,True,0
b69b79696f4458078fcbe1994d7995726193ab4a7b075124ed540c998a92f184,3363,2025-06-24,True,True,True,True,True,0
6b2ecee6ceada6957d5e1f3253a770c8c43bde470beeaa4053a45c50d7298de4,2308,2025-06-24,True,True,True,True,True,0
13aafbad38dced09c66d6570ebc5f0868299e143173c44ddea2709af67330ba8,5388,2025-06-24,True,True,True,True,True,0
fcf19124c1715793141493b4b4a31ec0212de2b8cadd504c284c752a0ebfc0e9,5536,2025-06-24,True,True,True,True,True,0
77a28c756a3112bd97d0edc04bc8cba8de4b7801c52953e4d8ebaebf563f3ec0,2317,2025-06-24,True,True,True,True,True,0
71e67e06a366a0080d96144f68c42b7ed5502f1588f5fed4d25350cb256a4359,6187,2025-06-24,True,True,True,True,True,0
aad1b7e19c64db6d62bd61200a3b12d49c7f5076959360baedfafa324724d0ff,2382,2025-06-24,True,True,True,True,True,0
828d87b2cf40a22f8ca47387af5d4e8510ff47aa3b26d838ed9b359f233d253f,3583,2025-06-24,True,True,True,True,True,0
88b64cfcfbe0aad177203f8721ae9a8207ebc1457cac1450cf0c5df78fd221fd,2328,2025-06-24,True,True,True,True,True,0
e4f46e5f6bb17358f72a2b7aa28c4435ee2283ceb6ebcf4700680defaa95fafb,6515,2025-06-24,True,True,True,True,True,0
6b3ffa3a1f8bda23325eb8d1dc33d7543234168aa4a5fc2988dcf62a9fbaf6dd,6937,2025-06-24,True,True,True,True,True,0
e4c018c8636fa487a33511028a4d133f73bf2df528a7edbdacb3019abf462801,5347,2025-06-25,True,True,True,True,True,0
e4c1857c91a96e5e97075e9f0e833ccb0eac5aac341dea4633e4b60fb72ca868,8074,2025-06-25,True,True,True,True,True,0
764f6dff4e5e2785d457f09b22c66fa18c8e8d33134d97ea374523501c35c6a0,6532,2025-06-25,True,True,True,True,True,0
6d973d97bf9a8f3569de6b6cb45e152dabcb16d488630a2dd61e2715a49e84e8,3231,2025-06-25,True,True,True,True,True,0
3772490988e604be873a5e6da0f9a6c8eeb10eef2edbecb43013aa333c01a0e0,4721,2025-06-25,True,True,True,True,True,0
6c47bcdd6a47927b73b70d84b086dca86b0be3ea7081da13635ae3d330e7732f,8054,2025-06-25,True,True,True,True,True,0
28e3d13c9b2891032c7b135425d88c457460729be2246bac3b66adad279570f8,6830,2025-06-25,True,True,True,True,True,0
2104d85157d3fcd9f2324085f078f9d457a8285f89add5585f387c11e0d5d680,4931,2025-06-25,True,True,True,True,True,0
49bc98bb1a51daa6881868f2873d30e832986abbbf849f58235f77f59501e9a1,4542,2025-06-25,True,True,True,True,True,0
2532e17c6cb632e6c7e98323b92c08ec854a9d5016b69bd5f4c011e1c4f46fc2,6127,2025-06-25,True,True,True,True,True,0
0dae5883d4833879b7556b866e48b4f36ed3e5fde6b0dd9366cc48d9631f34f9,5434,2025-06-25,True,True,True,True,True,0
d15ef5136eb743afcaa7570539a9174acc20456ad98da592d02a9bf2a0eab92a,3711,2025-06-25,True,True,True,True,True,0
25f53fae583df386240368dbbdff14629c75a4ffc26564f783309c7887af70ed,3211,2025-06-25,True,True,True,True,True,0
2775b24095a6cc59d6b8c5da25ed2262c7632e76bf431c48cedc9d00d37de8bb,3081,2025-06-25,True,True,True,True,True,0
a2821d53a54911c26bc6ab16ca837313cf2e5c9aa7443e0e5a01de9eddf0e8ab,6803,2025-06-25,True,True,True,True,True,0
30467b4ba6e57daa77136884bd2ff35ffd511787f03e0d516a7e4fcf5997d0ec,3443,2025-06-25,True,True,True,True,True,0
2f1b588be744d91a21b1f742f99d1327736bdf54f7e00f478bfa437a41531458,5321,2025-06-25,True,True,True,True,True,0
e176c2a107eaf3af9138553c10adeb6a97ab211a57f75bbfb23bf9eec591bdb9,6669,2025-06-25,True,True,True,True,True,0
7a3732548f2203c136acf8db48157f17be16ae5587008ce07aa9637cb32e98a6,3527,2025-06-26,True,True,True,True,True,0
937cd5d6a1b8feb5bbb38e5a0683a9bd941efd13a3f33f4662211b6b5e37307e,3152,2025-06-26,True,True,True,True,True,0
f64645067791fbb328f891d74464e145d19c20a1b694f81cc8b7ab75d8d502a9,2539,2025-06-26,True,True,True,True,True,0
360976245e69dade2c9a4c7788a4b1d22cc007cf90947e19560bd014f3025d8f,1736,2025-06-26,True,True,True,True,True,0
f8873484105bc7af48fa2ad2503e1db6b0999c99526d34ebe81b99f199619b99,2330,2025-06-26,True,True,True,True,True,0
6bebdb120c0f07dccf1e8ec96791d7e9b23c30cd6985da3f16aab86606601938,6781,2025-06-26,True,True,True,True,True,0
b02f9b4a181dd3fc1be429389cd493ad85d97744a208b09fec116c8ce44ad180,2542,2025-06-26,True,True,True,True,True,0
065e1e047f5c670070178eb0e3d4aaec13b31c410552d11db994506d151db322,8131,2025-06-26,True,True,True,True,True,0
f208ce3b9dc4f4b44bb17dbe35ddf2ba1baca01411f2be502573cb81b4bcdcc4,2460,2025-06-26,True,True,True,True,True,0
18f1476342c7cb31130d32e20ea1c3b8ae2d9cf6ea998c4540fc626cd555ee67,3016,2025-06-26,True,True,True,True,True,0
17d50afb6f6ac01f07b7c963e1aa1acfcfb41a4fb035564f59e0af076dec8c92,3707,2025-06-26,True,True,True,True,True,0
64b08ca90599e78da15e8e19c2a361213413cbbd8cfa206c719596d17752a3d8,4739,2025-06-26,True,True,True,True,True,0
77ac41eeb566063d00bd40c07941615b9327b9ffd33217910a5e406410ab368b,6870,2025-06-26,True,True,True,True,True,0
6bdfd5df699d7f2a20d3164e73bebf6b5e20d67ab603567be8a241a3230cd21c,8069,2025-06-26,True,True,True,True,True,0
ae66f266e7fda6c255c2b802d5868edf400a6eca71c54469be1e7fb23c3f3cd7,2314,2025-06-26,True,True,True,True,True,0
cd15e389b018a41c047effb95a48e973ad694ba3044faac777467a5ff1cb89ff,2301,2025-06-26,True,True,True,True,True,0
03d01bc64c7a6c74bb98d441ebca5700613659aa493de72aacaa75c52cb3eea2,3036,2025-06-26,True,True,True,True,True,0
b0ff14b85c34f492915403d81b1fd54779c1c2ff7c049b55b19fe16d686ba105,3227,2025-06-27,True,True,True,True,True,0
d375a4aa45d88ef7aa81ee805db4ee6c54674a65773d7712c63a8e4f75593118,6719,2025-06-27,True,True,True,True,True,0
d499b6e3bedaf986ad90b8378e9cac59d65fedd514fd1eac9cfcb868c1d5d4a9,3491,2025-06-27,True,True,True,True,True,0
b949b12a2b9d4970a74f2dd2a6b6645adaef6ddbc259a65e5c19136546d1b8a4,2546,2025-06-27,True,True,True,True,True,0
a9d2f09bd0de131e6a4c5c6a90cf3c6f6acb45ca332dcf39a4e2aefaba1e560a,3577,2025-06-27,True,True,True,True,True,0
1a3eac382be51cf9f1149433a4be0f5173c40d8a8b98ae5cf97bdacab3d8fd0a,2317,2025-06-27,True,True,True,True,True,0
88f8eda9369408f495bca372aeb5eca8bf21400baf7e2c3800c7366a91ffa5bb,6257,2025-06-27,True,True,True,True,True,0
abbed697e32c8ca681a0f24ae23f3e806c65c02f131e6a1d3a05c9bdd560f176,3443,2025-06-27,True,True,True,True,True,0
c240ce6f15bb67173806e2188f1107f0463abece243157d1b41fda48ac89d626,2009,2025-06-27,True,True,True,True,True,0
77aaffc395540f48cc10681258f35bd7a6f53db5ebb348435b059865bdf63955,3374,2025-06-27,True,True,True,True,True,0
26f2ff524fc4487010391a32452535c7eed5d19a0d6bf56f952f44bd5f350cc8,5489,2025-06-30,True,True,True,True,True,0
65b3688c429e5858eeeccc42ea18b7f69387311b8c34ca93abcb30e04a1db6b5,3034,2025-06-30,True,True,True,True,True,0
2e6733ede9d4a011b202d79b49296fa4b3366e799af5d6fc736f8e6e0f105d23,6742,2025-06-30,True,True,True,True,True,0
0962ac1a9d61e6ff01716113cc442fe9db7d7d2765978134eac136fd19f654af,2368,2025-06-30,True,True,True,True,True,0
fde6ba0f8aa6aed0c4e6d4de29e9db8ccbc839da81025271fe2854b18aa8d8c2,2360,2025-06-30,True,True,True,True,True,0
d121c2893050358c18f8cce60f762f131da6d5ff025e46a517a62c57fd7e2177,4729,2025-06-30,True,True,True,True,True,0
e3b1acac9f10d393cffd13d065eabd7d9b77e137b5763b39f52c1c4b1732c274,3691,2025-07-01,True,True,True,True,True,0
4b274be511faaebd865ff9395d7a7a4dd68858a24d34495654d6e8bc7d33d1d9,6443,2025-07-01,True,True,True,True,True,0
a9cb589b0d78025287b255c17d4643e8d83076e7ac2b6bd81ad15ca6a85332dd,6153,2025-07-01,True,True,True,True,True,0
c77cccf2dfa8cfe67ac551aca2bf054262500000ff59827a6355b8f34bed942f,2221,2025-07-01,True,True,True,True,True,0
a49ced18bed9cd4dfc4db102ab405d3877e59e6723c10b79d4226df0be20063a,3535,2025-07-01,True,True,True,True,True,0
caf5179c819011e0fb980022c44672208acf3502fe4a096cae18f1e4baf26510,2330,2025-07-01,True,True,True,True,True,0
67abba2818a17e34c6ab9d87a471b6a46827552b8380763b340334f01f50e1c9,6199,2025-07-01,True,True,True,True,True,0
2f6b1f191130e0e59245689aca6a3288fb427e1d4b92c1327c21618d962eafec,3529,2025-07-01,True,True,True,True,True,0
b3c792f076e8116bc1f7236bd9a615e251d433363c5d4d65caf0f2132542c7de,2546,2025-07-01,True,True,True,True,True,0
39baabfe25adc8938e355e3eb03dc5c84577ad3630bf0c29825347587a06f530,6217,2025-07-01,True,True,True,True,True,0
bd08907e17dea94e4c34dfdd907b12c3ef0f3e15cf6aa752603eba611bfdde42,5498,2025-07-01,True,True,True,True,True,0
b4aefa8e048babde45232dc2bc21831cb976d447f15f7d6d58ac3228afb43c75,8071,2025-07-01,True,True,True,True,True,0
045bfc93cdd7da4eec53e7aed4397381adad1fa0d0cbd3e7e7e29c37e7389bfd,3702,2025-07-01,True,True,True,True,True,0
41ed37bb710da6db9fb1786a456581fb0cf641c79eb76ee2b9b03040250d9aa6,6269,2025-07-01,True,True,True,True,True,0
cd2cf159f9238ff5c2e55a58a50cada34e7fdf45fbcae692a77b1a1073c622ca,5274,2025-07-02,True,True,True,True,True,0
45246ffd39bf9759911ee9c0932dc1ce00a308b8b725c83a45a310c5dfa2cf4a,8932,2025-07-02,True,True,True,True,True,0
1b067ebea8100400c9130241b32542077451eff1a045e7c65e5553bcaa2189b3,2527,2025-07-02,True,True,True,True,True,0
0e95688ba8228e4043a8204e24ef395586545c3826e569316a25cf6efffb6283,2548,2025-07-02,True,True,True,True,True,0
bc7c4e1df3c365b2ae2b9299017e6590bbf6950945675d3e8a258d3e56de1849,2542,2025-07-02,True,True,True,True,True,0
d5d1804c126ecceeaa99694765d4d112508cf9b8b8575398f469218ee35074aa,5475,2025-07-02,True,True,True,True,True,0
237c147e68686b73c20504d4d035dbb5f5968791fa51ef8c020a1a6ab2fed71d,3167,2025-07-02,True,True,True,True,True,0
910cf0501e527ed864f2f6183716838d9d1752be47ae6281771a83a8f8dcf357,9904,2025-07-02,True,True,True,True,True,0
ff27b8196437624bcaf298848c758ebce690e1495873c599be83825ec8d2eb56,2441,2025-07-02,True,True,True,True,True,0
b2bdf9b76e58a18d04068c004be9328ae43eaa7783e2e8abebcd7eb8ef0d3439,6667,2025-07-02,True,True,True,True,True,0
aeca7a962fcbe87d448b886e423af5d92bca0bbcc1c88a6bf07d6b68795708cf,4729,2025-07-02,True,True,True,True,True,0
eab6dd44aa709e09310165218e3c995dc7fc0dbc2dc57614b1c29c325e32b59f,2501,2025-07-02,True,True,True,True,True,0
251fe25e03b1eee87d143b81b44bb424e80c7993bfbb209a59c02a5bb3dab056,5347,2025-07-03,True,True,True,True,True,0
ae916461aaac12bdca67aaac17514784a2e0baec0eb0c379accd1669b81cb372,3227,2025-07-03,True,True,True,True,True,0
0ddc1f7594a3d93ccc69939c961d5ba177a19b35c8770c6a49d2b0f0f2e91bae,5288,2025-07-03,True,True,True,True,True,0
4665cedd6e15370e9931ed5f069127f595adb2da4452a2d146efb15c427be3bc,8054,2025-07-03,True,True,True,True,True,0
d6701dd38d7a8bff8bff2aa520de15a039b48b05d0cab19de8d8c0a443ced9c7,4114,2025-07-03,True,True,True,True,True,0
cd83166610a9733b87595f0d77767e8ccd8c3e9981965206c1ad366a5f2ba629,4991,2025-07-03,True,True,True,True,True,0
9616495de4e35626dca4475d46eb81543adf5b43618765f6a8ea1bef4d61924c,8043,2025-07-03,True,True,True,True,True,0
bc85d32f7416a03a2581e3389e7852ddf5f4c878851899938da2376c326bce7a,3037,2025-07-03,True,True,True,True,True,0
4cb08346413683570ea2baaf0d1ea789d22573d992cbe1d351cb1e821803de7d,2451,2025-07-03,True,True,True,True,True,0
3c365daafb42b66c07ad1d1fa31b189346cf891e6e28ec82f2fac128ec1bdb60,6239,2025-07-03,True,True,True,True,True,0
002c4bc42c1e8ade2615446927e28001376ce64d2d84e8040c3f291562dd60cf,2466,2025-07-03,True,True,True,True,True,0
4a3205c2c292c8b272f9664dc6ae25e58fff2453f4280ef0f6e232850ec08275,6257,2025-07-03,True,True,True,True,True,0
82ce55d45dda192e963c8dba0516951e3d6a9cca86ef1ad90f034b61b57b646e,6584,2025-07-03,True,True,True,True,True,0
425cb49764399eb5219dc96acaf51ffa75b93dd64dd0ea683ddfed25c7e1cc00,2449,2025-07-03,True,True,True,True,True,0
844c23b4720ec190971f6067f6b2afd647eb9b046a6987050df0873eb3f4d820,4939,2025-07-03,True,True,True,True,True,0
5d53125d72dcaa7604aeb2cf4dbe10580e497a413a992b05dc07227d3ff9b33f,2301,2025-07-03,True,True,True,True,True,0
f6cdc2d1912a9f89a67cbbdf4b2e6984175a4da474c4153f226ea46a29649b97,6770,2025-07-03,True,True,True,True,True,0
5ddb6692f49261bb761054cea978c5e0d46f892ee056ee9e1e15d1b0c72f8771,6532,2025-07-04,True,True,True,True,True,0
a1959880a41e492fac86ca7bdcd1b537883b650e42250f9c16f8bd7e4d159c28,9945,2025-07-04,True,True,True,True,True,0
9c27e3a9096ee3c8299e5368fcadf2eff75e639e1995288ded74a1322cab2545,3508,2025-07-04,True,True,True,True,True,0
79baa535e553d8bbb5c9b3b7b9764be0ae73e8dd6a1d913f50acb8e8507cb1c5,8046,2025-07-04,True,True,True,True,True,0
e75a5c0ada40f65f560671baaa23c55cd842965fa50179510e481359bcaa8688,4971,2025-07-07,True,True,True,True,True,0
c9edc5db1d32e902e137d5ce1b42eeccfa51aec6fede5b7301dc487debd21af2,4729,2025-07-07,True,True,True,True,True,0
26e319c477a3a6a8b7a46817838d9192c61ed8c28aedc918853b0b479c8ff3e3,3543,2025-07-07,True,True,True,True,True,0
e735709f3b045c48933380b2066e1693646f0988e420ba6118e232004015f56c,3321,2025-07-08,True,True,True,True,True,0
fec2c827c9e35c06f3e76bf118a213563f5f7c770c9019dc0d67562bdb44e696,5536,2025-07-08,True,True,True,True,True,0
0974578b311a52eafbea39d9d581a88de5c4e22082761d991c55124bc8237829,8277,2025-07-08,True,True,True,True,True,0
bd166972086803352ffad16e4ae8781c7a0f0a204a9cc6c812f0f97b12b56703,4960,2025-07-08,True,True,True,True,True,0
ffde76e4716656948b4ebf6582241a866450944212152ed1a0aa8e07f12aae14,6693,2025-07-08,True,True,True,True,True,0
9765854e2827bdd029ead1b41cf82bb72823fa1144bba358cab92975751d68c5,6278,2025-07-09,True,True,True,True,True,0
108b4c18a983ddebca978a0f29328fdbd046e39a4308c0bf4a6994b3a148740e,2454,2025-07-09,True,True,True,True,True,0
5e04d555269a296324864e8b9709d6bd278692fe209b598d29517b94df5d243e,4958,2025-07-09,True,True,True,True,True,0
b8fd5ddcb49b8ed2db8eff09a8401a3b3bd0c57e45c48c011f493037837619ca,2548,2025-07-09,True,True,True,True,True,0
fbf3771225e5966f0e97d966124042e20288c412e31204e111179b4367fcfd59,4760,2025-07-09,True,True,True,True,True,0
20a74f359f4c6c62911e01440c99a1f637c3286338e56b91adaa0cc270e572fe,6197,2025-07-09,True,True,True,True,True,0
03a55bfe539c850cfa1870e8c59fe3d0dbaa06bf201f15025d47a14acff236dd,6588,2025-07-09,True,True,True,True,True,0
3c0d5df7ce250fc1b9d3b1345005725874427298abadc36f31829012857579b6,8358,2025-07-09,True,True,True,True,True,0
29af5a181132493a735fe21d8972c865665525ab4c6334798e079efa2974fc96,3213,2025-07-09,True,True,True,True,True,0
9c64738b927447303f65747c06a06b3e7cbbb8661dcf1186e8dc9ff5e3bdb6c9,6640,2025-07-09,True,True,True,True,True,0
8c212bace4b3cc14ac85fdcc03b9901d7ac5c1db2de39d2ed8b9c216fefa6a08,8046,2025-07-09,True,True,True,True,True,0
859251c94892d164989cb5aad0335f55c2a62c907ce68e71d273c891a27159e7,5274,2025-07-10,True,True,True,True,True,0
8c0cef812a3748e0f507be25109bbc5383d7f316df08eb2e1998854c7ce607fc,8074,2025-07-10,True,True,True,True,True,0
60488d5d9c52e608259f83b1e75a02405875e710ef32c2543886801cf71bbb5a,3081,2025-07-10,True,True,True,True,True,0
5a995cb1e32bb18704fdd732a8fe5f5dc0cac72eececb9b04fd715bd0332947c,5340,2025-07-10,True,True,True,True,True,0
646d83149017d719de232fe40a500ef529887d94dc73a6df0383574b929d2e0e,3708,2025-07-10,True,True,True,True,True,0
3d11a002269b0298dd893af85b291a54113ff59b8e9813a7b799802e21d2f2d5,6861,2025-07-10,True,True,True,True,True,0
e3e2e06133421610144bb90600d060a28fb23967b504b53120b1ca2b38e22733,2345,2025-07-10,True,True,True,True,True,0
9770f89f7d7174032b9c78cd935745f23fdd1bf0b0c26e3491eacb7e2a8da37b,3114,2025-07-10,True,True,True,True,True,0
61ec04231fbaa7368e4e06dd558a20a66f08df45b05db1cfceb184a7823d7bc0,3617,2025-07-10,True,True,True,True,True,0
98f78c4fd14b12d65c4defbce839287fe5b6f232686ffe447fc9daf216425240,6269,2025-07-10,True,True,True,True,True,0
d702764409a0d55e5e483ede7fe520dc720170800cc088ca3947d8a107c93fe6,3587,2025-07-10,True,True,True,True,True,0
9aeb8692afa56fc9d6366ec766603b230c5c9c2c0535d49016139101c0b7e9ad,3661,2025-07-10,True,True,True,True,True,0
fb6ec19c0ec02cad3d9842c9c8822df2add5f858ac8947399363054039ffc6b1,3528,2025-07-11,True,True,True,True,True,0
4961160ad6de28c1deb3ff31fb28e2497bc2f4f0c848d7702b64001af29b51fa,2349,2025-07-11,True,True,True,True,True,0
33172e0e65e2413f5671ecbcd8cb563d1b023f88562682a7bd609edaf48a03ea,2395,2025-07-11,True,True,True,True,True,0
a7181a95a675a0dfc7b4fb71af3f441a9a15b3e9abb2eb6d10dd4b4102db9dd8,3535,2025-07-11,True,True,True,True,True,0
d13586d12d3f2ecdbb5ef489682bf8c38b1968897dc9c0115b743682e51588ef,6613,2025-07-11,True,True,True,True,True,0
e48760fd744eb940c08485dd9bd8f9b0839502220a1335e82cb905841e4ec666,6531,2025-07-11,True,True,True,True,True,0
90f6db4aeca79160a741fa2d4f3407bd983fac28bc6e3d90546cc04de64bef75,5607,2025-07-11,True,True,True,True,True,0
0a04b30932670679b2f199d1db581845fcd2d23b99942984a638334bf6769f2e,3167,2025-07-11,True,True,True,True,True,0
c62ff4b0b1049e68b3ff266744ebc008e971d81da99891008294f27e71a016de,6196,2025-07-11,True,True,True,True,True,0
13879b0963e10f3b0c1bdca664851d2eb783f56ccd797040822739920adf38af,6016,2025-07-11,True,True,True,True,True,0
791e9aad432603774882255cfcfe467aa789336a455b62a573c16f085ae382fd,2367,2025-07-11,True,True,True,True,True,0
fded875d14a2950ac85e3f4fac268fb6d20e0772cb8261b91fb7be097af738d7,6168,2025-07-11,True,True,True,True,True,0
23cdf71bd5dc13741f04f9d654335eda4341eeae7b8db30b261aa94a7493e63b,6290,2025-07-11,True,True,True,True,True,0
9a7e1a240c0a07cb14535b1856ed186e8d53f29c12421c36cbf3f79ddc12b20f,8040,2025-07-11,True,True,True,True,True,0
f7b2df881f8fcea6c1d6cb2a447311b53a974c15e4e0ce8097494919d834cfd9,7734,2025-07-11,True,True,True,True,True,0
86f0687aa2d505fdd925e148b42db08dce4fae4a40181475acbde7e5dd191f54,6727,2025-07-11,True,True,True,True,True,0
7981bb93797465b9f48a81f372a3af875e58cff55c30929a904f646c2c84b838,4903,2025-07-11,True,True,True,True,True,0
16a6ffc9def8d243a04adc08f01e129950e6e18f35bc2890df26d2b7f777189b,6695,2025-07-11,True,True,True,True,True,0
134c5237fa2b7a8432fc294168b58f76abb552d280466f6c338768acd3f6a6e7,6275,2025-07-14,True,True,True,True,True,0
32314e21831d29f550e3692ee984af927c6c4e36004e8dbee2af63dc26bc0779,2610,2025-07-14,True,True,True,True,True,0
fb2cbce7d753c9a8585b716094ce1a6f9875773d9d4ba1796a010e3b41e8a031,6806,2025-07-14,True,True,True,True,True,0
1b46016a8839754805ebee165a093f30a64a3c8471d57fa88e09b326f509eec9,3191,2025-07-14,True,True,True,True,True,0
7d8b9c74d14a74dfee679ece51bce54d5e85c676e8df9db149ccd778f8575dfc,3455,2025-07-15,True,True,True,True,True,0
90ab108c17705c61ff6121a8737d2c0326922e2877bbcf415fabb32136df6210,1802,2025-07-15,True,True,True,True,True,0
9ad42d5abe6f6277c1e554f1eaeaa260f1dfa6c71a920938d6e6f4703da7b174,2330,2025-07-15,True,True,True,True,True,0
91c6976717ffb53c1935e2445a21d29dd6958177651b9984c1d80acbbc6c741f,3189,2025-07-15,True,True,True,True,True,0
6876ed4d0d2ba4a0bdd0f86adeb41baf9b81bb144a750e7755f98ef2a76f2f72,8039,2025-07-15,True,True,True,True,True,0
948bf9a03e6e57c93d51d6efbadac7d96b0f8e9e1b1ceb545227be34fd25e57d,1815,2025-07-15,True,True,True,True,True,0
47e1b14fa827d665ee88c44f3350e3acf7439db7b85e6fbdb075ac78b5815bc2,3037,2025-07-15,True,True,True,True,True,0
1287276146c18c26d57405f8049997ce33ceaea534466094b2b178dc2a6ca903,2367,2025-07-15,True,True,True,True,True,0
00df0b6bc4ee387ce500a7eea145567f816d1691fef59d9d1db6d7ca8f6c71e5,2421,2025-07-15,True,True,True,True,True,0
b03d4513656a7771ab1ef0c677fe26817d65b01e7f1b3d748c535a047edff135,2465,2025-07-15,True,True,True,True,True,0
eb52d9cd29e37429f9ef2ca5ede1703953fad865b115ca8caeaab8f78c53b038,6426,2025-07-15,True,True,True,True,True,0
6b50883dd1956de5f0cf5d53e4f69eea69cd2f03dc84853dc44f647e5ecc57e2,6530,2025-07-15,True,True,True,True,True,0
62e6ff1f50a241b59c53e54d85ac0f44f34f79c659d8de4be6e619023930f988,8046,2025-07-15,True,True,True,True,True,0
42fd15dc8d917a9abf2cc244582a48149de6b5f78cd7231c8532c48aff7e7a28,2455,2025-07-15,True,True,True,True,True,0
0646853d08841390b972d3c4ddacf15dec3b6b54839300b565e229d27e114011,3508,2025-07-16,True,True,True,True,True,0
f59db789fd0c8c8e1ba730140145d8d4cb8eed63c2e31c60ce3e301c042b7308,2059,2025-07-16,True,True,True,True,True,0
b680825d5e6e010f74903919b1c318e4a6961f97a9fdff20e8d74d1ef1c64bfc,2316,2025-07-16,True,True,True,True,True,0
0619444a283de081ea933983949978f1098fb0c2e9ab11bdd2e169004f3eafce,3526,2025-07-16,True,True,True,True,True,0
3ee15f4e262d9b2070abfb5fc04f18c2d6c120ced353c5ef8e3b58d32920a214,5475,2025-07-16,True,True,True,True,True,0
4a6a54e428a233951d08dd2f469984ff2a0e553782d189f47166fda0a61d9b00,2484,2025-07-16,True,True,True,True,True,0
d87731ff5fd053d89d183bde2cf642a7ebbe98e14cffe9f1e3e24f5c709e4cc8,5498,2025-07-16,True,True,True,True,True,0
b7681226cd702e2f5a3e23fc8353f7c3f78edf4faf2e7626e24554600cda0482,6239,2025-07-16,True,True,True,True,True,0
3aff368e0b08c0df57466435d339581292458caed17fc2fac06a7651fc28f197,2498,2025-07-16,True,True,True,True,True,0
b7b1be4c26e1cf1987ee2723d6e900af09d5677009d9f6fc7e3aa4aa6c4f95c3,8086,2025-07-16,True,True,True,True,True,0
99f94f1ae8ba2f31a885e89091e55e1aaacacc01fcfaafa4cba8c027b606ec29,2449,2025-07-16,True,True,True,True,True,0
8a7bed68b4ac0a9595f2a85b48459285e51959595976ef3bbf126316b20dec2b,8255,2025-07-17,True,True,True,True,True,0
3ebe9b51afbb62636121be36d3899af09673e566d3ece2d6d4c496e61a714d9e,2413,2025-07-17,True,True,True,True,True,0
408316fdbffad2cf5fe694f8ebb9f9caf7184aec3c99ff376ad7227c1859f0cb,6488,2025-07-17,True,True,True,True,True,0
998bf54a420e9930042253921122751a5871e9c26373c54c0874969e12e05aee,6719,2025-07-17,True,True,True,True,True,0
73311b1f089ff44f95cef452a31df58178d9a563683c5577b0a74a6e5881fbc0,6830,2025-07-17,True,True,True,True,True,0
9b9774dc6e45ad1bc023619cd94e0b71fc4903800d8eadee584540c9a059df98,6613,2025-07-17,True,True,True,True,True,0
9e351b2e09e3e16648ffad23ada5cd414d2137963608dbfa1f8d7a9667592ade,2406,2025-07-17,True,True,True,True,True,0
011c3124f91f0bbb51b3a3143b8dc35afb380899088637843d502f43a33c57b0,6156,2025-07-17,True,True,True,True,True,0
a99c9423b054789da758aca4a5e69b45b555f858d104f414e746d2298f80874f,6182,2025-07-17,True,True,True,True,True,0
96c072df9a7555c6be9c0fe156059a4a171993b1634c292c85f49443b334f955,3532,2025-07-17,True,True,True,True,True,0
ab5ecd49a988da9e61761d0123df97e98d1854d439c667f7bc6fe5f7448a9d83,5483,2025-07-17,True,True,True,True,True,0
ac851c4a64efc14c324cfe6d820c9c20bacf699ca0730ea3262232fc8f5ff15f,3016,2025-07-17,True,True,True,True,True,0
5edbab25d33af4f2c86a03bab889a1ceb373a4cf13fc03b3c261fdb4928a608a,5243,2025-07-17,True,True,True,True,True,0
d53084ecf6bf205b48d8c5ca0c40d842985cc70686200eb7ebf5d00e2257643d,6217,2025-07-17,True,True,True,True,True,0
9981e6c671c8f9d8acd8944700c62948a518cd8d3bd1779cafbbd2dfd0e78b0e,6683,2025-07-17,True,True,True,True,True,0
76529a97e4bd09491154ec96b1fda1e5c2112ce1751534a852fb7409c59e525c,2421,2025-07-17,True,True,True,True,True,0
2b45d8123047d30e4a64f7bd16d2552f891e0d6be1369b2d6b3ce58c862c28dd,3707,2025-07-17,True,True,True,True,True,0
9358f645609bcb923d6c4b20d3722b92a5b28bd12292308da4fbb8da6d9c772e,4556,2025-07-17,True,True,True,True,True,0
8d087400f6d82cbdd5291d0a25d5537918b6df10a4621d5ac156c5578acd763f,2441,2025-07-17,True,True,True,True,True,0
758fa17d268e82fdcebf24aa54752684f7d0b206f2bc434786b1a2ebc4ed636b,5425,2025-07-17,True,True,True,True,True,0
d383f707979ca8bf3bbadf8a3f1b1cf876633d01d38d510d2d44d5469c48a4ef,1326,2025-07-17,True,True,True,True,True,0
e8d62f32d5ae879a750e7de8b5b61173d252ab20e3407bbfc22aff9ef6a11e4a,5222,2025-07-17,True,True,True,True,True,0
0447871c4e9a660959a1f4f6d007c4ca7d39a37f9f426497ae06e48de78312d5,6271,2025-07-17,True,True,True,True,True,0
cb1fb863062fba2a9ae9df7402b7198d8d272eaae7b9119afbc0d47d4a141b12,1301,2025-07-17,True,True,True,True,True,0
d693b13d2aa79649cf3d0e334942fdeb9d1a9080dff4a20e42bbf22c511e99e8,6691,2025-07-18,True,True,True,True,True,0
6a3b5da05e467941e2b181d66ebb5e3e5bce2e2fde4ab5aa9f41c33eac2f1c9f,3008,2025-07-18,True,True,True,True,True,0
7064486f2fa1920897b5e1b38f3f7d438bc1979ad3f2daf17be80e1702b49222,6173,2025-07-18,True,True,True,True,True,0
08a52e4566dbbc638761a52b7bc05ea5b1c867aaedf28b5462100a433b1c26ac,2330,2025-07-18,True,True,True,True,True,0
be221ad8ffff8c62228e0fca392312a43a5f4afd9fe394f451df38d89a68e053,6215,2025-07-18,True,True,True,True,True,0
6d9531a0c9d85b7c37d931ccf49bfeb7aaed4144c1caa9c172d166e81c1932aa,3711,2025-07-18,True,True,True,True,True,0
eb5ebcecf5e92121504f9ed05cd2d46b076c0238d598c41fa7f950c4cf7a7bbe,4760,2025-07-18,True,True,True,True,True,0
63c34ecbf038f7811223957972833fff0a49667d8008f0972bdcb5e2e6f5b054,1909,2025-07-18,True,True,True,True,True,0
ea68feff9c01eee21bb9a7e578c54d04dacc45f9743e94623af26e9d2e163746,5607,2025-07-18,True,True,True,True,True,0
853e57d7c35b7403a2d78be4ce1d42aa30415a81d45307ff4c00797ac1a1530e,3029,2025-07-18,True,True,True,True,True,0
a23f0eebf482017e94a7e4ee271b17a18611d083ac169f2735f8db5793badd28,8261,2025-07-18,True,True,True,True,True,0
438bf7fb8f210b254ef72623170dd9035688cb873fb61dd6b8a49737f6492fb5,6016,2025-07-18,True,True,True,True,True,0
abdd50dff1f598c237becbcc8474806df7700450d5984b6db7e87fdd6f5bd1e5,2368,2025-07-18,True,True,True,True,True,0
0bdeec00ff8c153e93437f3247dff6a776c3a9847751d590f692be3600a3da2c,6821,2025-07-18,True,True,True,True,True,0
f199698abff6147013ef650957d086795de120b90648aceb262fcd3ab4f0cd9b,1717,2025-07-18,True,True,True,True,True,0
c042d3e5eaea3916f98ee78569bb1d54e73bdd343d57708181d0c69fe2a938e6,7734,2025-07-18,True,True,True,True,True,0
c2102d0222c4ad076bb01f73444be9eccad3400e1ddad016f3abf4580e453f28,4903,2025-07-18,True,True,True,True,True,0
790e5fa7cbb27aa7bb17ab97c1b199f3e07da084c0857efe265f6a6cdf12babd,3543,2025-07-18,True,True,True,True,True,0
8d6c82ad89d4d666d4925632ae074db1016d5b40e2450625dd4ff95d73aa386a,5227,2025-07-18,True,True,True,True,True,0
d7030fd8a949ebff7bda20f9f5ed2509e451709cc187cd5ce9ef58928ae1f293,2511,2025-07-18,True,True,True,True,True,0
1e5d87a1131a80e50d6122070c3e123885c01ab2198bd765c52c9587797d296f,2454,2025-07-21,True,True,True,True,True,0
d6b017bbc27fd202c1c8103bcaff3afec4ac42ae45083be88c4ab096e44e7d4a,4908,2025-07-21,True,True,True,True,True,0
0f6308f8c50b2468309fdfcc1611cddbe6853aad986d622def85dc3e6506d37f,2324,2025-07-21,True,True,True,True,True,0
d536293d384b47d9c0a477e73cbd1fd4ac2c35f711d46c8147b6b0a9b1f4fee9,5371,2025-07-21,True,True,True,True,True,0
ffe7078f555db96e99a3cdbf1ce0df8ca63379a9ce448f723534d0a9fd87bdd3,6442,2025-07-21,True,True,True,True,True,0
aee7b0ccc839d0007f2785117698be23b9788ff04fe9573fe20c27cd3189891d,6462,2025-07-21,True,True,True,True,True,0
0fbcacabf3c2fef5bdb5da34d130950430c38793d8891b8219642af20813e075,6753,2025-07-21,True,True,True,True,True,0
3c5301e1878e5928dd668f72cad8bcffe2fbb73e1184c1a450ee61ead6d8c070,3044,2025-07-21,True,True,True,True,True,0
0f1f5f678db6ae372fb60a3c97e1f174d109c480f91d0eb0a65c3e4ab4373336,3706,2025-07-21,True,True,True,True,True,0
71acae10bcfe5c0c99906d8c277b373db5694c98b37bc000b230dfd692288ab3,2492,2025-07-21,True,True,True,True,True,0
5c6c4103fbe87268f559cfe136595a87c5551235ab7416359487619c71a59f92,6695,2025-07-21,True,True,True,True,True,0
29d89b7098664af416c67253e50247852f551c87d90dd7ff992e6362885ae14b,8255,2025-07-22,True,True,True,True,True,0
14876a56e7a9834316a52e51f310c781a271b16dc1190b03466a7b59f1c7aa76,6291,2025-07-22,True,True,True,True,True,0
9862310f8fb6680615f5feb6abb4b9d3d950330b035169ccae4dda456e151686,4721,2025-07-22,True,True,True,True,True,0
b751b7ed045c6521435ceee534c17d0bb3a2896d5ed2f438fb24993d4c175259,1519,2025-07-23,True,True,True,True,True,0
2470d6bcdda185b72d58a422720724e1bd5a54d49160d98fdfaa2358adb3e56e,1802,2025-07-23,True,True,True,True,True,0
7bd47ade07af5be955c5ef396ad0ec3e1c48e92b9773fdc595b5c2dbe56427de,8234,2025-07-23,True,True,True,True,True,0
5b29ea2bb55ded7782f558743af317fec21d0766939278d1bec5de0f0c1b294d,3360,2025-07-23,True,True,True,True,True,0
cce000ba47dba5a4d5ce304de8a07566b576bab1d1c4dd148a41f7b97cb1639b,8033,2025-07-23,True,True,True,True,True,0
89f23882a5870a2be4e5068fcdd266efc858ee029446a19f28655ecc8a33de7e,6505,2025-07-23,True,True,True,True,True,0
28321de3bdc89b5ce4a10be472c2e666de538f2609bd22eb671519266ded7cb5,3708,2025-07-23,True,True,True,True,True,0
c48fd8ad768769bcbf05be2b0cb23092d11865ac20309058cf3e830d53df5ee6,1304,2025-07-23,True,True,True,True,True,0
1476bb9d9440b30b069ff54fc8de5efc9f37061ec1c6fa193a21fcad71787313,2002,2025-07-23,True,True,True,True,True,0
4252cb5f28d0e05658fa5d5aaae10563dea310bb117a93bb20dbb6683ddb4708,2104,2025-07-23,True,True,True,True,True,0
28d9d2b5f9313b11bf28d39a60209b1ffd42748606a9886c5d4f535c27b98579,2101,2025-07-23,True,True,True,True,True,0
0e5d6fea941eb7dbe8804b79d8cb29411be8355ad5992d6f63f62a54513cec96,1717,2025-07-23,True,True,True,True,True,0
348f209e5d749700944959d0b12f403708ed3183dbc8b51f387a22561ab9cc58,9921,2025-07-23,True,True,True,True,True,0
c27383917cbc84d935c005cf7c41e8b8e12284c7918cae76c73020e5b43a38b2,5468,2025-07-23,True,True,True,True,True,0
a2a3369356a530417a1537f645aadce9f1cc25cb2af34aa9367203336bc5f94d,3624,2025-07-23,True,True,True,True,True,0
2f1e60ff6348c214ff1d3e2be86c7ec4968a310bcef0c8321362b18f7e45e895,6291,2025-07-24,True,True,True,True,True,0
2545e18599c440feae2048d03aa2790763d4d0d4460ddc3b791a599b1a28d68b,8299,2025-07-24,True,True,True,True,True,0
4d7e7eb4d70e889b5137273f77b7da9c125dfb3b9c0101c1244584345b89c9a0,3630,2025-07-24,True,True,True,True,True,0
46d1a9c3e90ac2ddfd94c903c13a728c7210df47b94b4aeb2ffcc1340c5058c4,4958,2025-07-24,True,True,True,True,True,0
4a4723205f058c7c6e6c000be37ec7fbfdcddbe20719b9f6131459242e1fc14d,3406,2025-07-24,True,True,True,True,True,0
4a33342e0d2a6e4c8f4d61a2ba518bc903cda306f41246ef682f56cdca36b569,1809,2025-07-24,True,True,True,True,True,0
580aa3e3b47d7fcfaeecd3af2a85df19b87f4543ada4d73e754ba660a2c310ef,2606,2025-07-24,True,True,True,True,True,0
6cf1cc7b01cadcf37407a29caf5bec999cd8cef2f40de440d7d74a88586f05e3,3711,2025-07-24,True,True,True,True,True,0
864a6217f61be5735b9d7a2aeb9962611e4f0d7e0d26d443f3b5c881267d38a0,2428,2025-07-24,True,True,True,True,True,0
f4a8449ad9e7710e383cf25ba9018414091ac8f6e8b572244a52d0302d3d91c0,1303,2025-07-24,True,True,True,True,True,0
bc88a1b521c103b7bbc42dc4a5ce3cff690315087c789d2f1a86df11bd5b369e,1515,2025-07-24,True,True,True,True,True,0
eb10819c63964c7ece0d48445fbd25bf97c77c3c2194294ba9526c424c36b739,8996,2025-07-24,True,True,True,True,True,0
bb43fa065b8129a3f4d18fc3d35e9e4f88b309581da021a1cd0119a1f40b3b33,3230,2025-07-24,True,True,True,True,True,0
f8b361784b8caf8c36f1e9c56d75db37f578c0599ebd6c6c8e5168a4c64bf170,2317,2025-07-24,True,True,True,True,True,0
f4f4d0c240d0049331dde89eb8d2ab33a4b8e34766b68b346cbfb18b9c00b0b6,4739,2025-07-24,True,True,True,True,True,0
65a9eb5c35e4ce9875714cf61a3dafb13380410c90557b19036217f62910ba80,4916,2025-07-24,True,True,True,True,True,0
57af0edd81bec871e557e29b34ad3cafd6c6e870a584edcbe48a598d10e6ac06,4903,2025-07-24,True,True,True,True,True,0
1b729b3fa81c7fa5b395f18ad7d3f495d7953f1b71fbf949140e3056d95d1000,1727,2025-07-24,True,True,True,True,True,0
02b84448d612dcc615ad11af744a5a7ae0c943a2c2bd6e2b4a17d716962e3a2f,3596,2025-07-24,True,True,True,True,True,0
6eceac1fecdb0a14ce0e5311f1676707099b02556b5ee08edfe26d1e405ed300,6282,2025-07-24,True,True,True,True,True,0
7ea9ebccab128a81a89192f4ca5ef83a2ec707480cee5933e2ec8abb673f1ebb,6213,2025-07-25,True,True,True,True,True,0
6cf550bad44eb73a0d111dcff47d9ea7c68917c57aa7bc58c55826fcb712a64c,2305,2025-07-25,True,True,True,True,True,0
3aba51748cdf6123d7bbab040bd80c7afffe956b36ab2b5fb2188381711aaa78,3321,2025-07-25,True,True,True,True,True,0
d73e39d548279ff18385e0af003ba402056056dd06910678e8659116bdd6eaeb,2535,2025-07-25,True,True,True,True,True,0
5084757626abdcab00c335fd8403fec8200878ce33fd02d4939bfa71a2d49a0e,5608,2025-07-25,True,True,True,True,True,0
bb09ec233aa99b0714f17b86d6f6396ff33bfe1e04b6986c7baf0b7f31e32fc0,3081,2025-07-25,True,True,True,True,True,0
e77f943047ba89f593837cad264aeff846b9435706a7362719a32de7e372fb1e,6477,2025-07-25,True,True,True,True,True,0
47137cae4c81ad93f796c435427a3f28ee921a5c5e48c637bac8707c1ceb1497,2630,2025-07-25,True,True,True,True,True,0
cba9b3d94b0997b089abe9bf5f1f90c471b833d2a10da533c3c73836057e90f1,2605,2025-07-25,True,True,True,True,True,0
731081f50162bf4d6a5c753e4b653726556cd5c7a377f132c18f2040bbea5985,2645,2025-07-25,True,True,True,True,True,0
493cafbf8f29c1ef969d715e4cddc20a09a3bbd7c4f945a7bdc7fb47f641bc7f,2455,2025-07-25,True,True,True,True,True,0
d80921f961bdfd37092c750f6e3c391143a4059714a18dcfc91204ad58117115,3689,2025-07-28,True,True,True,True,True,0
f9e1878ff3e65cda1de4574868384475c54481cbe85ce111a5edb522bb3e8cce,8932,2025-07-28,True,True,True,True,True,0
a59fcd0d01e2c6e1f1673a8ddbbbdf3c5d4172f162aeef1e3236b3e0b86ec318,3021,2025-07-28,True,True,True,True,True,0
c30e8378778a33c33e753f68fbf0a405e08571ce72efb622ab874931cd3f210e,6672,2025-07-28,True,True,True,True,True,0
ab6b3557586f06f59df5f598084455d0efe2db659a0fd22f2feaf645caff19da,5498,2025-07-28,True,True,True,True,True,0
130c2dcd99e70890ca938a6743492bd82963871c154adbbacd5e9f9663b10833,2345,2025-07-28,True,True,True,True,True,0
bac7783c5907393e6de6cccad7a6c9f97cc0601c9e1f49ce089efadce6c4674c,8021,2025-07-28,True,True,True,True,True,0
13c11f0c048c33072d5f5410b2a583707a45ee8020e147625c0757e1ca712828,2104,2025-07-28,True,True,True,True,True,0
0334a282296de41efe0c3e66487cfee1a85db301f9d8e3ada026eba604926edd,6179,2025-07-28,True,True,True,True,True,0
dcc18809a41bb4853942ef96b4a5c45ba24702ab39c9362d6ce1c5e4becc3b06,1717,2025-07-28,True,True,True,True,True,0
e5fd4ecd1a1c7c6d43b2228408b9028a339f098b8e57922883f7ff7a359c20f4,2441,2025-07-28,True,True,True,True,True,0
aad537831f147f5c859cb93a5a57597dd49b40312f6b02671db3747d020ad113,3624,2025-07-28,True,True,True,True,True,0
bf632933e1eadec58df2eacdcee3618a2e889dd0ecd0cef4e8357597be7f73c4,2301,2025-07-28,True,True,True,True,True,0
e9fedddd27e6cfa679f9d85f85f8385a4c69bc1a41465b6ed5f6fba8c95554fb,3715,2025-07-28,True,True,True,True,True,0
9c22bca14c3bfa8047a3d1fe5edc7003e8d926be916d4651729d20e3c5a71345,1810,2025-07-28,True,True,True,True,True,0
e41de660ad17e4196edae83390880d6ff5a5cfdb1fd38bf47f2ddcff5e66146d,2355,2025-07-29,True,True,True,True,True,0
9229967e6252705ee5f75c7472e1f03e6ae4e3b430ce1dea3c2eb5551b63275a,5457,2025-07-29,True,True,True,True,True,0
7ffc6d9e3337cb9f6b028c496bb6472c134b91208948ae5334b39fd78bb1ff8e,6141,2025-07-29,True,True,True,True,True,0
9f7adc0bffc5bf3fe29c2df366b0b5c3ad8ce983608f737d87006e883c45d74b,4958,2025-07-29,True,True,True,True,True,0
7e8e61bd2ba4b9874a4b154a228a92402922a7dffd3cce9ca68b9fe5550566ce,8271,2025-07-29,True,True,True,True,True,0
d77f6518b3be98231610372a9d8aec9f4f333513d71af228e385519516b7e5af,5371,2025-07-29,True,True,True,True,True,0
da75e35798995ddf3ab3775ddcb9986c1b3d4bf111da3581383226087345be6c,6781,2025-07-29,True,True,True,True,True,0
745391c355aab776cbc04508e07af678e66b84eb8985e75c85195d84e6c34598,3708,2025-07-29,True,True,True,True,True,0
894165baa591858d248774d37d7a1760403fe764774551d868912a4ddd138267,5309,2025-07-29,True,True,True,True,True,0
b032a090e5dc47a0671f5ec0a9746743e68371395ec2238cc1ef0affbf5b3a7d,6271,2025-07-29,True,True,True,True,True,0
5ec2eeff67ea9ac23f6cbfa7432125184ef8a40162afce7d940044c2abc29c54,2313,2025-07-29,True,True,True,True,True,0
87158e54fda983fc113bd764c67247b7fb3bd8f191bea313c25e23042f5fa2e8,6669,2025-07-29,True,True,True,True,True,0
0316830be2b7a2758e6ab39c891022d2af52fd3520b8c32dc2b7fdceec9bc001,2634,2025-07-30,True,True,True,True,True,0
2f000ba93b13ebba21804a8f98fed01bd75fcd8b4273db1a456b653ace6f9aeb,7402,2025-07-30,True,True,True,True,True,0
8deecf336a0fb4ef02e7f454eb8c144989c24a73e51a314d57d1e7cb09993ef0,3532,2025-07-30,True,True,True,True,True,0
18c4670d4577d44e0451666b22df8c343c94fccb028dbbc5dda58f7351981c7e,1714,2025-07-30,True,True,True,True,True,0
0b46b84dfa4c3fbc704b1b1c211920fae8129e2d7fe0fe4bcaed4ea613233b05,2103,2025-07-30,True,True,True,True,True,0
e134ba292e786c69d8cb221bd3b8db8d1e2cfe9f19af4f71d41c5a56c2e53af2,1815,2025-07-30,True,True,True,True,True,0
98a49285f6ff1f2cc07a60b74faf4f3b8aba94a96e43504523992d974e630f81,5243,2025-07-30,True,True,True,True,True,0
1a778d3ed17042616c4c5eee4a318ab65a64888aa5e0f7ef7c931a7ea5beb76e,4967,2025-07-30,True,True,True,True,True,0
4c288cd33a8af858ad699e5fd3f8fac643b9c140ad4fff558841c9f25502b8de,3622,2025-07-30,True,True,True,True,True,0
825e0d30c1564074f94fb12ff9290656a09a4c1747c180cc8b5c7c159b55bb6e,8240,2025-07-30,True,True,True,True,True,0
5fea00dfa8e3509b29497813ad63a62ab1e8a327630f27aabb66a6a87c1c05fc,1326,2025-07-30,True,True,True,True,True,0
fe122e9c7b099971a5d054680b617b3ca695c64946e284433cd9426e08a0db8f,2645,2025-07-30,True,True,True,True,True,0
d3e537833421d12030309c3140a67fe0f9270d6c8afc17a77d7aaf112e5e5d85,8074,2025-07-31,True,True,True,True,True,0
c4760ac58102b43a04c12ccdd71e6d273b0bff8a289e9f49ba15a2aea16cd454,6141,2025-07-31,True,True,True,True,True,0
1177533688268922643f8de8f662116d74072a9bd8c9f7da455d5b172594b1dc,3231,2025-07-31,True,True,True,True,True,0
f1e69a323c1aeb7cc92ce4475cf1fedef41a30f4c86d4892911e771f4eaeedf1,3017,2025-07-31,True,True,True,True,True,0
baa1a84826578efebd179e88f068ed6180979f51611d9e6873aff8bb73ea3eee,5371,2025-07-31,True,True,True,True,True,0
e17d82c61664f47e7e4f2104f20853385447686f42c2b98b8163b61d62df3d1f,3597,2025-07-31,True,True,True,True,True,0
4c1f9fbffff8e4da3df5c64ad4d604d6c6af74892499dd474362521f82b0a284,4991,2025-07-31,True,True,True,True,True,0
15856e4f434bc0d56a331c1e82d56835bfc51d33e08810bc2ad92d6254263191,5464,2025-07-31,True,True,True,True,True,0
b3145f057145892c169c01e6a42239e306516f417e0e2178a2a57b544bb1614b,5340,2025-07-31,True,True,True,True,True,0
7e8d97e3554e8726f5dc13accee9ab89dec53a11351e3794abf9865cbd3ee766,2308,2025-07-31,True,True,True,True,True,0
8a2caa79068e97452aeb977345377356042db8437cdf29356e7387cb0b353e9f,6432,2025-07-31,True,True,True,True,True,0
30c6b80e686c18f31c5cd82e6e064b3b946ccb04244e7ade2f2f7190bb5c6dc7,6805,2025-07-31,True,True,True,True,True,0
c557844c2e24a4e8083aef65e164699c86988a8035b9e68c63c61c5a22aba911,6727,2025-07-31,True,True,True,True,True,0
60b383bf87b488c78418ff9123f6be361d23413d297ddc8fea3fbe4695cbb553,4916,2025-07-31,True,True,True,True,True,0
f82f505c72e4f5cff6fb3deace005a434593888b5dd5ec2eb2402d673a9518b8,2449,2025-07-31,True,True,True,True,True,0
f0221baa5e63fe6eb864c0c72afd90456623ba6f36f7cc88811a97b3c5f15e7e,1504,2025-07-31,True,True,True,True,True,0
70397afef1a94d1400e72f9f271bebfaebb7599d275ea1e168a0a6849104df3b,6669,2025-07-31,True,True,True,True,True,0
29025642fc2a9f14db85f97205a0e6c848deecc50788a32562557600dfaa5ed8,4577,2025-08-01,True,True,True,True,True,0
385a842576d6946486289cf65b908bce8ffc6e256e70ac0fa70175909eb19f49,2406,2025-08-01,True,True,True,True,True,0
6ef521c17af7b38c041f3704634508e80387b708c6902b280e7f988802f415fa,4114,2025-08-01,True,True,True,True,True,0
4a5ea5a47be5152a19673869e7fe3fbbd0857ac294130aedccdf311ea5c2c540,6531,2025-08-01,True,True,True,True,True,0
2d24fda90d0fb05830a1d06550e69721ea3482302100169b43528afea820797a,3167,2025-08-01,True,True,True,True,True,0
87d212422febb44230c330e8da0e68d508f42b6d51f29c15a30ba7830859dd16,6449,2025-08-01,True,True,True,True,True,0
66c11ec6688ccb1299849e89484b319939fee0b4ca63afc626b2fcff2d25c3e8,6672,2025-08-01,True,True,True,True,True,0
d4685b05f883dbcdd0b702cc6dd60f8c93563eac5f0c4e234f6130456a74feed,5388,2025-08-01,True,True,True,True,True,0
3103777e5350a2da14fedfad441ce6767c37abb89858a00dceb4fe8353d2348c,6168,2025-08-01,True,True,True,True,True,0
1a039822ebf5a2baa7ddec2d8e0d06f075c3f0ae19cf5819ae240d4320864b4b,6285,2025-08-01,True,True,True,True,True,0
410ddb97049d39a3d7a026aba6a9a410532f90e9971d454bfa43fd5237b744bd,8086,2025-08-01,True,True,True,True,True,0
57259fa9a9ef473abf2f9b1b7576c6006dda631e7e2db6c047ba5a0cbecab18e,2360,2025-08-01,True,True,True,True,True,0
bb2e532e192e75a28c4eaebdb876ded8facb659162f99132742fef109dcbc6c9,5291,2025-08-01,True,True,True,True,True,0
7b094fe8380eb2afc28ea6f5627e307854947e6a55f476487849867a009a905c,2441,2025-08-01,True,True,True,True,True,0
53cfcd1406ddfc068916f0b8d1f22ab3c58d887c410bd3c6f9612456adc537c8,4729,2025-08-01,True,True,True,True,True,0
e7394fb6a09a2ab7b5de3e191014890387c421d5fd71227005c3d3b974e60f03,3596,2025-08-01,True,True,True,True,True,0
87b0e7d8531257756a021ad4ac2852c55bf0c4a7b4fec1b00d382afd430597bd,8028,2025-08-04,True,True,True,True,True,0
5b384d2754cbf91ad01f29060b8f094858c1119c7f784a5d74c4c277d816ca93,8074,2025-08-04,True,True,True,True,True,0
4b119033ce5af557f72adb70d362e8aa4f6476b15845304002a1a1c93ea4ca37,5011,2025-08-04,True,True,True,True,True,0
022a5a6f44ef0adcd4f5253326554599dcd18ec0f05d8e82393c268d17e9cf0d,4908,2025-08-04,True,True,True,True,True,0
ee2e9abae53276d841ed61cb6eef749768871afcb9f5451a1c38d47a6262ba80,5488,2025-08-04,True,True,True,True,True,0
b7a57ca21f5112169be1946d5eb3b7c2f7a956d96659f9f24b3c810ec179f928,2493,2025-08-04,True,True,True,True,True,0
060bc50d169e0f230e77dbd4c924037770c165ae1a90dc047973e010d7b61484,6190,2025-08-04,True,True,True,True,True,0
55e49c4b9c76ee76ad4dc18304edecbb64116a8a2182fe6d95fde0f0c6cf63f4,4551,2025-08-04,True,True,True,True,True,0
51f0e3936f48a3e0199be533ccefeb96da6306cdd4636a66b2bb258942e9905a,3558,2025-08-04,True,True,True,True,True,0
7b8c46055d05a7526bb3e903253df65f6b8226d0337baf1c5f9f317b1037ebeb,3296,2025-08-04,True,True,True,True,True,0
480f80709cd0ce037f7c0ab8348f0324735179ebe27da64b474411630b0ffa03,2542,2025-08-04,True,True,True,True,True,0
5f92c5591a7705dc2721137653386e97e2cbcc0465fcaa3a4a8745588e69980a,2535,2025-08-04,True,True,True,True,True,0
b6a7c4d93ccdd73db9e3da73878b9279517be1a97674a36e80d309686c4e60d8,3003,2025-08-04,True,True,True,True,True,0
c4ab368b331d4022f9cb94c3d7d35105945cabf8a0c9a96c6c3e9fe19d109a09,2484,2025-08-04,True,True,True,True,True,0
395e3325639a59cb1b0493ad3155dba6572a4a128a15b1e6189ffb8448cc85dc,1536,2025-08-04,True,True,True,True,True,0
58ad11948ce4392c189defa2ffa397a1df2fff18ce5d3e6c2037238588c26975,4976,2025-08-04,True,True,True,True,True,0
0547ff8d5011e0c6271f1de70a2e9b8206120ef261bf9722b7ebeda0e8268a70,2428,2025-08-04,True,True,True,True,True,0
2f08bfd61f132f3cca08ab7b4dd58a475fb41fbed0d666e91227a9aef6ca538f,5302,2025-08-04,True,True,True,True,True,0
d8444aa48cbca802a68c2c6c5117b072c97cd14b0a7dc1fe8b4024b161118675,6209,2025-08-04,True,True,True,True,True,0
0005b78ba74dcf205d482cdce844bcaf00ed0babfbf7e996ff660ff97d1166c5,4716,2025-08-04,True,True,True,True,True,0
a5e0ecf586782c9c04470250c9cbec7e5b41e54929233b93f851f8336e3508c9,2630,2025-08-04,True,True,True,True,True,0
923961457438aebf37c85f6e4e9092d4a5dee983ab7895c316b3ae5c41072016,4968,2025-08-04,True,True,True,True,True,0
294e1e13e605853f163e54733a6fb2d07f172bf70e2fb138d996be3ec197cf63,4966,2025-08-04,True,True,True,True,True,0
e8a2431c3ca127975523b889e8d43e9b46a8b53ca46fad7f5fd64685cd74975c,4123,2025-08-04,True,True,True,True,True,0
536502729771e1d7d95adeaf7f0ddafcb8f90d8a9815d19f813684898185bfa8,6517,2025-08-04,True,True,True,True,True,0
97788d1d9c8c8a4109015051f66e2a674a6237912b569b943b4ba0d325f79dc5,2070,2025-08-04,True,True,True,True,True,0
658401ffd790283529c5a7fe8ce6970d390272e829c11b8506952fd842527b51,6727,2025-08-04,True,True,True,True,True,0
9b3550110649d06aa41baaccb853dafc14687359f1f4a3e07d38db8ce8fec051,3504,2025-08-04,True,True,True,True,True,0
86b3a493038750031eb5414e10b513a2dd68404d70e8e7dd5c79158ec6b10aa2,5468,2025-08-04,True,True,True,True,True,0
a9a7916b4855ad577c525f4b6f93fe3181833785e1f1f11621dc665d5fd1e006,4541,2025-08-04,True,True,True,True,True,0
ccc1579b795a4882be8d456044a7807b5624689ff5e4152220847c05b6ba69e6,5222,2025-08-04,True,True,True,True,True,0
3bbd1caeb430d0031413df015e9dbe64689ed3d5d1824fd695667f3ca2f3a872,1537,2025-08-04,True,True,True,True,True,0
9d0b85f56426e9dc75adfe631b3e68aaa10cd1ad3d5256b6afbf92fcdb9e89d9,4540,2025-08-04,True,True,True,True,True,0
544a48a676dc356958897bc9f0b5318144b0e204e5569d8d222173c79a3e5e32,1569,2025-08-04,True,True,True,True,True,0
dc077ef9b441af3b8e4ad23b44d1fd330eda9d00f07c673afe4d9e6ec79d03ad,6108,2025-08-04,True,True,True,True,True,0
60d9d033bc36405b2412dc4e5edcb538684371646f46b87a869ac2b9db247575,2413,2025-08-05,True,True,True,True,True,0
e040974437973eb2c2e2a18e26e7a72180cdfdbd8e09ae92924793cd88b3a13b,6173,2025-08-05,True,True,True,True,True,0
4508fe1c435b1070b3956d42d216a19810f397b3e9eeeeb1b54c263bc3b17ff3,3338,2025-08-05,True,True,True,True,True,0
b2c55e2d68fad0e781e15a21496ba15ba7fcf35adc124d35799717c9d3bae8b5,6830,2025-08-05,True,True,True,True,True,0
feb45a1f07cd01b6bd665a9ce89bc7f9ce429bd247e45c94112c03ee0a080ebe,8932,2025-08-05,True,True,True,True,True,0
ef18a4e296f383d246f354b39e0ff49d89ec875e4d763e85c924554b7f051e34,1513,2025-08-05,True,True,True,True,True,0
0c5b8fc21a67faa0635251f9940addd91769281cdec5b71569276a1fc52d4be3,3236,2025-08-05,True,True,True,True,True,0
06fef892026596687411992a896816a7d6d58df1cb7eea9d0d5f277944ab51f7,6188,2025-08-05,True,True,True,True,True,0
79f430f3eaeb45cdbeb068ea141942cd9be450463f35ddcc7f10abca2e496168,2474,2025-08-05,True,True,True,True,True,0
30a8492f0c16660c39375a96fc197e22810dfeb57d050d998a5f3806d3728df8,3597,2025-08-05,True,True,True,True,True,0
976f47a82c34111ceae92d017a02e1cb23fdcfd317dfed9fdefa770be36f1662,2327,2025-08-05,True,True,True,True,True,0
0c8bdfa3c87c2c71d7cb9ed8cc9d236415e371f606efe41ce35cc7391c89668f,2354,2025-08-05,True,True,True,True,True,0
160bdcd2391e153bd5253bddb4d81bdf95e94ee6079970cd74a8fabdcbd25f0c,6803,2025-08-05,True,True,True,True,True,0
c1af041f96e4e3973b478fd8f3fb8bd39f787b34dee54f3e5bd36f9ad1fa5198,2460,2025-08-05,True,True,True,True,True,0
60b202fbbf621cc663017f8e40515ffda88fdae92f17209e258f7a5a1c998c25,5474,2025-08-05,True,True,True,True,True,0
f507548b8c33d4c439bcd3d0419b92e95c7731e09f989e7b8529186d260079e4,2377,2025-08-05,True,True,True,True,True,0
559eb32d21a71571b2aaee7fbf035e6034960cd2fca5b1f760f28d30cbb28b7d,6435,2025-08-05,True,True,True,True,True,0
78f798b4caa2aeda454a1920ffdfc4316c6fa00cf4214e1b7a7435d7267e1c19,3230,2025-08-05,True,True,True,True,True,0
83cbd1f0cbf92baffb92a9517f422cc30dbd298de01f52b12a54809994831932,2483,2025-08-05,True,True,True,True,True,0
363d4ef88af25baacf9508e3220e63282fc7e90c198a0c14a756720d541be2fe,2421,2025-08-05,True,True,True,True,True,0
036a68952afb710055026026a14c2e1515b1b6869a0fec417c046f10ca97469c,6432,2025-08-05,True,True,True,True,True,0
8267d370663e741aa18f8142ad589228e94cf7c35fb71716c8c6aecf52f7baf1,2317,2025-08-05,True,True,True,True,True,0
ef7dfdb6b04f3f52754aee706147bae53ed5155ac2b938739a6797277b2292cf,3213,2025-08-05,True,True,True,True,True,0
9db07cb5aac9f521e3e3886adc1da1fd9ba87ec0a951d656a56d4f3916c43a43,1717,2025-08-05,True,True,True,True,True,0
59b6d037683e95aa56733006f863cbcdb9528eb96b2f2a3a1df4c1ebf91532a4,2382,2025-08-05,True,True,True,True,True,0
0b848fd019c402654a648c627d3a13fbb2eabeb0fe1dc4c0aa994696fcdcd922,3357,2025-08-05,True,True,True,True,True,0
d63d52572ba7e193421aeafdf13b9e897d627c528c90e0bce8a080421c834a9d,3443,2025-08-05,True,True,True,True,True,0
43cef935e2d4a87f957aeb7bafe14ea818e27b0f1111f4b7704a88114f68f952,3550,2025-08-05,True,True,True,True,True,0
29212e48dbef4afac16455851dd776decc5fb4beafc129ae8776e502da46c3ea,3706,2025-08-05,True,True,True,True,True,0
b351a0ff96446dfb89033e0d70ace21d597c8d8187f9a6e6145aa5184af14b7d,2375,2025-08-05,True,True,True,True,True,0
fe3d1619dfbe107a68153a6d7c0fde4ee8b5854cc3314abd6735a13c2bba42a8,6270,2025-08-05,True,True,True,True,True,0
5cfeb0b5e55181b8d937fe4a6701494626facc77371b81f2de79962ee8ac8a78,1810,2025-08-05,True,True,True,True,True,0
b44e7328b79ebb0a8dc3724f335263af2ab421e8abe9d1d10b8e4b0dda3599a3,9945,2025-08-06,True,True,True,True,True,0
4aa4df1aed0258e072e0233ffc6e98e78bd8d26ebc26fce8df5604f34010489b,2634,2025-08-06,True,True,True,True,True,0
4b91ce82be7d9ecd61b7c25992764c74cdcf21e8d7581c90a793f7caa3d28804,1609,2025-08-06,True,True,True,True,True,0
57663ef8ac138b613026e8f2b045f4cf52720808d43c05503c38a88b0950f8a5,1611,2025-08-06,True,True,True,True,True,0
28ea4cb1fd3f9a263d670eae75b795ce300b3a6f28b8b9df9662cbbfd1ad31be,5285,2025-08-06,True,True,True,True,True,0
7ac8169b6cca1fa58e0f1654c789399b5d1a2fe6e4345575489e18c548f5136a,3490,2025-08-06,True,True,True,True,True,0
c504d27cd62132f733ee37c96301365679f7aa205ad398b3da9f1589a43f10d4,2031,2025-08-06,True,True,True,True,True,0
a3cd6b34faff8c30ff16041d8950b9f49b7ff750204381e4d0becebf94927189,3484,2025-08-06,True,True,True,True,True,0
170507bab2f8694c0841b09a43a082da9e3631b72667c49d9245b20add6b8fec,3526,2025-08-06,True,True,True,True,True,0
a073bc9ac8f556d47d15c422c5e1d265dd011fd28d11100c344ff634e17258de,6781,2025-08-06,True,True,True,True,True,0
3a231d93f719bcb09cc450c04bd25887b0c1b4ab4d67a247357b92f2901c8e2c,6259,2025-08-06,True,True,True,True,True,0
3b5e7d6c96cd98f3966eee5bffe0b3485fe3389117ee1da954b017b0f4f8b720,1586,2025-08-06,True,True,True,True,True,0
88bab812aa0d080fe392a03f0d4eee92c200cebad56e57f5ad3a7ead0b75f82f,4968,2025-08-06,True,True,True,True,True,0
7aec0f6a252a14a7b38184e39cde16c43a0781c95d156cde5471c61ff0e57e9c,6414,2025-08-06,True,True,True,True,True,0
986d3edec65a47984ecb612694a092fcf8808f4115cc280cea9a6e5261a3f3ce,6226,2025-08-06,True,True,True,True,True,0
9cdc7af0f54191a2c903ac75100480eff1d79a14c70c938c878a72f82d3404e7,2441,2025-08-06,True,True,True,True,True,0
fc9ef9e00b7ef6bc72e57ba0f9b0810618c5ce0c91341a60aa0ee940ffacda3f,8024,2025-08-06,True,True,True,True,True,0
a53ceb4baab9f3ab762aea359924da509477628837bf373651852dd97524b531,6753,2025-08-06,True,True,True,True,True,0
6db10e04e763364fe08939be1f8beae4effa956d5dc1c7ce8ab1f6278b40037d,3605,2025-08-06,True,True,True,True,True,0
fe6ed2701638b937c55f76342a2cd8c4b53656f7a8e7c7116285728052996bf3,3498,2025-08-06,True,True,True,True,True,0
fc85eb4cb76afd34872a6aa24f978a9126e3a6e407563b23c680b7d97102b633,6510,2025-08-06,True,True,True,True,True,0
a4badc81704d48aae116289ca1c4f2dc9c49a7fc5cccd82579f7d6564cf56c8a,6488,2025-08-07,True,True,True,True,True,0
4c20a37e9f5496e16fb82fa2a01284f3e2bd36b1e8948124fff6921aa43933e2,4908,2025-08-07,True,True,True,True,True,0
50518a636ef0597f836ef19d0373a00e05864f31437d86df003c08e90cfcdd57,5443,2025-08-07,True,True,True,True,True,0
e60d3b16b24bc4475b72b5ef9415b38405a3e584c563ca4aa44f6f56bf487a6a,2330,2025-08-07,True,True,True,True,True,0
1ceae13aa28c33d70edcb8ff57a62aa09345ed2c53ba7a0d86d2445d53f9a471,3413,2025-08-07,True,True,True,True,True,0
58e4ecac2f69eaa594d246410c67dd2042d196e6b5efa788b91cc1c98a988858,3317,2025-08-07,True,True,True,True,True,0
6c58cff58e52ee832d2d36b30afeeb558bb72683ec6e317bb3d79665f0586cc4,6196,2025-08-07,True,True,True,True,True,0
532bce835b33e93ded5c6738a1d77479a4df931d2d2a18b20135f701354e9b9b,8109,2025-08-07,True,True,True,True,True,0
914fd3d6f3d5b322c2760bf17af23dcc6611e35d4606bff0dd1697484d093d60,8103,2025-08-07,True,True,True,True,True,0
3732d950b739d325ae6aef1e5b726a77971adadc668c348756fee70c4853de3f,5536,2025-08-07,True,True,True,True,True,0
6c03837d07e66d05af1bc4bdbb63804a791edb05537cc30830f17e307b5df4db,6174,2025-08-07,True,True,True,True,True,0
98cd3e98cba436e8c17c38f9e80b3a9039cd1c783f98b64548f107947229d991,6451,2025-08-07,True,True,True,True,True,0
c0a2d91e01616f2df4ad372c189c8cf76ff6734698817d113a7041ed2e686e37,6667,2025-08-07,True,True,True,True,True,0
0b250864d354b80e634765b3531b075ff5be54fba7472a66aa32ecbaa33410aa,8069,2025-08-07,True,True,True,True,True,0
c4a1d59f4faddc021aa718e8c3bfec7572885f9c9280a2f0c03db05f82d5a741,3583,2025-08-07,True,True,True,True,True,0
96c5fbfd5afe2bce18e95847c4645c9d21578b125915a297b2ff747998c3d656,2501,2025-08-07,True,True,True,True,True,0
92b12d0713317c75c1c1a264f0df76c74bdcf7171dec1262578b562061524b6b,6669,2025-08-07,True,True,True,True,True,0
39fd5528adf3c32ed7d6cb45b280b36579f3877b4edb2b291a263bf23a92324a,3665,2025-08-07,True,True,True,True,True,0
b7fedeefa9b7a2e5bb8ae67c22815d0314c6df42d285386f81b8b6bc4fb2458b,5439,2025-08-08,True,True,True,True,True,0
1db87f79f986510d422ab3f1918b6d3c4f123691359aece3b86e433eee7680d3,1519,2025-08-08,True,True,True,True,True,0
cd54fefddd076f1f6420431c098d80ae1e05319a93554074c44e71d8b6086aba,2634,2025-08-08,True,True,True,True,True,0
caa03bcad652741888dcbf477f25ab75f4b6461ec55625fc97880490ec62105e,4958,2025-08-08,True,True,True,True,True,0
f47a5e4cd08919443b379b1a558a1d90668e97ee326d2fca3fdff3d8e6d14c8b,2406,2025-08-08,True,True,True,True,True,0
4f6e6698a55cf9b227dce5f818c5c93fd32f1ec6ba75dd79130a5ff7eeb5fa7c,3484,2025-08-08,True,True,True,True,True,0
adfc5b4b033ca00d8c83b680e5f7797cfe577faab83d4c67875c087b12c08ae2,8210,2025-08-08,True,True,True,True,True,0
1b2d7c16a83cf3becf91c00e68cd16b1eef20ccee21f17defbdaae53284ea073,6215,2025-08-08,True,True,True,True,True,0
ec7c967b2eeaa27771cbc98402328fef20f1f956ee226d86c7c0e4d3d85ffdc2,1709,2025-08-08,True,True,True,True,True,0
bb315b91b64f7887b60ab4533cff94d3878b15427584f0205569ff78a9201566,6223,2025-08-08,True,True,True,True,True,0
9d9c4fb140b20459f814b9c959d760a97e9b3d899fed2ba30589ce9e14977a55,8358,2025-08-08,True,True,True,True,True,0
b23499108dced0836e63db66d0c9d12f5227c958095b64ea12f95a76f2d65b73,3013,2025-08-08,True,True,True,True,True,0
cbc22bdc7f50b002565472a0bc7d0ae07f8bf970ce3ab782ecff61701846d7f4,5289,2025-08-08,True,True,True,True,True,0
c38ae57773a3ed077b81fc709e13d0b708517d94604a050dbc6cd1be401bfdd6,2460,2025-08-08,True,True,True,True,True,0
438f82e27825b52654f54c830c81ecfc33e9a82b796fe1c65b178ec5eb2cfad2,2483,2025-08-08,True,True,True,True,True,0
11a9a43ea36867426b63f660f626043b6e8df909fd7d6b506e279dc706ece56b,3653,2025-08-08,True,True,True,True,True,0
2b4d28d2ba206ab1cfcd5f4037f4b1bb6c9996b3117dbcc42f7a7fb223fb6684,2368,2025-08-08,True,True,True,True,True,0
2ffb93f88d7546047b0ce259817fa085afbc1f5fc00af5e5478f7b3cab33b5c6,3324,2025-08-08,True,True,True,True,True,0
eb4257f96801a7aee874bc11297ae5e3f66c52b393980c3beeacb0e448082bb0,2464,2025-08-08,True,True,True,True,True,0
299f64a25ad1303203e01af4d74fcb90b3b74350d6b3a0cf431f5a07a040c057,2449,2025-08-08,True,True,True,True,True,0
90b959fcb15d3c6830fb2b1ac010b1efc3397f3d961f47f04768758f27d658e0,3044,2025-08-08,True,True,True,True,True,0
39756c02353d4f39758319baafc9133c02566f22325f04afd8b1ca8a8c76e501,2027,2025-08-08,True,True,True,True,True,0
65465508fbf59efdbd13afd3082f55fa6dff0ab71dff99f529cfce2538c7a6bb,4566,2025-08-11,True,True,True,True,True,0
e0d25b9a2f90452b96e6c537b82d90b5f4f515589d3999484c2f9695d8c071b3,4722,2025-08-11,True,True,True,True,True,0
74387912d2dcfbe91cf48f08f5fd0285b29f90e60b193ec92943e9ad1c16ec8d,3147,2025-08-11,True,True,True,True,True,0
47cd1a0a7fe8c79d564ca563a0aadc1563f27f1e9cff08ebb440a25b603d5a8f,3231,2025-08-11,True,True,True,True,True,0
972338f2a4da7db1efca51ecfcb2459e97a67e1bebb9cc7d2502b7d8308873c4,2349,2025-08-11,True,True,True,True,True,0
9d597035164cae0bd3cebe40ef2ba8759e0caf7f68e17a6c64c3f6f4aa1cd196,3630,2025-08-11,True,True,True,True,True,0
8027019e65f2cfd43f21a55664ba23a6ee22e45fbf2950e7c4f12f4c3ae32700,1597,2025-08-11,True,True,True,True,True,0
b908eb873698ca512d4208a25e1e6cc52a8a60e3cc02de4e20c9d3bd36f5b1e8,6829,2025-08-11,True,True,True,True,True,0
5bc03c64485f29403fba2431e7900ab84a6947119ac8649491b0a907de1ea505,3597,2025-08-11,True,True,True,True,True,0
39b7955a4c81792a2d1c353413bef831493d81a78e830fd0a3b4f7ef0304eaf1,5434,2025-08-11,True,True,True,True,True,0
6ee7ae512eac1a12461f3b9692b3bae41bb7b39104aa6495f8ef82f180f13f1f,6903,2025-08-11,True,True,True,True,True,0
8676839ef35f7015f9f6559fe9a072533ec6cd9e2f59753cda95a17e27cd02c8,1536,2025-08-11,True,True,True,True,True,0
1f5162f497d4c8c1b563723ad7a89e6f402c7da68c823ce4a58d55069d711ba8,3694,2025-08-11,True,True,True,True,True,0
c9a7afc7d52f49274053c5fb385f56ad1195538fd756c85945878a5a95134af0,7714,2025-08-11,True,True,True,True,True,0
18adfc844c4b36b410717ce1c2c9fc7672e84eb6ad41064a9182ba158a0032f5,3362,2025-08-11,True,True,True,True,True,0
f11cb718c6fac54b64bb5e44baafa21823a8796e9bd89b85b2f2acf91fae8c13,5607,2025-08-11,True,True,True,True,True,0
c0e2e753e4498c97e20c7e9a1c9ddce16041f7d4dbc8d3c0ba94d20f80c911f2,2354,2025-08-11,True,True,True,True,True,0
594cf6e7048bed4b93bd30aa8a963a895996e5d43082f00f3845a5b2edc79945,6209,2025-08-11,True,True,True,True,True,0
b9bc116bb4063943b0488eacc69d1f4c5b2846aeaaa8ffcab27553963d3aa316,6477,2025-08-11,True,True,True,True,True,0
8d61b165854c92725be01a08780b4bcb44cbe81d18a5d0ff3898bc3d735233dd,5243,2025-08-11,True,True,True,True,True,0
2877161b5c84fc28c8923fdaab24b05021fe05d0d6ba6a98d93faa763a4df6f8,6217,2025-08-11,True,True,True,True,True,0
52d6658c6e025e1aad42598c6f19544e7be6f9aff4415b926fa583f577280b30,3481,2025-08-11,True,True,True,True,True,0
5d706c135f932c90592e6817a8f0be5d75f636a43c6dc7e9015ea2c9b0b7fd16,8996,2025-08-11,True,True,True,True,True,0
c13e7c3d01cf25e545e973afb3433cae44de94acc330ef327f9ed1eca7afa472,2352,2025-08-11,True,True,True,True,True,0
bd7ff319f7779633a9f721859aec4d58896ab4868dd5b2a5e1ca36f144101938,1717,2025-08-11,True,True,True,True,True,0
ee4fe210e7703b4889c8cfceb1ebbbe5c17070bd76e436515046837933a9047f,4556,2025-08-11,True,True,True,True,True,0
a1fa87746b13366e4d5ee3b1d1fc2c2bfc4754c3c0aa56d2c90bc338355d026e,3605,2025-08-11,True,True,True,True,True,0
bdb1b6291b5b9ba7fe7c1ead7e4ad5ec0f68de8cfa8fd5e33589bcf6f7d3ea0a,5222,2025-08-11,True,True,True,True,True,0
3518c8cba14d366fc77f7178f5f891b5b3cb4855707023d179d91d6d65f0d1b8,2313,2025-08-11,True,True,True,True,True,0
ca0e8b0f7cd3e1469da25c45cde68c1035240130006172735494ffad270eab07,6591,2025-08-11,True,True,True,True,True,0
a2461fdaeea09368beba721301c03818f0d36f94bfd8c9fefad19809a337e978,3528,2025-08-12,True,True,True,True,True,0
9fda033412673e52ed03fe73a0c8350d09447341e50241b6b562382235d06e60,6525,2025-08-12,True,True,True,True,True,0
d9562c378a8c1be007a699eb3d0a87c1d19367810324f02c6bac0f355c131c78,1802,2025-08-12,True,True,True,True,True,0
6f480e10e3468cbe4b7816770241ac76bae02b1c7120465fe2b2e6e55015ae14,3338,2025-08-12,True,True,True,True,True,0
56d8c0b968c27c0ae68fd6f76a19d6042f47942dbdd28490f5f9d3bec9719af6,3689,2025-08-12,True,True,True,True,True,0
97c71403c704fc3d180dc0fd05d0aacc675726b412f8fd6480cd398c99f8e7fa,2485,2025-08-12,True,True,True,True,True,0
d0eaf03ca00848a5da016a6545bee535b1cebebfe23722fc917380440062630a,5410,2025-08-12,True,True,True,True,True,0
9df046534d905d09e2261d805f7caeb5b75a0261ed7beb879aac30cbec7b281f,3236,2025-08-12,True,True,True,True,True,0
3dfe086c60051d8410e3236a8f01f63b493554f30a00078ea499aa4f484e6ed5,1809,2025-08-12,True,True,True,True,True,0
c9582dc4828d7f2dd2933e1a75cc549278f0b727360d052f38981de59ecf613b,3260,2025-08-12,True,True,True,True,True,0
827ca76858c3221b4258ff413fd297b0406040bea7381aeea8b6797caf4183b1,2316,2025-08-12,True,True,True,True,True,0
e97942e2a5f104be42c5bb8a1c741a273965fc6426cd99144e66a6bbd8f0c188,3526,2025-08-12,True,True,True,True,True,0
54d65ca9ffce5320dc82c5dd9bc84b20682c5946831cb916cd0c25d65dd9d020,5475,2025-08-12,True,True,True,True,True,0
9dbc8bc4e68fe7a74cf1fab9906dd006d33e77b740091ce623e3cb90271dadf8,2344,2025-08-12,True,True,True,True,True,0
beff359956d60ab722882c00c8e3cacc72dcb587c891d437df3f3974a10c94b4,2428,2025-08-12,True,True,True,True,True,0
69d337c94bc1e07cd30243185ba1628527824f47a1e1dc8f70fcfc6a04ebcf58,1773,2025-08-12,True,True,True,True,True,0
2a57db1b9be8600c1ccb2163c76a2debb90047486aa4f475272541ffc13a5e35,4764,2025-08-12,True,True,True,True,True,0
4d6967e1daf14298fbf8de05f6c8bc8c7109c224ca7bc8adf732bbd59e508bc7,6752,2025-08-12,True,True,True,True,True,0
3a9c781d47233232b410c4898d706cbccb8b9e7e348821ac3766015485ab5e7f,2426,2025-08-12,True,True,True,True,True,0
d58eff971f0772ac98922a1b470d01cb83d05fd19e0b5dc36510ffe8f118db16,3709,2025-08-12,True,True,True,True,True,0
a5afce0f0479111886b2574fdd48604b4ecb5b6f75fa5d52c9ab993b561139a6,3230,2025-08-12,True,True,True,True,True,0
c7fabf872fb82e0bb1e6bd213e91d524b08bbc373b4acd8ac60a697aaa451af2,4977,2025-08-12,True,True,True,True,True,0
8744b0c3873b1c35679edc4dc559f18804c8f795c9fdf3bee47d6cdf3ff4c45d,3661,2025-08-12,True,True,True,True,True,0
f46e48b601283b1507427fa4348cd0d85da6c6c163f2bebc22fbf1743658ef50,1810,2025-08-12,True,True,True,True,True,0
4bce55527a61d66e68d6630fbde6e70d4d0857b25a3304cbf80560829aeecd70,2467,2025-08-13,True,True,True,True,True,0
6c6b6dcda7ef05c2167c6ed3afa80cccf2d3d26ec5219f8eaacc5c8d200db119,4576,2025-08-13,True,True,True,True,True,0
4121b39f5f6c6cffbbb88351da38881eb120db9545fff3fec785c55946f6f04c,3152,2025-08-13,True,True,True,True,True,0
c42a873ddb84c45c6a1697ceecd70ba46ff709933a0acc24669e1dd406f43169,8234,2025-08-13,True,True,True,True,True,0
3cfc7032c5a55872f94e8e415729b50b706d602a0450ade835b17cd0fee95873,5488,2025-08-13,True,True,True,True,True,0
d48ff9e58712eea3ee3077ab7cc090b80c1e8453a3e4ee169fe3e578b6bd5c34,2425,2025-08-13,True,True,True,True,True,0
7a51c1173f9eb5519674e63fb6508ab721a21cad84170dcf6faaa034b2877355,3071,2025-08-13,True,True,True,True,True,0
5f841b4b430c0be70ba4227ac1f67d1062e5a84b09ae64dcb8049623fa2dc29e,3484,2025-08-13,True,True,True,True,True,0
688747179af6a003ada9dbfcabcebea208997efcc4efa823c6849f707ed5ee88,3483,2025-08-13,True,True,True,True,True,0
6370cf1ce2c5934dae23345dfd47e4b8d4fdc42fbccf9d33a1a1bc04d0bb4514,1303,2025-08-13,True,True,True,True,True,0
6cbf240d027620e9dbc3d8390639343714c0bfdcafcfe05e4abb2c0a4fed1cea,3317,2025-08-13,True,True,True,True,True,0
ca081bcf6bcd591e65c24f81457759cff4dd783b2952a0ebd69b2a2dc163b98a,5340,2025-08-13,True,True,True,True,True,0
e9efe945fca4615c48cc6a722f06ba60c263fba3ea8ec79a0febc5a74d306fd6,6209,2025-08-13,True,True,True,True,True,0
48712595b751a7e02080e9637168e21ba5959e54685c7007be4a1a36a353a656,6217,2025-08-13,True,True,True,True,True,0
83db59310dc9b59bd0e535191e21a730d75f5209678e59da59fbb6ec357faf0f,5471,2025-08-13,True,True,True,True,True,0
d12f5aed05258331f46bc4fd10d64708685b013aade0d75d3571bc945828e61e,2472,2025-08-13,True,True,True,True,True,0
d5b41c4ae4eba8bf0a9b79c9c84144054b51fd32f6508be9de9e0c0b117c61a7,1717,2025-08-13,True,True,True,True,True,0
c7ed5acc5e44910db6cf61add45193ec470343713b7e9ab1f3e1dff6fde7fa7a,3357,2025-08-13,True,True,True,True,True,0
1a3d12d50e2f7ac3440331643859ba18fc9a474eef2323ffb0409d5f3fb2e7b3,6265,2025-08-13,True,True,True,True,True,0
9844e04fd4506427a127eb9d7d78a84622f3d2e2c591f6be89b3d3b82944841a,2313,2025-08-13,True,True,True,True,True,0
6e0180a7e9e72b79c513efd5c07a7d533605445cf2942b3410ce70a83e2f0450,6175,2025-08-13,True,True,True,True,True,0
892ca1a430578dcfe3af8f1b252c55e9e638a2a7f23c364bcdc09058d8fd70e7,5328,2025-08-14,True,True,True,True,True,0
bae16bec86ca8305b49112bf572eb40528934b54164b0a729ba61fd3f337b3a6,3234,2025-08-14,True,True,True,True,True,0
662c236e27499ec124c811d83431edf070a6825ce93678cff4f07b9c38e00ad9,2641,2025-08-14,True,True,True,True,True,0
97b5edf226b72f5a719e0aedac12a43e59fecea22e4dd1b3efee4cf06291571c,4979,2025-08-14,True,True,True,True,True,0
3b356bee9d2a4f7b2fd2d700a30b7bf45a1c13d0f8b705b6a00b2bfed7f31a28,5410,2025-08-14,True,True,True,True,True,0
1982c2468caa591c154c87f1f62c26cd524177c8987f53cea5a1083d8a4bbd16,2491,2025-08-14,True,True,True,True,True,0
514c246f8389d1288cea7f48bb07f28f5bc53be896d805825d29f44d70d37bd9,2481,2025-08-14,True,True,True,True,True,0
e80bbfea406a060ba7197dd31ad4b19747c594a1926dc3d7aa4450abca30edac,6275,2025-08-14,True,True,True,True,True,0
6dc7e6382915346092da45c4165ad62b49933931a34c8c9e1db7b01a2ce02e3d,1809,2025-08-14,True,True,True,True,True,0
16ce8107726138762984d75d70a0cabdbf8263ae24bd23eeaebfe5479832cda9,3260,2025-08-14,True,True,True,True,True,0
da707143f16d29dc14c78f0e33c1e79d825c024e7f802930b77a6a278e436d4e,3360,2025-08-14,True,True,True,True,True,0
c2bc76298c2346c6ecd04b7714c96ab344745495a7baf84f166ade6bba04b85a,3268,2025-08-14,True,True,True,True,True,0
9dde76a6cf079048fe95513976d6644abe8025652111b19d87b91613b1130cb1,6903,2025-08-14,True,True,True,True,True,0
7fcb5b1589314045e0f1582f5584a63be477274c0cb9c51ec21b7bf648fb5664,5608,2025-08-14,True,True,True,True,True,0
b27679a0ec029c35b813494b9095ea3b2dadf8c8c91fe2ec03f21433d199f2e7,8033,2025-08-14,True,True,True,True,True,0
d84ed94aded0ba32011f2f4cbf22f8343ce281ab487e82c3434e5899fa0eae3c,1476,2025-08-14,True,True,True,True,True,0
06926234c650a52b427bb4d22caa24fe5d1f250894a992d0a0ce6a61bc7b987b,8048,2025-08-14,True,True,True,True,True,0
78be259f3bd1ac162a1e80f440b531bcda7f11123a5f24d756e5e1fa62813fc9,8996,2025-08-14,True,True,True,True,True,0
76463edd86f9d614fb0790594ccbbd6fed9939d0627c3f022288f0f92ed35f72,2367,2025-08-14,True,True,True,True,True,0
97b429659a4dc394fef0a5c59ff419b02d7df9f0c3cadcfcb791d6e60530929f,2605,2025-08-14,True,True,True,True,True,0
022d71bf2e3b491563c6d19bf9c321469eb84c70312573628b529077a1e524b3,6290,2025-08-14,True,True,True,True,True,0
e662a942f350b06def3121d41f0bfde735605d2ae45c484564285276a865f6d3,2317,2025-08-14,True,True,True,True,True,0
11a009f51cda2e9cff85626c3be862a4801da3bce37a00d931f88f78492de347,6414,2025-08-14,True,True,True,True,True,0
86ee8c1f0909e31b6ef690114798ac33e05169ab004f048071b1b5ed0b9300af,3707,2025-08-14,True,True,True,True,True,0
3fbcbc0db11230d54ef9ecffcb07676fd94d87e1e5fe6aee7d51de4e0cd47f2b,4977,2025-08-14,True,True,True,True,True,0
6b755968b6b5cf4bfd7de4d7935a82a64429b0af4331254c782c9078f7c4c706,1612,2025-08-14,True,True,True,True,True,0
e0addae6b01aeda30185d8b0d0e2d6404ad5bfc46cade8df77280d880f88d376,4903,2025-08-14,True,True,True,True,True,0
a7e042591b11dd7bdaf22dcf2be951ef10fa7bbf52c442a19e9d57a70d7038f6,4960,2025-08-14,True,True,True,True,True,0
398790754097a21835d63fd53d0f6606ba865b753a493defd1cbf2751b0db914,6530,2025-08-14,True,True,True,True,True,0
0f408c67d3553f432961843f96de5ac369a4bf22f35f849d1b5cc0917029d7cf,6515,2025-08-14,True,True,True,True,True,0
817c28446e5d4b5de7b767fb4aa11736027bcbcacb00f14db48e338f10815a8a,3058,2025-08-14,True,True,True,True,True,0
c6297a9a84cf375b9dde22041fc1fe585f7ebb07d0332b9d7625d954853895b6,2312,2025-08-15,True,True,True,True,True,0
be0e407ff06e7c5abfab9e960a48d4c8176d7bff7b3eb2226b39d66dd62eceab,3691,2025-08-15,True,True,True,True,True,0
744e507ba45ccdef8e5bab555bfcd3473b4da6ef5f8fcde20664dbaa5e814e92,2305,2025-08-15,True,True,True,True,True,0
c2ace4db33458225642dd6d4454536bdf41555a4da5f3627a81cb5110fd95442,6525,2025-08-15,True,True,True,True,True,0
ab24b2be04176c6072d7ddfe995d36c90ad652010722e93b4971c00de0a7bbfe,3630,2025-08-15,True,True,True,True,True,0
284220f35a0028b49612d8e1e4d706ee64e647d66aa49dfeb9e3629d8a44c4d2,6690,2025-08-15,True,True,True,True,True,0
ee10de575bef47fc3e54b3fbb5606a5e3db31488f636cd4527e304fc0528c6d2,3005,2025-08-15,True,True,True,True,True,0
5c027bf06e71662cfec703b967ecd580a92c9d5e8538c3ab119f27c0628c702a,3508,2025-08-15,True,True,True,True,True,0
10ad4b7f40432a91e9f9d37b38bf86965c7560c78be7c130861d22f227dfda8b,3490,2025-08-15,True,True,True,True,True,0
3c5f9d4314cf99fbfab9f67a88b250d2b391f7625dbf944f6a6c7043a2cc24fd,2031,2025-08-15,True,True,True,True,True,0
ca4c551e45de97aa3f85205e87ca8ff88349f59bfd4cc626bab44f1bc5d7c005,3071,2025-08-15,True,True,True,True,True,0
3649fdaad211f71edc25847e6ce879196da74a306bbf6ea541754b3df89d03f5,3296,2025-08-15,True,True,True,True,True,0
ca24b2716fb68fce8287769a056411b55c0ed7eccaa7cf4ff9512985033fa623,3576,2025-08-15,True,True,True,True,True,0
80fbbb023cfd2418e061126cc2d32d2721f7a4094a637f49072f9abbf77cdadb,2613,2025-08-15,True,True,True,True,True,0
b9a82588c5698bb24b43e9a355b6a9083c27e00654f7bdc62080994b284454a0,3081,2025-08-15,True,True,True,True,True,0
e99e6f8829ff82f19f2611f5697444fb077a61742d0fa4922cfe63b2ef2011f2,2002,2025-08-15,True,True,True,True,True,0
2878f6a84826e7c2502f0ecc1446b6a7533df4fe33516486f9a4384605a3b384,8109,2025-08-15,True,True,True,True,True,0
aca0c286c659950100431c0698139f4fe2c1e0bf80effe7da9e51d69c289aa83,5474,2025-08-15,True,True,True,True,True,0
97abe5b539c5c6578a366fdf9f9132eb84d81faa55c903fb0aa71cbac24bf888,2498,2025-08-15,True,True,True,True,True,0
ff700431d1d0ddda3090aaf5ffa7ce0313bae297a8751ced841c0b92d44e04d9,3230,2025-08-15,True,True,True,True,True,0
990471d2f8045ac126f62774dde8ea203af6325d43e09a62cf13c5a1b5c11e1b,4561,2025-08-15,True,True,True,True,True,0
a1481b570da2810de307b4a9bc992fdf2f399fc8e93b77f5a4e01cbd83c79b10,8042,2025-08-15,True,True,True,True,True,0
bf4d5e83697063c3de40032318a425d215626d2017f2cb4f3df98a8d3879c032,2464,2025-08-15,True,True,True,True,True,0
e9d02c61b02b9e7d32b6ce22b1dd9b47d49e3255ca814fc2be3ab45fb633de19,2328,2025-08-15,True,True,True,True,True,0
11d80e3514018095d088f9562ca64e56bb71664151d4bfa3a22cf35245ddb573,3479,2025-08-15,True,True,True,True,True,0
4b3fc049396c5666adfb22848a847847e452e0be90663a780a149edd0186214e,3706,2025-08-15,True,True,True,True,True,0
286a9c339840f4f671328a1805560e54df805a9c06f485d7eda69409297fa4c6,2331,2025-08-15,True,True,True,True,True,0
fdb42fe8e4b83cf3eb502cf4e94563b2c671ad81f94cd7a8e47645f754fb6e3c,6175,2025-08-15,True,True,True,True,True,0
505b1d30ef9b4f7cc8530a1381eb548988af027988f97db94cdd05a9185905fb,3105,2025-08-18,True,True,True,True,True,0
99b302042975be534ef737eb1c3a8196a257d3efb09519d3225bee8ada064469,5328,2025-08-18,True,True,True,True,True,0
98e4058ebcdd604567d1be75b14e0eadb039ef35cfe5890749faf047a3db291b,8076,2025-08-18,True,True,True,True,True,0
ccd965760ddd9326779ea1aa451dfdd1aa85e5550a3b38ce82cab7a656d4a8d2,6153,2025-08-18,True,True,True,True,True,0
714a49c12b52d9a834c5a2b913f77dfa8e010af90efecc0366a98bc008ee7818,4576,2025-08-18,True,True,True,True,True,0
b314f9543fc15186f652b56cf99ffdc369455986b5f6cb74aff96e3be1c6f317,2485,2025-08-18,True,True,True,True,True,0
fd11db4335fb9e0fc101c0603c75d4d76dd35c4bf7012fca70034d9b2a1837dd,2641,2025-08-18,True,True,True,True,True,0
e3b6106f53dfaffdb48cf7142e2e616088e807c0176170bca7a38d516fb2a13a,2491,2025-08-18,True,True,True,True,True,0
dffb0e483c85f030c7c558f8bcd387e8d9a80f27de2f450cca392f604b606df4,2527,2025-08-18,True,True,True,True,True,0
ee0066d8f9556d6ee4dfdbe3248d5367d8342ddd2bf56a9c7d4b927c53ae7bb5,2481,2025-08-18,True,True,True,True,True,0
6ca78a7d1bd54d1f716ba6e4786f848067d431575a95fbe17dc848d7498103a9,5371,2025-08-18,True,True,True,True,True,0
68e38789105f75807b909e32263d245e91ada4786922a2308b9091f4b96930ba,6188,2025-08-18,True,True,True,True,True,0
6baa6558f7a6deedbf7e54d808f6ce65d04c5d2058f27537d82326c80f2a9a5b,2606,2025-08-18,True,True,True,True,True,0
b3c65af59f0b6f40fb771d9e050b40f9151b4a2ce43960d1d8fdd6767cc77add,2241,2025-08-18,True,True,True,True,True,0
13a1444b34437b6ce1bfd73106c09b7bab5ea241f5bec024c81b78c428b19660,3189,2025-08-18,True,True,True,True,True,0
4a6a0381bd02c5a31115e08e38497f3232d064b76b10a4772887353b8a3a8a8a,2369,2025-08-18,True,True,True,True,True,0
7b3cac16388858a4462993201b06efd8f2c7d0047e01c6d8a6f0423adf08e45a,2344,2025-08-18,True,True,True,True,True,0
6698487d3316cc580c27a05c3b3854cdedef70d97e616bcabc7d43d91ac7841e,2484,2025-08-18,True,True,True,True,True,0
b3c92a744319563fcc16778b3570ccb404230fb5e232dd007187eb8dc1290394,1714,2025-08-18,True,True,True,True,True,0
d61465334996de06d5819e8d5196afa265c10c5f13b49edeb3fb3d3f69b3fbb0,8039,2025-08-18,True,True,True,True,True,0
e090aa31e503b0a2fecdc2781cbb5eeaff3c7d36b6701fd3a285eeb1893b6745,2478,2025-08-18,True,True,True,True,True,0
f09af41932e2e14bbfd634a56ad8dd3be2fbe60830c1deda8fb040e39ec0e430,2007,2025-08-18,True,True,True,True,True,0
41b00e1f6b6626bc44d01e807ca74927d66eb776557a8562d43e2cb95756b0f3,3481,2025-08-18,True,True,True,True,True,0
0e509cb1267f9cf2213135e99f415ce016cc14661d731aa5f1873c1a873e6ddf,3653,2025-08-18,True,True,True,True,True,0
1dd041524ff492e1525447a290849b3bb6dd8b45ba0512201b6de39fcfd02732,3588,2025-08-18,True,True,True,True,True,0
40a013a18e0d68b8490a95e55a4e0a258a611602f5113bcd943de8523da83890,2424,2025-08-18,True,True,True,True,True,0
66bc1d342547a0b6dbff5461c7063aa8c186f5b4cee5c776fba35bdde6987798,6129,2025-08-18,True,True,True,True,True,0
9a190c99935a6f61dc67663d7960c0b018bc306d5f68ac26b617a1a63c4603c1,4916,2025-08-18,True,True,True,True,True,0
8ece411a0744b53e62b163618b85df2eb8db5cdcd87053c736952e29b45196df,4960,2025-08-18,True,True,True,True,True,0
a70b91d16e88fdfbb24801633384199d038f3c0b841c590e12b1b494ef475a5b,2501,2025-08-18,True,True,True,True,True,0
e3b7fbbe1a0035319fbb5d7a60a637807514b9c43b492852defe8a58f05da3f5,6530,2025-08-18,True,True,True,True,True,0
0410d70dca17d4500e5fa47d3e7da5f5b0d2740768f372391a916db997039419,3149,2025-08-18,True,True,True,True,True,0
e5227d154b464d22b6e97cff6d74954436d7fbc4287816af5c9c3a62dfaa61df,6573,2025-08-18,True,True,True,True,True,0
c3cd2922b9b9a0c0de759a2213fdb754ef516a300e4f3e99c5a60b68cfa514d1,3498,2025-08-18,True,True,True,True,True,0
39e94ceee6e1fbb22f96c6dd75170957295fbbc33d2b7b7b9b78b77573ae231a,4540,2025-08-18,True,True,True,True,True,0
89c34010ccb63d252e1ba7da592c7bdb56d04089893d937bee5aee7e7e36c916,1584,2025-08-19,True,True,True,True,True,0
47003e0f232543bc0559bfacaf955ba794e342313ce6c9266874dbac7b3c4a39,5009,2025-08-19,True,True,True,True,True,0
962ef38b5ecc50794d2866e63b058b7c5f538b679ce6bbd55e62ba678315d256,1708,2025-08-19,True,True,True,True,True,0
b3ac03a68b91dbdf8e85ee068a1fa6b941a5e38ccc212112e09b117fd7aaf49d,2221,2025-08-19,True,True,True,True,True,0
71b8b76641688cba3cc7c0f9101fdd809c4aae07b79df4f1df67c451fe3cb2a6,3508,2025-08-19,True,True,True,True,True,0
de12c2cea47eb99bd23f9012e1d17554efc2840b11bc5d0c3f562f04b3538716,6603,2025-08-19,True,True,True,True,True,0
5db377869ac54a4572912f037394148c25a355fda21431d182fb7485bb722c42,2034,2025-08-19,True,True,True,True,True,0
2686ee3e909f8c3affc9e367de61954db9d899619292d2237b97a5f1fb3ec674,4934,2025-08-19,True,True,True,True,True,0
cde9dca6fa19858b2f9e61fa76b76d66e7776e993b0ca73e64ea3f8c8840f86c,2243,2025-08-19,True,True,True,True,True,0
3874188752d275324704ae9cb96be03e0ed7db70a1726154f1293e1a3c950b00,3441,2025-08-19,True,True,True,True,True,0
037ebae58ad6665bc9ecb11c623903fa2dd7ca4487a7615dd701afc1865b0836,2498,2025-08-19,True,True,True,True,True,0
23f2d83692b8d04a11acb170aae9708bd949637cd808e8aa3d08f0d872bcb19b,8042,2025-08-19,True,True,True,True,True,0
072342b43d95c689634d7932051323310f7b3c0ff0184fe243bffa6807d6a05b,6150,2025-08-19,True,True,True,True,True,0
9f962fc927db69c00fed8e0c800ca1998797f41751a992f0fbca5ba58212b3fb,3615,2025-08-19,True,True,True,True,True,0
f0281d73f68c945a657de7526167609c774817a999e68252e168a20c7ccc2c40,4939,2025-08-19,True,True,True,True,True,0
185dc857b77b75446cc1fe77ad6d8ebe5f85fa833be0bfd60e0b3b8a6c6619ce,6789,2025-08-19,True,True,True,True,True,0
c7d00cd07c712cbcf9cff78b51f9dbd1389e71366c137b7aa7a8001a5c9d8e06,3005,2025-08-20,True,True,True,True,True,0
4400d1536c77a9fb3fd4219676523ad0a133a2e9cc2f9a28930c21a1d0b12f4c,6449,2025-08-20,True,True,True,True,True,0
8cdf5650f17a95afb0d9701092c69869a74c2b7e755eaeec2326e752003268fa,6207,2025-08-20,True,True,True,True,True,0
d00881ce1594542bdb7e4c23164df11133d49cc0def47118b42338fe21af85f5,2401,2025-08-20,True,True,True,True,True,0
eb6dd874c32bf55d14a7e3bb1050effa388b88136778264a28721727e4718c8a,3094,2025-08-20,True,True,True,True,True,0
a7344658d2a847272980362bc0b5516a22265f4e5fbf08238e10d39dd32a0658,6573,2025-08-20,True,True,True,True,True,0
7f77598baa74ed0d39b4d0ad9e187c904d8a9aa0abee173c7316400245cb5434,2467,2025-08-21,True,True,True,True,True,0
13bd78dc9d3b32401370085971d1f6fdc15fb4a9748c3deb4fbaaa080d867abd,3006,2025-08-21,True,True,True,True,True,0
6fab83ddae4a8f798c85670ba2a5b291f0a63636bbb0141af02516bf3be88a5f,6275,2025-08-21,True,True,True,True,True,0
ef4595bc521b130bbf41ee13826044b4151f4afc441d8a3ee10a0c3412b2d805,2493,2025-08-21,True,True,True,True,True,0
054739126c6a1050ad8b686d6d0e1cbdcc39fee27bd1ea3a7af901bf955e5daa,8121,2025-08-21,True,True,True,True,True,0
4a406e9361beeef26faf5738022c759e1b951701066caa05393803ef6f0323c0,6182,2025-08-21,True,True,True,True,True,0
5dd5fa8933c6dfe7b0362a2a5efbf4f04aafb5ce79b9881ed2b18ea36eb8b517,6903,2025-08-21,True,True,True,True,True,0
1d6b4463ea957359391f5dab3baee43989821079c0117a59878d1d39fc64b808,2409,2025-08-21,True,True,True,True,True,0
e2672e5b2c97cfb924094f5af932f07b4d73cea4d17191bdd5368a79ffd468ed,3708,2025-08-21,True,True,True,True,True,0
7f9922470060c8fcd52bfc139df83c35fa0b27382d97ae45d3d03b7111fe8de8,3481,2025-08-21,True,True,True,True,True,0
89b6911bebcfc02550f4e91127dbbc3c6896bb5cf33f242364ce393bd92aabda,5471,2025-08-21,True,True,True,True,True,0
e405072014db9c979969900cc8edea00f1226eb987387065f1fc90ce9b0d99f5,8277,2025-08-21,True,True,True,True,True,0
ab599a12485af6d97574ef09382eb6aacbe5acefa04c71dc1e53ee8258ba1606,4564,2025-08-21,True,True,True,True,True,0
88aff038cf648a544cd262f279edcaf48f373490bd7e9626defadc636eda94b9,2472,2025-08-22,True,True,True,True,True,0
50da7e032096e6381d11380fa78215699a141bfc8dea8a18355d041af77b84ae,2352,2025-08-22,True,True,True,True,True,0
2ffdfc2d38ce8f8dcb527fb9d6bd942bcfbdb83dae9c33c436053b1c63e9da3d,3026,2025-08-22,True,True,True,True,True,0
abbb4be8ba5f92da2c567b3534a2c270d3cc99bd1d9616e874b0307e473d777b,1326,2025-08-22,True,True,True,True,True,0
dfa037e9a7a892f00fee565766d591da79070cac3fa6ea541e7912eb37ee0821,3479,2025-08-22,True,True,True,True,True,0
de81e525f277d680cc7faedb8d66dec7ac703664571c013a0c92a2f17501601c,2467,2025-08-25,True,True,True,True,True,0
8969d4e9ccb589ceaf157f3ed61c422d5b28c1e4c3f4c252b353017e96d49b18,2305,2025-08-25,True,True,True,True,True,0
efe894ee256aa3e6906e8e4b1667caaddcacb64c03e742fa8db8d3d1c1be4adc,3290,2025-08-25,True,True,True,True,True,0
ab2092ae41d9e2cd54376af9268a5bad4cfd6747f1576fb568d8d597ea02727e,7402,2025-08-25,True,True,True,True,True,0
ddd3d2cb592bb40ae42e9f38749f87053ef6fa20bf75c6730ce88888bfc47fec,3535,2025-08-25,True,True,True,True,True,0
7104a5552e4378880efbc9a706465723d60f864a3b8c6716fb455b243b6f8fc6,6188,2025-08-25,True,True,True,True,True,0
312066f541dcc60bde15df0888acde99a6fa89a65c5561dea355bc2f69225845,6570,2025-08-25,True,True,True,True,True,0
5ee86f74f19380d72172dd6dfede6951431178777671b13faadab1457f1df835,8996,2025-08-25,True,True,True,True,True,0
8eeb5e86ccada5833ee8d180e5626dc8f83b5c5d68b237481edbb827c6ec33c6,4729,2025-08-25,True,True,True,True,True,0
7f16dc5be0a2b44961cff23a27b4921e5c2ae59614b7379541d3fc8560d3d705,8038,2025-08-25,True,True,True,True,True,0
d5919a10bfe6464d5b8fd27b8b783282fe4e39b7dde143b8c9cd0680ca575e4e,6753,2025-08-25,True,True,True,True,True,0
ab5060b1c9d644ab6870b8b1ee2dc5338e88fb47ca4ddf237d053f96736eadfb,6175,2025-08-25,True,True,True,True,True,0
9426bd5b39669378901c585041681109f4a876c12ef1eab94a34b32ddd0dabec,2359,2025-08-26,True,True,True,True,True,0
d3e76e7b1daf86377f1b3c6e955f17044d267ce1d7245e725974bab21ae7ec42,3221,2025-08-26,True,True,True,True,True,0
fc913ff261e4327eaf1afcfd765fe6f3ba93e70caffbcb2f6ad10c3e0f00ec9e,3455,2025-08-26,True,True,True,True,True,0
3a4aa89dc6c862170fe0306cd52c6e2d07fd09f33031005620594b4cc5684fa5,3704,2025-08-26,True,True,True,True,True,0
0a79a8d2a59cfe9b25c86e2e577b8bbcc3681024d8eb79533b3c36cad99dd4e8,3006,2025-08-26,True,True,True,True,True,0
07dfd0f498d9ca4950e21143f5696c8025f76cf01f8ad3a672b2e3d5f0133760,5285,2025-08-26,True,True,True,True,True,0
cb21017411249a7cfa2c4f727ca30d21c67bd6a9461b463166d1c578973dc404,3048,2025-08-26,True,True,True,True,True,0
59aac27a4c87c17e85b1eac666093466c8149c24abc6e118760641a2eaeb7b16,6903,2025-08-26,True,True,True,True,True,0
20e63ee00d6c4bba639162baf3d49d975c9df9484d3bf70cca78a92c8fa2b897,5289,2025-08-26,True,True,True,True,True,0
bbf35f2fe3e0a39cf45cfa31c9cd51f9e6b94a1c37a39075b343d92fa5097e15,6861,2025-08-26,True,True,True,True,True,0
8e5e50bfaffcaa611263181ec61d405e882e4e2bd63309103b7a627b7d5468da,4906,2025-08-26,True,True,True,True,True,0
21f5122300b248a3288a4ca533b43ef8a092090f17d44d67c75efdda5bd1ef0f,6217,2025-08-26,True,True,True,True,True,0
b8f1ede35c1b01a55f455efce9edcaa96ec465d7ab12fe64178da35dce3073ac,6683,2025-08-26,True,True,True,True,True,0
ab126b93ce0bbcc81317418e33c93995be47e62465d7a2d6cff12631c43976c6,6285,2025-08-26,True,True,True,True,True,0
06a5ac5cdf7d7a2a7bf278efee5d3ba53d7eb6d8c73b28d00ab7e95c6567665a,8374,2025-08-26,True,True,True,True,True,0
e74fa9df1ff3dcb091868eb86a6a10eee49868cbb82a0524dc1d8b330f7fd697,2360,2025-08-26,True,True,True,True,True,0
313715a04c776d782ba294d485a03cf5a7a3b59291e38d9c6f5666a59c363a24,3443,2025-08-26,True,True,True,True,True,0
d4ffa8c627b26ec80e79ab8e81474ed95a090ff0dd85f6a6ccb10cea5f9eb148,6584,2025-08-26,True,True,True,True,True,0
bf55b707156d2bb5db8bf620c928108fce7af9240a77fc23e2e65bc86c7c1856,3479,2025-08-26,True,True,True,True,True,0
85d38599164863f478cc70b8cc3197e518bdc0df09714ee62ada1dbd3cd05421,5222,2025-08-26,True,True,True,True,True,0
5a40887e550ac2233bf12681d031ac235086e6e047914417c423f23e4ccd8e73,2231,2025-08-27,True,True,True,True,True,0
57e864018bc37c3526cf8e355448eb91c7aab6a49503ca33712911c9e0da2362,2467,2025-08-27,True,True,True,True,True,0
76d52d7a8bc471c7509ab95918dcf440b731adb14a2aa98d1dd657ba51833b8e,6214,2025-08-27,True,True,True,True,True,0
a5323fa7e6cfa36746ba5161bb85b59785bd10d0f2e07be169ccce62cb032265,2395,2025-08-27,True,True,True,True,True,0
cfe5b6f11899f3c0b4f0b6554336479c9fcfa6e6d34cd8d98be4f508fece278f,8091,2025-08-27,True,True,True,True,True,0
9a88a9c5f129de30472dec92f889f3781b9413d66ba7fc0d4631e5b3302c831b,3491,2025-08-27,True,True,True,True,True,0
7adede455b1880a644a47e8c6c4b6803d28dd6d666e95b37d6c561b7806641c0,3508,2025-08-27,True,True,True,True,True,0
d951321249b12080d7d02b20385bbb80e25f02fb16847d3e4d9c121d7a095119,2344,2025-08-27,True,True,True,True,True,0
3178ad145692dc4262c2b65fd8d8a867f0a09e75346ca7b8e73eab33902f69f2,3675,2025-08-27,True,True,True,True,True,0
7eb972e51b961bde97c2bf99aba5100a6f26571de20f7db21c2b2f714e87d243,7714,2025-08-27,True,True,True,True,True,0
d225c7ad98abf838eed01d358cd29f981050812787431c789f76d8b914018569,6223,2025-08-27,True,True,True,True,True,0
7a66deb1fd648409a227781f53812385c31c18a0facd87caf575436f97a27f63,2243,2025-08-27,True,True,True,True,True,0
d70e9ea3a75237d5ae41fe68a174c3aaca604344c723b02745252410568f60f7,3257,2025-08-27,True,True,True,True,True,0
63f18be3550230e3a5972eb8608a8703f5f629ca759a7e66b160c6eff71f5f51,4971,2025-08-27,True,True,True,True,True,0
e801108d7a7f1375023d469e7b06dd319b38a910166b6f680f60336e4b215be8,1342,2025-08-27,True,True,True,True,True,0
bcf8e7923954c551c81b5b4ac247df7199999f7c4539700819c88676c1d5ad0a,3037,2025-08-27,True,True,True,True,True,0
f9c65b196fe1491650ede9d54f0f474ca109850019af01cc9334bacf283ad5b1,8261,2025-08-27,True,True,True,True,True,0
e8af3d5a63d48e12dab560754d0544a8a75ede5705bd463097a0a8bfd4a411a4,8110,2025-08-27,True,True,True,True,True,0
3bef7e825535d00e1bb6b78dc5921ba748d8228cf12c60a44370827408c451d1,6016,2025-08-27,True,True,True,True,True,0
2bfbed4c8c90f501fbbace1024920088729c73207a68670edc56e8afa164c056,2308,2025-08-27,True,True,True,True,True,0
8452c9cbac235b3997f70ee4e8ad638d756eb8f559136f9c40998b100e025c9f,6179,2025-08-27,True,True,True,True,True,0
ee2e5a70ad7e7307e8819839d7e2bf0646d9ce16a46243272104bd612bc74cee,5536,2025-08-27,True,True,True,True,True,0
f15bb3994074aa2eb65271418203ed58373ca93b9c8a3b852669f0548231d77c,4541,2025-08-27,True,True,True,True,True,0
6cec1200ea1f9ad50698511e3a5cde239b03b6270d344d7449731d91d42fdf35,3149,2025-08-27,True,True,True,True,True,0
a979186999eadfc3042675fec0605eb0d5a40338c2276905cc3123e95a2a0461,6269,2025-08-27,True,True,True,True,True,0
da2642165b7878328f12c083008459368e65f53eb8b8a04010edce81d0a34e4d,6271,2025-08-27,True,True,True,True,True,0
93c26a643009a8b05ebc7c56c5ad9d08a3e777ff3d8505f4455459bccce6edf2,2313,2025-08-27,True,True,True,True,True,0
71b1be69e82ef73f7d4ad20e5444ed71ccfd7f1722ce62a9a78c6e588093cc73,8027,2025-08-27,True,True,True,True,True,0
375d917bbbfc7c178558adeb52d7383305a3ed57d79dd95da6026ebcfca88e2b,2455,2025-08-27,True,True,True,True,True,0
c79233dd132f7eb007805adca3219964927b946027a99a8436716cb37aedfecc,1584,2025-08-28,True,True,True,True,True,0
d7163a45c4219f01188e808cc2308b6cc190316829e050d22c49c2aac9ff6335,5009,2025-08-28,True,True,True,True,True,0
1c5ee750185fb16d9ec5acf38dc56306e0dd47d61932c85e3edc8105b58bda9b,6525,2025-08-28,True,True,True,True,True,0
9cb57e398c7320c90c3ebb892d25fe939e3087357b852db4265397a921feb43c,3630,2025-08-28,True,True,True,True,True,0
7b7fcd4e123e1943d3df875e43701032e5d842eba5076bde917cf1873d6cafb9,3004,2025-08-28,True,True,True,True,True,0
082163f09b158766f6573bc31f0aa96eeb6ff9529c33dc1742b9aab68c942f1a,1514,2025-08-28,True,True,True,True,True,0
b694c3c51819bc6215541d2e2c8eb058a169896d38ef83628fa07edf23527260,6613,2025-08-28,True,True,True,True,True,0
8e98a96e0b4d8e7af55d037d15cb2eb6cfeaa4bfc58d87647311d162971049b9,6585,2025-08-28,True,True,True,True,True,0
d612ac7af0cb7173a800aa0e4038c243b13c2b83ef8270fa47041bcbdde00e32,3484,2025-08-28,True,True,True,True,True,0
d3886d9dbbb7578b36b6c630d09b7e0c4bc02f1e0d867b9f5791f8de632234c1,8121,2025-08-28,True,True,True,True,True,0
4f52075edd7c1c3c259769074f8cab8b7c12ccd4caeea20cb3b0a7049177230c,2369,2025-08-28,True,True,True,True,True,0
54df2e4c411189b19d2e6e37bd501a9db40c6bcaf9a92d46e9a7607c7725b59d,1536,2025-08-28,True,True,True,True,True,0
cbc144a56a374850c3411fa683e8ca9aa4cd37adae961f0da7d7dae6aedd7613,2457,2025-08-28,True,True,True,True,True,0
55bfe161575b34ecb17dfbae9d727bf1ef935a5d2c1eb626a8e31a8bc83c9f66,1785,2025-08-28,True,True,True,True,True,0
f23161dc7e7304c85c82a72e8e8b88048c4cc945575f0d6babe5a46da9130caa,6191,2025-08-28,True,True,True,True,True,0
c7261abca9570819f604fb8816026d0fec6cc9775c419f59a451551c2e6c7558,2426,2025-08-28,True,True,True,True,True,0
9c05ba8419e6cb4db887eb400c84e1bff7498b851f3e6cf8bebf3d781ef1ae9d,3481,2025-08-28,True,True,True,True,True,0
cec89bbf84a5f7e037d07f79406f2e95f22f7c4c307c060a1134c06c65132aca,6684,2025-08-28,True,True,True,True,True,0
26d2fb138339abb9befce4c0a4b462d597dccc07ee47699f4b14019c7bc5287e,4572,2025-08-28,True,True,True,True,True,0
5256d1e53171419a0b7ec30473e25a08f689dafe28e598a93857bab6c4b5535f,6548,2025-08-28,True,True,True,True,True,0
d834a82414fa2c0d6fc17cbbaaf958682758abcdc35abfd4813f6d71e9fefa44,2208,2025-08-28,True,True,True,True,True,0
8ca02a564039c607a7bdb189ea7b2df17f96e674861ed16131a96e592f8c0c44,6727,2025-08-28,True,True,True,True,True,0
aa6576f9b587f2578c38c99b662809a9575ee9f7b1d5626d8b662e0171d444fe,8016,2025-08-28,True,True,True,True,True,0
0f1915b11d39abd1745fed3322e02b2afa02f231b2a437f1203f7c9d78de0be6,6257,2025-08-28,True,True,True,True,True,0
84a704ab0741ed8cda25e17cd91d5554a8e559f5b18431d9731bb424168e61ef,3265,2025-08-28,True,True,True,True,True,0
acab95e76773e892e4c7bf33d1d2e764b9b5106cc9988ca86387edf5a9e1a376,4540,2025-08-28,True,True,True,True,True,0
9dc43457b2c265ebe743ae5b5c498cef85cdbc93759c7f2b47eb10024ae90efd,3527,2025-08-29,True,True,True,True,True,0
336d8a5e97fc15b5b0d737d60496ba03b4073d2138a8750ee2e0807c895d44fa,6654,2025-08-29,True,True,True,True,True,0
04f61326468d7b948e9464e9d84da63c2f731bd69fd23cd658fc711b40b6f276,6274,2025-08-29,True,True,True,True,True,0
24656169a442f7b88cfb9fd9fd8c8ca692ef542acf3bc423188b17bbbede22b4,6830,2025-08-29,True,True,True,True,True,0
47d9955802af49189de6dcf2d262d2107f86a8b671a7e8ce4a611a14a7729b94,8091,2025-08-29,True,True,True,True,True,0
2db65ee518000c654f31efc4bc3fb22b8fc1cc8ccf4c619a39a00f3901fc1bda,6526,2025-08-29,True,True,True,True,True,0
e6e8c0e23a897a778c430457a7e0490954eb2f2600a4e9b1ed28f07f301751bf,2243,2025-08-29,True,True,True,True,True,0
26a75b71d250de78e7a2a6267d17b1bf9fab5debc6ab9af160b418e0e13dc9ee,8039,2025-08-29,True,True,True,True,True,0
023098d89a6a76a92600e50628dcfb7f98dfdf1f6685310de9e91e8406c50103,6217,2025-08-29,True,True,True,True,True,0
8b82ad039c08e3107794a839d35c5052a65001b2a7c422f2ba342a43f7aa2b85,3363,2025-08-29,True,True,True,True,True,0
1e1d25563c28edc05030284101e380c4dea174dacac17b421e641c019d4316d8,6416,2025-08-29,True,True,True,True,True,0
55e0e97678dcb8afae370f668778b59dee9d07e0b4d00bece3769164949d2e8b,6016,2025-08-29,True,True,True,True,True,0
5ea103e562572a470ccdc2212b616958c69012b69d6bcf164774b37db6fbed4d,3556,2025-08-29,True,True,True,True,True,0
c051954b5dc8898a166ae3c7556a040ff0e2007f0be30c6ebd3826428347fe46,6168,2025-08-29,True,True,True,True,True,0
8aa21309a80774f582c4735829b1f925f4886bc2d1a06508d501ca7c8468ade4,2368,2025-08-29,True,True,True,True,True,0
90a17dafce204fd52615bd02257832cfeab6f46f0baa1d0f0b7a22d1746d8388,6667,2025-08-29,True,True,True,True,True,0
b9c055c5a990e6b1f4412bb19b05190091df0f368e4bf938fed376842c56c9dd,6515,2025-08-29,True,True,True,True,True,0
61e22449dd559a1afb5cc4b99cd407c1332eeed444b12ec420bd2b48b75648be,2314,2025-08-29,True,True,True,True,True,0
8ee08f6ddfb12881c42bb31d991eb2e9355812f814868985ed5930a28c00ef45,3479,2025-08-29,True,True,True,True,True,0
18807205cd4ae6fa2029e2d799456489dc5571ea2fadffe8895481af58a186b3,8027,2025-08-29,True,True,True,True,True,0
a24b3a292246a3575f08995094aa0ec9bbb50a4cc3310f89d2882c82e8f13cd4,6510,2025-08-29,True,True,True,True,True,0
1fb1fea30289d536171e679a50f1b22c5fef56bc49e7ec294a7e3416c753e81a,1503,2025-08-29,True,True,True,True,True,0
da734a57e22906dc81452438b8fa15d80dc45de58bce05ccdf2797578fad8bdf,3665,2025-08-29,True,True,True,True,True,0
abe70bd33c79bf76dd212563a755ac51d7398ba24b6b5f731033e40aa716314f,4542,2025-09-01,True,True,True,True,True,0
25503c4ff0ecfcc2ac39f52a3d07fb20f5ac196a204e93882ca9f37016074097,3711,2025-09-01,True,True,True,True,True,0
0812a13e4ef6ffe68e9294ae85595517e0a44870cb9ba51c32b0a400062296f9,3529,2025-09-01,True,True,True,True,True,0
4eece1717e6134fa77e8bf1717a00d67dc30891f66a4bb54eb66d909443fc167,1773,2025-09-01,True,True,True,True,True,0
68a0453b279c4ce6f264dec4db50e8bdb262c5a4559b4bbcc4d385ed238e0b0d,1515,2025-09-01,True,True,True,True,True,0
f2b5b0a6e0a8cbff19ad03a3e526330d9540bfd02ff71cfdbb7a8c6a2cd3dc60,2630,2025-09-01,True,True,True,True,True,0
4c317c9b3c383f894ac625dcc98702cd2d3efcacdf8ee46d0786de1f7d66ed0f,6906,2025-09-01,True,True,True,True,True,0
31e1d3993871d12aeb30f614e061e2f778973b096042cbabf45e4116b186d1c8,1717,2025-09-01,True,True,True,True,True,0
14725a87216118a24829b5a4c8d8cf799890e53f24f129245d61d1a64c61fc31,6129,2025-09-01,True,True,True,True,True,0
697c9b0b73ea71fab69743b64fe827a2d5ae34f7bbea58f7aab29395234a69bd,3615,2025-09-01,True,True,True,True,True,0
9960be920e9e45679635de790bde7087db85809dedf1bc667321c7dea1c8f824,1568,2025-09-02,True,True,True,True,True,0
7553d0ae5fa1deee44d5c67c56a162c6940cc354838b19f28f8056c09aca839a,6204,2025-09-02,True,True,True,True,True,0
408a4b59f76948758383de5776d8e06659f18827460d958d97a0860c737fa6d9,6142,2025-09-02,True,True,True,True,True,0
b802b2535ee6e4a92ffd018e0e44e7c6b9cc8f7481d7ec955e5249af13d1d752,4123,2025-09-02,True,True,True,True,True,0
8735bcecb618164706f83732d542cb27b19d221d5fc4993824f1393f6c6fb292,8038,2025-09-02,True,True,True,True,True,0
8c457b1c393f3ecc5027702a279adfeb6d2a56c6939dc88c083f5bc6f7705afc,5227,2025-09-02,True,True,True,True,True,0
3dcf802063b7e44fd2b334da2022ae6bdc0f824397e97673f8fa4087a80008cc,8028,2025-09-03,True,True,True,True,True,0
c61e6caf0572bbebe7a5576ba0b4171cca15c57522bcd927c3f92492150df20d,8255,2025-09-03,True,True,True,True,True,0
4a4c288f5119a4a5c29f6b826c2bddbc9aedcc1c1812e385a3f302319e1dbb24,3004,2025-09-03,True,True,True,True,True,0
c13d4d009812c8ebd413799c8ffdc8e408b1ada715d089469c3922d0682df572,1477,2025-09-03,True,True,True,True,True,0
95a43489dfe19d9aafeb7281b2ef65f517fc64a5164e03ade69744581efaa82b,8121,2025-09-03,True,True,True,True,True,0
0dc76c3a443d504dd09b533ee0bd6821169ee7268cc3d36cfa2728f5c7f496f5,4976,2025-09-03,True,True,True,True,True,0
10175c41b1e04911ccef96f21ad68de61a9ed8cc01bd26f0c129586b722ceb23,3257,2025-09-03,True,True,True,True,True,0
2f17a7312cdb77046f758a6e269cdcfed9279fb5f6fde608f0083dbf6e5536c5,2351,2025-09-03,True,True,True,True,True,0
9311fcb385810551ccd3783de0ace1768fab7bd460b4dd50ed87fd7bdd66acb8,2464,2025-09-03,True,True,True,True,True,0
d2f0c9754afdcaf3c31bdf4bff3c057f0a99299b90404f8153396dca6ffe3dbf,5425,2025-09-03,True,True,True,True,True,0
643bec2fc608e3dcf5939a45aa540f8557e0218f6c7bc6bf7681269cfaa8b920,5222,2025-09-03,True,True,True,True,True,0
ea5408a4397c7989055e003f7095ebcdc74ea033f86b67be6683e42b8e607958,4939,2025-09-03,True,True,True,True,True,0
b25386db81627dbaa9c82c1740c846e8e3444bc023d02aef443fa25efacc4ce8,1810,2025-09-03,True,True,True,True,True,0
ecfe9c9b57cc1d2ee4ebe671e317bbf6c73fbd958ae9fe7885b09adcea1aaac7,2536,2025-09-04,True,True,True,True,True,0
f70ac410e743b745e69f18e31127afb9580c4c1f11f78b4b183a782bb7f4a7e0,2348,2025-09-04,True,True,True,True,True,0
2a1138010c2c0161386b496e3f7c5797fd8a766b03be733ecb1519510904b678,9945,2025-09-04,True,True,True,True,True,0
d59c2cf38a156e6d7ea56d58ee2fcb5254262c4890f2847ac0e6f85af22ef89f,3290,2025-09-04,True,True,True,True,True,0
934235ceeeb2f12460eda65d86bc8144bd3069f93c5111e920dcc083fc414fa4,5299,2025-09-04,True,True,True,True,True,0
c77b5b91c0852362f67256bca126dd326f6129ab365130ab8f90cadeae48e1ed,1438,2025-09-04,True,True,True,True,True,0
a9a99b31ecd4026ff23fa96d556dd77498761edc66d84105a1cefd5053abd568,2548,2025-09-04,True,True,True,True,True,0
a0a1f5c44c00cd486db4cd15807cdfc6486fcb880bf808dc933707449a9cd2fa,6199,2025-09-04,True,True,True,True,True,0
4d3572ca1e12aca07b024cd1b961e10345c9df420960ef9e4287e9e2c1ca9ca2,2542,2025-09-04,True,True,True,True,True,0
4aa45e959ed2d507d712290cc3d7f62654a980b3bd984167f11c62db294b3ffc,5519,2025-09-04,True,True,True,True,True,0
3c8ed8944e2e3a14af0519f03aa324554dfc622352ccfdb3e6d7672d74688e0d,2353,2025-09-04,True,True,True,True,True,0
90e87a311b0483d0cea8397e4ed8b8cc016d69025cbd5f80be91d80671b158d4,6177,2025-09-04,True,True,True,True,True,0
a7a17575433d8dfae877c1da95455dd5c59a857e0d466623adf9b7b75dfa0dbb,3016,2025-09-04,True,True,True,True,True,0
c7c1e3a23ae09112aee0acb00af8859ced822dc62d0c6ace884b0a0489647ef0,2610,2025-09-04,True,True,True,True,True,0
d5992f45da76323cd7f18c980073a5c863c69c07a6fc380bb0466e43d77e4787,3707,2025-09-04,True,True,True,True,True,0
3071601d25aeffdbc38fd0f949aacc7d6ffbc6513b63ff7f062cb47d5ecfc27a,2501,2025-09-04,True,True,True,True,True,0
d97225ddb1cc2e6440f5ac4e2d8ad650a79aaa52493921405b8c3d973ca28a20,2511,2025-09-04,True,True,True,True,True,0
7f0551ee761def77e938d77a2a47daec01ccc88e2ff50943444c520b01c65a24,2408,2025-09-05,True,True,True,True,True,0
fe993bfd496c7b2a3f7ccb486d420e7332533f69231c0e283f435163bc974340,2454,2025-09-05,True,True,True,True,True,0
9b830f6e1045cab35be07a069f2fe052a680a0ec5ee1422893912dcc037a3239,2486,2025-09-05,True,True,True,True,True,0
8d9d6c875b233e901c70e3f456cd7c110d5c22a9b7b33642d02701f7de721221,8932,2025-09-05,True,True,True,True,True,0
d356691eb45cedda691ed0ee9e488825e822932ff0d5527cffdeaf1491b1b239,2059,2025-09-05,True,True,True,True,True,0
db45276b7a8b93dcbec7bebb88c65fd60121a67cdd5e55419088c4cc8268c0ef,6142,2025-09-05,True,True,True,True,True,0
9a49728a35ab74eaa78ce5d121a5f4d0011c9033749873c65010bbf123610464,2344,2025-09-05,True,True,True,True,True,0
5b0ab8485760797a06e8e09f19e7a56ac7a6b81fa653bcf41f067192aee82a84,3211,2025-09-05,True,True,True,True,True,0
00d190517aa04ab7c26d61edc588e921d76da6b0f4c4be1a6538c3f2b521bafa,7714,2025-09-05,True,True,True,True,True,0
320fa98e18b6d1aeac535993c7bdf94eb652f293210263e97f82eaa1e998683a,8131,2025-09-05,True,True,True,True,True,0
0e30b71411d9f0abc0c9079ae78c8c3fda92592ef15e96e28d4b49b08a7b7c39,3264,2025-09-05,True,True,True,True,True,0
a63da80c8c53dc363e9d642cf6d191b2fce301bda1d754fd9e24efcdc5792605,8088,2025-09-05,True,True,True,True,True,0
5c730bac8c9718ac472b31bd372b06f38875cdcbb5ce8d333712f8617fc3de2b,8277,2025-09-05,True,True,True,True,True,0
2ddddf04fde06ee769c81fb15d62c726326ec7fef1ffc14862c97cdcd1d0ee30,2436,2025-09-05,True,True,True,True,True,0
a8a0b695fa6b7ec6e3767f4965cc341f0f89a3154f67a3850000ba020a1c490d,4739,2025-09-05,True,True,True,True,True,0
e8528d30f07a4c3f1539dc3aefc6cac1975593a37768e64d53e1a1055aa92641,6727,2025-09-05,True,True,True,True,True,0
68f40b4590b6491fe8bd39cf74321e3db640d9b9e94520ce4644a8c2e8aa4e96,6789,2025-09-05,True,True,True,True,True,0
7b625db9caf26654bf15884a3e2c0b1111bef2a8256b350e1908d0c047838378,6147,2025-09-08,True,True,True,True,True,0
44afd2efe790e3b8300e404965fec24ab39c1ec26544eaa6f07371f5c1ca57eb,6214,2025-09-08,True,True,True,True,True,0
5e1fe86008f6691439fc3323fb42b5f0c4b4424dfe0acd0d50a24fcdaa0d6516,3533,2025-09-08,True,True,True,True,True,0
31b41b91619b5a30e32fe6b11795fa1a88043469cc0b7e01dcd6a115aa71d95e,5443,2025-09-08,True,True,True,True,True,0
dd6b528a0b9afb047b62d04500e42f7ceca3d1940e5cdc80449d6627e102001d,8150,2025-09-08,True,True,True,True,True,0
d80e085604e7c53fef6a42728212769c0e4378605dd0a5d20e6d6ce96491223b,3704,2025-09-08,True,True,True,True,True,0
5b6b817666ed6f7f303ef5fe91bf084ce2ba7d600434b776d625128ba1d1da1d,8091,2025-09-08,True,True,True,True,True,0
dd1055c4a97911a6d0495d8be377f7d9cf2f321ca4f49a70115018d6e0258731,6182,2025-09-08,True,True,True,True,True,0
cea2842399ea8a0ab857ec0e9d66540e7f12b09d82e14283ad2f3f48888f1257,3711,2025-09-08,True,True,True,True,True,0
4e36a804c415afa80437d2da1bfa1ae57cef4f0891a922c871eef212e4abb4de,6603,2025-09-08,True,True,True,True,True,0
2ce0dc4de28e5add1b64fc03060464d43893c022e6b984958af0295f60d30e16,4934,2025-09-08,True,True,True,True,True,0
f3f5741405ac0676427dc1a233fc94bec905e17d520cb1f038601cf5d46a6544,7709,2025-09-08,True,True,True,True,True,0
1dc89f993f2e0c0d379fe543f7641ffb7705491bb428179e87977abe04a55493,2451,2025-09-08,True,True,True,True,True,0
2dedfbd46421ec773e5cd7fef138c631774787a2349729d9b4065631bd8e9ddb,3213,2025-09-08,True,True,True,True,True,0
773b45bc11651c20987e652c6197b2c1cc317ec792fd6d3e6a691dfd496b34ad,1314,2025-09-08,True,True,True,True,True,0
2cee97948b41ed752335c187899bf7f2d7ed549bb7cd74201a87b8544364f374,6187,2025-09-08,True,True,True,True,True,0
6fd866d0fd14142d6c6260bd036e18706be94182b0c4f7fdfe5042930ea78e29,5309,2025-09-08,True,True,True,True,True,0
e8c9c1084c699d0a76b62d534d25f76b0e20878e5a98f098031f607bfdbb475b,3707,2025-09-08,True,True,True,True,True,0
c3d4bdf3b7f77b3c2e4ca2ed4362a502228c200fde64cf9e94adf70af8c7338e,4977,2025-09-08,True,True,True,True,True,0
f34efb1cb099aaef02607825435fa1fe33c85707e96d2900a749b074a176bb36,6640,2025-09-08,True,True,True,True,True,0
a867166cc28d0a26616e9c8c78126deed4aae3074d6b28f7aadf135a6df04770,2449,2025-09-08,True,True,True,True,True,0
92e14c0fbe18254e7be689518a842f15e2587bd87bceea6e664e517564cd187a,3605,2025-09-08,True,True,True,True,True,0
8336fd8117c25b8d75dda29a4a098924701679645eac78661fa54769d6609f2c,6770,2025-09-08,True,True,True,True,True,0
5b96b500dd1b771f488954b74daa58a60ac828f7f39f43e08a53733908330528,1569,2025-09-08,True,True,True,True,True,0
5a371298605d3860e2c67fdacf86f34342b99c95776fe728d0d0b066df48bbad,3227,2025-09-09,True,True,True,True,True,0
a3024d833e2aea5b1f805dbc5a7037ae91c09c745520fe2b8d023dd7cc4ed003,2454,2025-09-09,True,True,True,True,True,0
ce492b2989188d622d04bef185210a762a08b5b4712f427f5fbfa861adf1f580,6488,2025-09-09,True,True,True,True,True,0
ca5db00ff60f9f7be1439edfba2fbc21aa373ee04ff736736b09e71e604e2206,2485,2025-09-09,True,True,True,True,True,0
2dd0e93d6a0853878c78b387e821ed202c0eb469af89a689d576bb85279905a6,1711,2025-09-09,True,True,True,True,True,0
a9153c9fcbdabd2ae3668820121f4c3ccfeb34f22910cf18e78a2a431794985d,6531,2025-09-09,True,True,True,True,True,0
f1e7fb731b59ec2cce5176512220f3fc2bc8fbe7471d0ca0894213f691637930,7714,2025-09-09,True,True,True,True,True,0
386de6dace2bfa930a1d14859940bc62b014d17eb4c21d8b1f63e36c1f9ca03d,6861,2025-09-09,True,True,True,True,True,0
d1fa19985a29ac69afb9a0b225026e7003fc83ae8175a6efccaf25d907ef99b8,3230,2025-09-09,True,True,True,True,True,0
b78ebfc19cc53d0de36e25273e2e3cbd791d848b0f4b938f73812a6d8eb4e2e6,4739,2025-09-09,True,True,True,True,True,0
625c55ab601c547af96204432db54a0ef3ec9c28c423f23efe6b2df5b3901078,1504,2025-09-09,True,True,True,True,True,0
43b79f8049d808f3632e2919f23c546143521192554095e514dc58a2820721e5,3533,2025-09-10,True,True,True,True,True,0
1c3d1db915641b950c5548ec13c9d5020fd0c84cca25f9fcd257d737c0d7bf5a,2330,2025-09-10,True,True,True,True,True,0
21a1e37dff5c94051ce60fd50ade7dee8b49c5211aaa0eb118c6efef04175aca,1477,2025-09-10,True,True,True,True,True,0
109b748f4024faed51e70ad183e398c2c8eaae80af762c586ad1ba9a29fd1afa,5475,2025-09-10,True,True,True,True,True,0
0fa3e903d5e6108daac7d74ce066600e40a572bdc23118de6f6872f26d61feab,4923,2025-09-10,True,True,True,True,True,0
e1c5d10352ca43c50cbd69354a195836987f4270b243d8c935582bfc141a16a5,8033,2025-09-10,True,True,True,True,True,0
f9530c6bd12dd90fd7c017f7e23c74453f890345db148e24f217ad3c52cdfc20,2357,2025-09-10,True,True,True,True,True,0
f8c23c783190a4f8eab9d0b363f2f29b1e9a22dc2944a09d30eaf52b507cdab2,2345,2025-09-10,True,True,True,True,True,0
caead9c1e5fece7470fd786f1c2655dc17b1a270a82cb4de4193373ef903eb98,6937,2025-09-10,True,True,True,True,True,0
ec9b0cb051a0ba22ed90db8cb1792fc3749fb8c285f93538b5444fa0a92cd7c5,2641,2025-09-11,True,True,True,True,True,0
eb76f3010c71c6b8b0c2a4be681ea018159657f241b8bce2c77fab7ef8a18451,5410,2025-09-11,True,True,True,True,True,0
e465eea1d8690823bf65c26b3e09e0c51ab136c808c0fb4689e55bd44c06b63f,2337,2025-09-11,True,True,True,True,True,0
360c637f6b2f30d5e1862b372dd4ad4dcd4deb3e380c3477ebbda5e60f117b34,2451,2025-09-11,True,True,True,True,True,0
4067d9e7fea33eb1852131eb60ed149acc379a8ee2482ccc8eb354b5e07c2fbe,2546,2025-09-11,True,True,True,True,True,0
6ea1a437b308772e52b86527b1507f7f84d7cf8c506935affe62626fb6df1aaa,6239,2025-09-11,True,True,True,True,True,0
18fef95ece33d402d3d64433136e7a7f4f43ee733b6a7aea853d4ec0ba974aa9,5474,2025-09-11,True,True,True,True,True,0
18fc9a762374de772daaa1549596e78994b2dc988cc73d464edce64bb8cea6f0,2317,2025-09-11,True,True,True,True,True,0
6d29458f28f7f07828f8d587b30a1a99254316c0988dfd985f0076249cec60c7,3324,2025-09-11,True,True,True,True,True,0
e20f6176c8906c4daaed181b17dc70aa98889d9be5b79b32bed250c90b5c558b,3587,2025-09-11,True,True,True,True,True,0
9ecbb9db8d0a8d0d382eab933c142f63ccfd80bb797ef4dd656444f6f259e58b,6770,2025-09-11,True,True,True,True,True,0
dbe9924b6459aff33ddc650cac7d599da246bf217b4c7853a28197abea18abc4,6282,2025-09-11,True,True,True,True,True,0
0b9aaabdb4d3b55cfcfdfb784143e9372df363170c5de6be5dac0ad8e0d311f5,2331,2025-09-11,True,True,True,True,True,0
c6a3d8de0d0325bf0a75a7f22bf28ffe947343b3d62f1e2fae7c4c15febc5488,4807,2025-09-12,True,True,True,True,True,0
bb8060544d5e18afa8630955981f6f0de5f3053a4a7fb41cc5e8f99506f16ce6,8299,2025-09-12,True,True,True,True,True,0
2ab0e2cda454ce7aa39f5fe272d9837e667afceba09d87b5394a38f42de212c2,6488,2025-09-12,True,True,True,True,True,0
f2de0cdd5c0a5564f8f6822f16551a0d5584cf78cba19667d0c4f55e40c7997d,6419,2025-09-12,True,True,True,True,True,0
200f5bab922e5c39419faa6dc4ae170fb467df1c68ad20fb9331374b8137921e,2324,2025-09-12,True,True,True,True,True,0
3ede6eb228f07030b06c0379606b64fcd9a1ff96976232aaf73401d959cd0187,6182,2025-09-12,True,True,True,True,True,0
ba47be0d11e93479031c6db724c2a3898cc1d3c289b01c81a6250f1bd0308daa,3532,2025-09-12,True,True,True,True,True,0
e076e354f31bccb84c392de67dec6dc2d292b705862e61a22386c13d08770155,6435,2025-09-12,True,True,True,True,True,0
a3f0a7c6b20a3a46d39e452042a490bb534eca295c43d57f864348350dde5a68,2356,2025-09-12,True,True,True,True,True,0
aa6c39dc4dedeb1d208fb4873b469a97227c0176f67c51eda513054b9a8a4fca,3026,2025-09-12,True,True,True,True,True,0
9ab3593c6e30a17d7d76b59d7b3e204b1b08999cef664d5863613d1bb0cf43f6,2375,2025-09-12,True,True,True,True,True,0
ef16243bd31ef147af2f2783f8de17ea97851658e5bf9f365e2149a3863431b0,2492,2025-09-12,True,True,True,True,True,0
b0e993086579d34bc74c77ef5a326e9713624b4ee7316760fedab42434924622,2342,2025-09-15,True,True,True,True,True,0
fbee4544c608ea042f4b65d5f7ae0ae2ff8b52c2e4a278b650b6c04c2106cbee,6138,2025-09-15,True,True,True,True,True,0
6c603e11a66d21b4b62d3fae16777913dcd2378b9e4ffbe74ec23915667570b4,8150,2025-09-15,True,True,True,True,True,0
f14605c79d4449748bf83616e1e76db6eb44719aae5c52af5aeae48a3ad7c201,3321,2025-09-15,True,True,True,True,True,0
cbccaa705c455c6095651b29505f084160aa0a6dc88bc5430e539ec928c7f8e8,6202,2025-09-15,True,True,True,True,True,0
5c30dc47eaf35280a8dc64a0ebc214627e72a5dd5a577d8dfb4e6235213acbd5,5483,2025-09-15,True,True,True,True,True,0
237a6eb3e71a1fbb287e3c4782e3b5e406296b08989e1648a4a16fe437e84fd2,8110,2025-09-15,True,True,True,True,True,0
48100c0e775223e68d36bc0d67744947ea407f49fa65a1c39bae347246970730,4967,2025-09-15,True,True,True,True,True,0
828d231716c4ee868904e1b291c03a0bc3c2e7513a2ebcd11884a0ce2c2df548,5471,2025-09-15,True,True,True,True,True,0
3d9a250d3df0935d5339d986c047b7160d41a28c1e76ac782326c7d2116f3182,2101,2025-09-15,True,True,True,True,True,0
436f7530ee9cbb30487bbfa00bb3bea2ea894681799be5ee46585bba1ab2ba9c,4973,2025-09-15,True,True,True,True,True,0
65b8d96fd2e13986f1fc0ee4814ef2d1b41bf37082d772a6b2c83f0b862eeb3c,3588,2025-09-15,True,True,True,True,True,0
eed00d5efea0027092cff0c810026e78d2d9bf6fbc3b83f752e1f903e368b594,4939,2025-09-15,True,True,True,True,True,0
60b8a36222c015e59d610a096e7179363746a08971999694929474175f1a2ca6,3374,2025-09-15,True,True,True,True,True,0
1636112dc3485c3b1c7eda71bf7216acc65cbee3c02aa94927313bfe15b884c2,2454,2025-09-16,True,True,True,True,True,0
6eabf855014f425da9de2ccad1bf70f792553bb15202c3a1d7413896e61546ea,6488,2025-09-16,True,True,True,True,True,0
444fab24430ba7355742ff69863d31850bb0377e437b1348de2fed11cb80a270,3042,2025-09-16,True,True,True,True,True,0
7cf3ae86837cc141e5f2415deb28789ad3ee323448bed0b3d11953b068e09169,8121,2025-09-16,True,True,True,True,True,0
336bbbd9492df8d7c10bd72b56dbe89f76f43042c35e4fa05a77c4467389a116,2542,2025-09-16,True,True,True,True,True,0
0f29434bb22b7074acca7e86dcb3ed70971fb90f1801d6766f068e41398dd00d,3532,2025-09-16,True,True,True,True,True,0
3128b0644c2638bfd675dd2d4fc8ea44151a6d577f69749cd8d555620ed93535,8043,2025-09-16,True,True,True,True,True,0
8f5b96ee79387d293dc03e322ad728a2750d78142ae4460645e8d913595522c9,6449,2025-09-16,True,True,True,True,True,0
787663d6ce7162f9f034a0029a037ba5ab535cc8a0a7ef9048fd6b0cec808096,1476,2025-09-16,True,True,True,True,True,0
c0a53aee90003278beec9dc9c8621f4a2afaaa43e0a1e81832ba5aa25b5cf03d,2441,2025-09-16,True,True,True,True,True,0
0f0f70c5b5b394650a59af41aff6afaa1f70b38fc6c26071014ce03e0c1af07d,2501,2025-09-16,True,True,True,True,True,0
38343a410d701ea4c6a25e67224a1e79d016b34756f745109f9898ad355a778d,6719,2025-09-17,True,True,True,True,True,0
4315ff27d17cbf92253ee6c12e681557d7366f31045a9658b31e6e33073f47e6,5285,2025-09-17,True,True,True,True,True,0
4ec9ae13da6c51a1733fcdd4b57ef390def203f767f77bec6dcdb1d27da6138e,2329,2025-09-17,True,True,True,True,True,0
5411e0fa1138bb33e6b3a7e9ceb9fce2ed19d2896f4ac14f48709cf722338414,4934,2025-09-17,True,True,True,True,True,0
b33a407ae49d68f5f1955600519de63eddd84f77a9b1b7e85c0ba6035329d7d6,3317,2025-09-17,True,True,True,True,True,0
d91f36e5713612ea290a31a79cdc7f4e351459156b6160ed1e04fc75ddaec502,2302,2025-09-17,True,True,True,True,True,0
017feaa1cb01825b2234fa843fd19b448f50cb9b91ed9ade8de7f4d6ea8bd04b,3060,2025-09-17,True,True,True,True,True,0
168a09d5914efcf4da4a1dd54d1299cd75f13862e1b96e5742027dff425f8d21,2409,2025-09-17,True,True,True,True,True,0
6d2c62d7102d1b000ae068c552a69cdd3edcf8cc60013d207932350c006d7264,8042,2025-09-17,True,True,True,True,True,0
30c801795663d71d91f656a755d0ef9633038b6595e0439321b46c1bf52c913a,3026,2025-09-17,True,True,True,True,True,0
ca1563cdb9cdc6de8a1ea54cbaa10e2c0c9593f93f94f698eeed20a4f24a47d3,5321,2025-09-17,True,True,True,True,True,0
3e942e08230137d714bb24861771233f37dc93cb429531478f06fbd14bb14e6e,2375,2025-09-17,True,True,True,True,True,0
8e92d981461d89cbd10082268095cf0e3891c4a05349366bbf9dd9753a228a7b,5347,2025-09-18,True,True,True,True,True,0
b8083842559c41d0b8808088f7d52d61f26a7186f7bd7fce55fe7c50964dc4df,3221,2025-09-18,True,True,True,True,True,0
30ea07cefd94965950b1250c8fbcb4edaefd12527be526a95e4283567c296db0,5351,2025-09-18,True,True,True,True,True,0
087747e8a6d0f92028f439146d091adf7fd3246559c78cbb1edfa76979e36d3b,6173,2025-09-18,True,True,True,True,True,0
a81dace9802bebc4cd8e5e22e7eae888c1bf4f0718d411094a77c30028ac2a00,5443,2025-09-18,True,True,True,True,True,0
87a06c52a3bb9251b271d57ea469fe71bac61c899f897928e61af76e60732f03,2485,2025-09-18,True,True,True,True,True,0
27c97a692c55bc38161f409c018d745eb0f3b67f999d4bdaf1e4efcf59a35434,6799,2025-09-18,True,True,True,True,True,0
1c8d418b30f2eeda426c41654bf434fb0ae8465aeafe76e82f83177d37a65887,3006,2025-09-18,True,True,True,True,True,0
554ed144c72f6f83f77ac8f976f3bc5e1c28e60ef77c1da0da3256026b20541f,2241,2025-09-18,True,True,True,True,True,0
26bfb950d2070f95adae482f82bf4336c9980bf473e89b1c31da236c52c5e754,4923,2025-09-18,True,True,True,True,True,0
1ecfc2ac4ba79199644d3db645238ac95bec9d4638eafc21acc7735abfaed2fd,3675,2025-09-18,True,True,True,True,True,0
e781b248943373ce5b1eecd0f3481368f997d4a7b9ffe8ac82598553735cbdd3,5483,2025-09-18,True,True,True,True,True,0
21a034847ecbbebee89925ee64ba9436d0421c9a4dd50e4252bcfa064498aefb,8096,2025-09-18,True,True,True,True,True,0
f5655441681dd7e45631ccd069d1927c0f0f5ed7287e178b768614b11e2612d1,2478,2025-09-18,True,True,True,True,True,0
d55fa45ec01d0ccae92914d5c7dc1d4b65f25e41c21050316a8dd112e3af4343,8131,2025-09-18,True,True,True,True,True,0
99739e2c4c7f9c6dbc616e78c099d7c2cbf112e2b20fbfcf2b3cf14e978bc3a0,8110,2025-09-18,True,True,True,True,True,0
c824d3e5f9f94bd8116aadeda4c1ab77ce63df9352fe6e42c4e0583dd5f87516,6116,2025-09-18,True,True,True,True,True,0
2d09f543bef6eb4107cab07ee7e309e9682e3e44273d817683860be0655713c7,4973,2025-09-18,True,True,True,True,True,0
ebc56a846c8d95adafd524449cbe29ddc6516469b17040505b06cd5e7dc644eb,2382,2025-09-18,True,True,True,True,True,0
b41d9bef07f2d955d3c5023f12cda9252fe451c2a87eeeb2647398580754338c,8277,2025-09-18,True,True,True,True,True,0
07637e6ce3130ebc98bf565297660000688a2d6bc57bb7d607f115d4c23edfd6,2360,2025-09-18,True,True,True,True,True,0
6c8fe4cd44153eb5028162804f84182a34795ced2018085cd63cf67905e7a0b5,2441,2025-09-18,True,True,True,True,True,0
ea42678642c821e1a013b6aa2cbe1b03f0d16a64fa81d3d307a420847322225a,6870,2025-09-18,True,True,True,True,True,0
1a00600ac38ece0c3730de39f69849df0e7138b4a79cff60932ca4b819615c9d,3094,2025-09-18,True,True,True,True,True,0
d3609b60fb39678f2bae5e902091f59ac43c9288f09bff192261475958abe307,6515,2025-09-18,True,True,True,True,True,0
9743d7f5cf6ac7b24a974195c934bb8c15c69b0d24d21d4658fcc81092825cce,3149,2025-09-18,True,True,True,True,True,0
cd368e5e94a56f313ebf93dd1786b91f2b550ca7e9c3738481bc143496bc48fb,6693,2025-09-18,True,True,True,True,True,0
5c6780063ce504a818c9a6ff4fc8b4d69ed045944b4dab1e5ebee3d6f48c9a9a,6265,2025-09-18,True,True,True,True,True,0
30328a462e2a8a6f2b31dfd64a09941d3ffb403fcb76a8894800ac554591d899,6770,2025-09-18,True,True,True,True,True,0
9b9fca5b783762b4332eaa615ea59f86871f518636fd3e48241b546b086f32f5,3036,2025-09-18,True,True,True,True,True,0
8f016744757e4a18514aa6b6c89dcf4b387a80a687721441c3c539814c7d95fe,2492,2025-09-18,True,True,True,True,True,0
8452e63b278b51704eb6c85858a605b123725bdfd90cd52ed97ee2c7607a6335,2455,2025-09-18,True,True,True,True,True,0
c3397868a8c1be0ec61a4fc9f2b3df7d6ec58d5314f8514532289b5a24ee3ce1,5274,2025-09-19,True,True,True,True,True,0
a586da9970c59ce5ae8e35acc0f28684e625b5f1d2054ab3a12eaadfa299c806,5328,2025-09-19,True,True,True,True,True,0
0ece9315e2cd5c0a1c61ca487eebe9174678b4fb25484bba7fa7943561ed6bda,3227,2025-09-19,True,True,True,True,True,0
c2c56dc946ab48dacc41a6c754061db529c082fc8e2f25fc02b976335a591faf,3090,2025-09-19,True,True,True,True,True,0
30dcc4a60b24ae088b503d8bc06cdab81f96cd709ecbfdae5abe0421913157f3,6155,2025-09-19,True,True,True,True,True,0
c52170f649910e7cc50bb065f73240da75cb5e41399112c57248f304a3aea2d2,6488,2025-09-19,True,True,True,True,True,0
aa255394f92768cecd2c45acc6885c56abcd05db211ecce98cc69454e2680c77,8182,2025-09-19,True,True,True,True,True,0
ec62f3bee8b64dcb927dcf4a3c4aa8b05126ac58d080cc0cb59127cbdcf8afad,2481,2025-09-19,True,True,True,True,True,0
43209eca9d80201126d1438c9bd8714d10607411e9c9acb5107a4afbe86b456e,6284,2025-09-19,True,True,True,True,True,0
ec2f44eadd5f517b29bf647c4780357b84639ef3caf36ac79e7faf4a5b4b01b2,6127,2025-09-19,True,True,True,True,True,0
06ee0c4a102100b6ac27dde6337f03106ab764e9116fbcad9c0a68209ba73625,3003,2025-09-19,True,True,True,True,True,0
2dc2de11be2167cc868c542ffab50549104d8de9a18f31361c6f6bb189675e49,6241,2025-09-19,True,True,True,True,True,0
8818df2e84e3d490f88fa4fd1e506597c8d1be6ddfa6805e77cc5d5f7783292b,2636,2025-09-19,True,True,True,True,True,0
8cac2589be96c809c687d1e4071d8aad9ffa8071f20188d754feeb811e7a9dff,2369,2025-09-19,True,True,True,True,True,0
8ce87c3a312df862a29d5bbaf9976bcf8d2785503abfe22a6aa7dca30556d221,3035,2025-09-19,True,True,True,True,True,0
57bfc9c1f7f5e99de1232ebd029c932a9d320aaea935f15fd70f0d44ed81afba,8043,2025-09-19,True,True,True,True,True,0
b210f97b4719300d6c0a468275c240b8253345f9a6a91626f3791f3e043cc113,4764,2025-09-19,True,True,True,True,True,0
2886cc94cb3523fa4d6cb9f2faff286eea8f86e7c6b7be144e38b71a503b0b75,3037,2025-09-19,True,True,True,True,True,0
7158fc9d80cb550fe7b141bd2d15d62eaef16e383fd94a7ffa6005896bbcfbe5,3285,2025-09-19,True,True,True,True,True,0
436f7f691af3f068fc67fadd7cc2928248e6bb36926c2d1baf81906a9ba53c48,2472,2025-09-19,True,True,True,True,True,0
34503313f3dd858761d0fb58d95764bf70738ac7db9fde3adee3bb1a9733297b,2356,2025-09-19,True,True,True,True,True,0
222067e81ee30df280fa8781c7af0b7b6be7cc8d78bc9a8af410452895c5b695,6432,2025-09-19,True,True,True,True,True,0
0df0b15638b2095ac97a02433efdab1632b210d211f78de64954ae09788762d9,2303,2025-09-19,True,True,True,True,True,0
7d4a03f3740789bfdca81e2b86f6bf069e1d1c2a0e310c313805982c5981744d,3357,2025-09-19,True,True,True,True,True,0
51572025788573ddace04d6a3243e72c91d5e55c9d8f808bb8d3f709ab63817b,8016,2025-09-19,True,True,True,True,True,0
24c51a28c5f206e253f8088950e1802e2569404f2d90c1c369f66f6f89cdd692,6642,2025-09-19,True,True,True,True,True,0
c7504c125a61a04c622bbabbec9813fa3a18c7d555ae65d77797c536f15a0cbc,6271,2025-09-19,True,True,True,True,True,0
5f34d3789e3fcccd880d34ddcea1a88fd80175e27f57f7a042e52427dce3baf4,8027,2025-09-19,True,True,True,True,True,0
47183a7ef36fe1ef246d78784c3c66cb601d624225ea1158b62e7b614b24c7b7,6510,2025-09-19,True,True,True,True,True,0
c3c6395da9c26a8113cf381798d27233ff5d91f6886605f8d564c501a1186f2c,5457,2025-09-22,True,True,True,True,True,0
42355e3be4ed55ba8f10dc689d56cf91aa905418beae7190d793ac5b48586176,4722,2025-09-22,True,True,True,True,True,0
38fb32ae20210394df61cf038362bc3295ada0cc5bdc2bab6b2aa2766db05156,6204,2025-09-22,True,True,True,True,True,0
fccdfb05967c3d87627c29dc7e5195db3ed27b7e55594702f323bab21476696e,4979,2025-09-22,True,True,True,True,True,0
8be5ebe1d40f87e7fe12c2a8fb4cc8d277f57dbc4a36ed12607f4129e3eec70b,3236,2025-09-22,True,True,True,True,True,0
b2381002b6db46ea483e95e799491e520e1c458a8cd8552c298b881c143e5516,3491,2025-09-22,True,True,True,True,True,0
49b830f0a080f2574e3ff26b4363b11d36c75fc7dd5d4c1262dbc183cbeb2052,3131,2025-09-22,True,True,True,True,True,0
22379af31b14e9500231a7a17229d09b34d4b4e91267f42589b6760495ebdddd,3450,2025-09-22,True,True,True,True,True,0
ad04e2e34f438c3278b809dea655217de2f343f3c9d526cad3cf4e5a8502c1e4,3532,2025-09-22,True,True,True,True,True,0
6035674a84bc439e90d328642859590a86b0baee29fda5d9d69ae1a67da00535,2428,2025-09-22,True,True,True,True,True,0
96435a5f76ac93f9345f7abddb4d1e5a7bb8f8a953827e38dac05a519d67f900,1785,2025-09-22,True,True,True,True,True,0
6a8b342c9bc853341d73e5e24912d8d06b3ae30372f0edd2064d6bd696269761,8096,2025-09-22,True,True,True,True,True,0
fff7b8f133b4f938084e5d1ca185f339a3cbc9386d1c95f16f7cc6c167d87c60,6405,2025-09-22,True,True,True,True,True,0
b76e5fe84a5c94d035082b7672d344f2cbbf0fe0092f223725f2878587840264,2483,2025-09-22,True,True,True,True,True,0
a0ecbcf79e7927828f2c7eeedf3d8e67df62e99cf1a998c73e0cae3de18e45c9,6174,2025-09-22,True,True,True,True,True,0
8be25591912748e5e53f8aa5f935374b2fa276ad0987101ab5193019e3e0e326,1101,2025-09-22,True,True,True,True,True,0
4fcbf83a14b4535c3db57ad4033ad0a5e18bfe1dc7fc5a8f17b3ba7321d69dfc,1605,2025-09-22,True,True,True,True,True,0
4d34e8e8ff83798db2f434e2e3e7d4b383290cf84b4c5dcfee25417f3145678d,3543,2025-09-22,True,True,True,True,True,0
340b86aafa9c1b2297eff9ddbebce5fd2cff479d775ed2dae2f63debc18430bf,2301,2025-09-22,True,True,True,True,True,0
1219efd56fc12e84a851eaac33ac206eefe992e81d2c1d28f21f36e46a7a2ad0,3374,2025-09-22,True,True,True,True,True,0
8ed99b5dfa7ea90459ee72a0f58f5b928417e08a27e3795bddb82cbb286c4518,8046,2025-09-22,True,True,True,True,True,0
83599104888f23aac6a09b51581df2eb76bc1eddbb5d7ea397cdc0cf54af4f03,2492,2025-09-22,True,True,True,True,True,0
5165268cc3cb1e1a3a7f632b92ea934e9979baeda561f05115364277cc513933,6147,2025-09-23,True,True,True,True,True,0
6a71955855b285f0b5ec2dee7eb653cd8d379cab2fb46aac092dbe789ace2add,8150,2025-09-23,True,True,True,True,True,0
d422d7f5b2e8123967e2060ed58bab20f8f1d060ae0f4407383399419bc1861d,3006,2025-09-23,True,True,True,True,True,0
a5c231d9000fa24bfaf2079e73470d211a150b414a169c01479f413680a3e17e,5228,2025-09-23,True,True,True,True,True,0
6b9850355dd743a308c18ad6c72f822f634890c97af7b2872f22d223d89d84ab,3363,2025-09-23,True,True,True,True,True,0
4b6bdb3a13d985a92f5a4fd735bf43b29351be8a31d99a7f1bb51206da2d0d7d,2317,2025-09-23,True,True,True,True,True,0
43e2e0f50bac4bfae0d2592156f82d30eb4c41fe85660b57d6c2b2ac9b6bd776,2382,2025-09-23,True,True,True,True,True,0
ba974b87f3fe65c69c8101fa3a0350e606b40d5264eb33cbd42184cf431e7c1c,6548,2025-09-23,True,True,True,True,True,0
63b390a3ad3bb4a5592f7c1dbd6896de6cbdd15104074b881e0d32fe9f3714f0,6640,2025-09-23,True,True,True,True,True,0
93e407034d21751f9dd4609911ddecc6d92fcb8416c9af9cbfd4d3a124e2dfc6,2331,2025-09-23,True,True,True,True,True,0
5feada3eb2e342b25d349bfb22f4b530531d0aaa6dd99d75516c429ee80a8130,2324,2025-09-24,True,True,True,True,True,0
0d483ada9265e8d5a8e1e6ef093ac14706f8c9757750939bdfdddd92928cbd73,3236,2025-09-24,True,True,True,True,True,0
facdf95eb079fd399f8afa2511167ed3514a6eab95c55236763a49bd81904990,5434,2025-09-24,True,True,True,True,True,0
ae21a7e5f6c5de16674f1cf31ac621b1757244740fa1bdb8469e8d821e584fc5,2428,2025-09-24,True,True,True,True,True,0
a2456c9caa294aebf01f5a629121b5f3fbfaafe1a6385d7a2bb7b7cc5ce1d823,4716,2025-09-24,True,True,True,True,True,0
21e838919e337925620db525e268f73ac4304406617a7b877b0a7826772deb41,8048,2025-09-24,True,True,True,True,True,0
245b9239e2846bf5cc43398c1344cb45d487b11caff5b8bf5aef890a0a6d21f8,6116,2025-09-24,True,True,True,True,True,0
c748e5316c237586612b99bbefae6fd558261b164516abdfdc52d3ac2117f701,2303,2025-09-24,True,True,True,True,True,0
57b6226f45299db1bb695c3d2746c90d22b3ae9bff07ca3f39d05642114b7778,3583,2025-09-24,True,True,True,True,True,0
1021dd755f07f2d0052974ea8111a90e07c7dd5aeb275e0208a717a48da85624,1504,2025-09-24,True,True,True,True,True,0
93ee2f8c6dbf81e56e2e55232c3bb75db5516546e1d38f26ed8dab038fb28307,2492,2025-09-24,True,True,True,True,True,0
b7428440c29f4fa5c2d3fbdd6e7e3c0f39815b4d5602a72dc950897f0b02d20e,2409,2025-09-25,True,True,True,True,True,0
9d52eda4cec2f8caeea0430a12afd3f1d3c26cff3f9b5f2c68b46e95a5008c6c,2478,2025-09-25,True,True,True,True,True,0
415bc6230e4d0f03bfe802f12b4191219bdd950aa3f22bcfde7faddf54a1514e,3481,2025-09-25,True,True,True,True,True,0
0dd54890d15729d2d75e49257457c402a2fce8edcb5753890502f85d276f3542,4739,2025-09-25,True,True,True,True,True,0
06e8c3d8c11f9d8974d28c5484bb7e767ee418ac47c9971bdf2720cd08ed2aae,2061,2025-09-25,True,True,True,True,True,0
69d8a12f3cf6b51a85cfdfd0df5eeb4555b1b380186e771f36db810f58cbe165,2009,2025-09-25,True,True,True,True,True,0
1ec8b5fa69dbe8fd88848a62c36c468d11726e578173d67fcb47fcc031eff6f7,3231,2025-09-26,True,True,True,True,True,0
44db0252b2a7d6b0668684146972dc7f94f1933fcd85a151321419020b2c3597,8271,2025-09-30,True,True,True,True,True,0
0475f551895a42394c552eec0294f2a3d3b2f1b58b7dcef4b23bca7bbca7db36,2382,2025-09-30,True,True,True,True,True,0
6f7bbc3e069ecff85ea6960098b43684a720987a1962e222a726e36bedb89d24,2303,2025-09-30,True,True,True,True,True,0
13aa2039ebf5d3f859538e08c54c21dfa61e00c902dc9e122e150f333c175f61,3191,2025-09-30,True,True,True,True,True,0
0ddec44ced4af6b7ab423553fa8b478518cf7b9285f81eb45a4f66584b29c1dd,2241,2025-10-01,True,True,True,True,True,0
b72a3446e0980953829d64ea3d8c6bbcf26a2ecc6293eeb98871adc006d8671c,5475,2025-10-01,True,True,True,True,True,0
b33ea6042cee842892f61308053c2f83ecddf0aa66d681c481373a38c4e77b03,8021,2025-10-01,True,True,True,True,True,0
9bc633d87deceab94d16fe29d9eaa3fecab554c9ea0d16b43d79c96a75a87b21,8299,2025-10-02,True,True,True,True,True,0
28943eb05daf75c66fd2e6f47d33f2c71e38682afe99e3c6bf825d1acb5e35dd,6138,2025-10-02,True,True,True,True,True,0
f69d2da4d9bf6640b379452117f5a6faae998dc5f3bb6815207e116eac169557,1736,2025-10-02,True,True,True,True,True,0
572c814cc8074d5a06d0f8ccda79a18a8c2804bc795f87d2511517d1ca356853,8150,2025-10-02,True,True,True,True,True,0
4537db8ac083422f4c3f4c6df870e95f27416d11407c33469fffcf3bb895f088,3017,2025-10-02,True,True,True,True,True,0
9265dcbd0ea8a366db225a6c8fcf5556b7697bdabb81f1979e6f2032af82800a,5410,2025-10-02,True,True,True,True,True,0
1d28f912e0c38ed238221aa67983919838d9eae48a0c93cfa2b0703473025b74,2330,2025-10-02,True,True,True,True,True,0
a4cd054a4967cd90a922cbe4a7d5376258d28e71d00ffd2e0c6a6a02a9e53c85,3450,2025-10-02,True,True,True,True,True,0
8bc4ba502fad91898f6c1d5181cf70dfd8020ae68f7ed4a92a20b71210e4f769,8131,2025-10-02,True,True,True,True,True,0
5e50877291952721f818b8c07f553750d7d40e9cc39dad1c31d77316f0a4b43d,8110,2025-10-02,True,True,True,True,True,0
ea15eb5d49c85e80a0c7ed3f8be0e1e55950246356312dfdf4dc9c929e3cbe93,8996,2025-10-02,True,True,True,True,True,0
b57f90a0845bc9264a6305da530da3abc4bf94adf7846b768a75a98e6cd21f15,8277,2025-10-02,True,True,True,True,True,0
7d149b49e45eb4dac0bd28056393343586da2fee7e61dfb510ab8d664c553d47,2360,2025-10-02,True,True,True,True,True,0
d7a533b067e6b75566ebe29c0ad826569a970e409087d81941c3cdfe1db9c830,2070,2025-10-02,True,True,True,True,True,0
7b96fc6d6b4da2e758d1b165fab8b89be207c36b94ed877630e67cc90a5f21e7,3191,2025-10-02,True,True,True,True,True,0
0548918467661531fab61daa6eaca467af2db8d5746f8232e12ef720856f227c,3227,2025-10-03,True,True,True,True,True,0
53a4765e6fb749a9cd64337473161a6fd8736aea20e93f786b73d0f51272a5f2,3321,2025-10-03,True,True,True,True,True,0
3dc90c435d5a7d8547801d899a2df56ab80185993a3654461ff6eb66249371c3,2376,2025-10-03,True,True,True,True,True,0
5bbe17d42ebd3a870a0f1425519239fe42801cd3296066569680860929df05b0,1590,2025-10-03,True,True,True,True,True,0
314a4eaaade5578f07f04f6cfa786b6cb892bf878c2b2c26db5297527cd787b6,6531,2025-10-03,True,True,True,True,True,0
4d97a23954b4c5e0e4fc9862a7d150a7fae3f7aad1f9b2100587dc29b27016ff,2344,2025-10-03,True,True,True,True,True,0
57117b9137acfae24f6df9612509caba46b53515317331453d0d533428afe4f3,6449,2025-10-03,True,True,True,True,True,0
e3c5b6335533b6695c334f87eb020729bbbf48b5a4eaa3854472857e60b3423d,2308,2025-10-03,True,True,True,True,True,0
0a83fcb452996874f4c61b2511ad6bfa1509eedbe1dcfb8d7e628c6f6fbd7f8d,6805,2025-10-03,True,True,True,True,True,0
4e8a0067879d7608a5875f2385c6aab3c9470888efc671298a605cffde24568c,2382,2025-10-03,True,True,True,True,True,0
5e303ed3bf82a6290b18785fce69835095fbb42088ecd679929b019478a2d644,6548,2025-10-03,True,True,True,True,True,0
40b15c8b6f219f887d25b9dc116fdc744cd38f641ac40097329324e32096f761,1727,2025-10-03,True,True,True,True,True,0
64d4edab1b48ae4dd307d4ae5d202027ffb3f837f0694b1cb7b16b58feadd849,8046,2025-10-03,True,True,True,True,True,0
23702cfec105eed3d0af709399ec8093636be951a1bd06b1270b1fcc44e7a18f,6669,2025-10-03,True,True,True,True,True,0
4e3d6d0e7b73d25a973238f157788098bbcc20693cfa3216e107db83258cb80e,2408,2025-10-07,True,True,True,True,True,0
6bf9385b9f77b12ce499be7529925013a5601c16be9023d8bcd1369335438800,3008,2025-10-07,True,True,True,True,True,0
e31822a15e83bd6cd06abbca979672ddeb8881e29c7648340ccf6779fb5c9f3b,1802,2025-10-07,True,True,True,True,True,0
7a37ac787649e57d1b9781e03903975d6b5b020e72598d9a1862741935aba8bc,2399,2025-10-07,True,True,True,True,True,0
43f398f24ee55d44581ed675cbb296f48aca5b1a71a63096aa3fb0311b0f8929,3006,2025-10-07,True,True,True,True,True,0
5e569f9df9aa752347a09b5bf662fa4306c1dc82c27b9221ec8d3438d1f4873e,3413,2025-10-07,True,True,True,True,True,0
428405c15b7168a7f679e6b1955f6784daefbb0cb70a25f2b2a84637741dd561,8043,2025-10-07,True,True,True,True,True,0
7b5bbe69b265fd957c1e889b6f0a91e7e712f3c017832af01c53af1b52f2a347,6209,2025-10-07,True,True,True,True,True,0
7a33ccf7a9ac29b5d046c2e3aad0450ee39eb96e75587f134eae7900bc53ed82,6217,2025-10-07,True,True,True,True,True,0
bf16a8eb2e8dba461d2f8516e7ec56dc30eb8bc384ef3249bcf46e0700cc12c1,6016,2025-10-07,True,True,True,True,True,0
799ab8e25e5adfa5a0ac183e10682f05072c8856f2de0d55d4a396110252900c,4967,2025-10-07,True,True,True,True,True,0
a55b37bb4f8722bff6d3d3eaea528b3db4762757945d40674415fa390f9f4fa0,2352,2025-10-07,True,True,True,True,True,0
becf81951f998ade99a44a67c04c1c420e81f88ee135c32e1c0985d76bc2400d,8277,2025-10-07,True,True,True,True,True,0
d95139fe5ef25815e24c398a99b68677c2332c99d37a5d299a491172ed9ac441,2465,2025-10-07,True,True,True,True,True,0
f2fa1d67f78615c658ae7c97993d6561da50ab43e0706a7f10b0bdb57b1072f5,6150,2025-10-07,True,True,True,True,True,0
cf2ed5aa9bdaf5905c4ae4f6ed4450bc8adf8b8579a20f6269a734fabd4242ac,3357,2025-10-07,True,True,True,True,True,0
81d6b93b45acc7add0f391844c51379241abf04fe44b98a489b9e8617f84af6a,1605,2025-10-07,True,True,True,True,True,0
3368b61cb6507390d72ceca1dac83b5cd5558ab4815b4de3c009ebdcbb96bfb5,1723,2025-10-08,True,True,True,True,True,0
1000c16b17cf35666a798f1e9ea3a790f18b67862adfa4728c9000d4347f862c,5285,2025-10-08,True,True,True,True,True,0
e38984ee6db69b4c5698c76f88ffbd1be5f80c1dd0eccd9ad659f5bb09234b4a,1590,2025-10-08,True,True,True,True,True,0
47f7d1917bfdee91056ed7786d74960fddf0ab09b56dd0c44d359a0ea934df94,2241,2025-10-08,True,True,True,True,True,0
c55665530b502154d7c86ad63250fffe73529e8b98c1cddaf50de967f8e82ea9,6505,2025-10-08,True,True,True,True,True,0
940268f0dbe7b84435b9522c690e066324ff56c9ef31dde4be01f7aa1acf6985,3114,2025-10-08,True,True,True,True,True,0
776ffd09a7c7a2a54a4ec50620908e561dff6868e251cf3dc32fc9cf06316f1a,6805,2025-10-08,True,True,True,True,True,0
42074b124ea12a0416325135a0c674498ac83d98636ec2f36aca2f7ee20e4149,6548,2025-10-08,True,True,True,True,True,0
b21cc4ea3fd282cd9250f459b566832bbfd1606bf717f912e5653df2ff193c2f,3443,2025-10-08,True,True,True,True,True,0
1e3791dd0cb3b0307c868057aa1105e76f4b23c1c56b651df1e8e76893a06dff,6214,2025-10-09,True,True,True,True,True,0
0122f92a966b8a05a2d5ba50cc2e23a0f8ec138fc353f2f850e32596b27cbb8b,8054,2025-10-09,True,True,True,True,True,0
3b06ecc8da369e048d0da49e792f6557abeb741f7066d01378e894f0bcfa3336,3131,2025-10-09,True,True,True,True,True,0
240ebcdb4fa021fe9bc6e63e1bdd9dee5ef2ba7935dcaba9c14d4cc811743a27,2329,2025-10-09,True,True,True,True,True,0
366444350e168fd99a77a9fb07862868a9dbeaf8369b5b5b5d28d19a171aa77b,3711,2025-10-09,True,True,True,True,True,0
5a47b05787997ffcef72e7a53c3d021af8e03931f4f18fea2060377e60de1510,6603,2025-10-09,True,True,True,True,True,0
cebb64964c0e376a2a953df952c7a4831befb70636c16b2a10a9952005d53e31,1303,2025-10-09,True,True,True,True,True,0
5a50f629d0e63810909a0537b88ef57652839d0711b17bd06e58c44dabcfd509,9904,2025-10-09,True,True,True,True,True,0
115ecb56714d55da66716cad919f957fb839a278c037928c948c05dfdc31b494,1304,2025-10-09,True,True,True,True,True,0
bc3bcfbd4f6cdc46ebe6cfc697a73607f3cff496a38d777d6670db1a7a4fd24d,5289,2025-10-09,True,True,True,True,True,0
4cf24dabd192c4e81985e11fd57dc75da230d7d2dedb87920c0c63dc46b44409,4967,2025-10-09,True,True,True,True,True,0
00f3b9891bb7f644f804dc7a1a0c93a6d83b338308753ff6a37dc22b36840424,4968,2025-10-09,True,True,True,True,True,0
9e8c92bac7721b64e39706ce9147f1bb6a6d73454b060afdab1a72880eb16b79,3617,2025-10-09,True,True,True,True,True,0
dd548bd5d9116c23e50cb295ef95ea4b78bdc7bbf711421031d3e8f590d21c2b,5468,2025-10-09,True,True,True,True,True,0
f2a5f3b9df8dacfbdb5af09157b65c3acbdc06e4ca8b21d3686f052fbd0f3972,6282,2025-10-09,True,True,True,True,True,0
3014ac45011d1c63d8817395aa7a0861e8a4c45f6e80cd9171cdf4f452f406d3,6108,2025-10-09,True,True,True,True,True,0
a0acccfa747e42ab4bd8138bfffe23dbbc341aec10fb4ef739ad2187e3c6f3a6,2312,2025-10-13,True,True,True,True,True,0
3aec4c2276bcc6a4f78c4fc403bd619bcb864b44bf72705d01e164c888165947,5515,2025-10-13,True,True,True,True,True,0
10cb596b001df03a1172e90a085c0a031b5f3cf7fe1df8bbaf11c42df74709d6,1723,2025-10-13,True,True,True,True,True,0
8a277a9e6ba4ac1f1551aede76d87864e6e5071fcbf2acc964b44506a0eca9e5,1809,2025-10-13,True,True,True,True,True,0
bc11196eb2b19231f5f87f68b0ab5e5087440183002f5630d3b6263573648768,1714,2025-10-13,True,True,True,True,True,0
5aa3f3847b484b672d4dedc81540a48d2831a4444bcbdb470d75ed300138575a,2243,2025-10-13,True,True,True,True,True,0
9a131450945408ad24134a164d1ee04aa7b4588820723c187b11f16f44032ecb,5222,2025-10-13,True,True,True,True,True,0
8cab86027506d3de2518a74852943eee1fba3021ce6e165e064d4f64bb915be1,6937,2025-10-13,True,True,True,True,True,0
eb4d9efa46aecfdf9d01b8ebd3b585847b576a4a71c05aefdeddddeacd01109b,2601,2025-10-14,True,True,True,True,True,0
c6778f76d707d35f377f83c5f2b7260fd631d70e9b98a18c359e4837aa575f79,2617,2025-10-14,True,True,True,True,True,0
47e2bfee5d8a164c8a749ee274abf02428a9d9f9978ffa4cd3368f435f3a81fc,2606,2025-10-14,True,True,True,True,True,0
266cb9dc638ccb6ea5e77b8ffdfe3a9e9e64a45cdc7f44e348a36bb5a5761ed3,5608,2025-10-14,True,True,True,True,True,0
cd25a05e1c49caf84bf1f973754653fae4de1cf67d3ae59cc5dd91cdcef2393d,5464,2025-10-14,True,True,True,True,True,0
d2c16468e652a352f3fd8abcf254e5c83286b15835eae434c2f16c056b9dd987,2613,2025-10-14,True,True,True,True,True,0
0b00c7518d1a7fc36afc204ba7930169e0699f0dfcb54900fe6cd35b9f5fee75,2615,2025-10-14,True,True,True,True,True,0
ac81824a744aea0554a6615890107aeb245b07a4a9b06b0d8814e1f1ec0538af,2605,2025-10-14,True,True,True,True,True,0
f8402ae2b3ba017750e6b18a6a6b4bf3d1f9d6ecf6cda1c446c4dbff27740451,6693,2025-10-14,True,True,True,True,True,0
6ac7615ab8b358cfb1fba4c7d1f2f1e57e78a99fc3a977704ae453f77671eec9,2481,2025-10-15,True,True,True,True,True,0
73a1446592cddd4793fd5ae61bccb8687f2d9b337d5a704f54c72b9615fcddc4,1723,2025-10-15,True,True,True,True,True,0
9c0fc302fe1938b7328ed1b6f3d01730ab11007b38d9f1ecf418c44957c2e024,1590,2025-10-15,True,True,True,True,True,0
5483e82c83f26b7bb772d3ecbf68ef0fbd8cc48f5c3bf9aa50bccf78d762a7c5,2457,2025-10-15,True,True,True,True,True,0
af54cc14e24ca7c4ef86834daad4e54adf3770754793cb18d24b1dc7d8988b3a,2421,2025-10-15,True,True,True,True,True,0
7c369848e808a4ba36c86426f60d103ac2c08325c98477851ea7b3503c57e0aa,8103,2025-10-15,True,True,True,True,True,0
8cdcbd3efe87b8e3e094add48eab87371f10e9e387a69798ace9a7b62ec0f8f4,8054,2025-10-16,True,True,True,True,True,0
b71008ab45fbb6c278b89f6242ec38a0dcea7c0e42d43a0872898149aeaccc27,2535,2025-10-16,True,True,True,True,True,0
c21a094736055be90375cf62fcbeda2468169cd25f4555bfb504c002d8da903a,1773,2025-10-16,True,True,True,True,True,0
243e379306c2f2d834ccebcdc422320e1f2c7c568d7bb4e258b1a9cfaf4d4e21,4764,2025-10-16,True,True,True,True,True,0
e3fbf44d41fa6f9e713b110c75ba8056bd7379030f4a9419abe7193023a4ea22,4906,2025-10-16,True,True,True,True,True,0
293e5f827a3f8f6c4fa823d72abf937e1264a85c3d7afac06feadd806d222967,8112,2025-10-16,True,True,True,True,True,0
6ffb480a297774c9980dbbff0779be0a8b9b1cbce9e18de1fc0111561d0946d0,2351,2025-10-16,True,True,True,True,True,0
e19b4cc498f466ae0def7b8bb3ba3f84bde286d07c96db6b499031b3332878a6,2465,2025-10-16,True,True,True,True,True,0
b4e1cc574bbc02443cb4fa1685b62cd8e936aaf626b9562d2a0483c607c9fbf8,2449,2025-10-16,True,True,True,True,True,0
2b96742e4459d467b90d4335ee9dc8fe2743995079b01c2682d2cfbabc1bd841,8064,2025-10-16,True,True,True,True,True,0
c0804d437981e00c5bf2f04e760c22141ef04f91f01758eaecda6d65e265ff6b,1569,2025-10-16,True,True,True,True,True,0
456dc887fce3aabeb40701a06b326fcc16b748b374fdae64cd27512bfc8cab52,3090,2025-10-17,True,True,True,True,True,0
a9b6c8af389df4040bb9be2bcbbf21f4e5c50a4b6617408581ebe8f86f45810b,2548,2025-10-17,True,True,True,True,True,0
7d8380b05fd66a4f3353e50743079facd9b636d5a03f8d31e5a654d2e1486b08,8210,2025-10-17,True,True,True,True,True,0
73a519348954b53dc0cdfcc6164d8e119b53294730aca900420590c04486228e,4938,2025-10-17,True,True,True,True,True,0
82bbfd5582990ec23b442f85dd23ecbab5a8d94481036d25663ec5759b2572a9,6903,2025-10-17,True,True,True,True,True,0
69da762495af5427058fe3df0e2744c8d0ffe98963526508292cc0d7b0d940a2,2478,2025-10-17,True,True,True,True,True,0
ea0ca19a9b2896ba0db0e757b3b12b9511ac36739863bf8b7d40d7bfda9599ad,3390,2025-10-17,True,True,True,True,True,0
dbdb0c3c8a830073242c0d6fda28ceb430ba97111ca5b32fe42950eb17405645,8088,2025-10-17,True,True,True,True,True,0
044667bb92b9e87157f39c5758cac6885bcf04f4d9a9253aae7c8ed6afc2c0a9,8042,2025-10-17,True,True,True,True,True,0
5d1f4ba46cbfaebf184847691039ba5845700f0a135fff4034ee8fde5ddd3254,3543,2025-10-17,True,True,True,True,True,0
d012a49cd82fadd1ca5ba60f163e541c986a4ad853b8b73d71b1ad65b0e03d8e,2851,2025-10-17,True,True,True,True,True,0
dc2b9bcc3544115898c476b7669d97796f2d7f8aef23539158bddd1cceea6d37,2375,2025-10-17,True,True,True,True,True,0
c5557910fa8cdd91a1670e16652cb65f5cf2b5d88dc1d18404e91f69f42978f9,3221,2025-10-20,True,True,True,True,True,0
2a51caf0b40a61e8b862f65341d749299f597f524d5f7464dc7b981884c01c85,4566,2025-10-20,True,True,True,True,True,0
e26bd391834bff934a08ed9e23bd6022ad069e433cfd0f8aa97608018bdd050a,5328,2025-10-20,True,True,True,True,True,0
dc8170b0cd3dd9731bbdcc0966ff1b38a0e3c4876ce922055f6faaf8e1744142,6155,2025-10-20,True,True,True,True,True,0
4c50add60dced3047acbe5f8603da8503696c16e051da1cb19bbb635215fd324,6173,2025-10-20,True,True,True,True,True,0
f3d131b32e3367952b060daea4690cd2994432ac233e8e8209f316a358c4428d,6204,2025-10-20,True,True,True,True,True,0
35944cd856f7e093d45599f8f8f828d060bac004da058ae5291b2ef0a2e09da3,8150,2025-10-20,True,True,True,True,True,0
fc493c947fcd4435651904358b501be80f8738fbd3becfa635126bb9bb2ef6eb,8054,2025-10-20,True,True,True,True,True,0
94efc1f74256606cae5eca3ad5ee9ad66262a4f4e4f767c34b73e05ea9a47ea3,2474,2025-10-20,True,True,True,True,True,0
e7424c209d15fe380a70f9ea6f38002b626829d600fd8d687222cde0f1140f7e,2428,2025-10-20,True,True,True,True,True,0
409dd5a75c24f0c4efb870e70424271b6f208fd5bcd9264f1fa4c71d61314413,3529,2025-10-20,True,True,True,True,True,0
e0df62ed9a399b42f3e1396a48c5f5fc0e3726cd88ed8dc3fff1c72499045879,8043,2025-10-20,True,True,True,True,True,0
2cfe7d832502b3d913b4b9314dc1a2381f8ca0cf88436764433672d0a7f45208,2302,2025-10-20,True,True,True,True,True,0
87be4dd69e3cdab770c12995ca6de70f4d6e06228687f5b792cbf355a99fae20,3013,2025-10-20,True,True,True,True,True,0
98ab8a7990f3129c434f3265eb9fa8ac225748d5f80b5e605e896d29c5c04077,2337,2025-10-20,True,True,True,True,True,0
cade0a85da2e007ce0b0d50cf297869f1f3aef9817dd9f2ae1f13521d167847d,6409,2025-10-20,True,True,True,True,True,0
62db42615f89eaf3a37e6f6651d7d345f33da8bf01bbb2ac4602c1248ed4250d,2317,2025-10-20,True,True,True,True,True,0
a6d000bacb955673fcfe3b310f209427c7d2ced95d4f2d3870d99ec30cea7ee5,3357,2025-10-20,True,True,True,True,True,0
c48eed67e72487304274a19fad9d231db214653ab0ffce3ed2d95314f35dbb5e,6257,2025-10-20,True,True,True,True,True,0
61a99df6b52882f10415ac568428b2ea777949991bcec381102c68f7bf4f6d35,2314,2025-10-20,True,True,True,True,True,0
12bde25d6f70bfa01cbd9a67582aaa57189e8d6f8774329e9684f201e19a8974,3624,2025-10-20,True,True,True,True,True,0
6c9822827c95ff11e5f64bcb6b0b90b2398f488acd20ee4b4f0fb78ff32b55ca,2492,2025-10-20,True,True,True,True,True,0
21bab60099d09e12ce78576eba4de7f03c07893fd1245b622c914169e776fe0b,6175,2025-10-20,True,True,True,True,True,0
74cad87f4b956f887146adb680416b1cbbd3d7ee4aa3ca2a6f189ef21a4e0a74,6525,2025-10-21,True,True,True,True,True,0
b6136021908fdfcb5f1e6bc204438fb7bb8941604d89bfb9cb1c6efa4099a2ca,6488,2025-10-21,True,True,True,True,True,0
630f3e763ba7712163207d6a627fec714bcfea148945da6fcc3a284aaacd6eea,5299,2025-10-21,True,True,True,True,True,0
a6aa671971e336ad880bef6f17aea543baf20bf37e62145f804b5c5ab3e3eac2,3236,2025-10-21,True,True,True,True,True,0
7a9b3b792bd464984be597ea683dad524db48c0b91b7b3a9b99374d72082522f,6127,2025-10-21,True,True,True,True,True,0
4c7b42b925e66d9cfe245adb0fc3cefd92fc3e23d871f080590b462d1664b695,6651,2025-10-21,True,True,True,True,True,0
3cc460442da3b4bdb18dabb9f3d2bc6edd7b8ccb88758052cb66273826c0d3d6,6182,2025-10-21,True,True,True,True,True,0
0ca0a5082577149c2be8a455da548e8ba9164fee8f271f3c5380495b15692497,3317,2025-10-21,True,True,True,True,True,0
c217ea6690260e1f3162987b58eaf66a86d9f4e200b0c25f559f4c9ee44b91fd,5228,2025-10-21,True,True,True,True,True,0
ae24ee3898fe4633b9378ee78d016e0faae980638c8308e1b3226e373271ac72,8261,2025-10-21,True,True,True,True,True,0
eae9ae856153ddb3e3f10cfedf47fc2f49bc184efff26ef1cd088fef746ad010,3022,2025-10-21,True,True,True,True,True,0
0b512efef5fa096aa70d1fdf8842c7b2d83f2b30bb3acdc6f98014d67484c790,3537,2025-10-21,True,True,True,True,True,0
7947cea9c13932494ec43f32078be8391c5e746d6b6be3ad500ce80f40d04658,6684,2025-10-21,True,True,True,True,True,0
df0b603cd7399fdafe4d796cb036d92f253cd859723ca20d635d98e83d477449,2472,2025-10-21,True,True,True,True,True,0
e346bd15b4c0df01a95de5779176a8994ba9872d23a3c1a45cb4fa843e51554a,8103,2025-10-21,True,True,True,True,True,0
a9f384ad1b275f7bfbe572abb142561929a4447c803cdfbd101687f29aaf0528,6462,2025-10-21,True,True,True,True,True,0
a0836d8e53ed1680850e2a4340e46032f542c4fd9af246ddf3abb31a1e8b5dff,5425,2025-10-21,True,True,True,True,True,0
21490e6291df3c56ea506047d0f7b9c8903a81112d23691ac82f1253cd782881,3443,2025-10-21,True,True,True,True,True,0
755068498dbfb257d38755d44d56f58ebead9e69a4250a79d754bd7863c9fda8,2312,2025-10-22,True,True,True,True,True,0
2abcda7783894ee353d9c6dceba5655dd3f5ab100913f1df1b6bf805e1e448ad,2342,2025-10-22,True,True,True,True,True,0
03533a2fcccc546a82208c23d897133a911e4946db0e685e490500a68b70c3b6,1319,2025-10-22,True,True,True,True,True,0
246f4e5dad47e4ea709b6d3229a84748e2febf7db42a1132c81001e6c44cf922,6153,2025-10-22,True,True,True,True,True,0
d8cb38828960487cb98d967a2330faeb729bed0692e6cd36a5b7ae9b4f3eda90,2399,2025-10-22,True,True,True,True,True,0
29b817199e6449af3c0335d9629a1441ba7d43df2990e7630102b689118be707,3490,2025-10-22,True,True,True,True,True,0
c27aec0ff20376709adc898fc5c5983fabcda66e45400f0896e820ae63776efa,2535,2025-10-22,True,True,True,True,True,0
411ed2b6d45a9ab78172e11c3c1913d9877585e43728d10520a0381134a5e8ae,5464,2025-10-22,True,True,True,True,True,0
1cff91fd071684986487763ccc90c587b474fb43a3185912bfcbe7d3f56e7704,9904,2025-10-22,True,True,True,True,True,0
8b92e119330bcca764941b60e6dcc57bc6d2238e01cfe22c2e59c6a30f41f428,6803,2025-10-22,True,True,True,True,True,0
7eafa6672461139c9d1d851906df39482c492382be33872934ac16940e337489,5243,2025-10-22,True,True,True,True,True,0
e528d61fed9a82ccef1f5275d6120fae7c11a13f5f429049f83d028341c2a415,6290,2025-10-22,True,True,True,True,True,0
d7c39e147f8cd943d1db5e7ee5d3f0cc8f0bbc68fd034e8d4c443645d6c9c3ba,9921,2025-10-22,True,True,True,True,True,0
99c2e554f20803455d0bd4474ce743b27f78fb121aaf83013f49afbc7cc42f40,5386,2025-10-22,True,True,True,True,True,0
e60387b7ada10df820daea73e561f19efec5cee796fe5fd7c79d3301c3ebfb41,6573,2025-10-22,True,True,True,True,True,0
7585ffa7c82c509d8d895a370f83a23c20457d62ced3d38fcf992a6b4da107e3,3693,2025-10-23,True,True,True,True,True,0
b56b9beb1e1fdd3e913e7a98d94aeda5d94119cfc57c91f62c8e812d59cf10b7,3055,2025-10-23,True,True,True,True,True,0
cb6e2b326873413695e199349ce0a055c8f7cda5f80a233138f30e32cb0b8d06,3689,2025-10-23,True,True,True,True,True,0
14e820ff895d2cf31f40ac81a0e9d6c6f1c82956719696a561557b21739a9c79,8054,2025-10-23,True,True,True,True,True,0
4d2a370d8c947ddd68ec620925cd801313debe40de7bd9b2da6f92edfbafdceb,2474,2025-10-23,True,True,True,True,True,0
faaea172ebc99316e048e4c8bdea2819e10d7af9139831d00836ad454bd67375,8121,2025-10-23,True,True,True,True,True,0
7432900ebf68cddaf0050803367bcc682bde7cff37e22c08a58e4160c65ae1e4,8112,2025-10-23,True,True,True,True,True,0
4bb201d9f24e7e7c4ef8ba9eccca629ef2e27b8f8684ba6caccebf1b9df27929,5498,2025-10-23,True,True,True,True,True,0
c3094583f35d7915843396f673b60324783d0a711744bfa20a9101bb4b2c3dbd,6462,2025-10-23,True,True,True,True,True,0
b4c481283efc925605bffd1b6fa427c27de233dc24575b3d59116805e3ba796d,1326,2025-10-23,True,True,True,True,True,0
bbc0d6c58ae69766f48bb21bf4c657d7ea108a0e336529532f0c038366009030,1301,2025-10-23,True,True,True,True,True,0
a5a69ac403e5a502dd0a4a315ed02171b257d1755b95f3b701e0d3efd7d72cb2,5227,2025-10-23,True,True,True,True,True,0
8acd8889817d34be19b56b749ed9b932699ae1fe3444e4d4f6af6b1d98117c32,6175,2025-10-23,True,True,True,True,True,0
c85bdbb16e2c727ef7e18ca6b25aac12140376a1a34a285a07aa02a60b592bc3,8299,2025-10-27,True,True,True,True,True,0
4901dd93e9f59906b936340236de46ac091fec5b00a286d752380c26c338ca7e,8150,2025-10-27,True,True,True,True,True,0
2534291e9eddd2b448242c7fb8a8d389ebe4175b8ee982bf5a10ebde9de5d96a,2399,2025-10-27,True,True,True,True,True,0
92a9dd9fe345d05583b086b55b5143210e3d8a43c28dccc256c6fdfca477839a,2491,2025-10-27,True,True,True,True,True,0
a2a614edf99c72e0abf2ae4e4c8179acea490ab762e02cb85cd6641b7a967f23,3006,2025-10-27,True,True,True,True,True,0
e3608487276394c601a1d770960aee0b4cfddf88990523ad67e77b801ec80e7e,3260,2025-10-27,True,True,True,True,True,0
007f94dfb1ded68b5b694f4471ee67ec8ac07a4ede01a01639db62e4ab27b4b3,4967,2025-10-27,True,True,True,True,True,0
1bbee7a570fa65f225c1cf4a6c16ef03b1b50189a829927fba4e638fbbc68925,2308,2025-10-27,True,True,True,True,True,0
b4c640b9b6d532ee005a22f31db14fb183685653ccabb9255aaf687d5fdd45f3,6405,2025-10-27,True,True,True,True,True,0
de09def19e9facc1536cf652e4998fc72f8d5ee6bcd17b70732705aae2f2a97e,6432,2025-10-27,True,True,True,True,True,0
23b9c8eef35ef2d53ebde2064c92e0229b823a2bceb86975424bf6a6cf3b1976,2360,2025-10-27,True,True,True,True,True,0
a8b3153de2b9ea2dcdd75e23814df64c444dd67b7652d4ecc3ab01393e5dc6b0,6213,2025-10-28,True,True,True,True,True,0
2c36ae4e070fc4ef2b60822e2d0692642d6c868e2fc292df408cef7636365073,1519,2025-10-28,True,True,True,True,True,0
82ad598642c01743a6f6733f1a82f142f94492fc27dc78d9a20e5f0bbe249e1b,3017,2025-10-28,True,True,True,True,True,0
15cfadb024331cf5847624c3f0c11407a320c30220e55de26e66673fccf0c748,6284,2025-10-28,True,True,True,True,True,0
707915bb445256d9ec43b14a13d74ea9d738765d011ecafeba232884f7bc76c3,2369,2025-10-28,True,True,True,True,True,0
0759c6bf282b32a864fc1e6610af816257f70373187c91b789798158f9bbb2a5,3576,2025-10-28,True,True,True,True,True,0
1bd61d6745fc3c1224f709d7325ff341e53c1ba115d4edda07716adf45e87c8c,6223,2025-10-28,True,True,True,True,True,0
48b86a3f93e3212940fdfa1f8c222b25cf454da494e870ab1db78230fb58639f,8096,2025-10-28,True,True,True,True,True,0
2ec73e141cb83409fbd748e1fd63196005ab94470a2b23e0aee372322d3e7134,8131,2025-10-28,True,True,True,True,True,0
d0f6bb480baebddee57dc8d518e9b8873553010c3d597bb16b7d659eb7f6ef94,6442,2025-10-28,True,True,True,True,True,0
1f122c34dfc9ca001c9c1f907ee4d9f4157afd4e8a5121552a69bd6be535e7b4,2351,2025-10-28,True,True,True,True,True,0
fce90483085eb9af64bc28968ba4ff506f2e3ab34f865e1d41540b01b8bdbb99,6462,2025-10-28,True,True,True,True,True,0
1e0210832e966b3f25106aac296b753e6b554d250b32f451d5639317af28e8d6,2301,2025-10-28,True,True,True,True,True,0
9a6c81155d751cf42ada42a93f7dc6d36df85054b4ec6a51427dbdecf0067e60,3015,2025-10-28,True,True,True,True,True,0
25999725496fec70ca6447808b1b1a2a3547eff385e8f920449271b09fbfb710,6654,2025-10-29,True,True,True,True,True,0
714b13372575401c745181dd7cec629a60604097c859e8a8a64d90460b19f074,5515,2025-10-29,True,True,True,True,True,0
711fd7052599558d7a0549806fdcfe7c0417e66abb1483c81e486a9fcf0f0592,6274,2025-10-29,True,True,True,True,True,0
6d553c2f2f90ed92a798240422de082ac398ced276e05851ae4ebe5196c7e4cc,3234,2025-10-29,True,True,True,True,True,0
8e4269941314f194e46beddc116ba5c510dccef14f81a2616286ea8cc5d4da8c,2330,2025-10-29,True,True,True,True,True,0
5e91687157dc72675ad029a24b11d4edd180c75cf2ec2f519f62ba10e8ffd6cf,4991,2025-10-29,True,True,True,True,True,0
3a9d1efce5f431fbc876041b2b5ee65a036f7a87cde68da3a0611d8cccbe027d,3035,2025-10-29,True,True,True,True,True,0
7c97564e15a19558742aae19d38b6439a51174c88c5a43ca546b2e6cc5e2b013,2354,2025-10-29,True,True,True,True,True,0
dfdfbbd92becbb3bb19d0ef28624c42478a4239393a721000cfba63155abcb96,6409,2025-10-29,True,True,True,True,True,0
bbdfd9e6e6f7c885a7282deea0d1579e567148ea461392c56278caddc1cd798f,6285,2025-10-29,True,True,True,True,True,0
1fbe8c93bbefb5bf70b1c68ce7f921d53e5b1b51f5d79e38fccbdbf91a7fc329,1314,2025-10-29,True,True,True,True,True,0
e494030a8b88c17b1a1b2e570c26c0f9e96c7bd1eed4dc730955b8d4f1b9a3b6,4903,2025-10-29,True,True,True,True,True,0
789ebfd15f91dea3b00163e3011a1ec257123ffdef024235b758321a90804f31,2328,2025-10-29,True,True,True,True,True,0
61ebab27dc667ad7261c16302a899e8f70834dc858427d7570a3bbcc3502751b,6573,2025-10-29,True,True,True,True,True,0
5382e240da7e03144bd2ea6d07b07ec5c95492c58c975642120558317328f0ef,3374,2025-10-29,True,True,True,True,True,0
c18a4df13a08287b4dde2eea45299623fb0cbcaaa31c44f9ae8a927554c3de2c,2603,2025-10-30,True,True,True,True,True,0
a89b58583bab46735ff442056729cef43e580e6fd3e1a420c571b0cb173b5add,6213,2025-10-30,True,True,True,True,True,0
907f00c480e87c8c4d9fe0a1e8aa3cb992318360dbd438aeb1731eab15832914,1519,2025-10-30,True,True,True,True,True,0
9e9b634704df233f3bd32650f8f06017973767e70c816c2f91ebe83570f628e7,2485,2025-10-30,True,True,True,True,True,0
e7674af96e7ffdb9089a7dbea80c8933d47c014b9f5026353e1d2c5b2aac0b2b,2617,2025-10-30,True,True,True,True,True,0
6f0c5efd6334920cf023ff92c47dca4064da61cdc817821679ac6149c5e5afd9,6275,2025-10-30,True,True,True,True,True,0
0023ef5ecc315c45475fe7c4549d00897911f6616fca67875e122b6d02271a7b,2609,2025-10-30,True,True,True,True,True,0
2d93881c2726ffb21ec472069a4af91f7d0c2b30aca1e32aca69430a712ac2b4,6142,2025-10-30,True,True,True,True,True,0
7b5adbe191063fab18348e9302fdc319c14b9d1e4147de1bf0b2793561bc8e08,2434,2025-10-30,True,True,True,True,True,0
59913af23202ff99b2614b68796783f017078618b692fcfd8368753b12b04c09,3413,2025-10-30,True,True,True,True,True,0
69450c274946d2cc194aabfd93addb6a0b34c5f08d3176e5c68114edd359b025,2615,2025-10-30,True,True,True,True,True,0
fc2861018a4ee2399a4f59c75e182db43b547e3cb1b51ae6991b08117e8ecaaa,6642,2025-10-30,True,True,True,True,True,0
2c197a7f4077cea1222d2d83317075b27d1f6f287f6fd24c5dde5ceb6cd67269,3543,2025-10-30,True,True,True,True,True,0
7fca42469a04e1250d73d9a70ac896aa3e59e2b3a447f8131279a37688cd48fb,3105,2025-10-31,True,True,True,True,True,0
7ae1643c8eeca7e56296b357e7dab5cbc86303010194794329dca001a0caf209,5439,2025-10-31,True,True,True,True,True,0
404b7ab6c238ab8f1d9545d7e7e832c5f899ba7205b626313606a86f1f960228,1514,2025-10-31,True,True,True,True,True,0
7c765b7f73ffd202203bd6486a1cd9aa7c5f31da4fd992d280320e6b72fee371,2527,2025-10-31,True,True,True,True,True,0
51354162ac996aa1fcd38d85cc51bee81b4ec3c8d7da35d45c80b26eb7c18dd5,5434,2025-10-31,True,True,True,True,True,0
687a908111720a6c1bc80e591ed9da7633305b00524409626e9ab60fe08438e5,8039,2025-10-31,True,True,True,True,True,0
d88d4a499e2e2a47abcf3a343eacd4980123f0c34fe99611649cc278f6019c72,6683,2025-10-31,True,True,True,True,True,0
ab42ce21dabdaca3257d51d3005a2a08730a09fd8027e4f4c3e447af3e70f30b,2368,2025-10-31,True,True,True,True,True,0
a4d379f09f62a5fa16e99f2b6901ae1150af60b8b742007d25552583bfbe7aae,6426,2025-10-31,True,True,True,True,True,0
cddeaf9e07740e932a7fe65725a66cea66745c6226334d734e49bc288a696631,6271,2025-10-31,True,True,True,True,True,0
7bf3fa23b3d427c7dc61d620f1000f2fab921983be5e59684bd5226106fd129b,1503,2025-10-31,True,True,True,True,True,0
2f4c60b4155c80826d837bbf49589034f74229b4609a7180bfc0fb4e1c55090c,3689,2025-11-03,True,True,True,True,True,0
6bd9b6d0ab58748c8e20e4af22f5d351020b90499973a1e440befb22f915dd40,3321,2025-11-03,True,True,True,True,True,0
a0e4539555641dbb275b94efc73cc5bdbef48baf9822decd1d98077882aa5358,6781,2025-11-03,True,True,True,True,True,0
7939a08ea98a1f4e7d27f4427d3547651390e016ce5bfde2b359c68d4411479d,3037,2025-11-03,True,True,True,True,True,0
d4dd6fd98cadffa13dfd1a0db3a66c3738d0048adba827046fccc2227a6d2d18,2546,2025-11-03,True,True,True,True,True,0
51b548172801ff83a0f4592ecdd865916fbdaf6f746229b7c070c5f98e1a616e,4967,2025-11-03,True,True,True,True,True,0
77551bdd14fe44f94a57120637211099a99c7f53cf72381fab8bba5a6e50c2ea,2421,2025-11-03,True,True,True,True,True,0
ddc0db7b1ab8d122a7752985a4ac25a5933894651081a16ed69c8802f668bf5b,6112,2025-11-03,True,True,True,True,True,0
be10086d4105f89bacb8b1e255f61a37dc4198a386486ebfbaca6118c8c19d1b,8086,2025-11-03,True,True,True,True,True,0
8a5db58a67d79a4271b3563d561b2fe1e292cafe93b0363b33eb24201d2a4d82,6451,2025-11-03,True,True,True,True,True,0
488a95fa0a1e8bdeca428786a897c7034285a82e083ea4a77e86e92498ca6b1d,2303,2025-11-03,True,True,True,True,True,0
a25346f6090fe6a0ded93a9ba060cd88d8d609b197ba025f9d2c37756c1b924f,3706,2025-11-03,True,True,True,True,True,0
7081e72e77be9115869d11c0ab522ea0674afec987c9b9cad4700222736e2e60,3265,2025-11-03,True,True,True,True,True,0
322e86c1888dd69c6a1d5362f03d84dcec8df6fbf9e2d854b3f2f78acaf20a87,5515,2025-11-04,True,True,True,True,True,0
febf82b8e1cf28bb9379534b4e5e28ea73d9da390fc0e1ba65fbff45ee91bd3d,3288,2025-11-04,True,True,True,True,True,0
105d717906318a251ac49008266bfd4b6f463cdbfade895c81b5188a5b04e9c8,6605,2025-11-04,True,True,True,True,True,0
36b9cf75a362a85aa37b758526faf2c7001e02c2a6d9f5ee76e0259b49bf2da5,5464,2025-11-04,True,True,True,True,True,0
0d087a0aa3e348aaa809adb295390f5efcb0ad92e1902dc27424c2d716de80aa,3167,2025-11-04,True,True,True,True,True,0
12a5a0b5530e0a115c04cc551ae8e87a1bdd1991231f6020a1525d5e5327bfcb,2345,2025-11-04,True,True,True,True,True,0
3c1a0cd401bc216c585d29e88e7456849046d433746a3a76213341fd2a49d068,1314,2025-11-04,True,True,True,True,True,0
4cffbf0d822aad68ebba1bbd4d81be1660870fc83cba5b7ac225dea22fcad12c,4939,2025-11-04,True,True,True,True,True,0
ce61345cc9709ed114019fffd1a749e7ecc50fc82f594de72388d73ffe35c8c2,5288,2025-11-05,True,True,True,True,True,0
177f370f3428286d8c91086869549aa2650f8aa22ce7a37512addb7866363096,1590,2025-11-05,True,True,True,True,True,0
031502bf568a062b7663f99c6f36570fa3fc52208ce0f0bb8d1b31b0960ecd53,6803,2025-11-05,True,True,True,True,True,0
9fcdca6c13df81a4c16848b81d40fea91a1a39f8933a02857cd3b71c8ced8d5b,5274,2025-11-06,True,True,True,True,True,0
c20919b4cd4153fa08acd46ab51bc084c57713c8fd59d828438124897fe0cc1f,8299,2025-11-06,True,True,True,True,True,0
7929cfe88cf57a41ae564b9931c4ad75440a1310fc2da15dbd42c0abbfe00972,2474,2025-11-06,True,True,True,True,True,0
5ff2786b35eb4bd13f8f573947051e32cf673c8ae7de03798de60cc65f15175b,1714,2025-11-06,True,True,True,True,True,0
30180c921617a6694de7c43b2c18129ad213b0792d727871d931dfc521b28c5f,6279,2025-11-06,True,True,True,True,True,0
8ff7e2f98dad5d8f1f4632f5a64de6f2bb78928c0390c2466c262368ba378aab,6505,2025-11-06,True,True,True,True,True,0
9c227bab130e1b38edf684f8e63c928972e0d127111be357245db168f66158cd,8112,2025-11-06,True,True,True,True,True,0
2550265507514704f6c07dd4fc574609dd1f00459219bf4d3b343e629bfba34e,3556,2025-11-06,True,True,True,True,True,0
a2ee505d8c19eb90a615448fd0633c5d2ee9bd6c2150288fb8b256f10d84be5a,3617,2025-11-06,True,True,True,True,True,0
b387c9e2a6dbc473dc4a7840109997219f5ce8dab60d1033cea0150972e554fc,3443,2025-11-06,True,True,True,True,True,0
4b24088c27ed385f1d682e6b59dcf88f8e23a015ebeced5e7e59b17a760982d2,2851,2025-11-06,True,True,True,True,True,0
0765f1576a305f69de6f957a763816134a08338f2783c9071123cb8cd0e95745,3661,2025-11-06,True,True,True,True,True,0
91e7929bc3cf985a635fba5acb321f03172989778e13353513ef7a1dce006e57,1718,2025-11-06,True,True,True,True,True,0
151dbb4e8c5a6b618c4bc4c30b70540ba103b75ca6be596a2959205f8a05d59c,1477,2025-11-07,True,True,True,True,True,0
4b25fd6d6777684dbec43ad9783b7a3a1e0f146e3c31e00792846256e41d4bed,3360,2025-11-07,True,True,True,True,True,0
e9ecc77badd2e04bb4cd2207d50ff32b8609b1a7ffdb3c3161324e32fd918464,8131,2025-11-07,True,True,True,True,True,0
9543c5696bbee30d04e36a79e871fe8f39d2b5712af1dd40bf88144824c6c23f,2451,2025-11-07,True,True,True,True,True,0
70764e7eb61d0fc368d57012767f300e5facb1a7316ef72d4e4fd56b5f262be9,8110,2025-11-07,True,True,True,True,True,0
f63cf785c91321b1a1364f550eea32667f279e794cd5a97d0e5dacbfff545e2c,3622,2025-11-07,True,True,True,True,True,0
9c092f52681103dac84fba8f5f0d8260d0fc13b5f81f693dea6c72399c4a8af0,6693,2025-11-07,True,True,True,True,True,0
6eba857e833e3899776643f9731bc9c5f064d038128fc8583c442a2bf0915f77,6573,2025-11-07,True,True,True,True,True,0
0b1bf8fe6e36de2ec3940f8a4ebc6440928ac18334ee74e1354a441b2077ee17,5515,2025-11-10,True,True,True,True,True,0
7beccbf3d9eb27dddd96fba96caf773bb8d4d20fd0920a5eab10d52417c705cb,3013,2025-11-10,True,True,True,True,True,0
c1986ece6202a81f417ae5ba2dd11276ccaeabacc8f1e93d23afc26d3f729dcb,6505,2025-11-10,True,True,True,True,True,0
340ebf8d84a8ddff54b447c27b1e3b9c31a7bdea7dd5564cf11dec4aafbea5dc,3060,2025-11-10,True,True,True,True,True,0
4b42704e1c1e93b80a82e9a37719c2fc5356932bfae0fd12569dc35e166c7b89,5302,2025-11-10,True,True,True,True,True,0
870b24ea32c9dc64e1dbb1872b8bac093b7c428b385a69e56ac6329f90fec39b,8112,2025-11-10,True,True,True,True,True,0
d9cf68dde355fab25962a2326bc21c79a867112216873050a5359717587319f1,6584,2025-11-10,True,True,True,True,True,0
e823795e7d1d552fdf2abcb4c8cd42c3b3d60fed79d4ca3277702df80c803466,5351,2025-11-11,True,True,True,True,True,0
b4df66eec32cfdc560d8576bc1db967d206234f9bbe0164a996e58f1dc4c3291,1802,2025-11-11,True,True,True,True,True,0
681d450ad16a5e18534b254f0cd2f54f40f9ac7d30d7b6cbcde81aa647c9b5b0,2485,2025-11-11,True,True,True,True,True,0
cc1bea0ad0fbccbbda1796babce0ffb91e03d971065090fef4bd1d41ffc39409,8271,2025-11-11,True,True,True,True,True,0
bbfe3fe1730b72f10278a59e42b8c5ddd8237084db2019a5f11c98aae7a2947b,1586,2025-11-11,True,True,True,True,True,0
15e9956d7fc176e8c8a57f0ee2aaf419fef5902f6a3018992779f1528f50beb1,1303,2025-11-11,True,True,True,True,True,0
41a11b62e3196aa916b680fd0feda5c0b7778611fcbeecc8030eef3337b097c9,5340,2025-11-11,True,True,True,True,True,0
363d7804a6f0f18be5894df1fb954fa2cbc15df97d8342483181e58cab91b113,2337,2025-11-11,True,True,True,True,True,0
64bd674af014d7a1f8e3dd4e0765f0850227eb8e3edf2a09dd6640ea591c6a63,3441,2025-11-11,True,True,True,True,True,0
96f9e79e0ee8ffd9f7f800c10ba046595241512435a782f5edf2f4f66ad6821e,3622,2025-11-11,True,True,True,True,True,0
790c076d45e5754f95321484855de14fad5b167857c17aa35fbc1f0ac61f977f,6179,2025-11-11,True,True,True,True,True,0
e6662580d926d0b7620ee3fd08ee17244a4f410e77f12a4e62030d98edc66d6a,6805,2025-11-11,True,True,True,True,True,0
82d7fb4a6b37ae9a792e09b92c967cf2ae4695b61f6e6aafbe8a43a683a737a8,4556,2025-11-11,True,True,True,True,True,0
b52c765157b65eb08cd01188ca59651a5973b29e392e12d1a40f83ae47d16b9e,2851,2025-11-11,True,True,True,True,True,0
a5cbc52fe2584f6f69db8efeb086af2c9eb2a15dc1482d4af4b4feab0c9f8456,6693,2025-11-11,True,True,True,True,True,0
13d00905248f642e220036f0e9a277845a69e7fad9ffa7975e9605cf7425121f,6265,2025-11-11,True,True,True,True,True,0
8574e4b1225ea07d3ce583c7888e5421916c363dee3a50ce9f9009402e56dd30,3715,2025-11-11,True,True,True,True,True,0
dcafcaffd2c708f7e498cf5ca8cf2e8d7541e52a4daaf9923bed70e7c592fe21,3498,2025-11-11,True,True,True,True,True,0
460f6ea976cbea01837c2d731835929182fe1f2720c2016c9dd4fbfd640f9886,6669,2025-11-11,True,True,True,True,True,0
2240ed1ed7f08b179e7bc6206d3a997abe39e0eafaa526681d33950c38d4a19b,1708,2025-11-12,True,True,True,True,True,0
ba3034a927a3071fcbdeceaeb2ec2714e54bf21d5515f9f587231779db7db71f,2369,2025-11-12,True,True,True,True,True,0
742d7bdb0a7d7174cc67ce68edac0b3120a89300b3b29c356079cb9da8b84d27,3167,2025-11-12,True,True,True,True,True,0
cccf999e6c87b1ade2f82174165cc87f2aa1af548c9a231dbac6ba19567815d2,8021,2025-11-12,True,True,True,True,True,0
9bc66b7080f8342ea066f4600c5bf32b014cfefe90e89c90c1ff490490937cd0,1326,2025-11-12,True,True,True,True,True,0
327c4ea1373c92380580691eaada2f424e85b08178ed0c76e78127425d5d893f,1301,2025-11-12,True,True,True,True,True,0
51d0fece5c1227d5af7da890426855e1de20e595831a39bcf3e13e388a51c020,2486,2025-11-13,True,True,True,True,True,0
e0269d512a5835f85bf7cc9d7050e513c989e50906482296aae6057f550e48aa,6155,2025-11-13,True,True,True,True,True,0
b18ee90fcedd406c7fd5998975bcc3cad00589ed93d93a95d9f648f0b3c05cbb,1402,2025-11-13,True,True,True,True,True,0
abcc4223df28eb206f67110b896e0289ac335a3533025652993ce6e41c8364d6,3406,2025-11-13,True,True,True,True,True,0
5d10e0d7b2c1ff7eb1536f7324595b609c45fecaa74ae3d45f87aef67a56a818,8091,2025-11-13,True,True,True,True,True,0
79b66c87110cf889f63995d185776e7b9bab270a34e510ab6ef15fba9ec5e084,6756,2025-11-13,True,True,True,True,True,0
3d051ac5529938009b6ad159827ece5869424c54c4fb569061f2cb280bc50e49,2329,2025-11-13,True,True,True,True,True,0
c071da917b2d34991784ecc15de343c2d7c3831ccef25582794b1a3b8ab36490,8043,2025-11-13,True,True,True,True,True,0
9e54884962126e71569071ebd270c7c2487e922434b7122e223d1e756c929e63,3708,2025-11-13,True,True,True,True,True,0
84f75b8f04f217f56f6b957983f720ab5ce8810b35bc0f30cb9cd1326dc65827,3537,2025-11-13,True,True,True,True,True,0
7a51a1a91de04455a9bc8008d47f4c89f3d9aa0dc28fec1e8049c01532393622,3114,2025-11-13,True,True,True,True,True,0
bc719a4341bc6ae5dbb66cb01c6b63f90e49d63a316b6ec2a777cd38f6825ff6,6442,2025-11-13,True,True,True,True,True,0
5a694c2f30eaaa93f59f46788a6f30917ad8e201348ea4b7da66222a364c3f5f,3653,2025-11-13,True,True,True,True,True,0
b29d00658290c1e3130406d2ec923e61e63d51a37a58b7056c26f073fc2f85c5,8277,2025-11-13,True,True,True,True,True,0
334c4910b8752fea54608800ea334176f0008966861dc9fed9ea2883a18ca9e2,4556,2025-11-13,True,True,True,True,True,0
fa60e141f6907063b1669cca3806833488afd3c1f446effbce84f0554d6e24c0,1605,2025-11-13,True,True,True,True,True,0
48335e5980573bc521e0a8a326cab20e45e030047fcc6254e2a160a9b1d3236a,3615,2025-11-13,True,True,True,True,True,0
2b3d0bfb2136bfd19db58bcc2e08fbfc77497fe7afb8f5117b14d77750dcd37c,5515,2025-11-14,True,True,True,True,True,0
3e46ffae13c8667644ffba8738491c303cab17f3fea4d7e8f7bf02d30c12810c,6419,2025-11-14,True,True,True,True,True,0
7834cb9fa4b4cb5b34763f855fd6ca0cad9842cfb10c7ef4cf0c37f6c0a6d47e,1477,2025-11-14,True,True,True,True,True,0
65a56885966852ce08f2e54f1e84a2b7c75e43bc8ec0c6f14075b728e3ab41da,2474,2025-11-14,True,True,True,True,True,0
fbadf7f9903509baff87b54b913f316c0835ce37f10b932dd5b8fcfdf7161ed0,2434,2025-11-14,True,True,True,True,True,0
4a45ab3e259d64689394ca14147c3685244c62ecb644409f6db6f4840ec2840c,1451,2025-11-14,True,True,True,True,True,0
f4c40f8d33a12e685aa1989f72c6d8a7b8b75a58b23a464dbd03e91f1008eb88,6803,2025-11-14,True,True,True,True,True,0
810a75dd3ff887239cadcaec380dc64a6b17c9fb6b1827a73cbbb9ba21672c7f,4123,2025-11-14,True,True,True,True,True,0
2860999eecc98fe80ad232825f8596351e07e85c713ae2c352951c16f2d7d4d7,6226,2025-11-14,True,True,True,True,True,0
5980d96b8940b63190bf805ae777b6c9806b8703051ec9464c7ea6637f607ee9,1474,2025-11-14,True,True,True,True,True,0
b3fad3d53205d8c58e115dfe5febefd806f5797d2deba4012917c958a840a241,2851,2025-11-14,True,True,True,True,True,0
d7e3b4fccae53d9e7beae1ae1ddf2b57c939a24341f4bb2a1d27fbb0b33842e1,3624,2025-11-14,True,True,True,True,True,0
4aa3295e6d07125c8074c20192defa80471d79b2d9c0bc92593c30b9643c1823,6270,2025-11-14,True,True,True,True,True,0
44b69b35b33555b75dd572ac3b625dd2797f9e999aa5cd28b77fefef367a4cf7,1402,2025-11-17,True,True,True,True,True,0
a658748a2fc9d76f009cfb207099d88ec1626838c37ee94663d8ca892de27341,5519,2025-11-17,True,True,True,True,True,0
d1907e19cc18d40d00ba33ee32d96076bfe4b76057a8df32fae5b624764028b5,1909,2025-11-17,True,True,True,True,True,0
b70c371ef5d1c4c552d82664483aa26174899bfa1019f3efb8646d4a494e46ca,4971,2025-11-17,True,True,True,True,True,0
398700533b1f1a26d2bcc17c9395932862c3be24e94a15884c337ba062edee30,8048,2025-11-17,True,True,True,True,True,0
c375e3539c9cf952d04387e2561021251847c739e4874a398e52a94e214bb732,1727,2025-11-17,True,True,True,True,True,0
23e6a1c97894975ac7a7740080c2a1115cef03006fec08c616938ef83474708d,2486,2025-11-18,True,True,True,True,True,0
0331b60052059886e7850475bd729c03b7df257b1c8a0597ccc23b4bf93fc1ec,2413,2025-11-18,True,True,True,True,True,0
d5d294c8a4cc2a813950923e106786b3229056a0ff91952bd0036f57e58e50ed,1725,2025-11-19,True,True,True,True,True,0
6243740e5d331b4e48bb67dc5eb7e6a884926c48b7e5e39ec9ba2702f172a987,3624,2025-11-19,True,True,True,True,True,0
f4fec56c695d3083acb7e4b28d43651ae587a1042b74c7c2d57b115ee70cabda,4577,2025-11-20,True,True,True,True,True,0
be3077034826422ef3452fc1af1594a68e95bdd6fece22951334cb31e4013d97,6505,2025-11-20,True,True,True,True,True,0
faa4176b6b7198508fd4fef57dc85cc877456407113121dc52c8c434039055aa,5291,2025-11-20,True,True,True,True,True,0
893eee212f02adabd6cfefb34cf7b099d6c62a4be4a25fc8bdc359be8572afac,8048,2025-11-21,True,True,True,True,True,0
a793ed0fa13017f6c7b7a9dae163760bcebb60d0fac7bcefa073fe925fcdfe20,6291,2025-11-24,True,True,True,True,True,0
e74e86688c730d3aca246a24c2454c294011ed99d6c4dbe6c95b90a7be29d59a,7714,2025-11-24,True,True,True,True,True,0
16c5e8407b930331e232b801349a60d1fc7fe4418262be40ba8b075b35d431e2,3441,2025-11-24,True,True,True,True,True,0
80a15d2639d30250007fbe67c8acbaab7c4220bf189101a1a09e02417453cd2f,8042,2025-11-24,True,True,True,True,True,0
82704f56c1aabdb9b418d2eb2fcf385347593e4b9d6f72983f3fa7fd08bee000,3105,2025-11-25,True,True,True,True,True,0
922543dc6cc095d507d961258cf103d402c512cd306effbcfbb25a2d75910a4e,2467,2025-11-25,True,True,True,True,True,0
726426f4c2382afe8402ceadf9ff0fb86a2aea509bd0d161483ab1ebd15b493a,2491,2025-11-25,True,True,True,True,True,0
aad2346daa36ba9abd28a842769d6f2232cdc49014962bde2b16b3fa21727be3,2606,2025-11-25,True,True,True,True,True,0
9ce9f6430229c40737e54492d7e58d82ad8849c4484ebabc795766a22b7926a1,5519,2025-11-25,True,True,True,True,True,0
6e55ce14de0077233da11e04c8eb19da9589ee4f1ceeb656395d45265b971af5,2368,2025-11-25,True,True,True,True,True,0
95efafa6a700943fc45c65917a42b4c7f6c9115811669e690f89cb861d799e6b,4903,2025-11-25,True,True,True,True,True,0
654fdb45ecc8fbe3d2a8a0078ed5ca15f8fd373b821b01566ced3cdd45b63c02,1727,2025-11-25,True,True,True,True,True,0
e54789f7338a9167b723b3c547ac79f520a27f2fb56a09b1efec964296819d5c,4939,2025-11-25,True,True,True,True,True,0
b8a1fcdd31f18bc8f3434a471e519f7912dd5ca91a4065a2554da8e88fbfa3fd,6691,2025-11-26,True,True,True,True,True,0
70f9ef84b7074624f038307270c12b5a93e3ba5e9e55834a0b4ff8d0438c4f72,6274,2025-11-26,True,True,True,True,True,0
35c11099fb3d65c57afc812dae4a4b6dee1e64bfda409b115bfea633064130e7,1736,2025-11-26,True,True,True,True,True,0
f7e9d02cfd2f8bd355068112ca2e5488ee93bf707b74f64f28e20740426a9eef,2617,2025-11-26,True,True,True,True,True,0
82baefc28de43673ed2ae26f1df90c449d22b2e3a4fb7b6e4cfef325da5b8aab,3484,2025-11-26,True,True,True,True,True,0
a948140d29fd68b3667c619c862167fead119e2c01cddd34ff89d09515f8431b,8383,2025-11-26,True,True,True,True,True,0
e8fcede0e278f078407e38c47f36e8adc74877d4a3aa94b419e1fd6143c706e2,2034,2025-11-26,True,True,True,True,True,0
1e932c4f1639e5cf3f1af458b60500e67696911772409ecdfb12ac26e1c5e7c1,3081,2025-11-26,True,True,True,True,True,0
9d57a61eea20005b99468fc1ce38745010791cabf13cb649917e2328d15ec013,8033,2025-11-26,True,True,True,True,True,0
90bf38015f0edf1efdaea9a897e757f1578c779eca61980e0e8953a19206eef1,1342,2025-11-26,True,True,True,True,True,0
7a21c4ec4e5b90170a41eb4bf3b4d1cdede276b99dc4d04801a76659a0071e9d,8109,2025-11-26,True,True,True,True,True,0
0ec2ad92a2b5ec3ee0696697204b7b3bc9fe4f6816c4204a3d2242ef6e721193,2605,2025-11-26,True,True,True,True,True,0
707e460f4f554aa7682acd0480a5bfc48339e90fee543b115ee7e35645629a52,3163,2025-11-26,True,True,True,True,True,0
f224b0138eda6dfca7d04577b2404afacdc6f04d78086eb733b1afaa2c3ff38c,1537,2025-11-26,True,True,True,True,True,0
3f77c2ea77756f900ec49c5804ff191115e91786f447b63ee50a3a3064276aea,2454,2025-11-27,True,True,True,True,True,0
97d13fff3f4c2f9b778d55ec59184191806dcac5ee786484342a6a1b68c0f9f6,3055,2025-11-27,True,True,True,True,True,0
e1a020079ab37dd8538e20bf33eb2edcbf66bcf09b23f5bf1f4ffb58f2643596,3234,2025-11-27,True,True,True,True,True,0
65ff37507128aeba93890443be4d609e3b8ada4a9abed7bc714cf3a9ccfb126e,4979,2025-11-27,True,True,True,True,True,0
436130dff0bc941cf73147e2586aae5b44ec457748e5e90a0d6375ef3c8a52f1,2406,2025-11-27,True,True,True,True,True,0
f8b4cd524b6f1d14a0767963e69b365784d993ef33acf766e2d561ed01468f94,2316,2025-11-27,True,True,True,True,True,0
489b7738ebcad001eb1da0c8560c5c77dfe95a4715e8d90dda9a15a5e2d3cc54,6223,2025-11-27,True,True,True,True,True,0
7fcfb1126f63411685592c9c7b3952c3931ad09138ff6f725be847bd0fb8b4a5,8039,2025-11-27,True,True,True,True,True,0
1db0e71104f4c6cb1b25807887f19088a8b7e96221deab1b98151448aacf7cf5,6166,2025-11-27,True,True,True,True,True,0
dd572799e2db59a570d4b883e419a87d34b6142072f8cd9cff7981719a10c54c,4971,2025-11-27,True,True,True,True,True,0
3032330fffbbe68bd2cce8f523d9841739ea3eb50faffaa113248b2c3c5e1869,3702,2025-11-27,True,True,True,True,True,0
8ad7d0dd72de71027599cb658f380dd075992003757799b985a68273c6ce42e6,6515,2025-11-27,True,True,True,True,True,0
4703ebd5c16724ce62f0d5bc14dcfb69969d7e3df20202a60d77586f1bc8d8ac,2467,2025-11-28,True,True,True,True,True,0
5500aba49480794742551c4a069e57748dd3894b76cbb479ce9a0d13b87d22d8,6691,2025-11-28,True,True,True,True,True,0
181e74f2abc440c3f79d323e0b941a8350c1324b6fee9d8aecee9c2a55aa526a,2108,2025-11-28,True,True,True,True,True,0
7ce813ccd903e27fbeb5c93bd524c6c09c5e2f018ca79689f4c3301c4d12221f,6153,2025-11-28,True,True,True,True,True,0
4fec19c9ff1a67f4c38cce399f9c5cfd6727d8b6c90990de5cc9669cc0ff277e,8054,2025-11-28,True,True,True,True,True,0
fc1a6b3e08eae803d08882ac41c4d139c97b4f90f18632cfd5c00279883d20fd,4931,2025-11-28,True,True,True,True,True,0
12472de51f59e77831242207d7058623ff77da5e463c0c23210d323a72d8fd8f,6588,2025-11-28,True,True,True,True,True,0
84df48949eea958f0e31c60aabe1e86ad0c23eef77e4e4dfacd3625797af2307,1909,2025-11-28,True,True,True,True,True,0
b36e5371c607d992ae2c07ec089a91e08bf716d964fc61d8777b2fc31d8c88a1,2460,2025-11-28,True,True,True,True,True,0
5d7d74a093397907d31c6408759cee588330234e78365ad1bdfa9ed6aa60ae01,4716,2025-11-28,True,True,True,True,True,0
f820d6550794a3d2dd36a3e4d900004afedca53cd0f25e0f286799db9fdfcf84,1101,2025-11-28,True,True,True,True,True,0
6014f32fc7ced6faf9423f072efec2c8a041e872a92df32782a6715c9a93150f,6451,2025-11-28,True,True,True,True,True,0
524e34eb15e5b3649f44a3274208f28b9fb2e45ae72d7d1cc59adeb00a936af4,5291,2025-11-28,True,True,True,True,True,0
729d8fbd4502e47d8fd49f7296710686ebb8bf26a2fab75647db63f32ba818ae,8027,2025-11-28,True,True,True,True,True,0
c49ea2f216e5f9f878d7bd8b5117767c5ca5af9eca9a4d846be5d1fa1832715e,8064,2025-11-28,True,True,True,True,True,0
a4e325e481c787e60230d77367016fe93fa6dffa058d1e3f0ffb5ba3ac235973,5439,2025-12-01,True,True,True,True,True,0
6c4edd47d6d8523bb336bd21c09bd77cf3039ab2ba1e4237dc60bdaf56fa0772,1402,2025-12-01,True,True,True,True,True,0
13692f0e26942e1527a0d8abb60915e0ac7864bf9405b5f47de76a10d1f5c22d,6781,2025-12-01,True,True,True,True,True,0
c1ddf96a92427cd2dacb4128d6c2298ef437ee1c000f13a9ed9d0691268b7262,9904,2025-12-01,True,True,True,True,True,0
f66e1857817927d5465f598182fcaf5e7a0d387a51883103b051d9f5c96ca0bd,2379,2025-12-01,True,True,True,True,True,0
4e1673d935ccd6aa3bd980fffffae178cbccbe10d3c21e8e319554e7e25a47f3,3441,2025-12-01,True,True,True,True,True,0
cc87e4cd93c09b0245ed618d4f0004e98f98d44dfcd0874b156b63e8cbad0b93,6683,2025-12-01,True,True,True,True,True,0
eb83e37f1f52be3ed781d5c4e6979794092a3b9ebb55a84a8be5ddfda62f9586,2605,2025-12-01,True,True,True,True,True,0
382e422f9458265f9919d30f7a940adc74fac9db6bf98dea931baa504a05bd62,4123,2025-12-01,True,True,True,True,True,0
5dffa9c433bf8b2beeca9086b8494c681ae0db2a8e130b5c0f59b478d4053b5e,6426,2025-12-01,True,True,True,True,True,0
8f1a40b4315f9f9b69282129cab0512c7fe73d636b87201840365841dbb6eb45,6715,2025-12-01,True,True,True,True,True,0
a0ad7537f0c7b5976e7108fb476c2c4a2c92b80a13442d2769d33edcae0f1d47,2491,2025-12-02,True,True,True,True,True,0
84e81dc3b97314ba090a401749cf6d7a705f7f6103aa8c1a99ce64e4ca189e36,2527,2025-12-02,True,True,True,True,True,0
15bb50ee9dbc8608ecc2aeccfc56ad2beeca58ad2e1cd77b921db5675339d6d3,2025,2025-12-02,True,True,True,True,True,0
25361c2b232c71d7e0829f89bc9aa887f725a2882e0c128637933e7c319da408,1342,2025-12-02,True,True,True,True,True,0
0bb9a0708e935d1b1d59a0639d98a03ffdfe1fca307dc6fc2e907ae7d97ed274,1304,2025-12-02,True,True,True,True,True,0
1febedfb09259d0d16166403ceb95aabb3349a7d0c70f7c8f4561549643786b1,2851,2025-12-02,True,True,True,True,True,0
041c1a6232e1287767afe45a94c2ea818b1ee6c4ef8ba0519f6d35d585b48c48,3191,2025-12-02,True,True,True,True,True,0
2fb93bee5168be45df261efaeefccaa7fbba4f9368e6003448c80769f43f2d3f,6155,2025-12-03,True,True,True,True,True,0
4d0b3d7ad1e8a788760535ada80833a563b143dee8b46c6ec80ee8ce23b21183,3055,2025-12-03,True,True,True,True,True,0
0acb024333973019e674d8d0edb113de21a40e9ca29a72234f693d4936cc7022,3234,2025-12-03,True,True,True,True,True,0
86fc92e75ca6ba4618c70d681988c19df30b833f4524007be64c5183ebec1e87,5288,2025-12-03,True,True,True,True,True,0
4b2d65031a728a39197d4517022ca954ca0f6847501a177cd69d6d91659feab0,6830,2025-12-03,True,True,True,True,True,0
8399518db16e358c2e8eebfcbfd835801e3dcb6d0cf8f20d4bc27274afcc77df,6651,2025-12-03,True,True,True,True,True,0
ececca9736d0419c22820b60097f66ae2b7d4cd8661cec581c8734073dac11c9,6199,2025-12-03,True,True,True,True,True,0
dc5473123f4d5e5fe066c76b06f5c1da1ea6175af4e4371c88813518292ef837,8111,2025-12-03,True,True,True,True,True,0
72a5f9cc779da549dd7cc03bd5a1c1983723ad9ed3858a7db971d69d4e5e3bfa,6259,2025-12-03,True,True,True,True,True,0
b53647b9f04acc7ac1fe274a08bc4a54b01d414350a9b583e79c19eb8372e8f9,5475,2025-12-03,True,True,True,True,True,0
e4c417b5cb26e3fadfdecdae78998214a6d5e13808d19aa065a0df66125a8804,6166,2025-12-03,True,True,True,True,True,0
7ebb13d0626699cb0cb252b810476e6e7dc03cecf89a5942b06938bb2b5443a5,9904,2025-12-03,True,True,True,True,True,0
0bf8f9db18af6e34c57278cf062646a8b5bea148a244532b985adc0252d445d5,2002,2025-12-03,True,True,True,True,True,0
6b1419115ca836c2ffcf89256bda1bdbdd38faacfe27507837606e143f68bf24,3481,2025-12-03,True,True,True,True,True,0
25aeb09195ad34397e7a641d118e1fd17d1fd45b980e9c2a3e0982019f4524fa,2101,2025-12-03,True,True,True,True,True,0
9c0c082a5c5c77c4a62cc25832160ac8175d89a474a21cf8e096e4ae4cf9ec14,6584,2025-12-03,True,True,True,True,True,0
89b6b96880a8a8a16b880c8b26a490cf92e2f6d15b226dbd2d53826474790570,8064,2025-12-03,True,True,True,True,True,0
b41c85a9db02a64f95b7eb7fcd053ad15468f99669b5c3afff2b33ee5b7cca94,6175,2025-12-03,True,True,True,True,True,0
9abbbfce692af786fe5bef7e1999ae614f08421c078454bb8b5b3582712a1533,2359,2025-12-04,True,True,True,True,True,0
2ab810866617196b23045f1294a7ac1a6d87999bcf2a12369a9a6fed3df45a11,2601,2025-12-04,True,True,True,True,True,0
5b4e9e7b6c7644ac5ab9808d23be649490dda1065754789d54a47cd0aee294a7,1708,2025-12-04,True,True,True,True,True,0
5099f5a16caf01579579bb13660655985532f17836dd9bd7c44b1ea5e8d4bae6,3321,2025-12-04,True,True,True,True,True,0
f6452605557d7d565f2f9ee13c262c2067cde03c81362f529f0d98188d09fc79,2641,2025-12-04,True,True,True,True,True,0
4592775c2d0e3dcca4712c50549ffbfacb1344ccd91eac8918e7853c6ee439aa,2617,2025-12-04,True,True,True,True,True,0
1d4cf5ec00a05380810fe43eedacab9b87afebfecca468720be3b6126d968e96,4931,2025-12-04,True,True,True,True,True,0
89bb7cf40987aa4c2e2433cf58323355a2cd506649b840fcb47abba06a0f9da6,6244,2025-12-04,True,True,True,True,True,0
120a4d1928b950f7ef3204f1ec778b76c637c42b958cd82426ab95b47e00e7ea,6275,2025-12-04,True,True,True,True,True,0
fcfaab14677f080b7b52d0fde73b2c68a7e0ba316811e0c8046f3cbce13e2b80,2406,2025-12-04,True,True,True,True,True,0
1797d963ee4bce2cf3583b172953f4f9f49184ea49a388b943944d1f6c7367f7,2241,2025-12-04,True,True,True,True,True,0
53b74205d547566e0801abbd0a18e07a58d76688dcfff752627887f9fa5faf97,5608,2025-12-04,True,True,True,True,True,0
26137f146577f9f8126a08d4274046a60fa499425bc61c68578bde88c3ad0396,3285,2025-12-04,True,True,True,True,True,0
528cf772c5a4137eaacf69dde11bbf8f21c6dddc01c8f6c7952ea43b888982a7,2356,2025-12-04,True,True,True,True,True,0
b7398174e37ea41bb7248e33b53cac5c4b343186bcb76843885e87404d0b1f3f,2611,2025-12-04,True,True,True,True,True,0
9727b1886e3333d6a2552cbdfcbbaa5209bf4edcbf408a75ac04a8dbea789b3e,3587,2025-12-04,True,True,True,True,True,0
b51ba028af50a04157e502c010e0a00c63009495d6c929b9c839a67acd24a13b,3231,2025-12-05,True,True,True,True,True,0
e7ef28ad50145a699e3eb2a8e1a3e4e0cb248e1d3856e0855b5c638b1a35c245,4562,2025-12-05,True,True,True,True,True,0
bdcf7a0ed6abbf6f0c2f76e10aa4d78ed81b64adc82378e00ce58244dc9fdffb,2493,2025-12-05,True,True,True,True,True,0
8b7a1797346a0abb4603f64a497eac2df55540fc94168231eafa83218e424e23,4764,2025-12-05,True,True,True,True,True,0
46f12f647d95a41c26b5bd12897c8fddc698a8820a9b917c2aeedf66edb12a7c,3653,2025-12-05,True,True,True,True,True,0
147ce370f2cd0b356bd97b6d1cfded7f29c9fe7aa55e5f4382c4bc721e9d85ac,8374,2025-12-05,True,True,True,True,True,0
a8e468ec831d6e0ba40b267456a0589af3957d3b4c72241fc99f43f6f238c15a,2303,2025-12-05,True,True,True,True,True,0
024941d5c7f48ca97582289d63e252f33af917ad77158dc30412d934a654bb4e,4533,2025-12-05,True,True,True,True,True,0
6e0fcc89e4d5eb0de70791e8e85672e883358e1e951c242e038695a3cca80858,2467,2025-12-08,True,True,True,True,True,0
c3f0e6379a7b7c6861b6de8a6df382010b57662dbc4d338e10d969d8f3657d7b,6691,2025-12-08,True,True,True,True,True,0
f028270ebcf11c489fbbc6c6281b07d5058117489bbbec2557ad0cabb8a03960,6532,2025-12-08,True,True,True,True,True,0
b15c00d6525f12cfcb124ac22507bafe45f6636f0c27e6358cd219e2a9acd103,3055,2025-12-08,True,True,True,True,True,0
cc57eac0dd34e38798792c9cc0208164589de129bf0a57ac1ff34ff87a8fe156,6275,2025-12-08,True,True,True,True,True,0
12d344b7268aa7407b0e8e931ebd8852ca516b640f492784c227cb11360fba30,3450,2025-12-08,True,True,True,True,True,0
6f06badb3bc907cd7b7f278d4aaf39c177333b1f1a948af1b0639c70440d9e37,3711,2025-12-08,True,True,True,True,True,0
2ec1a7e3ff0dcbac2f009c3de1655e7aed1a3948deea776fafc05df819e7a28d,2388,2025-12-08,True,True,True,True,True,0
88b6e180536b609b0dac8f9f60f687a5be874a92fc12b96b383a147a999e4c31,6435,2025-12-08,True,True,True,True,True,0
0ffd68928439ab64db2a9119b10120d94ec625ae0fefa7797350969e5f9d3e6c,2104,2025-12-08,True,True,True,True,True,0
2d3f567bf5832173f5e9c6c0b5c4b45b32cf6a7b84e961ef0c9589fc41e803ce,2466,2025-12-08,True,True,True,True,True,0
8808b1c20f48387d9e6bb9374f3e1054f84a8f9442104c868fe2984bc774d887,5468,2025-12-08,True,True,True,True,True,0
3b880def5c4a7b6ebb15731144eff6925d9ec43393bddeecfa2ecf82bc75208b,3587,2025-12-08,True,True,True,True,True,0
63170b68606b34e9fa083ac4e407692d98df6b2c77e99730a038fa1d25db75bb,3036,2025-12-08,True,True,True,True,True,0
b4c42dbf5ee41096da55e2c2496b1a1f8d825dcf3890961b830c937527d9b16b,2536,2025-12-09,True,True,True,True,True,0
ad0b5d473b0dbd0438ef176f21033e7285257041ec297a3b720816ddc2cc439b,3105,2025-12-09,True,True,True,True,True,0
c9b70ba7f5f2a726048bdfdc886603b5be159358602255f072b8395070685958,6218,2025-12-09,True,True,True,True,True,0
373398f7142b2bce481aa784d4094b593f5a42c69934bfeecd7ea17bba8ea78c,7610,2025-12-09,True,True,True,True,True,0
3b4ae29774bfe62f8a929390eff23bcef44442be7343447c4e24a5027b5b4405,2413,2025-12-09,True,True,True,True,True,0
35eddd7c30a1fe22b930a304431b57ce7242f067edb856800476832205aab284,6213,2025-12-09,True,True,True,True,True,0
6ccaf1b9d019a03d59f3804a8181d0705a78c5130a9f98bef0be64c1d102b433,6443,2025-12-09,True,True,True,True,True,0
d5c23aaa86d725fc826eacd405039ba80b2c428d9d88cd13e9b2f22696c959f5,2485,2025-12-09,True,True,True,True,True,0
2a2dc1893ff84804779d59c94b79eec9ce2bc434575ecedc3a00e1b336ce3070,4542,2025-12-09,True,True,True,True,True,0
49090bfe0d420842752cb239c5d64c96c70ced9033bb2ad39356cb3a0537b7b4,3360,2025-12-09,True,True,True,True,True,0
83591cd574a701265914ac052b14f1e345e89a2c800440e13b103effda9b4430,2344,2025-12-09,True,True,True,True,True,0
cf23b16f2b42c4295ca8f97a1b7a6415c35aa7335cfd488149479affce3e0f13,6223,2025-12-09,True,True,True,True,True,0
1eaf8907558bd956f06cfb75abcadeb57f34bb0e7f66314e7a6bd477060fd4a1,2103,2025-12-09,True,True,True,True,True,0
f0cd05e012654f77df44bc574370fea8ab2a2bdd6b6fb14454dfafa7d9f4bb31,3081,2025-12-09,True,True,True,True,True,0
fdb0f154f4b1351857306592ef09c1b0307cc7b7cb494fd5384e407b50cde74a,3167,2025-12-09,True,True,True,True,True,0
26b60710aa6ae0178b08b9bfabe8a815056842de1a67dde81cf1ea03095b4895,2460,2025-12-09,True,True,True,True,True,0
8f1ce3aca37d1798d424f5771d626e1e25bbbd5ffa0855b60f98d7d0b73a2add,2367,2025-12-09,True,True,True,True,True,0
ce2fb0d25d45804ecdd90cc745d5ca4458fbe347654fb2de1be2a11b4cc96dd3,3285,2025-12-09,True,True,True,True,True,0
cd50a44a3d038a78960a64a66885ecd55974c8e6b35c6f971d72056679166824,4739,2025-12-09,True,True,True,True,True,0
3b7d084ae964ff2de0f550b73db65448439cf2886af053b5397654186b34ef33,4960,2025-12-09,True,True,True,True,True,0
81d6722df0fe6e10b9369b73b55a77dba698d083e8279b97473a1b2219f39a9e,3163,2025-12-09,True,True,True,True,True,0
e972eb64f27f07223d092482de8f8e7eac8f08bc57e13c28d69f31661363d174,6510,2025-12-09,True,True,True,True,True,0
59a307b3f4ab384dbf3bd81575fc9858170f6201322962f1b05065a4345a5456,3090,2025-12-10,True,True,True,True,True,0
79abddeba1950f6f86fea2a48aee6b13049f0fb06d10b4e13422d04f18408bd4,3055,2025-12-10,True,True,True,True,True,0
2e11702cb10680b575bf5bdd0ab1c862581b1f7a3555c8e80a283c84a1f6d3d0,4908,2025-12-10,True,True,True,True,True,0
efd4b230b95b350cec3b19d8ec8f93f6f4fb6278586ad37c2c956795399c9815,2330,2025-12-10,True,True,True,True,True,0
b9f4570706e66e433583173322c676ff958403c239a97950610f11921dffc90d,3296,2025-12-10,True,True,True,True,True,0
d9bbc74521889de9ce213e008ad4ba2f4410a8829043a6053455f6e651abfdb2,6903,2025-12-10,True,True,True,True,True,0
b92817f6cdb5c060ade7a7b027e29dd2bc661a30ed78901f50b6edf18a89467f,2388,2025-12-10,True,True,True,True,True,0
f1bd92dc5ca7894b246b15343e3459af0ad976859d12b6160168d6a3c9e8f093,2243,2025-12-10,True,True,True,True,True,0
79752578bb2a1c4dd033433c0ca17f49b31913727e9fc23aa8deada34f99b374,8358,2025-12-10,True,True,True,True,True,0
f9add368aeea665216aa618e14f13d6df3e71ae354bf6fc9ba6630e193ec7ad0,2327,2025-12-10,True,True,True,True,True,0
b7c808bf4785f33d7d8db322b6dd31da887e9fcb5427fc619c35f29f56c905c0,1785,2025-12-10,True,True,True,True,True,0
c6b50dc487cc27af0c03792d3c3d4ffb8006e8f1ec7085fb251913aa03491679,1515,2025-12-10,True,True,True,True,True,0
3ef54cc9d5a98c82da5210f6f13d36bb55508b54d0ff06af09cedfa74ac21c5b,2426,2025-12-10,True,True,True,True,True,0
3fb6dfdaf89be1f0e21c0902b3a1cf8660140901b006277232c55112ba692c15,3264,2025-12-10,True,True,True,True,True,0
debbb789001e9bde7d09124358a8e43a1bc21ad3fd581cfc5c860334eb77c49d,2345,2025-12-10,True,True,True,True,True,0
6ef3442e3d6756da7bf753d0c46616f0e685d649579a9ed680bd4cfbb11a867a,8021,2025-12-10,True,True,True,True,True,0
0865a8791504db7a3eed4084d599dc42c0d99e539517395b5c13639b50b85435,2383,2025-12-10,True,True,True,True,True,0
6ed6d7ae1439a3f0261a53743a528f37525e0aca29bbaea8903e6b73cdf3b259,5309,2025-12-10,True,True,True,True,True,0
0852058f989386dfeba14630ed225dad97a5c65870410ff508f2f5a69aa03601,6451,2025-12-10,True,True,True,True,True,0
8a3488efda62dad0d832cd95228daedc44921a74ce7c28e61690540055b6f1af,2441,2025-12-10,True,True,True,True,True,0
e4fa461c45590f37777265e506c16d4ed2c091f0face81df5379a1177cbd4db6,6870,2025-12-10,True,True,True,True,True,0
1c1a6b8aab292ae065641db37056a0a27b61a26c45ecaca9abc87d6153eb32d3,3265,2025-12-10,True,True,True,True,True,0
c0411acdb6c29b157429c9c4ba547670fc36c3773e3d6734ffa9873c3b9be514,6715,2025-12-10,True,True,True,True,True,0
c67ba6127c5f6ac301b3cdd15c5640fa418a6e055cf0547ba1165686ef07e6e0,4566,2025-12-11,True,True,True,True,True,0
c2eeab63aa7edaadf7a51ea5ab8732f292d036858d62bf56bd83d2711d02f04b,2349,2025-12-11,True,True,True,True,True,0
03ace6cc9170f93988fe004ff37840256443dabd19fae63c8dfa05c714a113c6,6419,2025-12-11,True,True,True,True,True,0
67a650c180136d9df48a541196df6738a17c8e4617320e19e25a2a9027cb3c7f,4931,2025-12-11,True,True,True,True,True,0
05e1a42f116b2c0f280ee5c019301045f491036dbfcf68708f5146391cc96223,6651,2025-12-11,True,True,True,True,True,0
b4340d5983dd73f77c3730e576be94097e7c41eb9f23fc63816d06f7dcc329d7,6603,2025-12-11,True,True,True,True,True,0
7e91a6b9ec02903db6f9fa382e27b6042d265b529495a4128a355c7e194cadea,6667,2025-12-11,True,True,True,True,True,0
a423bb5a448fabfc314511c9d505ed4b22d36d0a4a2df6096da0aec318a3470e,6257,2025-12-11,True,True,True,True,True,0
6f8111ab0b604da665a77f0b907fec5b11ba01f4ca4799fb33093ad318e61f19,6426,2025-12-11,True,True,True,True,True,0
c75d1b9d66123b7915e743cf9adbc0202a1735e91d820d4c5cbfde013e0cea95,2331,2025-12-11,True,True,True,True,True,0
638ca226ec986fd91b92834fd5dc7ecceb18236ad4f64e47b8669948e3276c87,3691,2025-12-12,True,True,True,True,True,0
d55d237a9a9dfcecb0b531256505aa35d4734b2d53701395176d6c35cd434ff3,6243,2025-12-12,True,True,True,True,True,0
64666c7765a0c3d6bd6179ba578ea06e50935d1b5e0ff21fd9214170933ecd8d,1519,2025-12-12,True,True,True,True,True,0
33390d0f2820ad66b0e5f6e3f3a3cad927af44145aa9e8ac447db35e5b415357,5515,2025-12-12,True,True,True,True,True,0
e01fd18c673ce6028378aeb83a996d4190d3a5931e1ea8da616c9014586b1f23,3152,2025-12-12,True,True,True,True,True,0
543fad3d89f0a25c3000369320c4c85724858248bf48dafdda105a2aca955aa1,6244,2025-12-12,True,True,True,True,True,0
c098e8e924047fa4da95cc19f2b57fff0b6a925bab4e58ca195434ee1f271ac5,6613,2025-12-12,True,True,True,True,True,0
019ecdfd06a59f709d9ac50f7597267782413f2c5e460ed07e1d3159e5280cf9,3576,2025-12-12,True,True,True,True,True,0
b34eed36800b7a167d0110d40c221589b31533a1177ad0f65566e4585ed9ce44,4934,2025-12-12,True,True,True,True,True,0
10524d839d241a1edc7d97380ea4f72de789e4102252ffe09bd38a484084d850,6196,2025-12-12,True,True,True,True,True,0
62a062bdfeafca0b76159c5f644269424cb93930223bf68cc7e5eb6804fc0f8d,3060,2025-12-12,True,True,True,True,True,0
4152730c78dc9fe15ff20085c80cd7125954f4c3ea887a6919b95c73eacc720e,6209,2025-12-12,True,True,True,True,True,0
826f8fe83dddd59eb08e3dd151891cec340bc7e0be1d1fc43fd77bc3f1819fdf,4906,2025-12-12,True,True,True,True,True,0
d83745e3d9f4558389b18df5a6c27ecd5720ad5541dbac70c02df50dd51e9336,3322,2025-12-12,True,True,True,True,True,0
ea1fa58544cca006989e783a5956e180e1cc4a09e6f5117e7682f2f9c82e3298,4977,2025-12-12,True,True,True,True,True,0
375d6d7c8a30177caf6304f43d624875bf37247ae85fcdb719c82d15763a7f86,4916,2025-12-12,True,True,True,True,True,0
44dafb6a8319e4b0a47838708540f22eda434b56b11d61e567e8280f193d3f9a,5534,2025-12-12,True,True,True,True,True,0
837bcf2e6367d5568bc4173b2ea4d372961992863ea1564f772e6e5849265dd8,6443,2025-12-15,True,True,True,True,True,0
514e0e17b6978674660ea340af6ad6032c2181502aced7bef98bedf4fecf041b,4542,2025-12-15,True,True,True,True,True,0
77851a5f9a8bd42264d40125a54d697aab06c44fea3e6c2e39e3f15cc6046166,3296,2025-12-15,True,True,True,True,True,0
0689a029b83afbc5011c11195c95f3e7b00300c6d5e5378b256f12f096f810a6,4991,2025-12-15,True,True,True,True,True,0
fb2e0da1483fdf58568263fb6b1815c352aed8087d4d889280d939d1ee786489,2007,2025-12-15,True,True,True,True,True,0
c2fd7ca7e21d55e87e2755e5ccf73099ad9ecd3ba53f3eba58984873484abe07,5498,2025-12-15,True,True,True,True,True,0
2eb2f8e6bd5ff0fc7b6ab8b6e48fb27b700316018bb51ca876359558675c2289,6442,2025-12-15,True,True,True,True,True,0
cc3e10179599edc8f0ec044e9d3c3b14923990b62655e3236589987b9aceb8e9,6116,2025-12-15,True,True,True,True,True,0
846ac0bd7e561ddfc82b1ffa0799c6e163b25b54a3ba298a31c2b0060ce23d1d,6226,2025-12-15,True,True,True,True,True,0
fb40ded0377dff59ec3a6f9fdacf1be46c0f1aae0240415989a2f8238d429352,2465,2025-12-15,True,True,True,True,True,0
7bfeee4db08440a7bca2b02ecd7839ade02662bdb1e768af21b8a848ef5afc6d,6205,2025-12-15,True,True,True,True,True,0
953e201645693ec33918622fb414c2d455981367b798a230be60bc11c934fb56,6426,2025-12-15,True,True,True,True,True,0
ba32088f975c69e56caf70340a02ce8fd000040610a7936bdda1836aff41bb05,2313,2025-12-15,True,True,True,True,True,0
f6b107858dc96b8dd71eb09ad8e08a690dfe4a12a6ddf85ad4ed0003f969b596,8104,2025-12-15,True,True,True,True,True,0
c526bf4869998c525a3306f17055a3883d2e7401225091864d06db577f0b864c,6218,2025-12-16,True,True,True,True,True,0
61cdf5bdf6c61da380ce98c2d7dde60ec3dd732c0d0d1e917e245d734d8c9ad3,6243,2025-12-16,True,True,True,True,True,0
da6128143947d7ea7141da2bac6f441cc5331e529d3d5fca2bce18f1b59ccd76,2305,2025-12-16,True,True,True,True,True,0
459c2df51dc3ccf2bd33c4d385275b51c6b2262927498eb00c3fb513eb71e300,6830,2025-12-16,True,True,True,True,True,0
6cc3de9020c722a636f5bf2dd8f8dbf26289aeae50c9ae0ed81e7525c748743a,5488,2025-12-16,True,True,True,True,True,0
28d5768857407e12f7d20bc22619ab1a4728f6a3df2c4c0c644cf83c1b44530e,1611,2025-12-16,True,True,True,True,True,0
8ad30ca754c69aa5a23faf23268f152e98f9706399f06917c0b01866cc8641da,6127,2025-12-16,True,True,True,True,True,0
65d51905b56e647cb2032744ef756bc1892be1ff6188cf4844f860f2455594eb,3058,2025-12-16,True,True,True,True,True,0
f004ec3fe7cac7601450371031ead392ab6cd26150d63d0602b643321dae58e2,6182,2025-12-17,True,True,True,True,True,0
9cfa94458fdb987f8c417dd553eb609e6b7aa6adbb3f93743aa07927cad4f620,3016,2025-12-17,True,True,True,True,True,0
fb916e0cb1019b44115921e2a3345ed9d3d84f6c1db37ad73594a9c7507aff82,4967,2025-12-17,True,True,True,True,True,0
c767847565afe0e0a225361c8a7d9605e4d47bc7cc29b034ed73fb0df45384fc,2303,2025-12-17,True,True,True,True,True,0
56273d6acae2de506629f4782697e42cf7087651699110259c904cd27806522c,6870,2025-12-17,True,True,True,True,True,0
af62031e8c401082c8157a4c0a9ac76df47475967ef47b6aefcf68dd942ff3a9,3550,2025-12-17,True,True,True,True,True,0
c38c0abf46b5a6d87481cc5975cbc3a61a9d84883d0f77d63f305fd82c2b42fc,2408,2025-12-18,True,True,True,True,True,0
6342260a104b3d636c5d77e8559c95fe50d87b624676f2f8c58ec788c50a218f,2548,2025-12-18,True,True,True,True,True,0
04c4b3bd6203b7d4a56ac19298ba2de915ac8fd7e55ea27add10480ef8021457,6265,2025-12-18,True,True,True,True,True,0
e7670a20e7b1032fe85ade34e09ae2057bbd2bd54e4cfa124c9a07e6a83e39fe,2603,2025-12-19,True,True,True,True,True,0
c1fe28ec21adf1c0724f375368dc6f92831afaf5bd5f7b0463dcd37537e4b8cb,6651,2025-12-19,True,True,True,True,True,0
c5cf15f25a23cb99033697ec48d318cba512c0bd71f08696cfb26540518f807b,2542,2025-12-19,True,True,True,True,True,0
d88aeefa245ed983db5b8abc0fed59aea1206fe10419ec11cf24c72c9c1f3dc4,6241,2025-12-19,True,True,True,True,True,0
105889e440884ce0d6bcb2e678527c645e51f70acab2b22e0e9254b4b10e8d4c,3257,2025-12-19,True,True,True,True,True,0
5029afdac5b8997d712cba3c11879813720941304e274d3a71622bcab9d1929b,8131,2025-12-19,True,True,True,True,True,0
5b5208800a5f9cde92f213d04c75e7d00b18a74199dc7a52ab97ccb13891c6ce,4729,2025-12-19,True,True,True,True,True,0
23e77428eef654544045ac7c4be4294579cfef92361b23392be7fb0ade44ae4e,6870,2025-12-19,True,True,True,True,True,0
b09c347e27003faea929ac2ee9515ece756d9d149eade854bb1dcb25832f734f,2501,2025-12-19,True,True,True,True,True,0
0c0dbb8950222891140693c7100761ff945ccdc366169dd6aa8f388b41f07918,6770,2025-12-19,True,True,True,True,True,0
f18e143a1926bd99a4674840dd0a26280f677b64632c19246a64340334e282a7,5534,2025-12-19,True,True,True,True,True,0
f308eecd7b56e78de50f4a2dc1184d2e3e5b0091f170937d8b5e67f85e700488,6909,2025-12-22,True,True,True,True,True,0
d78e7384a7194b9c0dfe115cbff76ee385cdf60edc4dcc46262e28f6fc6d20a9,3105,2025-12-22,True,True,True,True,True,0
a98f14459578d3a55e53516c791b356f316f89834f9c0e40805f5e8413e7c52b,6214,2025-12-22,True,True,True,True,True,0
9849b59401c01af2c109f41c00dad7a596be4357ed3a4f76bc1d3172647e0197,3008,2025-12-22,True,True,True,True,True,0
81beebd98ccd5bf226a503eb5a9a3b64052a0d271859557bc436a6e2a5db35de,6274,2025-12-22,True,True,True,True,True,0
632b7a050ab1601891b4a82c95469a11e50661b1bbd2ba54065b97b42da8f1e2,1711,2025-12-22,True,True,True,True,True,0
af510f1ff851d0236aae1447e38db3c334efbc95f9523ed443add60a17afa790,5475,2025-12-22,True,True,True,True,True,0
7be97d2b7cc0ce2d08f552f27db64c27f6ddec1f0705a0de01fa368d9f501300,6672,2025-12-22,True,True,True,True,True,0
0d3dd40403542b1932f09e54465ac5a1e258d26cddfe00c3de11949470f7e7e9,6239,2025-12-22,True,True,True,True,True,0
77e9bf213919d4d06312dfb0dbc120c38cba8b03570bfb960ba3fa2a836d18d0,1563,2025-12-22,True,True,True,True,True,0
1c4eb249f5b20a2e7ecd2e725b4feb8ebe022c3ed91602117db20f73221f0b86,2368,2025-12-22,True,True,True,True,True,0
f97ec29a0996eedf0b28cbaf539c1dbdbc7fabfeac53e8fd63b316c26abf56b9,3324,2025-12-22,True,True,True,True,True,0
25cfdde2c1d1c969d8bcc9412b214767bb44b8293ba362833e657de58af78128,6271,2025-12-22,True,True,True,True,True,0
05edfa9e37cbb34e444f762be0868375ba8319d9b9c031cb8b0ab906f3a07058,2301,2025-12-22,True,True,True,True,True,0
4690a3f787d70055e55878f13b80d7f3452576d542c05e632e7851ae09604c87,2455,2025-12-22,True,True,True,True,True,0
5f8d4591e690148fa69586abf69b1e6d78dc7f32bfc8d197beb93b2ea2fd7fee,5347,2025-12-23,True,True,True,True,True,0
8c9e311043272da15a8b815ece0fe7133ceae837e608d1e27091537bda6f268e,4566,2025-12-23,True,True,True,True,True,0
f3647d92ef4261bc621506b47afb90ce4e5af0bced73413074963639e1dde8cb,7610,2025-12-23,True,True,True,True,True,0
0abcc40bab8e1f0ff07656879e866b5d930076227936b192d4abf66e4566963a,1568,2025-12-23,True,True,True,True,True,0
7544773e7c75b7eb3cc92b611d2395896909e0d28422a4f780110c84e8d956d4,3691,2025-12-23,True,True,True,True,True,0
0af574c80d3cb42069a032c81a35c4bd5060fb3df3dcd171613d99be128ce9d5,2413,2025-12-23,True,True,True,True,True,0
c35094ee3d689e7f77bf0a704643b510867a83d8d56935219b7c508e586a13bb,3234,2025-12-23,True,True,True,True,True,0
00990362efcdef517e1082fe24c30ec2dddfc55952ea88c4ae7efd3f3cb5b75e,4979,2025-12-23,True,True,True,True,True,0
19c64b0f1bb9fe43ce374164a50cc24b1f6785f41877b3913d6e3ca886b28314,2399,2025-12-23,True,True,True,True,True,0
1db4e64d994cb2e498a4f7fa7326f5f68b4d1d1b63165fe465fcb7369fc73b33,2221,2025-12-23,True,True,True,True,True,0
015f0916dcf0c02fbff3c9e82825d91be71041e330399722fe141f0e8b30bc19,3491,2025-12-23,True,True,True,True,True,0
c24299f939b32594bf8ba8d1401abc682c0c0651529f998b44a6cb4f4cf7c960,1785,2025-12-23,True,True,True,True,True,0
9960deb79a479dea09c8c0e7993b81f43d36d7373e209254bd455db1280be77f,6177,2025-12-23,True,True,True,True,True,0
64256e2c4354da2e383ca76f2a31cbd4cfad1a5b137f46a9df84102d9af6d9a0,4967,2025-12-23,True,True,True,True,True,0
5956456567393dd65b475a0021fa8e3c901cff287926beb2519fc0ed263600e5,6517,2025-12-23,True,True,True,True,True,0
aa802f8613efb6b64f10467c8ad7071ce347dd8a58f738874b30762514347975,4916,2025-12-23,True,True,True,True,True,0
e376ff74c2da422dea9d7529a7252f45b55a1e8b6ca641fd0397296bbcd162cf,1725,2025-12-23,True,True,True,True,True,0
9be6d87e04ce660e033b4644be82819d1b0043aab1bbce7588279cdcc61bbef2,6753,2025-12-23,True,True,True,True,True,0
596d0e1e9f4331f563f3c6ec5461c5e114c8f0e2355b8073d7c4567c1cfc07f4,1727,2025-12-23,True,True,True,True,True,0
27a7893cc7f00c10813a2f4c5b61c6525e944c6661a5aa128a7ed742a5c18482,4807,2025-12-24,True,True,True,True,True,0
9c580d6bb3dbf5e60c777b8acf5118717832ef15d38d6d8e47e7bc86c879c5fe,2603,2025-12-24,True,True,True,True,True,0
e0d1fc394f4402027f51d841d86326e5faf17cca7729edc9b6432280f34a2541,3689,2025-12-24,True,True,True,True,True,0
8c6b61d222e188bf617cd07f15acb0e052c3533067983001657278b814e4dd04,3006,2025-12-24,True,True,True,True,True,0
dc370cc362bc11797fbec204f929f47af7f55a1c07f2545538cf023dc05c19f4,4542,2025-12-24,True,True,True,True,True,0
b8a369bc508da35940456e8aa7d742594115b79b4ba684571340bdb4f762e91c,6613,2025-12-24,True,True,True,True,True,0
16de704139d9f63336a467013e786c6f1c109c295a2eb3cc06da03c4cea56b56,2548,2025-12-24,True,True,True,True,True,0
9e2937c42323bf2a1b7f800ee6e7b73e3dc8e54f48c4ed994d7dd2c723433791,2474,2025-12-24,True,True,True,True,True,0
1be7f354add8972d0ff6227c05285d9e3f3deae362ac603269f53408719498d7,6199,2025-12-24,True,True,True,True,True,0
4982366393a0dede23ef4eb0acb156f8e2a60a957622be9f8fae16de74ab06ee,2609,2025-12-24,True,True,True,True,True,0
ca2893e1740d2ff1992883c3047edd1454b9a3594f828e7f86791548881e8f7f,1815,2025-12-24,True,True,True,True,True,0
1ebe4f0a3e27d551b4c0789d931350d3ec5bea80def2cbdb8ade2676aecd85b9,6405,2025-12-24,True,True,True,True,True,0
e1ca98644ac5a384d58ad3f97e372b38f2620dbe6da4d2f85a805cbc4c1a7f55,2383,2025-12-24,True,True,True,True,True,0
f5b6127d7108c7763392c64c893fbe1c8d4677e5d734d46338ecf630ddf16435,6205,2025-12-24,True,True,True,True,True,0
140bb40dee967d150c5f1e5f47b5b37280086eb110dca055130ea9efe6ef8ebd,2501,2025-12-24,True,True,True,True,True,0
2e981e8a2b49363b784ef1ba059c907025e4d457cab7a7e4dab3a49c430c7437,6269,2025-12-24,True,True,True,True,True,0
59b1ed2ec5fa5792d1475609cb890b772727355266c1d985f0561aaf1b0f8937,3265,2025-12-24,True,True,True,True,True,0
6e21d01a3a68e3d1de8e48b7e172361492a9883848e76761cf5265c160bd1052,4707,2025-12-24,True,True,True,True,True,0
009ba46c71346993ceb770c61657ff5be8ef6ced021d7837a9c85b958dfb52fd,5534,2025-12-24,True,True,True,True,True,0
9f1a4ea1398d427908f8714484a60e86f581127653a9f37a6057cdc09af0cdea,5351,2025-12-26,True,True,True,True,True,0
7b1600c226de8f0256a3430716ad38fb14804dec16154200bc552dc1afe0a8a1,6218,2025-12-26,True,True,True,True,True,0
017bfa81f48017ce84f4a372fa595dbc921ee2ce2d9781d54d1a09734348fa83,1568,2025-12-26,True,True,True,True,True,0
9b1769b87e02edf47cbd1042e9b8365c92e96f26bfe9b5c94aef763e328dd104,3008,2025-12-26,True,True,True,True,True,0
13837894c8165c2c828ce57caece8d8da78bca739ff264aea3fd7010ac96ec9c,3055,2025-12-26,True,True,True,True,True,0
481af9ce387e1bf3468fc6cee05463270df256161a0715f6c71cb9f96ee2a316,2399,2025-12-26,True,True,True,True,True,0
f53e7b4ac3519bbbce5eb9e2688af3443213a91e79c7768b0e6798c99e61270f,2646,2025-12-26,True,True,True,True,True,0
f43980761ec10f4e8bf6a354acd6d6ffa5c95dafeb6ddf0a23fa5722b9ab3005,2329,2025-12-26,True,True,True,True,True,0
b39b6e14521d5e1594b47063b894295edcc2274fdd6ff929aca3a6b5e28e2bf3,6259,2025-12-26,True,True,True,True,True,0
4228855d9b20707ac0bc933cba9e774599f577c10ba3cf328f5b485ca55dabf3,6241,2025-12-26,True,True,True,True,True,0
bd3deda3b3572c112b796a987c812e2d9b568cb380c28d9ee7e0b1ca79a8a931,3264,2025-12-26,True,True,True,True,True,0
becec5b95944420cb3e2e4d0f9348676a06b508b9a786beb7866e4fbca4e8613,6239,2025-12-26,True,True,True,True,True,0
c8c92e9c830fab50072d9022f17a90be122f34e01d2fe43c7503cae6f80224f5,1563,2025-12-26,True,True,True,True,True,0
56cf6e189147cb1b09985d6195eb9a85afceb39668f40ac62a76d91b65ef6fc6,8088,2025-12-26,True,True,True,True,True,0
0460e2807f78c60ab14917b95f1c96e8d097373f4ad5c8323629983feccc3c11,1605,2025-12-26,True,True,True,True,True,0
65c73db19a8fb07510c2e143b1d792db07b5827b644233e7f4b5fe0605d540fc,6257,2025-12-26,True,True,True,True,True,0
58db21b3fa5e5f2e5184d007dcfc3932db3a73cda6af94908b1e59a1444585ee,2009,2025-12-26,True,True,True,True,True,0
7d0f56da8f330118809267fa8e4d70da8420b5734d9fa29e2c828f7bf3e16041,6515,2025-12-26,True,True,True,True,True,0
4c2ab0c36fcc5cb46f4cc1b4c26a7eb02e36d665fbdc6e7c6dfdc30d027af39a,2455,2025-12-26,True,True,True,True,True,0
64bf99ec926ee0c91ca9e3132e7b15a111ce248139c4f5c5a6707da18fd6a3f3,2330,2025-12-29,True,True,True,True,True,0
a4916d6efe772d8ee59ee5fc86774252a5694b7bc4f59cc51b47af2d7d2935fe,2493,2025-12-29,True,True,True,True,True,0
270a02bd02d5db73b48c6d586d98c620e704361efa0840b88ee6725278642be0,3508,2025-12-29,True,True,True,True,True,0
78cd62fce8d7586fa62e2f9e7b94531238103c0fdddca18433ece8c2df4a6c52,1809,2025-12-29,True,True,True,True,True,0
aaed401f8fdd55d84b4d480210800d87bc4e51d40cf399ab9c0329f4d9d18c1f,8121,2025-12-29,True,True,True,True,True,0
25888ee025935d5abb48a044cb726c6752b2d081c2f4ee799388711f9a5f3ed6,2609,2025-12-29,True,True,True,True,True,0
1e8205ec4f1562cc5fc4f60b8c846c79b96d0b63aae31452d4b1b55bb45289ec,3711,2025-12-29,True,True,True,True,True,0
9ada40e032db80a5f46891054baa675d3303fe676e4b326c71c3884803fa8820,7714,2025-12-29,True,True,True,True,True,0
2459c20da3d8735ffc9605cc4d996f34685137caf7a05b62a764a1f473742d28,2034,2025-12-29,True,True,True,True,True,0
3e44ff56466b587b0179ba29479e09680f5513780340599e4f23e5269213fafa,1815,2025-12-29,True,True,True,True,True,0
1d005a0f400ff481486574b255c6d7ce752f29aced82e3ebe17b601599c6929c,5340,2025-12-29,True,True,True,True,True,0
f0b6c9ca55d6af4687c4c6dee56858846a5ca6d77ec74fc8a1261abb20750b81,2426,2025-12-29,True,True,True,True,True,0
ed25b417fa7a95b85f5e86354d906848dafc3320882da61b903139b4bf837356,3308,2025-12-29,True,True,True,True,True,0
d8b05003dc45a454323a3b57bb6f8da6938fbe8796ec9b39f6a643e6bbc770e0,2610,2025-12-29,True,True,True,True,True,0
f0480014c048083d3146b0c9186e019921921983e5832041f9bbd694bbcaedb0,6416,2025-12-29,True,True,True,True,True,0
3c4fdc80127f80454ce9382bbbadae05bed55d945f85fdfddfdbbba9f69e0fb4,3481,2025-12-29,True,True,True,True,True,0
8c205a0b1fcaef839c6b098be9e0ce7330fe1fab898548e3af1e61ce9575223d,3114,2025-12-29,True,True,True,True,True,0
cdfc4f5d826d5eacffc4d73a2fdb11cbe5c39b3e7c86152a213edd8df0e20330,4123,2025-12-29,True,True,True,True,True,0
59b8a81a8bab5e28173193ae1188957dafc958a201846138c99fee3a237b0916,2070,2025-12-29,True,True,True,True,True,0
12e81a0f6e87e75e88fd516b0a9f62a84c03ffa8898ac54bd241e6105a999bc2,8240,2025-12-29,True,True,True,True,True,0
08b21a7f61a9c4f7139c85b8bab5867dd091f6d8c34f3dca8a415fd2657943e8,2449,2025-12-29,True,True,True,True,True,0
8816b2d2c7ccad2c14de79d1e4b20d79ab0a90cc4ef0f4d5e0a8de3c061443ed,1810,2025-12-29,True,True,True,True,True,0
fcf27715096247565a7278deed11a2df4fd6b922cc7f6ca8c0cee2516b02bd26,6715,2025-12-29,True,True,True,True,True,0
1997a6ed35c28d67e960129d544246a016a6952d3c4e8659ddab40d3f59ecd90,6789,2025-12-29,True,True,True,True,True,0
c78df699c8a7078826c7ba0cbdfe2cb268d66cbdb848d98aec8fe65aef053f9e,5274,2025-12-30,True,True,True,True,True,0
0d295e1e0e8d90b2d7325b61cfcc196af0e61de15e29c48e4dedae4c938645b0,8271,2025-12-30,True,True,True,True,True,0
82b54d23885fa803b71c5ba15120f36e320721f0e19b0ed4a19c2dba55e48292,3071,2025-12-30,True,True,True,True,True,0
0545435f7ee60b04a216e75af6b54ee8d03da0365ee54b2dce13b9d83a47cd04,6531,2025-12-30,True,True,True,True,True,0
401cb70a4947203d578f0c393160eefdbe9bdce08d1e99e087c309c076702444,2451,2025-12-30,True,True,True,True,True,0
71c863780cc3878d06e3177485f7c48c789e1e3c2e66755fba943f960ecaac17,4973,2025-12-30,True,True,True,True,True,0
46e0547968775d36a1afece7f13162dcf83a8cc187f611ba9d38a4e94ce223a8,6205,2025-12-30,True,True,True,True,True,0
14ea72928ede5235c087bcb7cc5cf168f6edb87d169ac61a830edb62540d0ab5,5386,2025-12-30,True,True,True,True,True,0
ef491ef79d9e7b5a7a16109f1cfe04644307825c6ad8136b4e26f7b107998877,3550,2025-12-30,True,True,True,True,True,0
e54f0442a27124fd689f39af948f20bfb3a9dc3e2b7a85c9b74d909594ae4f02,8064,2025-12-30,True,True,True,True,True,0
b7dccb1f32afd1970e3bcbba6146b15f73e1750b81f917bc794e1c284b2c769e,3455,2025-12-31,True,True,True,True,True,0
68402b43a591dca6896c213ce5cc40d5aec3ccf1df3d2814d373f1f9437289a7,6284,2025-12-31,True,True,True,True,True,0
b77d896bee11787e900b7147aaca2c14e5b6ed8c188deed28263a72ebffbc16a,3360,2025-12-31,True,True,True,True,True,0
1bba2ce1f272ec2e6246363ec0ce168547e6481320e75a7327516379dd4262a2,2409,2025-12-31,True,True,True,True,True,0
82ac1e23be0010c6a047e76f70668ef10acf0019f7cc849e7a5cab8ac822622f,2007,2025-12-31,True,True,True,True,True,0
87549cac03ed813c7def715529be5616d404237607f411bd9978ce875a169f5f,1563,2025-12-31,True,True,True,True,True,0
0846551536f24b37fa7ac66d65d0940c39742cfcc50b07e9cc0bf9485438357a,7734,2025-12-31,True,True,True,True,True,0
92e67633a210d893ca58388d35633c20fc72cc3dfae36a7122d70cfeec9887e7,3715,2025-12-31,True,True,True,True,True,0
7ce17ed918d95e95e7520e9bb7038015ae17ec53677c8360c8beba57c234546d,6270,2025-12-31,True,True,True,True,True,0
d4d287cd3608ce38c35e17e1ceea9d1cc55cf90eed6b42dc6802a0ce6d7ba02b,8028,2026-01-02,True,True,True,True,True,0
e841f03eb51df3d45ee39a6fc6a6f583f56e74938987117fc7d1eb36d0a4a33f,3221,2026-01-02,True,True,True,True,True,0
3df7fc8105dc3b21ecd8715e2036e22b1c5055c3bf46a6c7d165822193e5c22a,2603,2026-01-02,True,True,True,True,True,0
beb0a5a1fae459e9ff3769797291beb20455f49876d46115d18612a22e2acb1e,2454,2026-01-02,True,True,True,True,True,0
544879ed2c2d73807365129f121144a0bdaa3f4eff40c4d48ad1ab55aebc7339,3312,2026-01-02,True,True,True,True,True,0
1a387ea1d9bf3d38cfddb26cfa138f1f846f1d78c1473e6d00cb792844d17d22,3231,2026-01-02,True,True,True,True,True,0
743bfcdeda3e227374e7fca53836a46a21d6339863ec6003970c62cc85d31a40,6204,2026-01-02,True,True,True,True,True,0
e138ba6cef743e2ddbbacd9923d6294c8112173f38952bcd1ce00a731dca53a2,5288,2026-01-02,True,True,True,True,True,0
3633334d62986af68cb26e8a725906b7a01288390c55e54629bf80fa27db1454,5443,2026-01-02,True,True,True,True,True,0
f38933e0cacc5a8b075c6c1f7f6754d32f55355bde6ce1dec4c1a9ee1feaa9b3,3689,2026-01-02,True,True,True,True,True,0
5ee3b41629060daa752fffa025f5a619d4b77aaeb5882a6dc16075e17f754230,2399,2026-01-02,True,True,True,True,True,0
68099e5369c5193699dd82f8f8fc7dccec2d74a9948a95710e56e88ac0ad1bb4,1711,2026-01-02,True,True,True,True,True,0
dcf766bbe82dcb7288937a83d2c01a257ab00afae57345b9edbca3432076143e,2425,2026-01-02,True,True,True,True,True,0
96aa40611fb1062349edf95c0e399f5ac89b3d963bf1237c64751f3954dc9c23,2025,2026-01-02,True,True,True,True,True,0
444fc12b4a5987c8a470fdc70f771941123c16d6e3604730011546d9f1b96984,3048,2026-01-02,True,True,True,True,True,0
607f98da065c18c93531ec36544297e2af2bdb6e01df8b73b378d343863ea919,3131,2026-01-02,True,True,True,True,True,0
1261a6cb9f1ccbf355a1ad2c567df49464d0742ebd2c76c2d06565d5a7054a55,7750,2026-01-02,True,True,True,True,True,0
3920a3db43d1ba16302c91469f2ba77f52fad9e6137886748709142782266095,6197,2026-01-02,True,True,True,True,True,0
37de2e052c7798adb20d8998be789ac6b4a5e2f91d9d20c41f5f70f8eae02a24,6903,2026-01-02,True,True,True,True,True,0
9b1934c9553107dba0a7e3d159e6d2761c5d42205d4e8b8ca86e452dc835c52d,1773,2026-01-02,True,True,True,True,True,0
81b842b2aa2d60c87f6fc078ef9e05af801dae0b5a1f1c00b79ea0d0749ffd09,6834,2026-01-02,True,True,True,True,True,0
895dd4820a7db87e28f0825f9cc1544760b0afb98a4c08cfe9813905adb3caad,2460,2026-01-02,True,True,True,True,True,0
cadae61d35eac54641092fd4b091b44a40634df63ef534bd6f88c9ff00954b61,3016,2026-01-02,True,True,True,True,True,0
0c0509820fdaa76e03dce4367f5107d3119db118db12af8613f1dcc3f565872e,8110,2026-01-02,True,True,True,True,True,0
928af7b4dcb6075cb6baca7972505177895b7d25a8eeaa77028059b039e0581e,2472,2026-01-02,True,True,True,True,True,0
95d960d86487e59d02dfbf014d17509dff3beb0d82d3bed2be4bef7001ea8e0f,6187,2026-01-02,True,True,True,True,True,0
d0fcd574713867f26a9b950d6d03c1e1b91d886f0837422da0b694988fe80a98,3707,2026-01-02,True,True,True,True,True,0
fe807c4df1a72032366d5052d2fbae521a37ece272b7b72b9df85ddad659aa2a,3163,2026-01-02,True,True,True,True,True,0
7a05dbba4eced1616651dada19c4e70d4ca8ae265ba6308fb6858070d3c89d1c,3149,2026-01-02,True,True,True,True,True,0
0df0c267eb964f4b11d4fc2398a5d0dabf8ea8bc580777d563e2fb9ca7edfd4c,3615,2026-01-02,True,True,True,True,True,0
d7925aa2c95023a0ab2d5cd602e78e9cb686dd07b85739074e8af90c49ba6f4b,8064,2026-01-02,True,True,True,True,True,0
d0f285c1fc394d1ae7b369f0c56063bfe0a23eb810a26e78903e88427ffeefa7,6909,2026-01-05,True,True,True,True,True,0
408ae7a7aaaa3e2de169671df9cc049f15bea706541b5b78d2e9a0c03125d558,6213,2026-01-05,True,True,True,True,True,0
aaed632b2693c66ed65c4793aaff62c74a90435651384c7fa88accf7d5030069,6155,2026-01-05,True,True,True,True,True,0
35409d77cd5f5537d249b6e61320401adf63e44aece2293b699bdc5ff22839fa,5515,2026-01-05,True,True,True,True,True,0
9e14f457fe2a6e147d6b789b33606aabee78e5b7de56f6ddcc2e5ea48f51ccb4,5483,2026-01-05,True,True,True,True,True,0
793d6de16dcf9e6983fc9f1b872371e9c0e0769602426b3829a7b7c74e975f96,7709,2026-01-05,True,True,True,True,True,0
cd1bc5a2ab98580f08f79a1af1a25166c68d1f785cb673e3ee726278f0374141,2409,2026-01-05,True,True,True,True,True,0
6e4984378b5beb8de16a1b4a8cb881e592de97351a9b4f597b0eb1c968985d58,5228,2026-01-05,True,True,True,True,True,0
7df4f14b448718fe76b55034a3f1942b5d19de5bc501909a50c3c5b09cc6528d,4764,2026-01-05,True,True,True,True,True,0
8ade8dfef81cc92f8f62c03f07f7c3ac20d6adc67d9fb1a47b44d934c99802b2,6861,2026-01-05,True,True,True,True,True,0
1b5937134f7d5e0c8b3229c55d2f922b9f13c49666c14f6a2a9fbf7fe6ec9137,3308,2026-01-05,True,True,True,True,True,0
d0f8e99f7116697492cbe01ae2d40464eb9dfada71f0dfc408d2985b78f267ee,6239,2026-01-05,True,True,True,True,True,0
e63a7072a5156de833a5d23d855e4ce93e575c7c79950a73125874257cf951e7,2308,2026-01-05,True,True,True,True,True,0
47c6c1469844d063d3f7e048ef34d13e74b7eb20ac99ddf5d67e3e07d4bbe436,6285,2026-01-05,True,True,True,True,True,0
1f37b5633b7bb72c54e32a94767bc202f4aab301f895ebcb334b0f4395f2674c,6207,2026-01-05,True,True,True,True,True,0
f3b501bd52619c290f5a8bd360d1b243a6d365eb578f6bff121122cbcec95744,1717,2026-01-05,True,True,True,True,True,0
ae2d07efa4a55f3a4e072145eb382c0487f2764d4536853203d79f4d596d3952,2464,2026-01-05,True,True,True,True,True,0
e21f446a29610c5c125efe77fe53f1377a858a200c7fa01d5ce6cb1349fb8495,5291,2026-01-05,True,True,True,True,True,0
11339a496c92a2efd97af57505d7ed5154e5723fa2f44fe5c6d076d12d0637e3,6640,2026-01-05,True,True,True,True,True,0
6507a2bed3958f2f47827500083dadbdbaa6789d635f3d1420f7d621a61f7459,1725,2026-01-05,True,True,True,True,True,0
dda936959ac78b8526abc8bc20d30aff6f041a744b88c37e37c5c6c8975c9d97,3583,2026-01-05,True,True,True,True,True,0
c8bc2cac8e60496fb1364ed2e38f2cc33a81269e4381ffce20702a2c1b875cf1,6770,2026-01-05,True,True,True,True,True,0
ead0c9012000f93ac646cb6fa2a841cea887a74527e2ee121c0fa68600b6dd28,6270,2026-01-05,True,True,True,True,True,0
e429aa31ca91a1c977d9ba79360691e98246664fddabe5bb965a3562b2b92da3,2342,2026-01-06,True,True,True,True,True,0
11ae671e9c26bba7691ea2251e02470fb42a6375f511a2c22a6e0852d383dbf6,2305,2026-01-06,True,True,True,True,True,0
25c71c94db0fcc565b878eb113410598095a0923017c1bdbf9682f306fa92ddc,6488,2026-01-06,True,True,True,True,True,0
b55080b6500cf0c32e77fc6099ffb447fc462ff162cd06e7749d495be7ceb833,6188,2026-01-06,True,True,True,True,True,0
93496879c1169e9dbc5c7a842f93f5186c6e65b53499b62c94d019991ba2e639,6182,2026-01-06,True,True,True,True,True,0
2cfb904db258636cd35b3cd0eca973a780f6fb7257c03f6adceeeddcec66da49,3532,2026-01-06,True,True,True,True,True,0
f207ddb8e624b18ba2923ef9f6cc974f83d5e6f3eeb992fc886800c6b43fa88f,6196,2026-01-06,True,True,True,True,True,0
4962b526bf0dfd13010c0235a2bf2bf425ea937eac8c8900727072c7f10ab395,1342,2026-01-06,True,True,True,True,True,0
155fcbe67e24832ef4990d52e71d63b6580185b330189aa519c790dafe182713,2451,2026-01-06,True,True,True,True,True,0
811673fcbd5770a4cf3b85fb4831845ae0f54cc9a3bc00b43c30212ab502f1ec,6016,2026-01-06,True,True,True,True,True,0
230d8c1e8bcc83707b647640586fc55be6f1623ec7516cde2cb7b61f2be2fbfb,2345,2026-01-06,True,True,True,True,True,0
b9d6c936d523400247f628916b72569d6096f3e5d85832ff6bf6b92b168fa6fe,8109,2026-01-06,True,True,True,True,True,0
eade61534e14cf6970b1997faa3594462d02ebccfa61453ee724f4f771587bcf,8042,2026-01-06,True,True,True,True,True,0
5df51b70834aad2e5397a02696c925e6f8dede595683a7c9bd2cc9af549c573b,2360,2026-01-06,True,True,True,True,True,0
3645d6bd8ca914676426cb41ba61f9ef055be68591fb3c5f0cb0e87c3a996baa,8240,2026-01-06,True,True,True,True,True,0
ad2b00abb738f6e0521da7ce45d7dad6ba2985ce88e375271fd34af552a3beb5,1605,2026-01-06,True,True,True,True,True,0
3a54fd9e3ea10a8ee3e22979cb7a186b95cbaa5a13bd3bd69aad73a3c504b83e,3443,2026-01-06,True,True,True,True,True,0
9c915087c3dd5d4e8e1aa352d23fa99a645a62f92b83ebdf6fe025a2df576776,3374,2026-01-06,True,True,True,True,True,0
e5d70fa08d9e1a83a073e23fdb97804d5c42bb4a7a1aee21e7edbdbd45048700,4540,2026-01-06,True,True,True,True,True,0
7aa550c145b8bd6e4d750f3e64cdd86ce387a5782b64e2a7d0004afb48128c75,6909,2026-01-07,True,True,True,True,True,0
111c535997e17ffc401c0a880d1bc47517881680572ce0c807d4b48a377f7e3c,5347,2026-01-07,True,True,True,True,True,0
e114937725755847c1baa45877ed4e0faf4575c0aa2bf728977195a96dda2616,6147,2026-01-07,True,True,True,True,True,0
ae5f7b3c577770695dba91177938d7cfae15d373ea701568304ceed2e2607172,2603,2026-01-07,True,True,True,True,True,0
703a16ef802ef0bb2baf231f14630c4b156cfa96dabf90dce7fa7adfd596f6f8,3231,2026-01-07,True,True,True,True,True,0
774114e64fe4d0cb99284df74fc91a7320be6efb24919f84857548c201b5ad56,5009,2026-01-07,True,True,True,True,True,0
0c7c8efd3ed650a66443f8ef2a9655c7b3fc7369d0c080dda92867bd1da3c532,5269,2026-01-07,True,True,True,True,True,0
b528750f3ae474d044f187aa67f122137d33e68920d82386f8495e11db84e57d,3693,2026-01-07,True,True,True,True,True,0
649e33074a2b85987a3e62456ff722bce4ddcf02fe104d2daa17477ee8637267,5011,2026-01-07,True,True,True,True,True,0
471804617172a18bf7bfebc6efa8d52c1e2f92cc69f806d03ea545fb035a1954,2108,2026-01-07,True,True,True,True,True,0
3adcd2a97869935413b1ce5aead5111f49f9257b8ad5abb259623c64014a81d6,3630,2026-01-07,True,True,True,True,True,0
e92ec3b843680e11cdbab4759aa12aeaf4df698ba7f358479d2345c717a87f2f,3290,2026-01-07,True,True,True,True,True,0
9c5f556996b95106fb74cc5a651f2ad4170089858d428fce8d551a0ff153e8d5,1809,2026-01-07,True,True,True,True,True,0
d4bf3bc45812caa1a134ff9da63e8fbfdd204ba2fc98cc52b86491916919916a,3034,2026-01-07,True,True,True,True,True,0
1c063de08778cd201379d99a6d11b11790f2ced10ca79f741ad9938fdaf54e20,2609,2026-01-07,True,True,True,True,True,0
c440b194b66317eaf4d4c9da42c7b0d55193aadf1f61ba4c7a11a9c13b537423,3035,2026-01-07,True,True,True,True,True,0
192452346a3a418905d4e2f3cf667f940e8354f0b603d03528315d190d785ee4,3060,2026-01-07,True,True,True,True,True,0
78841e59444eed8ab5e1ddad4f16087b2bafa0ad08c64cf465c26fa8cae511e4,6803,2026-01-07,True,True,True,True,True,0
72a1dbc64de992db0e52be5566663a6a3812fc1a4e08dfc6dfd29b171c33946f,2007,2026-01-07,True,True,True,True,True,0
bc9b0cfc6fba464b7698a62b3aa9a6b34adf6eee99c5417073dcda92f3ca695a,3709,2026-01-07,True,True,True,True,True,0
c48339350106c143e6cf54ff50b0bec8f80a61bf243e8b1e1813eaa2d53789b4,2002,2026-01-07,True,True,True,True,True,0
55fb9132df6b147f2f937b24354f88996f94d345a7d5ed17d7ef3e12400d2cb1,6415,2026-01-07,True,True,True,True,True,0
e01b5b5ba5210134964c68646ae26fecf332f0b1f354088f97f66c6e97242933,2303,2026-01-07,True,True,True,True,True,0
22dd60c52fec01fd423b0bffd3a1b8876f5763cb19f357b8987cade250bae748,6129,2026-01-07,True,True,True,True,True,0
923cc490baf84537aec07cdd3658ae672c72fa627ea21054d17349c2b00dce0f,2401,2026-01-07,True,True,True,True,True,0
269fa760369a21d4119d30c6f851f0d537f40eb4a338c7e7dbba85f14b50c250,8038,2026-01-07,True,True,True,True,True,0
a9a4114b3e9ffc4542e0946585e643c7e61911fcb315d2a94cc86b653ffc309c,3094,2026-01-07,True,True,True,True,True,0
0bf49d166eb4fa51e8bc8a67b5e8998247d6227c8a7fffb56e7867999fbbbcc9,6643,2026-01-07,True,True,True,True,True,0
13d0a8ac32fd0d818b7711dc18ce61ba852793bcd32319943484fe2db130e17e,1727,2026-01-07,True,True,True,True,True,0
24c6643a60619e771659ef3a65af0c1f4f9202d15de3cc449f036d2e049d9d68,2313,2026-01-07,True,True,True,True,True,0
de1480321e899a710bec330956284c4aaa65540dd963a55a5b2aa6ba5330b501,2492,2026-01-07,True,True,True,True,True,0
ab52e1b4a7dc62c365509e356ea924c2ed53abc78c43987e40702cc225a224ec,6141,2026-01-08,True,True,True,True,True,0
137eebbdf7a99b2b0d2f85f43a2500060247bea3a229c52b5c202804e46d25f0,6443,2026-01-08,True,True,True,True,True,0
6c7312225d36e9461267022da9afc75855ec42793610cd9fc3af7e244c855a71,3533,2026-01-08,True,True,True,True,True,0
5a82f47cf475f964e1b5f8f08c0faf948bc455aee0b38d3bbecd67600284828c,2634,2026-01-08,True,True,True,True,True,0
d7d3cbe0e690fc42824c01b0937a6f4c8cfd6c1b107327356de5c5ff7a2f7d7d,2025,2026-01-08,True,True,True,True,True,0
b5f244f96dc22504fbf45cc20c801252b6bbde30b4d58a2ab893f169ac5e6fca,1477,2026-01-08,True,True,True,True,True,0
ece669c4c2841dafb96ce79b7260fa42977b17c2f10dd39cb9c2a868ff3c604c,3088,2026-01-08,True,True,True,True,True,0
e9ea899a08e81b338aa1694c3793b9fe3ea4348207c8b45b66d22e0752569290,1586,2026-01-08,True,True,True,True,True,0
be1bdf7266678ac0a33ebf88232d1a067da50e8b3da0e2d09940a2ceba6564cf,6603,2026-01-08,True,True,True,True,True,0
0419b0ae53707d0385f0729a18b287000f02fdf4bd7b78f6f998787767a9f2bf,6202,2026-01-08,True,True,True,True,True,0
6ac23801c90f4bbc6412fdaf1af5419e9738ef96465fc89ec0fda294fe1072f1,1714,2026-01-08,True,True,True,True,True,0
bfc7395d2d74a37f732dd709aacdd2c5c28847a93423d558df5e2f5013e39eac,7709,2026-01-08,True,True,True,True,True,0
64787d58087d5bffaa809c829b30aaa34cf43900e93c930baf1173d94db10203,5302,2026-01-08,True,True,True,True,True,0
a1d42e5a57a41c874696814440313b061c8794bd41ca5b181880c0edcc19b66f,6177,2026-01-08,True,True,True,True,True,0
a994aa0c469a78c5daeefd29aa5d3e3d5548c19b5281ec61d1e856d7b9cf3607,6016,2026-01-08,True,True,True,True,True,0
f206ae4e72d5f7da45ce55ac42fe9418ff3349d54fa225d731ce2d9a043052a8,8088,2026-01-08,True,True,True,True,True,0
52a7ebae7cb3a7046dd7cab35075383ebf8ffb29e1f2c177a556673d9bd01f4e,3588,2026-01-08,True,True,True,True,True,0
ea96ade3538d5f8cf8da3e07a747f840706ffe9f198537534c2cc8c71a7738d7,2501,2026-01-08,True,True,True,True,True,0
5937ceca2f100f405ef51eeab0adad7de23047bbd97c05f93faef42df0f360a8,1301,2026-01-08,True,True,True,True,True,0
f290085a6eff8610811416f40349c7a3bdf02b786739cb3cb4d1df730ee34dc0,3498,2026-01-08,True,True,True,True,True,0
2a1cbda97a53028e0c58ccdfedd9b162b18568bbc5c47dfa84e4b6785a162db0,8074,2026-01-09,True,True,True,True,True,0
64f478e1238f24e0021e3799e577b13c9c79c6a3357262aaaed5e9c33c32852a,7610,2026-01-09,True,True,True,True,True,0
611114445ed8d454983346ab419c93e61b7bc300160f3a7de7469e9d4f682c15,1568,2026-01-09,True,True,True,True,True,0
de15610df8d622b06e152b8e97c4195ef91c8d430534c00c555f313fffb6225a,8271,2026-01-09,True,True,True,True,True,0
017b9a481cdf55432eb4d6b458545b3ae2ae3924e202f7f889792618ee46fb46,2617,2026-01-09,True,True,True,True,True,0
89ccba44d5c5335f345364124465f28298e93624fe9bb7eef9b7010f3b014728,4542,2026-01-09,True,True,True,True,True,0
138e37d80cbe841513b6526840bacaddfe01b1c619669ddbedc38591bc9e9eb9,2535,2026-01-09,True,True,True,True,True,0
0ee6b5728929d83f5bcd2cc68a41aa3e1b7c59bbeb5de04d0f7101dc121ba541,3622,2026-01-09,True,True,True,True,True,0
402d590a9ffc7f066e2ac6b1c776942f9034ee48e9b723c32e3b9999c90b03fe,2605,2026-01-09,True,True,True,True,True,0
ff9d449999a09bf46dad3b95ebb9529f86c4e5d49e60f780a966b88d6e9d824e,4541,2026-01-09,True,True,True,True,True,0
ae4b31e1472f25065694b96dcb1a6b4d66ddef4d843ab72f2c0e61a4662e1d9a,3715,2026-01-09,True,True,True,True,True,0
23db8b214533a90e2e5d91da283bcfde58ef1e341e4b50ccbefeb1fe80a4a7c1,1810,2026-01-09,True,True,True,True,True,0
cc628e0c1e242a43b56b52cf34207b01053e55cd417e89e9be1d5867df7cef22,5227,2026-01-09,True,True,True,True,True,0
7441bd0357859bb6e3595a0c052b69f54d445e7c218859333345ea3d8c19a98a,6282,2026-01-09,True,True,True,True,True,0
ddc0c159ffb5750655c4c8a9056ec324590a9d487e1140a15be883867824b8b0,2312,2026-01-12,True,True,True,True,True,0
f6d32148657782e06e69aef9d8b716cd6237c8ffc3905648f306eb7e1d5c716b,2355,2026-01-12,True,True,True,True,True,0
50ddd89da9df6727356a08f9ebef915c45aaa89ed1978a9b16a4ca48826bdfce,5347,2026-01-12,True,True,True,True,True,0
632fe1bd3e29a0abaab602f485bc6ae51231d277cdda610654d5ee2d36fc500e,5489,2026-01-12,True,True,True,True,True,0
632a85ed13c4ded795ed4e83237a15027e813e6b6dbbed7c81dc8aa1e5002ef2,3630,2026-01-12,True,True,True,True,True,0
0861a6a7da4d95ccee2c597f628ce6babc07cc59c3b4d6bf6c1fc41305761692,4958,2026-01-12,True,True,True,True,True,0
ed0d5f3929b2164a7e11526e1c5db4b75060d0ab14b6a4c9462a5219a7085c49,3406,2026-01-12,True,True,True,True,True,0
1302c3f78913bca71990e8a1506175e515b51bca0c193e958581be5c80354c1e,6830,2026-01-12,True,True,True,True,True,0
78345df416ccd0c735210e98dfa26ad0ab7fea15ad0d1d3016cb508fbb188b14,2527,2026-01-12,True,True,True,True,True,0
8893ac4c9f5ca706237e5ef67df9791658ee6124ab60c2f1527f39d8ba154bdc,6190,2026-01-12,True,True,True,True,True,0
4092f2545ea86811c2fbae92c52ff4ec82256acd35ceb71adbbaff04c0a654da,7750,2026-01-12,True,True,True,True,True,0
a1e68d0b0c37fa345a103f076da48356d58521dc9dfd7e80e074c7085d9cfaee,6199,2026-01-12,True,True,True,True,True,0
9e23bd27a570340925b3bd35ec91c9d206123110c954d6b8057cbb371e493a46,3021,2026-01-12,True,True,True,True,True,0
7c9eaf44d523a17bc86e1b282cccea2b5081715aa87c722c7ad8254c69de9076,2329,2026-01-12,True,True,True,True,True,0
44eb4c7f0a111934ac3fe912ddd36958b591d6176f5478b8d53f6314d4129543,6241,2026-01-12,True,True,True,True,True,0
1a854175205120a1f20caf362e7f717b0fda7c5e52c073d3b39d663bb77a279b,5464,2026-01-12,True,True,True,True,True,0
b5c07fa4bb3aae144850e50cbb1d7ec2482d11d7ab7e0a561f5f7d5b6a0febcc,3362,2026-01-12,True,True,True,True,True,0
91980a7afb0ea5f91e6bb942cde8184da911d8f1ef191ac8ba151f90f4f5d2ad,3081,2026-01-12,True,True,True,True,True,0
1565be9b900bc054fe0752104dd80f809c2cec57e7379e57d2a732e1dbfd3c80,9904,2026-01-12,True,True,True,True,True,0
ada75bccfaf2f5491fea51867debabb6950cb7ed9bc46bc87bc281e11ae84af7,6834,2026-01-12,True,True,True,True,True,0
6c9b95937ba700acf25747d7bc1600a8b7d02e6c648f3da7852b562e875d8b52,8109,2026-01-12,True,True,True,True,True,0
93120fc292b278934e0e9ef6df620daf1433de2f7e23dfa7f14b37188f571452,2367,2026-01-12,True,True,True,True,True,0
578b8121c1ee25be8e58f01f8e08733207c3632ad36988b929d6f0f69c783bd6,1101,2026-01-12,True,True,True,True,True,0
bd726d72825640965604239fb0c2474bb11a615f45c5794ab8705fbb0ee683f1,6668,2026-01-12,True,True,True,True,True,0
b0520484832ec9dd78ff625c169bc6bcc078221ddc9f74c617a00464a7ebf866,6517,2026-01-12,True,True,True,True,True,0
11ba18c1f4cac79a214d2a9ca58eb4c6d47d03940fb5a055f887adce0231c367,6640,2026-01-12,True,True,True,True,True,0
2e25497f6eaeca9be4d415af018c3a94d9d6d07df52b003c641e5fc22f621e79,5425,2026-01-12,True,True,True,True,True,0
9b7cf78631cd5cc9ac194de9eed6345934acfd41f152fe1c79a991dc13a8e97c,6108,2026-01-12,True,True,True,True,True,0
de223e53e179e29a8c740f3b56c3e1ea149433a50baddd6ac63417ba35582ec6,2455,2026-01-12,True,True,True,True,True,0
734e9cd095c1b92e88bdd77a9c44cc5cbb412807bf08b364c4573cc960d66738,6909,2026-01-13,True,True,True,True,True,0
f3dff55e5a7d6928f882753dfcdabd40a600c62e5691da30afbb5c11c7fab9bc,3312,2026-01-13,True,True,True,True,True,0
c8907ad034daecddb0d38db4c29d83af8c11828d3924ce6f28347a67a0cbcfff,5011,2026-01-13,True,True,True,True,True,0
6247c9cc01e0b44eda527159445607975da94850d7cd8fdd033399ee2a8d7ce7,3004,2026-01-13,True,True,True,True,True,0
cc938d902180d932685493bb75dabb7eb6bc26e5ffc704dccde98124b41e94a6,3152,2026-01-13,True,True,True,True,True,0
1f51f715ab7201330aeba962f3cffa9a4c87b7ff5d160d850442ab654aa29f7d,2330,2026-01-13,True,True,True,True,True,0
4eb24609a1308cba16d4537ec210451752006ef650d5bff852d26354dbb83996,2406,2026-01-13,True,True,True,True,True,0
716a7d61d2f94091f9b510e8367a1b91dd91d84f00dd487683d2b8455c583f3f,3484,2026-01-13,True,True,True,True,True,0
0e55d3bb67ee5585f5fd99c9127565e59bea6ac97f6f2dfaf6ea98a5afc5ad3f,2535,2026-01-13,True,True,True,True,True,0
3c83c8c6115958faff702e4a2a643c7d73da6556132fa51f25f3a9a3bbbcd653,3532,2026-01-13,True,True,True,True,True,0
9d3c5524e9bdc2f40247913dcd5357c82047ba53f2813eb774126a554aec76a8,6903,2026-01-13,True,True,True,True,True,0
b109524de0049b553c47fd7603afca37834d1c9431d3421802bf950d2f5f4c7f,2484,2026-01-13,True,True,True,True,True,0
150a7249514c0bf40cdfab446613ba9180b16bffdc4c7475a18779e3d0439ca8,6803,2026-01-13,True,True,True,True,True,0
9066a32e7e85a4f0210fb19d9a482d6d0fb3fcbd47cb55eef667f6d1929df708,2379,2026-01-13,True,True,True,True,True,0
4702f863a0553d712a9e4dd5c8c6f3d8625f44fc7f41ddf49706c9a727f08522,5243,2026-01-13,True,True,True,True,True,0
69f661811ec54b90dfe30fcf40ba2ee2acb966b4122403a2d0d4b9094bec1607,5498,2026-01-13,True,True,True,True,True,0
6a05db3dc3d34e592fe3a7529791f466026c71bbeccc1ec1dd3de9334e812de6,4556,2026-01-13,True,True,True,True,True,0
84506c6d851c456f5915a67f9798b28aabceacef0709a7a4335323ab911c5a96,2208,2026-01-13,True,True,True,True,True,0
983d0caaa2288dd69752851b49bd69957ac1895ad046ea63b611b853c7a4e5ab,6257,2026-01-13,True,True,True,True,True,0
a02b9d60f5d9f1e54bf874f80964d76f3133154e922a5ac788d96956c880eafe,3149,2026-01-13,True,True,True,True,True,0
33df0c9d0cfa5d8d994fbad64b9a21a18ca11f7b630eeff6dcb904396bc0a7ec,2851,2026-01-13,True,True,True,True,True,0
08182c41e9db782bc6fae99f204ee7bcecb15b7dd6a6e2fd0c31fc493d36d3fc,6693,2026-01-13,True,True,True,True,True,0
b5b7aa116b5e87608726f26952f0d92df85b199a7ba1327e5c10b5cbcbacaebe,8064,2026-01-13,True,True,True,True,True,0
3156a0e1fe0b6d9d93b01c2ac8cad036182796883fa246b2bf620a942f8fef96,2312,2026-01-14,True,True,True,True,True,0
16f563a746693382009f6e02cda3089c7e9898c8cb9103be89aab9f24c5c3caa,5347,2026-01-14,True,True,True,True,True,0
fdd601b2ab8416460a2ce9108d957873c589dea7e0bd0facd651934d19949a0a,3221,2026-01-14,True,True,True,True,True,0
83cf63ce0d895496ff2c3132c2d86917414df77b1ee82e5bce6895d437aa0676,5328,2026-01-14,True,True,True,True,True,0
51803878666d1cf113be71ddcf82dea089765e3b10f7aa02bc65d025f2fa8b0f,3691,2026-01-14,True,True,True,True,True,0
21ad410a336976e9b414b635d69a629e24560815aea9c84dc184ea1b13d5be45,2305,2026-01-14,True,True,True,True,True,0
6aef399f6cc77a06486c2fa4c078f683fbef1c8ef0fc346589e8ebe9572d5502,6155,2026-01-14,True,True,True,True,True,0
465594d21b6ea5b33cd58758e785eaef55ae40c83947d8aee2d497feae194619,2371,2026-01-14,True,True,True,True,True,0
2aef36099bd31bdf4ff3315ec4022375e96026d35ab81c8ea8fb2f33a2f1749e,6173,2026-01-14,True,True,True,True,True,0
702499c1a9f06ffad52fcaa840ec562671d794c4cb11565fb0b29da74ab4a2a5,6525,2026-01-14,True,True,True,True,True,0
5780109dcbe10c757aef7e5147d200278cbfdc02191532c16ef38814b67a146d,1519,2026-01-14,True,True,True,True,True,0
1d56dd8cd3de9b3cb88b61a21477558c00c291099649818a0bbb7693a4ffbc8c,6488,2026-01-14,True,True,True,True,True,0
93c43b5504baff5ede313ec6199d1af8e705edafc3515083aa6e1d70868f01fc,8076,2026-01-14,True,True,True,True,True,0
f047c5b539ae448013c02c1a57da99933ae54d8c8b47f7f7a0bc1e3ee15f433b,4576,2026-01-14,True,True,True,True,True,0
c2b1c797485be3e8e795e784b3ff3087861deec8f5ebc5c658ab5d738e1f8bbd,2485,2026-01-14,True,True,True,True,True,0
10789bd60ce335b8e5c6b179739bddb9ff1e2a3758e29fb7a95a88ddc6ca43e1,8182,2026-01-14,True,True,True,True,True,0
4fb153117e897f90384d03b32add00670897cb1c7e913493340f047a1ae84352,6605,2026-01-14,True,True,True,True,True,0
c50afce75523b02b5457d8ed6529c928c7c777cd58f4e90721a1e701c5151847,1597,2026-01-14,True,True,True,True,True,0
539b2f9b0ea483e6abf61e92c404176ad42caf39ad36f124df7069c8201f00c5,1513,2026-01-14,True,True,True,True,True,0
7d4165067c11712701baf378aebf5c5812d29e987b917d754316f88d45973912,1809,2026-01-14,True,True,True,True,True,0
e6694d9bc782a5dfdf0a23ad0b8d19d2065091b5d91c819d95fdf7d1ebc34990,1477,2026-01-14,True,True,True,True,True,0
cfb83f0b340052db03eca061302a684aa39bac6fd129cd0aa71114b68645e4a8,6284,2026-01-14,True,True,True,True,True,0
910c945f5300a80d92c10c53ac116484dcc0326174abeb6b86bb1346ae5bd118,6127,2026-01-14,True,True,True,True,True,0
b24ef82bbbfa16d3c10e5555d8a18a3d68a9b8ef336eefe74a6ce62cb382224a,5434,2026-01-14,True,True,True,True,True,0
62e8cc2d1193ba1721605098b1c481349c29cf67b2640efc4c72b29c0e702ebf,6142,2026-01-14,True,True,True,True,True,0
5951e1e23f0a1ad313515d20173c14d0befeaa0333f2730a23fff058eb2915ca,3088,2026-01-14,True,True,True,True,True,0
2bb745d46625ee066231f25b32514078b263fd8826c1198e150f7ca207c034fc,3576,2026-01-14,True,True,True,True,True,0
6de072d03751e477162cfc1bd2b10ffde4124824b20785ce680b1fb3983b7ef2,8043,2026-01-14,True,True,True,True,True,0
cb11046c643947efbaad6e6f23e1c8a860d58b0180cb65c34afa70ef1e2ad055,6449,2026-01-14,True,True,True,True,True,0
d7a3bfdb0991bb0a6bf1b599d3de7f29c050a87d155a52ec614dfea1b1cb6103,2332,2026-01-14,True,True,True,True,True,0
0e7a80647c458b3af62b48c2973de3a6ce07a96b506c50093b2d0fc2c6701fcb,2610,2026-01-14,True,True,True,True,True,0
f5549eeca834ca27b58a46ed26a552d8068026d9de66ba7e2ba96a79402c69e4,3481,2026-01-14,True,True,True,True,True,0
e6b35ee357d2834a55ca0b28e4684dfd47208eb811ea8ba138c5961b02e776b6,3264,2026-01-14,True,True,True,True,True,0
c38052919c7022883bd13b08bdfd127ac5574995ff700f862524a3b055a84ca1,6672,2026-01-14,True,True,True,True,True,0
24d94950ed35b18da0d6c7e23f3f2fd75e08873e1956fa445116c9d6d4085b25,5474,2026-01-14,True,True,True,True,True,0
f4e3140d3ec5883642ab3fcf9b6c1073d07cdde5755e05788c5068f3467587e3,2483,2026-01-14,True,True,True,True,True,0
8fdfd255515e67f53b6b0237c66344d7cb5e41d5deae3a78eacc737390619cd2,2472,2026-01-14,True,True,True,True,True,0
60ff996048375683db76fed621d2dc551b45c2edb4f42c75e7f06c2d593631ae,6432,2026-01-14,True,True,True,True,True,0
5c9b1ca539ca899785e483f72cf410e969da80378a3851a2ccdcd8bc90735116,3577,2026-01-14,True,True,True,True,True,0
e577b83e394dd046bb45a59a70e9c464d2909f63356a30b868ad3ebe0bb3fa35,6174,2026-01-14,True,True,True,True,True,0
2cfc13c5effb03a66047c68150367a18a6aaec39b6741c653996a98220d1c6d8,8040,2026-01-14,True,True,True,True,True,0
c55b6b8af968763e3a8c58a34a0793359156e58c1d732e770aa7c55825a3d7c6,6205,2026-01-14,True,True,True,True,True,0
06eb63231082e58756da4f8216f65990bc3be9454445c182b97fcefea1e28d89,8024,2026-01-14,True,True,True,True,True,0
257f474df40cd66cacb4704d9e5ae0a59df2284ad8cd346a1ea085fadcf0b120,8240,2026-01-14,True,True,True,True,True,0
88ba42bf585b2c8a6a1061d2d2d362d18e4af6be33833d895254a1523aa3a852,4916,2026-01-14,True,True,True,True,True,0
d7d276c663b8ed48d9790b530f7c715fc547a32d3a3d08e048fbd6dbde8d8088,2049,2026-01-14,True,True,True,True,True,0
9abe99fcbf69b6b503e550b973e2c725537f895b718b91ce92f25376239610dc,2401,2026-01-14,True,True,True,True,True,0
464840d7f9b444533af9b1d9e4784f7f1e23916c736ef08e861d7518f047dca7,3702,2026-01-14,True,True,True,True,True,0
7c6bbb2cea2ce4d0f2f5e0b68f6360d34d5d395be576323d8864866d5fcfa746,4533,2026-01-14,True,True,True,True,True,0
2856ebde86c5fd5b767dced318020e02d9e578950914b62d379d12eda72e4551,3624,2026-01-14,True,True,True,True,True,0
63672af87de2714f841a8bd18d726ef67bcfb84e64f2ea4f59478b084a44a126,2375,2026-01-14,True,True,True,True,True,0
c54ca068f48cff0fcc72c0555bcfb66555fc11787eb901a07836564c1e518722,2492,2026-01-14,True,True,True,True,True,0
f25a5a493eab8e623bcab272bebbe450804f066864d2d1e361e4d6468d6916ee,2331,2026-01-14,True,True,True,True,True,0
61f514a0d6ea58617a9b7f77dccafaa39c0b75b683835e6aefa791908b42dc97,1718,2026-01-14,True,True,True,True,True,0
b12395dd4557999b7fcdca274ea4d9aa56ebe0a9024700d8023e148c4daf59df,1503,2026-01-14,True,True,True,True,True,0
7210b110c586bc952d51f2b32060e103505732171fa04964b485fc98627918a8,3346,2026-01-15,True,True,True,True,True,0
05cc103a45dc1e195c0e66b760f89bd73af232d6151840e4ddac3b84e7cf6aea,3455,2026-01-15,True,True,True,True,True,0
f2cee24321a3a5f8206c5a43955c4522414a1cad032b572589bbf50bd96cf11e,1319,2026-01-15,True,True,True,True,True,0
e107ce633f5ee12b39941c23802ce63d015ac0014234ac300bebfe9a11a65b27,1802,2026-01-15,True,True,True,True,True,0
967566abaa9606a9dcabf736efb0d4e2a49d3f9a58e678bc3a15b03c002a8870,5288,2026-01-15,True,True,True,True,True,0
2718fb6454489dc2c91b7b1560885d71a03ab29260502c3f8af8986df808dcf1,3321,2026-01-15,True,True,True,True,True,0
bf233225e727b18da1cf25c2a679780aa19caf8b2c63a33204d52de4cb6ad6b5,2617,2026-01-15,True,True,True,True,True,0
20428319d2fc2ec1999a9ce697ecd677b3fb446b0901ef74d0bcd8c49af04905,8932,2026-01-15,True,True,True,True,True,0
9e956de86ffe3fc1de9d850b82ec9c197a416f53d72425f67be19290643754e1,8091,2026-01-15,True,True,True,True,True,0
71de5cbc07f907a56aee95fbfde5cbb9d410c4f8e02fca1c3c8568a632f63627,6613,2026-01-15,True,True,True,True,True,0
0745fcf336d264946385747dba9115434f5d23715d2378a60c232c743b23cc2f,6585,2026-01-15,True,True,True,True,True,0
5bda7b3c891aebd1a80c1ef7741f73849a19eab52ac59107fab8cb84e23b0d28,6651,2026-01-15,True,True,True,True,True,0
be64fe422b7cce4cd09915f76718bd015bd89235288eb974b5004acebb53437b,4551,2026-01-15,True,True,True,True,True,0
d4150526e2d4a669948acefe677466aa185a597ce55b171fa8127420c6689862,4923,2026-01-15,True,True,True,True,True,0
028a61cfc641ef05d78d7d6d03feb97e7a5a4f3c4ed9f75aa77804d3e5363451,2484,2026-01-15,True,True,True,True,True,0
7994d9c6ebfaa99f887aba0e1a5a8d9fbe4364dfe557638fac5da8385c1ee0a8,2613,2026-01-15,True,True,True,True,True,0
d68a2f114aeb41fc5044c141f338e57b6aa93dac3278a61a2dc537d7145b621a,5340,2026-01-15,True,True,True,True,True,0
e2f111212e92d673e7409757e38cdeef6d0b0957f6b1294956a416b229cae4df,3556,2026-01-15,True,True,True,True,True,0
82b8545eff5bfecf839e66c7ad2c07a2375c75e5ad24fcb414fb30a59b5fcbcd,6742,2026-01-15,True,True,True,True,True,0
d264012361f81256b47fb8d829d4b65c4301aa8e88dda2d36e43ab9d08f48ee8,1314,2026-01-15,True,True,True,True,True,0
893415e6d0e9aea87ed51dc950fd1282609bfb69149776d0443854447b4f2f47,6517,2026-01-15,True,True,True,True,True,0
420f2def69cc13e815a3dcc8dfa0d794e72e8df1d2e978840d19e97b98e3c204,3504,2026-01-15,True,True,True,True,True,0
2b7dd1ecc997bb93e8ff8f4709ea73a3f9aadad53b20bba50e9ec3ff1363e2c8,1326,2026-01-15,True,True,True,True,True,0
5a0a54a0c98c9a7a7c8d4436997f737ef28e5e28c235242e132ef299398e378b,2328,2026-01-15,True,True,True,True,True,0
1eea64af57f26f188e63763bc2b6bd8882f1884c98eb5963a2625142d2534b31,2314,2026-01-15,True,True,True,True,True,0
38d35a56f9ad0f2cf17b2f1a337741bb04d57deacf493b4f4a05e772ff1ba990,4540,2026-01-15,True,True,True,True,True,0
11d53c3c73957c56f9a7a5caa6ea50d110c453a583709cec251121a621a37baf,2455,2026-01-15,True,True,True,True,True,0
6e0c2767c3b888ed087559d711c514bda4fdf34b7f9e8d17337396c03b57f698,5351,2026-01-16,True,True,True,True,True,0
8ea1519d72eb62ca8410b90beb955214767dcaf067ca643060760d50b2202ce0,2408,2026-01-16,True,True,True,True,True,0
f95170902440709329af0bf6237992668ad307bf1e0540f22e623bf609ccbf1a,1568,2026-01-16,True,True,True,True,True,0
9eebc5e6aef81bf9f1dfd1f74c6ed96b54c6643c70a1e27e11b312eec981e712,5011,2026-01-16,True,True,True,True,True,0
378622a6633ce2ef656a0a114cec9d190fd12aa79cbc6cef48c729e841ab91b6,1514,2026-01-16,True,True,True,True,True,0
549fc35a0ad61a2657c23867ae955a4c7a8b0a620b51f2c38890010c172a8628,1736,2026-01-16,True,True,True,True,True,0
b7f1c26df9fba43e06652ede562282193becf2eb22fb2ddfd6b1b977a62839e7,3042,2026-01-16,True,True,True,True,True,0
73ae3f9be36fe391d1ed15c5fea8a1ff1bad4ba1c481e944a38b559951dc8e4a,6605,2026-01-16,True,True,True,True,True,0
7a8eaf34cbd6b77fbd2af77b2e8e094d6e5a633b625ae7a0edaa2b9426c4f92f,1597,2026-01-16,True,True,True,True,True,0
44c65b6f7a61eb370c4f682ab53b7ab8dbdc0dac228cde910be35b1889db06d9,3006,2026-01-16,True,True,True,True,True,0
0cd8014eb9e7dd5b7cce07e9ee2fdd182dcf8fe89cd1e6f80487fb74813f2677,1513,2026-01-16,True,True,True,True,True,0
825a1f2a96fb624ce2e8a0c2a3fa1b39e0eda9d51afe7daf314b8503d97606ac,2025,2026-01-16,True,True,True,True,True,0
e21a1f654c4dfc1eda6f7b1e7fec4eebbda67f1a34751361902afcb584dac96e,3597,2026-01-16,True,True,True,True,True,0
51fc11cf6b10fc123db6613b18c7f650333504e3ee20dc4a8550becb201bed94,5434,2026-01-16,True,True,True,True,True,0
8456107c358ae120be157dc82223db708b6a748b80bdeb672eb5e3c3cbcef97f,3189,2026-01-16,True,True,True,True,True,0
6a6061ca6615b2409591bb94589b1b3937a44f054ae6d81f8f55b077d3945bf8,6215,2026-01-16,True,True,True,True,True,0
3fad47e06538611087cbaa129d6a24c21962692f2a6d8b4683fab7670d38afcb,1709,2026-01-16,True,True,True,True,True,0
09f0846bebc4cd631c48ada594b975109a59bc565c06be9499d1915d75a273b7,3088,2026-01-16,True,True,True,True,True,0
04ea4a947f375869d50f98bc57e45a7bf3e5f617e3e0a638453237be58df7dd4,2369,2026-01-16,True,True,True,True,True,0
2013f470e0e676731402efdcd3305852761522afd8a76227d898321c9b4c1fa1,1536,2026-01-16,True,True,True,True,True,0
5d13ae1ede32f8655bc35e670b06bff5cf27e32e1c8ed318aa095ba7f3d9e8f8,3675,2026-01-16,True,True,True,True,True,0
ca0bed71390beec9a7bb27dba68cf5a07d56bf7ce9d3eb1b5b7bd79274d03342,1303,2026-01-16,True,True,True,True,True,0
06371731291fef4a045115f5f1c25abbf3a48fbdbf30a9b436354994ce85f30a,2457,2026-01-16,True,True,True,True,True,0
f396882b26dc139b3271753d9d000d9b9ffe599536b7541826314b89d6b1c8c3,2302,2026-01-16,True,True,True,True,True,0
817bbfc6822e606990f30db9d7f6886caff6205fec199f79022efc6dcac9440a,2337,2026-01-16,True,True,True,True,True,0
6ddc13a280d4d2de095a976a6d3310f5bafd09133600631455935dbe213dfb23,5289,2026-01-16,True,True,True,True,True,0
84e7c3030a0e6222ad1299fab83518583df0fb7a03455f8fa199b6861fb67b57,6570,2026-01-16,True,True,True,True,True,0
9d971aa0747ac388a6b05f72b294ea998d987150f790fc4f967cc9a4466cdcea,4513,2026-01-16,True,True,True,True,True,0
55e23f24e8461ebadaa4cb7eb4d0fbb0af5fd4282ac393d39286630ae2522cf6,3308,2026-01-16,True,True,True,True,True,0
32fc4afd8a806ef48544f0b245615eb826bcc05c0d8a17066528f270cc61ee54,2308,2026-01-16,True,True,True,True,True,0
8d1c02730380024e25b9ac89514a5c52217f41e8eb8b1cfc7eaebf50b3b38639,4561,2026-01-16,True,True,True,True,True,0
8b64419f5c07607c1c2d4e321dc8a9949b0b292eb2b6ab5935f64a2ac513b27e,3322,2026-01-16,True,True,True,True,True,0
7ff38e90005f00066e3470584026a7b322e5621a8579dabebf7cb39c7fc141f5,6414,2026-01-16,True,True,True,True,True,0
31d9fbddb787d0e3a51707ec7bebb5a9891eea4de3552b98160efd22b83063d0,6226,2026-01-16,True,True,True,True,True,0
0b046ca1de4de44e8173332d3441df9b991575a2605ff736343e8218aebb92bc,2382,2026-01-16,True,True,True,True,True,0
5a6888c2c590c0e8bf06da1ba046aa5043061d6fc2b843b5874e2cd3fdd3ef15,2303,2026-01-16,True,True,True,True,True,0
145666fdb3ab76cd0786a47bd733fa71700e28b97a272c2f2e74b56c57f13392,2049,2026-01-16,True,True,True,True,True,0
c63e26ca1f533eef41ae423316dccc558ac0cdd837e7aad59368dbac6856315c,4533,2026-01-16,True,True,True,True,True,0
b10d31bdf0af8526a581bf0be474664f98328361b9dc0ca7e2cf87ec288d3e79,3015,2026-01-16,True,True,True,True,True,0
cab885013374c75c371480d785ee1b5c99fcd9ed9517bb61026a755d294d5e18,5426,2026-01-16,True,True,True,True,True,0
294576cfb0511ea4d7972474de3c5ac09f31a3e7d36a0632374363bb37b2d0f0,8104,2026-01-16,True,True,True,True,True,0
9a6bfe0e5b7dd9048fb9fa3766298a7f5239bb344e26b940ac54c1a8fbb63478,8255,2026-01-19,True,True,True,True,True,0
f6ff207862093bb5da29cfe7d03e8cb7534b2a7dbaf61840ea45b1f545179ce6,2231,2026-01-19,True,True,True,True,True,0
0a30c3d2b712bcd35516792cf99123be35fc9d1b05f9e626f0bccb91c26c712a,6147,2026-01-19,True,True,True,True,True,0
27bb080f542b63f08ff1a570a7902ddee3de59cacccfd6ce64b05cf063020994,2413,2026-01-19,True,True,True,True,True,0
fd6b30fe57ee28296b91e4b822ad573d9fc5f889a66f9865cd947c382a5703f4,1402,2026-01-19,True,True,True,True,True,0
f24b0284aeeae927e4228bba37152ff96bb33024587689b6637a5068b2f7b1eb,3704,2026-01-19,True,True,True,True,True,0
81a0c6e4f1b7d3db543eb4bef35d3fe634be6999afde0166c69aacd05f847a02,5299,2026-01-19,True,True,True,True,True,0
3164143541b14c2c46cfb698ded234887ba604c4ba1d7a6c7015e86251adf581,4919,2026-01-19,True,True,True,True,True,0
cec9b6452a0c2fe01d78a3c48410686916b23b124f845b0b78c49f74af611a25,1611,2026-01-19,True,True,True,True,True,0
6f60fb5c12f30faca1b96986bac1fceaf7bc1cd4612087435cea0829ecff908c,3535,2026-01-19,True,True,True,True,True,0
6dfc484bca5c50a8d1b0a837b3c23281c7e49201628f685afb28d38fe7fc9ec5,6275,2026-01-19,True,True,True,True,True,0
aa4b0cfeab1666ae40eb0b2404b9afe2aab5a3356a10a77d692fe4d7423a1f05,2425,2026-01-19,True,True,True,True,True,0
4a0eb112c7be8c63e778e36458b8e557a82a40d1188f3da9d944db7256080ea9,3558,2026-01-19,True,True,True,True,True,0
3d429ebcf12e83ca42b2ba436865829e04daa6c15cb53e094353469377e461a6,8121,2026-01-19,True,True,True,True,True,0
5d54fb2cd979f8c718c1fb353c67fc8a2c936d004ad6e5b6d31ae796541064c4,6531,2026-01-19,True,True,True,True,True,0
f1b2c0a343b7d4d478d507cb8c5aa5ba53c581994364879746ca2b6f8cf911cb,5475,2026-01-19,True,True,True,True,True,0
5ebdef0344a157474974cff3f07b9fc70de045983a8a52bf89ae7c612815897f,2344,2026-01-19,True,True,True,True,True,0
009b00b59b2eea7b7c07aad45f2195ed35a4fb6a8ed8dcff1aa86b577e2659a6,6202,2026-01-19,True,True,True,True,True,0
3afbbbbeaadae2f7b7d2f8fe3473ee93f67a35c46b000631a02101784f42ece1,6279,2026-01-19,True,True,True,True,True,0
cde2fc0cefedfe398ddcdcade2b5655804a48328dc53f333fc1ae4591a20b277,2243,2026-01-19,True,True,True,True,True,0
626487ecca30cbfe7c85f3e7652bc93c5cdcb5467f9d218dc1725533bb77465c,3317,2026-01-19,True,True,True,True,True,0
89bf07b3421cea1e291f2c431bd4b043d6f76adc0b6d037e678ecabd5ad466d9,1815,2026-01-19,True,True,True,True,True,0
a4e9e1dbe3479b98dab382c9b309d0a6100cbc39c9878b062408d8c39aaeccc4,7709,2026-01-19,True,True,True,True,True,0
9c0f3a3bf0c9a25f1b7fbacbf773022fae4314f9c4567b0738865408c477a291,1451,2026-01-19,True,True,True,True,True,0
ea2ad42d1e1f242c7ccc01fea04da37de079d6d0a5779509f23f1cbafd8290d5,3708,2026-01-19,True,True,True,True,True,0
906f2d3e58de6984ba44ccd828b6a090d684595ab04b2c11db32c021b8c5c2e8,1515,2026-01-19,True,True,True,True,True,0
5420697e572bfbfe9fbabf0106fe10c0876df63caef896ffa3b34175deb05579,8261,2026-01-19,True,True,True,True,True,0
8cd45aad1c3a22739f0d486131230be056cb93c88d5caf0648e6ab48852a5d5e,6217,2026-01-19,True,True,True,True,True,0
53f0b44c82e9fbfb93f6ed494812ba65906d8d6936b763ca4693e9963b97105c,6683,2026-01-19,True,True,True,True,True,0
5e73676d8c22ad0309421961a32a9bdf48a60d164cd823ecfc8fb6df2d4b8249,4967,2026-01-19,True,True,True,True,True,0
d9f29251beea28ff30385727a02f98516393ed71a7b8b302503a7fb45c46babb,5471,2026-01-19,True,True,True,True,True,0
0f59428097fabb82eeef7edb801e467c178d1e49ad73101c45ccee5c389689d2,2104,2026-01-19,True,True,True,True,True,0
ec1c8f04649d054bfc97044ee7e4fe961211f505a0ec0790cbd6464e145d2410,6285,2026-01-19,True,True,True,True,True,0
db0cea6d60dd6ad93550b2dba07cfccb8839d300695f4889391fb4b5bdfc9376,6548,2026-01-19,True,True,True,True,True,0
8584db5045db292e9e3f8c71759d4c0317165948ec47a5680a520fa89c080b9b,3357,2026-01-19,True,True,True,True,True,0
56537a94e09dad8bc620225725d418bdcf12dd6e6c6858886d1f8118764bae22,1612,2026-01-19,True,True,True,True,True,0
02cfa54014f61fa85eb9c70f5d1dbb3fa2adadb489a6cbacdd1414d2952eda36,5468,2026-01-19,True,True,True,True,True,0
7f6df63ad8f1a20ffea8e610471d011c42f11a9aec92574d895c6cab7794fd57,2401,2026-01-19,True,True,True,True,True,0
42d17e78dac2bbcf79adb8651ede81c706660be3f4c8b7938f9c34b0b0e0b7a2,5222,2026-01-19,True,True,True,True,True,0
c2af97b5d85b92b541a2a879f83ee3c7d71522f54216fb3f9610788775306a04,4540,2026-01-19,True,True,True,True,True,0
b59fa32ab8855243854ec43843bfe01b6ea86cd07cf689e8cf35622194c413af,1810,2026-01-19,True,True,True,True,True,0
b0fb990828825ff6c9a73515dd1abc060e24532d1a22a0a060e859852c9c12d5,1503,2026-01-19,True,True,True,True,True,0
dcfec0f61d8a9cf16577299c28552afe4d5452a8204efbcf44019f4d9fef4ee1,2371,2026-01-20,True,True,True,True,True,0
8494d73715a6fe8deb2702f72ba49d2d51c452b31205322c26a5a584b4c3c16c,1609,2026-01-20,True,True,True,True,True,0
9169dd51dbe1b9bd812b919a1b38f9cd064d2e6e03d5fc715a74704c3e0a7ed3,6156,2026-01-20,True,True,True,True,True,0
e2519a501a72f5969311457f5bef2664f585e1b72449e826be8388a5d5cc19f4,2484,2026-01-20,True,True,True,True,True,0
61ad23808a86dd053667c8ede61563ee1aa593c133773b5616b5d9dab20ef2c2,3081,2026-01-20,True,True,True,True,True,0
eb0ff5670dfa55536a2d5cb105cf53c3adff25a0b96e90c48ee98b1444c31521,5302,2026-01-20,True,True,True,True,True,0
f49a46906773163409ada885c072f53d11743ea3fb70be56a22b06dab8b64da3,3016,2026-01-20,True,True,True,True,True,0
8c356770cf54f211c138fc3ff1bd12a462fcd03b86cdcf33f002608ba7bce120,2610,2026-01-20,True,True,True,True,True,0
357a41430b8cf1c49d44c6ea2d9b8d047dfcfb920ab1538a21cfbdc47576b1c3,3339,2026-01-20,True,True,True,True,True,0
d237edc9e0ee02ec43474ed17ed98d8811f6d952d0e38199088808cb528a3e4c,2351,2026-01-20,True,True,True,True,True,0
2992b431cefcd1fea65922dddffc3c79593984358c059c48e727e2fadba76acc,6415,2026-01-20,True,True,True,True,True,0
871a2f49f511aed7426282882212288292c750d722166a2c46b0de43dc6c5227,8086,2026-01-20,True,True,True,True,True,0
7aa299b1bd4c2d0e534eff98edc19a7d319379c9ea91d2bfe99d78d2daf947d7,3707,2026-01-20,True,True,True,True,True,0
d96ba570673f193cf62f2d78a19bbe12ece91f99cac8cf1df64990ef74d8c172,2436,2026-01-20,True,True,True,True,True,0
fc88020c3e62c8e517d362843f8ea17303fee7a020de6008ac3630cc9ba30b54,8024,2026-01-20,True,True,True,True,True,0
e4a119d872b4648c70598f82b363126ee05b521c81baf565df2a8634c7ab6dcd,3543,2026-01-20,True,True,True,True,True,0
9e5975c5a79438b0bb37c0a5132f5905c31ced59ba1ad1098a0a08ecf8cd0ece,6515,2026-01-20,True,True,True,True,True,0
44b349d2720f9d862c0de1e8af90d1d65ab325f957471449d174e6c0b9c4ab88,6753,2026-01-20,True,True,True,True,True,0
12b6fc3fb66386532020220e9f6c7bab0a9414d294998c9c369aceef8e3a215f,4939,2026-01-20,True,True,True,True,True,0
f2e23fd4797aca53d9fbfaab180b55c54be4b4753414c6fb6ffba8fa7c495948,6525,2026-01-21,True,True,True,True,True,0
c40c9507fda437565c95f195dd785c6dc152c29621e0713ec4d9e883c8b2a01a,5285,2026-01-21,True,True,True,True,True,0
be2e4c3fe01a6195b2ccd96744524e53f3a55e3557f7843bf1cfa719b1182a62,4127,2026-01-21,True,True,True,True,True,0
9f79bf5a612daf80aa7bb5260f70ea000f77520c98c6a6515778a127ef9788ac,4934,2026-01-21,True,True,True,True,True,0
b26522e3c4c87e388add22b23b320ec63d4caecf33d96a253eede7e03fa9124a,2302,2026-01-21,True,True,True,True,True,0
6a3c4b684b05352a91489c5df97b1c5e69d9c9058a4e309dac43a4ebbee31e75,7709,2026-01-21,True,True,True,True,True,0
802aeac6cb52d6283e898822b5e3de32d9debb7a8211cb571439adecac378a98,2356,2026-01-21,True,True,True,True,True,0
8addc027d89e6158b5ee1e80999aff5e2a819acfee1c3abda05311520f19ae5a,6129,2026-01-21,True,True,True,True,True,0
3ed5d27c3d238ed12eae3abb7b5ecca0f7f9b1e98c02bb8301bcc19aad7bd55e,3094,2026-01-21,True,True,True,True,True,0
674e0153673a6db416840d11a90c27ba2e7e1bbea7eeaafc26be9d9009792439,6573,2026-01-21,True,True,True,True,True,0
a3bbf3e69eaa5315c817a40d006ace4cfbc227e918805ed550411469ee17a6aa,1569,2026-01-21,True,True,True,True,True,0
3850af90a919637dba091056b5ab60d423bbecfbd23fdea45d1880e0b0804573,3338,2026-01-22,True,True,True,True,True,0
3d7f8d27d067291faf68e28261663c12a48a53337c55d36bd7c2a4922b3b1537,3234,2026-01-22,True,True,True,True,True,0
b8369870c87641a116a94e3b247d85951c879efb84a17e373ebfac56c4e0fc74,2221,2026-01-22,True,True,True,True,True,0
2474d970f482c376f7b82420f03ba958de005c2ce4bc5614b866ba9556a7f42f,5488,2026-01-22,True,True,True,True,True,0
a5e5236cb907911ed8f9300266f126dc549c11a84f379bd0d616fab0831acfa9,3526,2026-01-22,True,True,True,True,True,0
98a6fc343045b7c4c3261602ee3b51bbe8fa74b2fb10d9986bf361d0bbe7e355,6142,2026-01-22,True,True,True,True,True,0
d904d4b121df9e7d9ef750b0d54a1cac33b2fea90f1a9059d4978f9a845a3801,2636,2026-01-22,True,True,True,True,True,0
f7c3adeffe616a6b1de3feab40ff4688bf2216f09f9916e78fe910f6b73ec7a0,6202,2026-01-22,True,True,True,True,True,0
a65db647fa1598e7647c4a30ec347c6d5be1e33b6dba9c0bdfd5ba438396c583,3362,2026-01-22,True,True,True,True,True,0
cb5299d2475f9543b6ee5d27a6dcb453c109c070e30c5831d8f4c737f0c4bfeb,2546,2026-01-22,True,True,True,True,True,0
de11cc8d1d68a2267a71c6690375270105e8ed6b8958730e0392bc7c68d02850,3556,2026-01-22,True,True,True,True,True,0
7af16e8943225f3cd0a7c2cffb0c8b4546ad657e126ed28626f9a68f4536752b,5471,2026-01-22,True,True,True,True,True,0
e0f262a25f3602973ad148d9102f6fb3aa7e894e44028b56fbd0b6262c379771,3622,2026-01-22,True,True,True,True,True,0
f462ee18f86649c4a8cdd0dce877d539631084bc388d9b3c2bae7112b61828fb,6285,2026-01-22,True,True,True,True,True,0
392c3c61023544bddcf3fe99497861881e48775d7e8a2742c77edc8a860a2818,8277,2026-01-22,True,True,True,True,True,0
3665736803257c1bf554a33f9659fa248df4cb08331b10f3ddd82d55c4d9cf51,5425,2026-01-22,True,True,True,True,True,0
033482cdbb5494092dce47177bdc90685d63bd48f919c16e97ece745e6a08c3d,3504,2026-01-22,True,True,True,True,True,0
a65550b5bd234e97ece4ad5e47ee3640fe5ad2260a87c7bf98a81592b8580ef1,3026,2026-01-22,True,True,True,True,True,0
cb41cb9d28f2329e2f49f843d0b514cc57128b964405bc938a0fddc44413dc3c,3044,2026-01-22,True,True,True,True,True,0
72782018321da6f97dd023b9ad1bf570902eb21439ac2a12d6aaae311c24a041,2301,2026-01-22,True,True,True,True,True,0
b5f6685e56a9297c57a0e0f1ceba18d4deb7d2b3771ce122a355195efba33e39,1503,2026-01-22,True,True,True,True,True,0
7bdaf2cc443078de34bebc4296a108388deb49a68cf0000d232c58219315c536,2355,2026-01-23,True,True,True,True,True,0
5fa4a856f7d77332da4912bea1f079b2be13554a2ef84ea94038cd6daa88a300,3227,2026-01-23,True,True,True,True,True,0
cc135810d21e8a38c9a98c6274e6bffec273e32c72283cb6f678b6aaa8e9c052,2454,2026-01-23,True,True,True,True,True,0
7baec297a2fff31f8cfb8ce411513a427a5dd136b966069a500bf22690dddd84,2486,2026-01-23,True,True,True,True,True,0
2a9f8b3af9e27cbee9f2b27f46d18bc3b9562a2019a167cd1087246472f2a509,3630,2026-01-23,True,True,True,True,True,0
4fb80e6ee7eb8e1de0385b93ce289bb1afc03442b1289c68b34400b2962f1756,6153,2026-01-23,True,True,True,True,True,0
8d32399400ebe5776f114144ae8129dff50ad7da0434fe58789b94df884b383d,6526,2026-01-23,True,True,True,True,True,0
676c4fdf4c4f11beea46cbe706e4fc80bd6f10d1193d08ecc988f7e60ecd9d59,7750,2026-01-23,True,True,True,True,True,0
3c4b91e3c4e94e8807d03d178636567ad804545650c3907f8fd11a8abec9adfc,4561,2026-01-23,True,True,True,True,True,0
57b6e4eaf4ecbe8c7206e0545296ffb6276cc138cc45371b7634b4b6448d0e49,2352,2026-01-23,True,True,True,True,True,0
d7ae4af3321cfafa586749b8a422cb3f707f7a8023f0407788680118336a017e,2383,2026-01-23,True,True,True,True,True,0
46171814a459507307adeef2437e9121cdfc017a2b452abf0c37ddd45ab252f3,6821,2026-01-23,True,True,True,True,True,0
a61935fc46fbc2c12625ec052bde272cf17512e2290d513535a5d890d07b4ebf,8040,2026-01-23,True,True,True,True,True,0
830b35812bda5f1a10c9e280d803871120d613ac778bdfcb4b581ffe279c369d,6271,2026-01-23,True,True,True,True,True,0
50d798b67fadef08f951872f44ba584fe6e1c3eca4a3049f6cc929f1a02b9031,1301,2026-01-23,True,True,True,True,True,0
e1cb2cc6990a35a6c06b2c604d24eff33c47101195bc087587c5463edd71a26e,6715,2026-01-23,True,True,True,True,True,0
a0a0ff28e1432c8611623c9242d3de7ae1196db0372342ffcf813d95d35095c5,6108,2026-01-23,True,True,True,True,True,0
c886072482c0f296aacd49f632c112d7ed6f4ccdf1239c5e2e23459b0e4f8bf0,3023,2026-01-26,True,True,True,True,True,0
5cd3f63f9fca476534e7e1235ff2f3e4d15bd92cc2e84ebbbf14daf80cc04ceb,5489,2026-01-26,True,True,True,True,True,0
d58d064c8285ddc947b0db8c474a1f36ddf73ae01147212d0c489233e997860c,1708,2026-01-26,True,True,True,True,True,0
952d695927e208c38a187b0e9574fab14b1b2abdc640976acc033d3104cdc1b4,6719,2026-01-26,True,True,True,True,True,0
88ae6c3f4131458571ba2c3830658d4994119644e35bb0c9cb3399718daa0d22,3564,2026-01-26,True,True,True,True,True,0
4b437f690b0eb8ec4bb142a91fd69499b20dad4b46aa320dd903a8c9ab6bdb08,3071,2026-01-26,True,True,True,True,True,0
b7deba8ed49dc3cb181659afde26edf3b41f649f965686120736e84084db314d,4946,2026-01-26,True,True,True,True,True,0
0e1da8237e11668f17a467bb72ab01a383b700245615f794c9d06382fd232c4c,6756,2026-01-26,True,True,True,True,True,0
1fc9cd8fea3bfeb8841e1a668729300b09e362762a263b4154e4e5248668affa,4585,2026-01-26,True,True,True,True,True,0
85fe845bb792c7b350801ec131449f8c001346b680f8608e6010998f1d1c1572,3532,2026-01-26,True,True,True,True,True,0
0c4a0ea3d751f55ca9dbd549f81ed53e8826b20ca28a9f87117e9becdf46a40f,6202,2026-01-26,True,True,True,True,True,0
13657f4f55b3fd3b5902c6c7765f5eb2a5dd8e4bb64ce17ab1f0fb0175e03731,1536,2026-01-26,True,True,True,True,True,0
2243773f89ce621d54dad036b4f59ccf0e32f29b3ef98df51b45d78c41fafe1a,3694,2026-01-26,True,True,True,True,True,0
a91aa61a9280eebb57f206d18542559937e458079563dd177c144a22419c8c81,4976,2026-01-26,True,True,True,True,True,0
727404b1b9785aeffc9bbf7bae874a010e5e46fef684d73f5a30bf48bf7933a0,1303,2026-01-26,True,True,True,True,True,0
2241893af62deb8f47ea5ad5238e5ae030e34dc4ffbd4a9e78a3dce8f9116c86,4127,2026-01-26,True,True,True,True,True,0
03754ec2558e20c75439fc53028db77a81eeb0b06a3d002061051b2c98312189,5483,2026-01-26,True,True,True,True,True,0
2d04efd70a8940dcb510b5d7e21126a80be32d7428fe9b79cc15614144bfa9ba,6505,2026-01-26,True,True,True,True,True,0
32c57fcf45b0d0a6d242e5a408f0c0dcca86d45c97af3f4e3d4e78b490f23b28,1451,2026-01-26,True,True,True,True,True,0
cd2c2c95a4f1b10074df90f91dfc0beb202b3e51405a22e60f4d1b1dc4e606cc,1304,2026-01-26,True,True,True,True,True,0
a3d2b746adf7a47675b714df75b4bac16a5e4fe165c16a8a0144650bf7396c1c,6209,2026-01-26,True,True,True,True,True,0
27133176fe958daafd682a79aadc50325ec82e49fe4c0fb53af0282b6b2150dd,5243,2026-01-26,True,True,True,True,True,0
e870f9443d58934473da58442a4da39dee4b2c46c3e3f56a3efdfd64a4d5e435,4967,2026-01-26,True,True,True,True,True,0
835f720b2333e2271fb91fbebe1e4402824287deb03372034c56c49f8f3f88d9,6285,2026-01-26,True,True,True,True,True,0
bdbf32148743ecaf71cd5f2df2f2ddbeaea6354b6ccfe13bd9008a1428420856,1326,2026-01-26,True,True,True,True,True,0
ccb8a776f2b3a8bf92f631bc818e021d0f8578603ef4444ed40e737760781e50,3715,2026-01-26,True,True,True,True,True,0
9f15f9a0c43fe4395b76c8aeb3f5a2df0bae8604139b53b0ef1b3a8a4b3b5f01,1718,2026-01-26,True,True,True,True,True,0
cb41ffb325dba37ab7455be9a13d03269067906df61a23872c67b8d8d880e69e,4566,2026-01-27,True,True,True,True,True,0
8461ee01a7aa7596f662d8ee22b09a2343b33e68582bd28bb55a2bf21c07781c,1319,2026-01-27,True,True,True,True,True,0
b3f036d757394fb5688912b055c86d3d92f7929a1dc2428b5cd7da7dbeb42ec4,6799,2026-01-27,True,True,True,True,True,0
7da90c7900fecb5bd49891460cc7149e522c893d943f9afd832e97e2bc632c7e,3189,2026-01-27,True,True,True,True,True,0
a534b823972d04068cf462e0cb190ccec2303cb17ce2a1466ea849202e0bd22a,3413,2026-01-27,True,True,True,True,True,0
bff11a583a78682772e33814fcc5e36ac70a9769b7883ada51d53a857f79416b,8096,2026-01-27,True,True,True,True,True,0
497d099e93d99a7fae7b99b53698b89440668d2aa7d545a4c329c90c393c9cff,6683,2026-01-27,True,True,True,True,True,0
3063e9da9a53630e955d94514fd648cdfb73ed10275bbf602daf45afda14d3b2,6168,2026-01-27,True,True,True,True,True,0
9f8629fa5bf1123c21d9f13e576047dc38139d1c2c93bc5c25b3a51b480a82e4,3588,2026-01-27,True,True,True,True,True,0
19653e1e083f6e6d2ea3c50aa67bfbe230973d466ad8f4896ff9025d28161b43,2436,2026-01-27,True,True,True,True,True,0
b85290bd201571931bdcb4faf616833deddeece885c8fcb3da3061d72568db4f,6643,2026-01-27,True,True,True,True,True,0
c0e7a9d1108fb67328b6ad2e1c20f1f904570c8c52483a188b48eb2e23b1ffac,3587,2026-01-27,True,True,True,True,True,0
9bdf3c9d3e04e755549f48c8ac9927088fe72e9e9878a4527ea37bf16dcde3c9,3374,2026-01-27,True,True,True,True,True,0
0184e20e1ad5ebc413f89aaaddc9de42a4157ea82569c7355a0b31ef597e23c9,2027,2026-01-27,True,True,True,True,True,0
95da0d639a2be179c8afac96d64beb03a6ad3fcfe2a279f0d8ea30e20c78be60,6291,2026-01-28,True,True,True,True,True,0
457399e5679418a6957a5263742015258bf4e029ecc83d96448aa8061f2edae3,2395,2026-01-28,True,True,True,True,True,0
182f0746798841a502e26f4d8aaa3bb86ef83f978d8371e088ff76c1834c1496,2485,2026-01-28,True,True,True,True,True,0
c7fb4aa050024f10f2d918794454189e6ec0e24f1bbc99d70adc4081df6db3d5,2617,2026-01-28,True,True,True,True,True,0
f7b8b0cd66451f3fa1740005e6488806a5eb37b2016d8f510907aac6a146a55d,8932,2026-01-28,True,True,True,True,True,0
fc6780cf2d1ad6df91e833d710185ba40fbd627f6804c8420793a2ec340a9b80,3529,2026-01-28,True,True,True,True,True,0
243ceca540f81468539d3032fc121c686c92e437d9f55bd23375b6f7e51268af,3556,2026-01-28,True,True,True,True,True,0
ebccdd7431f3fc122676c7f7c48a408f81b8cffb3c03eda2634297b908d33fc1,8996,2026-01-28,True,True,True,True,True,0
054012cb4a7ee97c784630ecefb7617d7969431435377deb8dfca45bcf6a1686,6442,2026-01-28,True,True,True,True,True,0
2418228c31eac55573585bd752f6b0a494495de9f4418bde0690d06e0514c8c6,6207,2026-01-28,True,True,True,True,True,0
73957b879eb740c36db0311c2d1968e210d9397e9cb0e854e60a61df7a99251c,2368,2026-01-28,True,True,True,True,True,0
707fe48efe499379c2d7c6f79caaa677514e4d3a6edf1049c90ca3f1f2902bfa,2424,2026-01-28,True,True,True,True,True,0
d1734a3eb0b10c32df235991c15279fdda44fec271856ecaea3e65f830842184,7734,2026-01-28,True,True,True,True,True,0
b3f608fb3dbf220f2936afcd3bb2104c7dbd3223ab43556b845bfbadb1cf74c4,2611,2026-01-28,True,True,True,True,True,0
78b8dbfc7948d1276e59f73781aaeab687add2b5ec4a1574367ff8997528e9b2,4533,2026-01-28,True,True,True,True,True,0
a8f7f52ef3e38d2745cd6b5b08fa5030655773eb49625573ea6c6ce003d58461,3163,2026-01-28,True,True,True,True,True,0
6766871803e7ec9a67b47285a0ec99d9db121908b42e5248344d623e2986edf5,7610,2026-01-29,True,True,True,True,True,0
2b603198e57e33103ec3dc45c416de676c1b41043644a1dc478f2115c7db0f46,5009,2026-01-29,True,True,True,True,True,0
466de97197c3e73e7c2ead5f2c19dcabce3cb1bc1784f9364415766575efc7b4,6651,2026-01-29,True,True,True,True,True,0
c167e66e735ab0532480af5999d142157b68cc4024e3f476600de90898b5232d,6588,2026-01-29,True,True,True,True,True,0
967a36dd579811869aa489292391d30b8a723151cec06bada97402418d6fc7d4,7709,2026-01-29,True,True,True,True,True,0
24e64eb9d21a733e508ef9ec5e71a2099ccaf280a858c9c32860d14e1e16417e,4971,2026-01-29,True,True,True,True,True,0
e2ca51e336692d73586b0e5dfb451d8e365e370d93bfe8f757e0ca3564364b04,2007,2026-01-29,True,True,True,True,True,0
461e0a9c88aefeb5c22fc24ec317902d4e4a371ae76d4129d1b9eba83b894fcd,2002,2026-01-29,True,True,True,True,True,0
43560331ba2d3b2b4855cbd1eaa52f94a1f6db6226e9fa3c7c15979576e142db,6426,2026-01-29,True,True,True,True,True,0
96f71c0bfeb8c0673d3addd9012f812f6bda175401d9d68bb25efb45b9c0cb31,6715,2026-01-29,True,True,True,True,True,0
fe67d94e94f3a0af0cffb6d90cfc76f351d964be33827a9092c8fca107f6369c,4127,2026-01-30,True,True,True,True,True,0
dbd40696861c7592130a9f7a95ca9021629a3db421bb46d482cdd3cf65bdef37,8096,2026-01-30,True,True,True,True,True,0
62bfb27bfc94181e9b4cdb57efed42aa1d7418176bc94b9ed3557ab850ee5643,2061,2026-01-30,True,True,True,True,True,0
50f36ba2c8a9ad2036e4bfe4db1a873fd069c1806243337c6c87561fdc70841b,8104,2026-01-30,True,True,True,True,True,0
8cbe9b5946fd7341f0f504bc106d99a7e420ba0806ef6325d76d20c0380b6bc3,1584,2026-02-02,True,True,True,True,True,0
9cb982b60324b5b4569468720fddbb1db8db48b50126c887c76de2a1bcdbd196,3508,2026-02-02,True,True,True,True,True,0
602ca1130d0e9f13ee886064569c079f73ea6b22a7144f1b594b98e0aadc545b,5386,2026-02-02,True,True,True,True,True,0
0a5609461a2f76bc8d061161240cf27ae3e3b367a3a2c3a0c16f09bcb3f26a4c,3533,2026-02-03,True,True,True,True,True,0
e78438cc368c9b872e18f6d289c877e77f712f6c78bf1c9f1e6c9c61fb729089,3017,2026-02-03,True,True,True,True,True,0
a4c4fdd422e4df6df0fce190568ed07d4181b87ae96e97c8f0ff7f2d92798b8d,4542,2026-02-03,True,True,True,True,True,0
c10c1279d852a36ad7192061ab8f158ea1074b3479f4a3d1596d1758cc5e0680,3526,2026-02-03,True,True,True,True,True,0
c21c78c9eaf08e74f7a942aef139b4a864cbb75a3f01ab1ba9d9f15de9b3aba4,6651,2026-02-03,True,True,True,True,True,0
16c518a34a6389dd0570dab5831342039ea4eb5ab1be61c79c6d8f9f2db1477e,4991,2026-02-03,True,True,True,True,True,0
a4313a7954f4aa6673d91a5433904f8c4f2def72dc1813fb15df5864649d2839,5475,2026-02-03,True,True,True,True,True,0
ee5e23a3f60aff2d738a33a4a3cce98281ab5052fc937755e12a3e1dcc275aef,3576,2026-02-03,True,True,True,True,True,0
354a7bde45d1b72998b08334fa2453de3d02c37bc084da9156ef20c393bb9dda,6223,2026-02-03,True,True,True,True,True,0
5fa43c328fa5058e0f2f6b6bc15c33939b85e9544d61b4481a2d6f27605ff91f,6805,2026-02-03,True,True,True,True,True,0
be0f88c20e336d5597b20d53789ff2d33fb4674edd601dc8a44f64237645ef10,6451,2026-02-03,True,True,True,True,True,0
fed901d477ed31e0c72e84f2045adf4bc1051d9ce379dabcbb17dc2342a90036,7734,2026-02-03,True,True,True,True,True,0
19c00460b7045780929e46c77c7c797992daf13fe528e89454abe4c5f3911631,6515,2026-02-03,True,True,True,True,True,0
8c9d80cc5d5e7c25c0e74bbd751900c2aed3753b2f70a6ead7d91fb761b6d19f,6270,2026-02-03,True,True,True,True,True,0
d2b3c37abc74fe5d72ca3998df64fb35b34579d296f1f3cfce65d13429340797,2355,2026-02-04,True,True,True,True,True,0
1a4cba03fdc8ee6d2a036b70a0e6d8bfa56b66a3fafb471e1cb2b78e637e249c,6538,2026-02-04,True,True,True,True,True,0
8d104e0a1d8a84735c3ee2bbe459e1365d490165a458e9266b4995096b59449b,2467,2026-02-04,True,True,True,True,True,0
b048b7adb715165b7c4f2a3bef0413810340f1c65f6fe6ed3f86d4aa256ed4cb,1708,2026-02-04,True,True,True,True,True,0
37ffcab2ec2cf2148f1fd3fdc9a88264cbf54f17905e036bd29c65bc9c083cd5,6830,2026-02-04,True,True,True,True,True,0
44dce899c981ec47c25cda6a90c97912f2cade409e96b0f75f29b7b8424f3e1f,6244,2026-02-04,True,True,True,True,True,0
22995d3e6389ff1c5733aeb786c110cccd3cb89c6a55acf664687fea6b280877,5340,2026-02-04,True,True,True,True,True,0
4132ab4e22c2a246a9ca7d2f6bbb4a04430768337d06d858429a9f1cb6b17489,3285,2026-02-04,True,True,True,True,True,0
b8446dcc66a0ed2a3ec0c073d5d26380b6d154c1321511a3cea38cb6b495af4e,2383,2026-02-04,True,True,True,True,True,0
58cc938e4ab83281d110073783f7903d8930a0e394d1fe2c69d813304ee651f0,3023,2026-02-05,True,True,True,True,True,0
932c82e7ff1b2b945df9b9e55866b16952025e356f6a3f31fdbc7821c1c22bd2,2486,2026-02-05,True,True,True,True,True,0
2015f226343bf49af877ab802857934ebf1b6a8158c8d1dbf8574d00d9acfbed,3234,2026-02-05,True,True,True,True,True,0
46877bad52e89b224f85853bc43fb2487345d21ce471f524415e1a06eb793561,8210,2026-02-05,True,True,True,True,True,0
e0bae714c946539a03fb52002ce895c52e84fbf45123a4f49d7473eae7ec29ec,6861,2026-02-05,True,True,True,True,True,0
451096bb0bd5b53a9cbf065c04f1b9094a5dafcb62b72445fa903805752094fe,6672,2026-02-05,True,True,True,True,True,0
bb109c20a27d71b7476085d0b47eab1f8b5afe00a6569832a787693760117ead,2483,2026-02-05,True,True,True,True,True,0
5a5d5b057f6fee1ce211289e84f3647624f4dcfbc771a90c6ee83a708118a436,4960,2026-02-05,True,True,True,True,True,0
ec1d23565a075cec25a951b06a1cb548613a82eab9ac2ebf7b2df11591fe7e7e,6642,2026-02-05,True,True,True,True,True,0
4f77d0c352ba81f3a41025a1eb53d147adbfb02de601a687330fa2223dcda556,1342,2026-02-06,True,True,True,True,True,0
5ccdd6908d13e27a7bec0a5c30a35138225accea645b4c97c50039ff2dd140e7,2454,2026-02-09,True,True,True,True,True,0
d9b038ef6928af90e35ac29f348b9b2c97d2ea4812e2a33a4beb64e24de413ab,3526,2026-02-09,True,True,True,True,True,0
7af15a93b3bf95b0bdb0303d6fa7771d3b8e6f7ea052d303b2b508e3ca80911b,3711,2026-02-09,True,True,True,True,True,0
9c445ac8bf19a3e9b63dad7bc1f6182ff966be7f4af5035e29bfc20040877781,3167,2026-02-09,True,True,True,True,True,0
292a17cf858fdb684da4536998cd235ddbcc8217aea7f5dbc6bb1e805678939c,2345,2026-02-09,True,True,True,True,True,0
c0f2822f6ae1304f1982ce1d6c94de9968f3ffc64549201bbdd1deefab44cac1,6290,2026-02-09,True,True,True,True,True,0
70f9a7ab74757dcbe9ca2b34378888976e66fb79380525a9615538ebf97dbcb7,3324,2026-02-09,True,True,True,True,True,0
1d7b110539013606c34a0a04f38f8f1ede694c4d6831fee5cace968741f8f6f1,7734,2026-02-09,True,True,True,True,True,0
c01ffaf653ffd3202022833ea5dada7feb8743f01929752a82dbb67ff3492133,2436,2026-02-09,True,True,True,True,True,0
75b2e1937131b16fede65fddf3804633ed2a78078f671484df2767e3baff0e21,6584,2026-02-09,True,True,True,True,True,0
8d7d3862a757aeecb1d42ce6adc5ff36e537013745a5406f3494a4b2ae661a26,6642,2026-02-09,True,True,True,True,True,0
fee50245e0ec736ddc80d39e66a387fa4940efe99dd0a5f5a2ec1201cc8cddae,3163,2026-02-09,True,True,True,True,True,0
5973df5dbfe4d8c62be2a98f58cac109ffd965eb02c45a968c2cc0baed726b7c,3550,2026-02-09,True,True,True,True,True,0
f54304a2cac4c79b5d3a18b607f0f1ee629b398f62c8312ba8b026ce141d3f4b,3147,2026-02-10,True,True,True,True,True,0
0ea3c88d389555d741b4ffb842e9530bbcc0b962f88a58b085222f17abe97b5e,2330,2026-02-10,True,True,True,True,True,0
a3b764d108e48c43f54aab8c4fe6e1868eb5528fc53a46f37114b4fbd0b288fe,2414,2026-02-10,True,True,True,True,True,0
cb65e57b36c1708b1d1fda8a063d3ca6bed706a7bd921078f452d827f4396ed5,6202,2026-02-10,True,True,True,True,True,0
e8ab6636cb6be0f694b6e4bd55c2e4cf3ff70881834d6a2dfc566336d5073b84,1476,2026-02-10,True,True,True,True,True,0
19c08a1bd57b5f32bf3c7eb30bdad5d36b17481669bdaf88f69761b9a78cdae9,2460,2026-02-10,True,True,True,True,True,0
b93c63f295cc1ffe33117333a19c292baff1e39d1bf4c50a67a0fd2e2b358b67,6442,2026-02-10,True,True,True,True,True,0
a20a056135e71e4f73430e0ad46d2732452a571c86a219ab2fa3190524072913,6426,2026-02-10,True,True,True,True,True,0
33f010556b86e25c35b7734433855b23e045469c803e108a04c3105dfe409686,3036,2026-02-10,True,True,True,True,True,0
776e24c67cf3d166f533935052e45ead832c8f8cb2a1e387686a0d9bdb1390c0,6789,2026-02-10,True,True,True,True,True,0
32070341639145c74fa3b58e8c5f17e64233773c8476cc624f942c6c2abab55a,3528,2026-02-11,True,True,True,True,True,0
04424cc581039da7aaddd4d03d52cdbca38f39ba41cf03dff75ac60d9c93b383,6291,2026-02-11,True,True,True,True,True,0
18928a69a4548f9778ec14fcad476e8485f4f2abe157f0c634f81943bd190ac3,2337,2026-02-11,True,True,True,True,True,0
37b00a875e47a0d5ac82b9cfb0be46f316727b90ce45939b01d3e5401acbe8c9,3230,2026-02-11,True,True,True,True,True,0
fc831cf96721bd8ecac838ac42dadde2e22fe445a86b21d1c5b5c08c766d5699,8103,2026-02-11,True,True,True,True,True,0
cb09f01ffc964d1bec0b17f655ad6b0f7113fb1d16cfa64f6751319900cfb992,6278,2026-02-23,True,True,True,True,True,0
0adc58787f4721c4197074c7bd8fbfcca9e95e027ca0627f1db33ad977a98155,3105,2026-02-23,True,True,True,True,True,0
094095c45530ec635097ddec4ec228bbfceb031e831fe77316fec93e928abea7,2108,2026-02-23,True,True,True,True,True,0
a1a21fb802de4aba8768c2969a97e89e9e42dc16159724679b31d5ddc7c7414b,2395,2026-02-23,True,True,True,True,True,0
52178d4a3724f664a2bc5cc7516062ed2c60133a972c3dec8ee913f9b47cd479,4908,2026-02-23,True,True,True,True,True,0
23401546502d6767e07537ca040ac518e582d59facd1888a0fbb39b0453e34cc,1711,2026-02-23,True,True,True,True,True,0
2d0f0dcc0a2e91471688394eaf1b9803d5f7a7d185f9d25d42a3ebd427c3ef72,1438,2026-02-23,True,True,True,True,True,0
7fb56a58706462adc5c0e963e6f07376abaef00a567d11ab3288761b7b62eb7e,3491,2026-02-23,True,True,True,True,True,0
5015190ec314b5050166a83c2646fda696cf4ed1ddb0705dd1c5f23bbeba52df,3360,2026-02-23,True,True,True,True,True,0
ff98eefd7f253dc780ca32089b211b2e0e2ff56e8dae3725103b54a329ddbd9d,3189,2026-02-23,True,True,True,True,True,0
b0a8ea0db24483596d952f03c65f592bafd9560a619853d4b7568e957951754d,5464,2026-02-23,True,True,True,True,True,0
4bf942be355dbeccbd25ee9c9e1dfe5e6002ed81e2cfdaa29f558d0f1b6d8a64,1303,2026-02-23,True,True,True,True,True,0
a58504706112bf9b2608e998af4c71e5ee25d8ae955fd87822e29202d79ba207,2103,2026-02-23,True,True,True,True,True,0
00005a08721cb4a333afffa909aa5d7d51e1e1020f864251dc9dbb3fa8d3f01c,3529,2026-02-23,True,True,True,True,True,0
403f9ed596a146f89f2e30e397ba19290624018f0885498d67ac88d21feced09,5607,2026-02-23,True,True,True,True,True,0
97f19a8e7108823eee0bf5c44285edf8d00b4d1ee2fcaf3104d9e342fc717f5a,1476,2026-02-23,True,True,True,True,True,0
635141355c769c96f9a11e68d6d2e7d46b5c748d0ae1a95692dcde870c7e9c22,3037,2026-02-23,True,True,True,True,True,0
131acaa04601b5a256760ddc26c65ed1dc378b29581e513ad0d2c56efd1e47f6,3363,2026-02-23,True,True,True,True,True,0
34248d1b966c833c8b0faa915ae12d1b98e1a7d4e31fc583dd7b84daeb17701b,5471,2026-02-23,True,True,True,True,True,0
6d9c7a02cbb6b886f88972405bc024f8e6a7d06a01c5b062c70522a6a39ee175,6187,2026-02-23,True,True,True,True,True,0
1df77e523888ae83d2ccccf65067130516fea8a758f7014737268a60b187cc83,2360,2026-02-23,True,True,True,True,True,0
ec1229d16152d7c183ccbb4b883ec8b28543458225be7171ab1d19a44edab8e9,2208,2026-02-23,True,True,True,True,True,0
075654e56baf01e997169b8907502be61d18042c12e50f53f432163845c31161,3026,2026-02-23,True,True,True,True,True,0
8dc01be54e948910ef249515472b4f22aebeda6516ff3f9ebce09166cc8eec8a,6642,2026-02-23,True,True,True,True,True,0
9804c979878087dc0675322515fb7456d6e9f73d060b243ff9f1352981c58dcc,2851,2026-02-23,True,True,True,True,True,0
22cac8a2b22786e4a1d08b16e318e91c40eaf799fcf39bed6a1c5bdcc490722f,6271,2026-02-23,True,True,True,True,True,0
d80b58d817d89f340a95969aa0a698605ed3eb7d40cdf9b0707ff32e9eb37375,2313,2026-02-23,True,True,True,True,True,0
ad78fd1a2ba1ef09ef7c9542ac6defb8e42827a6c048cf1f99437741ea2ea000,3596,2026-02-23,True,True,True,True,True,0
727f72b16051317325b0c31e3bc7230155ad71d1459c7d07da3e85467ceaf4a2,4722,2026-02-24,True,True,True,True,True,0
11d7ddbb755095e407883fe1424f4830abffb8464916a642035448d6d279cff6,6213,2026-02-24,True,True,True,True,True,0
784f8ad4f1ad80e01c028ccaf5f219bd61f94de9e39172ad066eafef7ce4528a,6274,2026-02-24,True,True,True,True,True,0
092b47cb8f3f7ef13406c714db38b96ce457d8479c5b702cd2674e4a746e1f74,4958,2026-02-24,True,True,True,True,True,0
6956b77e2bbc32e2cbd27efb80fbb1c5aba3780b90a26c792dbee6c0f932279d,3042,2026-02-24,True,True,True,True,True,0
b8b24889ea809cf6a8df367e842284a00c7fe9e7d4182fab32733f146a72bd3a,4577,2026-02-24,True,True,True,True,True,0
e579f590f7d6f89b9aca51511bfd565cac17d87a0a97ea58622152efb61e8bba,4919,2026-02-24,True,True,True,True,True,0
6e7e25cb6d4258ab140636123be95b758bef6baf4e36a4d172305db23c7f07ce,6244,2026-02-24,True,True,True,True,True,0
3c2ef12cf1b473dc1caa05d74b817edaa853ae5c8054ab9039b135981b9dcdda,2414,2026-02-24,True,True,True,True,True,0
caaab311bee9b4c6c60dab7c1cc027daa98db6917740eca94af21466eefcbc7d,8091,2026-02-24,True,True,True,True,True,0
b6c5d7fa69700b9d4d1386ccc71cd823fd1ae3cce62b153d83493f83b260d111,4946,2026-02-24,True,True,True,True,True,0
983ae1511f66a17eb6ce4db7b4dff0175c88089ebb2f15835af40c20acc65326,5434,2026-02-24,True,True,True,True,True,0
2c7a3b1776052d8fe654d904c4488f54c89ad3dd05b9a7edf395fdef4f427bba,3450,2026-02-24,True,True,True,True,True,0
3ef329968657863fb20a8b1ba8e5650c4b8e10f54e4fab0a9f8b025dff6c2011,2535,2026-02-24,True,True,True,True,True,0
d6c0bc2597ff05ea4f026aadb1e2d4887b4e10fceb1d3f9adcd58405e0254b6b,4991,2026-02-24,True,True,True,True,True,0
2cbf6bb089b615f35002c67f065842afeeac103b1d0efe33f01b3c6ff538d545,3675,2026-02-24,True,True,True,True,True,0
ecbf7a34b4af8cb030a313956c36ad4d6479926425307aa3abfc9a981583a109,2428,2026-02-24,True,True,True,True,True,0
56f61cfa2a472434583acf86d2293482e3a4e0916654a4b33ad0ea8cc1936447,4971,2026-02-24,True,True,True,True,True,0
8ed397b60d42d5fb36fcce69aaee47fa296e8b639530ac72007f76d2aab87577,2460,2026-02-24,True,True,True,True,True,0
a6cc81b4a07589d8276b3df896d837dd12f3e61dbafb8b5370deeff4cb9369d1,6217,2026-02-24,True,True,True,True,True,0
dcc8cc0c69dc52a0bda3219ad4a47efc1454419f2c441606ffd3d23dc1b3d2f7,2104,2026-02-24,True,True,True,True,True,0
cfd4e4d418692daaf799f23cbbf09e28c106eb3f7c739acaa78e7e639192ff83,3702,2026-02-24,True,True,True,True,True,0
4a6b69c4df7d298abbbbf3c0a7025b859ec6b8c24765d55a5e119288063e1523,3583,2026-02-24,True,True,True,True,True,0
89d14013627918e91ab881d457c100119ec7cb9f94dac1e6083a3bcb516954c8,6530,2026-02-24,True,True,True,True,True,0
341c30cf58c96747dafece47e2a9f537fca693e235364a063900ee9f8cbef8af,6269,2026-02-24,True,True,True,True,True,0
e6f017d337c03ede3d3c7a1f341f896c14114a6cb8e638ebb75ba3763bf1abfa,6770,2026-02-24,True,True,True,True,True,0
2bcb5bc4b3eaec9bf3aa88670f119c8c073e0ed001b07e65882fdcca817c8362,4564,2026-02-24,True,True,True,True,True,0
5f22c0be7594d6ed8a63c1c84088c7ffdb3ce35291d997eeefd2cd8581c99b9f,6715,2026-02-24,True,True,True,True,True,0
b3507ee9664d5565c974207b5de75d88a32f20ce8bb169a4efb99cf22d24fb72,2455,2026-02-24,True,True,True,True,True,0
8ec1c2136e85a44d4c61aceec02f6ec4e100d5d83245a4153fd93069fa2b2c76,6278,2026-02-25,True,True,True,True,True,0
cb6c5035092f6e30bba258b5156510ba58e4a843f85597ff7d31824e3944d193,2413,2026-02-25,True,True,True,True,True,0
4af4d37b59c74ec898a414ac75459086854cb1aa17d2a696b7670505cd3240ed,1802,2026-02-25,True,True,True,True,True,0
9bb064981170f4a0c832291ce087d31273380edfdb38880ce505b2e0092199a4,2395,2026-02-25,True,True,True,True,True,0
2fcbbdf16ad52c808914abf4725e16dbf39968918ec31ce1b13b82b7b0118fb2,3533,2026-02-25,True,True,True,True,True,0
2eeb4010972d5b4b3258cb693f179b1d90ca02cabf563c2f728cc5296ddfae2e,1438,2026-02-25,True,True,True,True,True,0
2a9547c076e7f9235e04db369ac58aeb37781d52e3842f163ca09c1d9c76c033,2548,2026-02-25,True,True,True,True,True,0
51d7aee38b85cd0d3eaba980e2de1864044228ca55eef4e47532c0c000be685b,3558,2026-02-25,True,True,True,True,True,0
08033b8268e63d63bb4946b916c4aa771a47ac74ce5afbaca8b6d9f27efc8afb,6505,2026-02-25,True,True,True,True,True,0
28184ff25657dedaa0d5bde0d5ae39eb09500f26e0ac82f1277394c2d328e452,4764,2026-02-25,True,True,True,True,True,0
63cb7d0735b787899eed2a2956257fc618679b2d339d83727468a110b288a35b,6405,2026-02-25,True,True,True,True,True,0
1dcc987801146e006dd4abf10bbede1049fe8680906c040835eec9d71e48c72a,8021,2026-02-25,True,True,True,True,True,0
87713081731ad6492c7b34832bb36dae84f30e0756128bbcce71d7ccae0add9f,2483,2026-02-25,True,True,True,True,True,0
3c52aed0e76d677f99c012fb192f4b5404bc64bc8f61b467d971bc4f82aa0ea2,2605,2026-02-25,True,True,True,True,True,0
8b3967ada789e3aeece30a5e46c8caf6edc517ee9f8abf351e78262bc4a32454,2317,2026-02-25,True,True,True,True,True,0
83694eb7fc066708aa2b583acf637fb025613819ffda478a2962b6ee4a13af61,6187,2026-02-25,True,True,True,True,True,0
3bfa9b6b4e294db5c983cb82aa425c46bd496b0f615b27f4d9b107a8cf8d616b,2382,2026-02-25,True,True,True,True,True,0
45e21b37b80f5d918a6d535da0f9a86e9a35888d2b3244d278c9baf6fd0e1089,4977,2026-02-25,True,True,True,True,True,0
58b773a18504de3e23c2e72cd098eb11597d44a63b6a7e928c0d8f2d49cf764a,5291,2026-02-25,True,True,True,True,True,0
6fa5924ea1d691c03deccaca491cbc0182daf9e1ae39efbed5e75f726e3920ba,6462,2026-02-25,True,True,True,True,True,0
37cae6bd6d952118ed4aa66cf4f6bca6c1dff40ae7ba1c765453d911754cd311,3026,2026-02-25,True,True,True,True,True,0
42033853df4edcb98d93702ba3027064587a043af4109d80597fceb01df01cc8,1326,2026-02-25,True,True,True,True,True,0
d8ca48243706eb4e4afcee5cecfd43df1c5635c1f065ced07efab4c425944d8c,1301,2026-02-25,True,True,True,True,True,0
67fc83eca90bdeb93d7e242f048c70f354e09263624f9952a7a419d564cb021e,3221,2026-02-26,True,True,True,True,True,0
a219cdd76a01e370bb8d1ce074c8fb755fbe6329cceaeffccc80ec43c497ac46,2467,2026-02-26,True,True,True,True,True,0
591e2c56323bbc611b42591f696bf18859fba7d32f766d5efec1ef3b3dd50c0d,2603,2026-02-26,True,True,True,True,True,0
d740513ef1bbb6b9c64a10ce0e5cd7f76e24ff7a3a626df26c60de9ad7bd82ca,6141,2026-02-26,True,True,True,True,True,0
8864b7e4af251e47257b17dfd0230967246a227354a8adcba588c88899a247e4,3008,2026-02-26,True,True,True,True,True,0
bdf84c944e764b23a835fd0b8124e4bcd6f0561e19eac7a30a686437fc96e52d,3693,2026-02-26,True,True,True,True,True,0
4907d3397945479a8ee28b27caf127fd3b71b1435e71dc287f3bab2126397197,6525,2026-02-26,True,True,True,True,True,0
426d8e23d672e3457ed077e494ae0e2c69fb1ec4ad113d622b9be5264829fcb4,3017,2026-02-26,True,True,True,True,True,0
e97239a37b1ed2f548fedfe7d2f6bf15a20cf55ad95c20677c3d1e2eab3f2c4f,3535,2026-02-26,True,True,True,True,True,0
fa021afe8d78a382167d2a1b290c584f063d7affac385c0eaf17f43eaa41b917,2493,2026-02-26,True,True,True,True,True,0
4db3aaec9c378386211d1d821d16fc160927526f11d78574da54729934e10efd,2316,2026-02-26,True,True,True,True,True,0
28e4102d83ca2b25866578978c30d2718918f96288841bba283f6c6e7d043c56,6526,2026-02-26,True,True,True,True,True,0
3d9970685327a161cef1398d7a41b4513c892caf0edd70445ae96f11cf493ac4,2609,2026-02-26,True,True,True,True,True,0
08a0ac30839d63c17fe8e6580b64b1cd57852f1a5a4fd289aca03fe11ab0879c,6903,2026-02-26,True,True,True,True,True,0
1c0c4c283d58546ec60a4496db118089aa7181bf5ecf384f7fd23059367c8f73,6223,2026-02-26,True,True,True,True,True,0
74fe11a51c0fda1322bd1469a5becf7d59a1b561e7a7cea5e071cee50e623c47,3529,2026-02-26,True,True,True,True,True,0
f40248b748e72c7888cd6ced790e86b1181418f7e3aed0665fc6b24f189272d4,3029,2026-02-26,True,True,True,True,True,0
65c6f62fe34d0b1725829641f0d9605035bec5ba463fb113f5479720184d2464,6016,2026-02-26,True,True,True,True,True,0
5dc30bd889a36d3f9cae5073b878f331ff61df44f8e88144d416311740ab9714,8048,2026-02-26,True,True,True,True,True,0
37f84bf4e40caf06c673b0fa868aeeea930e32addda9fd61871aa4e91ac2bdf6,2472,2026-02-26,True,True,True,True,True,0
6513436ce86bd36707959858fe530cbcbaad412f71c4df60615974819492016f,6805,2026-02-26,True,True,True,True,True,0
f29cafc392d3eae60ea411c6ee1f4d29f92585ff41157e2f6bdb1fb50c2290a6,2436,2026-02-26,True,True,True,True,True,0
d07b3d05bdb4b35ac1b413e68ca12864faefc5f8a7f4d01362121b165da8ec31,3357,2026-02-26,True,True,True,True,True,0
ea1d672d38d01f32e7e5f1f1b41843f528bf07e593edb04f9b60bcb435e8377c,8016,2026-02-26,True,True,True,True,True,0
395fa66944a6ab8fd9acdc5bb3fa3e1595bd49746b3842b66a98a0b6a12616de,6257,2026-02-26,True,True,True,True,True,0
0ef090334ebc359951f4ce390f76c1b6e771c0241ad6ea71de62116b04075ced,3583,2026-02-26,True,True,True,True,True,0
8e181e2359387b4041142e98cf1d13358918acf8f9987a8235455f8c21905d4e,3596,2026-02-26,True,True,True,True,True,0
515356ee7ac3777c16e19f58d27fb62ecd1f5fe696ca7c909b3dfba7d472c0fb,3147,2026-03-02,True,True,True,True,True,0
e4b92b52f7e8e9513fdcf4ab6a8a0576a42b2bae207b91680f0235c8b6b64183,6443,2026-03-02,True,True,True,True,True,0
9fede68365a2bdc7d0912fd42a594a04e018e64a5b40b91fd3224b67b82ec3bb,1708,2026-03-02,True,True,True,True,True,0
7fbdb071d55dbf6f18b484aed42b59a1f96a87128110e8f5c837353673d954a0,4908,2026-03-02,True,True,True,True,True,0
12418c239713a3d98dd3cc21e834b3aa48048e722206133221f908beac031b0a,3005,2026-03-02,True,True,True,True,True,0
beff713a497d5457f127795275fa0e693ac2d28f4bd40a3fc8fa641c74aacf35,2406,2026-03-02,True,True,True,True,True,0
95ae3f557cabe6f08d48a2c52d7251b1e85fd05b46489ae8578028038bf83632,2548,2026-03-02,True,True,True,True,True,0
30958be7b01c865a81fee94034f5d2643d8512a9b767aec6df7f6dbb5d776af4,3483,2026-03-02,True,True,True,True,True,0
e36083ef3685e511bcb2264aef747298e502e5e0c245a5ce5f5b40a9b3311160,3003,2026-03-02,True,True,True,True,True,0
51acc9bb5767799c5f150edb9c116907793e1e3019d5497cd4df9294b708eba9,4934,2026-03-02,True,True,True,True,True,0
5e3678576e3215a4472e9eab1620f985e18c70ad8f998e08c74899996ac4e5f2,8039,2026-03-02,True,True,True,True,True,0
a313e1f251b1679956b609aa69bd0f5d43a38a16a313c09073551d3d08471ddb,3308,2026-03-02,True,True,True,True,True,0
fe4f7c0e5256ada781cbd7ba24533f505ea31d2e4c70320f381de788b59fdf27,6477,2026-03-02,True,True,True,True,True,0
7796a85a8200d0040f800e6b4e6f55e0af12f5b75a2ee514f4b95d254f576e87,2615,2026-03-02,True,True,True,True,True,0
1347dfe7198c9a2dcae69fe3ac0f6c43c7ba0c8ed0b951293d100fe8319d8b0f,5471,2026-03-02,True,True,True,True,True,0
19e0817df7c0119c0069d3baa314f5bda1f2921f042deb37bc74be0c0955844c,3230,2026-03-02,True,True,True,True,True,0
5615a2ecf62a83dc6db73bd93fbc2381dc122a08f648164143d99484c71f01dc,2483,2026-03-02,True,True,True,True,True,0
113617a245bc2a050a0d34b4b9e3ce50e70a4470e58de191d51ad1a65b93b73b,1725,2026-03-02,True,True,True,True,True,0
3e8285f17ff4362eb1cbfd01cbab31a1b9e280ea48bef89101ace3607c4f84f6,2501,2026-03-02,True,True,True,True,True,0
3580f121cf409a48da8661a5b6621a623d9177cd5ec976ff0812ff4323071174,3615,2026-03-02,True,True,True,True,True,0
9770ea1fce4a30f8be0d46e42fa451fa37e3d1af45e14c83b0dfd0721f468ec9,6937,2026-03-02,True,True,True,True,True,0
d3672fd2eee5c37c8fcc3061e0f4897193f7eb56b2e743cba0a171e9a2e5c83b,6715,2026-03-02,True,True,True,True,True,0
6b8b983f05dacdb8a15e721d50dac4b3999390ef0c9a1ace20db0cfecc2ee6df,3665,2026-03-02,True,True,True,True,True,0
52f3919ae8c4a2319ab45fd243b8d5eeebc979c660d6fc6904f174fe1211a517,5011,2026-03-03,True,True,True,True,True,0
7a3596d89dd5132b07710a737a154d1896bb5019c658b05489d90194551e6961,2485,2026-03-03,True,True,True,True,True,0
da3b80cefe084aee5b14f0b228160672c814dc29fc3d19eb0c506b6b70be01b8,1451,2026-03-03,True,True,True,True,True,0
aa292405e71fc9ce457c3f0111539bb2ff6dba58758148b5a993240d92ae3c1c,8048,2026-03-03,True,True,True,True,True,0
f8eec2e11880f8a73c901b58adc4b5280dbed691ab9979449b7e87b85c868693,8086,2026-03-03,True,True,True,True,True,0
2c06424dabd89c54a20bbbcfc09a0bed4373bf186cc95dc2488e195304dd0c20,3498,2026-03-03,True,True,True,True,True,0
d329a6676b553b3d1180b057bbea4513498a70ceecdef835975bcb018f636595,2601,2026-03-04,True,True,True,True,True,0
5f2e9424d3f2fffa7f1cadb6d7f9df9779d430b84ad5d1c26f021cff14953ee3,5410,2026-03-05,True,True,True,True,True,0
3ff84cdfec382ac8649994dddb16af4950144ccb3f82299dc57dd2659d4673c9,5519,2026-03-05,True,True,True,True,True,0
50488860c44015a8cc6ac7b7de298b30ea3bb9863d6fbfa5a2f6e0ac0d15d151,2426,2026-03-05,True,True,True,True,True,0
10741d27cde9cf08342ade2c909b019d613ac7d9c4b152673823b216be5aa54e,3702,2026-03-05,True,True,True,True,True,0
9d597ff21920e2ad43bc259a9bcc7858a751ff42b1ad17bba90719e8d1ce7a7d,4960,2026-03-05,True,True,True,True,True,0
c1d312b88a72174cab2412fb36c74ad531c0c338c88bb36e494e405493bf1424,6532,2026-03-06,True,True,True,True,True,0
0981937eefbdb6a7947415b18d44c0c06d344ebc169919864f3184ee13e226d2,2395,2026-03-06,True,True,True,True,True,0
d5737c8569456ff44db79deb5f500531daaab6d4e3f7750aae77ce5f90c020df,3131,2026-03-06,True,True,True,True,True,0
dfc96eced07daf129c1861f96214a87450aed52f283facd2a1ba63522463c106,1714,2026-03-06,True,True,True,True,True,0
2f09ac8e808c8b230e936586bd87a5588a3ef9950ef033d32cde4e43873fbaba,6435,2026-03-06,True,True,True,True,True,0
d35ec79809ec11e460b4f9e945e073f7de52b5292461742d81e26e039ccd66fb,3653,2026-03-06,True,True,True,True,True,0
89e0e461d9d4e4d5c1f80f8a07727206e95fc535d2b9f2cae570733f562e0227,6640,2026-03-06,True,True,True,True,True,0
41e7090b41b4576977c33e013826d3bfe41a813850bbde4d178ba17d79cfedcf,6515,2026-03-06,True,True,True,True,True,0
95dd5a196b6a725333287842632a7ce3592e8414171904a34ceca0cec4d83355,1304,2026-03-09,True,True,True,True,True,0
66e9015c806c4731580fa50c69d69c9ddc435b89aed60aa5acb301ef38ae2e36,6108,2026-03-09,True,True,True,True,True,0
64a38e2e4aff303b7114e364bb6856a1c4b939a0f7a483b7d2c37722caa9b420,8271,2026-03-10,True,True,True,True,True,0
6e273a2bf86691206672b7bdec8c784cbb7aaf2915e9ad280c84391893b50e61,3005,2026-03-10,True,True,True,True,True,0
9e772e624134b7d3a4ca5fba6517013833d93c7a8ead070f8f4e50d428f82a79,2243,2026-03-10,True,True,True,True,True,0
6dbd0009a54fc1492edda3125ee3f9fdf0356551003f61e3598cb669e2c4bcfa,6683,2026-03-10,True,True,True,True,True,0
2f53abe26c7ce6f84252f7b07d2a1430bab1733c12cc0dc5c340338e5f6df5eb,3702,2026-03-10,True,True,True,True,True,0
39a56dc79d1c9f71d1b6664d33637bee3846605df4fba47eeb713fd298621e9f,6909,2026-03-11,True,True,True,True,True,0
bb4f9f39e319e8efb6e874b207e7163ef3eed9c2df6acebd9d6e2d57cb361328,3455,2026-03-11,True,True,True,True,True,0
baa319d3982c0317fa3df90813c3221fb2c0e81aa8aa0a6468ab65b5ba64a745,2305,2026-03-11,True,True,True,True,True,0
7cef4cbecc804129816c1ed7e3a01fca74490b8ac4a2dbf52178098a1030bee3,8076,2026-03-11,True,True,True,True,True,0
2180c8d527a6f274bbc0f55a0aa5aed3fb16da739b3d58448fb4eb06ad5bc4e2,2414,2026-03-11,True,True,True,True,True,0
b708380d67db0554a1411a84f1ae3abfba7cd1f087b4e2b3d7f13f289063760d,3071,2026-03-11,True,True,True,True,True,0
17d3e6271a041c7e1f1faa21a9c2a17209629215280f5c5c19ce8cbdebcbdb2b,3131,2026-03-11,True,True,True,True,True,0
f2ba1cb2a02563b0670818738164c887dcd6871731a4240c3de4d4469f83a1ef,6197,2026-03-11,True,True,True,True,True,0
9d9579334569429dfbe88b6bd9094f963724e1c426a6741e6651091db6e01927,8039,2026-03-11,True,True,True,True,True,0
3716e0ea570bf42198cca1ec87ecb2ab8e64a47b8d9112991b2e9bb5d9c3628f,3167,2026-03-11,True,True,True,True,True,0
8342234ef22a1f9ca8928a487fef852aa1b5d2fe713553ea8dad346060eb3933,3708,2026-03-11,True,True,True,True,True,0
8510404cbf771f8df5488061e16fc0edeeae9288c061e4c4faa7aa9b2bf6e414,5289,2026-03-11,True,True,True,True,True,0
73146d2524b8b336a6efff2a94958502dbf3c03410c13598c7fa66a8908c915f,4764,2026-03-11,True,True,True,True,True,0
62ec5c0ac7c200ebad3e58885de2b1d758c4eb7f639b36b9f008af36027a7f9b,2357,2026-03-11,True,True,True,True,True,0
81cc067bbb91069cc3be0e22c745caaf2092c7403d1cc40afac89893439d8e8f,2368,2026-03-11,True,True,True,True,True,0
f93b46689bcda6387a19245c08af5c0d29f064c08fa43c360735d0bc9cf9f97d,4973,2026-03-11,True,True,True,True,True,0
2f9f47b18d739d58234fb86234f11e72af5a6cfe98fe2040d263487112d793ca,2851,2026-03-11,True,True,True,True,True,0
ccfa680bd0403361cec4b875cb24ec2fdb0e59444d1f5c6e44a78a667bd647d2,5274,2026-03-12,True,True,True,True,True,0
ed9c50fe0d29f3434760524e53bee52d111cf26f98a9c2d085bcc3c88691758e,5351,2026-03-12,True,True,True,True,True,0
ce5c0be2e552920180442facf7753777d9c15ebe9c0b8c65d98eb378f8a56d1f,6147,2026-03-12,True,True,True,True,True,0
94ba91f8ae07503ab2d24ce6735adb9f2eabd5d69608a455be0ec4a2e283516c,6291,2026-03-12,True,True,True,True,True,0
cd3e1e50c7cd298db1a3f46566789fe2098f93a300d9cad6ff141b4c166a4321,5515,2026-03-12,True,True,True,True,True,0
98851a8ddbcf45d73ae45e087fb39ae3f5cfde6c95958804f10ac73ad7074beb,2399,2026-03-12,True,True,True,True,True,0
9417bd7ae2331fff30e68eab1b8ef49ed3f853c893f855cc52b145d0129316c6,6419,2026-03-12,True,True,True,True,True,0
2fcd25c9528f4d5809862f53ef2a3555e3ebcb49f7271d178389fc361f9562af,4542,2026-03-12,True,True,True,True,True,0
6fe8833f560547216310633ef407a93f6d49fb6c4036e6b420ce70f86a913592,2425,2026-03-12,True,True,True,True,True,0
06750bfb6676d6ca1518a40024e2b74769074c305745c727c726142e50584986,2548,2026-03-12,True,True,True,True,True,0
51bfeb6c881fa995373ca072f4323a09b1742b1da9f133ec41e7b6e3b4ec7be4,4938,2026-03-12,True,True,True,True,True,0
cd91f03bd8aaadd9e275fa071d94c1e6fe32725c8c037aac7d1b496938a41245,6531,2026-03-12,True,True,True,True,True,0
ea4cfa589cc47af4eb1380e51e15834f71ed19da847aba356b867385987adef8,5475,2026-03-12,True,True,True,True,True,0
787e767f6ee3dd1002240bc72e40b711b7b7bc1488d6e8500601d1723d890670,5519,2026-03-12,True,True,True,True,True,0
5be81553a51e26ba108ce65d82859565ef44e2cef98714a72335e5033fbd848c,3675,2026-03-12,True,True,True,True,True,0
0f226e8bfa9716c4abbf07bc595939830a2b423b613d7c678bd2fec0233813df,3339,2026-03-12,True,True,True,True,True,0
3e0aec193ea78831200d1d41ca6a1b52200a5cab796c79c1811653d7d259a228,2520,2026-03-12,True,True,True,True,True,0
15adad23a824f051c13d562bad47e1713c7f5762bcc4982fbd3f47a7555ae2fc,6187,2026-03-12,True,True,True,True,True,0
41d385887a31943382d20f6465250b15b23aa0365788f47a70b22e7c26c8448d,2465,2026-03-12,True,True,True,True,True,0
7ebd185173b048896299a5e83ea579c7353214ff4519fb75a6c8c9047d5bff58,6727,2026-03-12,True,True,True,True,True,0
b664ed68df56d2be56de78166e801803dc77714adf89bb433241297be3ddb62f,1727,2026-03-12,True,True,True,True,True,0
ca5ffa14f5b182ea81ebdd433884a1740ea50020a2ceba698596c328319b3489,3498,2026-03-12,True,True,True,True,True,0
dc79af2cc3f27cad99fb086e8d32ed0b5503ab74de49e0cf9fdc07c75308a92e,8064,2026-03-12,True,True,True,True,True,0
f420f60d9569c7398ca691121f5a7f3dc24784fe3eae419b6442c1443db8bccd,6532,2026-03-13,True,True,True,True,True,0
36ed53ebda035e5beca88b878f40ab9d202de471c5583b1919b606a152062e08,6141,2026-03-13,True,True,True,True,True,0
b3171ad32bcb59e647c07cb65f4a0c8dcbd7ae725489f1d4b3299b108a0551ee,1708,2026-03-13,True,True,True,True,True,0
f150e83f69e5103d0cfd40ef4541cc5f56332f61efae32ef668288d40f482f18,1723,2026-03-13,True,True,True,True,True,0
0ebe932ad19c5051d1fe5df6c4ff7b1450a96fbe3e66ce885d366bfb4220f9a3,2414,2026-03-13,True,True,True,True,True,0
18ec7aead948bab73547c656fd7e2b17d74e8a1c4824e2105f1ad3fb7e2e3282,3037,2026-03-13,True,True,True,True,True,0
e4409ca48d6999f54359f4c8e2353bc6bbdc407fa67610ade39d02fe562b768a,8261,2026-03-13,True,True,True,True,True,0
e5e8c9366cbdc289b0d2cb75b7e1d006828cf8e1f04b1a099c3a3ce5c3d0dd2f,6168,2026-03-13,True,True,True,True,True,0
ff2e08df5f30bd1041de01b0af73a3faa7d3c19d73926fe3f196df0c2625bfba,6226,2026-03-13,True,True,True,True,True,0
6ca6d5899f7ac3cbb70352880eee3e767f7f54bfce6a3c3f764621e62940f8f8,4556,2026-03-13,True,True,True,True,True,0
c295d2a939e46d44d1ec2cb2608a2259c0daf6d7b5b788468679fb809756c0a0,8016,2026-03-13,True,True,True,True,True,0
2adf14b65f3ae59f58e7afad51a85a2a740a25e7c34d286bdac880bd317ab887,3163,2026-03-13,True,True,True,True,True,0
2ddca3a83a0b7fcd3c6fb1eea30918481f9d28fd009ed376b16677d55270de4b,3615,2026-03-13,True,True,True,True,True,0
7027abbfad23c5329aa52d2c27575489c41d688ae74e6cfea62218864e2d4582,3715,2026-03-13,True,True,True,True,True,0
15f4f859874f30a6806514a7ee67ccc4c3784f08795c979be4e5e5d00c87865a,6937,2026-03-13,True,True,True,True,True,0
0268e02f71040ea821b8ca7cc39ca337154367dc73d4dfe981ebdc03e4583355,6909,2026-03-16,True,True,True,True,True,0
b42f6cdf3ac401cd4455b35418f4669d1bae1db8e7d098074fb3024486bfbf99,2348,2026-03-16,True,True,True,True,True,0
bbdb85803ac3da0aa7d311f1ac74a65bb5910e991332f3d79374029c6ef0c8d8,3455,2026-03-16,True,True,True,True,True,0
6e5a99fff3460178322d75aea0290a18fdfb999876dc1dc1ec0e0a5515a37685,3693,2026-03-16,True,True,True,True,True,0
9c10d397548775fbf2323d1bb6f297d646b70726ad0769dd4fa427a439a1da0a,4721,2026-03-16,True,True,True,True,True,0
50b43a89c1700b9d7c3d0ae50381c3dab434480916a445e7024568943413d544,3006,2026-03-16,True,True,True,True,True,0
de0f38eaaabdd7e33b976a7611707e93c9dc74d7e5e069319960a3d0ebc4a1d2,2481,2026-03-16,True,True,True,True,True,0
85c80c97e1deff48110797c48155f99891ca5958ac69233d309af102080bb42f,2548,2026-03-16,True,True,True,True,True,0
b53a9e0b370ff534ac54ab94a153894d579ba966473c1934c9012f366c996d36,8383,2026-03-16,True,True,True,True,True,0
b48e821a3f26ac20d72cfc404cdb515efd0628097e5ca307e91b981e85924ca4,3189,2026-03-16,True,True,True,True,True,0
0e6c0e66bc702d93bfa70a7749223b7c0f5023f80d06e741f2e9edc3700de4e9,1709,2026-03-16,True,True,True,True,True,0
8a990e9620d2dff2eb3a38ad0742abc28223f50ead603f94def3390fe78fae5e,2636,2026-03-16,True,True,True,True,True,0
da1653cd4a5a615f901f86efd38b791d48250593898d81132d168e6365fae669,4923,2026-03-16,True,True,True,True,True,0
d2199566c0cd655c5bc38c6bcdb7fef8511198ad99ea671751d36060bbff8895,2243,2026-03-16,True,True,True,True,True,0
c2546644e0c740258727d7e4df42e9461d06f71138dcff03b06225b29e14264d,8096,2026-03-16,True,True,True,True,True,0
c30a33b7140113484abdef7f4c0c95d1f55aed74a38997a53bd088ae049a25dd,6451,2026-03-16,True,True,True,True,True,0
89241c1d0b97ff32828969966f475ccb5df2161b63217473ffe1ac2051f8b7a6,6640,2026-03-16,True,True,True,True,True,0
543d01303e4062cfc660a8a7c1dfeefa994248468ab8f21d13f3f02e62357bc1,3702,2026-03-16,True,True,True,True,True,0
3e683df26526b261c454040f0e312f430c186d5f8c74f691ff3d3dd32c1a2fa8,1725,2026-03-16,True,True,True,True,True,0
03a3cc1d74ed102e9aff4a642f92813f7ce99ea05c665fdbbd82822639a3e8b8,6265,2026-03-16,True,True,True,True,True,0
314859c294ce04fdb8e43bbfbd59208cd9ba85f2cf4beb05118b2b54d0aeaf14,8064,2026-03-16,True,True,True,True,True,0
d502087346da6884dae9427068ff3b61fd2104a3a259b17c19726d6a8562ba8c,6213,2026-03-17,True,True,True,True,True,0
badd9317cbfd3717fae934af3f517af9ee6aad194ea97eda95c6dd8cd8098242,8076,2026-03-17,True,True,True,True,True,0
65875159f30371951dd4e706bc93ed0c99f181a9f0b8869b1b47ef5eb259092f,2376,2026-03-17,True,True,True,True,True,0
cb02095c2d8674b6938d2d7d1535ef28848c1f1d03cc72bccefb92fe72589467,3508,2026-03-17,True,True,True,True,True,0
75b38f1fefe6c21a7354b7e3563e373cd40dd4313f4a056160c7067961881736,6199,2026-03-17,True,True,True,True,True,0
9d828e887dd63f946b3c5be22a869476cf58054033e8f1f422b5b3bae9bebf6f,6197,2026-03-17,True,True,True,True,True,0
526895f774f1af90f550c7c32c7234f72103aa817c857cbc9ab077823555c60f,3088,2026-03-17,True,True,True,True,True,0
ac5c4ab8eeecc1a7bf268cf985acee39ce6833494705a5503be9b4bdd31475f9,3529,2026-03-17,True,True,True,True,True,0
ccbbcce30a7fe03fb5b6e8ac715c03c3985f5e5097d019c425bddea989f0f406,2337,2026-03-17,True,True,True,True,True,0
f3aa49684d87e140a4d2222efd6aacdd984343b624238b7556a038ca973cc825,6834,2026-03-17,True,True,True,True,True,0
ae6a72bb08b16582cb13385f13f4f0f535f8079642b9649fc613a75e46e50601,4906,2026-03-17,True,True,True,True,True,0
0a0dfb935d9a36a401ee70c1c64ac941b0e7cc59bedfb418174096f4310dc7a7,2351,2026-03-17,True,True,True,True,True,0
da66a92cf8e2417ddac5725405c7b680f26b97014fe0280543347768db671e3d,2605,2026-03-17,True,True,True,True,True,0
b2dc4f1e6fe8d531bb3331ffaa6ffed9bd1ec02ae50138bb05692e311fe76ecd,2465,2026-03-17,True,True,True,True,True,0
79dca7688a92a7eef0a5b6a20bf7a277400ba3165059bae90e33964b6ef878ab,2464,2026-03-17,True,True,True,True,True,0
1fee1d47d7ab75c4f57f8a9d49378a90620d549a683533ecf8457b85031dcf99,3388,2026-03-17,True,True,True,True,True,0
6f5e4b520e790cee29f57d4337ebfceefe79e5a9968fbd777254fb76af5f92fd,6108,2026-03-17,True,True,True,True,True,0
959d80f985b91be9e809b01ac8ee1e6ca36c2cbe3438f00f158125f89fa4bdd0,6909,2026-03-18,True,True,True,True,True,0
d74f0228479a65fc2031953aace87e1d807a955485aa89bd27ff4c99d9d529cb,3023,2026-03-18,True,True,True,True,True,0
5bfd2b6002bf0b5bdab57d185a319556fbf128462f3c736d5989080bbd01f83f,4566,2026-03-18,True,True,True,True,True,0
f101ea5f438a10c9ccd2a91dcef277123a88cd3e8e28b7e89961c96e1817ac44,6147,2026-03-18,True,True,True,True,True,0
95477f336c4a8fbe121d99febc29d112392f3120f54c5edfd31ff32e67e0f232,2467,2026-03-18,True,True,True,True,True,0
722d0154dc50c2777e32f7a66dd74f9270f0ae3468f049b5d0cee4e9b17af78a,3533,2026-03-18,True,True,True,True,True,0
d17cc83767ab29977bf05f8867851417f49ed56bb52cb88b79d84bb5ccd7a260,3338,2026-03-18,True,True,True,True,True,0
ab207b8463147bd1dcf923f3f28f8ff2f79191180e26c1da7091fe3785179d67,3071,2026-03-18,True,True,True,True,True,0
e2171b9454a71b962ff41dc55ea223213d35efea882759655040c048be474835,6142,2026-03-18,True,True,True,True,True,0
84e23274df324a6eedc9481a7b441ec503d98e51734617e36ecf9dd4643207c4,2344,2026-03-18,True,True,True,True,True,0
ba237a6cdf873356cb975ea3871b310f7c23362ffe532bd7b4e3e6c55cf714fb,5483,2026-03-18,True,True,True,True,True,0
495f4ecdd2a1a7a0d9f85fc4423d366cd7b39dd1455d471731889388b2378ccc,2345,2026-03-18,True,True,True,True,True,0
dd853f0d850a6040af4133d220db10b5fb9251617d52c5f51826d275042b39f1,3114,2026-03-18,True,True,True,True,True,0
032826b5d72a4c027dac8a722bbed88959033a25a89bb638a4201c7412f27d33,3213,2026-03-18,True,True,True,True,True,0
c8a972a400e6696ba012d3f15cb35027b3c111aa7e94ee20649445500110083b,6150,2026-03-18,True,True,True,True,True,0
71c4b3b409d1faf0ffa0447bbf76d25e56718a035ec64a47b49557c170bebe9d,7734,2026-03-18,True,True,True,True,True,0
f0c7a30a652b2d71d47acdecb16b7238a05ff3dde49c13f6b87a1769af2651c7,6129,2026-03-18,True,True,True,True,True,0
9b9fe04ad4561a85ac4dbbe7d68037550533e53edfb0b103c2a36a6a589657a7,2436,2026-03-18,True,True,True,True,True,0
6998d01df2e09bb7a8d7ffc21ed89f00cab6e2ce330272f0e2fd774735f564ab,5468,2026-03-18,True,True,True,True,True,0
e740608ae5d127477e042ab94c961ef3ed07502da9d2ae9c2492a87c958f0233,2348,2026-03-19,True,True,True,True,True,0
b565b11ff0524f9d3c299009c5268a56f476f1cc216f461b2eb8b00787f5f934,3105,2026-03-19,True,True,True,True,True,0
88966499eca3bf63cf279d83114de357fc952b9074e57f1fd80e71988bb19041,6274,2026-03-19,True,True,True,True,True,0
afb674b9e27dcf896da38a680f9f9863ebd32f7cc81bf3aaa39e06c66c256bf2,6690,2026-03-19,True,True,True,True,True,0
22caae0ed9044e676b490af44b4fd9af4a357fbd08b70f2696aa08086ef1f297,3689,2026-03-19,True,True,True,True,True,0
7e8adbd85676190916e87642b30ad27b09568d4f1560d67805f16d16bb66854b,6830,2026-03-19,True,True,True,True,True,0
fb584d8d97bc0b71250c3a792625558348be2afda0fb4e9c9a294bd5f80a1c54,2399,2026-03-19,True,True,True,True,True,0
470ea22be4ed865e63c5346490a15ce8be1e36dafe34ad8228b509b6fd7d31a1,4919,2026-03-19,True,True,True,True,True,0
5ba05239d6ec508a187ed76e6d6c316f496fb7c795a9c7e6d555a7fc6c50ac44,2059,2026-03-19,True,True,True,True,True,0
831084542411652d4320a1ef7a1fae1807c00e7fc4859dcecb88702e86d07876,6190,2026-03-19,True,True,True,True,True,0
cb6668aaba5debff7aa5aa42fbfb451f90f31935e7c533d6fa290344301a4532,1809,2026-03-19,True,True,True,True,True,0
a4ef54877304c519f8cf5dd66a207b837fdb2870b84f2a11bff8425478e70eaf,6127,2026-03-19,True,True,True,True,True,0
ed457d2419753ec174c64f60f30451ba1de02c7b814e90b36d6c81e36bd50750,6182,2026-03-19,True,True,True,True,True,0
b9d94b9b73ba84fae9f35083668a1a1d7a91f75aaf53d7d589bb7cd02dc21d73,2329,2026-03-19,True,True,True,True,True,0
c0ca665145c5beb71c78531cc54b5c66a2f1d0a7cab145cd609a449a7263cc5c,1709,2026-03-19,True,True,True,True,True,0
989207e27697e9df59af6787c62dc7c94cbd601e62ec250c1cb4d3b30c13c941,2369,2026-03-19,True,True,True,True,True,0
8482d1b19642aeeecfced89c7140cbcd244b5e634d39cc11388fa18cd91bd785,4967,2026-03-19,True,True,True,True,True,0
8f99bdb26a4ff56bcca9740da688e9751e461ca3a69164f556d74d9b19947bbb,6168,2026-03-19,True,True,True,True,True,0
4c1f7b8a5fc7e8fa9fab8251488f2d91d7719bef6c04ffb05d1bd6073b8f8bb7,6805,2026-03-19,True,True,True,True,True,0
775599e167152cefbc04480556f2bde4cca4de501fa30eb80bfc9d50bde900e7,3026,2026-03-19,True,True,True,True,True,0
6fd57f056231c4c3bb90180ab18398e1ab98a621ac7442e5c31b7050558d580d,6584,2026-03-19,True,True,True,True,True,0
628f5a234c64c7a0a15138c2cf0757b7d777deb2bc4aff8dd5c45db76f4db947,6643,2026-03-19,True,True,True,True,True,0
94fb6f688f546e60802f346e87f258bce61599cbd41c3a3c7df2b01069f216bf,3221,2026-03-20,True,True,True,True,True,0
161515132b66a2b1250b61e3931a7af73b835cf07bd18af5476e994a8161b9f9,6532,2026-03-20,True,True,True,True,True,0
8b15aad6010925df834787d9a789d8ee8f49514779b7a41ffd7622969e2fb87a,2349,2026-03-20,True,True,True,True,True,0
2e6a1da25ddfa6aad623fb416404735b30069528d63e3e6ae51ee816dbc78ea5,2324,2026-03-20,True,True,True,True,True,0
079148367fe46254a06796882b5a0f595cf1f2d4f8b9a5cdc8aa55468ddcd813,6613,2026-03-20,True,True,True,True,True,0
6060ad970072af97d45b208d74f94e3481101d070484aefd8e00dc182e8fbe94,3071,2026-03-20,True,True,True,True,True,0
eab6aa5e19c179b3d6eceaab870ec0486d9e2b6732f088d6444e44539ff39e1b,4991,2026-03-20,True,True,True,True,True,0
43b8530014931ba958bbd91d4e2e33c12f62e8af8a85ec81149caa799a2fdccc,2388,2026-03-20,True,True,True,True,True,0
cacc41412f8465e067ff601c4ecb39b82bd313f20e9f83186bbf534027fae5ae,3081,2026-03-20,True,True,True,True,True,0
ec3b424573b9bcf241c7b1de351a3a556a8975154cd3608bc7183ca7b6cfea7c,1304,2026-03-20,True,True,True,True,True,0
b6d56c91967dd69c89d117f86cb0808f3bd33e4e596427e6d7f11ab1d426e6bc,2007,2026-03-20,True,True,True,True,True,0
acba18808808caf6d206b831038b6979cf16485c892d587a1f3017b794c82bb4,6672,2026-03-20,True,True,True,True,True,0
fce61899b0d85f307ec7bba6c64144f274a323d4ba3569ad8e449c2d2a7a04d0,3583,2026-03-20,True,True,True,True,True,0
6f1e2fe1d3a7ec607dbb033e700bb0ec046e86ce7e89341358fca57df10b0fd4,2501,2026-03-20,True,True,True,True,True,0
dee2563e7bc3cbd4971255d4b78ac465fab844b9dcefa7901454de5fbcf894d3,3587,2026-03-20,True,True,True,True,True,0
567cacf429155d71f78ee78135fc2a2c38bb64d78820f44d170a5aa1409be88b,3665,2026-03-20,True,True,True,True,True,0
ff40baf668324abf5a8c925a3e8c76455ffe61190fbca8a380f4b2ec2e998c5c,3023,2026-03-23,True,True,True,True,True,0
edc0ace0592180b8fac33802b89e9ee643efd29754bd1e77e1db6cf2598a048c,1597,2026-03-23,True,True,True,True,True,0
3d395c2cc72c80c8ee4b0a4da6d52b24f8efc8d049a2817af4167db9cd5a36c9,2025,2026-03-23,True,True,True,True,True,0
aab63ea45ecb206fe608c0de40dfc0c6aad17b7ff440b2b007cf0100d1e2d36f,6821,2026-03-23,True,True,True,True,True,0
1bd0a2470d3f4cf6e792a77c3cfb37819bcf04a7c33fac11ca826b67baafc2db,4903,2026-03-23,True,True,True,True,True,0
63a880a3395bda5d7349552c5ac46d8b5b44fee48c41fac2ee7d8a080c0b5974,8027,2026-03-23,True,True,True,True,True,0
5fee8253704aed1b25381133efb3696a0b5250a79d816a03b9b5e2b0cbec4939,8064,2026-03-23,True,True,True,True,True,0
03bb90dc69318ebbdc4739217ba854cfc0e2b6f8187a03191826345533ade8b1,2231,2026-03-24,True,True,True,True,True,0
36d0a9de38bb157ad6230da3430df140b2ebafd24c00e4ddfa67c7b82d6d21c9,7610,2026-03-24,True,True,True,True,True,0
c03e8b49d8be17c5b83c1ba25686ad15c0e1d75e8993eb5b100d9fed6bc238f9,8091,2026-03-24,True,True,True,True,True,0
c26d17046d427313fba1099ee53a279b2ce83c299de17cd9951881c7b371640f,3339,2026-03-24,True,True,True,True,True,0
46d4a1e1dea67ea9f3a3eca859fd173402df6e40e4bd5a7443e57834de9ede9c,2351,2026-03-24,True,True,True,True,True,0
47f30e738f83bcc122f703a36ae0072196c2c9b0289cdf0ebac531807d73ff0a,5536,2026-03-24,True,True,True,True,True,0
446bb04e7c6ecb1a19068ea5aba31117022b2304acbe23e2c4dcd6643cac0415,8255,2026-03-25,True,True,True,True,True,0
9847eea4a38c708797b1ffa1de5881da84e571e6afb63d376787abb9acdb256a,2467,2026-03-25,True,True,True,True,True,0
c91415ab0c7519a559cf3c8282265db7d155e3fef90ae90d9cf6ba492939e9c9,6218,2026-03-25,True,True,True,True,True,0
3aecd6721a2b51685a6c7575eac0221dc40adcbb69a3fcc27902fd7fcfb4f1ae,3406,2026-03-25,True,True,True,True,True,0
effc1809e1258295ee755db9d750078b26173587df7f53a811ec6aed8a29087d,2548,2026-03-25,True,True,True,True,True,0
683d4729aa022b3139c5e85d451b32e80c02682b23088d76593fb30b513cd5b1,8383,2026-03-25,True,True,True,True,True,0
fee7cebaa706d8aec9f6846819dce3bb8dde32c526c89bfe39c59954e43a8222,6199,2026-03-25,True,True,True,True,True,0
b45ef0ea2c2af26e2a64a20c0d601d39c2704ea6c039f8c6cd72fff502713599,3211,2026-03-25,True,True,True,True,True,0
910cfda4edb02a93c9042daeaba81aaa2c2c93cdb2cffc8b6a5d9c9718490812,2243,2026-03-25,True,True,True,True,True,0
9a1cb3735d5c235770118b0a43a56287788bc78539c3b43802dcc421fabc9497,3583,2026-03-25,True,True,True,True,True,0
97faa2633cd575d97ae8cf0935e01cf97d2c66cf2eff14d71ce8b3652616567a,8027,2026-03-25,True,True,True,True,True,0
387c0ed448d2ab5ca60c3e4848615dfcdb8611681aae3674296d33b615110a49,2455,2026-03-25,True,True,True,True,True,0
ae4f4ff12b4915cee211e523bd57a9a0665115b9d95337e31f31b1e6a1af1fb6,2355,2026-03-26,True,True,True,True,True,0
274218f9bcdca0d6e62770b86d33f4f96ee1c22ef655df31554e69684960a143,6147,2026-03-26,True,True,True,True,True,0
a6165e7e513ea40265725c8dd6f9a449c1ef51906010e30333a962ab6f7a4172,2305,2026-03-26,True,True,True,True,True,0
7295c0d4e121a26781c6de2d76add2d18da0b390a01cb493be3d81ff9e47cd13,4576,2026-03-26,True,True,True,True,True,0
42b9b13bbe8b726df2fa9494b7fb7b02aada876a71af00c5bad37e80f742c0d4,6585,2026-03-26,True,True,True,True,True,0
327c17ae6c004ddd8a7ebe8746bbb2c13078844f67f726d01ee572660bb91bf4,4938,2026-03-26,True,True,True,True,True,0
3e89c02b9300ecaf23c97efaf72467568f7aa8e75c80288079ec0459cb0a8f75,3529,2026-03-26,True,True,True,True,True,0
cbf18dc1692cb92fa1b8a38cf304652a6e6ed823bfce1ca74d616e6b36f28b3e,3577,2026-03-26,True,True,True,True,True,0
37d5279c4e289d4c6112e20f2bc6620c0eec6e1da840076227825c57d7ba79ae,3105,2026-03-27,True,True,True,True,True,0
1e50e880a8e015c2d84d2c473e4f2fc100b737332d8f071d73adc1a9e14ed53c,6538,2026-03-27,True,True,True,True,True,0
9c1e126f259274d3483679729871beb2ce3cbed899e9d9edc68e8168ee2c8e8f,8182,2026-03-27,True,True,True,True,True,0
845a1f92087977efecadbb74ad0945e3050bfa03d71e33a8c2b8799d6a7e9ae8,4577,2026-03-27,True,True,True,True,True,0
ff74c6427f453fc101b43f83713d1c9c6466a90ab9856bd3ce1bfe4e000292bc,3034,2026-03-27,True,True,True,True,True,0
ff1d1141cdea6d444429f110e0b5b1e528f7d9e6660ec64e6480835d96c1a5db,4760,2026-03-27,True,True,True,True,True,0
69fbd8617400173dcb429e66bb90de83553545893df8777e2bb6fdd07b1f5736,2484,2026-03-27,True,True,True,True,True,0
334c5fe1f78b97213d3fc5dff72da7630f4af1559ee2324ce38cfbc355ec50d4,1909,2026-03-27,True,True,True,True,True,0
fc86e502d5ca30c4538a3314de6e321894366051cca3db5ef2244150531c69f5,3081,2026-03-27,True,True,True,True,True,0
f93e82c91f76348a09fad21fe682c594dddbc10db69e9ac3aac884344ffc6644,7709,2026-03-27,True,True,True,True,True,0
6c29c3931db7464a89810e428a657d1d95c92379be7fc6f36b6ce2df1d11f13b,4971,2026-03-27,True,True,True,True,True,0
59f7607a462b93cfc6e87c98fc5b33e6b5aec36b3259ed611c312c86fb29204a,4906,2026-03-27,True,True,True,True,True,0
5a03edb48a659bbee02a992eea88258a3aedffd837360c6cdb13f6d8ec75b0ed,6683,2026-03-27,True,True,True,True,True,0
81bb276403d6a5d523260bade55965afc218e936584e1ff6e202d7b2b814a36e,1723,2026-03-30,True,True,True,True,True,0
55a1afa990a5804cf4edcd50581c8f751c4f055b04c0b6946a2ad5b89ee509e2,6829,2026-03-30,True,True,True,True,True,0
8eda30e98bc0ecfbf5023d7bff79b114e27b0c865f08f537db1ccf0c1bf1ce4c,6588,2026-03-30,True,True,True,True,True,0
783bd307333d580249bc17a813ca853def45cb3faab0e4aaa2bf27c8b94e4b8e,3167,2026-03-30,True,True,True,True,True,0
cbbf093fcea0207491cc6673384469b8331931f381a104d26734d93cec7dc4a9,7734,2026-03-30,True,True,True,True,True,0
afc154a98450d62bd7612e89cbdfb4d768b4ab874a6ca706db459ffee60ff62f,6727,2026-03-30,True,True,True,True,True,0
a57082855297d02168be3dcb70e2d161bbf2deb30de0c4f999f2bbbab7991216,4707,2026-03-30,True,True,True,True,True,0
58c6bfbf46eef7d4f1b7a4cb70fe9a180921deb5035ae3e96cc96a3f252a84b8,6213,2026-04-01,True,True,True,True,True,0
9b30c9099e2afd4cdbf4e1066aea9502bb07bd3205796563275c5f5a5ada2ae4,6830,2026-04-01,True,True,True,True,True,0
84c377d213b1926a8ce9e435906bfde3a67da17472a610f6cd233db64301528d,6419,2026-04-01,True,True,True,True,True,0
9a72cb9f276132eabaa4a11d72b1015279540f12432241b69b39b4800412a51c,6223,2026-04-01,True,True,True,True,True,0
8bdee99d96dd2fa653911491d226a8db0e13c70ad41be31fd61ec57ac33598a2,6405,2026-04-01,True,True,True,True,True,0
5e8940abf5abf93e025d40d0fbe5fa00f9db816a56089919144706e95bfe3917,3455,2026-04-02,True,True,True,True,True,0
29c00e345fbda9ade69d1726d0abfd1c6c8618b4eec7ef2afcbb2bb6b191f33d,3152,2026-04-02,True,True,True,True,True,0
fb996ae4265606c46f5f55e8e2708c788b6eea6fe7c2faa1d0f5819e5493363a,8091,2026-04-02,True,True,True,True,True,0
a892c27a35848097e0f86402abbe3baac8c3a81068727179e54f0625b2e0ba03,5475,2026-04-02,True,True,True,True,True,0
a9dfbf2e747bbd7f5ca104470f1233d691a8ccfb83812676485bd1fa3fe0ae9a,2101,2026-04-02,True,True,True,True,True,0
9c95809bc6cfc6db36321757ba80f6b121df9af389298ac02c0c81f46f6e8c4b,6218,2026-04-07,True,True,True,True,True,0
724ae29308f240479f2eac00df3f950d9478c742aa1de46a266610e80a60f4f3,7610,2026-04-07,True,True,True,True,True,0
902a2d3874656240bce92e420d764f02dda26b17ee75f16075410159e21f41fe,5434,2026-04-07,True,True,True,True,True,0
e62da498e2c26d36cd8a44ad7ef134566a4b7e7607e066a28806b7137f09e2c8,2460,2026-04-07,True,True,True,True,True,0
5745bbeb9ed96343fecac67440f520537708a3110792f7f74fc3998ae6b9ab05,2379,2026-04-07,True,True,True,True,True,0
be3b74987513c1f30393b3c45b83f46f7e41149400dea56f5c14b94e5476d80c,8109,2026-04-07,True,True,True,True,True,0
e0d487cb7564cf355d496440c213428e0d5699e893799257068c41e761ae2b20,6285,2026-04-07,True,True,True,True,True,0
d46de3e9b6d42f7b5629986dcec87bebdaecb4e0b2c92e4165a6ee4eb35a4c3d,2351,2026-04-07,True,True,True,True,True,0
60ccb6f163615471b2948f4a61a6018306d2553ad9ce1e35b610b7d31c77b717,3163,2026-04-07,True,True,True,True,True,0
4434f7769c6c66d528ebc928fe5a83e4f204f8366012c02d28b6919accd01283,5274,2026-04-08,True,True,True,True,True,0
236c5fca67ee0eb210a8a54664cbfb62560196f2e48ea50d51eada8d3661a4b7,5347,2026-04-08,True,True,True,True,True,0
8a4cfbab0a83bc7f339ac0c6bd6c2c723ef9bf5993f4e06acbb9457b1ba57a79,5489,2026-04-08,True,True,True,True,True,0
c1e3d8504392cf7f24dcd8e55eedb6c6f41766fb28f578cee119d2c19203038d,4576,2026-04-08,True,True,True,True,True,0
3ef9b17fd210797f8d27c78d77dadcc146225107774b21243190f2be909728ec,3042,2026-04-08,True,True,True,True,True,0
6b69e721407b5d712ed11fa4b697b435769e58c1f99ababbcaa2aec518f8ddf0,1597,2026-04-08,True,True,True,True,True,0
a57e10aaa067cc03eb3f8b32cd4c753079321f7b83626a19577e97cef9fa060e,2399,2026-04-08,True,True,True,True,True,0
20a3542bfd50e6f560e5e56a2aa86c5d307fab818df3b40ac801accb72cb6f12,3491,2026-04-08,True,True,True,True,True,0
c96251220efdc492c72e82769184b86f2a24c6d28a5dc12554d7f3637eb6b847,2548,2026-04-08,True,True,True,True,True,0
cc509da75ecf1fcf4bf34ae5c255e026705c5982317e51be8737881b4f8cdfcc,1590,2026-04-08,True,True,True,True,True,0
fb0399bf4e1e4dcda0fc480ef4bbc0c0a4af6fd04dafb6f7765ed5b014d1c291,6199,2026-04-08,True,True,True,True,True,0
d68db7ff3bb5071c8d722f4c2022e1cc89c935a172e2522af2184dbb6b8b3918,4971,2026-04-08,True,True,True,True,True,0
1c742d3b0c88121110cf84ca66a68f5e81de330d2e5121ef3b65fa55b918eab2,3037,2026-04-08,True,True,True,True,True,0
cd6a802c3dc9c4c2788a2f555e6cfd64f50217a054a180cdcc298a80d0c66dc3,6672,2026-04-08,True,True,True,True,True,0
95c3e77df31de6b04b09aa2427b092f334d79887c4f07c2466a37d75dbc001d9,3339,2026-04-08,True,True,True,True,True,0
1726f7168f74dd936ed6dc1ffa78e5a15565cfc21de0b0969a49099f9368bb22,2308,2026-04-08,True,True,True,True,True,0
b595e30f54d1e1a2405a132f7807a8bde0543cc4da2d4179cabfe33c5b1412ab,8021,2026-04-08,True,True,True,True,True,0
bb80edc17da81a73544433f670f81f179e0425fd5f4be27f18864339e49970e4,2383,2026-04-08,True,True,True,True,True,0
07fb35cf44460ae2fcceefcfc5dd58133b3de1ed08c0ecada8de3dbe2d919226,1101,2026-04-08,True,True,True,True,True,0
a71dce9dca76ab997db271df38d530a94dbcb16c3d5c4f9cde1dd63906344622,8086,2026-04-08,True,True,True,True,True,0
89ed2e20ee7b50c9a8a4d9a181d9f21372e508ea8c7c95266cf8e952163a0c22,2382,2026-04-08,True,True,True,True,True,0
b066221840d13f888a323bb4fd6d1ca5d67683e7785bdebcce89603c2e676f5e,2466,2026-04-08,True,True,True,True,True,0
fe72cfeba464a4aeec1b99e211867bcd1a070e567449c5eb120dc9de4596cd70,3026,2026-04-08,True,True,True,True,True,0
15cbea8d452cd14b05f3ff8a6b3b5365374b6e2732b594dd41f58e9e42fde97b,6584,2026-04-08,True,True,True,True,True,0
15f9b24814ceb0eae74d21ef1f6aab1a5de679de8e7d051977f1534afd1c6309,3583,2026-04-08,True,True,True,True,True,0
1b208df62e2db23cd95eb6dda7a12a2a69840a041f8011491a8024ceecc7f3cf,3388,2026-04-08,True,True,True,True,True,0
0492c6390f20cb7eb96dd6a36fb7b4318b1b70325405ff9c55ebc90afc457066,3605,2026-04-08,True,True,True,True,True,0
6ec776ffc95e31d36f160de360ff10fec0086253de6fe8b928d1910e527f0ccc,6271,2026-04-08,True,True,True,True,True,0
523ec9728086a1d7b52ae9527f5641f1028255fae8e17be82510afd34d71d053,6715,2026-04-08,True,True,True,True,True,0
5b15a06ee5d124f628519b02750b070e6814e3e2f35879096ce240a4ab4dc2ba,5457,2026-04-09,True,True,True,True,True,0
781c517ffd0c057b10006cc162063a865cb22f372fd2ec6a21343671a929d7c8,5439,2026-04-09,True,True,True,True,True,0
1b2a6b34d6d47b7b1dbedb010d2bbd48051f6f793ddf28e880629405feb4f159,6214,2026-04-09,True,True,True,True,True,0
28e1f1d1127c36f399857b1253048b2d9c2b450a7ebc012f824dcdbe2cdf4d11,2486,2026-04-09,True,True,True,True,True,0
1097ba49d88c38a9e3013842ada8395e7a2632419ab4a6fdb1dbda5366ff0d74,3533,2026-04-09,True,True,True,True,True,0
9be74ff58cdb70a79a74044c1257382970ff034f88c09ae7a35430898616f191,3234,2026-04-09,True,True,True,True,True,0
beb9b67c9123ebe69c926302ee05639c1003145f06791d1ddb1e7f203d875327,5443,2026-04-09,True,True,True,True,True,0
17d80808661d60fc541c9c54e15d6dc9ad188c9ed57dba503da6add3b83fd17a,3689,2026-04-09,True,True,True,True,True,0
b13bfd244acbc1532a0578b0521c47dbb9ff4d299a6e6875b98c24fe5f6c201c,2221,2026-04-09,True,True,True,True,True,0
b066329affae36f96a6fbace0c9fd360f4afec32cb6919fe2e11de4fb817ea45,8383,2026-04-09,True,True,True,True,True,0
961d39b206b53b5bef5c511b23ec60a348bc8e277a0400414eaa865014bac96a,6903,2026-04-09,True,True,True,True,True,0
612f631f85544d894981952f55389ea45e4a8cd70810b2168c0d2cb31b231e65,1815,2026-04-09,True,True,True,True,True,0
3bffdd71a1517de4d5eec9568993c68b5a3429942ae07920d759ba924c8efd19,6196,2026-04-09,True,True,True,True,True,0
6fc2dc92893e9860d159fcbf6254db88ac888bccdeb2524275bf733ca89d3821,2409,2026-04-09,True,True,True,True,True,0
96951ec00544e4dd4c5e5c11cb460dd3739006067399e004e844656d7fc9fd70,2379,2026-04-09,True,True,True,True,True,0
4268a755a25ae03fc9362921bcddb5cbcb264e6455438cfca0bbf423e5db6956,2002,2026-04-09,True,True,True,True,True,0
e8a986b3ed26dfd198c68654da7952a17ee20f479b70216f11bc47be5aa379c9,3363,2026-04-09,True,True,True,True,True,0
df2874089a863ca69883356989ced3d9e95568fafe41f519951329225e4912ab,6683,2026-04-09,True,True,True,True,True,0
f010b15ce42aba01186edbcc4343fed54d7a6e4729973ea8517f773fd2f8fdd0,3653,2026-04-09,True,True,True,True,True,0
ea76db37a3f701aff2f1d04425dfc3184bb724a87bf40852399f00afb28303b3,2368,2026-04-09,True,True,True,True,True,0
722b651b5c72c89368430a05d06edb6bb81c3587f76f7fbf3e4249eaca43fed2,1717,2026-04-09,True,True,True,True,True,0
1c3875b46b46f2490609812955ac248917564a929cba10cde9a7e90740fe8bd2,6451,2026-04-09,True,True,True,True,True,0
e1a1b290a0e8fb81a2f8cb39185e11b12acce8952bee4cea5454360714658a8a,3588,2026-04-09,True,True,True,True,True,0
859f42958f157702b4ad3b5b67c672a21c9c0ac76faa65200175742ecece18ce,2360,2026-04-09,True,True,True,True,True,0
9fbcf50ae1bf6c79b6f49bc0d3ac50950062271f9bad727749e6ad69b6c170d2,4541,2026-04-09,True,True,True,True,True,0
9a03cb98363793de7867f7dea1bb3ae8395c8bfd359111e749a3cf2e27253c80,6269,2026-04-09,True,True,True,True,True,0
a08b9541122a17e22863c5778d4704827f3f21938011c3930ed88d327c59fbb0,3587,2026-04-09,True,True,True,True,True,0
6a8d82e63255d6307c6b4dc3d501cab3c79c7e3743d0f775bdbbc1c737df8785,3498,2026-04-09,True,True,True,True,True,0
7d9c55d26a363c54645370aa91e6a7bed9622d86ed1677be7ec744749ae1487a,5534,2026-04-09,True,True,True,True,True,0
ea8c1595f89b28e7ac78eb15b37c7f4968356353ce4a32b6d71a503d8af5b233,8064,2026-04-09,True,True,True,True,True,0
3cf74a3b312ef90a0cee81c39b21fc51b25c13ff189b87e26b69966674258a5d,3528,2026-04-10,True,True,True,True,True,0
aecd3c627bab60e1c51428cf5755b14f1b6f3dea07cc3edffaa2341fddb789b2,6278,2026-04-10,True,True,True,True,True,0
44a34cc89801c26de0ac44c60846de976c868fe5643a68db1e0c9c5e7f8f88f9,4566,2026-04-10,True,True,True,True,True,0
dc768bd576a165b7ca4509079eb85b0cad8e8b6f82136bccc5579c0d2d40a4c1,1568,2026-04-10,True,True,True,True,True,0
aee76cb7668ec6599dbe0656bb29061adf2a50e6d1a3a880d8a1458d889c094e,5515,2026-04-10,True,True,True,True,True,0
e3aecf54eb5f83c39b5d1106b2115006fdf6242da0f536deb0e120e484feb32a,4908,2026-04-10,True,True,True,True,True,0
8f9e2145445631ab151290b3404664d0f70cacb3ef381a671de9a3e37db0a3ce,4721,2026-04-10,True,True,True,True,True,0
e80beb3821739929d8b0edce3d8856fb7d5a92f79d6cae90a119689ad42473da,3042,2026-04-10,True,True,True,True,True,0
ad6967e7e53357fcbbedc6a9557efe5075eef68d728ca52995591f2813abc07c,1597,2026-04-10,True,True,True,True,True,0
2f43eeefb2ade40f48366dc9b5452005b08c5869d96fb277ea0484167249a3ad,4577,2026-04-10,True,True,True,True,True,0
78cc3e0b36c83896e9e17488ea0102fa2f6b59ceccc26a832517b977cc32ce80,4979,2026-04-10,True,True,True,True,True,0
409408518e74811b76d313bfe21987d00a2af77dc8132a2a087e2297f49f3f68,5488,2026-04-10,True,True,True,True,True,0
17d07a55ff6fb3aa3981cb42c49f4502f21c29844f831010801428a54924814f,2376,2026-04-10,True,True,True,True,True,0
1962e37ff6eee20167ad812716a0cd41256f7791b9040c882f0e83bab09cc977,5285,2026-04-10,True,True,True,True,True,0
4ff6c66a36004986fd4ce19af138c92910c8637974146451df1f7722707014b0,2414,2026-04-10,True,True,True,True,True,0
16f0af66c274b3aa988f1362e6d281fd8136abf580bcbeb384451d866ffa8735,6829,2026-04-10,True,True,True,True,True,0
ff4bf443765c9d45f9d63c0464a65a247071e0841bba7fd0a276640a5f697386,6284,2026-04-10,True,True,True,True,True,0
dc1c006ca20a83c41730adcaa832648cbadbfbb0dae7a8a9e9e4c7ef3749edcf,3450,2026-04-10,True,True,True,True,True,0
d8c5215d44c242d11b8ad6cb55241200e031a8d6c65b34ec8abdb2c04c7639c2,6259,2026-04-10,True,True,True,True,True,0
e76353b4977268f645893f13fcbf667e0d8f00c66c06771f2344d8b70b94292f,3088,2026-04-10,True,True,True,True,True,0
8b4b780915808493a216a13d4a8f31dde0256ce63abafa19e545cd7265179ce6,3532,2026-04-10,True,True,True,True,True,0
137b69e9ec2de5defe2688122b8e263d4425acfa854afeafc408f6dffc951f23,2428,2026-04-10,True,True,True,True,True,0
665c37a8a367c65f6577e4a5ac194c13ae776c3f0a795ee0637961bdb4562f74,1785,2026-04-10,True,True,True,True,True,0
ba6c5f4e33c337f417d20413e970d8ded54f9e1577bc47c6835eb653d0c79301,6442,2026-04-10,True,True,True,True,True,0
a4ab95b001c019e6ef469d30be43aefc2dbbf4aae7fc51a4e715ef23aabac1f6,8240,2026-04-10,True,True,True,True,True,0
e82fdd9c26033d36e4f6b11738a40e5a6c89f66d3fee782f113e7db5c965fc97,4707,2026-04-10,True,True,True,True,True,0
f7928a6595d993c7708ec7e6de8c2f335e3f8626d4e146fefb14b46815081a2d,1569,2026-04-10,True,True,True,True,True,0
f8c513da1fc36533795bd2f4978649ec43dcd4a9d25767a05f186f8d0ade7ea1,3090,2026-04-13,True,True,True,True,True,0
1baad8fa2f01a20e11e5b8083225a19319f207a130c142aa4a7dfdf42e8122b5,8074,2026-04-13,True,True,True,True,True,0
7d650d51b60c9081b47be9d2aa7f31a3ec94e79b494e908d4f11c88f1fafca77,6214,2026-04-13,True,True,True,True,True,0
6de28343437aef8010a5c9ae0a83c97469845ce880622e1ec529ede452e3283c,3312,2026-04-13,True,True,True,True,True,0
fab6d7bdc0ec7c3eea409443ae4b1adfddb05dd25841a59f4337adbbbbcd90b5,3693,2026-04-13,True,True,True,True,True,0
7603e76ef5ebcdbb7ca3ed4581e40fd38206dc01fa3120fa506fc48e0c0a6e99,6173,2026-04-13,True,True,True,True,True,0
09756764e71c156a2363c1a14f898a8c390bd891bf7477b39c45725708f001db,6488,2026-04-13,True,True,True,True,True,0
65d199aefd25e60aff04b46e20d5538bb7a9c16ab5af4e4c0c33153a1bcfeee0,5288,2026-04-13,True,True,True,True,True,0
7602c126e0bf5ea7d785301a3f4f3dc50e33d4ac925ad1353a34eaf87d89ae40,8182,2026-04-13,True,True,True,True,True,0
12dba9e7e9e5e3ca79a73e5936bf3cbbec777429d0341df254bff6e1884524bf,3406,2026-04-13,True,True,True,True,True,0
0a9596834fdb40d62add7501b916b274024269e7eddcb59bbc39c8bdd1fbbb19,3704,2026-04-13,True,True,True,True,True,0
b0ac65cc72d10914fbcc7d7f328ba5443b3873e69044f9f21029da1065f1ea93,6419,2026-04-13,True,True,True,True,True,0
1ec3eb489479a3a438b71bc38090ca94d8967b14be770f1da085752aebc281ae,5410,2026-04-13,True,True,True,True,True,0
c5414e47e082f1fa2180b24c70210f9b8398a0c9656275cba00311b90dad31f1,2493,2026-04-13,True,True,True,True,True,0
d628b9b7189b2561959e47db52568e68bc94bc1a08a25f7964ff085ee2dbe14d,6613,2026-04-13,True,True,True,True,True,0
1e0a25a08db6695d80a1eeb41ccada958fff56353218870d501bda3f7dd1ea2d,3490,2026-04-13,True,True,True,True,True,0
890f8519f379c815f74a004da2608fbd22827b91a011f4850a2cd75329c3f652,3483,2026-04-13,True,True,True,True,True,0
ba8a1a6d08c7cd6f0b246f7219ead818bb9df8abba54d8fecf4057a95c5f2eda,1709,2026-04-13,True,True,True,True,True,0
e9e7a97e8dc56077a79b357f2b3b36ab5019c9bbbebc5f1e14205a20b8bb307d,3003,2026-04-13,True,True,True,True,True,0
02593427800dce44b102ff71e2a3225cfbe65d17298cdc9e6b5188b289114979,6588,2026-04-13,True,True,True,True,True,0
f7564b661996094635c2655f509ed76bdb517024a95f4fd751fb5150856d8b14,3268,2026-04-13,True,True,True,True,True,0
10debca58b615b7a70786b47737e555ef46ecae8bb4dcf74937b06324d80aec6,3694,2026-04-13,True,True,True,True,True,0
1764539afa0852863b4979373eb84ea24f6d68b01ffba8a4baacc5bc54675649,5464,2026-04-13,True,True,True,True,True,0
abd7a49b269b1fce4c443c871bd6d9f0dffdab432dfdc1cd910b268ed5c7d8c2,3529,2026-04-13,True,True,True,True,True,0
fc08bf727e72ca422e67bb8dce49035d70e422e20aecbfa9757b6ea815b178d5,3362,2026-04-13,True,True,True,True,True,0
14651108efa4211b856637b76580c620b1073e574e1e6a99619b3b088faae30e,8043,2026-04-13,True,True,True,True,True,0
ae1db3a48c9e2c64e1687160fddcc7ae3c1aaa1a9593c62df0101d5dc773589a,6166,2026-04-13,True,True,True,True,True,0
d67c3c0633975324b8728077cc8bca866ec46050dc02f73df7606acf01971bc7,8358,2026-04-13,True,True,True,True,True,0
aa2e8faeb52855c55c740648d8c6251847ec228c6a61a1166f23b25b06c65b5d,2327,2026-04-13,True,True,True,True,True,0
fb1c7f64d86639188a08fd4d1a92451c69a1ef2eb16990fd854f7f35689846e9,5228,2026-04-13,True,True,True,True,True,0
bb90d85ba9a105ce480d7f162a22038a652e33e924193f9281a6a3d79cedfbfb,6834,2026-04-13,True,True,True,True,True,0
6526a02539b8b49857de4e68b2c4f541f3f4ff5bed8ff9a6ab78d3ee3755c091,2379,2026-04-13,True,True,True,True,True,0
b61589a0642081e52ae6e5989bd70c0f0fce4ad4ded002be42c1172ad04eeec4,4716,2026-04-13,True,True,True,True,True,0
cff025aff5ee5abb0e9f38821e770ea18c3864dbe55a667d56889209d0e84476,3390,2026-04-13,True,True,True,True,True,0
656f2a24ce779230a3f1e338635d7d1c0c9a20947e632c86471e648e33273d40,3556,2026-04-13,True,True,True,True,True,0
269e3f9410355c842a7bb5a3da2671eeb61bf2d27a1006cb008aad0ca26af898,6414,2026-04-13,True,True,True,True,True,0
8d685b02cc3374c0edfd524b0eb99ce2e504a77ab7e129cb375fa6e6756b33b9,6821,2026-04-13,True,True,True,True,True,0
251984dd0ea3b68c04a0ec90cedf6cb52519932cd52ffa0d84c8d0303dd8c30c,1474,2026-04-13,True,True,True,True,True,0
7487cf3963e1e8850ad5db8ed47088aa80b904fbd44ed83268490ef563132bda,6187,2026-04-13,True,True,True,True,True,0
610b0fbc2d8a67782a39e4d97ddf15e6ed55f004ba8cb4b185807ebfb9e52e02,2466,2026-04-13,True,True,True,True,True,0
796e4175d03728e69266add9077ffb3592d50c25fb5cf3ba31a32e7a8cdef0b0,8040,2026-04-13,True,True,True,True,True,0
2328533ae52df1999a7491cef1e7d3838f6fb928afb43cb9ee3b1f1f3342d3b0,3443,2026-04-13,True,True,True,True,True,0
7c3e7ef46f77ae7a987c0c33bf8306b02ae144405c2809c970ff8a360ecdd9c4,1301,2026-04-13,True,True,True,True,True,0
2648ead34d3fbafdefb75c1a7cabe0f3de0fb4332768f5237d51fc7ab1842ed6,6937,2026-04-13,True,True,True,True,True,0
5be0297289ca80c2e4199416b0be071b78db0bacf6aa4c584ff1c77df5ef18ee,6175,2026-04-13,True,True,True,True,True,0
78a057d6d633b741f67d8486e8ca79fb65d775f3907130cf4044b87bf57e0776,6789,2026-04-13,True,True,True,True,True,0
0cad2f549d5dd96d30ccc5d64bd85e21dd35822e9decdff3d4db2e6f7265280a,6909,2026-04-14,True,True,True,True,True,0
2d8a1268aed3c80c8c3d2b1f51a59284dca8ebf98de4ad6b90139ece6d36f17e,3527,2026-04-14,True,True,True,True,True,0
1488cbbe45a73a350d5c3605f1df391e81347f128f1926cb04a04d94cd950b60,1802,2026-04-14,True,True,True,True,True,0
d0230e51f220084276a3704414c5c564e6a32f959325c5444064c8c15702f3c9,1597,2026-04-14,True,True,True,True,True,0
e93de8376702addaccb6aafc9be1cb3a24d67b4d99b459aade12352bb5876020,6829,2026-04-14,True,True,True,True,True,0
679f75f26d31ebeb8d3620d2869c23b7b96efa16e7b06dd808abc14ee4ecff7b,2474,2026-04-14,True,True,True,True,True,0
eafb91c6dc8e015d4e29d6d9cf2ac9c0f73301381640253b927a738c60af25c7,8210,2026-04-14,True,True,True,True,True,0
9a6fc2ba77373c4b39a0d7eaa67dc9df651e4cec52835b4407750b46d08f2114,1451,2026-04-14,True,True,True,True,True,0
c98e2320bb0762a69b966ff5125a6578da56cbbbeaaa5d6745bc71b60e68649f,4764,2026-04-14,True,True,True,True,True,0
2244b9d8626c33d22f15b446da0f3850aefa42b4e71f131f97cb92913dab33bc,6209,2026-04-14,True,True,True,True,True,0
a6b8939c1f471d738de3e45fa523808380616d5cbba6d883fc0c0fed58be2e1b,3709,2026-04-14,True,True,True,True,True,0
1d1185aac2178152d77bb351a5e6597a9b1086c4e4a1ccaea682b90eaa022415,6432,2026-04-14,True,True,True,True,True,0
8f12d60539cde5708c0cfdf7c6e0b8a6d2ddc5a93bf51aeaa9fcaaca0bf46253,8042,2026-04-14,True,True,True,True,True,0
f1d2c648c1d1efb3d94d76931bf37e3513166fc262cdd335428016b0148af495,3588,2026-04-14,True,True,True,True,True,0
19933b14b85667b91c7a8ac721190329446d61c2e0d1ec74788c15814cb33605,6205,2026-04-14,True,True,True,True,True,0
69e1fd2a2860c3323de4dea0c408d4c1a3c12492325edce0d6561258a7d44d5c,2049,2026-04-14,True,True,True,True,True,0
e2c680dc1eae5a466e751f6fd63a58d767474aab4c9e90b82e5f677e55f6cb83,2401,2026-04-14,True,True,True,True,True,0
7e66e6736f4e24f51d3bf86456b897e2672e0ff646ba65d9c1e048ef15a65a98,1326,2026-04-14,True,True,True,True,True,0
614041b61aea62cb620a6da82e545e48edab694c100a90841b8eee90a34bb6ca,2501,2026-04-14,True,True,True,True,True,0
75d2f1d021a2ffabb2f4340102d3df55c2e99d2bbb9e6d77b0135a697972506c,4540,2026-04-14,True,True,True,True,True,0
f3da6b2ad7d1651f8739cdf8137db7aab0e1c5e805faf90527b73642dc0b0b7e,2454,2026-04-15,True,True,True,True,True,0
7ef867dca8b1475e549dcdded29daf9e58a7d9c92d467af6d7e540f5bdee9132,3152,2026-04-15,True,True,True,True,True,0
9210a968b77cde5c258171b4dde3446b897d5428b894edb83f9bc129b48e4919,4721,2026-04-15,True,True,True,True,True,0
de861b116072d5c12f4edff4179754ea99e9f475fbd249ea580b35290d49fd89,8150,2026-04-15,True,True,True,True,True,0
185c7b753bfed18498dacd5390af6ec0ede1275066a88f9abbb5e263fbbb39c4,4562,2026-04-15,True,True,True,True,True,0
08086b2eae9f1774f6d0d42fd8f39cab62bc3daa5a912a466225a150afaf0742,2527,2026-04-15,True,True,True,True,True,0
e3f3835435eb736255b0abca93892ceb332fb2bf30d26b5f3f1d4833dfea5d77,2376,2026-04-15,True,True,True,True,True,0
cbe46a9f4af53d14ba10365fff08ac9d381265ff61157a114a71f21f04a527bc,2606,2026-04-15,True,True,True,True,True,0
b5f37ff034d1811a18b6c02dc4a225be1538468e2d862f8ddb1d3a8289d4ef7e,4114,2026-04-15,True,True,True,True,True,0
9bb11c922b72e031628b95b74e94a9d4a8e9ea21b6f9f29c1d01aff658a2c511,3597,2026-04-15,True,True,True,True,True,0
41e33709f2b9eb2a0cfe92c95a74b11c631d0efa0d3c4e3dc736a683f6c2b39a,6259,2026-04-15,True,True,True,True,True,0
dee33d5513bb1861a8003af2b4ef349729099c8f03a267b28ee9427aedfd1dd4,2388,2026-04-15,True,True,True,True,True,0
6de05c5ef31e90f76a14dc5ca53a9abc95fea1995ea83e34dfd2520da02edc03,6196,2026-04-15,True,True,True,True,True,0
d8b0e556dd3aca273ad7ca8283b69a5f1e1a9b419819368a6150d94dc6ba0c85,3617,2026-04-15,True,True,True,True,True,0
2c4eeb5ddbc0358dc9351599e694072c42d84b11cd600960cd60004b06705549,4561,2026-04-15,True,True,True,True,True,0
424ccf7e8c4e67c6958a80acd5f3514008f705cc057008e720b5bfb7166a46c4,5536,2026-04-15,True,True,True,True,True,0
22e7a0e432ce4bf28b396626326b32591f767f9607fd805d3558158866d95b20,8374,2026-04-15,True,True,True,True,True,0
fae49ec4d2db208e0fd52af3b8d4f80d0f6ca839386db2210ac81fe1f07f2389,6667,2026-04-15,True,True,True,True,True,0
56d179ad77dfa90303c9fbeb472ffa2491c09cf9e7ff087ec5d4fea1e43c8a8a,8016,2026-04-15,True,True,True,True,True,0
f6f746e8f802e30c2b3bbdc8f6ea8b4c93b2e050f34058d6329c960a50d19147,4960,2026-04-15,True,True,True,True,True,0
54f7b39c38a711e1d9a3934dda908a4bcca11b37845bc556a8dd3c11d8516287,6530,2026-04-15,True,True,True,True,True,0
583c38a609987ea5cb5bd7db94513b70e918adf7ceedf88c90eb6d22c9022e78,6753,2026-04-15,True,True,True,True,True,0
1670ab279e425598ddc2cb2f022a7cce995ee5e3367783fea62997abfd046fbc,4707,2026-04-15,True,True,True,True,True,0
e7f0288a83006bb37d9a8ad06f7885b8f34e139adb8395fccdb8f7d58f48e836,2312,2026-04-16,True,True,True,True,True,0
0093b8d26de465eec3b3b9d9a38e7e0882cdf32fa1309cb786372ec433524eec,3312,2026-04-16,True,True,True,True,True,0
d1d71877d85601888a999dbef7c75825c59c70fc039c528666aead0cfbd8e2f1,5269,2026-04-16,True,True,True,True,True,0
62fcf62b1e6b53bb2e4b93100a5df2a7414f307d016887c077a7ea0649652d72,8182,2026-04-16,True,True,True,True,True,0
ae7540a8464026d347ab792301cb84698b4e0a981d0b3027a0efaf46bf3aa840,5299,2026-04-16,True,True,True,True,True,0
3c646502a86d83de913092fe2f7ad89edbf963599eab1c739d4ac5508930303a,2414,2026-04-16,True,True,True,True,True,0
7704ba238314a07992e1af4074da8fde460e7b5b5253f5100ab78805475348d7,6284,2026-04-16,True,True,True,True,True,0
169500ce386cc615d0b3ef24e65c429ebe6e1aafe58a9ad6fb7cccf972c080c8,3034,2026-04-16,True,True,True,True,True,0
a25b78dfd97e2f874cd45d4609163db53b25e7abb9571c81c044cd509f904e56,8210,2026-04-16,True,True,True,True,True,0
f89b858d37eb28132bfe82e22c740ed614b69e042500333405adc3881ee6368e,4551,2026-04-16,True,True,True,True,True,0
4d3ad597ebf12a80da54b9263feb24e193619d46e7cdc33937927f24f72783bb,8121,2026-04-16,True,True,True,True,True,0
e7345037b7b7f97f46a4b5f275ba8aa86014dddbafa3e2d0960d544a9d1f7f45,1590,2026-04-16,True,True,True,True,True,0
e8d5cb682959f142329dd620cad5efc1e1c2b5535f5ac9b6eb9167e546f13f2c,3529,2026-04-16,True,True,True,True,True,0
95b2a7cb88b2b4ae241fe6865df344405747bbafe7f76a8bbeb9aff70807f58d,2379,2026-04-16,True,True,True,True,True,0
d5f5e2ea32e5d4f57d06ee32767e1c84ceeb5a7b9f4d5c0324d2f14a5619e438,2352,2026-04-16,True,True,True,True,True,0
f53afca49c3178299d232563a4a1c4c5a33af722c92f5b3bb806a5760d194df0,6116,2026-04-16,True,True,True,True,True,0
106ecbcf60a8bba16a381d3928feaebce41fd26982fcb22722322c0082881ced,6414,2026-04-16,True,True,True,True,True,0
6931a247ec1b115fa373bab29c6a2d3273347594a3cf1275c6c6660385d6d787,3213,2026-04-16,True,True,True,True,True,0
b096f85ee27d636b865a24abe6160e96002df3de5c0bae8e7fec235393c68e06,1474,2026-04-16,True,True,True,True,True,0
258e758c06ae54775f1533dc57026bb3ecaae1cc4a2aaa41cf1f47b58c780f2f,4977,2026-04-16,True,True,True,True,True,0
53cf2b953af23ad0c99ccfe3c0c44c62e3da02f64bb02a59bb411c7921d24873,8040,2026-04-16,True,True,True,True,True,0
71496feffb60a5abaeb5da61aedc02df2c042ab1e95ca93c0f08519b2acf7aba,2303,2026-04-16,True,True,True,True,True,0
efa150d248d1f29335aad814426d3c4c2798f85b04c538bca97698582f4535da,3357,2026-04-16,True,True,True,True,True,0
931a4a2d0fa6c6524f13bbcb83ff8bb3365de7d79e9ccff27ac2f792a5b8aeb8,6462,2026-04-16,True,True,True,True,True,0
3b53da42bc20f91f3a3901aeb4843b9037fedd36ac225e4603e3b666d96d6fd4,3094,2026-04-16,True,True,True,True,True,0
3eee2404a634b09c27ede9df4098639baaf1164a13280e0f01d153b500694ac9,3374,2026-04-16,True,True,True,True,True,0
9ad5de0b0b79ade069937d7e3ad228d22aec590838f887b95f05f9e2564eafe1,8046,2026-04-16,True,True,True,True,True,0
de9d7aabebf3665caaae2a5a56c47c33e0614c6561929310a6bedd0c2392e728,8104,2026-04-16,True,True,True,True,True,0
65a5b87d9486b5518a92801260f075836412cb07406fee58971a0a776007e62a,3527,2026-04-17,True,True,True,True,True,0
2552178c6de54b113ec54c85de909b56dcf3bb857dba3a7d75a984465ac36d0b,6141,2026-04-17,True,True,True,True,True,0
0c2d5150b57f7bb6639079dc2f63b21e886e11da5d03978bdd51808233388a15,8092,2026-04-17,True,True,True,True,True,0
27b6c600aa07863964088bc4b33364ac55e8071aac6b949655079c50f60bfcb0,6153,2026-04-17,True,True,True,True,True,0
b3d8b5dffd1753c9471593a66ea74874e2504564ecfbf83cfb707f17e16e183f,4958,2026-04-17,True,True,True,True,True,0
2ed0ebb06110873796060c056a69af31984df58661b3405e43720f0d61ad04ca,1711,2026-04-17,True,True,True,True,True,0
c8a4ceb11f2bf8367d63e6a8f6304f7b7b9000548270accc642938e892f20369,2474,2026-04-17,True,True,True,True,True,0
7ebd2a3e75b167c5a69703aecf9f9b7afd0e1473f9a5d42d6943935904d4a732,6156,2026-04-17,True,True,True,True,True,0
90b96f24788b2923817a82e5f7d1b6295472ab68ea879efaca640d7a9d996be6,7788,2026-04-17,True,True,True,True,True,0
0852b753901fe40d397eb6aef59885c50f3efabd8ad59a5bc014cb504485b8ce,6603,2026-04-17,True,True,True,True,True,0
67f0d76db7fedb00a76398746f10c0283d275a2e9347d181e88dab7d5753b2c1,2388,2026-04-17,True,True,True,True,True,0
8dc57ee1f4f1def6704d73d71a85e1807b095ca9dac182b41272087df7562a31,3317,2026-04-17,True,True,True,True,True,0
ee67c40570b125e3cdea67033372f558e4ca51c73cb939eb113766f44d922df5,1815,2026-04-17,True,True,True,True,True,0
73f9e8dd6023291bf079656613fb856d0df6320b7d8161d43fd9fc4d401e5877,4716,2026-04-17,True,True,True,True,True,0
9d73110dc2eef00d40e8ba51e8ab4460cabcf4afd3d7ffcbce721347f653ab53,8048,2026-04-17,True,True,True,True,True,0
f0d58189e286e2fa7a1ca7b697d2e6870f3bba1e02ffca39423f1547bf831bf3,6435,2026-04-17,True,True,True,True,True,0
5e5e49ce31e967a9fb974ef77c2f2e11823fea4ddc82aa1e2b3aab11bc939056,7769,2026-04-17,True,True,True,True,True,0
578c6880c18a4fcf711ecfbbdb815a42df2339bc73caec10cfc2b978552ac4fa,3588,2026-04-17,True,True,True,True,True,0
7ce399b242a40359891af8eb670797b1b7e05d8136ab39486735631d64ce6fc7,6668,2026-04-17,True,True,True,True,True,0
3227badb4e1584fea9017487b693c29769c6917963afb0359b44ec184bbb2a65,4556,2026-04-17,True,True,True,True,True,0
46b0a815b1ed6ba6b7a4c8baa5c681dfabdcdc4d74a44dc1c53838cc4a3431c7,6205,2026-04-17,True,True,True,True,True,0
364d5627c9661b19cdf9f09325c36e60dc822cf34e168099ba66d0e0ba5c30db,5425,2026-04-17,True,True,True,True,True,0
d22b01ce4df6c4383b4f0c655e31edf8b99d596735f1243391d3a697a026ad1f,6667,2026-04-17,True,True,True,True,True,0
af18fa978bba2654f87ff872400a719e5cc4af3a1eaacf6832494bc13b9ed32e,2070,2026-04-17,True,True,True,True,True,0
0d248193a7c0f092d1ffb290fbdfb64ca2ec315e2ba87fc08be7bf4683303ea8,4916,2026-04-17,True,True,True,True,True,0
e3efd4d7fd90fd30e88a9b9236bbb0fee592db10fae01238339523cdbefb6356,8016,2026-04-17,True,True,True,True,True,0
6996bf488e7d063ec83712939aec521ef3260ccef9d767cf378b4e28d7c211ec,2401,2026-04-17,True,True,True,True,True,0
f111252ad0c8d086601d40cae8667e60eccd6453bfc35cd526b2ff42c7c63b36,3550,2026-04-17,True,True,True,True,True,0
520c2c5311858134508b2c2951a7b1d37e735b3a445c4dbc3500d476f3dbe4d0,4540,2026-04-17,True,True,True,True,True,0
d81429587b3421273f982ed04bb4c2b2bed47f1dc8240eadf33d25120ce7dc84,4707,2026-04-17,True,True,True,True,True,0
ff2727297cd0701e7546ac5c0db3d3ba4097172b2cb315a3054175e86500a7ad,4722,2026-04-20,True,True,True,True,True,0
5ca20460dd6ac4ece52e4f7ab633e3ac5126de1a34df92f929e6083ce979cd87,3455,2026-04-20,True,True,True,True,True,0
5d69ca33d1c4f8bcdb16566d8f1b9799f5b7e4dc744aa09e3de97fe36644405b,6532,2026-04-20,True,True,True,True,True,0
aff4f2da4817d0dc331a7eb3d4fd2301a13251ebd0c0900988ed6ac4761dc42c,3231,2026-04-20,True,True,True,True,True,0
c299ca6af0750cd2e5e4f93a386928e4155dfa9a1f5a00ee319e8b3e6f654a33,3630,2026-04-20,True,True,True,True,True,0
531422c7b17c27197b9c4eef5334e8ae8928a5940cb0105e7bcf7b68333e297e,3152,2026-04-20,True,True,True,True,True,0
6653ef6bbba8b1e3d5ffa54e165c6f7350ed7d2f25a540733fd9e7b59f26389c,7402,2026-04-20,True,True,True,True,True,0
c0c21d3f31e7a3b779052cdc0d98a17cd813f06ad97153aa48975639d6f93707,6275,2026-04-20,True,True,True,True,True,0
3135e8afada93ee8c54d53f3bd8a417deb4d1cb102ed620dbee1e02e578d8e0f,8091,2026-04-20,True,True,True,True,True,0
3d28f46dc17889dc7d68893e96d6fedda8a636f399f99a0ca45f395bb8e31f6d,3490,2026-04-20,True,True,True,True,True,0
869ade90958374c52727c7b4dbd4ab388efe4bd2db7401b675651bc63a95603b,3189,2026-04-20,True,True,True,True,True,0
18dee7b7d95a85de5c482d732b74997a9b220d1707a28199254bb5a1c8fd73c0,2434,2026-04-20,True,True,True,True,True,0
8d7b32f3fab702d3086364feba5745bdad7593bf2f58ae3353eb387e441a3598,3035,2026-04-20,True,True,True,True,True,0
7377cf1320c5eab2a4bcb1f9a62a58a7f36f0b29658f585c8ee8b73d500fd77a,5464,2026-04-20,True,True,True,True,True,0
4ee7196dfb405b100f13c3315ef19e6866cc8edcf3ca926cd25e77de297151f7,4127,2026-04-20,True,True,True,True,True,0
227293de64276dfdd476ea2aa6034243bfda5c98a1f076055d2cbb6a8eee00f2,5483,2026-04-20,True,True,True,True,True,0
43af15c785f816b2fb7eeb0613c812030b89997910ded04e5b9ab70cb07f6b68,1773,2026-04-20,True,True,True,True,True,0
e9409dc408f5c760a2c13e6c4b8302482edda48cb077487a41fd115de7f61896,3037,2026-04-20,True,True,True,True,True,0
1a2869e3ade6a3bf0e4d6b49708d07d6203788cc1c5595fc2e2bcb8a149f6864,6191,2026-04-20,True,True,True,True,True,0
1614c2c43f765d780347e2acf0c14f73e4bbd2b31cc38f9a33301890ed5e4b63,6217,2026-04-20,True,True,True,True,True,0
b4b5182f94114ecfcb146c4d3c3dca04ba30376309f15e256d32945bb4460788,4968,2026-04-20,True,True,True,True,True,0
52b37da385a9a23268d6d36eac2aed7a5454887bac1068b076748bc765b29448,8103,2026-04-20,True,True,True,True,True,0
8fc46fd1c86225e9fbf9f4828a37f3059f19d86129bb51b98ba1bda0773acaa4,4572,2026-04-20,True,True,True,True,True,0
946c2967f79d935c11b71e9d3c2f506d3b46831a32566acafb07698664474285,6290,2026-04-20,True,True,True,True,True,0
cc8562cffd884d80a43bb3b7af0c2c383a5de0f1f2284a5c55f03e56578bb285,6226,2026-04-20,True,True,True,True,True,0
76bd7608e228cb04af16078726f98c779ff466227543476c41f91218aafc3346,2464,2026-04-20,True,True,True,True,True,0
4716cb35d722cc21f2a3a1368fdbc2a51088197418c496e26c9a498b442027c2,6727,2026-04-20,True,True,True,True,True,0
f7e357a275576b96bd0fbe080bd886bca5f5b171d5a69df9126471b4dd73dff7,8038,2026-04-20,True,True,True,True,True,0
886086e9d08b6dd5564d80e050e08d7d53af4c8edfb0de266f0ed67b575bb47a,2645,2026-04-20,True,True,True,True,True,0
ac107d3bc078475c3799692b0eb9b1e08c0f0a82fbe0e333a91cad9be9e21408,3605,2026-04-20,True,True,True,True,True,0
d7c24ceaa5864ff12b7acd078ad21c20f8e160e993b957e68c2b54bc358083f1,3479,2026-04-20,True,True,True,True,True,0
6dfcecc58d46bc60afe6445bac2fb6d684a7884f1f013141ecd3ff96fc4060b3,6643,2026-04-20,True,True,True,True,True,0
90a266462780f793d30997c0a9f45e7f76949657f9e937017c9a1c4293268dc8,6693,2026-04-20,True,True,True,True,True,0
f333be0797803d06bd7b317b1d89ff39be6112bf19676b36bd97951785cc2708,3374,2026-04-20,True,True,True,True,True,0
a579be3dbcfec74a4ba8f39b502b6157bfba574e5e0a0e8cd8690cead1fbd40e,6937,2026-04-20,True,True,True,True,True,0
98bed5c97a76f1a5e9c5f2f057a691f46e661d1523542713c5d7de3670c434dd,2455,2026-04-20,True,True,True,True,True,0
8bc56c154f882b22e57da049aeab5487b9557ac468d55a82ea289ad21ab0b9c4,2312,2026-04-21,True,True,True,True,True,0
bea661e65193a5de70f6b267ba493c1af94a2f2d013e2e6db0287fb3684e4667,8028,2026-04-21,True,True,True,True,True,0
94d1718dcb52c59079773e6a224a07e3918e4bc08e2df395cf8b454c2cdf30d3,3528,2026-04-21,True,True,True,True,True,0
46a5565d30399c66ab19bce7e5563a2526d12fd89b4fe1b2089750be57a40cb4,1568,2026-04-21,True,True,True,True,True,0
6e631d303bbd810513b5da3d394868b3df69b61b265bc05f77822b92e4d0de3d,3055,2026-04-21,True,True,True,True,True,0
2a38ff72e3e4450b3b1d61f0fea86111f881740d7696106ae9d2a59e27eeee8a,6153,2026-04-21,True,True,True,True,True,0
d60477b2b02ffe7e6ccf9e820748c4c9639e8e702eac01f8d25ebe449d4ccea4,3288,2026-04-21,True,True,True,True,True,0
c7dae82b60d012a80014ee72c33c8376d75093d71b1e10d020055a5586550d89,8271,2026-04-21,True,True,True,True,True,0
76e5d6abe7f3547efbe23c45bbef1f20ac4e0307546156bc3e61c8faa54afa5b,6799,2026-04-21,True,True,True,True,True,0
6a1793d79c51cefb82bb3b0266f1a338112158077c2c27bd1c233327c872f103,6419,2026-04-21,True,True,True,True,True,0
ec2fa658fc4fe4491b13e05ac041cda8dcc1be71144441aebd40f2ec997f48cc,2376,2026-04-21,True,True,True,True,True,0
447b4d6de25c8b9381b90312762c3c924b4aa202731a35ba53556bbe120596cd,2059,2026-04-21,True,True,True,True,True,0
12d3d1f33f7469233c794ccea72b588d6999a8eeab1be7812cb5f2da08f0fad9,6526,2026-04-21,True,True,True,True,True,0
65d83b5c376d5570b1c42c5866e63cfb6e12eff895882738620229bc0f8d66a9,3675,2026-04-21,True,True,True,True,True,0
c52bee64216879eeecd1e5ab690540c384c3f683adf0a29ae2bc81d3fa472cdc,6861,2026-04-21,True,True,True,True,True,0
bf46c20b5bb5db65403853feb92ec03489d241c335444384db03ce729516b344,3308,2026-04-21,True,True,True,True,True,0
cf17a7e053b93dd72953103befcf9321ce1b529fe9c8597a146c05d6b0668a3c,3709,2026-04-21,True,True,True,True,True,0
8ee06bd74f843d04c1795563b1156729c0af62ffe250ef75d858d88415250cd8,2379,2026-04-21,True,True,True,True,True,0
70e6201e32cd9726c94b1f6912c1c74f638c029b5f62543d77492af430bff54a,3441,2026-04-21,True,True,True,True,True,0
1a63303f74417d072b5b4348ffff023bf2cedd5d5770e20760e6530030ed2113,6016,2026-04-21,True,True,True,True,True,0
e7efa72cc0598881b19247ee39f69b88d4ab510ecbea2325512ba392679a57bb,3264,2026-04-21,True,True,True,True,True,0
b4dec6d305c09808f4942ee55793428cc3ec28cc447e87883c6768aad5337dcc,6684,2026-04-21,True,True,True,True,True,0
8a11346e43ac69bd7ca5efd4ad355655fd9437bdaad70d9db9ef1c9e3138dcd4,8048,2026-04-21,True,True,True,True,True,0
ade158ec0ee76cd2ca621747596531b1653fcc613e1d7a0a2f3b5831873b6cd8,2356,2026-04-21,True,True,True,True,True,0
7c21368db6d74cfd9e6e608f29e7a8d91d97fb02fe376d85aa3eaeb35abc35eb,2351,2026-04-21,True,True,True,True,True,0
50fcf72805e0e176271517650af34aa851184e8bb33ae5135903e0b2c2ed6134,2465,2026-04-21,True,True,True,True,True,0
388b2e7a0dd0be9e1b7f4e9f47afe40b38122468524a7cf28e0e93f5fe0fca60,7734,2026-04-21,True,True,True,True,True,0
dff50684ac4050f953944d0eabe94441aaee17b1af7158d1a1b494c61fae485b,6129,2026-04-21,True,True,True,True,True,0
cfb62dd101bf1028e845507f88b96577e9c5d9d9f733f03c02a67ab41cd8b762,6462,2026-04-21,True,True,True,True,True,0
8d4f378190ac44acaa011504b0132aaca68fc08b56c856ad98e36bc7c795a1cd,2070,2026-04-21,True,True,True,True,True,0
ce4fbcd8889647c54510d40f5a300eaf3b879545c0ca3ff34a60c718ca854948,2049,2026-04-21,True,True,True,True,True,0
9125ad606c4a03284f3f6857b739868c4798bd4640148f3db840ac7f7624a5a2,6269,2026-04-21,True,True,True,True,True,0
55b40a76ebdd4f9f672521d018cb6f79ed1f868c00d98bcef37758249424fc25,3661,2026-04-21,True,True,True,True,True,0
a9693f65bbc0a07963d68264c2764577553d7fbac56ed4d8ce09061134d36e92,6270,2026-04-21,True,True,True,True,True,0
fedcf58199e7e668fb33586b57268929c53c00dc9d61b24daa609648a1e18d27,6695,2026-04-21,True,True,True,True,True,0
e3d678640553eade10bd26653ec23ed7c19d51cd8ca2c202d711af766c4767eb,8255,2026-04-22,True,True,True,True,True,0
9b37eb9d87600bf1d853d033eeddb7df274ff15148fdaca89490c8efb071da7b,2231,2026-04-22,True,True,True,True,True,0
a52b3540e323b8913ae41637982c791c60b1b2b7373bb1ad5d4102cb4f48d60b,3227,2026-04-22,True,True,True,True,True,0
1a905c418b227cf2d79157eb8f708116094805c0ed16e4cd263bbe67ad980c95,2467,2026-04-22,True,True,True,True,True,0
81cfaf75bc48481cd82d23f4da556f099bc70c61641e31912a302cc0c5877e32,2342,2026-04-22,True,True,True,True,True,0
f57aef42037e11b396a1769594736af4e77529f1798e6323f554defd92b8ce09,3527,2026-04-22,True,True,True,True,True,0
8c454e590f3d4983dbf55b83765c45d8edb2520d8734728e6f1ca49cf3e2187d,6138,2026-04-22,True,True,True,True,True,0
54eaedd22e416d8f9bdb124af6c40f4e6e8952b26ee4a72cd82f03f3188eb30a,5269,2026-04-22,True,True,True,True,True,0
49247d9bbe447dcd193d5c080a572d9a52df744668ce582d8d91c5e333a8ee2f,6719,2026-04-22,True,True,True,True,True,0
1100dc6f2b1843903595aea2f8f54141f88774987f3dea7b88ef67010493cf25,8054,2026-04-22,True,True,True,True,True,0
017a9511d57f97656a9238a26b40b42f121e09283de9487642a4651dfb9309fa,4577,2026-04-22,True,True,True,True,True,0
2024d73abb097881e3045dc2ce8e9e1cf4d343ea4c8e753f43cfa7d1428fa0c9,8234,2026-04-22,True,True,True,True,True,0
300ef5bf09f194961bd99f5172c6261e138dc076f7f202fa0b9d75ce0313d29d,5285,2026-04-22,True,True,True,True,True,0
464cd62bc66592a43892b6ded8e0a1fbb7ed9bafede60863be9d7eedd6c22409,3071,2026-04-22,True,True,True,True,True,0
b4f8b64642ab90139daf4fe1e0d43f0769b60141115e46d1cdfff01dc8fca5b1,3034,2026-04-22,True,True,True,True,True,0
adb3627be29b45ec9f27bd4c5693330403dd0af58b0bff085f0721cc13a18bdb,3597,2026-04-22,True,True,True,True,True,0
7f59b4745b43fa7caf7fb97a0eda490ed84d2bbe5f8da53f9a8de2f851ac6318,3268,2026-04-22,True,True,True,True,True,0
8b3a4daa48401d91378de37b0ab3b55cab3bf3495d9a784103e6cd84ed0c8069,6202,2026-04-22,True,True,True,True,True,0
158047169852cfdc7dfabfd2ade7dacea71b75774383bbc247f2bd0b4997fa69,3211,2026-04-22,True,True,True,True,True,0
1fbbb30dd7b0c48f49245b902c0850a22e586502d18810da99bd6bd9df14a385,3013,2026-04-22,True,True,True,True,True,0
b46b853750cf671ccaae88e7b4ef59f0489147828fe0c46eb65bd8837ebedc2a,6416,2026-04-22,True,True,True,True,True,0
e48431d56454f9139e7168d84bdac90fb4e9dafb6a9a113d676e7bfea2bd8e9d,3390,2026-04-22,True,True,True,True,True,0
18ae504578f1b48bbf8266ab1be36e195cf50e1d110251d12065516e3de96d43,5471,2026-04-22,True,True,True,True,True,0
fe1702849eee1c0a0eb796e8b4196274a67e1219eb115b9f3e1de811d9f52e2b,8109,2026-04-22,True,True,True,True,True,0
8ad5fdaa7f16a00d7d2249ceead62d9e6b32f164b8451dd4c1188acf939d69dd,4968,2026-04-22,True,True,True,True,True,0
f30dc329268b1d82f75246d0d4b9f5b0d5e0a5c04ae6ff736e08fda9c3f53151,3114,2026-04-22,True,True,True,True,True,0
dd1ddd9d5b7208a6ba0dbc18b343e62549c3bca82c680dc194edb6c83972f46a,2377,2026-04-22,True,True,True,True,True,0
f2ef7ec7ad571cf043c3f32f6b7b0a819fbf0997c4a32cc889c78295f738663b,3617,2026-04-22,True,True,True,True,True,0
1e549114b0f9baa51fafe154659934c5f72e940047f459a63a9a45f6b638f222,2352,2026-04-22,True,True,True,True,True,0
8669463e27a696ac14a1e9c7f98c0a9062f25f13e8339c8bf8e4260fed88edaa,2317,2026-04-22,True,True,True,True,True,0
41b328de17da4496afa0345379baf4bbf26f9bb6ee291dcfaa59a0d8590a42d5,6414,2026-04-22,True,True,True,True,True,0
cbebb1a08228db2b0e5594d10021339e1728ffbe9bf08c937474a870c56befe4,3707,2026-04-22,True,True,True,True,True,0
915ddc9e44785984ac75be927e38472638764270eb71494f7980cfd9dda3359e,3324,2026-04-22,True,True,True,True,True,0
47544fcf7aa389f386a42787bf4d94aea47157a50b6ca122a798b1441367adc3,3588,2026-04-22,True,True,True,True,True,0
20877ccb4ff436741b67688ec676d86833f541b62414d0c9d4231f3d6aa6d17f,6150,2026-04-22,True,True,True,True,True,0
ffa349b898ae062374ac8e9fabfa68466bb3ab3498961285bed26131ef60557b,8016,2026-04-22,True,True,True,True,True,0
294e58d040066235de27698ef06ec2ba57361064501cf48ca5f3dec70e6b6bb8,2501,2026-04-22,True,True,True,True,True,0
4b87d51c3c22d6a3768811890dbd3b0d5674c787117990f4613aceb3184905de,3094,2026-04-22,True,True,True,True,True,0
824c95ef50dd95384830bc7ca5e38d3ddc36bbe0fd97e3b7398cdb0b71b0a094,1727,2026-04-22,True,True,True,True,True,0
4f68d2c215e31de3a3af959f1c134a716aa7670904fdfe18d756bb5b314f265e,3147,2026-04-23,True,True,True,True,True,0
130803672d32865325d252944102f94750ee15f80ba0bae876e7903275eadcaf,4931,2026-04-23,True,True,True,True,True,0
1d5ec0bcc0f15795278198f0a51a3a8ed7608b62a36332a7e0ad9bdc1278b6ac,6190,2026-04-23,True,True,True,True,True,0
c77530c3d5313439531f14c3827bf8f2bd80e45787313109b7745943bbd28c61,2474,2026-04-23,True,True,True,True,True,0
06ff8a7e3e1494eadd73c8ef78d323535223963dca9ddae03519cd8d3cf9e3ff,2241,2026-04-23,True,True,True,True,True,0
83b086ac29f8be0d1fa5052567277edcbfcff8dcfb49fd256eea2115353e5d31,2542,2026-04-23,True,True,True,True,True,0
b4c1788fc2f087a02cc79a1fc746e73635702ce677fb760907bdbb1c0fbbcd06,3675,2026-04-23,True,True,True,True,True,0
d9691de7a33bd79e1b0d65fc57c088054019c74b2e7fab780ed6c51edcaf028d,8240,2026-04-23,True,True,True,True,True,0
ed251ca9de1902c8bf1a0d568ddb089a41bb73700c3eda2f670b42bfcfbf79c2,1569,2026-04-23,True,True,True,True,True,0
8c56218716ca62b125399aeead80c4a519d529d800fe6c2efff02110c46ef0ef,3390,2026-04-24,True,True,True,True,True,0
d7316fe27380cb524b799f2aa9ba3fb60007c645f1f2150ffb0e2ac373635fc4,6108,2026-04-24,True,True,True,True,True,0
88e23c77eb9a46092fc83b1ee14470a97158f772145b1fe44549876d6ce83dcf,4807,2026-04-27,True,True,True,True,True,0
c0cd0731e369d6c11e50ab3d8b195197895429f47cc9ce147c356649a18e4255,3652,2026-04-27,True,True,True,True,True,0
2a7c28cc692e65d9ecfaed8a6a88543a763921e04a54283bd22cb605c5effea4,6781,2026-04-27,True,True,True,True,True,0
b3b7a414d836738bbfdfec6e28d77d1db6a47d963fc74d09bff67f67eb6b7596,3035,2026-04-27,True,True,True,True,True,0
e85cb0983144ef537f1fd7c8649e4560f2d9c16ad0d24836014a8482791da2b8,5483,2026-04-27,True,True,True,True,True,0
5dc1c3b099f5106d193e9fd7318b6151092bfa0744ded3732bd723fbf3b3895e,3317,2026-04-27,True,True,True,True,True,0
4065664eb1f4d638d58da75eca29338cfc00d3be7b46585ab3a8e97c10c656fa,2061,2026-04-27,True,True,True,True,True,0
41e76919a25da2dc43898f1206636f01463c5ce6f61906e21ef326584acbbc59,6669,2026-04-27,True,True,True,True,True,0
a0ad344d6d500b2d1ffaa0f5950926b2688fcd89fba67ed77bd416de2ef9f04d,1736,2026-04-28,True,True,True,True,True,0
b8c891d730a86f2a899bf2e9ddb9a34da8b8bb068c5684a803b8e97d05c3ac2c,3006,2026-04-28,True,True,True,True,True,0
79776c8ee59e85945f8e800141771be1f8da50a57e9e52ad55f85c45e19b24c6,6903,2026-04-28,True,True,True,True,True,0
ba6c7036f39a0f22aa9985bf9e29a0c8b5a4e84bf8828fa98a041e53ee6b3786,6405,2026-04-28,True,True,True,True,True,0
98b1ae3ff0aecec3984a8b006b8c0e09b8d470b6a39ad8704c9ca8095a96a15c,4807,2026-04-29,True,True,True,True,True,0
0da4fec6c29240460206f46eac344c04557d90303cf3416a39211c1ae3260993,3455,2026-04-29,True,True,True,True,True,0
d9531605961cd31e8eb63981f6651778374b1039eaeda87d4b73c7bfec308f02,6218,2026-04-29,True,True,True,True,True,0
837a5ad391bbaae3951055812a36927c36adcce063c87811af98e40a7d79ab8e,3152,2026-04-29,True,True,True,True,True,0
790f43748c57477e548e807334e0facc2a55ea1c5d5c1bf0ab348b4c47fa52ef,1597,2026-04-29,True,True,True,True,True,0
1f632adbdd59296bc256e494da8bf8c92da81cac3c1b5e1bb1ff077967a1faff,2542,2026-04-29,True,True,True,True,True,0
c6021ec6ecf98526ea5068cda5bf36b42b12481ea95bb874f3855a5d850f911b,2034,2026-04-29,True,True,True,True,True,0
3fc04d8e8927d402aef0efd0e72c4202a03b05e77081e880ae742656059dac47,2337,2026-04-29,True,True,True,True,True,0
072f4ce62e99903c3a2c716680640b3be085188fbdcf9368d7a1c1eea8839f96,5289,2026-04-29,True,True,True,True,True,0
a57f4dd26f30d323124291f768087980c955468a02a8fc3b291e7e53bf135304,2426,2026-04-29,True,True,True,True,True,0
5499765eed21949cdbbb50adb1b33d63f7559d3900d91df5ce8427e1082304a2,4540,2026-04-29,True,True,True,True,True,0
9c37bdcf3a6bc5ac092f6160de00039c500d3b6da7d007f6986f3a95005db056,6204,2026-04-30,True,True,True,True,True,0
b3fa51f2792f82215d66f60fb1ac7000f24a8593c42ee0bc9674a351498b1fbc,4908,2026-04-30,True,True,True,True,True,0
d4c17e111044070ed3f66e33371e032f428904afdcd3e8b38d52c579d39732e9,5443,2026-04-30,True,True,True,True,True,0
517ba6de3ac3bcc54ffc9000274acea0f3bc91e134285b19fa76b91975d32815,3088,2026-04-30,True,True,True,True,True,0
32a1187d6fad9d4a57b464f69b078d74e3b0b503ab968e7e13b3043b11b5240d,5464,2026-04-30,True,True,True,True,True,0
62375b4e54acfb7d5e3a18a4f8621ef00c1d7f14196488fa41c59b20ea2d060c,6683,2026-04-30,True,True,True,True,True,0
6293d3d6dc05b9c1ee136d53272faa45a8d4a1b48f6e4b7bd0db3df8325642b7,6405,2026-04-30,True,True,True,True,True,0
8858c86ef02ba09b38497243b78e12070c8087f7d898b5f4ef08ae498c08ac28,5474,2026-04-30,True,True,True,True,True,0
be675a0f969be2035e3b4a10fe1e3b116da93b1185c975e0b270c8e928492db5,3577,2026-04-30,True,True,True,True,True,0
630c65a01419c08fcb7298e54aeeb6dc04c88a24789ef6307c8890d321cd11b1,6207,2026-04-30,True,True,True,True,True,0
858509c168d313a4cfc361e7e4bb0250fe269400d8ddde13ebd175b0097b3071,3707,2026-04-30,True,True,True,True,True,0
eb68ea30f6e72dc45f6197803b647faac38db9b0c9120e52c873395e35d79251,2465,2026-04-30,True,True,True,True,True,0
ccad5d1a301cbbc6f4bc8b9515a21cda3650579e5fcd361ec3904fee2d7efef9,2328,2026-04-30,True,True,True,True,True,0
d159a10f74f0e48cac176f90a0ad16360088417704f893f1c0a19e6421492f39,2359,2026-05-04,True,True,True,True,True,0
ffb88d414671e5a89b3d88f43be2a84c9ddc7a7c7967916c36e419cadcc26bdb,8255,2026-05-04,True,True,True,True,True,0
646eeba30b1417c529d6e3dfe34cc993d2c02e631854a52e8f1e15e1053cdb34,2342,2026-05-04,True,True,True,True,True,0
454bba275b19e5802a143163872af6dfca844a7ea8da77e54d0a4b8dc2e72828,2603,2026-05-04,True,True,True,True,True,0
f3544aa7526ecfc8abab9c7d04fe133bcf3ddf0f61eb644648c6c357437f765d,8074,2026-05-04,True,True,True,True,True,0
bf20f34499d2426c5a9c3af695c9af9e6cee9ba96b57310958f6c33b83167e6e,2395,2026-05-04,True,True,True,True,True,0
1ea207c6552c24be06fa5f1cc37e1f95b7bb756695cd51d7b2607436a7805e95,1514,2026-05-04,True,True,True,True,True,0
c0f2b5f7d660d26e9ba22356f4d7b476ce445cfdcba138fefd08cbf80a3fb742,6419,2026-05-04,True,True,True,True,True,0
a4cc2b9ff24bde666ed925d8cd13f5f744ceb1c732d1f66476cc523912b9d6d6,4919,2026-05-04,True,True,True,True,True,0
8f43f20105a475b319830d5d7526f0119cbda87822481f072384219d1c79ea78,3535,2026-05-04,True,True,True,True,True,0
f6677a0c165dd8d01e76377d8ff606b07049698ee6cd19ea4675e48ef15a1edb,8121,2026-05-04,True,True,True,True,True,0
a32ce45bf61378a0f73f875f2a92225270f7b547154a1eb8610080990642b7e2,4585,2026-05-04,True,True,True,True,True,0
93aef02355b4e1a88870b76d774459b52746116adb619c74a6ca5f959d97826f,6166,2026-05-04,True,True,True,True,True,0
4777be7bc001ace37948cc4e2b3406ec0ab7852f9e35241aaae9507337cf15da,2327,2026-05-04,True,True,True,True,True,0
7ed004e20ef35afdeda5433b6369190bd4577d4f83f79174a07266aa1965a8f5,4561,2026-05-04,True,True,True,True,True,0
bc38a17b13d37f84bae1660087a80a9fdc48e0f7f3ad86a7690f13cba0633dd4,6414,2026-05-04,True,True,True,True,True,0
30a95a3a27f2f62046b82e9003191cfd172704d543f4a03dacf3e966a140967a,2360,2026-05-04,True,True,True,True,True,0
bde3ea8f585fd9d37e8ee65a0e5b5da47f88f50f4fc32fe7ac83a77065b28042,1612,2026-05-04,True,True,True,True,True,0
c6068a1bba357f1361c5de6d66ca4b010c4bef3b3992e191bb09087c3c627276,3702,2026-05-04,True,True,True,True,True,0
d0bc1c34b3e7fd58059f02557a2bc66e6d519bd4ad33aef9172c1256d66ba430,3498,2026-05-04,True,True,True,True,True,0
c7524f04231e0e170294a498515a449c77fbd0dd30dfd42e95f1568a1c68b486,3265,2026-05-04,True,True,True,True,True,0
9bc6fbd282452ece5cb6b298d69548940aa3acfe9cc39090af4bdda3d3a3fb5e,3665,2026-05-04,True,True,True,True,True,0
f0171e4bcb46428f58686b0b3f75cffacd97db63eceabf81d522ddf5c2f32502,2408,2026-05-05,True,True,True,True,True,0
eeee4f51ff28a5a29482338355307a4dcea3417f770673c8859ed2b9ccb65851,7610,2026-05-05,True,True,True,True,True,0
392402a7ccae54c237bfd3d01b6b5ded84abbd8be9485a8a1359b180fdadcd23,3691,2026-05-05,True,True,True,True,True,0
3c37e24d6d30633563233384e4ceb8dc6495a04b5bc8d4e5a61b565e02c4f944,5009,2026-05-05,True,True,True,True,True,0
89751693dae23cb6760291f289c47edcc60b0c5e7cf17ae1378e6bc41747d117,6525,2026-05-05,True,True,True,True,True,0
6f6442a80ffa1bcc3c4c1ff5ccf220679d9f564a6657f2f52f803b7e8fac4d0a,6488,2026-05-05,True,True,True,True,True,0
24faa272e358ba234273d017d6f6e617cb4d941879ada597313861d727bf09bc,6719,2026-05-05,True,True,True,True,True,0
2beea07dbddcde8f3d4bd532e002eade3c31913069493543e7762730542d0e34,8150,2026-05-05,True,True,True,True,True,0
8ab43d16711112d3fa8eb3a4b1003a8a6ed222b529b9572ba173642eac9521d8,4562,2026-05-05,True,True,True,True,True,0
9549156aab72c0b142c58e920696bba4016e0a7b7def31a2cc8e18994a0f9d78,4979,2026-05-05,True,True,True,True,True,0
6c7574b8a5e652fda8ae1bfad7d5263a55b96f5cddeba055851b77e7833d4c5e,8234,2026-05-05,True,True,True,True,True,0
93fdc1c52205999bc0493eae66e277ee550e43620b3bcddb7e44bd24e2c443ee,5410,2026-05-05,True,True,True,True,True,0
668f9d922d68716066587a7eccee21ab059238149c517e36214d2eba47fc2dc6,2491,2026-05-05,True,True,True,True,True,0
f6cb0f929de2d72b2f4302b7d928847aa4e9442361113dc00a57d2a6515a212e,5299,2026-05-05,True,True,True,True,True,0
c8fe1fe071b571d863394aecb3cf7b055f1333e980715e9cea2def0e918a639a,1809,2026-05-05,True,True,True,True,True,0
4773e427c774cb9502613db97aef42adeeb881fc823cf42ac88559d40eb9e9ea,2434,2026-05-05,True,True,True,True,True,0
1ca6ce14c7458434c20b15a079ec00bfaf829fb68074cb6943277c939e3afbaf,2369,2026-05-05,True,True,True,True,True,0
428934324b7ca4c147a069a4984fc5dfe496475b25758402261415e5b86dbeb2,8358,2026-05-05,True,True,True,True,True,0
1146c007c34e1e03b7e8a28dfc72a5b5dbd85d9d75e927edad4747bb9a03fb7e,7709,2026-05-05,True,True,True,True,True,0
d0e5a7d51e7849515dd4707b12904b0926e3406a315cfdc77373492d77dd7c78,2354,2026-05-05,True,True,True,True,True,0
b3fb7a739ae75404b8aef1a15d08e5564779ba79611e79cbefd33f024521992e,6570,2026-05-05,True,True,True,True,True,0
046bb835ff741c12f5cc96959aa490ef9d036e7d3206aedd9b36ab2bab935cc8,3022,2026-05-05,True,True,True,True,True,0
245a96982a90d7d85d4e1e230df5c29e4f7826c0f3de688890f4aae4dd2c8b5f,3441,2026-05-05,True,True,True,True,True,0
e7e9aeacb0b30b4ef0d79d24ace54808be15f99beac016c7495a7e2f7dbab78f,6416,2026-05-05,True,True,True,True,True,0
e530a002d6c5accdcf509f8cf8d0599a66dc4ac06180dfe00ddf2815980d28d5,3264,2026-05-05,True,True,True,True,True,0
30d60e1ae127ee035b4eba133ff4fe879a65f3533b58d91e57e10e25b5fa2d58,4572,2026-05-05,True,True,True,True,True,0
e5f103c7b832f4a98dbbdbfaa4a71d2c251d94c92d06d9359548af77cf01838a,6207,2026-05-05,True,True,True,True,True,0
b446e9dc2fb7d62725467a89ec4c16adc1110fb1d497bb9b3b8f228f32d20e0e,2317,2026-05-05,True,True,True,True,True,0
438d7ed5ee918c3b8a3d4d48b776a2b67ba4c8af108d8853a60b2046cafc075d,6174,2026-05-05,True,True,True,True,True,0
f41f44f7562db5cff1682327ead45b59132ccfe746b6a63212004c35441e967c,8042,2026-05-05,True,True,True,True,True,0
0c59bd26bc072e824b0028a85dbdd142a6c6f33fbe1024acc6e821691b1f1492,8040,2026-05-05,True,True,True,True,True,0
df74a51c46bc0e70cfb579afd72d2eb05e6e29ea81576f94cc5128b96d8bb503,8071,2026-05-05,True,True,True,True,True,0
b393e1080cb28dece4dbf5b24d3105c93bfdf75f9276bfe1efdb865846fb3aa6,4541,2026-05-05,True,True,True,True,True,0
d66ad7c8f6fa14ed54f013b8ab5833b5d6b08f712a5c3471dc6044f3001e8b2a,7777,2026-05-05,True,True,True,True,True,0
b8bf26fbd7c6e9ade666375579a780ade875d7b5c1f28c2cf91b60a0142d5bc2,6257,2026-05-05,True,True,True,True,True,0
227f34948e7c6219377bba52a6f04223ab21d413297f4ce92da928baa9df0c4a,5386,2026-05-05,True,True,True,True,True,0
ebc5cc3d713dd8c8b57128bcbb13ee849ef56819bb5cb9285dd3056e4fdca316,2328,2026-05-05,True,True,True,True,True,0
82b9c6b711632148a90e0d4dd29c37f021e252e513a822770163d41f1c1293bd,3479,2026-05-05,True,True,True,True,True,0
21515300482c8164af63dffd39bb0ccacd58b7a0eef152d5e7c43aaf7b8f34cf,2455,2026-05-05,True,True,True,True,True,0
82edf07f98b1379731f1aea89c7c7d6ab61c2d9e11ab8d51606ecf06c8ffb23f,3528,2026-05-06,True,True,True,True,True,0
728791075c211a8cf84c74dfa8c63dd40123f54c6f6766c1acf43271690c4800,3023,2026-05-06,True,True,True,True,True,0
8e2d64904ab4d813cea0b9b529abb46e92a0e332743faac65fe129e682350a9f,5351,2026-05-06,True,True,True,True,True,0
45fe439070f52c4421abff3b7e275ce4460682b8c94e559a81c4735b2defcc9b,2603,2026-05-06,True,True,True,True,True,0
44abfcae1ccc9373c3c0789ad3b9c087a1576896f6a0981ba8b848572fc6bee3,3231,2026-05-06,True,True,True,True,True,0
da73f6d760b33ce4e0cd416a0fe6a72fbb02125082809e1239414d40d35497bc,6173,2026-05-06,True,True,True,True,True,0
5d3d04836483b75312759545d268c24b32b839c6bf1971d98ee98ecf775e3f7a,2376,2026-05-06,True,True,True,True,True,0
4bb14830c31370e1b9a5dd707dc9a7a169f9c4535e2616fcf42ec6277be15075,2414,2026-05-06,True,True,True,True,True,0
1524d1a5acd6005be28cda99cb9f83ddb937313e7795a84e2bde89fd93f152af,3034,2026-05-06,True,True,True,True,True,0
2af48d422b198e769a874c082cdb46ec321312f85a28d307236dd805452ecce3,8210,2026-05-06,True,True,True,True,True,0
2f3bf4e919aeba3ebf7104d22fbd5ce26c42a8b5eb6aaf1c25c90d55766cb569,6526,2026-05-06,True,True,True,True,True,0
1283767ab8c4bd4af277d977aff2290febc3bd4ca1baf0d89f787de07ec8e3cb,3088,2026-05-06,True,True,True,True,True,0
25f8491adf88539e0fdd13b375cf57aa4b958e05b94f3086f59c4dffa548b4a1,4934,2026-05-06,True,True,True,True,True,0
4ae23854f4a9481d21f5bba6b1dac2dbcd4abd90a72c48daaa8094ff3f660c39,6279,2026-05-06,True,True,True,True,True,0
e432a572837b7e6003ad6835895ded0942d62e91b1d7bf83f67e7e0dc783cf64,2357,2026-05-06,True,True,True,True,True,0
c4b724a091b0869580c04efd6d0d60f533551f6635b7879ec4f901b4a84cca66,3213,2026-05-06,True,True,True,True,True,0
26bc9ad063930757a67c4f0bd2c5cef41abbe25fded6601e65bd234d5400d423,2383,2026-05-06,True,True,True,True,True,0
8f27fd4fc697e028273949f300c6d40d9e81f32af12f7c7d66a11a152c750c4f,2382,2026-05-06,True,True,True,True,True,0
e1d62c8718184d4d7509053a807bcb521324e4bb40ba8ca2918f8c7a6bb3843b,4556,2026-05-06,True,True,True,True,True,0
1dfc91a9233b6a95915d42e866c450e40ccae506305a73b93d0ea84206910f2f,2061,2026-05-06,True,True,True,True,True,0
c9b7dd4e0fdd0ae41e3783ada7478b7588d91cef9cec76c63681732a8876d1ba,5425,2026-05-06,True,True,True,True,True,0
28fb7f3014ff6fd84bda5c975a960cf619e7e447d98f4313be7a2edf88c097f1,2070,2026-05-06,True,True,True,True,True,0
d6abba1be093806d27061726a3537ccc1eec273d2a0e79bce9bb0772bff33275,3026,2026-05-06,True,True,True,True,True,0
95325215b24774884849de9761fba4f2f469f48498ee8a7a591b970e12267742,3094,2026-05-06,True,True,True,True,True,0
e21f22a1620335ff36097823a93135eed011b447353eea4864780b8e83e1cff9,3706,2026-05-06,True,True,True,True,True,0
214dcaaa9597ab713de1ede055e204a88fcef6c46348516481efeae9052c8b1e,3661,2026-05-06,True,True,True,True,True,0
8ac55e41874bbfc284ca2677b85f8a1cb4dca1ecb1f28bfe5515b1cf00d4adbe,6108,2026-05-06,True,True,True,True,True,0
2e1306f7ca319f1cb123c80df7750008733d8545c1212098cc7a8c6e5642b0d6,4722,2026-05-07,True,True,True,True,True,0
40947dea19ba86658386efd84bd82c81a3e4c11cf876e4c79c765c2211cacd34,3090,2026-05-07,True,True,True,True,True,0
3fd3794af9e519c3f44e772d835c61c14d96c202c677ee060aaee71e90baca44,2491,2026-05-07,True,True,True,True,True,0
dde7dfc15477359adf5e2385ea99e2d154dda5f989b58e41f9c5c4f6ee7b9188,3296,2026-05-07,True,True,True,True,True,0
8e0cde82f58e86139994302d54e7cff256cf556c4122ce64e8417e6052966683,3268,2026-05-07,True,True,True,True,True,0
8a31876507f052098ff1da325a75099827b739ee067003e9300fd34bbf85784c,3529,2026-05-07,True,True,True,True,True,0
1b8b1baea6e1bd9aed014a5dc1813d54e190ca4f601121e52109d133e647ad13,2478,2026-05-07,True,True,True,True,True,0
34d0c1d890eb29b4b18eae532f9b560c1fca867c26d2992203fe739e70a7ad9b,6209,2026-05-07,True,True,True,True,True,0
52fe1f5ad21fad72dbf8585ee193436f6960d0ea60948c280d8164362c03a0d4,6477,2026-05-07,True,True,True,True,True,0
3e47b75c39635f7eaf57881b0884558b7773a9286c24fb9e512e4b32384d93be,3481,2026-05-07,True,True,True,True,True,0
768090149dce4e726f7577c147cbc93b8855fb4dddd7a17c1146517314e6b5d2,2472,2026-05-07,True,True,True,True,True,0
db738950eff70c1fc25e79e9dc35b83ceca17812269778916ca7af90fcecb710,6150,2026-05-07,True,True,True,True,True,0
f1f299c7bb09fbc489c86fd5c8be1244bc7e24f1b789af185b1cf8c8b4974714,1612,2026-05-07,True,True,True,True,True,0
ac86597e51c5c14ab6b0f89b0aa40075f0ed606c32d02bd52a9ad7ae4cc8e49e,8016,2026-05-07,True,True,True,True,True,0
fbe813a40be7fd5929d40a25e3172b737a8e91bd81032e88cd9bb2b26a03eccd,1605,2026-05-07,True,True,True,True,True,0
89a80f45d7cae29bd3ba23640222cee0c597fafeb823e0f8ea10edc0a8edc970,3624,2026-05-07,True,True,True,True,True,0
3df4915fa361cfce987564aa630ac1f335554a426ef125f60148b9c9081ba3f2,6175,2026-05-07,True,True,True,True,True,0
0053d59372dd081c4899ecf48022d4b3ffe503ce4aee44af2b7aa818cdf43345,3528,2026-05-08,True,True,True,True,True,0
31020c27494429a960c6b8682cbbede432da79e34e2b05f3b72f19369f8c945d,6532,2026-05-08,True,True,True,True,True,0
17ba01c8e7c37973532aa47849bbeed719ff856d5daaf3ee688dd004881e094d,3055,2026-05-08,True,True,True,True,True,0
d516207344e0d00b0eacdcd0a3b191432e03266446b4cb47a81a0e6b2d75bee7,8271,2026-05-08,True,True,True,True,True,0
cf8ce1275c878aedae10d014996e4c8843cd6d62968f0636cf0599e99b608965,1609,2026-05-08,True,True,True,True,True,0
e6d260c1df25cc40d893a0e5dbeeb7ed6638c096cc833834f0da91d05f486e7b,5285,2026-05-08,True,True,True,True,True,0
4c117ab26f4129ec26a57dd131e92f0b238dfccac9a00887c76873f7d03235be,3450,2026-05-08,True,True,True,True,True,0
04c548ba85dd5332977b5000f0729d6c4bd883f06b5a2b681ce9f174e774d3ea,5607,2026-05-08,True,True,True,True,True,0
840e70455062a3ea356505781f26dcd4af7bf24317dba457f7b9ffabd6a37f06,6570,2026-05-08,True,True,True,True,True,0
c2a3c87997ccac9214ec69a5a594d44a3bd59b58a38ba02cf323c11b7c3ee351,2379,2026-05-08,True,True,True,True,True,0
5befe4c9a4b3997ab2814ddddc4dc1761bc04f314ed84acd58e8635d7b3ddd21,3441,2026-05-08,True,True,True,True,True,0
71905a4b50306781e40b85b1ed2f1b515370d947289465d570ee8c211cb48721,2351,2026-05-08,True,True,True,True,True,0
ca334db9f8aa5f33fec758771fe7b5fe9176bb04991b3b0a15c6b0184cfd3201,2208,2026-05-08,True,True,True,True,True,0
7ef38e0a716835f4090a7f8d77663bb04da006dbe12ebbe31af76caa66222867,6727,2026-05-08,True,True,True,True,True,0
9e910b2ac73a353be07c3e9525d78f9190f542aff1bb22294a2748ee5bd2859c,2027,2026-05-08,True,True,True,True,True,0
49a4318b624769d8c70d11d5cea7c0ca9d30441c47bf90ee1f30b64d4aae3303,3036,2026-05-08,True,True,True,True,True,0
fad72b220cc21cfe8f15373f930a4c481e3fbbe4cf318240ca8d2829eccc2717,6695,2026-05-08,True,True,True,True,True,0
eedd0ed12d81524f4ab3b90c39c08611327ab60c63411630db05cb58bf0760fd,5009,2026-05-11,True,True,True,True,True,0
b568b3f01a9d363f4be06634fc1b23254d32b03d7afc74a1269310d71ad97212,8076,2026-05-11,True,True,True,True,True,0
c51db2d8431aa5ee9d9ee05e17dc1302a9f333b0c5c33d0f44a094529ca1ddd6,5299,2026-05-11,True,True,True,True,True,0
a262f72790d275a742250e735347f94e99fc8f00603f468d8c72b43ba8023cd2,4931,2026-05-11,True,True,True,True,True,0
25cc9a8ee84676c1ec52eb0e6006de70733410c6a1dfffc5c776cb9043df1282,2425,2026-05-11,True,True,True,True,True,0
1c45c2970b7f5d0d4ed042cb824a23f3c5140b9203670b6cbd439323678598e6,4551,2026-05-11,True,True,True,True,True,0
4e8a757c49f43682554b7f756a5a6cdb4b770fddf44385f70efffee7eeb2dd61,6781,2026-05-11,True,True,True,True,True,0
da6a9c84d647c4d55af3f278856554e026b8633ca28b0b6f478c37aaacc5505a,3597,2026-05-11,True,True,True,True,True,0
ce45668595dd649ab3df21fd026695c3fcc23cfa380935da6427b637371d4fc4,2542,2026-05-11,True,True,True,True,True,0
879944f90414b3327381569e3de554627524dd0f59412bdd66588b6a90b8c6c3,6215,2026-05-11,True,True,True,True,True,0
a0aea914db3c5b3fbf01219d6b26a1b2e996221e561bd42be1901863a5e3e13e,3003,2026-05-11,True,True,True,True,True,0
add73171d50a3c052decff8ccf6d9228732f51234503e6212f43b6b86e5975a9,4127,2026-05-11,True,True,True,True,True,0
192821feb0710cff2e34a05731a7dbe9208a1f348e0ba7d780de8257cc21f5de,5228,2026-05-11,True,True,True,True,True,0
6f881639d6039103c653572fbadcdd81030954d5e8b6ca28e6850961036d4352,5471,2026-05-11,True,True,True,True,True,0
809bd4948191f4e21c56a187a2688ad98ae82411e3bcda61fe66da4d2b82c71c,2377,2026-05-11,True,True,True,True,True,0
407bccb42daa24e7bba6a96a25066c0d8fb71c9a6bd335ce1fcdd59120857537,6432,2026-05-11,True,True,True,True,True,0
4650f28878de8eab94a559b65d8a3b2764a045b84f4078981746f30c4a43ae38,3577,2026-05-11,True,True,True,True,True,0
737151f19c7b3cdcd1452450afa1f835441dfdf3d75cb562e56806af7181feeb,2049,2026-05-11,True,True,True,True,True,0
3d6c0c611c91d523b06135f81061d489e6189706b9573e23b44bc9ff45a7c168,6643,2026-05-11,True,True,True,True,True,0
d4a9c888eb759c56d38de3e1c3bb496044b4fdeac32e04914856655911eb350e,3374,2026-05-11,True,True,True,True,True,0
852450930ce4a3992a253feab550171f09c78cd4b78df5ba38688ae058a9e384,6282,2026-05-11,True,True,True,True,True,0
183e620f16c9cb187537601ccd0f8d83f66cee40e9dc5ee62f5244e641b99839,6715,2026-05-11,True,True,True,True,True,0
75fd27584de818022fbee724ee150b6cda706be61258e495edc25c4ef111a638,4807,2026-05-12,True,True,True,True,True,0
e61b39b9431a76d548d9fcc6212d8fa6d4ed5cea3aae5ff33df85ff531ecfd71,5269,2026-05-12,True,True,True,True,True,0
6dbfa4f3b61971abab08c9a0c6867b86ace0ae5edf5bbf4d7cf2a92dccf0834c,2316,2026-05-12,True,True,True,True,True,0
45f7fdc5993cdddeb2d39fdeca55c2f734899414db915935f6cbb9d7350e32e9,3088,2026-05-12,True,True,True,True,True,0
a62befaa0031247a8a90770217010d1d92dabeddcd865c9484e788005694c809,3035,2026-05-12,True,True,True,True,True,0
185efffbf6e160e522e1f79904d21679fc33362e664204e9d91a46d7de0c5de4,2428,2026-05-12,True,True,True,True,True,0
f1d505d173a643537efe08dcc74c6595798d75cc5ef7447dad9a92289c67b752,6223,2026-05-12,True,True,True,True,True,0
5021a1e422aa36e5e0c1699ca3563ae4ef2c034e08cb95bdecfbfbfcfc8ad64f,2302,2026-05-12,True,True,True,True,True,0
6d5d937c1b79eed2a08298e289fe7335c973055a47f2564956b33a5f1478503e,6449,2026-05-12,True,True,True,True,True,0
b584befe21e3e00b08637554adfec663787d2648f81df6b0c687fd8bfd56922a,6285,2026-05-12,True,True,True,True,True,0
5d111a8c535587046b1e9f7a4bd6ee46044907edbfb4e812305faf79e96796b3,4977,2026-05-12,True,True,True,True,True,0
4a03d05cea46997e53d165d6743286f0938f00f0c5e46a9a0b1a6be889f7268f,7734,2026-05-12,True,True,True,True,True,0
7dedd5fc0d92aece9d637b92e41708732fa8f7fe3c5ed501c2a570ea7ed24b5e,8069,2026-05-12,True,True,True,True,True,0
a4e89b1a9f2587bee8817c07b5494e02e596b6346cdbe528dbc2df197bf23b90,3583,2026-05-12,True,True,True,True,True,0
3ccc1534bcb2858f35d80e342f025962826a78648a7156c08badec31085b9450,3624,2026-05-12,True,True,True,True,True,0
448d81dc97c49d58165b5032ee48e82fdafaceed0329c37012acda2ee79384b2,3587,2026-05-12,True,True,True,True,True,0
e9be49fdac13202c2fcdb734dd36aa16e8fab5a36998982518c8fdc15c377f6f,3498,2026-05-12,True,True,True,True,True,0
effa09051d7a9e8d7ba14564ed4dcfdf48cf0be106401d7c7ed366a9a3d0378e,6218,2026-05-13,True,True,True,True,True,0
ca511ba76e07297eec88067c11265ebc71664b1cb9fb2baa50c1f77578e5acd2,6654,2026-05-13,True,True,True,True,True,0
991f44986b2aad8aa48d0242ea082490bcd472515418c1705a72437848c79073,6719,2026-05-13,True,True,True,True,True,0
739d950efe56034552637568dc708f0f7b985400301c6058d41a62ac39666e19,2399,2026-05-13,True,True,True,True,True,0
33551af0e4e227dff662b8db9fba3f26b8dc04bba921ed5aed08468150cac82e,6419,2026-05-13,True,True,True,True,True,0
a1f9a6dc3f54015233620e02602fd91706113054faf2e0659cf1e4bb3584686f,3236,2026-05-13,True,True,True,True,True,0
35bcf81b308eb95f4572c67e7bc2e7941b7dbf322fc4e8aed10301b1508a8329,2025,2026-05-13,True,True,True,True,True,0
ded982d69b94af2a6bd3eda48d3fe9b5ab00201504959c39e31391cfc8c79180,3360,2026-05-13,True,True,True,True,True,0
57883c991a299e324c1e87dc130d40d2402fe2811f0d1d94af56fd8fb0fe0d05,2542,2026-05-13,True,True,True,True,True,0
e6fdebd5e74c944a2817a1838be5da731a644710df92ab9ca80cf525b69b316a,6259,2026-05-13,True,True,True,True,True,0
ff749280e226f71359be874d7e069110028b2b401c462a363c11667362ce6626,6217,2026-05-13,True,True,True,True,True,0
60a2dbc3edbea690b4ea7eec62a18ce44c595e79f79a4eef85b65c2e9460fb78,2356,2026-05-13,True,True,True,True,True,0
0309f68594967d813eae9551ae9f3f2eaea8c68809207e5ecc63557c7d7f8041,2352,2026-05-13,True,True,True,True,True,0
55d1ae3834bdd69d8a90fbf3746947e12ed6832b09d1d1b9df31db9fa9024755,9921,2026-05-13,True,True,True,True,True,0
e92f3c3d99806cdb51c5fade96d547877c127d6354fa1cb76b4c0c999be5e749,3149,2026-05-13,True,True,True,True,True,0
67f54b0d4527aaefa5c584c96ab345c37fce6f80a96dadbbbd6ace4750122dd0,3044,2026-05-13,True,True,True,True,True,0
595fa6a8aee25be831d07f04d28ff1274b43c889b801038e0597c6de858e33ad,1537,2026-05-13,True,True,True,True,True,0
261abb167006307c51fc2ef4cb434a6f050db0a07679df203af20829657397b3,8028,2026-05-14,True,True,True,True,True,0
45e1e3f2ee3267a953ee7ff73d11157251876266e9a91054aa4def5ad3e40412,6204,2026-05-14,True,True,True,True,True,0
be3a326a6d6d5819b6efd292f2100ecada393876ef181da13f6a068452e072a1,8076,2026-05-14,True,True,True,True,True,0
6bc79c411a553f455653e863b28df0533793361f69340cc852c5d9682e48a0c9,3406,2026-05-14,True,True,True,True,True,0
407ed1f9e9c0a89b71845befc63b3af816e053cc247e6ac6cecfc65a55acf3bb,2221,2026-05-14,True,True,True,True,True,0
878157a05ea3d3a09ce4a95b8431db887fe08e8c17829313ead5f76d7facc410,5299,2026-05-14,True,True,True,True,True,0
bc792fee4da08c43d27e48edeb9d0cd015c4c847f1814f68394c1cac71ea57ac,2425,2026-05-14,True,True,True,True,True,0
6d6dc648bb147061735847fac6b4385510906f9d59a3c86e1f3feb4159e1aed4,3490,2026-05-14,True,True,True,True,True,0
4a4d84543dbdb52c2ab1dc02ff1f052f4f20af1e907be5cab6911ddd2285415a,8121,2026-05-14,True,True,True,True,True,0
f7b4a0ac789047788fc79e3bc62b2df18015019e8af6d35b14d682a2a0bada7e,7788,2026-05-14,True,True,True,True,True,0
bd733898d5511a13a5b7b50342420f1ad8a16a8f213624e7bdb4caa3f356f484,2428,2026-05-14,True,True,True,True,True,0
763e02e56ec16a2b234a36ce03d0afb5a5849147effcb18e03d0e024cf860c10,2103,2026-05-14,True,True,True,True,True,0
3f72728b92d4ad10c6cb03cfd486aafdbea29ce37ca9dd23951f281bd0f17d25,8043,2026-05-14,True,True,True,True,True,0
0304bd9aa2f275fdd5c38492479535647a87723e2c7abfa6e59b231aedb0cef8,3317,2026-05-14,True,True,True,True,True,0
e028f7dca467ce2eadd68fa1d145073b12e8ce854a3157e7248c4230d9cfd96c,6416,2026-05-14,True,True,True,True,True,0
fe60e2b569c7f9a4689514a72dd48de114f1ce47f2181b8be7b19a4d9732dae5,2498,2026-05-14,True,True,True,True,True,0
c17a53541e45690fc71ca341cc9c2b20ab550b4b6a8ac4d55e6674d5d02611f9,1563,2026-05-14,True,True,True,True,True,0
cc7f9e8f4f6ad99e36092264d03f1c0774f1597e68dd9485c93cc2b26eb6f7ac,5536,2026-05-14,True,True,True,True,True,0
d5f3e6b38073d08c9dd611aecce49ce7221bf068bd727f3303c15e785503ed34,8071,2026-05-14,True,True,True,True,True,0
abdfd5ca1bd0ee79372981786c8ad9357efda3da9343cf3240af2a78e51bf0e5,2441,2026-05-14,True,True,True,True,True,0
832ac30cdd356f9b933fa9950e9a8d678f0798323a1bb9e6b888d32ca6352f2e,2049,2026-05-14,True,True,True,True,True,0
e79d9d59976c9919d7ff17e6693eabcf61d6e0cd6b101eacffb3555633cd710d,3479,2026-05-14,True,True,True,True,True,0
dcd6e59cb3b4935e2cb184fb9978d89ee8d8bf276cae063a99e401c5aa0e6547,2375,2026-05-14,True,True,True,True,True,0
e3e6fedc58dd57e73c3ba09a7167a7807f444f7b51ec6cee37dba020c3daef42,2359,2026-05-15,True,True,True,True,True,0
5b196eff4c933ff3cf9f49d7b9090a89cecd190ab4e9ef05f38e235edc262d85,6538,2026-05-15,True,True,True,True,True,0
8a14aa14d05e222daf003fb1c196dafa7556a695c9c25de5c8dd6067d218a835,3558,2026-05-15,True,True,True,True,True,0
748bd07f5b880e98d42eaa7421af328e092fe884b44e1e208a8cb4c45c798e11,6215,2026-05-15,True,True,True,True,True,0
7b45b454d97a0285e13d835facd6e673766a0c2e9049da52b233b1bfeff8c3e4,6207,2026-05-15,True,True,True,True,True,0
0f579cd76f12833135147ccd437c234b63b818e56b8295be64ccf035a6d3f1ba,3707,2026-05-15,True,True,True,True,True,0
0da32fc0427162a5afed55c5b3751ded86bdbb255febd5df1c1ef65857b564c9,6451,2026-05-15,True,True,True,True,True,0
c80a4a18e10f9767fd613a854dc7777b6861cb961928b001251658ff2d4035fb,8374,2026-05-15,True,True,True,True,True,0
1763aa99e13e0f2a7cd0eb9bb3660796f17d9069157692e7de7f42bb42d1ccbe,3504,2026-05-15,True,True,True,True,True,0
1ac83a6c5e37b087143677b8e6479ecfbe243588380c1447e6cd6933ff81374d,7777,2026-05-15,True,True,True,True,True,0
c11830d738c55764cf90bc041e005bebb080ed58d6fa5ecc25cced5b9d4355ff,3149,2026-05-15,True,True,True,True,True,0
c16165dbe8b9a543d0e82a16a520c187df7f0ee00489509545bc252aa39beff3,1727,2026-05-15,True,True,True,True,True,0
42dc12e8ef9e548ea9ed17c51ff24099c2f8edbdfc221b5481ab7f9e3fb4482f,2355,2026-05-18,True,True,True,True,True,0
841c8149f99ac021c8f086dadd3e4433e668af4914d29ad666dc4d999ba2d2ec,6719,2026-05-18,True,True,True,True,True,0
a9cc4ee488a1c7c268e4da07f609849dbedaa84e73ce0044f800aefd35b40e98,4562,2026-05-18,True,True,True,True,True,0
303163bd785d07e42d2d288305d9d44caf20ef5666010d93d244890cd816fdef,8040,2026-05-18,True,True,True,True,True,0
63fc3eabc5a2dc73bca34aba443030640c73cf37b2c1d8b9d814ad6ac8486d9a,4729,2026-05-18,True,True,True,True,True,0
d4465b3fcdd216beed97ed4130b28a9d97a54879612a9d234ca23f0a8cd6aad9,4916,2026-05-18,True,True,True,True,True,0
a360755631879a2cd80457d3537ace8691be5a0d1bc0d6ae51eda1523dd1d428,5321,2026-05-18,True,True,True,True,True,0
2d94dd5dbaf2d54698b854ab794ec3d8fe456e2011c32f3a4a7a543ad9b7b35b,8064,2026-05-18,True,True,True,True,True,0
e085a9bae47e26e45d71443160aea5c202b9a9189fe9ca7a89b2786598e07f4a,8255,2026-05-19,True,True,True,True,True,0
08ee94b9c4ab60f5f1b283379e77300844aed0baff7074d4f6e64f790d649843,8092,2026-05-19,True,True,True,True,True,0
cb41190be8688023f1851084e829173e3c13143f81dc2d4d485512490d462527,5488,2026-05-19,True,True,True,True,True,0
5b718bf955c66f62b692adf52d7219910d15fbcd1bc2f83fa6c1047222148d5a,3694,2026-05-19,True,True,True,True,True,0
a258badf3a5b2e45f2d1644582090ac57e282d4416d24136978ef9748de9e4fe,2615,2026-05-19,True,True,True,True,True,0
33411851eb01a1fc77517ca9560e88eb1eda8fba69fbcdb94efd51fd9370bdac,6742,2026-05-19,True,True,True,True,True,0
5bec6284792e4f38027b75e283006f03015a274d5b65aa68a22d5599fc675e39,5425,2026-05-19,True,True,True,True,True,0
f89a4f6a21be9e4451d9c0b811e4400eaa1f1e7ac2d2780c38eb90fecf4ff32e,6870,2026-05-19,True,True,True,True,True,0
d96de3556839762af13e2c3a00a5a48d463a6f0c8144b1fffcaaf3228ca218b6,3094,2026-05-19,True,True,True,True,True,0
79d24920fc0f4a714a5a689ca67a38e122a451a0395918dc4a71b545709b0525,6719,2026-05-20,True,True,True,True,True,0
1305349969946628dd9fd4460403cb885597829edfb7dee67fbf0692d67fb229,4127,2026-05-20,True,True,True,True,True,0
7cc09d01cff763cbbbc8a602c0f1f6b89fea111e264f1d921f052a5b18edc03e,3537,2026-05-20,True,True,True,True,True,0
1fb2f623c50b8ab08f77d1839fc22c8582c7a907fec102d9aaf152ac65048efe,8109,2026-05-20,True,True,True,True,True,0
07aa13af03b5d45bb6c7282af1a37e3049be5d4d256ca4eeaa35453a6cd4e489,2401,2026-05-20,True,True,True,True,True,0
85a1011a936e21027674b9b1d1677e4e139671d11cb1e7150dd0e4a4e6084ec0,3479,2026-05-20,True,True,True,True,True,0
735fc6acdb124c94f2f28b6115d6c7efbfcfb103faaf429bdf00e0593605d9b5,5227,2026-05-20,True,True,True,True,True,0
f8953eacde41a63a3fb041f5ee1a5a70819d245b3ab228acb40c6f976037e89d,2455,2026-05-20,True,True,True,True,True,0
647cdb96ac21a8e5dca9966e3c3c236a9594d161d45446f258ecca5f23a1275e,5328,2026-05-21,True,True,True,True,True,0
85dcd59b4167a1988cc72d58f044f5044947db8f6894cba92f2dd7b68e3532d0,6538,2026-05-21,True,True,True,True,True,0
a75936e398d02eae731a67697ad831f73fb2e6705096615b2aa9f1acd5b92104,6155,2026-05-21,True,True,True,True,True,0
e4d22446a4068f13c52bb9c4603a9cfb83dc9c80fdb3b00bc1ee80df5f5a2782,1402,2026-05-21,True,True,True,True,True,0
97bb3d119e7e5fb1b58ab73ffa4d896fc7043e9ac1f21a08ba25f0620fab8abb,3704,2026-05-21,True,True,True,True,True,0
cc70e404090d0708231c5267d48d77d7d23405ecf20e7ff309f532e86532cfbb,5410,2026-05-21,True,True,True,True,True,0
73dbd5b9805da212b8375ebbe5e9b7e298fd4faff0a208fdde3e16cdff0a7864,5488,2026-05-21,True,True,True,True,True,0
bf8eedce4a29ec7a1667ee9e346eae6bc77bcc0c75350b9372889e5c51e78d8c,2414,2026-05-21,True,True,True,True,True,0
b7d0ab7d671d5927fac395ed26b8398fce4406d4ebfdf36decd90bc17b541e44,6284,2026-05-21,True,True,True,True,True,0
aa4ae448537c697ece2377b4645b08be6daf3a2deb44e37a8563bc30b832cf5b,2316,2026-05-21,True,True,True,True,True,0
306aea0ff912fd886a3d327753ad8706cb202b6bd1e62ee943b12eb41b1a8dcb,3088,2026-05-21,True,True,True,True,True,0
3eaae30c15000516081707f62214eab3f4b3cc093bd1b247574c6bec7c8c793d,1586,2026-05-21,True,True,True,True,True,0
74753272a9586f300d3aa5349f8ae99d987aa9f02ddf176cb6b803518cd0008a,2388,2026-05-21,True,True,True,True,True,0
231ec751f6712a2383bc0c59bc9b3ac51c5bc908ae62d135b1284f14f11b2fca,5464,2026-05-21,True,True,True,True,True,0
c71e66587c317c61a2c96bdc384d7d9a0dbf160664c33f4538d0412218f9fbe3,2327,2026-05-21,True,True,True,True,True,0
e401435fa75cde86829d0d215d83e407483b440e984b6436e92d3615f82a0953,6570,2026-05-21,True,True,True,True,True,0
7b0bb905c33bffabf03a3d9f0fbaa51bc5b3c41fb1d683147c1761a238570bfd,6239,2026-05-21,True,True,True,True,True,0
6dd460a2abdc99101b29f7c9c709cde68d255dafd36fc48c085d7c14acd93314,6742,2026-05-21,True,True,True,True,True,0
77effd86623b0b5db2b38314877b18610f4cfc77c8ff20fb0532d80a3a3a6d14,2472,2026-05-21,True,True,True,True,True,0
617a59cb564b0a0fd88f6d301c38bf89a748621bc6c7986156ecbaef84068ce2,2352,2026-05-21,True,True,True,True,True,0
0852c2907a51ae68277e3107b95353742ddbed0a363e769ee36abb84a5a54c78,6906,2026-05-21,True,True,True,True,True,0
aed9efdd129d9fa2b0741f5dcaf196ac57091e9be0a5b7a7b383f3006914769d,2061,2026-05-21,True,True,True,True,True,0
7aef186955f883d767e2bc533aea42545d0c1dd87857a039555ab2d00d7bd110,8016,2026-05-21,True,True,True,True,True,0
e8dee3ea056cdef475a64e9bb0aa24bf539fa599cf4a9f669d488d5ff88e4a0f,3702,2026-05-21,True,True,True,True,True,0
067dbf8c7c30e2f15376859b67fb00ac208a0fe70b297f79c2709039fee475d7,5321,2026-05-21,True,True,True,True,True,0
ef314052b5522c0d3f2c10b73ed76a01da11361f201d7b0ab9f004b0d5da4f43,6271,2026-05-21,True,True,True,True,True,0
cd4b5138793b4f8f90d9c5b84a00f4dcf759e123db1ad5d743d37c16b1e4f80e,2312,2026-05-22,True,True,True,True,True,0
541e4d5a1d274d5dfc67e0de85e5073f2e6ab08ffee591e1556f2122a86bb67b,8028,2026-05-22,True,True,True,True,True,0
b865a86f0c54b24b8bd89bf6e7583314e725c8d4e535ea7f0a95ec41c2b9449c,3528,2026-05-22,True,True,True,True,True,0
ac1ea0484df08e1b0f17a094b1f916298c2dadc275626ec35ba9f28d34ffc8a9,6278,2026-05-22,True,True,True,True,True,0
f1b1d11a82700f82b071c3255e171a50aa5e9f1a325175a44354c87f0735afcc,3221,2026-05-22,True,True,True,True,True,0
4e9a2fa37efbcc3869d4783b9a9eab27dcd7dc13722b083c066692d033a8b20d,4722,2026-05-22,True,True,True,True,True,0
d66451c35e51ad009c845a9b3adfaf783323fb46aa1945aad58603eb56db5f51,2603,2026-05-22,True,True,True,True,True,0
018df258d117836edf32d168d24ea4aa9e0176ea894161dcf6dc8d53ab99c431,6214,2026-05-22,True,True,True,True,True,0
88dcc0838cad8b4fe3ebf1c0845fa79773c26e8942fe424cb15f13856aa68a6d,6138,2026-05-22,True,True,True,True,True,0
db75be9cd98d241166f721f888626cde84995af7e8ccc1093a3556a13c1cd1e2,6173,2026-05-22,True,True,True,True,True,0
c293a50769341fe7e990d5887557f93e2ddec0a7ba9e87ff54d815ffac159728,6204,2026-05-22,True,True,True,True,True,0
e69438c8f0c925e59b2881f9097dddab882c6619d70f107bf2b981b3794095e1,3042,2026-05-22,True,True,True,True,True,0
b81da894d96918a9e4a9fdf7ff6f33dd7a6fd6356271bf7c4b1679f99d9516bf,6799,2026-05-22,True,True,True,True,True,0
884e477247a850059cb248666042ed548cd15361c7063b581e6db44ea21dfa2f,4919,2026-05-22,True,True,True,True,True,0
399e8de1627b6244c238d5f936cc11322fd36942a256d40112886e6fc990230b,3564,2026-05-22,True,True,True,True,True,0
a7112a148f2b6cfae657de1c1ebf7d3a0ab0af3e13ec98e0f1c61b24f7fd1daf,8121,2026-05-22,True,True,True,True,True,0
3a7c7e6723be735fccffb8b2e9d2204628779c202d8e63450cbd776c9a0e1e9d,2241,2026-05-22,True,True,True,True,True,0
873e710a1447d4de34623ad2580bbd65d2f40929cd9e4d5012f7c24058e160ae,5434,2026-05-22,True,True,True,True,True,0
ac5bab83550984f1fa801d0b60b97c848a62f1986aa927835c31f625e92d1596,3189,2026-05-22,True,True,True,True,True,0
3603d65f2adc8d2da104020e630b7a4ed649d253f67af5b25024f4ce0a3b9656,6215,2026-05-22,True,True,True,True,True,0
579e0e2171c3960f143f9c8f02c5021a22b3c9f955bd290bf6653379622bcd76,4991,2026-05-22,True,True,True,True,True,0
b79a6ce6d9ebee12b17ce5a942b311ae1c7340678baf83a9888659c80d29dff3,3035,2026-05-22,True,True,True,True,True,0
5c96853db7efc428b0ead41be5838dc32dde5f6f6705dc7a4c7fa1a20d596e50,2484,2026-05-22,True,True,True,True,True,0
30f352026c16e19291f82877545350f3082e74466cbb74171873296ada72a87a,2353,2026-05-22,True,True,True,True,True,0
b6b4d25df3476fd54b168736b64d629c74a97ec91352ed02da40548042c9c137,8358,2026-05-22,True,True,True,True,True,0
36c825a1a6bb20ca638fff79f2d39e93bc40b8cc52949e0b37046333ace6e8e5,2302,2026-05-22,True,True,True,True,True,0
af3c02ba8379dd987b49994ab63dd08d200831a585b70d0b00eb200f34676ea6,2409,2026-05-22,True,True,True,True,True,0
78fea31979cdf2aa86a517570c0e3a77767513d4874ba15421f145fe252613fa,3037,2026-05-22,True,True,True,True,True,0
97d20e20856c9d892f0bb1469eeb99ac4704f227eb863ae507f431b7a2b7c8cd,2426,2026-05-22,True,True,True,True,True,0
6a6429f79fc83577652a4dcfd4ee11ab25704f03c35c53a0dd7443dd8ed31002,2615,2026-05-22,True,True,True,True,True,0
ae724fb448c8aa661043e19b26f6f3ed1eb306eb020e75d54dd1fcc8a10f5efb,5471,2026-05-22,True,True,True,True,True,0
b1385b0885950ecd519a03d6ebad33712cb203eae786fcce17c2704658611cfb,3114,2026-05-22,True,True,True,True,True,0
f32566422d623683ddb6117922a71fc4ecbe913d962318f897ff842f46065c31,2356,2026-05-22,True,True,True,True,True,0
07899180bc20783dcad606b87ac57969892f35c4714677d928a3fc4d25fadc2c,6116,2026-05-22,True,True,True,True,True,0
dc27624b9e744708508269b9284d6beb92a088bc229a872e09eed13f5a6f0c07,3213,2026-05-22,True,True,True,True,True,0
ac2b49ce987d6f92549d518f9118b0b65f9f7fbaaf1c03f731a50351c65b5cbe,2441,2026-05-22,True,True,True,True,True,0
7859e94c6d3242d7cedb0bbd24d48bce5f4e5de6b192a36160b1db9c0ed0593f,6727,2026-05-22,True,True,True,True,True,0
d3c23052ce8ac16676b2e302a4ce1b084aaafad3ac0a227f5bb2e4b247d2d609,4729,2026-05-22,True,True,True,True,True,0
9a61fc4a191a5d911f3814af5f5372c5361676c26ed97421809bc94649b0a28f,2401,2026-05-22,True,True,True,True,True,0
4b0de7085fa086d6fd9427a16e1c45ffef9dcdf1938685c438fc0b8796726aa8,6265,2026-05-22,True,True,True,True,True,0
43dfa3968fa37f65b22e842b1900700618d189665f47f209212f7fe3e542a470,3191,2026-05-22,True,True,True,True,True,0
72c97511023e3ce9694f70e65033ccf7a0bf678dacb36d10a8be87cbfd5f5e31,6282,2026-05-22,True,True,True,True,True,0
2d1bf485ff3005b49f075cc8600889f8a140bc45d73030f6e8bc01e1e5682252,6695,2026-05-22,True,True,True,True,True,0
73c5fb155d52e81bfdc78fd4930ab957ee14dc3a535a84e19c47b818399b2ce0,8255,2026-05-25,True,True,True,True,True,0
72e89781d916bba2a6d8722f8a7739b7e9912af2c64949f6b9b33428a0e0196a,2467,2026-05-25,True,True,True,True,True,0
afe45754367e2f1c03531fb3433bcc1d1975e7e5e66e8073c83c102100b8cf75,1568,2026-05-25,True,True,True,True,True,0
e133f49cdc28677923621308aeb5cd2dc4a883ebfac76f9ed7d29165e0f6eadf,2454,2026-05-25,True,True,True,True,True,0
ca6d043ec9a0c3736f874832139de4e5f786698b16408851a3b0614508c30d05,3312,2026-05-25,True,True,True,True,True,0
9fe87197358356ab82646550493722039aeeeafc1c34bfd56e4eb26aa75cec6c,2305,2026-05-25,True,True,True,True,True,0
94628c21633198e5f2c63678bedc33a66f0edb38abee0e259cf263204d16b7cd,5011,2026-05-25,True,True,True,True,True,0
8213c732c52b0553d6e3d5d7b39837174899dc663b79fe0a325be7c3ba25fa57,6654,2026-05-25,True,True,True,True,True,0
39da246967ae1ed7a537fb3fb527fa9a0da3607f4e89b73caeee525e09517b34,2349,2026-05-25,True,True,True,True,True,0
04f45dcb94caf209ce500a683c9729d11d8016b57b87714e48d323018b817333,4908,2026-05-25,True,True,True,True,True,0
dfdaa6119b045a4ffb85b0526149993644e076cb3aeb6a316a7118ea6aa4f103,4576,2026-05-25,True,True,True,True,True,0
bace534ff226f61d8029b4a3541c9d59dfbee640f376fc88d2ed23a0396754c2,3152,2026-05-25,True,True,True,True,True,0
c898f49275e7d581081d86d4ce3ba40fbb1dba6fd8f6edb10b8fc4516661566b,8182,2026-05-25,True,True,True,True,True,0
5e92e4414d7e61a073be2ae983936fd5708325af5e7793f5e785695ef57a4fbd,6719,2026-05-25,True,True,True,True,True,0
714477361c227ffa26d60141ca964bf1e891036f80dad07d71c76af0626eafa7,8932,2026-05-25,True,True,True,True,True,0
f547ec6e0cd273e8d0594d82aa48d5e42db48b22a78d19d9dac2ed1210132d50,4931,2026-05-25,True,True,True,True,True,0
ec24718dfe6ac2e10b8648089f440408a395887b371b2f352a8d4cac71e5cbab,1723,2026-05-25,True,True,True,True,True,0
8e7b678ef470173021165db4cc49d77b72a8507d5eccd3dbd1cb3ae97f5fc8ba,2493,2026-05-25,True,True,True,True,True,0
a250dcd97e043ada3018cc985e303129a6e0650d51f7d9fdc4ebb56d4be588d9,6613,2026-05-25,True,True,True,True,True,0
f1ee36ee52d648f9294798ed09bd9b4cc52282eadbf631b6985505c0ee9dc172,1809,2026-05-25,True,True,True,True,True,0
3c7e280d85cc831763b66fd737d7d04ef86df2c8fac86e560fecaa4763d1b8e4,2606,2026-05-25,True,True,True,True,True,0
38c7e0b5aa1d49932a416517a7c45712290e6b7333852e5a219f96e58030cd5b,3558,2026-05-25,True,True,True,True,True,0
11495fcaf4ecd01c971ba9a1f60357800444c0a8e93cb43516ba9faf8dc06e33,3450,2026-05-25,True,True,True,True,True,0
9b6de76d4056375222131f42113cd5eedb9d7badc18d34bc17e57043359101e7,3711,2026-05-25,True,True,True,True,True,0
f4be2ad75ec0fa713c209c54e381399cde2a0257f904d106d5bc1bb16bb2c926,6197,2026-05-25,True,True,True,True,True,0
d2f868867f44310f8ac094c759737897812ec9c6df62c0eb04784039dcdec411,2369,2026-05-25,True,True,True,True,True,0
bca54ad37235e11b3cfb658721457651d8510fd3dd95c823b626912142ab98ad,3413,2026-05-25,True,True,True,True,True,0
6025e0e2f88fc8986b1dc07a7a747225a4514c0b92182aa9d32544f59dbfc445,2457,2026-05-25,True,True,True,True,True,0
242d2a6db9160c12881a2887d563fa172fe1d6bf3d4077dc9deda59adc6e6451,2327,2026-05-25,True,True,True,True,True,0
1824bdabc43d60811603b6c1f3f6fa2f0fff42ff4d9c569e1f5215608cb5b569,3013,2026-05-25,True,True,True,True,True,0
4c4405ebefb942572cd8fb57f93ebabd200c663e4f674d1b0517bfa9bc53f16d,6196,2026-05-25,True,True,True,True,True,0
dbd99536626bfafdb4fcfd2725b59e5da969e477f8ad652feff46afaaf6fb78b,5228,2026-05-25,True,True,True,True,True,0
282222a78f57c1f4424251ef9ab771610f7fcb2d011c93e075c9632b38ffd5e9,3016,2026-05-25,True,True,True,True,True,0
4836642ac462c2ec30dc5eefd7b42b423d0a1a77e79baa73b4d3d641621d1956,5243,2026-05-25,True,True,True,True,True,0
eda69b35e606af7bc73745507ff8b0b74c87518d1f95a1f3f3652950d3b2f23e,2002,2026-05-25,True,True,True,True,True,0
8f06e36b819309f3727447da2fcaa472a6af08a0e64baacaa93985dd3fbd0431,4906,2026-05-25,True,True,True,True,True,0
3c30d0f952dd1891cb9ae1f0d92a63d121be5aefbafbc3dd6bb4c89db2d2e853,2357,2026-05-25,True,True,True,True,True,0
a1f78b5c935c8fd1a2edcdfbd040fde13b68a0ba5001087f152ffd299a7f178c,6405,2026-05-25,True,True,True,True,True,0
289805bf840dc7fb4defa575b720a0ae420cb37c4a5cf085a405dbcd495a98f1,2377,2026-05-25,True,True,True,True,True,0
b3f6d6fa42d7475f22995c702e77ba1b180b710bb4610d04604d000e60dd9843,3617,2026-05-25,True,True,True,True,True,0
76b8ae36d345f39b67e898bfbafb117b206fad44570f2ae2bd4441b5665aa744,6168,2026-05-25,True,True,True,True,True,0
6816e6dd6e43af5a9c913a77251d241fce8cf703c028a13d0f47ab2b7a31bc86,2317,2026-05-25,True,True,True,True,True,0
ee98158094c40fc8548017e0df556a0f35e4a77fe02b4d3427a2f1ff844919cf,6414,2026-05-25,True,True,True,True,True,0
eec12ebc4cb8060c580db541785517b50e2eede1257be0b9ed799d10330a9ffc,2383,2026-05-25,True,True,True,True,True,0
7e10790923819285ae7ad67b2557de48a0047252b9de36718c932630089af3a0,6226,2026-05-25,True,True,True,True,True,0
12eb1625a120eb86a90da3e85da503da75749f63d4cfa981bd931b2d68e3375c,6462,2026-05-25,True,True,True,True,True,0
a167cc59bc9cfa4262c741f14f44b2129ff77ee90ddfed5a7190768abbc2269c,1605,2026-05-25,True,True,True,True,True,0
f4aebc9245c25a9226259aac2a17f167d7a020c03a5290cb86148e288352e094,5386,2026-05-25,True,True,True,True,True,0
fabb22238e67e8bd39903a3f9578164f5c252321077e19ddac9ac857deb41cba,2328,2026-05-25,True,True,True,True,True,0
ed7d1967c781bc5e977a039184f0b26312d7a784e07044d469c16e2025f9fb65,5321,2026-05-25,True,True,True,True,True,0
3c451420e2db1ccec2114e26696adc444eb6389f6ee17667e068962a09b24821,2313,2026-05-25,True,True,True,True,True,0
8e620ec79f0e1c3c72e7fcfd50ce330e028ca3f7294e5ef1c899b9ca62e87dfd,6770,2026-05-25,True,True,True,True,True,0
48f8a0a9c014effd9e2288d5fbf658c536b1ec5e3b395e9cc7c5899efa9ad48d,2027,2026-05-25,True,True,True,True,True,0
a87ec0f7082bf86eb98317384cbb7367ffcc2a04dc7b4a67bbc0a5e90b2a2d04,6488,2026-05-26,True,True,True,True,True,0
cfaabdc09faa041bda85c861a92720aaebe80171d01c1656628da9ad365a3c4c,3321,2026-05-26,True,True,True,True,True,0
6bc9b4bef9c80e1e5baa7e3005efec5338cdd7c3827643d7214e78160f1e41c6,2399,2026-05-26,True,True,True,True,True,0
a3fe937c6a4cc08f9a724189a6985e22bfb96e3ea98c1bc8a13e002e2107e8d6,6799,2026-05-26,True,True,True,True,True,0
4c6aa665a5190845004d2e143c648ad28a2936428b4ae3ba67afaa8099a23eb4,1513,2026-05-26,True,True,True,True,True,0
1e886d51d97c66651a859e3ebec06209afccb4ce7325eaa92b6c6d941d4cba20,3071,2026-05-26,True,True,True,True,True,0
8fccc23ab15d7c08db6766cfe10533c73c791f874d8af89816e882fd61e17a69,3532,2026-05-26,True,True,True,True,True,0
34f0a3d6a94d0f009acd10e27e78368b1cde8f7c945cee60e99c0cce259ff41b,3211,2026-05-26,True,True,True,True,True,0
feadf2d1c5c58da7650d5b4d7690033cf5fb618fd7be3059f19b856cf247c11d,3081,2026-05-26,True,True,True,True,True,0
fefe2c576ec6b55bd223e470e72c9207683cad9b03d5491d2fcc9b2ffaad184a,3708,2026-05-26,True,True,True,True,True,0
574e17f48048e47b2ead01b536d5baed8e7d8308539e814596b681c146d29e46,8110,2026-05-26,True,True,True,True,True,0
edc859007dc63b9c4ca428b414fb0f5450c1b21a7a4cc48a60909b38a666740e,2546,2026-05-26,True,True,True,True,True,0
a8ac635b9a9eae16b2ff2b7e7a104a6658e1c2728dfeaf27031088984b1998d4,6435,2026-05-26,True,True,True,True,True,0
e08ec51d5ae48454b979840c787543357c8bc94326276948ad29677ad5f4c3d1,6442,2026-05-26,True,True,True,True,True,0
ba6e137765b1adeb7b9f2f26e09f1890f04674d10ec6492c7282c6da9e968c25,1563,2026-05-26,True,True,True,True,True,0
93e9f33371ba2dc7ab89af15911d38db41ee1bf7119463bf243d13504cdc65f3,6290,2026-05-26,True,True,True,True,True,0
d9baea2f1010ed30e63d5cb46d7777666a4c1cc008f7c630bf69c44f5f583fce,6451,2026-05-26,True,True,True,True,True,0
147dd9ca7e83468e487a48d972e98c2f30241c27799b2debbd825f47de18f300,6141,2026-05-27,True,True,True,True,True,0
a799006fe1ab0449817c464d3a2c9891ad2b65eeabcb4e2205584c257032ab7e,2425,2026-05-27,True,True,True,True,True,0
77c42b95b650de5a49963cd822837b4e5cf93affe980a80e636b07b78c758b85,3131,2026-05-27,True,True,True,True,True,0
a109fc53e1613cbb36e4605944d3eba319201ab6102fddf1f0f7275eb4eee508,6016,2026-05-27,True,True,True,True,True,0
88cb1400edebc3ff568ba2b3e4fef5ad5ca34b37983cc81b0bff8eaef782ddaa,3390,2026-05-27,True,True,True,True,True,0
ee3d4e291f99abdff3fcc693b00ebae0d82f230b1f451d874b8922465f85bade,3285,2026-05-27,True,True,True,True,True,0
ba4b384de890812666557bcf7722da56df7e7a8005712ab6c3a6ec86eca41c29,5536,2026-05-27,True,True,True,True,True,0
3dc1f36a21c15795a72d21351d47c5a12d46f4ecaa3b59c1f1cfc83a451bba1b,2070,2026-05-27,True,True,True,True,True,0
aef29a352b6709eaa839bb4e26193f10131ce7a9afe586170be8d817dee22721,8069,2026-05-27,True,True,True,True,True,0
1b1af2ea78e33d7389f9bb4794164474541bfd7fec00d3317dde9b7ebe54cbc2,1503,2026-05-27,True,True,True,True,True,0
675dff63a291bbe4d2b6b694b8a5a3f8b9afa2603951512c9abc7462d88c3f2d,3346,2026-05-28,True,True,True,True,True,0
32f272ae4d1c4ecfc7c0e9e2db9d10899b5e8237d7599b00a391c8e10ba54ccb,8182,2026-05-28,True,True,True,True,True,0
f449cb58f4d8d8f5157b2905def14dda949c122d04bd7ddc17866bc712da577c,6605,2026-05-28,True,True,True,True,True,0
f9948d833a41b03cf9c26f73a7d2f429bce18bd6706fcb7842681bede47f9dd1,3321,2026-05-28,True,True,True,True,True,0
776d243c91fd97ddda2e1bac7ab4140ab6e33b88f0f0db1766159036f2ac7498,2434,2026-05-28,True,True,True,True,True,0
8740244c8fcec3be7f504e335489d31dc98afbcacb4e95a528b110064f4b5e9a,1563,2026-05-28,True,True,True,True,True,0
1d3f6bff5082c5c08dea8f33a28c3f83bd24de954d89666a079fcf1b67c30b7d,6870,2026-05-28,True,True,True,True,True,0
cd956154f14ba366156456d6887724edb59b3b02231ea7972ad8233f9578f90d,7777,2026-05-28,True,True,True,True,True,0
467f263ff00908bcded377ebf425cfd9edfaffbd82dfb837004bd7534d731c28,6573,2026-05-28,True,True,True,True,True,0
5696a40fce174800149bf17f70a4b54f18ce3c5447ecbe1019165af5e813df45,6770,2026-05-28,True,True,True,True,True,0
ae21cdca5c04bcc43c3c3d287b580efdee74fcb0343678ada528dce07fde2742,8104,2026-05-28,True,True,True,True,True,0
5d65e4d297435a6a3d576a631d29c2c09845d68318bf8a771d6a10f69396435b,4807,2026-05-29,True,True,True,True,True,0
ef2fd41e8ce77a250a79eab1bbdc75a3e2e6b5e58c0e36203f9766cc21ed6666,3231,2026-05-29,True,True,True,True,True,0
e4b234acf6614b06e32f251b53ef52e3676f9f51ee5fe801394af024bd7e7394,3288,2026-05-29,True,True,True,True,True,0
d23835031aaca66aa8f7a56c329bc07698dc40c435f5d502572eb01897cfebd6,8150,2026-05-29,True,True,True,True,True,0
2fc38e5fde9a2fcd4c7b853dfa8fe0ad72f868806f1580b62daba0812b50915f,1609,2026-05-29,True,True,True,True,True,0
ca2b73aadd46710b0548b8e85c5c88a8195330ae38b17c9be0558695f0641235,2376,2026-05-29,True,True,True,True,True,0
556ae47f92fbe62b647b433e8c84119f96abfc5a90f86afea47cc2e724fd1aa3,3558,2026-05-29,True,True,True,True,True,0
8f47830914d90ee4f0967f325efcd2a5947e1a0d5564771197c400c6d8bf4123,4938,2026-05-29,True,True,True,True,True,0
33dec4378c86c036685d90a25592733e1a65efe7fb6c66b1c90dcd79236c956c,7709,2026-05-29,True,True,True,True,True,0
bc7332e975f64d376bb64e7852648488dbd38174a54d27adb7c88f2d7ff94e45,2332,2026-05-29,True,True,True,True,True,0
427aa4e0807e3eefde3e9cb6d6ae84d816a526fe05c7e931ae902ff883af443e,8277,2026-05-29,True,True,True,True,True,0
dac37e39759249bc69295dbdc5881412c830dadb46395e5e3720560fb2be8864,6667,2026-05-29,True,True,True,True,True,0
f4260012acd7528f5dea5fce7e641ade95e094935b9ba358d1912c7a521bc60b,4916,2026-05-29,True,True,True,True,True,0
1e1a75b7d727ea9b5ae455d3b66bc573bb1db50eb33d7b83827806bfca02dc17,6584,2026-05-29,True,True,True,True,True,0
4b2aa10bc0608357caece045c275cebf16596837162aaf7655aa377c47549210,2359,2026-06-01,True,True,True,True,True,0
e80cf4cca50fa860469d780a283f4906f82a38f7b17ffcb8f1f8d9f89c50cf99,2408,2026-06-01,True,True,True,True,True,0
10ebeaf45c29dc77cae96d92bb4849ff2471937dc830b672dd3c3639039dd3cc,3147,2026-06-01,True,True,True,True,True,0
74d15bed7113df859edb4f44e96b47b47340967534aa0abe590d3f8fb801b0ed,2603,2026-06-01,True,True,True,True,True,0
508f2c3c0b306c0c4312c79750704a06fcc422562759e174609382cb251b51c3,6214,2026-06-01,True,True,True,True,True,0
02c5b5ecb5b30850431959277c8653a7aa717dbc163196f813ec53051d08ce92,3312,2026-06-01,True,True,True,True,True,0
000e1591419765da626e07c40725797e8e354258ec239b17cd0c0db508e22b43,3338,2026-06-01,True,True,True,True,True,0
90103abddf77d5a085fafffd324f99e049323adf93ce9f464b50f3a03f88a3fc,3234,2026-06-01,True,True,True,True,True,0
a0e9d9e74c3d3411397529dc1a8f2fca94ff498b175ddb4bca5b9c347d92a42b,6690,2026-06-01,True,True,True,True,True,0
c47d93392f93761294ea466bafbe53e7ff2d3e012274d80862fad5855bbfc750,2641,2026-06-01,True,True,True,True,True,0
de7e65abc6ed5fd7d24e8ef0be92d008252b8661c765d936374bd4a5d56985be,4562,2026-06-01,True,True,True,True,True,0
fc9ac60fb640720b5de7f8ca144ca279102cd87fbfc48abb8da3854c0166ea2a,5488,2026-06-01,True,True,True,True,True,0
3b6b7d2cd6153be500c58b6bf64efcfb93d5ef6ca80d22d7a145f9b7cb379f05,3564,2026-06-01,True,True,True,True,True,0
05ba76a49865550096a3926932bcc0b393772861017f4a07954c5efc34613665,2474,2026-06-01,True,True,True,True,True,0
ca505489cbdeb1117d1b1b9d2525ea3575111a8ccbd8868432fc884a76687dd4,2609,2026-06-01,True,True,True,True,True,0
c3a869c33707cf15b54484524cd20a4822092b426eeaad18a94e65aa0a6618d3,2636,2026-06-01,True,True,True,True,True,0
8160838d9085f40d1ec00c6fcfb074afc854398f4072a034b5ed10bcb18d155d,1303,2026-06-01,True,True,True,True,True,0
50e4454657114ca4e0c3094bb44e8605d7578d4363f281dd71b4b7e72bdd6225,2243,2026-06-01,True,True,True,True,True,0
52dd10623313462c20e3405cda8031a4cff4753a4f2398947066a7afa3695183,8131,2026-06-01,True,True,True,True,True,0
4852128298599d81371fc778698308261418c37a84b51645b6ecdfcd69d6b3bd,2610,2026-06-01,True,True,True,True,True,0
b8e698da92a23bcedb7e09a69da1077f1eedea40186220282db9b454a6f577b6,8112,2026-06-01,True,True,True,True,True,0
00a99d141d33b3481109e7842ff125a9dc6a9d3cd2c358890057b1de4fd93f06,5474,2026-06-01,True,True,True,True,True,0
ab63caac74b8007b41991d435f3d4ec0a023ae7bd6a5bbb3557cbf451f36ddf0,2377,2026-06-01,True,True,True,True,True,0
38f583d06aae1799d8079622707bd0e4e20d3c942a106cd84f091cc2f0f468c9,2352,2026-06-01,True,True,True,True,True,0
b7ec3294aa9fc000145516d5429759d00a6f66cedeedc85c19e25f5e651cadda,1563,2026-06-01,True,True,True,True,True,0
88817723ce5578d092fd8874438e1a13c26bc6dbfb2dbf809d4d29d769f869db,6414,2026-06-01,True,True,True,True,True,0
f43d7a50d16a9b22f4953aa59bbaabd03238b76f68b59bb0ad831cffc9f386e7,1474,2026-06-01,True,True,True,True,True,0
e787439731aaa6f94b39620d66a056dd5acc2780aa3184fa5f610643c6f4796d,5309,2026-06-01,True,True,True,True,True,0
e7e679906fbe18d46fef6cca30a7af77961f0f87c479135dd45c6b9fcbe4b19b,2382,2026-06-01,True,True,True,True,True,0
aa4d9d462286a463654633deda0d7cc72375fe6d86827f4d801e2292db211552,8071,2026-06-01,True,True,True,True,True,0
b420786243bcab24e909a0bf9f773dfed8d0f0e7c53d8cbc64aa597f5f2368b2,4739,2026-06-01,True,True,True,True,True,0
82968170ed38c02cc2e6e6f776d163cf7349f342e3adae2d04317c57b76d65fa,1326,2026-06-01,True,True,True,True,True,0
8e2c2a7c0910cda65f46482e358b83e543e9faca37c7a3e4ca84b0b617418722,2328,2026-06-01,True,True,True,True,True,0
3c4f5ab56c67d7d5e0011a0cabe761a15f44b2501e3a3faf27cda64e838bdfc4,5321,2026-06-01,True,True,True,True,True,0
f8fb14ca8cfe66ebd90ff20a2a2d73b90fa6a47b57a5ec280003dc9e9d08f5cd,3058,2026-06-01,True,True,True,True,True,0
67adf1adc0e031a3d6415076705b2ce37fb78d5b50176eec559ac5484961734e,4707,2026-06-01,True,True,True,True,True,0
f11d9bb01a272c257e4c9598be1d823fbaf57e8d369a4d2ed3b55247a587635f,3015,2026-06-01,True,True,True,True,True,0
ddcfb5561b3296ad5da51dceefc1c4d7c75d3e97a01d96a359026f1c9a53822d,5426,2026-06-01,True,True,True,True,True,0
11b2b3585d4033801a69f788d5df2593e195b60e98cc01456ede945d287177b9,2331,2026-06-01,True,True,True,True,True,0
deae25f75c602756f68a9a1aff26ca920ae7c13f576e4b9d78a5b49e760c2baf,1718,2026-06-01,True,True,True,True,True,0
a8dfa6fde700e82e363282e436dfbe7679051c198d70803b6fd655b3c3df5330,2601,2026-06-02,True,True,True,True,True,0
587695a723a90b928ad58f6b07b7d7f8c3dddf77b77194dc0987dff99a864b3f,5269,2026-06-02,True,True,True,True,True,0
448dc666ac96b4ce53b1244251d6a7baff3216639bc06389b045ef11046d46ac,3321,2026-06-02,True,True,True,True,True,0
2148581e320fd3ec32dd3727b96b5c65ed9686616bff3497ba44cee5ae6c1672,2646,2026-06-02,True,True,True,True,True,0
9614ac2440de4166dac3a9349cb2483bad5c73fdc58c197e960c475b2f82f729,1809,2026-06-02,True,True,True,True,True,0
ca9d18e41f15f0d76ad06cdcf2eb4a18ef0fac8a5dccb997997c858691bc2492,3034,2026-06-02,True,True,True,True,True,0
357fb4ee4a2ee5542a241451b06855135e85226ec25afd31c9c00096e83c24ab,2353,2026-06-02,True,True,True,True,True,0
059dab4edfbc08c78223581350b6536cb7e47a1b68e24505cefe5009533d5457,3013,2026-06-02,True,True,True,True,True,0
6f7b6281decbcf63b8d88a89a94a7ba38bc103ff72a66f3e7d2e68311212d160,2409,2026-06-02,True,True,True,True,True,0
b4135d2103ea1b4eb075adb6e2b2b29682159aebb9e1fbb3c1a97b6ce43070ca,2460,2026-06-02,True,True,True,True,True,0
f7b3300169283a0210d114752c629ff5d7aab410ede1db0165537fc6d954236c,3022,2026-06-02,True,True,True,True,True,0
c1419a0fb80af10860659ca246ddc73951ece03f9c906e87d229b5322740b4dd,4716,2026-06-02,True,True,True,True,True,0
200601440b538fa84ac00d8e6fed4d8709fe76e3f2a001e7e82b63ab21c75b11,2451,2026-06-02,True,True,True,True,True,0
63c9e1b2c389e4e6688c227761dc0a172aace2ddc42d8940a19583cb8eb1083c,2498,2026-06-02,True,True,True,True,True,0
11c51e4b79bc4ba46083a0167a36047430612047cd63fc91d598108c3a9e90c9,6805,2026-06-02,True,True,True,True,True,0
b35de8b069c4526e07347375e08d01bc0f2f333ee83dc39a31cd23f6b862ad16,6269,2026-06-02,True,True,True,True,True,0
6c5c2c3ed2edf754396355840e5d0101eb6c2f92b7e42f88c1d9930fa9d8f545,3706,2026-06-02,True,True,True,True,True,0
d602222b416696c03722fb3ae07adff2329597d9da8a23499c08251dfca78934,6265,2026-06-02,True,True,True,True,True,0
4625b4d1038bda2327ffaccd46076a60ff35d005141c6854cef856c31748f53b,6573,2026-06-02,True,True,True,True,True,0
625acd0710eab8c4163db52e290d55236697667ff3b9f5e5c6be31fd82890d0d,6270,2026-06-02,True,True,True,True,True,0
927c8589e3810c852c6907e75c9d7d34e8c4679eb07c89cc558f9b0a6cb5c11d,2348,2026-06-03,True,True,True,True,True,0
1a07be7e621ffa3fe873200e3f886f721cb9f9630c204c47596ea076c51fe37b,3147,2026-06-03,True,True,True,True,True,0
d0d696f66ec087c0ff40981fcb98e3182bcc94448fd97ad201452ce5898bcee5,2603,2026-06-03,True,True,True,True,True,0
83bc22f2f7a1387a5f4375efcb1a9c26d7587dff15bd929474be89283fecfdb7,2349,2026-06-03,True,True,True,True,True,0
a0f7d0c3bf62987e13958098f54c45856a18605d84bb22a921ef0e4d1e60801d,8076,2026-06-03,True,True,True,True,True,0
4511dfea1818e1ca33263a202723391a53219204f346ac5327c2ebc0be805522,1402,2026-06-03,True,True,True,True,True,0
03e7d42315c5502e092b56ad556ef9b43524e1a25aaa4cd8c422c6bfd257ce75,3288,2026-06-03,True,True,True,True,True,0
7eca2033921bc05a37aa1b53414174193a766363f522bc4aa00a67af525dd16d,3017,2026-06-03,True,True,True,True,True,0
dbd265b491c8d4ace5dd564617b0cc4e0c6411f3338e0319b6bb2a57b63db996,1609,2026-06-03,True,True,True,True,True,0
17cce223e80ee8f93292f51ea9698257dc2cff9f4ef636a66473f6f7d810d671,1513,2026-06-03,True,True,True,True,True,0
e7fe9d6b2681427235d5d030aa74ba3181f1023cd143471e7b2d3420ab8e6b10,2031,2026-06-03,True,True,True,True,True,0
b8a120a355bcd710d19ab5091afa46e07a6f93dbec54663127bc891354ab2d78,1709,2026-06-03,True,True,True,True,True,0
f0e09ff1b26a531da3aa5344484a0f5699c587f653ec9f5036394d2cb22f0bad,3268,2026-06-03,True,True,True,True,True,0
f00785ed1c00207e1afed95258dbe4f2f02caf07a1dae902c65ed715a188c303,4976,2026-06-03,True,True,True,True,True,0
c77b40ebe299e8542d3866fcbcc0c30c4df0446adbb000d2a47222c35c22b636,1714,2026-06-03,True,True,True,True,True,0
0ad593c5ffdc6c8eed11e2e879e787874fe35ea6e36c8ff731b080071bf67326,1909,2026-06-03,True,True,True,True,True,0
2eb1deaeb82c05baa3d552bc68a917d300c26e985410ffadc18f928c7c23608d,2457,2026-06-03,True,True,True,True,True,0
80b16f6a420658e2ddade1ca0dea654beabfc45da80b0a8b2dd6541692b7cfd4,3167,2026-06-03,True,True,True,True,True,0
ed97d0920b95dd8f194b4a404b2e33e8895cd8b82d290fcd14fea6da3e437c3c,3060,2026-06-03,True,True,True,True,True,0
89df8e5d25f3bffec85351c1d9b219576bcf476d576dac152a9930fa26963992,1304,2026-06-03,True,True,True,True,True,0
a46da7f31a02d839a4791b1eb4977af7f2aaba255dd8fb9b7754ae90f52caea0,2610,2026-06-03,True,True,True,True,True,0
82bdaaeb33e26760a784a2cb2bba68da566697e5e8ac7705f836d48c03b0bbc4,3622,2026-06-03,True,True,True,True,True,0
59b480e1746ff84e8ae8e5b0956ab1fd80266d2c648efe89b1d8b32680506c32,2104,2026-06-03,True,True,True,True,True,0
8ffced0991f92abc8e4411ed276c048ad892a600fc21076bb9bdd77ebb1fc533,2520,2026-06-03,True,True,True,True,True,0
5f6dfcc8919b8673a7e1649f6bacc838bc8e2eebb99acb1e35975d796ec5d999,2352,2026-06-03,True,True,True,True,True,0
2bccf2dda04cef315f2f3992606779e5a8d3b2b795cfa15b0f23d3675e67b0d6,3213,2026-06-03,True,True,True,True,True,0
8420620dc036a9aac4e2958e25bf994d645d0d48352aa60ee29befa0133f6884,1314,2026-06-03,True,True,True,True,True,0
fbdde3b4f71c1ec9d9013bb6f0683fed849c4f89783da75d7cc01d988a450825,1612,2026-06-03,True,True,True,True,True,0
fd7a669730c87cfa84a630e0379c9d439b1b01ced39ea9a2519c5ed0c8b907e2,4729,2026-06-03,True,True,True,True,True,0
93054de4476690c54624bdc8b5c4f7b7604f5857e9394d7a22f9af37bb77c7e9,1605,2026-06-03,True,True,True,True,True,0
d34c67c5443828c7883aa4e1840801f958b34fc7f17162719c3565694103f94d,1725,2026-06-03,True,True,True,True,True,0
c296eec99d06d7f612e8d80b4e1ad7ecdc0c8331106057f480bc4db4f8075341,2009,2026-06-03,True,True,True,True,True,0
a75ef62b48448386d921760be57652d1d96e7abc7f43fa0b411b9f6af4e56899,2851,2026-06-03,True,True,True,True,True,0
138602bb7e4057d66fdbfb0536861a885c7e03cf0d5aaa3f6b5f9ed33184deae,3058,2026-06-03,True,True,True,True,True,0
38b0457a9880d086fdc671557f3a0fcd0a71aaae50f65621a23cdb5256c821b8,3015,2026-06-03,True,True,True,True,True,0
c3e3fdc91264b3febd9dcc0688722244f078239287cb3c1a9b7627c5ec1ade02,2511,2026-06-03,True,True,True,True,True,0
4b2b6f720f66378ca3df89f630053bfd9300d76a1773780f8baa4e0fecccae13,6538,2026-06-04,True,True,True,True,True,0
23f2aa48f17d83d23e33b96454c9dfa3dc23cd2be3d19f2a106cb3a3532faff4,3312,2026-06-04,True,True,True,True,True,0
86a9150b8753eb00a7d886aebd2514eea62e24bb889cef8b80d28402d17ff832,9945,2026-06-04,True,True,True,True,True,0
2c98a8bf3f97ea04080991e0b65567f09a95f6b787897c7a4ba82d0468dad603,3630,2026-06-04,True,True,True,True,True,0
ba3ef763b0af814b41c70ba4d65eb83aaeae2bd5502f5035070e03aad2b8917e,1514,2026-06-04,True,True,True,True,True,0
99f81c92a65489ddefe70de25fdf9ef42dd6f9f2b3895208336ff3ddc835a1de,1723,2026-06-04,True,True,True,True,True,0
2c3758c9a22bd66d49f966d369a465cdd4e20fec27198d3e60ee92802826b4ec,5285,2026-06-04,True,True,True,True,True,0
7b4bcf2bc88385921dd20250ed0ca99629e2785cfe20dab01794612a50c9a3f7,2493,2026-06-04,True,True,True,True,True,0
140d0e89561edbd7561a77bd506461facf61bf596fea7751ad659c2c34e74001,6585,2026-06-04,True,True,True,True,True,0
2ecbbffbc795c77c710410adfca442086b3f4f1c61b658b6cf7f2c465c26f416,5607,2026-06-04,True,True,True,True,True,0
cc03f2663e0d27753eae5d302df160238c6010f8ff3e056089ffe99415c64dfb,9958,2026-06-04,True,True,True,True,True,0
3bbc901779fb0d394dff76cb183f0856ebbfac1512387919208823999751e505,6505,2026-06-04,True,True,True,True,True,0
2d84d993a9d90d57c348d15e51ab01e3ccb279c1f8d76da7a95c9913323dc0f2,1515,2026-06-04,True,True,True,True,True,0
13a89ccaee8f2ce0c509a976fcd24ce0751ac3b9c1049e2b5688b13d8c8d8a66,3308,2026-06-04,True,True,True,True,True,0
ea53762e56dc94ca57dc7b25786c507266afe619b63a2eaf118c7dce044c9bb6,6409,2026-06-04,True,True,True,True,True,0
d2382ef0bb0a0b0cecf66ba29f7d399895ab85e05b0fbad9be27f2d2e7354c63,3617,2026-06-04,True,True,True,True,True,0
8507d338fee1be9bacefebb61a53167c4a0b550bbad2236b41805f3f607f3e13,3550,2026-06-04,True,True,True,True,True,0
00d90c5d4938a7e403ffafa02d0cd8278d26e965e4ee144e5b9f859afaf234ed,1504,2026-06-04,True,True,True,True,True,0
5b2b26b297eafc317603d41aa5249a35e3323c2bf7ec1cf2ba78a58c49a9bd08,1537,2026-06-04,True,True,True,True,True,0
0cc8147816b11373ea147295f30a01aa988e145dc1a19813626cb06309cabd77,3023,2026-06-05,True,True,True,True,True,0
6dc89c7275ed023b4adab4b12978cd8be6fc92bacc53cf700647e6cad092d259,2059,2026-06-05,True,True,True,True,True,0
84d07661cc4dfd372c6baa9ce40e350eda7730ba0a79b134255ae80188c43780,2025,2026-06-05,True,True,True,True,True,0
d62a9669a0f68d3e0d5d4a58dc2f27ca178f36e5d17b5748da5962d25f45edf6,3441,2026-06-05,True,True,True,True,True,0
4895cdc9784b112b1dad4255727629b2697b46fb7228490d21bfe4f6cb227ac2,2615,2026-06-05,True,True,True,True,True,0
169556567fe0501fdb5ceaf1284f498b05ad5a07509f6e435dc128f32352b4ea,1474,2026-06-05,True,True,True,True,True,0
0f100850dd52ff7f177bc3b12a373d35190a906d819f0e7d0f508e41652e174f,6517,2026-06-05,True,True,True,True,True,0
9bc01ec330ef261f55c8a12c2cf95f39986a4fe240db7418c180d3bdb2a8ffc0,2501,2026-06-05,True,True,True,True,True,0
e3fe9bb330c2e141990c33d69e3f72da755abca6774d987777fcdef99ad46267,1810,2026-06-05,True,True,True,True,True,0
40e9efb13b9d392a1f9575748edc2855dfd8c662e1f264126b9973a4be3a0868,3015,2026-06-05,True,True,True,True,True,0
932dbd25a816de84582673414de0e30f1e3ebf6ccd2f4c3b3d035f0c5922178b,6153,2026-06-08,True,True,True,True,True,0
2dde27f4645a396b1b0ae2506919f9035c88d75fb7970e7a116a57d025dc3220,5288,2026-06-08,True,True,True,True,True,0
2ab7c0cdd1eac8acb9a7309bde25101efc0deea344d13bcd405a41e90a5c26f2,7788,2026-06-08,True,True,True,True,True,0
a94adfb0d16ee50a9cc12b73ad29ef6435148c7ff1292af8ff2de29dbf98d498,5228,2026-06-08,True,True,True,True,True,0
15ee82d7a3cac26982b151903b05aa980cdc38af280cdb1523491910b5396d1c,3022,2026-06-08,True,True,True,True,True,0
3f9b3a61228f69e65d5e973c2d41c91481da73811eafc816f8bf53cc959d292b,2546,2026-06-08,True,True,True,True,True,0
ebee70a00d1aaea199595df723b464a704167cbcd8ee384ab980787b970d4f5f,6112,2026-06-08,True,True,True,True,True,0
ecbe6d04c49b525c0e5711b068053d6e92470f9d360cefefe2f3c128632b5118,5426,2026-06-08,True,True,True,True,True,0
b1cdfa58a6e0e2c072951b06b287ab5af98f00132e8fa879791a3c5ca028e163,3221,2026-06-09,True,True,True,True,True,0
d898c036dff50d58463f21aee758d9335471529dbf2417fe6ef0332df901d27f,1319,2026-06-09,True,True,True,True,True,0
61aa77bf2677579d66931a0b6937358a08756b2ef71abc055d779e08cdf14dae,8182,2026-06-09,True,True,True,True,True,0
b7e91c61f740706d700f25c9eeeef367774efc0ccb08b5be000c6edea052fc31,6585,2026-06-09,True,True,True,True,True,0
949e66537067269e6415cba8d5ba924724ed8f1db8f7b8ff2dae2a4a372e3ae7,2484,2026-06-09,True,True,True,True,True,0
9d516b774dab348a2bddeba94d1bfade9ea8e1a020d8943e56a2b300275a989a,4976,2026-06-09,True,True,True,True,True,0
ca21986f4ef1e966faac0eabe8d259698c5d2af2ec4068f11fb8b8a7e7991a29,8021,2026-06-09,True,True,True,True,True,0
7ca8e5f7fd22eca6f8b1f55f469f8ee00368f05694cb6f6995ac19616c62ab6a,3322,2026-06-09,True,True,True,True,True,0
46e71ba7f4161bf29df2eb4ad9eb8c707c116ba10a61313287364eb84f956ae3,6414,2026-06-09,True,True,True,True,True,0
78acb405a6e15cdb1be18851b53ed0cf3d4794d46dd3c6638aa1ebafe30a0c57,4556,2026-06-09,True,True,True,True,True,0
f8328ce733789a61cca9cd54216109dbf63228aaa23652ff86d8217a5c21a231,3550,2026-06-09,True,True,True,True,True,0
bc914504ef966512626c04c71d0cab874193a339ec8ba8acd566f82054ef137a,5328,2026-06-10,True,True,True,True,True,0
556e0b5cf844ba7aca2f201e625e69a2990b458e2bf495c3eaa49c459f1f4e62,2413,2026-06-10,True,True,True,True,True,0
ee0ed6b9a152bdad7107925d3261721495fbf41a81823c1a358e286a3fd3cd8a,9945,2026-06-10,True,True,True,True,True,0
e085796dd037603f5e5bc110b87962483ae599f87e310c13257f42eb1d3313d4,5515,2026-06-10,True,True,True,True,True,0
fc06300131b78d7ad84c07f535be131d8178edc7929bdefd2d6331f922845600,8121,2026-06-10,True,True,True,True,True,0
8baee28b9b26aabc7e54b926c6f89dadc07f61eb0fcc700fbe3b63a86e29324e,4946,2026-06-10,True,True,True,True,True,0
030816cea75c1d82eb7372ca3ac262fa4aeedf03760fe292a95f6f9e84d360c9,2542,2026-06-10,True,True,True,True,True,0
55ddf367e7395788319aa82b5a8048375faa5087c08f359ae936cba31be52517,6241,2026-06-10,True,True,True,True,True,0
6332647355bf9e7f7262fbbfe9d0ad8311ba135c5809c92cc64d12d180e02d34,5519,2026-06-10,True,True,True,True,True,0
156f371807c440d06872470b4dcdb5af539d347cc6688eb0fe13669728922cb1,2243,2026-06-10,True,True,True,True,True,0
6393cdded5b1c7c14659a17ba5ae21b5778ae2b3886190eb68f918383ec7fca0,3285,2026-06-10,True,True,True,True,True,0
da486c39331b6d94e7127f0fd2cba0af8feb90bbd6f29238dfabcb3b459e98ed,2520,2026-06-10,True,True,True,True,True,0
5b48d2cb8ebc3f9da3c87d2f3a4c90181d377e25df79b9649674c539c72f23d7,6432,2026-06-10,True,True,True,True,True,0
0020e7e8c36787fabb2fac9305a0c7e214814b2dfb802a49095bd391c0c91e6d,2501,2026-06-10,True,True,True,True,True,0
bc7f0992d4aa166705659090eebcfda27414838a29d2a631f1fef846e3c971f9,5534,2026-06-10,True,True,True,True,True,0
8fb3a3a408f6721271e4d968a4f99fd0ef7a16924d79771eace8343427ef01be,2511,2026-06-10,True,True,True,True,True,0
21436ae129f7c967b64669a60c8f4f46c95a261c81e69388a010e6b1fd0f8b60,5288,2026-06-11,True,True,True,True,True,0
68ffb1d5f65165594b82193dcb3ea0809424ca79f9887334cddd65123cfea950,5410,2026-06-11,True,True,True,True,True,0
235761b1a8dc79f1654510b617992a53024fd87f247259d7b2b17ea0ec45e306,6613,2026-06-11,True,True,True,True,True,0
7e0d4443fb1b0faff35fa0158560c1466eaa6e7b630d24d0676dbe40dba72870,3484,2026-06-11,True,True,True,True,True,0
ba57298e9536637cc68bc1873919666ae71d00c3430ac1d8e5d844844872ce4c,6156,2026-06-11,True,True,True,True,True,0
4d7934f21ae8d2d7e9e52b44c7d26e50d3d5c8e4d41d035e9b22242f88b04c98,3296,2026-06-11,True,True,True,True,True,0
ab67e0ed3efe2e0bf672be1ee886f00db4fbede904ca39964f254e210f9598ed,3003,2026-06-11,True,True,True,True,True,0
b56d155f00237b03c8d32a711906019824709c00214fd7ba046c8f88cde09e1f,6259,2026-06-11,True,True,True,True,True,0
468ab3f409fa9c5f795d8dd626f578ab2f89003261131d248c2d1a6f4608f374,8071,2026-06-11,True,True,True,True,True,0
ddc7b74f22252d4a3492063758defd25e3205281ee43ccda74e16daf6c3fdbb2,5227,2026-06-11,True,True,True,True,True,0
d6a0d4d7d9069773fa72198515e4ce27bc723cb1662e1997976d330d3bf30c3d,4807,2026-06-12,True,True,True,True,True,0
a2adaa70bd6816b9b9859b730ebf07469f7f7985f60ec76b85fb1f477245dfd8,5457,2026-06-12,True,True,True,True,True,0
fd361a5205a6402f1486ca0ae067a13bb66c4f15a07dea99ffb4adf5b7e3a3bf,6691,2026-06-12,True,True,True,True,True,0
ac9ee8d5306b4b2ff5bd74bc863b26fb7cd6194a9849e68788d94e45339039b2,2413,2026-06-12,True,True,True,True,True,0
4332a776d5d8f986c724553577392ea77e281db92cc9ef7a73220ac9f04b6e40,6173,2026-06-12,True,True,True,True,True,0
dd9e3d13bb14a6770276c87a1c1ec1cde22856cff4bc8309259e3bc553239ff0,3152,2026-06-12,True,True,True,True,True,0
239144e9326bd5d06a23843721e9e42149ada30679572543687e8f47bfb416ae,2617,2026-06-12,True,True,True,True,True,0
24bf374337bb3243f2c296c9d17930a99044bb0cdb2e474fbb6ca6d6334c6126,3236,2026-06-12,True,True,True,True,True,0
8f1925ee478ce3e0c09bdfd7bfbc1e7d0da706c7aef531205b91cc02711d1aa3,6585,2026-06-12,True,True,True,True,True,0
f960582abc5b788b1cf50041871836611e6e16461c9d77fea0ead6f6b252856f,2636,2026-06-12,True,True,True,True,True,0
441374bca37f57115f8af745831270cdca4950971ce6eea0c4aee7612226c09b,1342,2026-06-12,True,True,True,True,True,0
4699b565672800d321b6c13bde3963900b96174f8dda1c13c67ffc5dce9e2eb6,2610,2026-06-12,True,True,True,True,True,0
c864c6edbb45f05458db17dd8f8073576e2a7fb23888cc4061e8df9e36610446,5468,2026-06-12,True,True,True,True,True,0
8918f1a0edf2ee2729a362e42d7157ad0b59180fb360eece6e1bd73dbf31fabd,3527,2026-06-15,True,True,True,True,True,0
ee2cc3f9bd4730a7296b5fa06385f000d4516676688e88bb766598dd4d4e5537,6654,2026-06-15,True,True,True,True,True,0
2de52a86cce99b1091c18426fa5edf8ec4f2241c64ed00c1756c98533731f70a,2527,2026-06-15,True,True,True,True,True,0
d0e72537fe68df856418b2d60ff24b989a6474191c4e911bfcc11e69c988aa5a,3484,2026-06-15,True,True,True,True,True,0
0d01e328acbbf305cfb89c39ac7d94247d2097439a167e2beae35351cb8978e8,4551,2026-06-15,True,True,True,True,True,0
0d8d2f9ec03491165d9dbf530b74661a99e9371dd44bead086783f55973940c1,3532,2026-06-15,True,True,True,True,True,0
6615eab3efb721b5355bfd4b5f5029b56b5c2881d697619f61c146b20b2472a8,3576,2026-06-15,True,True,True,True,True,0
82146ebd4d736f1019650c4a3128f70b0ec4ab34868adea6e98999ff6caaacc3,6449,2026-06-15,True,True,True,True,True,0
ad852fea3b65fbf462b3d94ab182bf991ce3c03d995ea63c0058482969f18ef6,8096,2026-06-15,True,True,True,True,True,0
037e7f8d4bce80226fbd913d754d35f6d2112ee193d41a7bf6c9fafa0d3ed032,5536,2026-06-15,True,True,True,True,True,0
77ea7b498f5cf645221842ab6b3d07bd1dade673a1a1a2309d466fb764daab07,4541,2026-06-15,True,True,True,True,True,0
757975f916e6d4f9b0f4f77c115930b4de9ac4b902ae161dbb309d00ce9827ce,2342,2026-06-16,True,True,True,True,True,0
b22fb374a26ea7ea3a313df8130142af49947bc8de169909200f60c72400beb8,6488,2026-06-16,True,True,True,True,True,0
04de5f96699d1a6335c9ee7f8229993e7562e3196472b1537ee76be83a929095,1402,2026-06-16,True,True,True,True,True,0
7a14883c21e458b850619361db943065bffb2001629049963b40b1fdbfb90068,3652,2026-06-16,True,True,True,True,True,0
223d12f2a9f323c00ac78f56d67ec8d5d94cdbaed64fd620196ae8a2ed9b5701,6156,2026-06-16,True,True,True,True,True,0
fb77a5805e80e0a14c049a6a05843d0a8ed06162cf352b58bd077f05b5b93a61,2302,2026-06-16,True,True,True,True,True,0
3ea267cc1ebd4bc5579648e4187f0d98a91151f77e148180294ea724bfc3625e,5302,2026-06-16,True,True,True,True,True,0
6fb7f6b7eb7ffca54c4fd8ad1ecbe5f0bab99188fa3a6e561096426482c50552,6668,2026-06-16,True,True,True,True,True,0
bfac878d841dcbbc8e5f61b2a0d84de0483ba573de5764969e301c987efc7802,6517,2026-06-16,True,True,True,True,True,0
d29085afe2063c7c4497a582b764f4f4f554981c4db410c253a201e21c0b6295,3044,2026-06-16,True,True,True,True,True,0
9ef462e5cf1bdd4a255ff505fcf2585c47db5f3da2f2c13e0527cdc85c6afcd7,5426,2026-06-16,True,True,True,True,True,0
0c89238f1ae81fecfacd0a9e28265fa9286318dc72a8f97a8152181965ddcb82,7610,2026-06-17,True,True,True,True,True,0
1a248f125b622375b68d261a23b4c9fb2bd0c69109869fafd930d79fac7b42df,5011,2026-06-17,True,True,True,True,True,0
a26e12ca06bcf78bc355df62e3b5722f9c4099967fbcf474df133a59c24be60f,3630,2026-06-17,True,True,True,True,True,0
2c1c9fe04cdb915b0d4633d7c6bc2e88e6d5e2e2ea7035329bad6def463285c8,2491,2026-06-17,True,True,True,True,True,0
9c3070cedc1e8878b3c766659e1e3866e4ebe8314c12d885b1c8dac7b6c50ad4,3484,2026-06-17,True,True,True,True,True,0
e3cd37aa16a8c6ddc336fd92e22ba640003d4f3905e4757713607aa3481a6437,3034,2026-06-17,True,True,True,True,True,0
abf85a74950469e64d0f905be71c6338ce0b49c3096266473c954349f6adcd8b,3360,2026-06-17,True,True,True,True,True,0
e7ca7e09c77a520350643909cbd02c5a77ab157d47dcfe195c011a3ed368f7bd,3296,2026-06-17,True,True,True,True,True,0
0340c30008df367c778da5e5ea7df34aad1e08f023be2467329f4e09a23c0409,6142,2026-06-17,True,True,True,True,True,0
33f562d28d5fde28f20aff582b1f404a0783ddee82d19a40baba4c7a9755abda,4976,2026-06-17,True,True,True,True,True,0
27725546602b20d0ee3e493d3acf33c92c1e05cb6615fe368ad616e37d002b79,3060,2026-06-17,True,True,True,True,True,0
dbb76ddcab61232916a51e933d1e471d5d21489726998b097bf1e510c1b1abb8,6177,2026-06-17,True,True,True,True,True,0
e4d195b05da452c9a4b2a75f53683f892d8ae7539e6f912ac6072a64e4cd222a,2332,2026-06-17,True,True,True,True,True,0
4a37386a059a876c5b8939023e17713bca11f8391716cb17f4231206633b4b26,4513,2026-06-17,True,True,True,True,True,0
0fddb9792d75baabee242a17d75eb1d9038f961b973f128be510910b8d2363ca,2379,2026-06-17,True,True,True,True,True,0
0e8c46a452e1ef0e4726ed8cf0129379edd21a93c0992fa2c0610f1f20f9b1ec,2610,2026-06-17,True,True,True,True,True,0
38c72b15fda68b1d3e64665553469d211ab0bf20d6d55e1b2ae4b5a92286a276,6742,2026-06-17,True,True,True,True,True,0
324a16d6e42b9cfe3648601111c97fddc1430815883d08267489f84600a82d9b,6432,2026-06-17,True,True,True,True,True,0
4403cf99930e09de7560b46bd4dc04f779bbf43ef7932554787e108173ea09f8,2061,2026-06-17,True,True,True,True,True,0
ebe64442544fa71e3d94439f47b6fc731e7cc83d219d3359c4264281f0cbbdd4,3094,2026-06-17,True,True,True,True,True,0
6e32fea3a38dff8a15a4adcbe7694e4689daea930e4317d0ceccc733979e674e,4707,2026-06-17,True,True,True,True,True,0
8770c4833236ea5b6c51e411387b159d16e3ff3531cce018cee0cd988958fecf,5534,2026-06-17,True,True,True,True,True,0
aa8162c2b008ff93fd0ff0987373b4361da684ce124a7e3a9d2e96bb99926d62,2536,2026-06-18,True,True,True,True,True,0
8c3f74d08796a7c5ff4c5f904bfca652fcf2e90030ba72659208f12647d837d5,5489,2026-06-18,True,True,True,True,True,0
98a9ea8e34fa81813be563679a1c05fc86b67dd621f6a3e339c25367514b2130,3234,2026-06-18,True,True,True,True,True,0
9e606189f6433f2b3a075f3bf039a0e31761bb8a59689fd6be3aedc4f87f7478,3652,2026-06-18,True,True,True,True,True,0
9bd7ccd3b13454909ca7280b0fd9b42e112f898f7591977d808e26b14e8d03d8,2316,2026-06-18,True,True,True,True,True,0
e43d1236869a15408110b16f33bbc5dd259e426f396bb87fe7804f17284be89e,6156,2026-06-18,True,True,True,True,True,0
1f881ab258ca9dfb678a82ddba53d75983d5b2cdc9c4761cb90e37aebf59aa9c,3317,2026-06-18,True,True,True,True,True,0
4c645b15f62a0bd278f224ab9f00638dbe6671bc44e1a1753e7f366319de0921,8358,2026-06-18,True,True,True,True,True,0
60e7de9179beea446fabedb2260d0ace15e5ca8c52bd5f9de750c3361a23b2b5,8261,2026-06-18,True,True,True,True,True,0
bc1f241ccad3d3405a4d9fe82876b1cfaef1e6e2419267500e4dfdf74e8003a7,3537,2026-06-18,True,True,True,True,True,0
499237913d4fc754a63a9a2453900e9300bd959c57d160e2d4f0f715f70477bd,6435,2026-06-18,True,True,True,True,True,0
bb167a888bb05dbf2abc0958ca67495db2d325efb2c99d84d769bf9703d2f28a,6179,2026-06-18,True,True,True,True,True,0
7d04e5c0ac13b48c0a38ebdd88596d9769de19744d1e19faf287a2870c76c518,6207,2026-06-18,True,True,True,True,True,0
9ac412a6257b8d7d599cb9e437277527ed927a9d96fe305471f3324eea0627c2,8088,2026-06-18,True,True,True,True,True,0
cfb35f8929c6a93dca0329606844bc83fda58d209e06742c4e78551fc0cf5c6e,1725,2026-06-18,True,True,True,True,True,0
2f68fcc8fec9910dfa4901b5bca3bb042dbf79b84ddd08817af1043fc0ed22f3,5347,2026-06-22,True,True,True,True,True,0
9272fedae4eda0a5407d7095b9eb6d9f569ebcfcbb3c734cd8b098f739809333,8255,2026-06-22,True,True,True,True,True,0
f14ed1a5b31fc4027d18216f95a6c14460a7a7d66981b1534721b054ae60f4ed,5351,2026-06-22,True,True,True,True,True,0
4490bfdca755f9e967971a9a39d686f97b5446fd66e237cf360a9607dc4bc389,6138,2026-06-22,True,True,True,True,True,0
6b6ad35a6b4221b0f2f3eaf8d72e2ad0f01d42c51a0e8e25b210c10786cad16b,6243,2026-06-22,True,True,True,True,True,0
970ac4919619de21605567bd321c6110bdbc129de4d69671780ae3b05e9e0735,6213,2026-06-22,True,True,True,True,True,0
b88fc9b3035b30162ca944a1b73841e8ceef8e5daf308ce1be78f3fe304659d2,5011,2026-06-22,True,True,True,True,True,0
a61aef594f12ebc0d6ba6c3e57b6cef94d901dcfa35826adca8c60540d3814f1,2634,2026-06-22,True,True,True,True,True,0
188348b223e4b2ec8a4c21ae02885b3ecba8516a59400f15fdff5d24d0b08e0b,5285,2026-06-22,True,True,True,True,True,0
039238c9d470b9665c0536027037897be1688909a2934313e38c978d625748d9,6585,2026-06-22,True,True,True,True,True,0
03468689de2e90a8b4a169574cb6874118b295c52a25c7e729feba78bf7d237e,3034,2026-06-22,True,True,True,True,True,0
ffd8649d5a353b7b137d3c0e8006621db5f3ee9dc1fa1e6c5ec57615e880d984,5434,2026-06-22,True,True,True,True,True,0
cb2ebe815fabe9b98e3a35f7ea3a088063cfcac7b1706d2ca67ea62cd9c8c9da,3189,2026-06-22,True,True,True,True,True,0
ef69771cb978d2a5e8cff814e6d247223466e42f82d4d9c61373b9c986ed7f69,3711,2026-06-22,True,True,True,True,True,0
0ba6c5578000dcae0cfd318eb498ead49367e4ddf74647f3d913b8112eee4076,2434,2026-06-22,True,True,True,True,True,0
20865caba37b44f521b8800a7de70047b8c291d9b1ad94ec822555fc3cf6894e,2409,2026-06-22,True,True,True,True,True,0
10c404de06a6a4604a4b38922a5c5bbd48f6153900ad922a869c10c802911229,2337,2026-06-22,True,True,True,True,True,0
567412659e09f0ecd840c99feb9d33a5fa149f2da956f853f976edcf56ffe6d9,6684,2026-06-22,True,True,True,True,True,0
3fbeebb1e4feae2a891a25177f4deb1ab47b168c27949826f3e3f142ba381dc0,3114,2026-06-22,True,True,True,True,True,0
09ea26342d8077aeb5c1e23cdfacee9e474f5d14434d9722e8ecf5697037fec7,2383,2026-06-22,True,True,True,True,True,0
0e8c11c2d69fb7b228135283359ea0608815b53fc5149466b3f97c57953ee8b3,2466,2026-06-22,True,True,True,True,True,0
f6e58baf81c1a06538e1390c6df5c7009e9bd1299e2d7d8e3a0228027abf3aa0,2303,2026-06-22,True,True,True,True,True,0
78fff995ba8a6cdb7bb0a5e5698c2c6dda84ef4a3033a8430476fb673b0880e7,5425,2026-06-22,True,True,True,True,True,0
5f5d9a5d7b790a4ccbc63bb28f1041d51d0e4228a0a754dbf826c652f9bc0629,6667,2026-06-22,True,True,True,True,True,0
44c46af4841c2e0c7f3abb774bcb774bdb81aec835b21c67cc692426ff7ae950,6257,2026-06-22,True,True,True,True,True,0
2717385a766a85f490f5843f30c3d6569d0f515250e64e5b16a19e79c3da88a7,3149,2026-06-22,True,True,True,True,True,0
38eb271ce3cb26aea84adf33c7e8de7ae59c04d4972f265e0ddfb35cbefd08b3,3715,2026-06-22,True,True,True,True,True,0
1be4d66db6ad73de86924b02d0364e5e4fbd2da2b3df332a8477e2f477387e3a,5227,2026-06-22,True,True,True,True,True,0
c64c4b1566abc90b416cfd00d7c752030358514f56fc5c14ddc4cf9e13171139,6715,2026-06-22,True,True,True,True,True,0
3bc88bdb8cee50eb408fc285dccbd715bd93c0b67afa1e6983860d723a02a76c,8054,2026-06-23,True,True,True,True,True,0
ec676d23dea20484156f4bebb5ecda0b5972148c8235d9dde6fd3ef543d86632,3360,2026-06-23,True,True,True,True,True,0
8b79c95662a8aef336bcb5127fbe0b7caa28371e6f15d457707d66fd499fd4d6,2369,2026-06-23,True,True,True,True,True,0
6f4819148fdf74436e341e3a469c32b37e7e504f6d677ee050b2bd4fac2c7a06,3675,2026-06-23,True,True,True,True,True,0
8767ed10e705b0d8cf2aa53c56463d7c95188de8678378ba31bc075590e4116f,3016,2026-06-23,True,True,True,True,True,0
421dbbdee38c9396510ca4871a8e80413e3b15a32cd89b61a4f9041fea62ee84,6168,2026-06-23,True,True,True,True,True,0
39f0fa1a9ca625d161d107a544d20601c11191d8dd3cf9eb862526ad45f62491,3707,2026-06-23,True,True,True,True,True,0
034f693959d6e92f5a8fddc224e9caa31e22f381365af63d7f619d7e85bb60c3,3588,2026-06-23,True,True,True,True,True,0
89afd6e9c13aff4af430866e9092ae9c4435c1536592c9127e4cecf8113c6b68,8024,2026-06-23,True,True,True,True,True,0
2110574e941afa71cb21af11abd7c118a46a22161952fd1f48b77f186a2c4cfd,6573,2026-06-23,True,True,True,True,True,0
f0c0afaa6b065fae4204742962d1fc617af4b55098b7a7273ec75346fc71a7c1,3374,2026-06-23,True,True,True,True,True,0
585c647af0e795a0a8b2cc99e0d2632a6b49cefd07edd61a58720a9f456c23c9,5011,2026-06-24,True,True,True,True,True,0
b8b1135d771ca58693bddd7a8bc70bd0494463ac91b4d6dc4c75e735947bc4ed,2646,2026-06-24,True,True,True,True,True,0
86c9691b3f3efbbe55a1ffb48f4f8032d956b66cf694fbd83e982671e551f8e0,6223,2026-06-24,True,True,True,True,True,0
5a27c9f90af5ee201006735d91413a03a1fbb62a05a873f5493c0251740cc5c7,5464,2026-06-24,True,True,True,True,True,0
74b07fd6c810dd7a6054c92f668792643a0b6911abaee4919c701224ae1fe4df,2460,2026-06-24,True,True,True,True,True,0
9e1108872d370793e8908892e307be457c140ad7c3678f3a5a30443163b6c68f,2610,2026-06-24,True,True,True,True,True,0
0029121875142c733978ef106dda3e019ad8f646eeee011772422bf629988ee2,6683,2026-06-24,True,True,True,True,True,0
4d53c64b8dfa0f5ee5e56ff7896efe662fe77f6d57bebe19872c22fb0e3d17ec,6226,2026-06-24,True,True,True,True,True,0
6ff85a8b82bb9eacc2e4e37155bedf77932be447c14603b79ac89f7d4afa7f18,6129,2026-06-24,True,True,True,True,True,0
c5d5fd3fb6680484872e7c11ef353390bb0a4298582e5cbccaa693ca45ef1a74,6695,2026-06-24,True,True,True,True,True,0
7a60619926e257c74664857ea88ec8f71617be018a15d3b4f6a40a4c4e3fbbbb,5489,2026-06-25,True,True,True,True,True,0
19fbef1fc42660c44d3388bcc015c2f3382b78c4fd1abf86205ba22627482001,6691,2026-06-25,True,True,True,True,True,0
fed8cb33131398625dc035935564de35b6a287a58a60be1e6b9526e93041fb2b,6213,2026-06-25,True,True,True,True,True,0
85d92865c80fefac29e40b8fa280d8774244b6762aaaca9a37344386c1f75b8e,8932,2026-06-25,True,True,True,True,True,0
a7cfae24e59307b8ee7bc4db526f4aa676986f9c4f299a48409ec6b9c21b4bf4,6127,2026-06-25,True,True,True,True,True,0
6188e1481d44d271416b07de0c01c1bf14b0816100623877e7fa4afc0b3fb977,6241,2026-06-25,True,True,True,True,True,0
5e9b19f1c3862c277d9a35970d703245b27be2d0e5a9f69b8353f1f32f06de92,1515,2026-06-25,True,True,True,True,True,0
d91b9ae4307471602b1471e6d19f74520c9f9418708d24fa1c0c01506c2e2954,4716,2026-06-25,True,True,True,True,True,0
342a6c936e4cf8268cc469ada8d1320d8cf67902103eec7609ef4054e7545bc8,6409,2026-06-25,True,True,True,True,True,0
4f56c293891edfb0314144315c798519dd270532716d43b977144eb40ad04077,1301,2026-06-25,True,True,True,True,True,0
1244dc44c2592e83569834ac243c3129c401aac02217264ef2a5bc858f981111,6270,2026-06-25,True,True,True,True,True,0
3896bb1e26270b2cdbdf109558e3e439ffd28e12ec0860f2b0c02e97a9ec70e4,2484,2026-06-26,True,True,True,True,True,0
84a535e2a8e75a7a01149b607b4bf19c791a18ffbc9a733133472e05237492e3,4416,2026-06-26,True,True,True,True,True,0
b618c4ce7a923b4d9804c3844cbac5b209eefb6c02ea7efe6eaeffd654b8a462,1718,2026-06-26,True,True,True,True,True,0
d5b574098d03d0661381a5ebded8931cffc6d3c84042524e04a100bbab986b28,2634,2026-06-29,True,True,True,True,True,0
f5d8bc9f9f968e27d4ac191c74121f29257e57ee31c3ab909a8efa4b7d5952db,1736,2026-06-29,True,True,True,True,True,0
0c8a8458a7c0d98fc18a8d5989543e6d60bc7463b08efd839b3b0d38bf79a163,7402,2026-06-29,True,True,True,True,True,0
077b705de8d42a286a1c9b5adf80536ee095bf16ebd48ec9660d0494ac6d8e0b,5434,2026-06-29,True,True,True,True,True,0
1fdfbdfb7b68d8261c6db132412ff53453055cd15e34890488cbdf5bdb1a89b1,8033,2026-06-29,True,True,True,True,True,0
25851af4bc81a122eea3a678a1adff3345c4281a0dc1b30bcfac2782234172cd,3230,2026-06-29,True,True,True,True,True,0
eedf9680662f3bbc744d8756aa41eecb8df950efb458b9087897058b5c23c197,5321,2026-06-29,True,True,True,True,True,0
ea64e38284af709477e60e1a9f0193b06a0fde8697b2e86476ef10696ee1922a,3346,2026-06-30,True,True,True,True,True,0
8c21b99c471433879cdf73885184ae592e02d87f61306f3358d7a393edc7cefe,8222,2026-06-30,True,True,True,True,True,0
a3766844ae2e44760785fd81a9937d9b2375c3521dfe72eb1e595f060c729aab,3055,2026-06-30,True,True,True,True,True,0
4ae24a7edede8c316aa1d8b6d0a5a76889293f322b8d4ca7bf98f8213bc78e7e,3152,2026-06-30,True,True,True,True,True,0
896e08114691a8298ffd4ec65e83578b97f1d4a05c177173db4417ce889b6a8a,2425,2026-06-30,True,True,True,True,True,0
76fb32258c2386e9f599028aa0a35b63758be42d5c5738e4bb5447626e6cd8b2,4114,2026-06-30,True,True,True,True,True,0
ef207f6e52bac7466998dee1c98972cf5637b5e89c2321b1223e4b2bdc1ef5f4,6409,2026-06-30,True,True,True,True,True,0
30e9c7b29b633406282b6f77c4a3f45320844df75ba63c2a20f4241e5516643c,2472,2026-06-30,True,True,True,True,True,0
f5d3a08d44caba667fded14d6d006632becad506e77e125e13fefd21de3ae04d,2208,2026-06-30,True,True,True,True,True,0
18798bc1ea3727b0f7628e0ee7fd0d04ddeec17116fea0a8f3f38db779799b87,2645,2026-06-30,True,True,True,True,True,0
7dd326617d415c1341749339c20c31a569e65d595befc085b2cc93366341134d,6753,2026-06-30,True,True,True,True,True,0
2f4c2ba0a4a814edc9af6c867ea4edab988e01cab55ba79cf1028be4e52de402,6173,2026-07-01,True,True,True,True,True,0
b3b09077a044aa8ce9bab5e8e17bd15524422afb3f3430c1c22bdd4c6e582554,6156,2026-07-01,True,True,True,True,True,0
a7e71c36ed3f2f7aa768bcd3e7dcce1952ff8f307ab88fce88b89afa7a01091f,1709,2026-07-01,True,True,True,True,True,0
ae8cc99723e2439eae68e00cf99e005643b15c285f6dbaef4eb01f3fb652bac0,3711,2026-07-01,True,True,True,True,True,0
7bacbbff6cca597b929e223185cf644356439bd1d94286609ebc64b4078a3e3d,2434,2026-07-01,True,True,True,True,True,0
7c2293bb37015be7e96c1da1a0481dd63b61e0e79be31e1eb8dfa17b595d9c0a,1303,2026-07-01,True,True,True,True,True,0
ce3c1f883dc54e4feb561f27126398418ce82573060c86b8d1b30b7749695389,5483,2026-07-01,True,True,True,True,True,0
bc8644927ef6fff9c5d167633bbaf717edcdccd4a6739a4dc58531f6dde620cb,1515,2026-07-01,True,True,True,True,True,0
c25981c0a267fb6ee767cc3b49fc714d94a675081be050b0355ea329f34ffddb,2630,2026-07-01,True,True,True,True,True,0
74b27bf42a8edbb0dfe0dfb5f53b98b311c6df47cc67bd8864dca3167bab3e80,3605,2026-07-01,True,True,True,True,True,0
1c547dc3bfb0138769ca2c1bcf0fe67632533dd6b0cadaf7022ef2ae524b66a6,2375,2026-07-01,True,True,True,True,True,0
bbe02d0d113eea886069038636ba046d86078fa5d6d3445d57f88a8018861aec,3346,2026-07-02,True,True,True,True,True,0
31a19afb8c56648a204ca52fbad6c918667f25fe4970139216e4313a59f1b7a7,6488,2026-07-02,True,True,True,True,True,0
9ce127c2188896a66010a4d0ee5f596811390b1397068fab552365529235588e,6190,2026-07-02,True,True,True,True,True,0
b14136d1df91ebc3863b9ba91b2598b2614aaed75e150f608f018a5990e7907f,6223,2026-07-02,True,True,True,True,True,0
9c2577dcb1d5f9fd5186518209a93e2764ee3e8d4cff3bb4df3d42ddee44d15f,6803,2026-07-02,True,True,True,True,True,0
1f51ce8989e15fcb6b06b830d11851fbfdc24e89d1378ddd27c552131326b5fd,2345,2026-07-02,True,True,True,True,True,0
9d0268aaea194477a886d16d660c7a349b98e1c54058da216fb190a41d3087ae,3230,2026-07-02,True,True,True,True,True,0
c19b6c7d236c96d4bbc6df5648c95720777f825e0a799875e035a59edab649d2,3661,2026-07-02,True,True,True,True,True,0
3599f1fbbced88eba32b8250db8e4e0970d39ebd30fc5f8f62ab20d94b014d4c,2231,2026-07-03,True,True,True,True,True,0
7b67a25e23e80c19ba4f2c357d2d46b05c83e3a9dd90f4ddf275f8dcb5cb1f3b,8222,2026-07-03,True,True,True,True,True,0
f3e4c46a4324c78da6528f8aad49a082a6b7b2359edb612ce76dbb87e94a3bb7,7610,2026-07-03,True,True,True,True,True,0
10033d592811c7e67caeabf7b2a20a203123ea4c0c47f9c40b041beafb04fc25,2634,2026-07-03,True,True,True,True,True,0
bc545d37d6bdf9cf829d1265e9d0b2e6f8b0776bce00ae19eeee871b305b7afa,7402,2026-07-03,True,True,True,True,True,0
d72b89b2d2ab51a2d070e192121eee590032ad8f25d839fb06fdc3039d9159de,4551,2026-07-03,True,True,True,True,True,0
8e6e05d2526d8145ae5de2cf4a152a5c8a6e0ad2ee3254f8cd60bd56fb62362f,1590,2026-07-03,True,True,True,True,True,0
674676b9b4cf0c58c018eba80168add35a7f56048dcffe6c8b7259189d8a1b1d,4114,2026-07-03,True,True,True,True,True,0
27d3835244a08b7236bc233172322d4f7dad48426dce37f1703943a77021cc6a,6142,2026-07-03,True,True,True,True,True,0
8e05c1b33cf9505c46983051e5f4344a4360e0790ae1e268acc628b4e813f8b0,3532,2026-07-03,True,True,True,True,True,0
00924e521ba9c8b8f15d4fb9f3209f1d7e1ce144aab24e43d848d43a43b160d1,1714,2026-07-03,True,True,True,True,True,0
683a99ee2f234b381e22db52164aa3494e0173ecadfdd5aa24972c45a0fc69d6,1304,2026-07-03,True,True,True,True,True,0
fdd2d2eb34ca0edca44815ddbdf5637f9674d1e4c6ddbd23c9f59913bc89767e,6477,2026-07-03,True,True,True,True,True,0
9c033f748b99e8b9a7267f63c817c7c3ce3b6ff4737321c898f0329e8e0d6e88,6409,2026-07-03,True,True,True,True,True,0
595a8e278badc98b1b3d5794bb9d4d6861581a4c262e9aa51cbeddd3094ee538,8109,2026-07-03,True,True,True,True,True,0
89bfd9de1065da7f16af79b5ac36fac9cc3e83e3bc265e284d88e1fe73ae2930,4572,2026-07-03,True,True,True,True,True,0
b11cdf781af8b3866f579ca79b77b9abff8ee43c6d705f760ef67e4c94797f7c,2383,2026-07-03,True,True,True,True,True,0
77d6b681032e168814cafab31b066dab6fd94de23bf6a52405ffe54f46b78598,1314,2026-07-03,True,True,True,True,True,0
76fe5969a469a3daf68fc9ec1688f30a775a115163a3b54a329de15b8492b09e,1717,2026-07-03,True,True,True,True,True,0
9d30142c8fcc797ad481eaa980aa16a94ef1c6e894e8f03c5b8c4336103505d9,4123,2026-07-03,True,True,True,True,True,0
62bea11a38575863a508d166c97bd1ed5a227b59d9248fa9725306d2414dea3c,1474,2026-07-03,True,True,True,True,True,0
be9a67df3a50e250166b9155fd34648c82099089c92eeb8dc844d9d0101fe974,4556,2026-07-03,True,True,True,True,True,0
bcf46f3b52b51dd7bf9cc395cf45c177ed0fa109ab17e026a6a08521a96f8caf,2208,2026-07-03,True,True,True,True,True,0
77e2cb816eae58035c296d6f9c561bf0391f01147eefd39ca739062156cb8a29,2061,2026-07-03,True,True,True,True,True,0
c12bdfdaa46c8d0bd7702602144321df6a3ff5dafc3e9c069ce34c25c431efc5,6257,2026-07-03,True,True,True,True,True,0
7cbe793216734920ba429d2e8ff13c1f850180b046ed678a73431dab621d8003,6753,2026-07-03,True,True,True,True,True,0
d6fa311f5c3f40fd41c0d18982f184dd018db5f3b61979089f063c4b926d8065,1301,2026-07-03,True,True,True,True,True,0
561da3b3de6f08e79a7049784fcc148d0e9bc22c4307484421e227d59527f035,6573,2026-07-03,True,True,True,True,True,0
2ba36cd93aefd92cf3971e05387ceeb094e680884034fd15f932d59d59ef5a1e,4564,2026-07-03,True,True,True,True,True,0
a5f7eb961b72ee4ac7f16e1e61cf25fd3f0902e52a08b0fde16c8338d6043bce,3596,2026-07-03,True,True,True,True,True,0
f99eaaedf5dadb49a7f7ba7311931e999b8cb52dd2ef93a631eb513cb8d2959c,2511,2026-07-03,True,True,True,True,True,0
0d9b76b0355c735d0233c260549d131d77c17e6c4ad2364df606c31cf7240c61,2601,2026-07-06,True,True,True,True,True,0
21ef32e90695e838a6ae17e03837c06d298e714842bd99e27736f3beac8789fa,6799,2026-07-06,True,True,True,True,True,0
c6748cf1e0a0ed92a83c3d871c5ceb65b25953ba9ca067b9d793d11e4d276740,2617,2026-07-06,True,True,True,True,True,0
7de3cd7cc3f502b8ce5f73383987c157ae1d093066b8039148b7be240f7b4f49,5299,2026-07-06,True,True,True,True,True,0
f37e3a64988503f067bf244013cc6a8711d1c772be203fe24a0e7950beee3ae2,2527,2026-07-06,True,True,True,True,True,0
3a1fcdeec02753e2e5c263385e139b8407d496d598a05c5aa7223c1ff938bf34,6781,2026-07-06,True,True,True,True,True,0
78c838d82307a78aad502b1130a4ae59e950583cd1b3decd0f9228c83ea1b392,6603,2026-07-06,True,True,True,True,True,0
70e4aafb0d0459a25b039bd921e0bd66d3cd83407d37e93d6ffca6d31eb52fb9,3675,2026-07-06,True,True,True,True,True,0
8617d6a1a1e1598ac4f140a8bec76c524aa8468a360d0ed6dd793186093cfd17,4127,2026-07-06,True,True,True,True,True,0
fc3337b7db569f2714ce1334ff83853adba28c57d84f38ec0b8117f91317d722,1909,2026-07-06,True,True,True,True,True,0
904ace9699e6eb7cbf6066f3a6bffdafa69353070653d161446ac4fa921d9ce9,3317,2026-07-06,True,True,True,True,True,0
59eab12aafe78eb5c7d9c1eb8927a973a15edd9847de624513bb35e4b82340cc,5302,2026-07-06,True,True,True,True,True,0
638eaf9bcb19c06611869a6e6468e0677d71bb315a548e839af4062c67e0553d,8096,2026-07-06,True,True,True,True,True,0
0821bb89cef929b87c27f3485d6f320ea7d5d164acc4f0dbb4d9d07e0fc01b66,8131,2026-07-06,True,True,True,True,True,0
7e3ed76f19b43516e43b5f0735278fc01c19ac105e1bdd376d9aa1f1a0a8f8e9,2630,2026-07-06,True,True,True,True,True,0
6ccf6828744ad20886129901e862be53f1e740b9870303ff435220e0d4b6d13c,2351,2026-07-06,True,True,True,True,True,0
99cfe5b18624e4d9a50d8340ed02c141a86b51954a13713d6e403acac3eaca90,6179,2026-07-06,True,True,True,True,True,0
37e93176f0aa08a847ff3fb5bba2d78443c71c0955bbe38e2dea6bc557c61866,2466,2026-07-06,True,True,True,True,True,0
ea421bb4f182a2bf7718e310653acb33ee376d544f6fb550e3babb387c192b8e,6129,2026-07-06,True,True,True,True,True,0
4033e1891483cbba1b29e557770d72fa1cfca9a4d252f539f71273dcc0800301,2611,2026-07-06,True,True,True,True,True,0
a82a9a137e0ac22e3719d02268e60e0749df99f3e85eaf57fa6f03240d0489cf,5425,2026-07-06,True,True,True,True,True,0
04116b5db5f7e10dfff27005b7ef5fb8466405cfa2558f576e799b19974e79e4,8038,2026-07-06,True,True,True,True,True,0
b706d0525f52f305a570837b641deb4c90739468c6b9e9bb6e75b84cf9e79738,6693,2026-07-06,True,True,True,True,True,0
b9161ec9671eb03797e4701ab233fa42e409fab30779a5c329436d25fbe28d1b,6259,2026-07-07,True,True,True,True,True,0
10545532e87fb2d878ab8ab21275deee092c5a271d40e38743713f1fcde2b0b0,6416,2026-07-07,True,True,True,True,True,0
88b39b3a0696baf8ee2eaf433def2e4b85328d4b5a49f9f711b4bf84f1726161,2332,2026-07-08,True,True,True,True,True,0
b4315330ac0c8ddcc8ffa51e0bdf84b524aa1f053ad7af5f49671c71da4f59c9,3617,2026-07-08,True,True,True,True,True,0
86238d7471d977a1935ca1c9f3ffa24d3f400278bd720b46a509566ce0f0e95a,5488,2026-07-09,True,True,True,True,True,0
3ce9eb78659259e0ee1fac97a0491f7b99863df4c5f5a6e1803b1a7eb18b3603,3558,2026-07-09,True,True,True,True,True,0
361fb85a7282e5b289c2d17752d9221a79ac516bae6562622853077449cbc9b2,6142,2026-07-09,True,True,True,True,True,0
fbefff939eae460afabffafc76627000fd1bcf9a0eac6b55793ee55226c0f570,1536,2026-07-09,True,True,True,True,True,0
85e04ecaa19135842c313c57e2f6f4bac919165f138643172267ff287ee20e2e,5471,2026-07-09,True,True,True,True,True,0
ab797b679e6d28c67112d8d794a26d25525cf35de4a2a007f5c432db737fd014,2465,2026-07-09,True,True,True,True,True,0
94c479adf3b9c0616d103413412267fb97b159c07cf67a2b4324bd1baba096e0,1709,2026-07-13,True,True,True,True,True,0
870f3f0525e9cd4de98adb8991fe9d3990303e36fe467044e768c8a9ae75f94e,6241,2026-07-13,True,True,True,True,True,0
510a8f78cf083ac7823fd02e9ca5af398d256afc81dc414e78751924f817adf4,2332,2026-07-13,True,True,True,True,True,0
6af02e94c8a91ae4780171096baacb83ca86b709b21a1ce7901c6048fd81fa01,4513,2026-07-13,True,True,True,True,True,0
e72b74a72f6c440b29a33291c68c716d4c17b8286912ec998337a7e0fda1e8fe,2377,2026-07-13,True,True,True,True,True,0
dbcd0ad2f9368c68bb311ee079225c2f93ba3914f66c611888a5d252fe98e25a,3230,2026-07-13,True,True,True,True,True,0
c13b130f61a4886d10c8c9d3cdf976212d15485a0060c03afb46c33ff6f3bd0a,3702,2026-07-13,True,True,True,True,True,0
d23195695e3925927e20fb5877d8de4e7631b5ec7e53c3007e70ab465ba42547,4564,2026-07-13,True,True,True,True,True,0
73d76684c033cd1e63ef6e63802ed93802b57ff19d779c49b384f4a59aa8e282,2630,2026-07-14,True,True,True,True,True,0
7507a2406fa87203a2144c5058a46a0e68cc0db954161b61108fdc9a37b6319d,9921,2026-07-14,True,True,True,True,True,0
51c3d6d169e6c606954724408b4e4d1650655d2d55a29082509167e7061a55a1,3055,2026-07-15,True,True,True,True,True,0
e639dc196fc6da1db9e2f2b5277053b76e4cc49debf88aa2af9ee3168e56a75f,5388,2026-07-15,True,True,True,True,True,0
c6c078f9ac15c4a653156a265691b19ba271fc5b66f363474b1d5f60311bea0d,1301,2026-07-15,True,True,True,True,True,0
284e7d672ccd0c3728868942e8cbddb57280fc81726fab8721fbfe7d3308e63d,2348,2026-07-16,True,True,True,True,True,0
3ac74b3e77c5d33c441e9f4529c278adc2b40be771207ffba6c9d97aa4075819,6141,2026-07-16,True,True,True,True,True,0
1d38008e97e16ddd7e5307417877be08ca17ed289fae25b13b2a052fb966d8ad,6243,2026-07-16,True,True,True,True,True,0
aebb1c3f4bfef3d5e2882c4014fc9ffd3e8760b7c537accf941a3b33432fad86,3288,2026-07-17,True,True,True,True,True,0
8384aef9b01632a1df6bd0ffe4f42bbb1911e7fbd10bdc5d960ff97e763dbb2b,5288,2026-07-21,True,True,True,True,True,0
41b23e22eb4956a7d4143fa80b52b2b66c92b32d30dfd0ec2c22c53605fd0ede,2615,2026-07-21,True,True,True,True,True,0
e5579d6414b71e2f942af046a5ec6d92867df8be8b8d2e58bddc541a9248e960,6416,2026-07-22,True,True,True,True,True,0
9f81aa2b0cc681558f25b298a50e29246908fa6a6c0ad0cea2a1feef53e62f3b,2377,2026-07-22,True,True,True,True,True,0
651a733c8156182fd988b56deaace66c9ad53302ed1b083dfb566a341e38f094,2376,2026-07-23,True,True,True,True,True,0
0aace95ee2a184b96216acd5b45e3e3a13027f0e45f19581f398b4abc344a6b1,3088,2026-07-23,True,True,True,True,True,0
be79d4db4a53fa97b65476443dc3011c00876843d03c9f4d43ccb44a2aa3aa01,2605,2026-07-23,True,True,True,True,True,0
e85d05991a0c93ac349533b51abb39ab6e9dc05ec12c49287c91a594801b5132,1537,2026-07-24,True,True,True,True,True,0
6ab834bde0224ce9423b65f65d5a8b608b0dd62b3a73ab6313b6d3d9672cf3a1,1101,2026-07-28,True,True,True,True,True,0
c2fdf4662789b0394ab60e0f63cd723f3ada06b55ef30b17289464a26b77fe1f,2539,2026-07-29,True,True,True,True,True,0
77995ae62c7d2c17f480d16ffbfaf0b984f5b12aa9fd77931b30a02eb39a6cbf,1438,2026-07-30,True,True,True,True,True,0
e1c903609db32b9d3d652febe604cedb32065b482528d8c2680fe13e540a1dc2,3029,2026-07-31,True,True,True,False,True,0
28b314d4f75c45cc88bfdd1cb2629353230fa23334d8f7a01bd6dd163f348748,2059,2026-08-04,True,True,True,False,True,0
fc1a75398e9a650bf256967cc33d9cf874c42f5caca086e48505bd9f33c057ac,7750,2026-08-04,True,True,True,False,True,0
1f491cb551437f4001799d120673bfc49da6cd1b0f3512d5ef4c2251d0c2f008,2301,2026-08-04,True,True,True,False,True,0
6afc60f5a2213d4487773d204eb194723cad78072dceef26f0c02b41b225bf25,3008,2026-08-05,True,True,True,False,True,0
a49acd63444a58036f5f1bf025d41c7229d695cb0e94a101a213bd5c80549f78,1451,2026-08-05,True,True,True,False,True,0
21d8d3e913b056dd619543453436579e28dd79519aed3e0f8a622b78a2030002,3022,2026-08-05,True,True,True,False,True,0
6b4442e825523c85468572f22b9d74c29b15309dd2104f6d72dfd5f497183cfd,4967,2026-08-05,True,True,True,False,True,0
9fd0c7774f1001dae92a664893b24940d6361fc4974e68767ffbbc8eb99c841a,3702,2026-08-05,True,True,True,False,True,0
d0e10f0586caead8237ff327bcbf958ec3669e4fc0a893296932b6fcbd7085d4,3605,2026-08-05,True,True,True,False,True,0
76c1c0674ea3633dec69f1944c33bfe04fbc1a68d84946ba5db24c1ffd3de9ad,3017,2026-08-06,True,True,True,False,True,0
a5b92a19d52a43454db047f53d2dc9435295e159beca781fdd48e35263c5f58e,3260,2026-08-06,True,True,True,False,True,0
6a0196efc524ec333f61cc99789e3e2681c8ef5ea512043976213ab3f46dbbc0,2535,2026-08-06,True,True,True,False,True,0
a56045de14cdf0037060babffd82cf0b55bc57166cd511df400864448b093735,2354,2026-08-06,True,True,True,False,True,0
b6475b4ba89cdbda6f7a9b11070370fd3961fb1861bd7621f24faa71e365c41c,6805,2026-08-06,True,True,True,False,True,0
0ca7bb9927efb210f49748f6be22a95b857d72b434f16baa5fc9cd60e9c6e1c5,2464,2026-08-06,True,True,True,False,True,0
d39d26782872ffa9b894be92788e8175c045bdee88f566040bdc1ee53fd59241,2606,2026-08-07,True,True,True,False,True,0
4d227cea81795700f86e331ae0312810f48ce28db702a3d0bfebc3f54b33cd25,6279,2026-08-07,True,True,True,False,True,0
76e0d2999327d3df82c3d1bdb9b01a8873416566fa7be02aa46a224749cdf0d7,1451,2026-08-07,True,True,True,False,True,0
40a8983067e3861b99c7ed15e381862387136c8eb0b3d7719b6b1562212f0fd9,4561,2026-08-07,True,True,True,False,True,0
02e3d144a87dc5da3e221fcebfe9d1fa543307ddeaf837b18d0ddcac7e9ba066,2101,2026-08-07,True,True,True,False,True,0
8833feacfc91d9949764cc07df4ed0fa341ec5bcb90b243b1da6eb2c55b1078f,9921,2026-08-07,True,True,True,False,True,0
b17e05749f343c7c2a930562c6478a2829347ea33de905b548a085b3e0e4f139,6108,2026-08-07,True,True,True,False,True,0
4567d67d9be1f8c977b6d4aaf1f10413cc27c4a632c0a3237aaa7d0079df68ec,2603,2026-08-10,True,True,True,False,True,0
96b385f0c3913a849dcf320a54c33cb4730e7dc8c2c28e658fecca271c77f9d7,2025,2026-08-10,True,True,True,False,True,0
08cfe9900c6a4bb2d3b23ddca077da5af6cddc0133bf18c0fb3a2d40857c3f71,3022,2026-08-10,True,True,True,False,True,0
c2516d17bce10ec11a9e592064033e3c4c15b210ebdf488c3ad91cb1d6609b7c,2465,2026-08-10,True,True,True,False,True,0
c383a362bb29fe42521aa0c657fa32d4e839615533c6c4ccb8587f5f410086b5,6419,2026-08-11,True,True,True,False,True,0
dcdf62399e89d567a7503724800a1ce4a6d72fa85cfb2c37256baed45ced1fe3,8112,2026-08-11,True,True,True,False,True,0
3d1e4ef9517c939aa0f68a2abe9a379fbd5a1133ee3eb6877d92bc62107db149,9921,2026-08-11,True,True,True,False,True,0
d8a6b2ef8c0c34063efe0cd5af7516baf1f292813c19e6f46703d151d7d2c90e,5426,2026-08-11,True,True,True,False,True,0
7de5fbe7356fb4c2ae727e5618c3f04a83e12c5fc7a8b86b278f056413db7cfa,6108,2026-08-11,True,True,True,False,True,0
72fd2597985d76a6a53ee372822ebf8e9187ae3591890effdba650fe6a2e9bdd,5515,2026-08-12,True,True,True,False,True,0
2e946badd8ddb1c71de93c9528ca6cb60e484d8b2d8ef214f6e24769c4517fc0,2324,2026-08-12,True,True,True,False,True,0
f3aa0aaae50fe491d346be79a04ac9aa8d61ba263deee8e87b2618649c301631,3490,2026-08-12,True,True,True,False,True,0
7006dcb3287fb2b811bdfc068028d6bde6ef7df4f145647a2d5e10f13d261acf,1714,2026-08-12,True,True,True,False,True,0
0b9ad70cef5a6f865f011641d9be39ab495c473c0d7a0f40ac3f05f109bc94e1,5607,2026-08-12,True,True,True,False,True,0
5a986bc0f9a5bc3a48c6c9a12148304a9299303746d5d14503b1cbe073ba07e7,2377,2026-08-12,True,True,True,False,True,0
63dfe118314e7379c8a1d80d7b3a28da93e356cc96ab3a06e56abe945930d42f,4561,2026-08-12,True,True,True,False,True,0
45f873125976b92f78e81698320d200256fa6ada1b260ac667573bd5676d75d0,5468,2026-08-12,True,True,True,False,True,0
e60d2f61bafa53f8b1f7cf3b275239c541c7ceb1e8c13027666623c66cfe0221,6532,2026-08-13,True,True,True,False,True,0
ed82986169210a91c897b1456fa9e03887e04408cd171b6fd85e64f1fccdfe19,3312,2026-08-13,True,True,True,False,True,0
b83765e31401e548d08243726948252785ad791d1ba07eaacd1644dc185e4577,3017,2026-08-13,True,True,True,False,True,0
cddd0877b26bb9c43f5b9c25b706140410ba72b6c315c737464f304cf8fa78eb,2542,2026-08-13,True,True,True,False,True,0
f5588acd2378881d13565fb674435a5c3db20d26f010d12b59944c691a16887b,1709,2026-08-13,True,True,True,False,True,0
4117dec67ec750e3361d36c8d14db150f8a22f3438f38ed6b78b6aef5f4ae941,8996,2026-08-13,True,True,True,False,True,0
54a925686fc2a83db6c47be1e316773d9fed6e76fb30bfbd3c23202792a3bff9,2611,2026-08-13,True,True,True,False,True,0
781257fe3546123b665b712b79f97a66761267364fbb3795f4241f7ea3c119eb,6108,2026-08-13,True,True,True,False,True,0
