stratum,feature_family,feature_id,relative_day,n_success,n_control,success_mean,control_mean,success_median,control_median,median_difference,mean_difference,standardized_mean_difference,distribution_overlap,trimmed_mean_difference,outlier_dependence,market_direction_consistency,temporal_direction_consistency,classification,classification_reason,outcome_derived_feature_used
T5_GE_3,TREND_STRUCTURE,close_vs_ma5,-20,6785,6785,0.0007971759141966043,0.0004108935415424179,-0.002242152466367798,-0.0019960079840318935,-0.0002461444823359045,0.00038628237265418637,0.012348866497945097,0.96418570375829,-6.300030384937482e-05,0.16309391344081578,0.5,0.5,NO_CLEAR_SIGNAL,effect_below_predeclared_discovery_floor,False
T5_GE_3,TREND_STRUCTURE,close_vs_ma5,-10,6785,6785,0.002935394796322953,0.003172269785679216,0.0,0.0,0.0,-0.0002368749893562629,-0.0072820881294633185,0.959322033898305,0.00020121943045723842,0.8494752063275111,0.5,0.5,NO_CLEAR_SIGNAL,effect_below_predeclared_discovery_floor,False
T5_GE_3,TREND_STRUCTURE,close_vs_ma5,-5,6785,6785,-0.01553873861032279,-0.0027222737321112743,-0.011324041811846666,-0.003898635477582763,-0.007425406334263904,-0.012816464878211517,-0.46418716403477933,0.8501105379513634,-0.009490641197721833,0.7405038197277228,0.0,0.0,REGIME_CONFOUNDED,market_or_temporal_direction_is_not_consistent,False
T5_GE_3,TREND_STRUCTURE,close_vs_ma5,-3,6785,6785,-0.014205076691223726,-0.006925806065261376,-0.010314341846758392,-0.005649717514124173,-0.004664624332634219,-0.0072792706259623505,-0.24313599862382715,0.8402358142962416,-0.005491247628092073,0.754367835770099,0.0,0.0,REGIME_CONFOUNDED,market_or_temporal_direction_is_not_consistent,False
T5_GE_3,TREND_STRUCTURE,close_vs_ma5,-1,6785,6785,-0.020845212459351146,-0.008317571507600019,-0.013828238719068377,-0.0064891474602819235,-0.007339091258786454,-0.012527640951751127,-0.38717457075169337,0.8324244657332347,-0.00985750335148881,0.7868603027061466,0.0,0.0,REGIME_CONFOUNDED,market_or_temporal_direction_is_not_consistent,False
T5_GE_3,TREND_STRUCTURE,close_vs_ma5,0,6785,6785,-0.03494014263538355,-0.016217258530331437,-0.023713420787083696,-0.011714589989350464,-0.011998830797733232,-0.018722884105052115,-0.5005434786586389,0.7870302137067057,-0.014025127263978792,0.7490901073405835,0.0,0.0,REGIME_CONFOUNDED,market_or_temporal_direction_is_not_consistent,False
T5_GE_3,TREND_STRUCTURE,close_vs_ma10,-20,6785,6785,0.004018980261563703,0.0027417891708218026,-0.0017953321364452678,-0.0028181226967266973,0.0010227905602814295,0.0012771910907419005,0.025916391049030808,0.9671333824613115,0.0007482263191119333,0.5858374087759258,1.0,1.0,NO_CLEAR_SIGNAL,effect_below_predeclared_discovery_floor,False
T5_GE_3,TREND_STRUCTURE,close_vs_ma10,-10,6785,6785,0.004548013830334273,0.0053381744133701985,-0.0003661662394726478,-0.0004052411184655023,3.907487899285452e-05,-0.0007901605830359258,-0.01572590013296901,0.9655121591746496,3.831342240117122e-05,0.04848814687005116,0.0,0.5,REGIME_CONFOUNDED,market_or_temporal_direction_is_not_consistent,False
T5_GE_3,TREND_STRUCTURE,close_vs_ma10,-5,6785,6785,-0.022138326169770243,-0.002356713821479891,-0.017013232514177624,-0.005969058350590925,-0.011044174163586698,-0.019781612348290352,-0.4763153811586505,0.8465733235077375,-0.013903009891863327,0.7028249086614474,0.0,0.0,REGIME_CONFOUNDED,market_or_temporal_direction_is_not_consistent,False
T5_GE_3,TREND_STRUCTURE,close_vs_ma10,-3,6785,6785,-0.02824934925832174,-0.00999860138093911,-0.02187720536344386,-0.009427121102248089,-0.01245008426119577,-0.01825074787738263,-0.41256704572778363,0.7885040530582165,-0.014327309175002509,0.7850258669540732,0.0,0.0,REGIME_CONFOUNDED,market_or_temporal_direction_is_not_consistent,False
T5_GE_3,TREND_STRUCTURE,close_vs_ma10,-1,6785,6785,-0.039434644971978045,-0.013890018337818609,-0.029173223580680262,-0.012180877690639027,-0.016992345890041234,-0.025544626634159434,-0.5257097198070655,0.7607958732498156,-0.020791268339554476,0.8139194452641343,0.0,0.0,REGIME_CONFOUNDED,market_or_temporal_direction_is_not_consistent,False
T5_GE_3,TREND_STRUCTURE,close_vs_ma10,0,6785,6785,-0.056109010976755934,-0.024151801308522004,-0.04039167686658507,-0.018971116048538704,-0.021420560818046365,-0.03195720966823393,-0.5803326264744049,0.7647752394988945,-0.025545022211351482,0.7993508343359439,0.0,0.0,REGIME_CONFOUNDED,market_or_temporal_direction_is_not_consistent,False
T5_GE_3,TREND_STRUCTURE,close_vs_ma20,-20,6785,6785,0.009831448533715094,0.007220153774857661,-0.002105263157894737,-0.002454590083456063,0.000349326925561326,0.0026112947588574336,0.0358168977941991,0.963890935887988,0.0018028863686595687,0.6904185605796634,1.0,1.0,NO_CLEAR_SIGNAL,effect_below_predeclared_discovery_floor,False
T5_GE_3,TREND_STRUCTURE,close_vs_ma20,-10,6785,6785,0.009089964021988113,0.009092911827208975,-0.002198802031996354,-0.0023752969121140634,0.0001764948801177093,-2.947805220861882e-06,-3.958906943286706e-05,0.9691967575534264,0.00016350808547129295,55.46773725554577,0.5,0.5,NO_CLEAR_SIGNAL,effect_below_predeclared_discovery_floor,False
T5_GE_3,TREND_STRUCTURE,close_vs_ma20,-5,6785,6785,-0.02311551296235721,0.0006732584130186199,-0.020047396400435506,-0.007470651013874096,-0.01257674538656141,-0.023788771375375828,-0.3807587476161302,0.8738393515106854,-0.0166115636969626,0.6982943101532987,0.0,0.0,REGIME_CONFOUNDED,market_or_temporal_direction_is_not_consistent,False
T5_GE_3,TREND_STRUCTURE,close_vs_ma20,-3,6785,6785,-0.03352053306148226,-0.007965504057405166,-0.028637770897832756,-0.012102448634956367,-0.01653532226287639,-0.025555029004077096,-0.40171455062763056,0.8443625644804715,-0.01923944875693305,0.7528635069779632,0.0,0.0,REGIME_CONFOUNDED,market_or_temporal_direction_is_not_consistent,False
T5_GE_3,TREND_STRUCTURE,close_vs_ma20,-1,6785,6785,-0.05073927936765509,-0.014164532795593108,-0.03997994736182494,-0.016129032258064516,-0.023850915103760424,-0.036574746572061986,-0.5418881890126989,0.8063375092114958,-0.029298391086128465,0.8010552042623955,0.0,0.0,REGIME_CONFOUNDED,market_or_temporal_direction_is_not_consistent,False
T5_GE_3,TREND_STRUCTURE,close_vs_ma20,0,6785,6785,-0.07175590331340431,-0.02651129327702924,-0.05495088930183167,-0.02382604672680995,-0.031124842575021718,-0.045244610036375074,-0.6129165357839426,0.7619749447310242,-0.03614600410365639,0.7989018818947997,0.0,0.0,REGIME_CONFOUNDED,market_or_temporal_direction_is_not_consistent,False
T5_GE_3,TREND_STRUCTURE,close_vs_ma60,-20,6278,6292,0.029756221931759915,0.01904755128182956,-0.0039752401711909335,-0.007295626217570478,0.003320386046379544,0.010708670649930356,0.0728966630772651,0.94987020133274,0.007702103328702796,0.7192399113285725,1.0,1.0,NO_CLEAR_SIGNAL,effect_below_predeclared_discovery_floor,False
T5_GE_3,TREND_STRUCTURE,close_vs_ma60,-10,6390,6405,0.03118197885718887,0.024679399384619063,-0.00033163088246207517,-0.0020218358269308533,0.0016902049444687782,0.006502579472569808,0.04570964319873593,0.9608587774369349,0.0037505582531999794,0.5767800715118004,1.0,0.5,NO_CLEAR_SIGNAL,effect_below_predeclared_discovery_floor,False
T5_GE_3,TREND_STRUCTURE,close_vs_ma60,-5,6578,6586,-0.008399771370890577,0.014936486815889613,-0.023031835397528296,-0.007602077032051808,-0.015429758365476488,-0.02333625818678019,-0.19296163514304804,0.9238007928774905,-0.017820494772071472,0.7636397673285361,0.0,0.0,REGIME_CONFOUNDED,market_or_temporal_direction_is_not_consistent,False
T5_GE_3,TREND_STRUCTURE,close_vs_ma60,-3,6688,6691,-0.022621728798151115,0.005019486277671314,-0.03370939697813634,-0.01490451793199811,-0.01880487904613823,-0.02764121507582243,-0.2335735587341805,0.9208916909023691,-0.020767634977898953,0.7513285838170064,0.0,0.0,REGIME_CONFOUNDED,market_or_temporal_direction_is_not_consistent,False
T5_GE_3,TREND_STRUCTURE,close_vs_ma60,-1,6785,6785,-0.044009738191979224,-0.0025221113634055687,-0.046719036087649934,-0.019968933655740064,-0.02675010243190987,-0.041487626828573654,-0.35768494043752924,0.8760501105379513,-0.032595751899916925,0.7856740525217834,0.0,0.0,REGIME_CONFOUNDED,market_or_temporal_direction_is_not_consistent,False
T5_GE_3,TREND_STRUCTURE,close_vs_ma60,0,6785,6785,-0.06844307393248067,-0.016338903461246078,-0.0623260416881431,-0.02874259129437265,-0.03358345039377045,-0.05210417047123459,-0.44938866168458635,0.8508474576271184,-0.04019312650570896,0.7713994127955378,0.0,0.0,REGIME_CONFOUNDED,market_or_temporal_direction_is_not_consistent,False
T5_GE_3,TREND_STRUCTURE,distance_to_ma20,-20,6785,6785,0.009831448533715094,0.007220153774857661,-0.002105263157894737,-0.002454590083456063,0.000349326925561326,0.0026112947588574336,0.0358168977941991,0.963890935887988,0.0018028863686595687,0.6904185605796634,1.0,1.0,NO_CLEAR_SIGNAL,effect_below_predeclared_discovery_floor,False
T5_GE_3,TREND_STRUCTURE,distance_to_ma20,-10,6785,6785,0.009089964021988113,0.009092911827208975,-0.002198802031996354,-0.0023752969121140634,0.0001764948801177093,-2.947805220861882e-06,-3.958906943286706e-05,0.9691967575534264,0.00016350808547129295,55.46773725554577,0.5,0.5,NO_CLEAR_SIGNAL,effect_below_predeclared_discovery_floor,False
T5_GE_3,TREND_STRUCTURE,distance_to_ma20,-5,6785,6785,-0.02311551296235721,0.0006732584130186199,-0.020047396400435506,-0.007470651013874096,-0.01257674538656141,-0.023788771375375828,-0.3807587476161302,0.8738393515106854,-0.0166115636969626,0.6982943101532987,0.0,0.0,REGIME_CONFOUNDED,market_or_temporal_direction_is_not_consistent,False
T5_GE_3,TREND_STRUCTURE,distance_to_ma20,-3,6785,6785,-0.03352053306148226,-0.007965504057405166,-0.028637770897832756,-0.012102448634956367,-0.01653532226287639,-0.025555029004077096,-0.40171455062763056,0.8443625644804715,-0.01923944875693305,0.7528635069779632,0.0,0.0,REGIME_CONFOUNDED,market_or_temporal_direction_is_not_consistent,False
T5_GE_3,TREND_STRUCTURE,distance_to_ma20,-1,6785,6785,-0.05073927936765509,-0.014164532795593108,-0.03997994736182494,-0.016129032258064516,-0.023850915103760424,-0.036574746572061986,-0.5418881890126989,0.8063375092114958,-0.029298391086128465,0.8010552042623955,0.0,0.0,REGIME_CONFOUNDED,market_or_temporal_direction_is_not_consistent,False
T5_GE_3,TREND_STRUCTURE,distance_to_ma20,0,6785,6785,-0.07175590331340431,-0.02651129327702924,-0.05495088930183167,-0.02382604672680995,-0.031124842575021718,-0.045244610036375074,-0.6129165357839426,0.7619749447310242,-0.03614600410365639,0.7989018818947997,0.0,0.0,REGIME_CONFOUNDED,market_or_temporal_direction_is_not_consistent,False
T5_GE_3,TREND_STRUCTURE,ma5_slope_5,-20,6785,6785,0.007487161500262249,0.005577718491747209,-0.001007387508394934,-0.0023455824863174357,0.0013381949779225017,0.0019094430085150405,0.033145064680702906,0.9591746499631539,0.0016913722019923636,0.8857934981299762,1.0,1.0,NO_CLEAR_SIGNAL,effect_below_predeclared_discovery_floor,False
T5_GE_3,TREND_STRUCTURE,ma5_slope_5,-10,6785,6785,0.004086834213500928,0.005038445283537099,-0.001269035532994972,-0.0013031013812873902,3.4065848292418304e-05,-0.0009516110700361711,-0.01718259347757616,0.9677229182019158,-0.000406808790436162,0.42749480669734014,0.0,0.0,REGIME_CONFOUNDED,market_or_temporal_direction_is_not_consistent,False
T5_GE_3,TREND_STRUCTURE,ma5_slope_5,-5,6785,6785,-0.012507237885019116,0.0016280878570488243,-0.010714285714285645,-0.0032541490400260793,-0.007460136674259566,-0.01413532574206794,-0.283425050305197,0.9083271923360352,-0.009292299421377858,0.6573813430930127,0.0,0.0,REGIME_CONFOUNDED,market_or_temporal_direction_is_not_consistent,False
T5_GE_3,TREND_STRUCTURE,ma5_slope_5,-3,6785,6785,-0.027540736636900008,-0.005573310525444447,-0.021197929504560006,-0.008617832283725606,-0.0125800972208344,-0.021967426111455562,-0.4725841880935219,0.8187177597641856,-0.015585836787095908,0.709497631084245,0.0,0.0,REGIME_CONFOUNDED,market_or_temporal_direction_is_not_consistent,False
T5_GE_3,TREND_STRUCTURE,ma5_slope_5,-1,6785,6785,-0.03714192375779192,-0.010616273619993573,-0.029000517866390407,-0.011403508771929841,-0.017597009094460568,-0.026525650137798347,-0.556380362937762,0.7534266764922624,-0.020874389764561525,0.7869511079321699,0.0,0.0,REGIME_CONFOUNDED,market_or_temporal_direction_is_not_consistent,False
T5_GE_3,TREND_STRUCTURE,ma5_slope_5,0,6785,6785,-0.04318404836668375,-0.015429023424909904,-0.03323558162267838,-0.01448040885860306,-0.01875517276407532,-0.027755024941773843,-0.5495319627857956,0.7859985261606484,-0.02220021537612274,0.7998629229372225,0.0,0.0,REGIME_CONFOUNDED,market_or_temporal_direction_is_not_consistent,False
T5_GE_3,TREND_STRUCTURE,ma20_slope_5,-20,6785,6785,0.005458442149284463,0.004295893772207697,0.0007627765064836293,-0.00025490695895992894,0.0010176834654435582,0.0011625483770767659,0.035669388587430156,0.9602063375092114,0.000779651844071313,0.6706403444747406,1.0,0.5,NO_CLEAR_SIGNAL,effect_below_predeclared_discovery_floor,False
T5_GE_3,TREND_STRUCTURE,ma20_slope_5,-10,6785,6785,0.005264501763376301,0.004429847152422912,-0.00044447736869399415,-8.153281695886764e-05,-0.0003629445517351265,0.0008346546109533892,0.026386178802862807,0.9761238025055267,0.0004584178383172284,0.5492305826880868,1.0,0.5,NO_CLEAR_SIGNAL,effect_below_predeclared_discovery_floor,False
T5_GE_3,TREND_STRUCTURE,ma20_slope_5,-5,6785,6785,-0.00015596873707006325,0.0030317503011938703,-0.003550505947097386,-0.0014148484622831018,-0.002135657484814284,-0.0031877190382639336,-0.10514924716456522,0.9603537214443624,-0.0024275210979856953,0.7615229161813927,0.0,0.0,REGIME_CONFOUNDED,market_or_temporal_direction_is_not_consistent,False
T5_GE_3,TREND_STRUCTURE,ma20_slope_5,-3,6785,6785,-0.004704401298938274,0.001295378693169448,-0.006097101994730917,-0.002336680918763045,-0.003760421075967872,-0.005999779992107722,-0.2083020142296007,0.9212969786293292,-0.004589175766299929,0.7648906747141827,0.0,0.0,REGIME_CONFOUNDED,market_or_temporal_direction_is_not_consistent,False
T5_GE_3,TREND_STRUCTURE,ma20_slope_5,-1,6785,6785,-0.009448176930122256,-0.0005988933900346343,-0.009580121248409557,-0.003642987249544514,-0.0059371339988650434,-0.008849283540087622,-0.3172627612833609,0.8897568165070007,-0.0070080836826118716,0.7919379745111524,0.0,0.0,REGIME_CONFOUNDED,market_or_temporal_direction_is_not_consistent,False
T5_GE_3,TREND_STRUCTURE,ma20_slope_5,0,6785,6785,-0.01265307654084152,-0.002205672437651928,-0.012205557807503526,-0.004663816556548776,-0.00754174125095475,-0.010447404103189593,-0.37469235861392935,0.8483419307295504,-0.00838460040574424,0.802553469065528,0.0,0.0,REGIME_CONFOUNDED,market_or_temporal_direction_is_not_consistent,False
T5_GE_3,TREND_STRUCTURE,ma60_slope_5,-20,6241,6259,0.003928352000643946,0.002076369439835122,-0.00023371766905590019,-0.0012617198546846444,0.0010280021856287442,0.0018519825608088241,0.08909543745236786,0.942995798596088,0.0015181357317738747,0.8197354359054293,1.0,1.0,NO_CLEAR_SIGNAL,effect_below_predeclared_discovery_floor,False
T5_GE_3,TREND_STRUCTURE,ma60_slope_5,-10,6304,6316,0.0036989478691828274,0.0021677411430889196,-0.00018391022841579118,-0.0010351745013229047,0.0008512642729071135,0.0015312067260939079,0.07580226602031512,0.9462705304070238,0.0013089522190929174,0.8548500974992714,1.0,1.0,NO_CLEAR_SIGNAL,effect_below_predeclared_discovery_floor,False
T5_GE_3,TREND_STRUCTURE,ma60_slope_5,-5,6390,6405,0.0021737931100021886,0.0022910512875779004,-0.0008012453145054544,-0.0006699544058807363,-0.00013129090862471805,-0.0001172581775757118,-0.006191018219832212,0.9568793452884887,-2.856328624882933e-05,0.24359312791115534,0.0,0.5,REGIME_CONFOUNDED,market_or_temporal_direction_is_not_consistent,False
T5_GE_3,TREND_STRUCTURE,ma60_slope_5,-3,6395,6409,0.0007992540520774329,0.0019456293662734898,-0.0016418820659567547,-0.0009013585932250796,-0.0007405234727316751,-0.001146375314196057,-0.06267254929307954,0.9506670581867195,-0.0007898177002413327,0.6889695638598298,0.0,0.0,REGIME_CONFOUNDED,market_or_temporal_direction_is_not_consistent,False
T5_GE_3,TREND_STRUCTURE,ma60_slope_5,-1,6410,6423,-0.0007239154983103522,0.0014663764717947408,-0.002662672597313581,-0.0012275628784984844,-0.0014351097188150966,-0.002190291970105093,-0.12254210612220516,0.9515645193766648,-0.0016087053232068096,0.7344707213301895,0.0,0.0,REGIME_CONFOUNDED,market_or_temporal_direction_is_not_consistent,False
T5_GE_3,TREND_STRUCTURE,ma60_slope_5,0,6578,6586,-0.001853279989813487,0.000812639158622466,-0.0035138714860251394,-0.0017936246512306121,-0.0017202468347945273,-0.002665919148435953,-0.15217684433247275,0.9459606264686871,-0.0019902455800952148,0.7465513653191082,0.0,0.0,REGIME_CONFOUNDED,market_or_temporal_direction_is_not_consistent,False
T5_GE_3,TREND_STRUCTURE,ma_alignment_bullish,-20,6785,6785,0.14532056005895358,0.131171702284451,0.0,0.0,0.0,0.014148857774502588,0.04100100559135643,0.9858511422254974,0.017682814514643583,1.24976975501934,1.0,1.0,NO_CLEAR_SIGNAL,effect_below_predeclared_discovery_floor,False
T5_GE_3,TREND_STRUCTURE,ma_alignment_bullish,-10,6785,6785,0.16005895357406041,0.14767870302137068,0.0,0.0,0.0,0.012380250552689737,0.03431619935382998,0.9876197494473102,0.015472462700313133,1.2497697550193425,1.0,0.5,NO_CLEAR_SIGNAL,effect_below_predeclared_discovery_floor,False
T5_GE_3,TREND_STRUCTURE,ma_alignment_bullish,-5,6785,6785,0.05173176123802505,0.12453942520265292,0.0,0.0,0.0,-0.07280766396462787,-0.2589684404616373,0.9271923360353721,-0.03076072941609873,0.4224930143486434,0.0,0.0,REGIME_CONFOUNDED,market_or_temporal_direction_is_not_consistent,False
T5_GE_3,TREND_STRUCTURE,ma_alignment_bullish,-3,6785,6785,0.05114222549742078,0.11142225497420781,0.0,0.0,0.0,-0.06028002947678703,-0.22194345612795258,0.939719970523213,-0.01436728679314791,0.2383423982677471,0.0,0.0,REGIME_CONFOUNDED,market_or_temporal_direction_is_not_consistent,False
T5_GE_3,TREND_STRUCTURE,ma_alignment_bullish,-1,6785,6785,0.03728813559322034,0.10921149594694178,0.0,0.0,0.0,-0.07192336035372143,-0.2787161140548218,0.9280766396462785,-0.01160434702523485,0.16134322657011982,0.0,0.0,REGIME_CONFOUNDED,market_or_temporal_direction_is_not_consistent,False
T5_GE_3,TREND_STRUCTURE,ma_alignment_bullish,0,6785,6785,0.014885777450257922,0.08769344141488578,0.0,0.0,0.0,-0.07280766396462786,-0.33465063780053994,0.9271923360353721,0.0,0.0,0.0,0.0,REGIME_CONFOUNDED,market_or_temporal_direction_is_not_consistent,False
T5_GE_3,TREND_STRUCTURE,ma_alignment_bearish,-20,6785,6785,0.1647752394988946,0.17833456153279292,0.0,0.0,0.0,-0.013559322033898313,-0.035972844699651285,0.9864406779661017,-0.016946030576533433,1.2497697550193398,0.0,0.5,REGIME_CONFOUNDED,market_or_temporal_direction_is_not_consistent,False
T5_GE_3,TREND_STRUCTURE,ma_alignment_bearish,-10,6785,6785,0.16005895357406041,0.16212232866617537,0.0,0.0,0.0,-0.0020633750921149607,-0.005612898893986147,0.997936624907885,-0.0025787437833855176,1.2497697550193376,0.5,0.5,NO_CLEAR_SIGNAL,effect_below_predeclared_discovery_floor,False
T5_GE_3,TREND_STRUCTURE,ma_alignment_bearish,-5,6785,6785,0.2705969049373618,0.20869565217391303,0.0,0.0,0.0,0.061901252763448794,0.14539546087095367,0.9380987472365512,0.07736231350156567,1.2497697550193403,1.0,1.0,PROMISING_DISCOVERY_SIGNAL,bounded_effect_requires_confirmatory_research,False
T5_GE_3,TREND_STRUCTURE,ma_alignment_bearish,-3,6785,6785,0.309653647752395,0.22741341193809875,0.0,0.0,0.0,0.08224023581429626,0.18636537546041892,0.9177597641857037,0.10278135936636579,1.2497697550193398,1.0,1.0,PROMISING_DISCOVERY_SIGNAL,bounded_effect_requires_confirmatory_research,False
T5_GE_3,TREND_STRUCTURE,ma_alignment_bearish,-1,6785,6785,0.38437730287398675,0.25541635961680176,0.0,0.0,0.0,0.128960943257185,0.279161669103494,0.871039056742815,0.16117148646159515,1.2497697550193405,1.0,1.0,ROBUST_DISCOVERY_SIGNAL,bounded_effect_and_cross_segment_consistency,False
T5_GE_3,TREND_STRUCTURE,ma_alignment_bearish,0,6785,6785,0.4585114222549742,0.2937361827560796,0.0,0.0,0.0,0.1647752394988946,0.34518448314044226,0.8352247605011054,0.20593111070178668,1.2497697550193405,1.0,1.0,ROBUST_DISCOVERY_SIGNAL,bounded_effect_and_cross_segment_consistency,False
T5_GE_3,MOMENTUM,RAW_CLOSE_RETURN_5D,-20,6785,6785,0.006177486238544336,0.0045896753212566815,-0.0022988505747126436,-0.0027247956403269754,0.00042594506561433173,0.001587810917287654,0.023198887597348058,0.9622697126013265,0.0007846916826888656,0.49419718314401023,1.0,1.0,NO_CLEAR_SIGNAL,effect_below_predeclared_discovery_floor,False
T5_GE_3,MOMENTUM,RAW_CLOSE_RETURN_5D,-10,6785,6785,0.007776193864636131,0.008525791145557585,0.0011013215859030838,0.0,0.0011013215859030838,-0.0007495972809214539,-0.010616374507636089,0.9607958732498155,0.0003723322247782125,0.4967096789899203,0.0,0.5,REGIME_CONFOUNDED,market_or_temporal_direction_is_not_consistent,False
T5_GE_3,MOMENTUM,RAW_CLOSE_RETURN_5D,-5,6785,6785,-0.030362452030996606,-0.003736147147524438,-0.022813688212927757,-0.007633587786259542,-0.015180100426668217,-0.026626304883472167,-0.48626571425154425,0.8359616801768607,-0.018614664572270904,0.6991080682706989,0.0,0.0,REGIME_CONFOUNDED,market_or_temporal_direction_is_not_consistent,False
T5_GE_3,MOMENTUM,RAW_CLOSE_RETURN_5D,-3,6785,6785,-0.03590483272066715,-0.012209167033459626,-0.027689030883919063,-0.012195121951219513,-0.01549390893269955,-0.023695665687207525,-0.4072381094915589,0.8067796610169491,-0.017558961118392953,0.7410199548802899,0.0,0.0,REGIME_CONFOUNDED,market_or_temporal_direction_is_not_consistent,False
T5_GE_3,MOMENTUM,RAW_CLOSE_RETURN_5D,-1,6785,6785,-0.043697832656232796,-0.014581784437871174,-0.031189083820662766,-0.014857142857142857,-0.01633194096351991,-0.029116048218361622,-0.4718184773958301,0.8122328666175386,-0.021566428555424358,0.7407058950336466,0.0,0.0,REGIME_CONFOUNDED,market_or_temporal_direction_is_not_consistent,False
T5_GE_3,MOMENTUM,RAW_CLOSE_RETURN_5D,0,6785,6785,-0.06119379701123773,-0.027914736221920755,-0.045307443365695796,-0.022222222222222223,-0.023085221143473573,-0.03327906078931697,-0.4894383386227343,0.8138540899042003,-0.026052810179651484,0.7828589377743133,0.0,0.0,REGIME_CONFOUNDED,market_or_temporal_direction_is_not_consistent,False
T5_GE_3,MOMENTUM,RAW_CLOSE_RETURN_20D,-20,6785,6785,0.025813143520414968,0.020388413838167172,-0.0027063599458728013,-0.0038314176245210726,0.0011250576786482713,0.005424729682247796,0.037356081220955815,0.9635961680176858,0.0028486605109500863,0.5251248777007654,1.0,0.5,NO_CLEAR_SIGNAL,effect_below_predeclared_discovery_floor,False
T5_GE_3,MOMENTUM,RAW_CLOSE_RETURN_20D,-10,6785,6785,0.028788774718588483,0.02460306410104219,0.0,-0.0012610340479192938,0.0012610340479192938,0.004185710617546294,0.028331862697026224,0.9725865880619012,0.002232970221181297,0.533474581788047,1.0,0.5,NO_CLEAR_SIGNAL,effect_below_predeclared_discovery_floor,False
T5_GE_3,MOMENTUM,RAW_CLOSE_RETURN_20D,-5,6785,6785,-0.01264197062389727,0.01334780288706983,-0.023485784919653894,-0.007889546351084813,-0.01559623856856908,-0.0259897735109671,-0.20290089802682107,0.9218865143699334,-0.019776818177220237,0.7609461532581215,0.0,0.0,REGIME_CONFOUNDED,market_or_temporal_direction_is_not_consistent,False
T5_GE_3,MOMENTUM,RAW_CLOSE_RETURN_20D,-3,6785,6785,-0.030113301534483296,0.0021698424998620835,-0.03767660910518053,-0.015133876600698487,-0.022542732504482042,-0.03228314403434538,-0.26088637322127733,0.9009579955784819,-0.02520713806604788,0.7808142242660913,0.0,0.0,REGIME_CONFOUNDED,market_or_temporal_direction_is_not_consistent,False
T5_GE_3,MOMENTUM,RAW_CLOSE_RETURN_20D,-1,6785,6785,-0.05340002278495312,-0.005523809936196775,-0.052581261950286805,-0.01932367149758454,-0.03325759045270227,-0.047876212848756344,-0.39309794037527085,0.8549742078113485,-0.038265890730957236,0.7992672864882053,0.0,0.0,REGIME_CONFOUNDED,market_or_temporal_direction_is_not_consistent,False
T5_GE_3,MOMENTUM,RAW_CLOSE_RETURN_20D,0,6785,6785,-0.07852835511421795,-0.019188219782345153,-0.0694006309148265,-0.02766798418972332,-0.04173264672510318,-0.059340135331872795,-0.4800152657925887,0.8082535003684598,-0.046684853985694066,0.7867331903541966,0.0,0.0,REGIME_CONFOUNDED,market_or_temporal_direction_is_not_consistent,False
T5_GE_3,MOMENTUM,RSI14,-20,6785,6785,50.173670483461514,49.713031526037284,49.316160566542806,48.978708224751436,0.3374523417913693,0.46063895742423,0.04028208120386558,0.9758290346352247,0.4188054201912266,0.9091836750696785,1.0,1.0,NO_CLEAR_SIGNAL,effect_below_predeclared_discovery_floor,False
T5_GE_3,MOMENTUM,RSI14,-10,6785,6785,50.367445526791826,50.15094421299667,49.56510376600964,49.52070884002302,0.04439492598662298,0.21650131379515614,0.018942344405050528,0.9715549005158439,0.0911615174075564,0.4210668092934039,1.0,0.5,NO_CLEAR_SIGNAL,effect_below_predeclared_discovery_floor,False
T5_GE_3,MOMENTUM,RSI14,-5,6785,6785,45.49003567646432,48.80475948789358,45.410507599872545,48.124742388700334,-2.7142347888277882,-3.3147238114292534,-0.31617946172412315,0.8826823876197494,-3.04138459016297,0.9175378593161208,0.0,0.0,REGIME_CONFOUNDED,market_or_temporal_direction_is_not_consistent,False
T5_GE_3,MOMENTUM,RSI14,-3,6785,6785,43.91302820642634,47.34743364522072,43.60388293868684,46.89429034756916,-3.2904074088823236,-3.4344054387943785,-0.3204047810230777,0.8393515106853352,-3.367547756906305,0.9805329676185397,0.0,0.0,REGIME_CONFOUNDED,market_or_temporal_direction_is_not_consistent,False
T5_GE_3,MOMENTUM,RSI14,-1,6785,6785,41.28673510735341,46.61693470535111,41.37585874589571,46.11965712716847,-4.743798381272761,-5.330199597997705,-0.4986016302733268,0.8081061164333088,-5.09433555826233,0.9557494920407901,0.0,0.0,REGIME_CONFOUNDED,market_or_temporal_direction_is_not_consistent,False
T5_GE_3,MOMENTUM,RSI14,0,6785,6785,38.1897367473803,44.84319515154591,38.582549226460344,44.27149972454655,-5.688950498086207,-6.653458404165612,-0.6157551729231773,0.7652173913043478,-6.230532841984498,0.9364352286449514,0.0,0.0,REGIME_CONFOUNDED,market_or_temporal_direction_is_not_consistent,False
T5_GE_3,MOMENTUM,MACD_12_26_9,-20,6785,6785,2.760420529699406,1.8518100882481152,-0.016238471267362255,-0.055735339381536506,0.03949686811417425,0.9086104414512908,0.0377819767619409,0.9778924097273395,0.18492554381398713,0.20352566444054088,1.0,0.5,NO_CLEAR_SIGNAL,effect_below_predeclared_discovery_floor,False
T5_GE_3,MOMENTUM,MACD_12_26_9,-10,6785,6785,2.5878916811723265,1.688692437617866,-0.026037472885380775,-0.032297261125088426,0.006259788239707652,0.8991992435544605,0.035069755322790205,0.989535740604274,0.09756356459227122,0.10850049673819842,1.0,0.5,NO_CLEAR_SIGNAL,effect_below_predeclared_discovery_floor,False
T5_GE_3,MOMENTUM,MACD_12_26_9,-5,6785,6785,1.181641321347508,1.3891281396707944,-0.1446705162090993,-0.05694793203597886,-0.08772258417312043,-0.2074868183232863,-0.008448048554983064,0.9927781871775976,-0.196991617565402,0.9494175059278626,0.0,0.5,REGIME_CONFOUNDED,market_or_temporal_direction_is_not_consistent,False
T5_GE_3,MOMENTUM,MACD_12_26_9,-3,6785,6785,0.13096842166234565,1.194529443615235,-0.25292862833058627,-0.10007529895777058,-0.1528533293728157,-1.0635610219528893,-0.04520535880159868,0.9964627855563742,-0.3935487463968976,0.37002930558161234,0.0,0.0,REGIME_CONFOUNDED,market_or_temporal_direction_is_not_consistent,False
T5_GE_3,MOMENTUM,MACD_12_26_9,-1,6785,6785,-1.081724594073007,0.8380622430998393,-0.404140896153437,-0.15818240768668665,-0.24595848846675036,-1.9197868371728464,-0.0859916105125414,0.9948415622697124,-0.5883372229102555,0.3064596607906032,0.0,0.0,REGIME_CONFOUNDED,market_or_temporal_direction_is_not_consistent,False
T5_GE_3,MOMENTUM,MACD_12_26_9,0,6785,6785,-2.0124625123236988,0.4733878074654866,-0.5547242403617006,-0.20761302182103583,-0.34711121854066485,-2.4858503197891855,-0.11443668155452276,0.935740604274134,-0.7441745638342576,0.29936418854750996,0.0,0.0,REGIME_CONFOUNDED,market_or_temporal_direction_is_not_consistent,False
T5_GE_3,MOMENTUM,MACD_SIGNAL_12_26_9,-20,6785,6785,2.55642524205973,1.750604288763127,-0.000815082882602617,-0.04884235661276572,0.0480272737301631,0.805820953296603,0.037280013171621156,0.9848194546794395,0.1862938406638251,0.23118515335410358,1.0,0.5,NO_CLEAR_SIGNAL,effect_below_predeclared_discovery_floor,False
T5_GE_3,MOMENTUM,MACD_SIGNAL_12_26_9,-10,6785,6785,2.634248484303329,1.7478608128907216,-0.025747472911211943,-0.04245545828623874,0.0167079853750268,0.8863876714126073,0.03626895494268514,0.9817243920412673,0.13711016019729916,0.15468419137507985,1.0,0.5,NO_CLEAR_SIGNAL,effect_below_predeclared_discovery_floor,False
T5_GE_3,MOMENTUM,MACD_SIGNAL_12_26_9,-5,6785,6785,2.0898251430325625,1.5914962410985132,-0.059411269297154165,-0.0343299669842808,-0.025081302312873366,0.49832890193404933,0.02033940568696732,0.9941046425939571,-0.021104776542263087,0.04235109876299362,1.0,0.5,NO_CLEAR_SIGNAL,effect_below_predeclared_discovery_floor,False
T5_GE_3,MOMENTUM,MACD_SIGNAL_12_26_9,-3,6785,6785,1.4694105532473791,1.4697967438310564,-0.1216644536998818,-0.05594458620747418,-0.06571986749240762,-0.00038619058367728165,-1.6203960461327672e-05,0.9941046425939571,-0.13897499107916308,359.8611591091949,0.5,0.5,NO_CLEAR_SIGNAL,effect_below_predeclared_discovery_floor,False
T5_GE_3,MOMENTUM,MACD_SIGNAL_12_26_9,-1,6785,6785,0.6564961073694803,1.2728029668030385,-0.2008471211440785,-0.08070434657330974,-0.12014277457076875,-0.6163068594335582,-0.026882247606810482,0.9970523212969785,-0.2793053638564166,0.4531920415637163,0.0,0.0,REGIME_CONFOUNDED,market_or_temporal_direction_is_not_consistent,False
T5_GE_3,MOMENTUM,MACD_SIGNAL_12_26_9,0,6785,6785,0.12270438343084451,1.112919934935528,-0.2607379520132042,-0.10176903331550051,-0.1589689186977037,-0.9902155515046835,-0.04426478334737984,0.9680176860722178,-0.37605044927683534,0.3797662526158141,0.0,0.0,REGIME_CONFOUNDED,market_or_temporal_direction_is_not_consistent,False
T5_GE_3,MOMENTUM,MACD_HISTOGRAM_12_26_9,-20,6785,6785,0.20399528763967595,0.10120579948498812,0.009843868562576429,0.008665623851487255,0.0011782447110891738,0.10278948815468783,0.016713528740268182,0.9896831245394251,0.005623989217897182,0.05471366108403658,1.0,0.5,NO_CLEAR_SIGNAL,effect_below_predeclared_discovery_floor,False
T5_GE_3,MOMENTUM,MACD_HISTOGRAM_12_26_9,-10,6785,6785,-0.046356803131002364,-0.05916837527285572,-0.0002804068816283764,0.003444774426108348,-0.0037251813077367243,0.012811572141853356,0.0024373450079719578,0.985261606484893,-0.02137437703909366,1.6683648815641439,0.5,0.5,NO_CLEAR_SIGNAL,effect_below_predeclared_discovery_floor,False
T5_GE_3,MOMENTUM,MACD_HISTOGRAM_12_26_9,-5,6785,6785,-0.9081838216850543,-0.20236810142771877,-0.07818881212210371,-0.011865250961348201,-0.06632356116075551,-0.7058157202573355,-0.10945820336903034,0.9802505526897567,-0.17906269721889773,0.2536961023673611,0.0,0.0,REGIME_CONFOUNDED,market_or_temporal_direction_is_not_consistent,False
T5_GE_3,MOMENTUM,MACD_HISTOGRAM_12_26_9,-3,6785,6785,-1.3384421315850334,-0.2752673002158214,-0.16213682480119557,-0.04251461733133154,-0.11962220746986402,-1.063174831369212,-0.1590323041638293,0.985261606484893,-0.2689312423896023,0.252951099343895,0.0,0.0,REGIME_CONFOUNDED,market_or_temporal_direction_is_not_consistent,False
T5_GE_3,MOMENTUM,MACD_HISTOGRAM_12_26_9,-1,6785,6785,-1.738220701442487,-0.43474072370319916,-0.2480558599911099,-0.06381613037924153,-0.18423972961186838,-1.303479977739288,-0.18883010069777026,0.9736182756079587,-0.3496502722482884,0.26824368476661226,0.0,0.0,REGIME_CONFOUNDED,market_or_temporal_direction_is_not_consistent,False
T5_GE_3,MOMENTUM,MACD_HISTOGRAM_12_26_9,0,6785,6785,-2.135166895754543,-0.6395321274700415,-0.33143167796378425,-0.0932825914578,-0.23814908650598426,-1.4956347682845013,-0.19685378817460986,0.8394988946204862,-0.42996689557118606,0.28748121178298075,0.0,0.0,REGIME_CONFOUNDED,market_or_temporal_direction_is_not_consistent,False
T5_GE_3,MOMENTUM,rsi_change_5,-20,6785,6785,-0.35007782924051767,-0.3195752701790347,-0.8084779308337247,-0.7335243299019893,-0.07495360093173531,-0.03050255906148297,-0.0031930115558051523,0.9849668386145907,-0.0600864388389738,1.9698818947570795,0.5,1.0,NO_CLEAR_SIGNAL,effect_below_predeclared_discovery_floor,False
T5_GE_3,MOMENTUM,rsi_change_5,-10,6785,6785,0.4244369609195073,0.5927649241651566,0.28328572459118817,0.2762286689358149,0.00705705565537329,-0.1683279632456493,-0.017356671722356328,0.9843773028739865,-0.057895451160172196,0.3439443455730674,0.0,0.0,REGIME_CONFOUNDED,market_or_temporal_direction_is_not_consistent,False
T5_GE_3,MOMENTUM,rsi_change_5,-5,6785,6785,-4.877409850327505,-1.346184725103095,-4.403433279276847,-1.673439734139997,-2.7299935451368498,-3.5312251252244105,-0.41179987879766394,0.8422991893883565,-3.085449093702392,0.8737616504997854,0.0,0.0,REGIME_CONFOUNDED,market_or_temporal_direction_is_not_consistent,False
T5_GE_3,MOMENTUM,rsi_change_5,-3,6785,6785,-4.972417396943312,-2.4459147120402394,-4.609125029177239,-2.5365123695444325,-2.0726126596328065,-2.5265026849030727,-0.28014031951695834,0.8406779661016948,-2.2018116483960304,0.8714859721118805,0.0,0.0,REGIME_CONFOUNDED,market_or_temporal_direction_is_not_consistent,False
T5_GE_3,MOMENTUM,rsi_change_5,-1,6785,6785,-5.520133619453883,-2.3477996089502557,-4.990344461236127,-2.8851647936742744,-2.1051796675618526,-3.1723340105036275,-0.36437825672709023,0.8499631540162119,-2.611053549652798,0.823070187756893,0.0,0.0,REGIME_CONFOUNDED,market_or_temporal_direction_is_not_consistent,False
T5_GE_3,MOMENTUM,rsi_change_5,0,6785,6785,-7.300298929084021,-3.9615643363476636,-6.969346480549568,-4.298924262723652,-2.670422217825916,-3.3387345927363574,-0.3805836515644478,0.8168017686072216,-2.9943633462578854,0.8968557586974194,0.0,0.0,REGIME_CONFOUNDED,market_or_temporal_direction_is_not_consistent,False
T5_GE_3,MOMENTUM,macd_hist_change_5,-20,6785,6785,0.061063642421179565,-0.030814330499750405,-0.012312169094423453,-0.013373082706192016,0.001060913611768563,0.09187797292092997,0.015672550356436728,0.9939572586588061,-0.008121802784585463,0.08839771412431001,1.0,1.0,NO_CLEAR_SIGNAL,effect_below_predeclared_discovery_floor,False
T5_GE_3,MOMENTUM,macd_hist_change_5,-10,6785,6785,-0.07014152360791281,-0.06508745192857268,0.00791055082887316,0.0014617817820841324,0.0064487690467890275,-0.005054071679340133,-0.0008565074141682402,0.9905674281503315,-0.0017531872875811523,0.34688611456536583,0.5,0.5,NO_CLEAR_SIGNAL,effect_below_predeclared_discovery_floor,False
T5_GE_3,MOMENTUM,macd_hist_change_5,-5,6785,6785,-0.861827018554052,-0.14319972615486307,-0.08521159755324614,-0.018740073465147028,-0.06647152408809912,-0.7186272923991889,-0.12048671196863198,0.9575534266764922,-0.16798524061470124,0.2337585037354627,0.0,0.0,REGIME_CONFOUNDED,market_or_temporal_direction_is_not_consistent,False
T5_GE_3,MOMENTUM,macd_hist_change_5,-3,6785,6785,-1.1585055929540216,-0.21447228943843225,-0.13704402461232462,-0.04665735412538713,-0.09038667048693749,-0.9440333035155893,-0.15193530149230547,0.9895357406042742,-0.20918704927911308,0.22158863304938337,0.0,0.0,REGIME_CONFOUNDED,market_or_temporal_direction_is_not_consistent,False
T5_GE_3,MOMENTUM,macd_hist_change_5,-1,6785,6785,-1.1005139416212188,-0.2429445332516808,-0.14198390310967052,-0.0568167674538725,-0.08516713565579802,-0.857569408369538,-0.14917440799869447,0.989535740604274,-0.18884984375641084,0.2202152291270084,0.0,0.0,REGIME_CONFOUNDED,market_or_temporal_direction_is_not_consistent,False
T5_GE_3,MOMENTUM,macd_hist_change_5,0,6785,6785,-1.2269830740694887,-0.43716402604232274,-0.1816751379935086,-0.07997858922966244,-0.10169654876384615,-0.789819048027166,-0.1368264871414087,0.9899778924097273,-0.1956866011798487,0.24776130895885665,0.0,0.0,REGIME_CONFOUNDED,market_or_temporal_direction_is_not_consistent,False
T5_GE_3,VOLUME_PARTICIPATION,VOLUME_MA5,-20,6785,6785,5801873.819985261,4721447.552453943,1172905.0,985079.8,187825.19999999995,1080426.2675313186,0.055853907386171076,0.994104642593957,413815.70064468565,0.38301151414082063,1.0,1.0,NO_CLEAR_SIGNAL,effect_below_predeclared_discovery_floor,False
T5_GE_3,VOLUME_PARTICIPATION,VOLUME_MA5,-10,6785,6785,5874968.823168755,4765892.53229182,1150400.0,969830.4,180569.59999999998,1109076.2908769343,0.05466669947612647,0.9973470891672807,364304.725179591,0.32847580295088563,1.0,1.0,NO_CLEAR_SIGNAL,effect_below_predeclared_discovery_floor,False
T5_GE_3,VOLUME_PARTICIPATION,VOLUME_MA5,-5,6785,6785,4879516.8364627855,4485383.646543846,1015622.6,990340.6,25282.0,394133.189918939,0.02552752038625764,0.9961680176860719,47456.19071652228,0.12040648169285754,1.0,1.0,NO_CLEAR_SIGNAL,effect_below_predeclared_discovery_floor,False
T5_GE_3,VOLUME_PARTICIPATION,VOLUME_MA5,-3,6785,6785,4288986.77476787,4430757.336713338,924511.2,991974.0,-67462.80000000005,-141770.5619454682,-0.009981024581405123,0.9969049373618273,-117141.44660158409,0.8262748273978229,0.0,1.0,REGIME_CONFOUNDED,market_or_temporal_direction_is_not_consistent,False
T5_GE_3,VOLUME_PARTICIPATION,VOLUME_MA5,-1,6785,6785,3784662.069064112,4335262.710744289,860317.6,962609.2,-102291.59999999998,-550600.6416801768,-0.04251841551539473,0.9951363301400147,-246627.23024498066,0.44792397897029174,0.0,0.5,REGIME_CONFOUNDED,market_or_temporal_direction_is_not_consistent,False
T5_GE_3,VOLUME_PARTICIPATION,VOLUME_MA5,0,6785,6785,3700858.359027266,4236414.761886515,856733.8,955698.6,-98964.79999999993,-535556.4028592487,-0.042195236070683206,0.996315401621223,-237120.65419045882,0.4427557077546084,0.0,0.5,REGIME_CONFOUNDED,market_or_temporal_direction_is_not_consistent,False
T5_GE_3,VOLUME_PARTICIPATION,VOLUME_MA20,-20,6785,6785,5805797.823220339,4726867.036072218,1317262.6,1136407.65,180854.9500000002,1078930.7871481208,0.060588655808978126,0.9976418570375828,425797.32073125825,0.39464748416044854,1.0,1.0,NO_CLEAR_SIGNAL,effect_below_predeclared_discovery_floor,False
T5_GE_3,VOLUME_PARTICIPATION,VOLUME_MA20,-10,6785,6785,5838462.289484156,4736104.509506264,1330656.5,1133640.85,197015.6499999999,1102357.7799778925,0.062481793564315616,0.9932203389830507,403165.32718732744,0.36573001480101386,1.0,1.0,NO_CLEAR_SIGNAL,effect_below_predeclared_discovery_floor,False
T5_GE_3,VOLUME_PARTICIPATION,VOLUME_MA20,-5,6785,6785,5612656.966904937,4690492.096249078,1259001.85,1126050.0,132951.8500000001,922164.8706558589,0.0541237760402557,0.9941046425939573,293225.5084361762,0.31797514497340307,1.0,1.0,NO_CLEAR_SIGNAL,effect_below_predeclared_discovery_floor,False
T5_GE_3,VOLUME_PARTICIPATION,VOLUME_MA20,-3,6785,6785,5414775.001532793,4646332.916529109,1215497.45,1125750.3,89747.1499999999,768442.0850036843,0.04672151743167046,0.9955784819454677,227530.40400626278,0.29609310635969643,1.0,1.0,NO_CLEAR_SIGNAL,effect_below_predeclared_discovery_floor,False
T5_GE_3,VOLUME_PARTICIPATION,VOLUME_MA20,-1,6785,6785,5179245.536764923,4609858.152498158,1155236.9,1114975.6,40261.299999999814,569387.3842667649,0.03610889522261577,0.9933677229182016,136302.26069257664,0.23938405461529755,1.0,1.0,NO_CLEAR_SIGNAL,effect_below_predeclared_discovery_floor,False
T5_GE_3,VOLUME_PARTICIPATION,VOLUME_MA20,0,6785,6785,5087403.101665438,4569233.898607221,1142039.0,1110350.0,31689.0,518169.2030582167,0.033706556517335284,0.9918938835666911,106251.14935531397,0.20505106966647837,1.0,1.0,NO_CLEAR_SIGNAL,effect_below_predeclared_discovery_floor,False
T5_GE_3,VOLUME_PARTICIPATION,VOLUME_RATIO_20,-20,6785,6785,1.041463620202567,1.022680363113306,0.7653500882835113,0.7697347339639621,-0.004384645680450827,0.018783257089261207,0.019010364859453347,0.9879145173176118,-0.0007791250679887174,0.04147976382829578,0.5,0.5,NO_CLEAR_SIGNAL,effect_below_predeclared_discovery_floor,False
T5_GE_3,VOLUME_PARTICIPATION,VOLUME_RATIO_20,-10,6785,6785,1.0395158469977392,1.0550969143340716,0.7661981052471165,0.7592190889370932,0.006979016310023289,-0.015581067336332355,-0.015083666980982503,0.9858511422254969,-0.005419557909049244,0.3478296956211576,0.0,0.5,REGIME_CONFOUNDED,market_or_temporal_direction_is_not_consistent,False
T5_GE_3,VOLUME_PARTICIPATION,VOLUME_RATIO_20,-5,6785,6785,0.8417043819864908,1.0181663589746648,0.684303375328081,0.7588034021577443,-0.07450002682966328,-0.176461976988174,-0.21665410885120961,0.9180545320560056,-0.10280913409356107,0.5826135230279725,0.0,0.0,REGIME_CONFOUNDED,market_or_temporal_direction_is_not_consistent,False
T5_GE_3,VOLUME_PARTICIPATION,VOLUME_RATIO_20,-3,6785,6785,0.7883402201845336,1.0329704247211793,0.656506928274612,0.7765432568282898,-0.12003632855367785,-0.24463020453664563,-0.3049289800410947,0.8921149594694175,-0.15564888265537458,0.6362619160221418,0.0,0.0,REGIME_CONFOUNDED,market_or_temporal_direction_is_not_consistent,False
T5_GE_3,VOLUME_PARTICIPATION,VOLUME_RATIO_20,-1,6785,6785,0.7605111090578386,1.0032064030068064,0.6214879748258035,0.7388380347468709,-0.1173500599210674,-0.24269529394896783,-0.2995427155568642,0.8940309506263814,-0.15041367408322592,0.6197634557959488,0.0,0.0,REGIME_CONFOUNDED,market_or_temporal_direction_is_not_consistent,False
T5_GE_3,VOLUME_PARTICIPATION,VOLUME_RATIO_20,0,6785,6785,0.9487915658483841,0.9972410338950373,0.7406143344709898,0.7583489943534353,-0.01773465988244549,-0.04844946804665318,-0.055194717431185016,0.9749447310243183,-0.020306074351777115,0.4191186233917759,0.0,0.0,REGIME_CONFOUNDED,market_or_temporal_direction_is_not_consistent,False
T5_GE_3,VOLUME_PARTICIPATION,volume_ratio_5_to_20,-20,6785,6785,1.0145206616320563,1.0128382013725263,0.8995699971754352,0.9040931667469543,-0.004523169571519103,0.0016824602595300053,0.003189948279112108,0.9742078113485627,-0.0010888747710415814,0.6471919707308618,0.5,0.5,NO_CLEAR_SIGNAL,effect_below_predeclared_discovery_floor,False
T5_GE_3,VOLUME_PARTICIPATION,volume_ratio_5_to_20,-10,6785,6785,1.0005936293683992,1.0097991042650623,0.8858302483056965,0.8943196010522867,-0.00848935274659024,-0.009205474896663013,-0.017280911694751756,0.9727339719970519,-0.008499874907497373,0.9233499632461744,0.0,0.0,REGIME_CONFOUNDED,market_or_temporal_direction_is_not_consistent,False
T5_GE_3,VOLUME_PARTICIPATION,volume_ratio_5_to_20,-5,6785,6785,0.8964580528003241,1.0087913308836567,0.8277315351385524,0.8980354966135375,-0.07030396147498519,-0.1123332780833326,-0.237678302438661,0.9146647015475308,-0.08945701776635362,0.7963536655628566,0.0,0.0,REGIME_CONFOUNDED,market_or_temporal_direction_is_not_consistent,False
T5_GE_3,VOLUME_PARTICIPATION,volume_ratio_5_to_20,-3,6785,6785,0.8520538591475637,1.0049520287177505,0.7978208232445521,0.9051736184663375,-0.10735279522178542,-0.15289816957018676,-0.34292684943901774,0.8738393515106853,-0.12628721286633438,0.8259563421939017,0.0,0.0,REGIME_CONFOUNDED,market_or_temporal_direction_is_not_consistent,False
T5_GE_3,VOLUME_PARTICIPATION,volume_ratio_5_to_20,-1,6785,6785,0.8237155345630193,0.9931026215290352,0.7663157894736842,0.8984965248394018,-0.13218073536571762,-0.1693870869660159,-0.38519006843237646,0.85659543109801,-0.14081044025442346,0.8312938298695357,0.0,0.0,REGIME_CONFOUNDED,market_or_temporal_direction_is_not_consistent,False
T5_GE_3,VOLUME_PARTICIPATION,volume_ratio_5_to_20,0,6785,6785,0.8388095476823333,0.98972291357463,0.782608695652174,0.897508080492128,-0.1148993848399541,-0.15091336589229676,-0.34019047996270807,0.8778187177597637,-0.12495302180249279,0.827978496561191,0.0,0.0,REGIME_CONFOUNDED,market_or_temporal_direction_is_not_consistent,False
T5_GE_3,VOLUME_PARTICIPATION,volume_expansion_state,-20,6785,6785,0.3380987472365512,0.3316138540899042,0.0,0.0,0.0,0.0064848931466470194,0.013741245428652552,0.993515106853353,0.008104623319211635,1.2497697550193387,0.5,0.5,NO_CLEAR_SIGNAL,effect_below_predeclared_discovery_floor,False
T5_GE_3,VOLUME_PARTICIPATION,volume_expansion_state,-10,6785,6785,0.33647752394988945,0.3400147383935151,0.0,0.0,0.0,-0.003537214443625647,-0.007476524499980014,0.9964627855563744,-0.004420703628660927,1.2497697550193487,0.0,0.0,REGIME_CONFOUNDED,market_or_temporal_direction_is_not_consistent,False
T5_GE_3,VOLUME_PARTICIPATION,volume_expansion_state,-5,6785,6785,0.25821665438467206,0.33839351510685334,0.0,0.0,0.0,-0.08017686072218128,-0.1759211970399982,0.9198231392778187,-0.1002026155829803,1.2497697550193407,0.0,0.0,REGIME_CONFOUNDED,market_or_temporal_direction_is_not_consistent,False
T5_GE_3,VOLUME_PARTICIPATION,volume_expansion_state,-3,6785,6785,0.2328666175386883,0.34443625644804715,0.0,0.0,0.0,-0.11156963890935886,-0.24810421788609935,0.8884303610906411,-0.13943636028734574,1.2497697550193407,0.0,0.0,REGIME_CONFOUNDED,market_or_temporal_direction_is_not_consistent,False
T5_GE_3,VOLUME_PARTICIPATION,volume_expansion_state,-1,6785,6785,0.22417096536477524,0.3217391304347826,0.0,0.0,0.0,-0.09756816507000735,-0.22034428175422438,0.9024318349299926,-0.12193774175722968,1.2497697550193407,0.0,0.0,REGIME_CONFOUNDED,market_or_temporal_direction_is_not_consistent,False
T5_GE_3,VOLUME_PARTICIPATION,volume_expansion_state,0,6785,6785,0.31554900515843776,0.33839351510685334,0.0,0.0,0.0,-0.02284450994841558,-0.04871234413858967,0.9771554900515844,-0.028550377601768262,1.249769755019342,0.0,0.0,REGIME_CONFOUNDED,market_or_temporal_direction_is_not_consistent,False
T5_GE_3,VOLUME_PARTICIPATION,volume_contraction_state,-20,6785,6785,0.6616064848931467,0.6683861459100958,1.0,1.0,0.0,-0.006779661016949157,-0.014364310001479395,0.9932203389830508,-0.008473015288266716,1.2497697550193398,0.5,0.5,NO_CLEAR_SIGNAL,effect_below_predeclared_discovery_floor,False
T5_GE_3,VOLUME_PARTICIPATION,volume_contraction_state,-10,6785,6785,0.6633750921149595,0.6599852616064849,1.0,1.0,0.0,0.003389830508474634,0.00716461711429466,0.9966101694915254,0.004236507644133303,1.249769755019303,1.0,1.0,NO_CLEAR_SIGNAL,effect_below_predeclared_discovery_floor,False
T5_GE_3,VOLUME_PARTICIPATION,volume_contraction_state,-5,6785,6785,0.7417833456153279,0.6616064848931467,1.0,1.0,0.0,0.08017686072218122,0.1759211970399981,0.9198231392778187,0.10020261558298038,1.2497697550193427,1.0,1.0,PROMISING_DISCOVERY_SIGNAL,bounded_effect_requires_confirmatory_research,False
T5_GE_3,VOLUME_PARTICIPATION,volume_contraction_state,-3,6785,6785,0.7671333824613117,0.6555637435519528,1.0,1.0,0.0,0.11156963890935889,0.24810421788609943,0.8884303610906411,0.13943636028734574,1.2497697550193405,1.0,1.0,ROBUST_DISCOVERY_SIGNAL,bounded_effect_and_cross_segment_consistency,False
T5_GE_3,VOLUME_PARTICIPATION,volume_contraction_state,-1,6785,6785,0.7758290346352248,0.6781134856300663,1.0,1.0,0.0,0.09771554900515844,0.22066235071609566,0.9022844509948416,0.12212193774175717,1.2497697550193398,1.0,1.0,ROBUST_DISCOVERY_SIGNAL,bounded_effect_and_cross_segment_consistency,False
T5_GE_3,VOLUME_PARTICIPATION,volume_contraction_state,0,6785,6785,0.6844509948415622,0.6616064848931467,1.0,1.0,0.0,0.02284450994841558,0.04871234413858967,0.9771554900515844,0.028550377601768373,1.249769755019347,1.0,1.0,NO_CLEAR_SIGNAL,effect_below_predeclared_discovery_floor,False
T5_GE_3,VOLATILITY_COMPRESSION,true_range_pct,-20,6785,6785,0.03833603405105956,0.03591144839866136,0.030797101449275412,0.02872340425531918,0.0020736971939562324,0.002424585652398198,0.09807102566631874,0.9572586588061899,0.002499307454476997,1.0308183800415096,1.0,1.0,NO_CLEAR_SIGNAL,effect_below_predeclared_discovery_floor,False
T5_GE_3,VOLATILITY_COMPRESSION,true_range_pct,-10,6785,6785,0.038877299347138725,0.03602144989832024,0.03047895500725681,0.02802690582959641,0.002452049177660398,0.002855849448818483,0.11020555679863098,0.9475313190862193,0.0028558222875348996,0.9999904892452945,1.0,1.0,PROMISING_DISCOVERY_SIGNAL,bounded_effect_requires_confirmatory_research,False
T5_GE_3,VOLATILITY_COMPRESSION,true_range_pct,-5,6785,6785,0.03527986456851475,0.03652465085438731,0.029850746268656716,0.029036004645760744,0.0008147416228959717,-0.0012447862858725595,-0.054261319358975615,0.9444362564480469,-0.0004111258196149367,0.3302782367390474,0.0,0.0,REGIME_CONFOUNDED,market_or_temporal_direction_is_not_consistent,False
T5_GE_3,VOLATILITY_COMPRESSION,true_range_pct,-3,6785,6785,0.0345234951441042,0.039317981939356324,0.02903225806451613,0.03097893432465923,-0.0019466762601430994,-0.004794486795252122,-0.2010583762609701,0.9201179071481207,-0.003952018826925523,0.8242840153067317,0.0,0.0,REGIME_CONFOUNDED,market_or_temporal_direction_is_not_consistent,False
T5_GE_3,VOLATILITY_COMPRESSION,true_range_pct,-1,6785,6785,0.038505110905293266,0.03826725346440414,0.030139935414424078,0.030129124820659887,1.081059376419058e-05,0.00023785744088912486,0.009143221314948897,0.959469417833456,0.00023379674419891222,0.9829280232939801,0.5,0.5,NO_CLEAR_SIGNAL,effect_below_predeclared_discovery_floor,False
T5_GE_3,VOLATILITY_COMPRESSION,true_range_pct,0,6785,6785,0.043697630646361375,0.0440142614433569,0.03466204506065858,0.034371643394199784,0.00029040166645879356,-0.00031663079699552343,-0.01101237272802496,0.9758290346352246,-0.00028523638088911313,0.9008485074594492,0.0,0.5,REGIME_CONFOUNDED,market_or_temporal_direction_is_not_consistent,False
T5_GE_3,VOLATILITY_COMPRESSION,rolling_range_pct_5,-20,6785,6785,0.09101530449983354,0.08540333350441248,0.0755813953488372,0.07127429805615546,0.00430709729268175,0.005611970995421059,0.10270789964120888,0.9481208548268236,0.005284617872340372,0.9416687785186734,1.0,1.0,PROMISING_DISCOVERY_SIGNAL,bounded_effect_requires_confirmatory_research,False
T5_GE_3,VOLATILITY_COMPRESSION,rolling_range_pct_5,-10,6785,6785,0.09218475841229949,0.08595546009842286,0.07613469985358716,0.06955645161290328,0.006578248240683884,0.006229298313876627,0.10730123325172504,0.9518054532056004,0.0062576115758433,1.0045451767663143,1.0,1.0,PROMISING_DISCOVERY_SIGNAL,bounded_effect_requires_confirmatory_research,False
T5_GE_3,VOLATILITY_COMPRESSION,rolling_range_pct_5,-5,6785,6785,0.08891166447712329,0.08756270726683182,0.07236842105263155,0.07108239095315025,0.0012860300994813056,0.0013489572102914626,0.02158404580416642,0.9948415622697125,0.0004130956131606217,0.30623329636331914,1.0,0.5,NO_CLEAR_SIGNAL,effect_below_predeclared_discovery_floor,False
T5_GE_3,VOLATILITY_COMPRESSION,rolling_range_pct_5,-3,6785,6785,0.08931883778175304,0.09322911848158184,0.07357859531772569,0.07658157602663701,-0.003002980708911321,-0.003910280699828808,-0.06852042998387092,0.9724392041267501,-0.0038427393468424137,0.9827272366944523,0.0,0.5,REGIME_CONFOUNDED,market_or_temporal_direction_is_not_consistent,False
T5_GE_3,VOLATILITY_COMPRESSION,rolling_range_pct_5,-1,6785,6785,0.09253012154127575,0.0954063094344851,0.07522123893805306,0.07803468208092493,-0.002813443142871866,-0.002876187893209342,-0.0464286154166812,0.9678703021370669,-0.00211780357701552,0.7363230969769529,0.0,0.5,REGIME_CONFOUNDED,market_or_temporal_direction_is_not_consistent,False
T5_GE_3,VOLATILITY_COMPRESSION,rolling_range_pct_5,0,6785,6785,0.10743924015202622,0.10247884838246506,0.08288288288288291,0.0830489192263936,-0.00016603634351068652,0.004960391769561159,0.068104645966965,0.944288872512896,0.0029989612756326778,0.6045815360866129,1.0,0.5,NO_CLEAR_SIGNAL,effect_below_predeclared_discovery_floor,False
T5_GE_3,VOLATILITY_COMPRESSION,rolling_range_pct_20,-20,6785,6785,0.19381948300249052,0.18091698658294134,0.16602809706257982,0.15392670157068067,0.012101395491899147,0.012902496419549186,0.12149067327115623,0.946941783345615,0.012448635608369008,0.9648237987113476,1.0,1.0,PROMISING_DISCOVERY_SIGNAL,bounded_effect_requires_confirmatory_research,False
T5_GE_3,VOLATILITY_COMPRESSION,rolling_range_pct_20,-10,6785,6785,0.19207895330670702,0.17826699146540764,0.16547788873038516,0.15329512893982808,0.01218275979055708,0.013811961841299375,0.13251301456966735,0.9414885777450257,0.013429209769125178,0.972288363045594,1.0,1.0,PROMISING_DISCOVERY_SIGNAL,bounded_effect_requires_confirmatory_research,False
T5_GE_3,VOLATILITY_COMPRESSION,rolling_range_pct_20,-5,6785,6785,0.1943301144162743,0.17948947135064505,0.16203703703703703,0.15243902439024393,0.009598012646793108,0.014840643065629239,0.1275825841893496,0.9535740604274131,0.01152652858168629,0.776686598465642,1.0,1.0,PROMISING_DISCOVERY_SIGNAL,bounded_effect_requires_confirmatory_research,False
T5_GE_3,VOLATILITY_COMPRESSION,rolling_range_pct_20,-3,6785,6785,0.19715591482643782,0.18466571486572128,0.16591422121896165,0.15815815815815826,0.007756063060803398,0.012490199960716541,0.10634929825244648,0.961680176860722,0.009114910871717175,0.7297650077969022,1.0,1.0,PROMISING_DISCOVERY_SIGNAL,bounded_effect_requires_confirmatory_research,False
T5_GE_3,VOLATILITY_COMPRESSION,rolling_range_pct_20,-1,6785,6785,0.20735360666467278,0.19047368340238136,0.17391304347826086,0.16058394160583947,0.013329101872421395,0.01687992326229143,0.13216554814746606,0.9459100957995576,0.014206616240396597,0.841628010959812,1.0,1.0,PROMISING_DISCOVERY_SIGNAL,bounded_effect_requires_confirmatory_research,False
T5_GE_3,VOLATILITY_COMPRESSION,rolling_range_pct_20,0,6785,6785,0.22862344268017498,0.19921341998610728,0.18372093023255812,0.1679790026246719,0.015741927607886202,0.0294100226940677,0.20400937448679574,0.931319086219602,0.02295932337551751,0.7806632322031033,1.0,1.0,ROBUST_DISCOVERY_SIGNAL,bounded_effect_and_cross_segment_consistency,False
T5_GE_3,VOLATILITY_COMPRESSION,range_compression_5_to_20,-20,6785,6785,0.49727235473865067,0.5019270370080221,0.47311827956989205,0.47368421052631643,-0.0005659309564243764,-0.004654682269371435,-0.023410408982463833,0.9658069270449522,-0.0042675111258688725,0.9168211445816159,0.0,0.5,REGIME_CONFOUNDED,market_or_temporal_direction_is_not_consistent,False
T5_GE_3,VOLATILITY_COMPRESSION,range_compression_5_to_20,-10,6785,6785,0.4997183902324514,0.5014765751840826,0.4722222222222228,0.4736842105263157,-0.0014619883040928872,-0.0017581849516312142,-0.008837845988050335,0.9752394988946206,-0.0013125093601809579,0.7465138175384984,0.0,0.5,REGIME_CONFOUNDED,market_or_temporal_direction_is_not_consistent,False
T5_GE_3,VOLATILITY_COMPRESSION,range_compression_5_to_20,-5,6785,6785,0.48330485447279026,0.510177502692367,0.4541062801932366,0.48936170212765867,-0.03525542193442205,-0.02687264821957669,-0.14075668511066913,0.9285187914517317,-0.02948803040626008,1.0973250632134606,0.0,0.0,REGIME_CONFOUNDED,market_or_temporal_direction_is_not_consistent,False
T5_GE_3,VOLATILITY_COMPRESSION,range_compression_5_to_20,-3,6785,6785,0.48631357766171013,0.5283378195643392,0.45833333333333337,0.5062500000000001,-0.04791666666666672,-0.0420242419026291,-0.212195253365577,0.9095062638172436,-0.04399590387103797,1.046917252498623,0.0,0.0,REGIME_CONFOUNDED,market_or_temporal_direction_is_not_consistent,False
T5_GE_3,VOLATILITY_COMPRESSION,range_compression_5_to_20,-1,6785,6785,0.47853616144090794,0.5260706884942133,0.4549763033175354,0.5052631578947365,-0.05028685457720111,-0.04753452705330541,-0.24568323745890888,0.9053795136330138,-0.04833211664158399,1.016779163225589,0.0,0.0,REGIME_CONFOUNDED,market_or_temporal_direction_is_not_consistent,False
T5_GE_3,VOLATILITY_COMPRESSION,range_compression_5_to_20,0,6785,6785,0.49488336337934336,0.5358415431194647,0.47791164658634494,0.5168539325842691,-0.03894228599792421,-0.04095817974012139,-0.2121216130886134,0.9161385408990419,-0.04262993350610689,1.040816114793009,0.0,0.0,REGIME_CONFOUNDED,market_or_temporal_direction_is_not_consistent,False
T5_GE_3,VOLATILITY_COMPRESSION,realized_vol_5,-20,6785,6785,0.02211551261737127,0.020446736145738418,0.017992847485000803,0.0164920397010478,0.001500807783953003,0.0016687764716328511,0.11650117039053423,0.9466470154753129,0.0017156433776501015,1.028084591803594,1.0,1.0,PROMISING_DISCOVERY_SIGNAL,bounded_effect_requires_confirmatory_research,False
T5_GE_3,VOLATILITY_COMPRESSION,realized_vol_5,-10,6785,6785,0.021806526339967314,0.020341633898136098,0.01752784319406788,0.01622760317871971,0.0013002400153481718,0.0014648924418312163,0.10175930129483758,0.9606484893146645,0.0014291604852459117,0.975607795108399,1.0,1.0,PROMISING_DISCOVERY_SIGNAL,bounded_effect_requires_confirmatory_research,False
T5_GE_3,VOLATILITY_COMPRESSION,realized_vol_5,-5,6785,6785,0.019748126530650542,0.020796833980185312,0.016244001829376874,0.01637250085613344,-0.00012849902675656638,-0.00104870744953477,-0.07440818261029022,0.9607958732498157,-0.0007907737835975356,0.7540461202486362,0.0,0.5,REGIME_CONFOUNDED,market_or_temporal_direction_is_not_consistent,False
T5_GE_3,VOLATILITY_COMPRESSION,realized_vol_5,-3,6785,6785,0.01983662265106461,0.02168776577522026,0.016758716412436224,0.01757306510898104,-0.0008143486965448143,-0.0018511431241556506,-0.13462912678443878,0.9467943994104642,-0.0015838501368540397,0.8556065256037243,0.0,0.0,REGIME_CONFOUNDED,market_or_temporal_direction_is_not_consistent,False
T5_GE_3,VOLATILITY_COMPRESSION,realized_vol_5,-1,6785,6785,0.020285492416573653,0.022301448526404834,0.016618165683511068,0.01792141598529046,-0.001303250301779392,-0.0020159561098311816,-0.14124586588967272,0.9369196757553423,-0.0017953865484960328,0.8905881133723593,0.0,0.0,REGIME_CONFOUNDED,market_or_temporal_direction_is_not_consistent,False
T5_GE_3,VOLATILITY_COMPRESSION,realized_vol_5,0,6785,6785,0.021173502083625194,0.023594892890026503,0.01675689511326858,0.018401743423748358,-0.0016448483104797781,-0.0024213908064013093,-0.15468452720618028,0.9431098010316875,-0.0021874413495413317,0.9033821982632886,0.0,0.0,REGIME_CONFOUNDED,market_or_temporal_direction_is_not_consistent,False
T5_GE_3,VOLATILITY_COMPRESSION,realized_vol_20,-20,6785,6785,0.02676939488987533,0.02495012508013414,0.023583143329074848,0.021472274374699018,0.0021108689543758302,0.0018192698097411926,0.13427369824968768,0.9408990420044214,0.0019059494837383867,1.047645309966159,1.0,1.0,PROMISING_DISCOVERY_SIGNAL,bounded_effect_requires_confirmatory_research,False
T5_GE_3,VOLATILITY_COMPRESSION,realized_vol_20,-10,6785,6785,0.02619358720699965,0.024390445794703525,0.023159792869385378,0.021266391021001998,0.0018934018483833803,0.0018031414122961255,0.13984719755719432,0.9439941046425939,0.001783992034521547,0.9893799911399108,1.0,1.0,PROMISING_DISCOVERY_SIGNAL,bounded_effect_requires_confirmatory_research,False
T5_GE_3,VOLATILITY_COMPRESSION,realized_vol_20,-5,6785,6785,0.025402265918758698,0.024372269967369367,0.022127127413152696,0.021134075358743367,0.000993052054409329,0.0010299959513893307,0.0801551491737807,0.9635961680176861,0.0010027232421166016,0.9735215374041599,1.0,1.0,NO_CLEAR_SIGNAL,effect_below_predeclared_discovery_floor,False
T5_GE_3,VOLATILITY_COMPRESSION,realized_vol_20,-3,6785,6785,0.02520488372324255,0.024716713425521206,0.022156810378391355,0.021733096398925646,0.0004237139794657091,0.0004881702977213437,0.0384809996012358,0.978924097273397,0.000480446397627652,0.9841778573384228,1.0,1.0,NO_CLEAR_SIGNAL,effect_below_predeclared_discovery_floor,False
T5_GE_3,VOLATILITY_COMPRESSION,realized_vol_20,-1,6785,6785,0.025326755998268984,0.024964046761808877,0.02261282265762153,0.021827979278294683,0.0007848433793268481,0.0003627092364601077,0.02859803560492699,0.972144436256448,0.00047698491489626266,1.3150613961514694,1.0,0.5,NO_CLEAR_SIGNAL,effect_below_predeclared_discovery_floor,False
T5_GE_3,VOLATILITY_COMPRESSION,realized_vol_20,0,6785,6785,0.025689612454475798,0.025610724583453325,0.022587386896978853,0.022657221774420807,-6.983487744195369e-05,7.88878710224726e-05,0.006093139207371972,0.9591746499631538,0.00021950373218773342,2.7824775766252317,1.0,0.5,NO_CLEAR_SIGNAL,effect_below_predeclared_discovery_floor,False
T5_GE_3,VOLATILITY_COMPRESSION,volatility_contraction_5_to_20,-20,6785,6785,0.8403591526694134,0.8379710138513933,0.8138073580060228,0.810003471364101,0.003803886641921772,0.0023881388180201357,0.006732074908330049,0.9781871775976417,0.004200793249279466,1.7590238965932872,1.0,1.0,NO_CLEAR_SIGNAL,effect_below_predeclared_discovery_floor,False
T5_GE_3,VOLATILITY_COMPRESSION,volatility_contraction_5_to_20,-10,6785,6785,0.8363591640254112,0.8386424396281682,0.8086498348794039,0.799452465985733,0.009197368893670843,-0.0022832756027569845,-0.006495146184152095,0.9674281503316137,-0.0018028720774869722,0.7895989758354445,0.5,0.5,NO_CLEAR_SIGNAL,effect_below_predeclared_discovery_floor,False
T5_GE_3,VOLATILITY_COMPRESSION,volatility_contraction_5_to_20,-5,6785,6785,0.7948232858499189,0.8520043126660913,0.7646454037512244,0.8150609625420683,-0.05041555879084392,-0.05718102681617243,-0.16594150290750653,0.9258658806190124,-0.05675109969893366,0.9924812977104991,0.0,0.0,REGIME_CONFOUNDED,market_or_temporal_direction_is_not_consistent,False
T5_GE_3,VOLATILITY_COMPRESSION,volatility_contraction_5_to_20,-3,6784,6785,0.8128444519744781,0.8810894272984808,0.7685492010914897,0.8476758350196844,-0.07912663392819463,-0.06824497532400275,-0.1910484849706165,0.9131010935609907,-0.0761459484846958,1.1157736979635797,0.0,0.0,REGIME_CONFOUNDED,market_or_temporal_direction_is_not_consistent,False
T5_GE_3,VOLATILITY_COMPRESSION,volatility_contraction_5_to_20,-1,6784,6785,0.8184931552710145,0.8975324470082139,0.7679955839724946,0.8676066282935153,-0.09961104432102075,-0.07903929173719937,-0.2121950926490496,0.9024915575770637,-0.08819439248262118,1.1158297416917897,0.0,0.0,REGIME_CONFOUNDED,market_or_temporal_direction_is_not_consistent,False
T5_GE_3,VOLATILITY_COMPRESSION,volatility_contraction_5_to_20,0,6784,6785,0.8304630311544455,0.9112976469000721,0.7852450661755577,0.8696285211066473,-0.08438345493108967,-0.08083461574562656,-0.21572467519912172,0.9128078464565288,-0.08307056951634395,1.02766084492507,0.0,0.0,REGIME_CONFOUNDED,market_or_temporal_direction_is_not_consistent,False
T5_GE_3,RELATIVE_STRENGTH,benchmark_relative_return_5D,-20,0,0,,,,,,,,,,,,,NO_CLEAR_SIGNAL,sample_below_discovery_floor,False
T5_GE_3,RELATIVE_STRENGTH,benchmark_relative_return_5D,-10,0,0,,,,,,,,,,,,,NO_CLEAR_SIGNAL,sample_below_discovery_floor,False
T5_GE_3,RELATIVE_STRENGTH,benchmark_relative_return_5D,-5,0,0,,,,,,,,,,,,,NO_CLEAR_SIGNAL,sample_below_discovery_floor,False
T5_GE_3,RELATIVE_STRENGTH,benchmark_relative_return_5D,-3,0,0,,,,,,,,,,,,,NO_CLEAR_SIGNAL,sample_below_discovery_floor,False
T5_GE_3,RELATIVE_STRENGTH,benchmark_relative_return_5D,-1,0,0,,,,,,,,,,,,,NO_CLEAR_SIGNAL,sample_below_discovery_floor,False
T5_GE_3,RELATIVE_STRENGTH,benchmark_relative_return_5D,0,0,0,,,,,,,,,,,,,NO_CLEAR_SIGNAL,sample_below_discovery_floor,False
T5_GE_3,RELATIVE_STRENGTH,benchmark_relative_return_20D,-20,0,0,,,,,,,,,,,,,NO_CLEAR_SIGNAL,sample_below_discovery_floor,False
T5_GE_3,RELATIVE_STRENGTH,benchmark_relative_return_20D,-10,0,0,,,,,,,,,,,,,NO_CLEAR_SIGNAL,sample_below_discovery_floor,False
T5_GE_3,RELATIVE_STRENGTH,benchmark_relative_return_20D,-5,0,0,,,,,,,,,,,,,NO_CLEAR_SIGNAL,sample_below_discovery_floor,False
T5_GE_3,RELATIVE_STRENGTH,benchmark_relative_return_20D,-3,0,0,,,,,,,,,,,,,NO_CLEAR_SIGNAL,sample_below_discovery_floor,False
T5_GE_3,RELATIVE_STRENGTH,benchmark_relative_return_20D,-1,0,0,,,,,,,,,,,,,NO_CLEAR_SIGNAL,sample_below_discovery_floor,False
T5_GE_3,RELATIVE_STRENGTH,benchmark_relative_return_20D,0,0,0,,,,,,,,,,,,,NO_CLEAR_SIGNAL,sample_below_discovery_floor,False
T5_GE_3,A_STATE_CONTEXT,a1_preceded_20,-20,6785,6785,0.3775976418570376,0.3939572586588062,0.0,0.0,0.0,-0.016359616801768617,-0.03361268105806672,0.9836403831982314,-0.020445754282556627,1.249769755019339,0.0,0.0,REGIME_CONFOUNDED,market_or_temporal_direction_is_not_consistent,False
T5_GE_3,A_STATE_CONTEXT,a1_preceded_20,-10,6785,6785,0.39145173176123804,0.410759027266028,0.0,0.0,0.0,-0.019307295504789934,-0.03940045640025566,0.9806927044952101,-0.02412967397310739,1.2497697550193436,0.0,0.0,REGIME_CONFOUNDED,market_or_temporal_direction_is_not_consistent,False
T5_GE_3,A_STATE_CONTEXT,a1_preceded_20,-5,6785,6785,0.36565954310980103,0.40589535740604277,0.0,0.0,0.0,-0.040235814296241734,-0.08272803619889836,0.9597641857037582,-0.050285503776017704,1.2497697550193403,0.0,0.0,REGIME_CONFOUNDED,market_or_temporal_direction_is_not_consistent,False
T5_GE_3,A_STATE_CONTEXT,a1_preceded_20,-3,6785,6785,0.3460574797347089,0.402063375092115,0.0,0.0,0.0,-0.05600589535740608,-0.11593782116466572,0.9439941046425939,-0.06999447412046417,1.2497697550193396,0.0,0.0,REGIME_CONFOUNDED,market_or_temporal_direction_is_not_consistent,False
T5_GE_3,A_STATE_CONTEXT,a1_preceded_20,-1,6785,6785,0.322623434045689,0.3986735445836404,0.0,0.0,0.0,-0.07605011053795141,-0.15887438965289097,0.9239498894620486,-0.09504512801620923,1.2497697550193396,0.0,0.0,REGIME_CONFOUNDED,market_or_temporal_direction_is_not_consistent,False
T5_GE_3,A_STATE_CONTEXT,a1_preceded_20,0,6785,6785,0.3115696389093589,0.39189388356669125,0.0,0.0,0.0,-0.08032424465733234,-0.16881267437947728,0.9196757553426678,-0.10038681156750784,1.2497697550193407,0.0,0.0,REGIME_CONFOUNDED,market_or_temporal_direction_is_not_consistent,False
T5_GE_3,A_STATE_CONTEXT,a2_preceded_20,-20,6785,6785,0.31039056742815035,0.30862196020633753,0.0,0.0,0.0,0.0017686072218128235,0.0038257588858489422,0.9982313927781872,0.0022103518143304357,1.2497697550193332,1.0,0.5,NO_CLEAR_SIGNAL,effect_below_predeclared_discovery_floor,False
T5_GE_3,A_STATE_CONTEXT,a2_preceded_20,-10,6785,6785,0.307442888725129,0.31363301400147386,0.0,0.0,0.0,-0.006190125276344882,-0.013378167513881765,0.9938098747236552,-0.007736231350156553,1.2497697550193376,0.0,0.0,REGIME_CONFOUNDED,market_or_temporal_direction_is_not_consistent,False
T5_GE_3,A_STATE_CONTEXT,a2_preceded_20,-5,6785,6785,0.2664701547531319,0.3036109064112012,0.0,0.0,0.0,-0.03714075165806929,-0.08234257381953942,0.9628592483419307,-0.04641738810093943,1.2497697550193405,0.0,0.0,REGIME_CONFOUNDED,market_or_temporal_direction_is_not_consistent,False
T5_GE_3,A_STATE_CONTEXT,a2_preceded_20,-3,6785,6785,0.24377302873986736,0.2975681650700074,0.0,0.0,0.0,-0.05379513633014002,-0.12129918809452975,0.94620486366986,-0.06723153435255111,1.2497697550193403,0.0,0.0,REGIME_CONFOUNDED,market_or_temporal_direction_is_not_consistent,False
T5_GE_3,A_STATE_CONTEXT,a2_preceded_20,-1,6785,6785,0.2178334561532793,0.2927044952100221,0.0,0.0,0.0,-0.07487103905674283,-0.17235417285100388,0.9251289609432573,-0.09357156013998896,1.2497697550193405,0.0,0.0,REGIME_CONFOUNDED,market_or_temporal_direction_is_not_consistent,False
T5_GE_3,A_STATE_CONTEXT,a2_preceded_20,0,6785,6785,0.2033898305084746,0.2868091378039794,0.0,0.0,0.0,-0.08341930729550479,-0.19485066612097848,0.9165806927044953,-0.10425492724258612,1.2497697550193407,0.0,0.0,REGIME_CONFOUNDED,market_or_temporal_direction_is_not_consistent,False
T5_GE_3,A_STATE_CONTEXT,a1_to_a2_preceded_20,-20,6785,6785,0.15932203389830507,0.15932203389830507,0.0,0.0,0.0,0.0,0.0,1.0,0.0,,0.5,0.0,REGIME_CONFOUNDED,market_or_temporal_direction_is_not_consistent,False
T5_GE_3,A_STATE_CONTEXT,a1_to_a2_preceded_20,-10,6785,6785,0.16536477523949888,0.1714075165806927,0.0,0.0,0.0,-0.0060427413411938136,-0.016148572019935768,0.9939572586588061,-0.007552035365629026,1.2497697550193392,0.5,0.0,REGIME_CONFOUNDED,market_or_temporal_direction_is_not_consistent,False
T5_GE_3,A_STATE_CONTEXT,a1_to_a2_preceded_20,-5,6785,6785,0.13839351510685335,0.16565954310980102,0.0,0.0,0.0,-0.027266028002947668,-0.0759948821429488,0.9727339719970524,-0.0340762571375944,1.249769755019341,0.0,0.0,REGIME_CONFOUNDED,market_or_temporal_direction_is_not_consistent,False
T5_GE_3,A_STATE_CONTEXT,a1_to_a2_preceded_20,-3,6785,6785,0.12291820191599116,0.16123802505526896,0.0,0.0,0.0,-0.0383198231392778,-0.10992361466766694,0.9616801768607222,-0.0478909559771597,1.2497697550193412,0.0,0.0,REGIME_CONFOUNDED,market_or_temporal_direction_is_not_consistent,False
T5_GE_3,A_STATE_CONTEXT,a1_to_a2_preceded_20,-1,6785,6785,0.10464259395725865,0.16050110537951362,0.0,0.0,0.0,-0.05585851142225497,-0.16528175406029438,0.9441414885777449,-0.06981027813593663,1.2497697550193405,0.0,0.0,REGIME_CONFOUNDED,market_or_temporal_direction_is_not_consistent,False
T5_GE_3,A_STATE_CONTEXT,a1_to_a2_preceded_20,0,6785,6785,0.09845246868091379,0.1550478997789241,0.0,0.0,0.0,-0.056595431098010324,-0.17073183543132778,0.9434045689019896,-0.06888929821329895,1.217223667649045,0.0,0.0,REGIME_CONFOUNDED,market_or_temporal_direction_is_not_consistent,False
T5_GE_3,A_STATE_CONTEXT,a2_without_prior_a1_20,-20,6785,6785,0.10405305821665438,0.09108327192336035,0.0,0.0,0.0,0.012969786293294025,0.04371951006868202,0.987030213706706,0.005157487566771045,0.39765401296069947,1.0,0.5,NO_CLEAR_SIGNAL,effect_below_predeclared_discovery_floor,False
T5_GE_3,A_STATE_CONTEXT,a2_without_prior_a1_20,-10,6785,6785,0.10125276344878409,0.09019896831245394,0.0,0.0,0.0,0.011053795136330147,0.03757710748472554,0.9889462048636699,0.0016577638607478357,0.14997237060232077,1.0,0.5,NO_CLEAR_SIGNAL,effect_below_predeclared_discovery_floor,False
T5_GE_3,A_STATE_CONTEXT,a2_without_prior_a1_20,-5,6785,6785,0.08769344141488578,0.08769344141488578,0.0,0.0,0.0,0.0,0.0,1.0,0.0,,0.5,0.5,NO_CLEAR_SIGNAL,effect_below_predeclared_discovery_floor,False
T5_GE_3,A_STATE_CONTEXT,a2_without_prior_a1_20,-3,6785,6785,0.08047162859248341,0.08872512896094326,0.0,0.0,0.0,-0.008253500368459843,-0.029661907349642375,0.9917464996315402,0.0,0.0,0.0,0.5,REGIME_CONFOUNDED,market_or_temporal_direction_is_not_consistent,False
T5_GE_3,A_STATE_CONTEXT,a2_without_prior_a1_20,-1,6785,6785,0.07605011053795137,0.08548268238761975,0.0,0.0,0.0,-0.009432571849668378,-0.03462317493590176,0.9905674281503316,0.0,0.0,0.0,0.5,REGIME_CONFOUNDED,market_or_temporal_direction_is_not_consistent,False
T5_GE_3,A_STATE_CONTEXT,a2_without_prior_a1_20,0,6785,6785,0.07000736919675755,0.08695652173913043,0.0,0.0,0.0,-0.016949152542372878,-0.06305607367622232,0.983050847457627,0.0,0.0,0.0,0.0,REGIME_CONFOUNDED,market_or_temporal_direction_is_not_consistent,False
T5_GE_3,A_STATE_CONTEXT,a_state_bucket,-20,0,0,,,,,,,,,,,,,NO_CLEAR_SIGNAL,sample_below_discovery_floor,False
T5_GE_3,A_STATE_CONTEXT,a_state_bucket,-10,0,0,,,,,,,,,,,,,NO_CLEAR_SIGNAL,sample_below_discovery_floor,False
T5_GE_3,A_STATE_CONTEXT,a_state_bucket,-5,0,0,,,,,,,,,,,,,NO_CLEAR_SIGNAL,sample_below_discovery_floor,False
T5_GE_3,A_STATE_CONTEXT,a_state_bucket,-3,0,0,,,,,,,,,,,,,NO_CLEAR_SIGNAL,sample_below_discovery_floor,False
T5_GE_3,A_STATE_CONTEXT,a_state_bucket,-1,0,0,,,,,,,,,,,,,NO_CLEAR_SIGNAL,sample_below_discovery_floor,False
T5_GE_3,A_STATE_CONTEXT,a_state_bucket,0,0,0,,,,,,,,,,,,,NO_CLEAR_SIGNAL,sample_below_discovery_floor,False
T5_GE_5,TREND_STRUCTURE,close_vs_ma5,-20,6569,6569,0.00030884677458626307,0.00037885172705442576,-0.0024937655860349226,-0.002458009012699661,-3.5756573335261714e-05,-7.000495246816269e-05,-0.002127117784370627,0.9531131070178112,-0.0002639529946585452,3.7704903060763804,0.5,0.5,NO_CLEAR_SIGNAL,effect_below_predeclared_discovery_floor,False
T5_GE_5,TREND_STRUCTURE,close_vs_ma5,-10,6569,6569,0.0032584388092153993,0.0026484572298093798,0.0003328894806924622,-0.000607533414337754,0.0009404228950302162,0.0006099815794060196,0.01766518165831339,0.9525041863297306,0.0010239878979781422,1.6787193786659405,1.0,0.5,NO_CLEAR_SIGNAL,effect_below_predeclared_discovery_floor,False
T5_GE_5,TREND_STRUCTURE,close_vs_ma5,-5,6569,6569,-0.013549175104818624,-0.002264387842412029,-0.009933774834437109,-0.003795066413662293,-0.006138708420774816,-0.011284787262406596,-0.38313359536056524,0.8878063632211903,-0.007969564705633566,0.7062219712535347,0.0,0.0,REGIME_CONFOUNDED,market_or_temporal_direction_is_not_consistent,False
T5_GE_5,TREND_STRUCTURE,close_vs_ma5,-3,6569,6569,-0.012665480546224574,-0.006376456319600743,-0.009216589861751152,-0.005382131324004305,-0.003834458537746847,-0.006289024226623831,-0.2051928761530295,0.8812604658243264,-0.004560389000739081,0.7251345894698927,0.0,0.0,REGIME_CONFOUNDED,market_or_temporal_direction_is_not_consistent,False
T5_GE_5,TREND_STRUCTURE,close_vs_ma5,-1,6569,6569,-0.020873304038596774,-0.008648058111584762,-0.013452914798206279,-0.006402927052366661,-0.007049987745839618,-0.012225245927012011,-0.3441965146405297,0.8483787486679857,-0.009712854017328477,0.794491503509771,0.0,0.0,REGIME_CONFOUNDED,market_or_temporal_direction_is_not_consistent,False
T5_GE_5,TREND_STRUCTURE,close_vs_ma5,0,6569,6569,-0.03488587650891986,-0.016358945895718048,-0.022894521668029414,-0.01141670991177991,-0.011477811756249503,-0.018526930613201813,-0.46000470838115537,0.8153448013396254,-0.013942966741281083,0.7525783429741829,0.0,0.0,REGIME_CONFOUNDED,market_or_temporal_direction_is_not_consistent,False
T5_GE_5,TREND_STRUCTURE,close_vs_ma10,-20,6569,6569,0.0036023915579738563,0.003009892142465052,-0.0023160520220916188,-0.0029081844619858865,0.0005921324398942677,0.0005924994155088043,0.011450186419594433,0.9587456233825542,0.00048483885283611057,0.8182942297415753,0.5,1.0,NO_CLEAR_SIGNAL,effect_below_predeclared_discovery_floor,False
T5_GE_5,TREND_STRUCTURE,close_vs_ma10,-10,6569,6569,0.005480909151611538,0.0048885012913514065,0.0006169031462060106,-0.0006447453255963757,0.0012616484718023864,0.0005924078602601319,0.011105530515218747,0.9572233216623532,0.0014316876000726392,2.416726205226196,0.5,0.5,NO_CLEAR_SIGNAL,effect_below_predeclared_discovery_floor,False
T5_GE_5,TREND_STRUCTURE,close_vs_ma10,-5,6569,6569,-0.019452696855939998,-0.0021302729082215725,-0.014794889038332136,-0.006079830822098781,-0.008715058216233355,-0.017322423947718425,-0.39277827546420224,0.8725833460191811,-0.011597077483271037,0.6694835271479725,0.0,0.0,REGIME_CONFOUNDED,market_or_temporal_direction_is_not_consistent,False
T5_GE_5,TREND_STRUCTURE,close_vs_ma10,-3,6569,6569,-0.025411484747625557,-0.009369859141838821,-0.019947961838681583,-0.009301014656144338,-0.010646947182537244,-0.016041625605786737,-0.3510536522423037,0.850205510732227,-0.012070581750299316,0.7524537753795391,0.0,0.0,REGIME_CONFOUNDED,market_or_temporal_direction_is_not_consistent,False
T5_GE_5,TREND_STRUCTURE,close_vs_ma10,-1,6569,6569,-0.03776180428469536,-0.013787888323931158,-0.02647975077881619,-0.011824324324324372,-0.014655426454491817,-0.023973915960764203,-0.4570867127136512,0.8036230780940781,-0.01943467629259685,0.8106592316584288,0.0,0.0,REGIME_CONFOUNDED,market_or_temporal_direction_is_not_consistent,False
T5_GE_5,TREND_STRUCTURE,close_vs_ma10,0,6569,6569,-0.054563232663508224,-0.023908181608248365,-0.03819604233778192,-0.017973430580880377,-0.020222611756901543,-0.03065505105525986,-0.5223712441854613,0.7885522910640889,-0.02419607320244926,0.7893013506593931,0.0,0.0,REGIME_CONFOUNDED,market_or_temporal_direction_is_not_consistent,False
T5_GE_5,TREND_STRUCTURE,close_vs_ma20,-20,6569,6569,0.011078432126062637,0.008443816626680862,-0.0010124873439082394,-0.002186444046909246,0.0011739567030010067,0.0026346154993817754,0.03429831757287336,0.954939869082052,0.0020207863923179742,0.7670137797307277,1.0,1.0,NO_CLEAR_SIGNAL,effect_below_predeclared_discovery_floor,False
T5_GE_5,TREND_STRUCTURE,close_vs_ma20,-10,6569,6569,0.009965336366340736,0.008800109179779239,-0.0016264231202301445,-0.002585888437384517,0.0009594653171543723,0.0011652271865614967,0.014894034379548095,0.9652915207794183,0.0019366788430706964,1.6620611546025623,0.5,0.5,NO_CLEAR_SIGNAL,effect_below_predeclared_discovery_floor,False
T5_GE_5,TREND_STRUCTURE,close_vs_ma20,-5,6569,6569,-0.019648167266479936,0.0008491527757894835,-0.017589017589017597,-0.007435382981234623,-0.010153634607782975,-0.02049732004226942,-0.3080036110962208,0.916273405388948,-0.013526495447022828,0.6599153166915768,0.0,0.0,REGIME_CONFOUNDED,market_or_temporal_direction_is_not_consistent,False
T5_GE_5,TREND_STRUCTURE,close_vs_ma20,-3,6569,6569,-0.029426256872827995,-0.007525412781869005,-0.02523765864015823,-0.011652999568407376,-0.013584659071750856,-0.02190084409095899,-0.3294787288539091,0.893591109757954,-0.015454800954851357,0.7056714750657186,0.0,0.0,REGIME_CONFOUNDED,market_or_temporal_direction_is_not_consistent,False
T5_GE_5,TREND_STRUCTURE,close_vs_ma20,-1,6569,6569,-0.047474337826117284,-0.014121002965361767,-0.03552251135894256,-0.015151515151515152,-0.02037099620742741,-0.03335333486075552,-0.4599382107643956,0.8336124219820367,-0.02656984152891334,0.7966172390208623,0.0,0.0,REGIME_CONFOUNDED,market_or_temporal_direction_is_not_consistent,False
T5_GE_5,TREND_STRUCTURE,close_vs_ma20,0,6569,6569,-0.0684692477126693,-0.026269459974619908,-0.04958944850326494,-0.022900763358778508,-0.02668868514448643,-0.04219978773804939,-0.5360124905709345,0.7908357436443904,-0.03353556808064396,0.7946857052649735,0.0,0.0,REGIME_CONFOUNDED,market_or_temporal_direction_is_not_consistent,False
T5_GE_5,TREND_STRUCTURE,close_vs_ma60,-20,6197,6208,0.03755751057643145,0.02566894682970417,0.001855287569573247,-0.0035780771005112033,0.00543336467008445,0.011888563746727282,0.07692009761207469,0.940635922519876,0.009920750766459879,0.8344784936019619,1.0,1.0,NO_CLEAR_SIGNAL,effect_below_predeclared_discovery_floor,False
T5_GE_5,TREND_STRUCTURE,close_vs_ma60,-10,6316,6326,0.036593955981860965,0.027633371748720017,0.00472224572237337,0.00041130392355793875,0.004310941798815432,0.008960584233140948,0.06041262915784764,0.9569847250217596,0.007810770854212246,0.871680980948085,1.0,0.5,NO_CLEAR_SIGNAL,effect_below_predeclared_discovery_floor,False
T5_GE_5,TREND_STRUCTURE,close_vs_ma60,-5,6435,6442,-0.0003643117697554115,0.01781948346643013,-0.01663677407384507,-0.006512061925759947,-0.010124712148085122,-0.018183795236185542,-0.14182927465610437,0.9457448894890682,-0.012134738855461024,0.6673380720496145,0.0,0.0,REGIME_CONFOUNDED,market_or_temporal_direction_is_not_consistent,False
T5_GE_5,TREND_STRUCTURE,close_vs_ma60,-3,6504,6508,-0.014375734947712977,0.0078643621033508,-0.02727975230550063,-0.013744800348600102,-0.013534951956900527,-0.02224009705106378,-0.18023822078978122,0.948818598511738,-0.015009447384282514,0.6748822790575273,0.0,0.0,REGIME_CONFOUNDED,market_or_temporal_direction_is_not_consistent,False
T5_GE_5,TREND_STRUCTURE,close_vs_ma60,-1,6569,6569,-0.036807748086531235,-0.00039959719628861624,-0.040128567254309966,-0.01677270098322725,-0.023355866271082715,-0.036408150890242616,-0.298024136276224,0.8958745623382552,-0.027875952823340162,0.7656514308396507,0.0,0.0,REGIME_CONFOUNDED,market_or_temporal_direction_is_not_consistent,False
T5_GE_5,TREND_STRUCTURE,close_vs_ma60,0,6569,6569,-0.06130985970065626,-0.014170725558880956,-0.05399524654370166,-0.026751952503799064,-0.027243294039902593,-0.047139134141775306,-0.3856996304345054,0.8823260770284671,-0.0352323633529285,0.7474121872277906,0.0,0.0,REGIME_CONFOUNDED,market_or_temporal_direction_is_not_consistent,False
T5_GE_5,TREND_STRUCTURE,distance_to_ma20,-20,6569,6569,0.011078432126062637,0.008443816626680862,-0.0010124873439082394,-0.002186444046909246,0.0011739567030010067,0.0026346154993817754,0.03429831757287336,0.954939869082052,0.0020207863923179742,0.7670137797307277,1.0,1.0,NO_CLEAR_SIGNAL,effect_below_predeclared_discovery_floor,False
T5_GE_5,TREND_STRUCTURE,distance_to_ma20,-10,6569,6569,0.009965336366340736,0.008800109179779239,-0.0016264231202301445,-0.002585888437384517,0.0009594653171543723,0.0011652271865614967,0.014894034379548095,0.9652915207794183,0.0019366788430706964,1.6620611546025623,0.5,0.5,NO_CLEAR_SIGNAL,effect_below_predeclared_discovery_floor,False
T5_GE_5,TREND_STRUCTURE,distance_to_ma20,-5,6569,6569,-0.019648167266479936,0.0008491527757894835,-0.017589017589017597,-0.007435382981234623,-0.010153634607782975,-0.02049732004226942,-0.3080036110962208,0.916273405388948,-0.013526495447022828,0.6599153166915768,0.0,0.0,REGIME_CONFOUNDED,market_or_temporal_direction_is_not_consistent,False
T5_GE_5,TREND_STRUCTURE,distance_to_ma20,-3,6569,6569,-0.029426256872827995,-0.007525412781869005,-0.02523765864015823,-0.011652999568407376,-0.013584659071750856,-0.02190084409095899,-0.3294787288539091,0.893591109757954,-0.015454800954851357,0.7056714750657186,0.0,0.0,REGIME_CONFOUNDED,market_or_temporal_direction_is_not_consistent,False
T5_GE_5,TREND_STRUCTURE,distance_to_ma20,-1,6569,6569,-0.047474337826117284,-0.014121002965361767,-0.03552251135894256,-0.015151515151515152,-0.02037099620742741,-0.03335333486075552,-0.4599382107643956,0.8336124219820367,-0.02656984152891334,0.7966172390208623,0.0,0.0,REGIME_CONFOUNDED,market_or_temporal_direction_is_not_consistent,False
T5_GE_5,TREND_STRUCTURE,distance_to_ma20,0,6569,6569,-0.0684692477126693,-0.026269459974619908,-0.04958944850326494,-0.022900763358778508,-0.02668868514448643,-0.04219978773804939,-0.5360124905709345,0.7908357436443904,-0.03353556808064396,0.7946857052649735,0.0,0.0,REGIME_CONFOUNDED,market_or_temporal_direction_is_not_consistent,False
T5_GE_5,TREND_STRUCTURE,ma5_slope_5,-20,6569,6569,0.007756652290178355,0.006255424767942925,-0.0014820303816227918,-0.002317880794701996,0.0008358504130792043,0.0015012275222354293,0.024833410557980287,0.9627036078550767,0.0014443437049603694,0.9621084636189217,0.5,1.0,NO_CLEAR_SIGNAL,effect_below_predeclared_discovery_floor,False
T5_GE_5,TREND_STRUCTURE,ma5_slope_5,-10,6569,6569,0.005428079412188963,0.005239404056941202,0.0,-0.00098405825624877,0.00098405825624877,0.00018867535524776102,0.003222340170243964,0.9596590044146752,0.0007298530286120851,3.868300805124606,0.5,0.5,NO_CLEAR_SIGNAL,effect_below_predeclared_discovery_floor,False
T5_GE_5,TREND_STRUCTURE,ma5_slope_5,-5,6569,6569,-0.010872785248474253,0.0012514509398004103,-0.010042283298097318,-0.003942726706785593,-0.006099556591311725,-0.012124236188274663,-0.2274007748740881,0.9287562794945956,-0.007744194036033384,0.6387366524187962,0.0,0.0,REGIME_CONFOUNDED,market_or_temporal_direction_is_not_consistent,False
T5_GE_5,TREND_STRUCTURE,ma5_slope_5,-3,6569,6569,-0.024888062989778956,-0.00527497038533321,-0.019375672766415622,-0.008559919436052273,-0.010815753330363349,-0.019613092604445746,-0.4000311990630875,0.8639062262140356,-0.013587261673918386,0.6927648763988669,0.0,0.0,REGIME_CONFOUNDED,market_or_temporal_direction_is_not_consistent,False
T5_GE_5,TREND_STRUCTURE,ma5_slope_5,-1,6569,6569,-0.033807171431153374,-0.009748955187904083,-0.0255905511811024,-0.010628606134224155,-0.014961945046878245,-0.02405821624324929,-0.47830799527954504,0.812909118587304,-0.01837370199694455,0.763718382575441,0.0,0.0,REGIME_CONFOUNDED,market_or_temporal_direction_is_not_consistent,False
T5_GE_5,TREND_STRUCTURE,ma5_slope_5,0,6569,6569,-0.04024889676135047,-0.014644039784868798,-0.029958677685950327,-0.01365809241975874,-0.01630058526619159,-0.02560485697648167,-0.4818440376770792,0.8141269599634645,-0.020121589774184677,0.7858505045611686,0.0,0.0,REGIME_CONFOUNDED,market_or_temporal_direction_is_not_consistent,False
T5_GE_5,TREND_STRUCTURE,ma20_slope_5,-20,6569,6569,0.006387566215358189,0.00493232629511288,0.0009933774834437463,0.00034797132716272094,0.0006454061562810254,0.0014552399202453084,0.042928094330206126,0.9564621708022527,0.0011548370636650014,0.7935715943459904,1.0,0.5,NO_CLEAR_SIGNAL,effect_below_predeclared_discovery_floor,False
T5_GE_5,TREND_STRUCTURE,ma20_slope_5,-10,6569,6569,0.006022691655332927,0.004782518753240837,0.0005301289980563142,0.00010544074230284978,0.0004246882557534644,0.0012401729020920897,0.0375110111921671,0.9616379966509362,0.0010569882000239883,0.8522909976834029,0.5,0.5,NO_CLEAR_SIGNAL,effect_below_predeclared_discovery_floor,False
T5_GE_5,TREND_STRUCTURE,ma20_slope_5,-5,6569,6569,0.0003820159464743815,0.003077936102405604,-0.0028082716364564333,-0.001444530046225016,-0.0013637415902314173,-0.0026959201559312224,-0.08395326582197313,0.9625513776830565,-0.0017651402501438719,0.6547450028371329,0.0,0.0,REGIME_CONFOUNDED,market_or_temporal_direction_is_not_consistent,False
T5_GE_5,TREND_STRUCTURE,ma20_slope_5,-3,6569,6569,-0.00404533335784952,0.0012947058551230916,-0.005579171094580143,-0.0025106218617225854,-0.0030685492328575577,-0.005340039212972611,-0.1754138010166526,0.9435226061805451,-0.003725564552789447,0.6976661414281182,0.0,0.0,REGIME_CONFOUNDED,market_or_temporal_direction_is_not_consistent,False
T5_GE_5,TREND_STRUCTURE,ma20_slope_5,-1,6569,6569,-0.00838337989667071,-0.0005518043096811939,-0.008399004562422254,-0.003403675970047579,-0.004995328592374676,-0.007831575586989516,-0.26667454100364624,0.9199269295174303,-0.0058720536598041145,0.749792119680141,0.0,0.0,REGIME_CONFOUNDED,market_or_temporal_direction_is_not_consistent,False
T5_GE_5,TREND_STRUCTURE,ma20_slope_5,0,6569,6569,-0.01147864373480898,-0.002139329394423241,-0.010733452593917694,-0.004220398593200496,-0.006513054000717198,-0.009339314340385738,-0.3179378880791945,0.8841528390927083,-0.00718655560794156,0.7694949913897786,0.0,0.0,REGIME_CONFOUNDED,market_or_temporal_direction_is_not_consistent,False
T5_GE_5,TREND_STRUCTURE,ma60_slope_5,-20,6155,6168,0.005492890023705535,0.0033751089265077463,0.0010483725654004533,-0.0006870830496046063,0.0017354556150050598,0.002117781097197789,0.09742849857132088,0.9285762000040038,0.0021216384424552707,1.001821408861655,1.0,1.0,NO_CLEAR_SIGNAL,effect_below_predeclared_discovery_floor,False
T5_GE_5,TREND_STRUCTURE,ma60_slope_5,-10,6222,6232,0.004965827590613869,0.0031990514641147697,0.0010181876285464255,-0.0004038924197081582,0.0014220800482545835,0.0017667761264990997,0.08446568962879651,0.9180605363633701,0.0017746029733668224,1.004430016203146,1.0,1.0,NO_CLEAR_SIGNAL,effect_below_predeclared_discovery_floor,False
T5_GE_5,TREND_STRUCTURE,ma60_slope_5,-5,6316,6326,0.00346137642251373,0.003008061559677593,0.00012137553895555405,-0.00038354072117672297,0.000504916260132277,0.000453314862836137,0.022944355214607366,0.9442362380733372,0.000667294264677423,1.472032618790694,1.0,0.5,NO_CLEAR_SIGNAL,effect_below_predeclared_discovery_floor,False
T5_GE_5,TREND_STRUCTURE,ma60_slope_5,-3,6326,6336,0.0021481449104012785,0.0026024549885589883,-0.0006197304650774737,-0.0006666549207288426,4.6924455651368904e-05,-0.0004543100781577098,-0.0237984319538899,0.9525522175597262,-3.557391115209855e-05,0.07830315210341729,0.0,0.0,REGIME_CONFOUNDED,market_or_temporal_direction_is_not_consistent,False
T5_GE_5,TREND_STRUCTURE,ma60_slope_5,-1,6338,6346,0.0006491474027038698,0.0021030354066338833,-0.0015744312662819048,-0.000928182128968804,-0.0006462491373131008,-0.0014538880039300134,-0.07814397911527393,0.9607351373219746,-0.000845907079418695,0.5818241000215413,0.0,0.0,REGIME_CONFOUNDED,market_or_temporal_direction_is_not_consistent,False
T5_GE_5,TREND_STRUCTURE,ma60_slope_5,0,6435,6442,-0.0005182784148343502,0.0014501487276012079,-0.002380275685661459,-0.001419964043886644,-0.0009603116417748149,-0.001968427142435558,-0.1079166752887674,0.9500477031678521,-0.0012738140867541367,0.6471228013946361,0.0,0.0,REGIME_CONFOUNDED,market_or_temporal_direction_is_not_consistent,False
T5_GE_5,TREND_STRUCTURE,ma_alignment_bullish,-20,6569,6569,0.16364743492160147,0.143553052214949,0.0,0.0,0.0,0.02009438270665248,0.05575189390190995,0.9799056172933475,0.025109377972227502,1.249571999239108,1.0,1.0,NO_CLEAR_SIGNAL,effect_below_predeclared_discovery_floor,False
T5_GE_5,TREND_STRUCTURE,ma_alignment_bullish,-10,6569,6569,0.16988887197442534,0.15146902115999392,0.0,0.0,0.0,0.018419850814431427,0.05017405281122287,0.9815801491855686,0.023016929807875203,1.2495719992391088,1.0,0.5,NO_CLEAR_SIGNAL,effect_below_predeclared_discovery_floor,False
T5_GE_5,TREND_STRUCTURE,ma_alignment_bullish,-5,6569,6569,0.0732227127416654,0.13122240828132137,0.0,0.0,0.0,-0.05799969553965596,-0.19233887064430935,0.942000304460344,-0.03918584744150656,0.6756216058878126,0.0,0.0,REGIME_CONFOUNDED,market_or_temporal_direction_is_not_consistent,False
T5_GE_5,TREND_STRUCTURE,ma_alignment_bullish,-3,6569,6569,0.07261379205358502,0.11706500228345258,0.0,0.0,0.0,-0.04445121022986756,-0.15215264824748684,0.9555487897701324,-0.02149514932470991,0.4835672462808883,0.0,0.0,REGIME_CONFOUNDED,market_or_temporal_direction_is_not_consistent,False
T5_GE_5,TREND_STRUCTURE,ma_alignment_bullish,-1,6569,6569,0.05206271883087228,0.11173694626274927,0.0,0.0,0.0,-0.05967422743187699,-0.21892056639159577,0.940325772568123,-0.014837359710861708,0.24863932637921066,0.0,0.0,REGIME_CONFOUNDED,market_or_temporal_direction_is_not_consistent,False
T5_GE_5,TREND_STRUCTURE,ma_alignment_bullish,0,6569,6569,0.025879129243416045,0.08905465063175522,0.0,0.0,0.0,-0.06317552138833918,-0.2739864884442896,0.9368244786116608,0.0,0.0,0.0,0.0,REGIME_CONFOUNDED,market_or_temporal_direction_is_not_consistent,False
T5_GE_5,TREND_STRUCTURE,ma_alignment_bearish,-20,6569,6569,0.16166844268534022,0.17384685644694778,0.0,0.0,0.0,-0.012178413761607554,-0.032597352556034326,0.9878215862383924,-0.01521780483165304,1.2495719992391099,0.0,0.5,REGIME_CONFOUNDED,market_or_temporal_direction_is_not_consistent,False
T5_GE_5,TREND_STRUCTURE,ma_alignment_bearish,-10,6569,6569,0.1542091642563556,0.1703455624904856,0.0,0.0,0.0,-0.01613639823412999,-0.043775539920093545,0.98386360176587,-0.020163591401940267,1.2495719992391108,0.5,0.5,NO_CLEAR_SIGNAL,effect_below_predeclared_discovery_floor,False
T5_GE_5,TREND_STRUCTURE,ma_alignment_bearish,-5,6569,6569,0.23199878215862385,0.20246612878672554,0.0,0.0,0.0,0.02953265337189831,0.07166421241770785,0.9704673466281017,0.03690317671675861,1.2495719992391097,1.0,1.0,NO_CLEAR_SIGNAL,effect_below_predeclared_discovery_floor,False
T5_GE_5,TREND_STRUCTURE,ma_alignment_bearish,-3,6569,6569,0.2682295630994063,0.21388339168823262,0.0,0.0,0.0,0.054346171411173705,0.12731600380842048,0.9456538285888263,0.06790945406125168,1.2495719992391099,1.0,1.0,PROMISING_DISCOVERY_SIGNAL,bounded_effect_requires_confirmatory_research,False
T5_GE_5,TREND_STRUCTURE,ma_alignment_bearish,-1,6569,6569,0.3295783224235043,0.2300197899223626,0.0,0.0,0.0,0.09955853250114172,0.22315946991026434,0.9004414674988582,0.12440555449876359,1.2495719992391103,1.0,1.0,ROBUST_DISCOVERY_SIGNAL,bounded_effect_and_cross_segment_consistency,False
T5_GE_5,TREND_STRUCTURE,ma_alignment_bearish,0,6569,6569,0.3997564317247678,0.26746841223930584,0.0,0.0,0.0,0.13228801948546198,0.28336871317073387,0.867711980514538,0.16530340498383106,1.2495719992391099,1.0,1.0,ROBUST_DISCOVERY_SIGNAL,bounded_effect_and_cross_segment_consistency,False
T5_GE_5,MOMENTUM,RAW_CLOSE_RETURN_5D,-20,6569,6569,0.005013621002660051,0.004511410243976438,-0.0031545741324921135,-0.0035714285714285713,0.00041685443893645785,0.0005022107586836128,0.007036284688870395,0.9602679251027552,0.0001885849273785059,0.37550953283601857,1.0,1.0,NO_CLEAR_SIGNAL,effect_below_predeclared_discovery_floor,False
T5_GE_5,MOMENTUM,RAW_CLOSE_RETURN_5D,-10,6569,6569,0.009543811018924236,0.008267110907339946,0.0024906600249066002,0.0,0.0024906600249066002,0.0012767001115842908,0.017167722640237842,0.9637692190592174,0.0024458324157668487,1.915745439022286,1.0,0.5,NO_CLEAR_SIGNAL,effect_below_predeclared_discovery_floor,False
T5_GE_5,MOMENTUM,RAW_CLOSE_RETURN_5D,-5,6569,6569,-0.027159806610188506,-0.003019658417128935,-0.02066115702479339,-0.00796812749003984,-0.012693029534753549,-0.024140148193059572,-0.4134037812634841,0.8811082356523062,-0.01629810799906416,0.6751453167859988,0.0,0.0,REGIME_CONFOUNDED,market_or_temporal_direction_is_not_consistent,False
T5_GE_5,MOMENTUM,RAW_CLOSE_RETURN_5D,-3,6569,6569,-0.03174566903858619,-0.010863143347131897,-0.024752475247524754,-0.011799410029498525,-0.012953065218026229,-0.02088252569145429,-0.3444832185243863,0.872583346019181,-0.01477762321969087,0.7076549761285956,0.0,0.0,REGIME_CONFOUNDED,market_or_temporal_direction_is_not_consistent,False
T5_GE_5,MOMENTUM,RAW_CLOSE_RETURN_5D,-1,6569,6569,-0.04161078457042034,-0.014264671221743958,-0.02894356005788712,-0.013289036544850499,-0.01565452351303662,-0.027346113348676385,-0.41305021950137016,0.8467042167757648,-0.020448895856288604,0.7477807027110264,0.0,0.0,REGIME_CONFOUNDED,market_or_temporal_direction_is_not_consistent,False
T5_GE_5,MOMENTUM,RAW_CLOSE_RETURN_5D,0,6569,6569,-0.060035227959971106,-0.02760496265842566,-0.04365079365079365,-0.022193211488250653,-0.021457582162542996,-0.03243026530154544,-0.44856294343587266,0.8401583193789006,-0.024964147985505142,0.7697793327739287,0.0,0.0,REGIME_CONFOUNDED,market_or_temporal_direction_is_not_consistent,False
T5_GE_5,MOMENTUM,RAW_CLOSE_RETURN_20D,-20,6569,6569,0.029067716917955698,0.022621440078149854,-0.0019267822736030828,-0.0016025641025641025,-0.0003242181710389803,0.006446276839805844,0.042445162540390935,0.9520474958136702,0.003970767834473095,0.6159784838829061,1.0,0.5,NO_CLEAR_SIGNAL,effect_below_predeclared_discovery_floor,False
T5_GE_5,MOMENTUM,RAW_CLOSE_RETURN_20D,-10,6569,6569,0.03238123379886828,0.025785960416520256,0.0027247956403269754,-0.002849002849002849,0.0055737984893298245,0.0065952733823480235,0.0424149740631291,0.9506774242654893,0.005614875645149456,0.8513484308592026,0.5,0.5,NO_CLEAR_SIGNAL,effect_below_predeclared_discovery_floor,False
T5_GE_5,MOMENTUM,RAW_CLOSE_RETURN_20D,-5,6569,6569,-0.008956615449566316,0.013931924311370346,-0.0208078335373317,-0.007704160246533128,-0.013103673290798572,-0.02288853976093666,-0.1687894101230444,0.9512863449535697,-0.01586211959473158,0.6930157956954114,0.0,0.0,REGIME_CONFOUNDED,market_or_temporal_direction_is_not_consistent,False
T5_GE_5,MOMENTUM,RAW_CLOSE_RETURN_20D,-3,6569,6569,-0.025420577490610007,0.0027963685113244034,-0.03322259136212625,-0.014799154334038054,-0.018423437028088192,-0.02821694600193441,-0.217946780249038,0.9287562794945958,-0.020374958844328876,0.7220823558627526,0.0,0.0,REGIME_CONFOUNDED,market_or_temporal_direction_is_not_consistent,False
T5_GE_5,MOMENTUM,RAW_CLOSE_RETURN_20D,-1,6569,6569,-0.047497948098112766,-0.005250971372357583,-0.04590818363273453,-0.017543859649122806,-0.028364323983611724,-0.042246976725755184,-0.32977273801855445,0.8753234891155426,-0.03334786092762668,0.7893549671992669,0.0,0.0,REGIME_CONFOUNDED,market_or_temporal_direction_is_not_consistent,False
T5_GE_5,MOMENTUM,RAW_CLOSE_RETURN_20D,0,6569,6569,-0.0725758950465217,-0.018512487258539226,-0.06227106227106227,-0.025380710659898477,-0.036890351611163795,-0.05406340778798248,-0.4145481724026242,0.8456386055716244,-0.04178932983883672,0.7729688443377387,0.0,0.0,REGIME_CONFOUNDED,market_or_temporal_direction_is_not_consistent,False
T5_GE_5,MOMENTUM,RSI14,-20,6569,6569,50.49506450107163,49.99121073053421,49.48636788623513,49.25318727934539,0.2331806068897393,0.5038537705374182,0.04353888922822612,0.9690972750799208,0.4428863534915095,0.8789977953705101,1.0,1.0,NO_CLEAR_SIGNAL,effect_below_predeclared_discovery_floor,False
T5_GE_5,MOMENTUM,RSI14,-10,6569,6569,50.70975979952572,50.200836665212606,49.94108648581011,49.637226899101705,0.3038595867084055,0.5089231343131146,0.044082034651671965,0.9797533871213273,0.47085700493806826,0.9252025958174929,1.0,0.5,NO_CLEAR_SIGNAL,effect_below_predeclared_discovery_floor,False
T5_GE_5,MOMENTUM,RSI14,-5,6569,6569,46.51342204755136,49.00307269636435,46.5563810437778,48.32261263371317,-1.7662315899353729,-2.48965064881299,-0.23110754415987783,0.9174912467651087,-2.1420142462104863,0.8603673962175179,0.0,0.0,REGIME_CONFOUNDED,market_or_temporal_direction_is_not_consistent,False
T5_GE_5,MOMENTUM,RSI14,-3,6569,6569,45.16719351705309,47.64442374684403,45.07213284233018,47.23425160210867,-2.162118759778494,-2.4772302297909405,-0.22883186250519646,0.8878063632211903,-2.3668401315004957,0.9554380949485826,0.0,0.0,REGIME_CONFOUNDED,market_or_temporal_direction_is_not_consistent,False
T5_GE_5,MOMENTUM,RSI14,-1,6569,6569,42.673044144646276,47.00581871050004,42.90746150517493,46.68555458399928,-3.778093078824348,-4.332774565853761,-0.39246864332643483,0.8479220581519258,-4.080206930745504,0.9417076445428938,0.0,0.0,REGIME_CONFOUNDED,market_or_temporal_direction_is_not_consistent,False
T5_GE_5,MOMENTUM,RSI14,0,6569,6569,39.79855675802421,45.345617208135536,40.411778539542304,45.05532644431974,-4.643547904777435,-5.547060450111324,-0.4995454795676275,0.8036230780940781,-5.108131500576121,0.9208717926399388,0.0,0.0,REGIME_CONFOUNDED,market_or_temporal_direction_is_not_consistent,False
T5_GE_5,MOMENTUM,MACD_12_26_9,-20,6569,6569,3.415577379978251,1.8496543033751172,0.022246112840555346,-0.027156325249338052,0.0494024380898934,1.5659230766031338,0.06322307713086193,0.9858425940021308,0.2791258420568916,0.178250034262464,1.0,0.5,NO_CLEAR_SIGNAL,effect_below_predeclared_discovery_floor,False
T5_GE_5,MOMENTUM,MACD_12_26_9,-10,6569,6569,3.001507041707937,1.6863716859498108,0.00913704360242616,-0.019984947641918188,0.02912199124434435,1.315135355758126,0.05045644479082293,0.9882782767544527,0.1791028186654612,0.13618584420324947,1.0,0.5,NO_CLEAR_SIGNAL,effect_below_predeclared_discovery_floor,False
T5_GE_5,MOMENTUM,MACD_12_26_9,-5,6569,6569,1.339812967195391,1.5237877388153511,-0.09965657116724472,-0.04786641773401754,-0.051790153433227175,-0.18397477161996023,-0.007319482696444298,0.9917795707109148,-0.11332075397514978,0.6159581173946956,0.5,0.5,NO_CLEAR_SIGNAL,effect_below_predeclared_discovery_floor,False
T5_GE_5,MOMENTUM,MACD_12_26_9,-3,6569,6569,0.27766684397695535,1.375365235105823,-0.20792130932634706,-0.10074308662106296,-0.1071782227052841,-1.0976983911288676,-0.04490489628887855,0.9957375551834371,-0.2987226064985185,0.2721354143475729,0.0,0.0,REGIME_CONFOUNDED,market_or_temporal_direction_is_not_consistent,False
T5_GE_5,MOMENTUM,MACD_12_26_9,-1,6569,6569,-1.0318570205910194,0.9988039022630725,-0.3556557494581821,-0.14761092227284406,-0.20804482718533807,-2.030660922854092,-0.08786368631588606,0.9575277820063937,-0.5085628188560334,0.2504420177354124,0.0,0.0,REGIME_CONFOUNDED,market_or_temporal_direction_is_not_consistent,False
T5_GE_5,MOMENTUM,MACD_12_26_9,0,6569,6569,-2.051242529127342,0.5919844273226862,-0.475987809154082,-0.1939711386895607,-0.2820166704645213,-2.6432269564500284,-0.11736429962796913,0.992084031054955,-0.6751981108444138,0.2554446220354967,0.0,0.0,REGIME_CONFOUNDED,market_or_temporal_direction_is_not_consistent,False
T5_GE_5,MOMENTUM,MACD_SIGNAL_12_26_9,-20,6569,6569,3.2360826855062195,1.755434675150791,0.06147014422105011,-0.015735594286620774,0.07720573850767089,1.4806480103554285,0.06560592960072532,0.9834069112498095,0.29322250557976703,0.19803660527621225,1.0,0.5,NO_CLEAR_SIGNAL,effect_below_predeclared_discovery_floor,False
T5_GE_5,MOMENTUM,MACD_SIGNAL_12_26_9,-10,6569,6569,3.14134090098154,1.7116026942725415,0.0071356902562414205,-0.020971171034457614,0.028106861290699035,1.4297382067089985,0.058250144798752186,0.9824935302176889,0.19077271200186244,0.13343191858947875,1.0,0.5,NO_CLEAR_SIGNAL,effect_below_predeclared_discovery_floor,False
T5_GE_5,MOMENTUM,MACD_SIGNAL_12_26_9,-5,6569,6569,2.406201864109147,1.6346621154415835,-0.024483243894529973,-0.017784708659882097,-0.006698535234647876,0.7715397486675637,0.03124472499565876,0.9910184198508143,0.05660556321021459,0.07336700838546745,0.5,0.5,NO_CLEAR_SIGNAL,effect_below_predeclared_discovery_floor,False
T5_GE_5,MOMENTUM,MACD_SIGNAL_12_26_9,-3,6569,6569,1.7243706449435847,1.5598158294500943,-0.07952256679527564,-0.0399526069245013,-0.03956995987077434,0.16455481549349038,0.006790616808976008,0.9917795707109147,-0.0607683960285261,0.36928968530203865,0.5,0.5,NO_CLEAR_SIGNAL,effect_below_predeclared_discovery_floor,False
T5_GE_5,MOMENTUM,MACD_SIGNAL_12_26_9,-1,6569,6569,0.8478617978873019,1.394314654309121,-0.1642367468726229,-0.07126826234698704,-0.09296848452563587,-0.5464528564218191,-0.023305881110616187,0.9952808646673768,-0.19990517748776593,0.3658232821706667,0.0,0.0,REGIME_CONFOUNDED,market_or_temporal_direction_is_not_consistent,False
T5_GE_5,MOMENTUM,MACD_SIGNAL_12_26_9,0,6569,6569,0.268040932484373,1.2338486089118341,-0.21792422840814804,-0.0976704497082096,-0.12025377869993845,-0.9658076764274611,-0.04215779217630817,0.9879738164104125,-0.29354314212050764,0.3039353996505067,0.0,0.0,REGIME_CONFOUNDED,market_or_temporal_direction_is_not_consistent,False
T5_GE_5,MOMENTUM,MACD_HISTOGRAM_12_26_9,-20,6569,6569,0.17949469447203162,0.09421962822432609,0.0028859045995420054,0.006841810157867954,-0.003955905558325949,0.08527506624770553,0.012964469529676465,0.9866037448622317,-0.009842164830591756,0.11541667762534955,0.5,0.5,NO_CLEAR_SIGNAL,effect_below_predeclared_discovery_floor,False
T5_GE_5,MOMENTUM,MACD_HISTOGRAM_12_26_9,-10,6569,6569,-0.13983385927360326,-0.025231008322730567,0.001499139146233078,-0.0009185023199409816,0.0024176414661740593,-0.11460285095087269,-0.01934443243465103,0.9738164104125437,-0.017327811160476728,0.15119877923372707,0.0,0.0,REGIME_CONFOUNDED,market_or_temporal_direction_is_not_consistent,False
T5_GE_5,MOMENTUM,MACD_HISTOGRAM_12_26_9,-5,6569,6569,-1.0663888969137563,-0.1108743766262325,-0.07462549870964531,-0.01759301837737958,-0.05703248033226573,-0.9555145202875238,-0.137581007922943,0.9756431724767848,-0.18108448362469376,0.18951515626387722,0.0,0.0,REGIME_CONFOUNDED,market_or_temporal_direction_is_not_consistent,False
T5_GE_5,MOMENTUM,MACD_HISTOGRAM_12_26_9,-3,6569,6569,-1.4467038009666293,-0.18445059434427147,-0.1572727430990271,-0.044122070039769534,-0.11315067305925758,-1.2622532066223577,-0.17954091640653005,0.9812756888415283,-0.26366262920005973,0.20888251882963335,0.0,0.0,REGIME_CONFOUNDED,market_or_temporal_direction_is_not_consistent,False
T5_GE_5,MOMENTUM,MACD_HISTOGRAM_12_26_9,-1,6569,6569,-1.8797188184783211,-0.3955107520460485,-0.2395496993976548,-0.06547383035625572,-0.1740758690413991,-1.4842080664322725,-0.20182229904411142,0.8363525650783986,-0.36115830412515604,0.2433340124564243,0.0,0.0,REGIME_CONFOUNDED,market_or_temporal_direction_is_not_consistent,False
T5_GE_5,MOMENTUM,MACD_HISTOGRAM_12_26_9,0,6569,6569,-2.3192834616117155,-0.6418641815891478,-0.3323015774219788,-0.0932825914578,-0.2390189859641788,-1.6774192800225678,-0.20701016977263637,0.8756279494595829,-0.44735278202002204,0.266691093483797,0.0,0.0,REGIME_CONFOUNDED,market_or_temporal_direction_is_not_consistent,False
T5_GE_5,MOMENTUM,rsi_change_5,-20,6569,6569,-0.6910200163705383,-0.44406475926206584,-1.0300732912815462,-1.1343897152931746,0.10431642401162833,-0.2469552571084725,-0.025764546791825927,0.9701628862840617,-0.16741060469482794,0.6778985256478852,0.0,0.5,REGIME_CONFOUNDED,market_or_temporal_direction_is_not_consistent,False
T5_GE_5,MOMENTUM,rsi_change_5,-10,6569,6569,0.5278911640947116,0.3827457520482914,0.3696179388909897,0.14497556565773095,0.22464237323325875,0.14514541204642017,0.014900225179538677,0.969706195768001,0.24605249677561405,1.695213739838514,1.0,0.0,REGIME_CONFOUNDED,market_or_temporal_direction_is_not_consistent,False
T5_GE_5,MOMENTUM,rsi_change_5,-5,6569,6569,-4.196337751974358,-1.197763968848259,-3.84130202305996,-1.5972855102131263,-2.2440165128468337,-2.998573783126099,-0.33744742880428,0.8763891003196833,-2.5435515552145427,0.8482537830244141,0.0,0.0,REGIME_CONFOUNDED,market_or_temporal_direction_is_not_consistent,False
T5_GE_5,MOMENTUM,rsi_change_5,-3,6569,6569,-4.128851967540884,-2.167178740277027,-3.787745254160299,-2.2301121724086386,-1.5576330817516606,-1.9616732272638568,-0.21284389934207423,0.878824783072005,-1.6964999280196613,0.8648228993704219,0.0,0.0,REGIME_CONFOUNDED,market_or_temporal_direction_is_not_consistent,False
T5_GE_5,MOMENTUM,rsi_change_5,-1,6569,6569,-4.9070213425605465,-2.1144374921265667,-4.401593464286208,-2.4508465857518544,-1.9507468785343534,-2.7925838504339797,-0.3054297605072282,0.8765413304917034,-2.309661785934039,0.8270698069012709,0.0,0.0,REGIME_CONFOUNDED,market_or_temporal_direction_is_not_consistent,False
T5_GE_5,MOMENTUM,rsi_change_5,0,6569,6569,-6.714865289527149,-3.6574554882288073,-6.5602793236720345,-4.021020985889315,-2.5392583377827194,-3.0574098012983413,-0.33724608731629496,0.8465519866037448,-2.768882666743327,0.9056302055313323,0.0,0.0,REGIME_CONFOUNDED,market_or_temporal_direction_is_not_consistent,False
T5_GE_5,MOMENTUM,macd_hist_change_5,-20,6569,6569,0.018677547403172515,0.037291868628692326,-0.019286620849114033,-0.016951190192991905,-0.0023354306561221283,-0.01861432122551981,-0.0031245014252204053,0.9721418785203225,-0.01853189716821907,0.9955720084389786,0.5,0.5,NO_CLEAR_SIGNAL,effect_below_predeclared_discovery_floor,False
T5_GE_5,MOMENTUM,macd_hist_change_5,-10,6569,6569,-0.051560328497659715,0.01661042177253116,0.012067835973133788,0.005205214557580116,0.0068626214155536715,-0.06817075027019087,-0.011390190391850703,0.9916273405388946,0.020311072091646742,0.2979440890872547,0.0,0.5,REGIME_CONFOUNDED,market_or_temporal_direction_is_not_consistent,False
T5_GE_5,MOMENTUM,macd_hist_change_5,-5,6569,6569,-0.9265550376401531,-0.08564336830350192,-0.08398958927393742,-0.020970215939909158,-0.06301937333402827,-0.8409116693366512,-0.12634940638103495,0.9547876389100318,-0.17535990634366994,0.20853546542171508,0.0,0.0,REGIME_CONFOUNDED,market_or_temporal_direction_is_not_consistent,False
T5_GE_5,MOMENTUM,macd_hist_change_5,-3,6569,6569,-1.1346545671631418,-0.1795814469240502,-0.12539453283933377,-0.04606688412420429,-0.07932764871512948,-0.9550731202390916,-0.14538048202742893,0.9846247526259704,-0.20173525300850542,0.2112249300430561,0.0,0.0,REGIME_CONFOUNDED,market_or_temporal_direction_is_not_consistent,False
T5_GE_5,MOMENTUM,macd_hist_change_5,-1,6569,6569,-1.056063568790573,-0.2788781987052818,-0.13317126049497446,-0.051128822546981784,-0.08204243794799268,-0.7771853700852913,-0.13724207873225108,0.9707718069721419,-0.1915152879220389,0.24642163284805693,0.0,0.0,REGIME_CONFOUNDED,market_or_temporal_direction_is_not_consistent,False
T5_GE_5,MOMENTUM,macd_hist_change_5,0,6569,6569,-1.252894564697959,-0.5309898049629154,-0.18396351398986655,-0.07594484951384778,-0.10801866447601877,-0.7219047597350436,-0.11951173262039444,0.9856903638301112,-0.2175799499817023,0.3013970292446324,0.0,0.0,REGIME_CONFOUNDED,market_or_temporal_direction_is_not_consistent,False
T5_GE_5,VOLUME_PARTICIPATION,VOLUME_MA5,-20,6569,6569,6559257.524828741,5092083.501385295,1296000.0,1081705.0,214295.0,1467174.0234434465,0.06759152049790715,0.995280864667377,431577.50949210534,0.2941556370247042,1.0,1.0,NO_CLEAR_SIGNAL,effect_below_predeclared_discovery_floor,False
T5_GE_5,VOLUME_PARTICIPATION,VOLUME_MA5,-10,6569,6569,6472606.604932258,5104062.987760694,1344393.6,1095200.0,249193.6000000001,1368543.6171715641,0.062449140621610624,0.9977165474196984,495683.26509415987,0.36219763760150564,1.0,1.0,NO_CLEAR_SIGNAL,effect_below_predeclared_discovery_floor,False
T5_GE_5,VOLUME_PARTICIPATION,VOLUME_MA5,-5,6569,6569,5569761.694839397,4863410.859704673,1150600.0,1111404.4,39195.60000000009,706350.8351347242,0.040484696526042,0.9940630232912163,120893.29823093023,0.1711519151922174,1.0,1.0,NO_CLEAR_SIGNAL,effect_below_predeclared_discovery_floor,False
T5_GE_5,VOLUME_PARTICIPATION,VOLUME_MA5,-3,6569,6569,4893408.92729487,4736264.611112802,1065367.8,1084307.2,-18939.399999999907,157144.31618206762,0.010112192712779246,0.9957375551834372,-89692.77066768124,0.5707668775227166,0.5,1.0,NO_CLEAR_SIGNAL,effect_below_predeclared_discovery_floor,False
T5_GE_5,VOLUME_PARTICIPATION,VOLUME_MA5,-1,6569,6569,4331115.288323945,4661617.489450449,988621.2,1074730.8,-86109.6000000001,-330502.20112650376,-0.023971333799621124,0.9961942456994975,-226051.64622408221,0.6839641171937556,0.0,1.0,REGIME_CONFOUNDED,market_or_temporal_direction_is_not_consistent,False
T5_GE_5,VOLUME_PARTICIPATION,VOLUME_MA5,0,6569,6569,4236019.822134267,4591469.963982341,975084.4,1060000.0,-84915.59999999998,-355450.1418480743,-0.026215558509670653,0.9949764043233367,-222286.6588168156,0.6253666341532221,0.0,0.5,REGIME_CONFOUNDED,market_or_temporal_direction_is_not_consistent,False
T5_GE_5,VOLUME_PARTICIPATION,VOLUME_MA20,-20,6569,6569,6501243.701902878,5088251.855419395,1479814.45,1260940.95,218873.5,1412991.846483483,0.07203164743384967,0.9952808646673769,512182.41769069806,0.3624808019702081,1.0,1.0,NO_CLEAR_SIGNAL,effect_below_predeclared_discovery_floor,False
T5_GE_5,VOLUME_PARTICIPATION,VOLUME_MA20,-10,6569,6569,6502969.63910032,5087221.31639519,1510581.6,1252404.4,258177.2000000002,1415748.32270513,0.0728714791081747,0.9934541026031359,520326.0098249954,0.367527194968373,1.0,1.0,NO_CLEAR_SIGNAL,effect_below_predeclared_discovery_floor,False
T5_GE_5,VOLUME_PARTICIPATION,VOLUME_MA20,-5,6569,6569,6250318.75247374,5037474.244123915,1458850.0,1257199.55,201650.44999999995,1212844.5083498247,0.06485858501775253,0.9969553965595979,392993.472741107,0.3240262622583064,1.0,1.0,NO_CLEAR_SIGNAL,effect_below_predeclared_discovery_floor,False
T5_GE_5,VOLUME_PARTICIPATION,VOLUME_MA20,-3,6569,6569,6026835.207839854,4976520.290972751,1422716.55,1255232.4,167484.15000000014,1050314.9168671034,0.058267212721487244,0.9968031663875779,322083.71410500305,0.3066544223381304,1.0,1.0,NO_CLEAR_SIGNAL,effect_below_predeclared_discovery_floor,False
T5_GE_5,VOLUME_PARTICIPATION,VOLUME_MA20,-1,6569,6569,5768404.828680164,4945620.94515908,1381149.05,1243247.25,137901.80000000005,822783.8835210837,0.04796065724127823,0.995585325011417,224283.6194883017,0.27259116759614366,1.0,1.0,NO_CLEAR_SIGNAL,effect_below_predeclared_discovery_floor,False
T5_GE_5,VOLUME_PARTICIPATION,VOLUME_MA20,0,6569,6569,5669509.326800122,4912320.859773177,1367848.3,1243975.25,123873.05000000005,757188.4670269452,0.04510804799304446,0.9929974120870755,199356.84092638362,0.2632856278294177,1.0,1.0,NO_CLEAR_SIGNAL,effect_below_predeclared_discovery_floor,False
T5_GE_5,VOLUME_PARTICIPATION,VOLUME_RATIO_20,-20,6569,6569,1.0257256020015082,1.0371141925422211,0.760578468130691,0.7769767659551562,-0.016398297824465224,-0.01138859054071295,-0.011552986071097318,0.9812756888415283,-0.016542681428463046,1.452566177467246,0.5,0.5,NO_CLEAR_SIGNAL,effect_below_predeclared_discovery_floor,False
T5_GE_5,VOLUME_PARTICIPATION,VOLUME_RATIO_20,-10,6569,6569,1.0626062485484824,1.0623769194762045,0.7834602829162133,0.7644623036777497,0.01899797923846358,0.00022932907227790622,0.00021759417265356036,0.9827979905617289,0.009283710023214042,40.48204586971786,0.5,0.5,NO_CLEAR_SIGNAL,effect_below_predeclared_discovery_floor,False
T5_GE_5,VOLUME_PARTICIPATION,VOLUME_RATIO_20,-5,6569,6569,0.8568504294953636,1.0190396367786947,0.7000087902334882,0.7556495537264541,-0.05564076349296598,-0.16218920728333108,-0.19793643251876245,0.9445882173846855,-0.08705482181724766,0.5367485498906849,0.0,0.0,REGIME_CONFOUNDED,market_or_temporal_direction_is_not_consistent,False
T5_GE_5,VOLUME_PARTICIPATION,VOLUME_RATIO_20,-3,6569,6569,0.7974071667173116,1.0122452137961675,0.6586481189716789,0.7489944143977414,-0.09034629542606254,-0.2148380470788559,-0.2618628641888372,0.9047039123154209,-0.12464788156566475,0.5801946315398826,0.0,0.0,REGIME_CONFOUNDED,market_or_temporal_direction_is_not_consistent,False
T5_GE_5,VOLUME_PARTICIPATION,VOLUME_RATIO_20,-1,6569,6569,0.7825331129376368,1.0266448288002574,0.6347175123168469,0.7394593023971943,-0.10474179008034734,-0.2441117158626206,-0.27938634408087754,0.9103364286801642,-0.14287352060349812,0.585279244376388,0.0,0.0,REGIME_CONFOUNDED,market_or_temporal_direction_is_not_consistent,False
T5_GE_5,VOLUME_PARTICIPATION,VOLUME_RATIO_20,0,6569,6569,0.9348890674325545,1.0133444765852806,0.73049827012053,0.7733083879014655,-0.042810117780935464,-0.07845540915272609,-0.08891906923507802,0.9607246156188155,-0.04488301477758683,0.5720831139917302,0.0,0.0,REGIME_CONFOUNDED,market_or_temporal_direction_is_not_consistent,False
T5_GE_5,VOLUME_PARTICIPATION,volume_ratio_5_to_20,-20,6569,6569,1.0137768718368827,1.0208105637983511,0.8930275269147236,0.9051967153023774,-0.012169188387653795,-0.0070336919614684135,-0.01323059944919005,0.9786877759171867,-0.00698596991126299,0.9932152203328136,0.5,0.5,NO_CLEAR_SIGNAL,effect_below_predeclared_discovery_floor,False
T5_GE_5,VOLUME_PARTICIPATION,volume_ratio_5_to_20,-10,6569,6569,1.0104160812712215,1.0139200239174466,0.8982636354328495,0.8976484271304652,0.0006152083023842625,-0.003503942646225111,-0.006547696189281345,0.9686405845638604,-0.0010733985837491078,0.3063402264604725,0.0,0.0,REGIME_CONFOUNDED,market_or_temporal_direction_is_not_consistent,False
T5_GE_5,VOLUME_PARTICIPATION,volume_ratio_5_to_20,-5,6569,6569,0.9099322949655319,1.0103786052039316,0.8339688421314946,0.8994146120501421,-0.06544576991864748,-0.10044631023839978,-0.2103151991532788,0.9251027553661133,-0.07900952088027491,0.7865846011939444,0.0,0.0,REGIME_CONFOUNDED,market_or_temporal_direction_is_not_consistent,False
T5_GE_5,VOLUME_PARTICIPATION,volume_ratio_5_to_20,-3,6569,6569,0.8599699069219767,1.0003495846013564,0.80471578882433,0.8949416342412452,-0.09022584541691514,-0.14037967767937964,-0.3129859943804899,0.8925254985538131,-0.11180595637555968,0.7964540040540558,0.0,0.0,REGIME_CONFOUNDED,market_or_temporal_direction_is_not_consistent,False
T5_GE_5,VOLUME_PARTICIPATION,volume_ratio_5_to_20,-1,6569,6569,0.8311473100464761,0.9917584286632337,0.7746711821690163,0.8885862019093276,-0.11391501974031126,-0.1606111186167576,-0.3600353546198562,0.8750190287715024,-0.12867885200860907,0.801182714601822,0.0,0.0,REGIME_CONFOUNDED,market_or_temporal_direction_is_not_consistent,False
T5_GE_5,VOLUME_PARTICIPATION,volume_ratio_5_to_20,0,6569,6569,0.84046700409261,0.9907783467447495,0.7807486631016043,0.8854970639321501,-0.10474840083054582,-0.15031134265213952,-0.33247264752578454,0.885979601156949,-0.12058234194551487,0.8022171834668161,0.0,0.0,REGIME_CONFOUNDED,market_or_temporal_direction_is_not_consistent,False
T5_GE_5,VOLUME_PARTICIPATION,volume_expansion_state,-20,6569,6569,0.32896940173542394,0.3413000456690516,0.0,0.0,0.0,-0.01233064393362765,-0.02612439633662635,0.9876693560663723,-0.015408027392048662,1.2495719992391066,0.0,0.5,REGIME_CONFOUNDED,market_or_temporal_direction_is_not_consistent,False
T5_GE_5,VOLUME_PARTICIPATION,volume_expansion_state,-10,6569,6569,0.3466281016897549,0.3408433551529913,0.0,0.0,0.0,0.005784746536763585,0.012179814376257491,0.9942152534632365,0.007228457295035184,1.2495719992391088,1.0,0.5,NO_CLEAR_SIGNAL,effect_below_predeclared_discovery_floor,False
T5_GE_5,VOLUME_PARTICIPATION,volume_expansion_state,-5,6569,6569,0.26944740447556703,0.3364286801644086,0.0,0.0,0.0,-0.06698127568884155,-0.14614948184449142,0.9330187243111584,-0.08369792657409167,1.2495719992391092,0.0,0.0,REGIME_CONFOUNDED,market_or_temporal_direction_is_not_consistent,False
T5_GE_5,VOLUME_PARTICIPATION,volume_expansion_state,-3,6569,6569,0.23778352869538744,0.3309483939716852,0.0,0.0,0.0,-0.09316486527629775,-0.20763268259618683,0.9068351347237023,-0.11641620696214572,1.24957199923911,0.0,0.0,REGIME_CONFOUNDED,market_or_temporal_direction_is_not_consistent,False
T5_GE_5,VOLUME_PARTICIPATION,volume_expansion_state,-1,6569,6569,0.22956309940630232,0.32638148881108237,0.0,0.0,0.0,-0.09681838940478005,-0.21738548014147643,0.90318161059522,-0.12098154841164163,1.2495719992391097,0.0,0.0,REGIME_CONFOUNDED,market_or_temporal_direction_is_not_consistent,False
T5_GE_5,VOLUME_PARTICIPATION,volume_expansion_state,0,6569,6569,0.30796163799665094,0.3437357284213731,0.0,0.0,0.0,-0.03577409042472218,-0.07638330088113317,0.9642259095752779,-0.044702301692980784,1.2495719992391097,0.0,0.0,REGIME_CONFOUNDED,market_or_temporal_direction_is_not_consistent,False
T5_GE_5,VOLUME_PARTICIPATION,volume_contraction_state,-20,6569,6569,0.670878368092556,0.6586999543309484,1.0,1.0,0.0,0.012178413761607554,0.02580036602158517,0.9878215862383924,0.015217804831653026,1.2495719992391088,1.0,0.5,NO_CLEAR_SIGNAL,effect_below_predeclared_discovery_floor,False
T5_GE_5,VOLUME_PARTICIPATION,volume_contraction_state,-10,6569,6569,0.653219668138225,0.6591566448470086,1.0,1.0,0.0,-0.005936976708783681,-0.012499689257971616,0.9940630232912162,-0.007418679855430876,1.2495719992391134,0.0,0.5,REGIME_CONFOUNDED,market_or_temporal_direction_is_not_consistent,False
T5_GE_5,VOLUME_PARTICIPATION,volume_contraction_state,-5,6569,6569,0.730552595524433,0.6634190896635713,1.0,1.0,0.0,0.06713350586086164,0.146472961988638,0.9328664941391384,0.08388814913448728,1.2495719992391083,1.0,1.0,PROMISING_DISCOVERY_SIGNAL,bounded_effect_requires_confirmatory_research,False
T5_GE_5,VOLUME_PARTICIPATION,volume_contraction_state,-3,6569,6569,0.7622164713046126,0.6690516060283148,1.0,1.0,0.0,0.09316486527629775,0.20763268259618683,0.9068351347237023,0.11641620696214572,1.24957199923911,1.0,1.0,ROBUST_DISCOVERY_SIGNAL,bounded_effect_and_cross_segment_consistency,False
T5_GE_5,VOLUME_PARTICIPATION,volume_contraction_state,-1,6569,6569,0.7704369005936976,0.6734662810168975,1.0,1.0,0.0,0.09697061957680009,0.21771278377617562,0.9030293804231999,0.12117177097203735,1.249571999239111,1.0,1.0,ROBUST_DISCOVERY_SIGNAL,bounded_effect_and_cross_segment_consistency,False
T5_GE_5,VOLUME_PARTICIPATION,volume_contraction_state,0,6569,6569,0.6920383620033491,0.6562642715786269,1.0,1.0,0.0,0.03577409042472224,0.07638330088113329,0.9642259095752779,0.04470230169298084,1.2495719992391092,1.0,1.0,NO_CLEAR_SIGNAL,effect_below_predeclared_discovery_floor,False
T5_GE_5,VOLATILITY_COMPRESSION,true_range_pct,-20,6569,6569,0.04066558946363822,0.037884142547891984,0.03287380699893949,0.030245746691871484,0.002628060307068008,0.0027814469157462357,0.10830534870333616,0.946871669964987,0.0030132339704444927,1.0833332656417318,1.0,1.0,PROMISING_DISCOVERY_SIGNAL,bounded_effect_requires_confirmatory_research,False
T5_GE_5,VOLATILITY_COMPRESSION,true_range_pct,-10,6569,6569,0.041287236352916507,0.03759123833289886,0.03257328990228013,0.029411764705882353,0.0031615251963977783,0.003695998020017646,0.13883124030340263,0.9365200182676203,0.003910834119209575,1.0581266813532824,1.0,1.0,PROMISING_DISCOVERY_SIGNAL,bounded_effect_requires_confirmatory_research,False
T5_GE_5,VOLATILITY_COMPRESSION,true_range_pct,-5,6569,6569,0.03767088103545954,0.038059527532263264,0.03172737955346654,0.03050847457627114,0.0012189049771954043,-0.0003886464968037226,-0.01649647054814824,0.9322575734510578,0.00045366907968158454,1.167305207721196,0.5,0.0,REGIME_CONFOUNDED,market_or_temporal_direction_is_not_consistent,False
T5_GE_5,VOLATILITY_COMPRESSION,true_range_pct,-3,6569,6569,0.03658059554507708,0.040405059686341116,0.03103448275862064,0.03179190751445091,-0.000757424755830266,-0.003824464141264035,-0.15770962880347084,0.9229715329578322,-0.002996229696445224,0.7834377799800553,0.0,0.5,REGIME_CONFOUNDED,market_or_temporal_direction_is_not_consistent,False
T5_GE_5,VOLATILITY_COMPRESSION,true_range_pct,-1,6569,6569,0.04168407402720821,0.04116470905534828,0.03286384976525822,0.032755298651252464,0.00010855111400575462,0.0005193649718599272,0.01922738961281946,0.9488506622012479,0.0007059203446470527,1.359198988948064,1.0,0.5,NO_CLEAR_SIGNAL,effect_below_predeclared_discovery_floor,False
T5_GE_5,VOLATILITY_COMPRESSION,true_range_pct,0,6569,6569,0.04615228188680114,0.04555296114234697,0.036755386565272385,0.03622047244094484,0.0005349141243275457,0.0005993207444541723,0.020434483247331575,0.9767087836809255,0.0006627186872091712,1.1057829940672887,1.0,0.5,NO_CLEAR_SIGNAL,effect_below_predeclared_discovery_floor,False
T5_GE_5,VOLATILITY_COMPRESSION,rolling_range_pct_5,-20,6569,6569,0.09599304258110619,0.08933638848134154,0.08171206225680934,0.07427055702917779,0.0074415052276315535,0.006656654099764653,0.11820030058453072,0.9391079311919623,0.007022668374562974,1.0549847219508164,1.0,1.0,PROMISING_DISCOVERY_SIGNAL,bounded_effect_requires_confirmatory_research,False
T5_GE_5,VOLATILITY_COMPRESSION,rolling_range_pct_5,-10,6569,6569,0.09787505840224175,0.09067773859825874,0.08144796380090501,0.07420494699646643,0.007243016804438576,0.007197319803983013,0.12063758164570458,0.9450449079007458,0.0076556868991058125,1.063685803549974,1.0,1.0,PROMISING_DISCOVERY_SIGNAL,bounded_effect_requires_confirmatory_research,False
T5_GE_5,VOLATILITY_COMPRESSION,rolling_range_pct_5,-5,6569,6569,0.09404296892393169,0.09240144311766454,0.07785888077858888,0.076103500761035,0.0017553800175538758,0.0016415258062671412,0.025934359445344345,0.9960420155274774,0.0014876616921269542,0.9062676239674375,1.0,0.5,NO_CLEAR_SIGNAL,effect_below_predeclared_discovery_floor,False
T5_GE_5,VOLATILITY_COMPRESSION,rolling_range_pct_5,-3,6569,6569,0.09355542321039682,0.0968268284401476,0.07816711590296511,0.08064516129032258,-0.0024780453873574637,-0.003271405229750779,-0.056999616786896856,0.9546354087380119,-0.0032475645196122227,0.9927123946853956,0.0,0.5,REGIME_CONFOUNDED,market_or_temporal_direction_is_not_consistent,False
T5_GE_5,VOLATILITY_COMPRESSION,rolling_range_pct_5,-1,6569,6569,0.09862535968635704,0.10032699334187788,0.08053691275167785,0.08226950354609926,-0.0017325907944214097,-0.00170163365552084,-0.02651569812247952,0.9654437509514384,-0.0009873030218780776,0.5802089178683303,0.0,0.5,REGIME_CONFOUNDED,market_or_temporal_direction_is_not_consistent,False
T5_GE_5,VOLATILITY_COMPRESSION,rolling_range_pct_5,0,6569,6569,0.11384332943423583,0.10798784903457753,0.08709677419354825,0.08717948717948715,-8.271298593889864e-05,0.005855480399658303,0.07654620199621263,0.9468716699649867,0.0035249048744450395,0.6019838909631968,1.0,0.5,NO_CLEAR_SIGNAL,effect_below_predeclared_discovery_floor,False
T5_GE_5,VOLATILITY_COMPRESSION,rolling_range_pct_20,-20,6569,6569,0.20283751539801909,0.1872939856976539,0.17592592592592593,0.16030534351145037,0.015620582414475559,0.015543529700365183,0.14307292279061604,0.9388034708479219,0.015734291039030485,1.0122727168373358,1.0,1.0,PROMISING_DISCOVERY_SIGNAL,bounded_effect_requires_confirmatory_research,False
T5_GE_5,VOLATILITY_COMPRESSION,rolling_range_pct_20,-10,6569,6569,0.20346030924760247,0.18709156934502946,0.17597292724196287,0.16039603960396043,0.01557688763800244,0.01636873990257301,0.15122407349814607,0.9328664941391382,0.016819118337643074,1.0275145452704804,1.0,1.0,PROMISING_DISCOVERY_SIGNAL,bounded_effect_requires_confirmatory_research,False
T5_GE_5,VOLATILITY_COMPRESSION,rolling_range_pct_20,-5,6569,6569,0.20594773783721407,0.1902712853775058,0.1746987951807229,0.16176470588235295,0.01293408929836995,0.01567645245970828,0.1305174368246401,0.9444359872126654,0.013143657214119614,0.8384331370826102,1.0,1.0,PROMISING_DISCOVERY_SIGNAL,bounded_effect_requires_confirmatory_research,False
T5_GE_5,VOLATILITY_COMPRESSION,rolling_range_pct_20,-3,6569,6569,0.20775306500637084,0.19482640378577046,0.17668269230769235,0.1674418604651162,0.009240831842576153,0.012926661220600377,0.10677888236132083,0.9596590044146748,0.009899196172257957,0.7657968289972861,1.0,1.0,PROMISING_DISCOVERY_SIGNAL,bounded_effect_requires_confirmatory_research,False
T5_GE_5,VOLATILITY_COMPRESSION,rolling_range_pct_20,-1,6569,6569,0.2186798435867203,0.20219248701273404,0.18375241779497098,0.1716867469879518,0.012065670807019174,0.016487356573986256,0.12386670467911907,0.9445882173846857,0.014358547420663476,0.8708823246607273,1.0,1.0,PROMISING_DISCOVERY_SIGNAL,bounded_effect_requires_confirmatory_research,False
T5_GE_5,VOLATILITY_COMPRESSION,rolling_range_pct_20,0,6569,6569,0.23955526362865792,0.21155261184136853,0.19230769230769232,0.1782178217821783,0.014089870525514026,0.02800265178728939,0.18535789546811285,0.9369767087836808,0.02155093730163493,0.7696034456071429,1.0,1.0,PROMISING_DISCOVERY_SIGNAL,bounded_effect_requires_confirmatory_research,False
T5_GE_5,VOLATILITY_COMPRESSION,range_compression_5_to_20,-20,6569,6569,0.4998779793397952,0.5060334183193593,0.47887323943661964,0.4782608695652174,0.0006123698714022296,-0.00615543897956411,-0.03128213849018858,0.9529608768457909,-0.004177731637823867,0.6787057189087282,0.0,1.0,REGIME_CONFOUNDED,market_or_temporal_direction_is_not_consistent,False
T5_GE_5,VOLATILITY_COMPRESSION,range_compression_5_to_20,-10,6569,6569,0.502638773322319,0.5057023365918557,0.47513812154696117,0.4811320754716992,-0.00599395392473806,-0.0030635632695367176,-0.015376873539636713,0.9707718069721418,-0.0024611161701532103,0.8033508544203785,0.0,0.5,REGIME_CONFOUNDED,market_or_temporal_direction_is_not_consistent,False
T5_GE_5,VOLATILITY_COMPRESSION,range_compression_5_to_20,-5,6569,6569,0.4864767538031872,0.5101978389597946,0.45977011494252856,0.4884488448844884,-0.028678729941959857,-0.023721085156607424,-0.12378456216717963,0.9445882173846857,-0.024602039359242767,1.037138022852633,0.0,0.0,REGIME_CONFOUNDED,market_or_temporal_direction_is_not_consistent,False
T5_GE_5,VOLATILITY_COMPRESSION,range_compression_5_to_20,-3,6569,6569,0.486647111793385,0.5232236635354685,0.46000000000000085,0.5,-0.03999999999999915,-0.03657655174208346,-0.1850997286985971,0.9238849139899528,-0.037772747917214744,1.0327039077813065,0.0,0.0,REGIME_CONFOUNDED,market_or_temporal_direction_is_not_consistent,False
T5_GE_5,VOLATILITY_COMPRESSION,range_compression_5_to_20,-1,6569,6569,0.48544125304178837,0.5225421227745598,0.45814977973568277,0.5031446540880503,-0.04499487435236754,-0.037100869732771435,-0.18865864206886568,0.9158167148728877,-0.03912180612819577,1.0544714021525816,0.0,0.0,REGIME_CONFOUNDED,market_or_temporal_direction_is_not_consistent,False
T5_GE_5,VOLATILITY_COMPRESSION,range_compression_5_to_20,0,6569,6569,0.5005197015588679,0.5335032561794152,0.47999999999999976,0.5121951219512192,-0.03219512195121943,-0.03298355462054725,-0.1675048993409889,0.9293652001826761,-0.03483012437805305,1.0559845589339687,0.0,0.0,REGIME_CONFOUNDED,market_or_temporal_direction_is_not_consistent,False
T5_GE_5,VOLATILITY_COMPRESSION,realized_vol_5,-20,6569,6569,0.02337359672780338,0.021520769620136472,0.019042685974606698,0.0176248190588496,0.0014178669157570989,0.001852827107666908,0.12455948907758106,0.9468716699649871,0.0019061524215223669,1.0287805125663378,1.0,1.0,PROMISING_DISCOVERY_SIGNAL,bounded_effect_requires_confirmatory_research,False
T5_GE_5,VOLATILITY_COMPRESSION,realized_vol_5,-10,6569,6569,0.023306257862971403,0.021420013356278845,0.019158060799068042,0.01734011419440447,0.0018179466046635735,0.0018862445066925582,0.12857013550530644,0.9442837570406454,0.0019476522220700822,1.0325555436528213,1.0,1.0,PROMISING_DISCOVERY_SIGNAL,bounded_effect_requires_confirmatory_research,False
T5_GE_5,VOLATILITY_COMPRESSION,realized_vol_5,-5,6569,6569,0.021417359955700828,0.021966450082203524,0.017808497824400454,0.017723948720902175,8.454910349827913e-05,-0.0005490901265026958,-0.037794193204713084,0.9557010199421524,-0.0005017077448629913,0.9137074601186225,0.0,0.5,REGIME_CONFOUNDED,market_or_temporal_direction_is_not_consistent,False
T5_GE_5,VOLATILITY_COMPRESSION,realized_vol_5,-3,6569,6569,0.02129259653681393,0.02279852297286783,0.018157486159080204,0.018782995096023353,-0.0006255089369431484,-0.001505926436053899,-0.10680594674627295,0.9505251940934693,-0.0013167446688602258,0.8743751602572291,0.0,0.0,REGIME_CONFOUNDED,market_or_temporal_direction_is_not_consistent,False
T5_GE_5,VOLATILITY_COMPRESSION,realized_vol_5,-1,6569,6569,0.022104103191933035,0.02357615484423287,0.018325075349389094,0.01912945904122418,-0.0008043836918350845,-0.0014720516522998342,-0.10044041897809237,0.9521997259856904,-0.0012999129810805955,0.8830620712593197,0.0,0.0,REGIME_CONFOUNDED,market_or_temporal_direction_is_not_consistent,False
T5_GE_5,VOLATILITY_COMPRESSION,realized_vol_5,0,6569,6569,0.02283699215463204,0.024879383743914355,0.018494715835279448,0.019622319497945254,-0.0011276036626658055,-0.002042391589282315,-0.1282966762621385,0.9401735423961027,-0.0017468173884239088,0.8552803476035321,0.0,0.0,REGIME_CONFOUNDED,market_or_temporal_direction_is_not_consistent,False
T5_GE_5,VOLATILITY_COMPRESSION,realized_vol_20,-20,6569,6569,0.02804453280117468,0.025880143412733928,0.025126082007533707,0.02252590862789098,0.0026001733796427277,0.002164389388440751,0.15731060188638726,0.9278428984624753,0.0023417814368790063,1.081959396671248,1.0,1.0,PROMISING_DISCOVERY_SIGNAL,bounded_effect_requires_confirmatory_research,False
T5_GE_5,VOLATILITY_COMPRESSION,realized_vol_20,-10,6569,6569,0.027718000221803873,0.025622551646708867,0.025199190035893722,0.02270099758715543,0.002498192448738293,0.002095448575095006,0.1586871498001065,0.9325620337950982,0.0021609884362070522,1.0312772462617341,1.0,1.0,PROMISING_DISCOVERY_SIGNAL,bounded_effect_requires_confirmatory_research,False
T5_GE_5,VOLATILITY_COMPRESSION,realized_vol_20,-5,6569,6569,0.027014797656700593,0.0257749211315094,0.02396965858767364,0.02280183615570178,0.00116782243197186,0.0012398765251911935,0.09456451658768042,0.9617902268229561,0.001243139141888075,1.002631404523429,1.0,1.0,NO_CLEAR_SIGNAL,effect_below_predeclared_discovery_floor,False
T5_GE_5,VOLATILITY_COMPRESSION,realized_vol_20,-3,6569,6569,0.026828453541139757,0.026133343052167784,0.023984056765145846,0.023504336884877138,0.0004797198802687086,0.0006951104889719728,0.05389438663295627,0.9716851880042624,0.000698641612952626,1.0050799463346836,1.0,1.0,NO_CLEAR_SIGNAL,effect_below_predeclared_discovery_floor,False
T5_GE_5,VOLATILITY_COMPRESSION,realized_vol_20,-1,6569,6569,0.027106562900483137,0.026527798110934364,0.02471574619537928,0.02391785190801856,0.0007978942873607189,0.0005787647895487726,0.04506482932223584,0.9715329578322424,0.0006616030909702454,1.1431294766325657,1.0,1.0,NO_CLEAR_SIGNAL,effect_below_predeclared_discovery_floor,False
T5_GE_5,VOLATILITY_COMPRESSION,realized_vol_20,0,6569,6569,0.027437186951729732,0.02711761777476379,0.024869600050549376,0.024592355046287023,0.00027724500426235324,0.0003195691769659406,0.02450142540066859,0.948698432029228,0.00045594549121427685,1.426750525639308,1.0,0.5,NO_CLEAR_SIGNAL,effect_below_predeclared_discovery_floor,False
T5_GE_5,VOLATILITY_COMPRESSION,volatility_contraction_5_to_20,-20,6569,6569,0.8455579240982158,0.8476780387048182,0.8145233703194181,0.8212628636171013,-0.006739493297683197,-0.00212011460660233,-0.00595638646628423,0.9716851880042624,-0.00262981659245598,1.2404124683950422,0.5,0.5,NO_CLEAR_SIGNAL,effect_below_predeclared_discovery_floor,False
T5_GE_5,VOLATILITY_COMPRESSION,volatility_contraction_5_to_20,-10,6569,6569,0.84688173891851,0.8428474186792344,0.822495969254157,0.8116972799650668,0.010798689289090224,0.004034320239275635,0.011497854971314541,0.9686405845638605,0.005499715843456654,1.3632323457902122,1.0,0.5,NO_CLEAR_SIGNAL,effect_below_predeclared_discovery_floor,False
T5_GE_5,VOLATILITY_COMPRESSION,volatility_contraction_5_to_20,-5,6569,6569,0.8100046943114443,0.856351932487133,0.7850220444631297,0.8214745482546618,-0.03645250379153209,-0.046347238175688754,-0.13400635452022827,0.9392601613639825,-0.045679770330594116,0.9855985411134001,0.0,0.0,REGIME_CONFOUNDED,market_or_temporal_direction_is_not_consistent,False
T5_GE_5,VOLATILITY_COMPRESSION,volatility_contraction_5_to_20,-3,6568,6569,0.8211443574744801,0.8786460703464654,0.7788746597237621,0.8389120243104112,-0.0600373645866491,-0.057501712871985244,-0.15994659902147226,0.9295800097494062,-0.06043891880852115,1.0510803207388784,0.0,0.0,REGIME_CONFOUNDED,market_or_temporal_direction_is_not_consistent,False
T5_GE_5,VOLATILITY_COMPRESSION,volatility_contraction_5_to_20,-1,6568,6569,0.8341751601150174,0.89490818603622,0.7891155025587675,0.8556143027662806,-0.06649880020751309,-0.060733025921202666,-0.1624309767677659,0.9280538837328618,-0.06770935577390691,1.114868800737108,0.0,0.0,REGIME_CONFOUNDED,market_or_temporal_direction_is_not_consistent,False
T5_GE_5,VOLATILITY_COMPRESSION,volatility_contraction_5_to_20,0,6568,6569,0.842716022129241,0.9099900981162148,0.7980587769075622,0.8649029217069247,-0.06684414479936251,-0.06727407598697377,-0.17889023340384674,0.9298843310281247,-0.06710085247454867,0.9974251075189997,0.0,0.0,REGIME_CONFOUNDED,market_or_temporal_direction_is_not_consistent,False
T5_GE_5,RELATIVE_STRENGTH,benchmark_relative_return_5D,-20,0,0,,,,,,,,,,,,,NO_CLEAR_SIGNAL,sample_below_discovery_floor,False
T5_GE_5,RELATIVE_STRENGTH,benchmark_relative_return_5D,-10,0,0,,,,,,,,,,,,,NO_CLEAR_SIGNAL,sample_below_discovery_floor,False
T5_GE_5,RELATIVE_STRENGTH,benchmark_relative_return_5D,-5,0,0,,,,,,,,,,,,,NO_CLEAR_SIGNAL,sample_below_discovery_floor,False
T5_GE_5,RELATIVE_STRENGTH,benchmark_relative_return_5D,-3,0,0,,,,,,,,,,,,,NO_CLEAR_SIGNAL,sample_below_discovery_floor,False
T5_GE_5,RELATIVE_STRENGTH,benchmark_relative_return_5D,-1,0,0,,,,,,,,,,,,,NO_CLEAR_SIGNAL,sample_below_discovery_floor,False
T5_GE_5,RELATIVE_STRENGTH,benchmark_relative_return_5D,0,0,0,,,,,,,,,,,,,NO_CLEAR_SIGNAL,sample_below_discovery_floor,False
T5_GE_5,RELATIVE_STRENGTH,benchmark_relative_return_20D,-20,0,0,,,,,,,,,,,,,NO_CLEAR_SIGNAL,sample_below_discovery_floor,False
T5_GE_5,RELATIVE_STRENGTH,benchmark_relative_return_20D,-10,0,0,,,,,,,,,,,,,NO_CLEAR_SIGNAL,sample_below_discovery_floor,False
T5_GE_5,RELATIVE_STRENGTH,benchmark_relative_return_20D,-5,0,0,,,,,,,,,,,,,NO_CLEAR_SIGNAL,sample_below_discovery_floor,False
T5_GE_5,RELATIVE_STRENGTH,benchmark_relative_return_20D,-3,0,0,,,,,,,,,,,,,NO_CLEAR_SIGNAL,sample_below_discovery_floor,False
T5_GE_5,RELATIVE_STRENGTH,benchmark_relative_return_20D,-1,0,0,,,,,,,,,,,,,NO_CLEAR_SIGNAL,sample_below_discovery_floor,False
T5_GE_5,RELATIVE_STRENGTH,benchmark_relative_return_20D,0,0,0,,,,,,,,,,,,,NO_CLEAR_SIGNAL,sample_below_discovery_floor,False
T5_GE_5,A_STATE_CONTEXT,a1_preceded_20,-20,6569,6569,0.3962551377683057,0.40325772568123003,0.0,0.0,0.0,-0.007002587912924352,-0.01429579054790425,0.9929974120870757,-0.008750237778200443,1.2495719992391006,0.0,0.5,REGIME_CONFOUNDED,market_or_temporal_direction_is_not_consistent,False
T5_GE_5,A_STATE_CONTEXT,a1_preceded_20,-10,6569,6569,0.39960420155274773,0.41223930583041557,0.0,0.0,0.0,-0.012635104277667841,-0.025731895823518945,0.9873648957223322,-0.015788472512840046,1.2495719992391108,0.0,0.5,REGIME_CONFOUNDED,market_or_temporal_direction_is_not_consistent,False
T5_GE_5,A_STATE_CONTEXT,a1_preceded_20,-5,6569,6569,0.375856294717613,0.4067590196376922,0.0,0.0,0.0,-0.030902724920079172,-0.06335143392037985,0.9690972750799207,-0.03861517976031953,1.2495719992391079,0.0,0.0,REGIME_CONFOUNDED,market_or_temporal_direction_is_not_consistent,False
T5_GE_5,A_STATE_CONTEXT,a1_preceded_20,-3,6569,6569,0.3603288171715634,0.40234434464910945,0.0,0.0,0.0,-0.042015527477546055,-0.08658346424726616,0.9579844725224539,-0.05250142666920299,1.24957199923911,0.0,0.0,REGIME_CONFOUNDED,market_or_temporal_direction_is_not_consistent,False
T5_GE_5,A_STATE_CONTEXT,a1_preceded_20,-1,6569,6569,0.33779875171258944,0.3997564317247678,0.0,0.0,0.0,-0.061957680012178384,-0.12868228626671843,0.9380423199878216,-0.0774205820810348,1.2495719992391103,0.0,0.0,REGIME_CONFOUNDED,market_or_temporal_direction_is_not_consistent,False
T5_GE_5,A_STATE_CONTEXT,a1_preceded_20,0,6569,6569,0.3256203379509819,0.3957984472522454,0.0,0.0,0.0,-0.0701781093012635,-0.14653329159200285,0.9298218906987364,-0.08769260034240062,1.24957199923911,0.0,0.0,REGIME_CONFOUNDED,market_or_temporal_direction_is_not_consistent,False
T5_GE_5,A_STATE_CONTEXT,a2_preceded_20,-20,6569,6569,0.33140508448774547,0.32409803623078093,0.0,0.0,0.0,0.007307048256964543,0.015567463132869386,0.9926929517430355,0.009130682898991827,1.2495719992391083,0.5,0.5,NO_CLEAR_SIGNAL,effect_below_predeclared_discovery_floor,False
T5_GE_5,A_STATE_CONTEXT,a2_preceded_20,-10,6569,6569,0.32364134571472064,0.32348911554270054,0.0,0.0,0.0,0.0001522301720200958,0.00032539199067877856,0.9998477698279798,0.00019022256039563645,1.249571999238924,0.5,0.0,REGIME_CONFOUNDED,market_or_temporal_direction_is_not_consistent,False
T5_GE_5,A_STATE_CONTEXT,a2_preceded_20,-5,6569,6569,0.2855838027096971,0.3138986147054346,0.0,0.0,0.0,-0.028314811995737543,-0.0618327590134676,0.9716851880042625,-0.03538139623359332,1.2495719992391108,0.0,0.0,REGIME_CONFOUNDED,market_or_temporal_direction_is_not_consistent,False
T5_GE_5,A_STATE_CONTEXT,a2_preceded_20,-3,6569,6569,0.26168366570254226,0.3047648043842289,0.0,0.0,0.0,-0.04308113868168667,-0.09572540031726891,0.9569188613183133,-0.05383298459197261,1.249571999239111,0.0,0.0,REGIME_CONFOUNDED,market_or_temporal_direction_is_not_consistent,False
T5_GE_5,A_STATE_CONTEXT,a2_preceded_20,-1,6569,6569,0.23610899680316638,0.30248135180392755,0.0,0.0,0.0,-0.06637235500076116,-0.15004471714129947,0.9336276449992389,-0.08293703633250904,1.2495719992391097,0.0,0.0,REGIME_CONFOUNDED,market_or_temporal_direction_is_not_consistent,False
T5_GE_5,A_STATE_CONTEXT,a2_preceded_20,0,6569,6569,0.2219515908052976,0.2947176130309027,0.0,0.0,0.0,-0.0727660222256051,-0.16681641474104822,0.9272339777743949,-0.09092638386912688,1.2495719992391099,0.0,0.0,REGIME_CONFOUNDED,market_or_temporal_direction_is_not_consistent,False
T5_GE_5,A_STATE_CONTEXT,a1_to_a2_preceded_20,-20,6569,6569,0.17597807885522912,0.16943218145836506,0.0,0.0,0.0,0.006545897396864064,0.017318197575764083,0.9934541026031359,0.008179570097013505,1.2495719992391086,0.5,0.5,NO_CLEAR_SIGNAL,effect_below_predeclared_discovery_floor,False
T5_GE_5,A_STATE_CONTEXT,a1_to_a2_preceded_20,-10,6569,6569,0.17384685644694778,0.17460800730704826,0.0,0.0,0.0,-0.000761150860100479,-0.002006700078529689,0.9992388491398995,-0.000951112801978321,1.2495719992391066,0.5,0.0,REGIME_CONFOUNDED,market_or_temporal_direction_is_not_consistent,False
T5_GE_5,A_STATE_CONTEXT,a1_to_a2_preceded_20,-5,6569,6569,0.14751103668747145,0.16882326077028467,0.0,0.0,0.0,-0.02131222408281322,-0.05843095196128691,0.9786877759171868,-0.02663115845539281,1.2495719992391094,0.0,0.0,REGIME_CONFOUNDED,market_or_temporal_direction_is_not_consistent,False
T5_GE_5,A_STATE_CONTEXT,a1_to_a2_preceded_20,-3,6569,6569,0.13167909879738163,0.1630385142335211,0.0,0.0,0.0,-0.03135941543613946,-0.088556832175241,0.9686405845638605,-0.03918584744150657,1.2495719992391094,0.0,0.0,REGIME_CONFOUNDED,market_or_temporal_direction_is_not_consistent,False
T5_GE_5,A_STATE_CONTEXT,a1_to_a2_preceded_20,-1,6569,6569,0.1140203988430507,0.16334297457756128,0.0,0.0,0.0,-0.049322575734510585,-0.14307468127062453,0.9506774242654894,-0.06163210956819478,1.2495719992391094,0.0,0.0,REGIME_CONFOUNDED,market_or_temporal_direction_is_not_consistent,False
T5_GE_5,A_STATE_CONTEXT,a1_to_a2_preceded_20,0,6569,6569,0.10732227127416653,0.15908052976099862,0.0,0.0,0.0,-0.05175825848683209,-0.15276695036785082,0.9482417415131679,-0.06467567053452539,1.2495719992391097,0.0,0.0,REGIME_CONFOUNDED,market_or_temporal_direction_is_not_consistent,False
T5_GE_5,A_STATE_CONTEXT,a2_without_prior_a1_20,-20,6569,6569,0.10914903333840767,0.10108083422134267,0.0,0.0,0.0,0.008068199117064995,0.02630863634758314,0.991931800882935,0.010081795700970135,1.249571999239111,1.0,0.5,NO_CLEAR_SIGNAL,effect_below_predeclared_discovery_floor,False
T5_GE_5,A_STATE_CONTEXT,a2_without_prior_a1_20,-10,6569,6569,0.10762673161820673,0.10062414370528239,0.0,0.0,0.0,0.007002587912924338,0.022928998508172583,0.9929974120870757,0.008750237778200495,1.2495719992391103,1.0,0.5,NO_CLEAR_SIGNAL,effect_below_predeclared_discovery_floor,False
T5_GE_5,A_STATE_CONTEXT,a2_without_prior_a1_20,-5,6569,6569,0.09423047648043842,0.09636169888871975,0.0,0.0,0.0,-0.0021312224082813275,-0.007258399433791547,0.9978687775917188,0.0,0.0,0.5,1.0,NO_CLEAR_SIGNAL,effect_below_predeclared_discovery_floor,False
T5_GE_5,A_STATE_CONTEXT,a2_without_prior_a1_20,-3,6569,6569,0.08722788856751408,0.0924037144161973,0.0,0.0,0.0,-0.005175825848683216,-0.018103244836950808,0.9948241741513167,0.0,0.0,0.5,0.0,REGIME_CONFOUNDED,market_or_temporal_direction_is_not_consistent,False
T5_GE_5,A_STATE_CONTEXT,a2_without_prior_a1_20,-1,6569,6569,0.08250875323489115,0.0920992540721571,0.0,0.0,0.0,-0.009590500837265953,-0.033980033876240885,0.990409499162734,0.0,0.0,0.0,0.0,REGIME_CONFOUNDED,market_or_temporal_direction_is_not_consistent,False
T5_GE_5,A_STATE_CONTEXT,a2_without_prior_a1_20,0,6569,6569,0.07839853859034861,0.08981580149185568,0.0,0.0,0.0,-0.011417262901507075,-0.04114480838677762,0.988582737098493,0.0,0.0,0.0,0.0,REGIME_CONFOUNDED,market_or_temporal_direction_is_not_consistent,False
T5_GE_5,A_STATE_CONTEXT,a_state_bucket,-20,0,0,,,,,,,,,,,,,NO_CLEAR_SIGNAL,sample_below_discovery_floor,False
T5_GE_5,A_STATE_CONTEXT,a_state_bucket,-10,0,0,,,,,,,,,,,,,NO_CLEAR_SIGNAL,sample_below_discovery_floor,False
T5_GE_5,A_STATE_CONTEXT,a_state_bucket,-5,0,0,,,,,,,,,,,,,NO_CLEAR_SIGNAL,sample_below_discovery_floor,False
T5_GE_5,A_STATE_CONTEXT,a_state_bucket,-3,0,0,,,,,,,,,,,,,NO_CLEAR_SIGNAL,sample_below_discovery_floor,False
T5_GE_5,A_STATE_CONTEXT,a_state_bucket,-1,0,0,,,,,,,,,,,,,NO_CLEAR_SIGNAL,sample_below_discovery_floor,False
T5_GE_5,A_STATE_CONTEXT,a_state_bucket,0,0,0,,,,,,,,,,,,,NO_CLEAR_SIGNAL,sample_below_discovery_floor,False
T5_GE_10,TREND_STRUCTURE,close_vs_ma5,-20,4815,4815,0.0013505345487353426,0.000612873288317341,-0.0022327658386827,-0.002347417840375587,0.00011465200169288696,0.0007376612604180015,0.019275264656270902,0.956386292834891,0.0009253552931914464,1.2544447469927953,1.0,0.5,NO_CLEAR_SIGNAL,effect_below_predeclared_discovery_floor,False
T5_GE_10,TREND_STRUCTURE,close_vs_ma5,-10,4815,4815,0.003656563032178695,0.004118101895442218,-0.0006056935190794405,-0.00019896538002383627,-0.00040672813905560424,-0.0004615388632635228,-0.011687060542007542,0.9532710280373833,-0.0002301177378270945,0.49858799798556774,0.5,0.5,NO_CLEAR_SIGNAL,effect_below_predeclared_discovery_floor,False
T5_GE_10,TREND_STRUCTURE,close_vs_ma5,-5,4815,4815,-0.011550521560790852,-0.00134212145790538,-0.0073131094257855665,-0.003587736464448775,-0.0037253729613367917,-0.010208400102885472,-0.28513811664460753,0.9320872274143303,-0.005972806964497458,0.5850874676051544,0.0,0.0,REGIME_CONFOUNDED,market_or_temporal_direction_is_not_consistent,False
T5_GE_10,TREND_STRUCTURE,close_vs_ma5,-3,4815,4815,-0.009943888872007613,-0.004060128884912561,-0.007328447701532274,-0.004769475357710606,-0.002558972343821668,-0.005883759987095052,-0.1676803821533475,0.9148494288681205,-0.0036257032187771545,0.6162221482061588,0.0,0.0,REGIME_CONFOUNDED,market_or_temporal_direction_is_not_consistent,False
T5_GE_10,TREND_STRUCTURE,close_vs_ma5,-1,4815,4815,-0.0238849261348386,-0.014489785900552115,-0.013545347467608907,-0.009372979961215342,-0.004172367506393566,-0.009395140234286484,-0.20532614804532856,0.9096573208722742,-0.006795837483432099,0.7233353961691249,0.0,0.0,REGIME_CONFOUNDED,market_or_temporal_direction_is_not_consistent,False
T5_GE_10,TREND_STRUCTURE,close_vs_ma5,0,4815,4815,-0.03837172156570527,-0.019129195731104408,-0.021942110177404404,-0.012629161882893225,-0.009312948294511179,-0.019242525834600864,-0.38183757783768996,0.8899273104880582,-0.014694541299993414,0.7636492956434279,0.0,0.0,REGIME_CONFOUNDED,market_or_temporal_direction_is_not_consistent,False
T5_GE_10,TREND_STRUCTURE,close_vs_ma10,-20,4815,4815,0.005672102711193452,0.004012745715101891,-0.0019317450096587982,-0.0026809651474531846,0.0007492201377943865,0.0016593569960915615,0.027672876690564046,0.9578400830737279,0.00188690461970737,1.137129999241738,1.0,0.5,NO_CLEAR_SIGNAL,effect_below_predeclared_discovery_floor,False
T5_GE_10,TREND_STRUCTURE,close_vs_ma10,-10,4815,4815,0.008171970723452134,0.008155720301498791,0.0015608740894901738,0.001058201058200998,0.0005026730312891758,1.6250421953342697e-05,0.00026187081327285795,0.959293873312565,0.0004748777037363338,29.222484505311684,0.5,0.5,NO_CLEAR_SIGNAL,effect_below_predeclared_discovery_floor,False
T5_GE_10,TREND_STRUCTURE,close_vs_ma10,-5,4815,4815,-0.016821233934751517,-0.0002190496171294169,-0.012062033314187162,-0.005536858104440367,-0.006525175209746795,-0.0166021843176221,-0.3106723198589956,0.9217030114226376,-0.01019524503730028,0.6140905824349097,0.0,0.0,REGIME_CONFOUNDED,market_or_temporal_direction_is_not_consistent,False
T5_GE_10,TREND_STRUCTURE,close_vs_ma10,-3,4815,4815,-0.020667853713301838,-0.0056164141223619445,-0.016278662699107292,-0.007230255839821969,-0.009048406859285324,-0.015051439590939894,-0.2816199588230951,0.8947040498442369,-0.010419635748599089,0.6922683830768662,0.0,0.0,REGIME_CONFOUNDED,market_or_temporal_direction_is_not_consistent,False
T5_GE_10,TREND_STRUCTURE,close_vs_ma10,-1,4815,4815,-0.038563587752841494,-0.018850378178324356,-0.023175965665236074,-0.012256669069935031,-0.010919296595301043,-0.019713209574517138,-0.29240110924664897,0.8708203530633437,-0.01506516802298417,0.7642169057269398,0.0,0.0,REGIME_CONFOUNDED,market_or_temporal_direction_is_not_consistent,False
T5_GE_10,TREND_STRUCTURE,close_vs_ma10,0,4815,4815,-0.056245506231149,-0.02644039894812409,-0.03462050599201058,-0.016987974804351987,-0.017632531187658593,-0.029805107283024913,-0.40527684862046653,0.8531671858774663,-0.023188925416310905,0.7780185186422005,0.0,0.0,REGIME_CONFOUNDED,market_or_temporal_direction_is_not_consistent,False
T5_GE_10,TREND_STRUCTURE,close_vs_ma20,-20,4815,4815,0.017563729746486748,0.013395826449976986,0.0022939827068995137,-0.0012246564158387427,0.0035186391227382567,0.004167903296509762,0.046318048082714385,0.9626168224299065,0.004292550030976949,1.0299063403346156,1.0,0.5,NO_CLEAR_SIGNAL,effect_below_predeclared_discovery_floor,False
T5_GE_10,TREND_STRUCTURE,close_vs_ma20,-10,4815,4815,0.015449103477212324,0.014551051426321675,0.0020061812069620158,0.0010518934081346822,0.0009542877988273336,0.0008980520508906492,0.00977490276320504,0.9640706126687435,0.0012869865658430733,1.4330868289501657,0.5,0.5,NO_CLEAR_SIGNAL,effect_below_predeclared_discovery_floor,False
T5_GE_10,TREND_STRUCTURE,close_vs_ma20,-5,4815,4815,-0.013857136697905961,0.005558293389843546,-0.012391174167396,-0.0051551053631183254,-0.007236068804277674,-0.019415430087749506,-0.24114934534014984,0.9366562824506751,-0.012540496206683037,0.6459036008991464,0.0,0.0,REGIME_CONFOUNDED,market_or_temporal_direction_is_not_consistent,False
T5_GE_10,TREND_STRUCTURE,close_vs_ma20,-3,4815,4815,-0.021331803868794158,-0.000700174830758135,-0.018357980622131537,-0.008100810081008025,-0.010257170541123512,-0.020631629038036024,-0.2598106696442808,0.9316718587746625,-0.013657740456108139,0.6619807108265191,0.0,0.0,REGIME_CONFOUNDED,market_or_temporal_direction_is_not_consistent,False
T5_GE_10,TREND_STRUCTURE,close_vs_ma20,-1,4815,4815,-0.04522214130925901,-0.01652258146608115,-0.029023746701846966,-0.01456242047221831,-0.014461326229628655,-0.028699559843177857,-0.3071252921951207,0.9073727933541019,-0.021643195466359438,0.7541298746260814,0.0,0.0,REGIME_CONFOUNDED,market_or_temporal_direction_is_not_consistent,False
T5_GE_10,TREND_STRUCTURE,close_vs_ma20,0,4815,4815,-0.06724785047181481,-0.026524584333659132,-0.04229759177515781,-0.0197390431582469,-0.02255854861691091,-0.040723266138155675,-0.40759584824628,0.8710280373831776,-0.03164425129866487,0.7770558282655963,0.0,0.0,REGIME_CONFOUNDED,market_or_temporal_direction_is_not_consistent,False
T5_GE_10,TREND_STRUCTURE,close_vs_ma60,-20,4636,4646,0.06423931161971069,0.04699633610986035,0.01927387032517134,0.007832034078605176,0.011441836246566164,0.017242975509850343,0.09511255280081715,0.9326115555997959,0.017651663017082497,1.0237016811279864,1.0,1.0,NO_CLEAR_SIGNAL,effect_below_predeclared_discovery_floor,False
T5_GE_10,TREND_STRUCTURE,close_vs_ma60,-10,4717,4721,0.05970581459191094,0.04855574532418053,0.021980798383021843,0.013367724014781274,0.008613074368240568,0.011150069267730413,0.06339080608118872,0.9438530057784025,0.01115064623697791,1.0000517457993885,1.0,0.5,NO_CLEAR_SIGNAL,effect_below_predeclared_discovery_floor,False
T5_GE_10,TREND_STRUCTURE,close_vs_ma60,-5,4767,4769,0.022274224808244397,0.03685524181389808,-0.0013533439715595521,0.003267003267003208,-0.00462034723856276,-0.01458101700565368,-0.0920913264978162,0.9426540357950355,-0.008145633138102798,0.5586464328890357,0.0,0.0,REGIME_CONFOUNDED,market_or_temporal_direction_is_not_consistent,False
T5_GE_10,TREND_STRUCTURE,close_vs_ma60,-3,4795,4795,0.009607738205326214,0.028243297157995752,-0.011443102352193332,-0.000857350128602583,-0.010585752223590749,-0.018635558952669537,-0.12327352791926682,0.9591240875912409,-0.011598732139217608,0.6223978668241713,0.0,0.0,REGIME_CONFOUNDED,market_or_temporal_direction_is_not_consistent,False
T5_GE_10,TREND_STRUCTURE,close_vs_ma60,-1,4815,4815,-0.019624617438554308,0.01009063814516401,-0.024877428727074585,-0.011444175129628987,-0.013433253597445597,-0.02971525558371832,-0.18949899720671554,0.9256490134994808,-0.02082227929122393,0.7007269122272985,0.0,0.0,REGIME_CONFOUNDED,market_or_temporal_direction_is_not_consistent,False
T5_GE_10,TREND_STRUCTURE,close_vs_ma60,0,4815,4815,-0.045744705191051394,-0.00196221848506169,-0.03936559985277634,-0.019218025182239994,-0.020147574670536343,-0.04378248670598971,-0.27874465567007495,0.9094496365524404,-0.03168243823190135,0.7236326809086201,0.0,0.0,REGIME_CONFOUNDED,market_or_temporal_direction_is_not_consistent,False
T5_GE_10,TREND_STRUCTURE,distance_to_ma20,-20,4815,4815,0.017563729746486748,0.013395826449976986,0.0022939827068995137,-0.0012246564158387427,0.0035186391227382567,0.004167903296509762,0.046318048082714385,0.9626168224299065,0.004292550030976949,1.0299063403346156,1.0,0.5,NO_CLEAR_SIGNAL,effect_below_predeclared_discovery_floor,False
T5_GE_10,TREND_STRUCTURE,distance_to_ma20,-10,4815,4815,0.015449103477212324,0.014551051426321675,0.0020061812069620158,0.0010518934081346822,0.0009542877988273336,0.0008980520508906492,0.00977490276320504,0.9640706126687435,0.0012869865658430733,1.4330868289501657,0.5,0.5,NO_CLEAR_SIGNAL,effect_below_predeclared_discovery_floor,False
T5_GE_10,TREND_STRUCTURE,distance_to_ma20,-5,4815,4815,-0.013857136697905961,0.005558293389843546,-0.012391174167396,-0.0051551053631183254,-0.007236068804277674,-0.019415430087749506,-0.24114934534014984,0.9366562824506751,-0.012540496206683037,0.6459036008991464,0.0,0.0,REGIME_CONFOUNDED,market_or_temporal_direction_is_not_consistent,False
T5_GE_10,TREND_STRUCTURE,distance_to_ma20,-3,4815,4815,-0.021331803868794158,-0.000700174830758135,-0.018357980622131537,-0.008100810081008025,-0.010257170541123512,-0.020631629038036024,-0.2598106696442808,0.9316718587746625,-0.013657740456108139,0.6619807108265191,0.0,0.0,REGIME_CONFOUNDED,market_or_temporal_direction_is_not_consistent,False
T5_GE_10,TREND_STRUCTURE,distance_to_ma20,-1,4815,4815,-0.04522214130925901,-0.01652258146608115,-0.029023746701846966,-0.01456242047221831,-0.014461326229628655,-0.028699559843177857,-0.3071252921951207,0.9073727933541019,-0.021643195466359438,0.7541298746260814,0.0,0.0,REGIME_CONFOUNDED,market_or_temporal_direction_is_not_consistent,False
T5_GE_10,TREND_STRUCTURE,distance_to_ma20,0,4815,4815,-0.06724785047181481,-0.026524584333659132,-0.04229759177515781,-0.0197390431582469,-0.02255854861691091,-0.040723266138155675,-0.40759584824628,0.8710280373831776,-0.03164425129866487,0.7770558282655963,0.0,0.0,REGIME_CONFOUNDED,market_or_temporal_direction_is_not_consistent,False
T5_GE_10,TREND_STRUCTURE,ma5_slope_5,-20,4815,4815,0.010090918006163303,0.007967315881988228,-0.0014652014652013039,-0.003007820332865422,0.001542618867664118,0.002123602124175075,0.03088863829758002,0.9457943925233646,0.0020769113347952105,0.9780134005102288,1.0,0.5,NO_CLEAR_SIGNAL,effect_below_predeclared_discovery_floor,False
T5_GE_10,TREND_STRUCTURE,ma5_slope_5,-10,4815,4815,0.010256305388910062,0.009111461037612166,0.0030951766830022553,0.0015166835187056412,0.0015784931642966141,0.001144844351297896,0.01678494795744652,0.9644859813084113,0.0013997291748653138,1.222637097591876,0.5,0.5,NO_CLEAR_SIGNAL,effect_below_predeclared_discovery_floor,False
T5_GE_10,TREND_STRUCTURE,ma5_slope_5,-5,4815,4815,-0.008856978401154228,0.003565599759356445,-0.009883864591055067,-0.004406168636090504,-0.005477695954964563,-0.012422578160510673,-0.19257960893361883,0.9468328141225337,-0.008397765060693861,0.6760082289028353,0.0,0.0,REGIME_CONFOUNDED,market_or_temporal_direction_is_not_consistent,False
T5_GE_10,TREND_STRUCTURE,ma5_slope_5,-3,4815,4815,-0.020541106821398064,-0.0021310994971415554,-0.01644923425978449,-0.007537012113055213,-0.008912222146729275,-0.01841000732425651,-0.31396074365618726,0.9092419522326065,-0.012071282497596092,0.6556913468302269,0.0,0.0,REGIME_CONFOUNDED,market_or_temporal_direction_is_not_consistent,False
T5_GE_10,TREND_STRUCTURE,ma5_slope_5,-1,4815,4815,-0.02967408262196237,-0.008311170790625197,-0.020919175911252055,-0.009693053311793124,-0.01122612259945893,-0.021362911831337175,-0.34554841392912883,0.8820353063343717,-0.014880640714736174,0.6965642526740113,0.0,0.0,REGIME_CONFOUNDED,market_or_temporal_direction_is_not_consistent,False
T5_GE_10,TREND_STRUCTURE,ma5_slope_5,0,4815,4815,-0.03705490552124188,-0.01413173718737314,-0.02564102564102553,-0.012351778656126484,-0.013289246984899045,-0.022923168333868742,-0.35026844289353887,0.8747663551401869,-0.01703709551459324,0.7432260351821048,0.0,0.0,REGIME_CONFOUNDED,market_or_temporal_direction_is_not_consistent,False
T5_GE_10,TREND_STRUCTURE,ma20_slope_5,-20,4815,4815,0.010275430457137568,0.008358262568642383,0.0036051026067665847,0.0019815059445177914,0.0016235966622487933,0.0019171678884951845,0.04961155162863578,0.940809968847352,0.002080370451880406,1.0851269022210266,1.0,0.5,NO_CLEAR_SIGNAL,effect_below_predeclared_discovery_floor,False
T5_GE_10,TREND_STRUCTURE,ma20_slope_5,-10,4815,4815,0.009559284068809978,0.00783437508441082,0.0028804007514089416,0.0016738736225415617,0.0012065271288673799,0.0017249089843991584,0.044485807912311943,0.9524402907580478,0.0014853375545533778,0.8611106835128284,1.0,0.5,NO_CLEAR_SIGNAL,effect_below_predeclared_discovery_floor,False
T5_GE_10,TREND_STRUCTURE,ma20_slope_5,-5,4815,4815,0.0029549242527649815,0.005370890004734372,-0.0015621948838118148,-0.0005982650314089142,-0.0009639298524029006,-0.002415965751969391,-0.06283137432406188,0.9470404984423676,-0.0017364725090006452,0.7187488099055824,0.0,0.0,REGIME_CONFOUNDED,market_or_temporal_direction_is_not_consistent,False
T5_GE_10,TREND_STRUCTURE,ma20_slope_5,-3,4815,4815,-0.0012857943502808747,0.0036508813025809576,-0.003744081048342731,-0.001473136915078029,-0.002270944133264702,-0.004936675652861832,-0.1351756872756063,0.9460020768431981,-0.003575592556009498,0.7242915693553205,0.0,0.0,REGIME_CONFOUNDED,market_or_temporal_direction_is_not_consistent,False
T5_GE_10,TREND_STRUCTURE,ma20_slope_5,-1,4815,4815,-0.005507794226031819,0.0015887070560042266,-0.005732860520094589,-0.002490591100287896,-0.003242269419806693,-0.007096501282036045,-0.19948631894949156,0.9227414330218069,-0.00524503391846042,0.7391013839083781,0.0,0.0,REGIME_CONFOUNDED,market_or_temporal_direction_is_not_consistent,False
T5_GE_10,TREND_STRUCTURE,ma20_slope_5,0,4815,4815,-0.008774370114916713,-0.0001585245496265087,-0.007599463567277554,-0.003222858242339639,-0.004376605324937915,-0.008615845565290204,-0.2395439935363873,0.9206645898234683,-0.006521299786921056,0.7568960861128667,0.0,0.0,REGIME_CONFOUNDED,market_or_temporal_direction_is_not_consistent,False
T5_GE_10,TREND_STRUCTURE,ma60_slope_5,-20,4616,4628,0.010032474864345048,0.0066629850769337464,0.0046467024225665295,0.001274950260973249,0.0033717521615932804,0.0033694897874113018,0.13615376406995794,0.9035765268750681,0.00358537285337913,1.064069957052366,1.0,1.0,PROMISING_DISCOVERY_SIGNAL,bounded_effect_requires_confirmatory_research,False
T5_GE_10,TREND_STRUCTURE,ma60_slope_5,-10,4659,4666,0.009297678842612565,0.006550274333745061,0.004438059202571837,0.001919476219820239,0.002518582982751598,0.002747404508867504,0.11582761434727377,0.9182349387231936,0.002964739391109961,1.0791055272498056,1.0,1.0,PROMISING_DISCOVERY_SIGNAL,bounded_effect_requires_confirmatory_research,False
T5_GE_10,TREND_STRUCTURE,ma60_slope_5,-5,4717,4721,0.007556294822928784,0.0062319249484042456,0.0036787247087677125,0.001769693612175457,0.0019090310965922555,0.0013243698745245384,0.057536026434340616,0.9271763828005056,0.0018165049366374937,1.3715994085788432,1.0,0.5,NO_CLEAR_SIGNAL,effect_below_predeclared_discovery_floor,False
T5_GE_10,TREND_STRUCTURE,ma60_slope_5,-3,4719,4723,0.006351704070219757,0.005900167171385575,0.0030837692247638626,0.0015878896945959045,0.001495879530167958,0.0004515368988341822,0.020169417872649087,0.9489971144351065,0.0011338845090967287,2.511166888075574,1.0,0.5,NO_CLEAR_SIGNAL,effect_below_predeclared_discovery_floor,False
T5_GE_10,TREND_STRUCTURE,ma60_slope_5,-1,4730,4732,0.004705566706693353,0.00522598001436645,0.0019325116116155885,0.001163244347512185,0.0007692672641034036,-0.000520413307673097,-0.02367641644066383,0.9417430512242677,0.0002992150537598267,0.5749565765289417,0.0,0.0,REGIME_CONFOUNDED,market_or_temporal_direction_is_not_consistent,False
T5_GE_10,TREND_STRUCTURE,ma60_slope_5,0,4767,4769,0.003422269326250112,0.0044855390283682125,0.0009987349357480524,0.0005994005994005652,0.0003993343363474872,-0.0010632697021181006,-0.049000478341750246,0.9379947226649913,-0.00019743547073338428,0.18568710303705666,0.0,0.0,REGIME_CONFOUNDED,market_or_temporal_direction_is_not_consistent,False
T5_GE_10,TREND_STRUCTURE,ma_alignment_bullish,-20,4815,4815,0.19730010384215993,0.1703011422637591,0.0,0.0,0.0,0.026998961578400843,0.06974922463424241,0.9730010384215992,0.03373994290163508,1.2496755774720987,1.0,1.0,NO_CLEAR_SIGNAL,effect_below_predeclared_discovery_floor,False
T5_GE_10,TREND_STRUCTURE,ma_alignment_bullish,-10,4815,4815,0.19730010384215993,0.19314641744548286,0.0,0.0,0.0,0.00415368639667707,0.010479394191157346,0.995846313603323,0.0051907604464053875,1.2496755774720913,1.0,0.5,NO_CLEAR_SIGNAL,effect_below_predeclared_discovery_floor,False
T5_GE_10,TREND_STRUCTURE,ma_alignment_bullish,-5,4815,4815,0.11921079958463136,0.1526479750778816,0.0,0.0,0.0,-0.033437175493250246,-0.09768225250571701,0.9665628245067497,-0.04178562159356346,1.2496755774721002,0.0,0.0,REGIME_CONFOUNDED,market_or_temporal_direction_is_not_consistent,False
T5_GE_10,TREND_STRUCTURE,ma_alignment_bullish,-3,4815,4815,0.11526479750778816,0.15077881619937694,0.0,0.0,0.0,-0.03551401869158878,-0.10471980338217529,0.9644859813084112,-0.04438100181676616,1.2496755774720998,0.0,0.0,REGIME_CONFOUNDED,market_or_temporal_direction_is_not_consistent,False
T5_GE_10,TREND_STRUCTURE,ma_alignment_bullish,-1,4815,4815,0.09948078920041536,0.13582554517133957,0.0,0.0,0.0,-0.03634475597092421,-0.11298275321061697,0.9636552440290758,-0.0449000778614067,1.2353935708724182,0.0,0.0,REGIME_CONFOUNDED,market_or_temporal_direction_is_not_consistent,False
T5_GE_10,TREND_STRUCTURE,ma_alignment_bullish,0,4815,4815,0.06936656282450675,0.11401869158878504,0.0,0.0,0.0,-0.04465212876427829,-0.155189398631891,0.9553478712357216,-0.017648585517778353,0.3952462291539664,0.0,0.0,REGIME_CONFOUNDED,market_or_temporal_direction_is_not_consistent,False
T5_GE_10,TREND_STRUCTURE,ma_alignment_bearish,-20,4815,4815,0.1497403946002077,0.17009345794392525,0.0,0.0,0.0,-0.02035306334371756,-0.05555061964151672,0.9796469366562824,-0.02543472618738645,1.2496755774720991,0.0,0.5,REGIME_CONFOUNDED,market_or_temporal_direction_is_not_consistent,False
T5_GE_10,TREND_STRUCTURE,ma_alignment_bearish,-10,4815,4815,0.15555555555555556,0.15472481827622014,0.0,0.0,0.0,0.000830737279335414,0.0022946132874345124,0.9991692627206645,0.001038152089281083,1.249675577472098,0.5,0.5,NO_CLEAR_SIGNAL,effect_below_predeclared_discovery_floor,False
T5_GE_10,TREND_STRUCTURE,ma_alignment_bearish,-5,4815,4815,0.19086188992731049,0.17300103842159917,0.0,0.0,0.0,0.017860851505711317,0.04630946867981356,0.9821391484942887,0.02232026991954321,1.2496755774720996,1.0,1.0,NO_CLEAR_SIGNAL,effect_below_predeclared_discovery_floor,False
T5_GE_10,TREND_STRUCTURE,ma_alignment_bearish,-3,4815,4815,0.21246105919003117,0.18442367601246107,0.0,0.0,0.0,0.028037383177570097,0.07034307565745136,0.97196261682243,0.03503763301323644,1.2496755774720996,1.0,1.0,NO_CLEAR_SIGNAL,effect_below_predeclared_discovery_floor,False
T5_GE_10,TREND_STRUCTURE,ma_alignment_bearish,-1,4815,4815,0.2664589823468328,0.21329179646936655,0.0,0.0,0.0,0.053167185877466244,0.12475319479303122,0.9468328141225337,0.06644173371398909,1.2496755774720998,1.0,1.0,PROMISING_DISCOVERY_SIGNAL,bounded_effect_requires_confirmatory_research,False
T5_GE_10,TREND_STRUCTURE,ma_alignment_bearish,0,4815,4815,0.3079958463136033,0.23177570093457944,0.0,0.0,0.0,0.07622014537902388,0.1723418799666267,0.9237798546209761,0.09525045419153907,1.2496755774720998,1.0,1.0,PROMISING_DISCOVERY_SIGNAL,bounded_effect_requires_confirmatory_research,False
T5_GE_10,MOMENTUM,RAW_CLOSE_RETURN_5D,-20,4815,4815,0.007137198719591142,0.005451068019906158,-0.0021119324181626186,-0.004457652303120356,0.0023457198849577377,0.0016861306996849837,0.02091514937884287,0.9509865005192109,0.0016254450867318638,0.9640089508100068,1.0,0.5,NO_CLEAR_SIGNAL,effect_below_predeclared_discovery_floor,False
T5_GE_10,MOMENTUM,RAW_CLOSE_RETURN_5D,-10,4815,4815,0.013373243824288523,0.012255193565844941,0.0030864197530864196,0.00211864406779661,0.0009677756852898094,0.0011180502584435814,0.012991546320449925,0.963239875389408,0.00120126045559965,1.0744243798770765,0.5,0.5,NO_CLEAR_SIGNAL,effect_below_predeclared_discovery_floor,False
T5_GE_10,MOMENTUM,RAW_CLOSE_RETURN_5D,-5,4815,4815,-0.023648215980306874,-0.000992582170326589,-0.018963337547408345,-0.009523809523809525,-0.00943952802359882,-0.022655633809980286,-0.31950635739506955,0.9163032191069576,-0.01413975389381816,0.624116456525233,0.0,0.0,REGIME_CONFOUNDED,market_or_temporal_direction_is_not_consistent,False
T5_GE_10,MOMENTUM,RAW_CLOSE_RETURN_5D,-3,4815,4815,-0.024605254097823645,-0.004732472785958547,-0.019148936170212766,-0.008445945945945946,-0.01070299022426682,-0.0198727813118651,-0.2779852485903611,0.901557632398754,-0.013356576655168862,0.6721040424872124,0.0,0.0,REGIME_CONFOUNDED,market_or_temporal_direction_is_not_consistent,False
T5_GE_10,MOMENTUM,RAW_CLOSE_RETURN_5D,-1,4815,4815,-0.04196193504650183,-0.01922369955116841,-0.027707808564231738,-0.015355086372360844,-0.012352722191870894,-0.02273823549533342,-0.2710047951078847,0.9165109034267913,-0.01596792884818072,0.7022501306866061,0.0,0.0,REGIME_CONFOUNDED,market_or_temporal_direction_is_not_consistent,False
T5_GE_10,MOMENTUM,RAW_CLOSE_RETURN_5D,0,4815,4815,-0.061746729261125496,-0.030346313152115986,-0.040194884287454324,-0.023529411764705882,-0.016665472522748442,-0.03140041610900951,-0.3531666956921541,0.8776739356178609,-0.02441516856073414,0.7775428349730964,0.0,0.0,REGIME_CONFOUNDED,market_or_temporal_direction_is_not_consistent,False
T5_GE_10,MOMENTUM,RAW_CLOSE_RETURN_20D,-20,4815,4815,0.04584663821592324,0.036716527449915506,0.006729475100942127,0.002617801047120419,0.0041116740538217076,0.009130110766007733,0.05138847615153778,0.9441329179646936,0.008918389616805555,0.9768106702505258,1.0,0.5,NO_CLEAR_SIGNAL,effect_below_predeclared_discovery_floor,False
T5_GE_10,MOMENTUM,RAW_CLOSE_RETURN_20D,-10,4815,4815,0.047954482458100536,0.040549626988490656,0.00825082508250825,0.004,0.00425082508250825,0.007404855469609881,0.03977086875177298,0.9474558670820353,0.0059969750840805774,0.8098706461851475,1.0,0.5,NO_CLEAR_SIGNAL,effect_below_predeclared_discovery_floor,False
T5_GE_10,MOMENTUM,RAW_CLOSE_RETURN_20D,-5,4815,4815,0.004518376322236728,0.024954782260571524,-0.013996889580093312,-0.005249343832020997,-0.008747545748072315,-0.020436405938334797,-0.1262814042440554,0.942056074766355,-0.015320439166180144,0.7496640658053246,0.0,0.0,REGIME_CONFOUNDED,market_or_temporal_direction_is_not_consistent,False
T5_GE_10,MOMENTUM,RAW_CLOSE_RETURN_20D,-3,4815,4815,-0.009955481593161957,0.01607277827870456,-0.024043715846994537,-0.008888888888888889,-0.015154826958105648,-0.026028259871866515,-0.1664819206150181,0.9491173416407063,-0.019412657771520223,0.745830027327452,0.0,0.0,REGIME_CONFOUNDED,market_or_temporal_direction_is_not_consistent,False
T5_GE_10,MOMENTUM,RAW_CLOSE_RETURN_20D,-1,4815,4815,-0.03439140917179104,0.0014740855691158172,-0.0338409475465313,-0.013996889580093312,-0.01984405796643799,-0.035865494740906854,-0.221750032121144,0.9217030114226377,-0.027616548906999418,0.7700032888574936,0.0,0.0,REGIME_CONFOUNDED,market_or_temporal_direction_is_not_consistent,False
T5_GE_10,MOMENTUM,RAW_CLOSE_RETURN_20D,0,4815,4815,-0.06248083509654504,-0.010453335462151828,-0.04878048780487805,-0.019867549668874173,-0.028912938136003877,-0.05202749963439321,-0.31492712368530634,0.8996884735202494,-0.040481322863346464,0.7780755013755447,0.0,0.0,REGIME_CONFOUNDED,market_or_temporal_direction_is_not_consistent,False
T5_GE_10,MOMENTUM,RSI14,-20,4815,4815,51.68703718985542,50.73276611028018,50.76823055275772,50.089050186004236,0.679180366753485,0.9542710795752356,0.07859221552226274,0.9605399792315682,0.8981852729772797,0.9412265468393731,1.0,0.5,NO_CLEAR_SIGNAL,effect_below_predeclared_discovery_floor,False
T5_GE_10,MOMENTUM,RSI14,-10,4815,4815,51.719583366118655,51.18455655724646,50.924698582106195,50.605335148271415,0.3193634338347806,0.5350268088721961,0.04381699507592097,0.9825545171339564,0.46829162139493263,0.8752675821648317,1.0,0.5,NO_CLEAR_SIGNAL,effect_below_predeclared_discovery_floor,False
T5_GE_10,MOMENTUM,RSI14,-5,4815,4815,47.97796712497438,49.70775037482081,47.91972878041885,48.955776355992676,-1.036047575573825,-1.7297832498464345,-0.14692473449180862,0.9570093457943926,-1.305738807990089,0.7548568921025273,0.0,0.0,REGIME_CONFOUNDED,market_or_temporal_direction_is_not_consistent,False
T5_GE_10,MOMENTUM,RSI14,-3,4815,4815,47.37589385019971,49.028992891221534,47.128865415601425,48.540831798132324,-1.411966382530899,-1.6530990410218251,-0.1449286717353847,0.9233644859813084,-1.5738477033784832,0.9520589295155876,0.0,0.0,REGIME_CONFOUNDED,market_or_temporal_direction_is_not_consistent,False
T5_GE_10,MOMENTUM,RSI14,-1,4815,4815,44.72326876666763,47.25245729217886,45.39433234004982,47.38239117975455,-1.9880588397047276,-2.5291885255112305,-0.19883044587997628,0.9192107995846316,-2.3531578589878777,0.9304003379946651,0.0,0.0,REGIME_CONFOUNDED,market_or_temporal_direction_is_not_consistent,False
T5_GE_10,MOMENTUM,RSI14,0,4815,4815,42.34801894128716,46.28381877021704,43.29798184343091,46.41387086030257,-3.1158890168716624,-3.9357998289298806,-0.3105128815295008,0.8926272066458981,-3.497431237651213,0.8886202016534319,0.0,0.0,REGIME_CONFOUNDED,market_or_temporal_direction_is_not_consistent,False
T5_GE_10,MOMENTUM,MACD_12_26_9,-20,4815,4815,6.012806935727561,3.1929188302651843,0.19130352422396552,0.0794158193965716,0.11188770482739392,2.8198881054623763,0.0840335961731474,0.9742471443406024,0.5510424514246626,0.19541287838948074,1.0,1.0,NO_CLEAR_SIGNAL,effect_below_predeclared_discovery_floor,False
T5_GE_10,MOMENTUM,MACD_12_26_9,-10,4815,4815,4.6920420569596955,3.108743628623411,0.1729710012537482,0.07975667727603125,0.09321432397771695,1.5832984283362843,0.04659933314951777,0.9632398753894081,0.3892224262945224,0.24583010968027919,1.0,0.5,NO_CLEAR_SIGNAL,effect_below_predeclared_discovery_floor,False
T5_GE_10,MOMENTUM,MACD_12_26_9,-5,4815,4815,2.688223475569151,2.924343562022458,-0.0036893254491035046,0.019567849858875507,-0.023257175307979012,-0.23612008645330684,-0.006978789078906038,0.991692627206646,-0.026463890525832923,0.11207809942533713,0.0,0.5,REGIME_CONFOUNDED,market_or_temporal_direction_is_not_consistent,False
T5_GE_10,MOMENTUM,MACD_12_26_9,-3,4815,4815,1.518168678954194,2.735174636932107,-0.09714498180838371,-0.009017816099853162,-0.08812716570853055,-1.2170059579779129,-0.036949017609276685,0.9825545171339565,-0.25939545238642514,0.21314230278495713,0.0,0.0,REGIME_CONFOUNDED,market_or_temporal_direction_is_not_consistent,False
T5_GE_10,MOMENTUM,MACD_12_26_9,-1,4815,4815,-0.07982248091218279,2.1212063096222487,-0.21769405588484045,-0.06755630039859513,-0.1501377554862453,-2.2010287905344312,-0.07013342097510127,0.973416407061267,-0.4846053482963377,0.22017219873742352,0.0,0.0,REGIME_CONFOUNDED,market_or_temporal_direction_is_not_consistent,False
T5_GE_10,MOMENTUM,MACD_12_26_9,0,4815,4815,-1.4467943686563007,1.5703900993197215,-0.3179114915704806,-0.12439240882364115,-0.19351908274683943,-3.0171844679760222,-0.0987062873255106,0.9867082035306335,-0.6612845331149091,0.21917272216322584,0.0,0.0,REGIME_CONFOUNDED,market_or_temporal_direction_is_not_consistent,False
T5_GE_10,MOMENTUM,MACD_SIGNAL_12_26_9,-20,4815,4815,6.127015484236609,3.110223250682279,0.2550883939003045,0.11179472020345846,0.14329367369684606,3.0167922335543302,0.09241710430409537,0.9750778816199377,0.575536681881613,0.1907776993987836,1.0,1.0,NO_CLEAR_SIGNAL,effect_below_predeclared_discovery_floor,False
T5_GE_10,MOMENTUM,MACD_SIGNAL_12_26_9,-10,4815,4815,5.202217045194033,3.0893162764660973,0.1870109686289006,0.11492706390860673,0.07208390472029387,2.1129007687279353,0.06550378184288905,0.9800623052959503,0.44491761742983993,0.21057194167130766,1.0,1.0,NO_CLEAR_SIGNAL,effect_below_predeclared_discovery_floor,False
T5_GE_10,MOMENTUM,MACD_SIGNAL_12_26_9,-5,4815,4815,4.048944205161728,3.04336681404228,0.10400959687394416,0.07544940897139324,0.028560187902550924,1.005577391119448,0.031122294299597536,0.9721703011422639,0.2294051654391751,0.22813277969962342,1.0,0.5,NO_CLEAR_SIGNAL,effect_below_predeclared_discovery_floor,False
T5_GE_10,MOMENTUM,MACD_SIGNAL_12_26_9,-3,4815,4815,3.2378800003216175,2.9530037213868545,0.044697450250818616,0.05467824479700998,-0.009980794546191364,0.28487627893476297,0.008900846143307209,0.9858774662512982,0.08296017970904068,0.29121476880859803,1.0,0.5,NO_CLEAR_SIGNAL,effect_below_predeclared_discovery_floor,False
T5_GE_10,MOMENTUM,MACD_SIGNAL_12_26_9,-1,4815,4815,2.1869306375680155,2.7113142509544157,-0.04347105516695829,0.005363882009317611,-0.0488349371762759,-0.5243836133864002,-0.016841141275098115,0.9906542056074767,-0.10043651068471782,0.19153251192597742,0.0,0.5,REGIME_CONFOUNDED,market_or_temporal_direction_is_not_consistent,False
T5_GE_10,MOMENTUM,MACD_SIGNAL_12_26_9,0,4815,4815,1.4601856363231522,2.4831294206274768,-0.10951532217721753,-0.032008709489205436,-0.0775066126880121,-1.0229437843043245,-0.033527593841731596,0.9686396677050884,-0.2336301765290132,0.22839004460826606,0.0,0.5,REGIME_CONFOUNDED,market_or_temporal_direction_is_not_consistent,False
T5_GE_10,MOMENTUM,MACD_HISTOGRAM_12_26_9,-20,4815,4815,-0.11420854850904841,0.08269557958290515,-0.011216072466479614,-0.004032670880554277,-0.007183401585925337,-0.19690412809195357,-0.02324501990370079,0.9769470404984424,-0.03034595340898389,0.15411537433492725,0.0,0.5,REGIME_CONFOUNDED,market_or_temporal_direction_is_not_consistent,False
T5_GE_10,MOMENTUM,MACD_HISTOGRAM_12_26_9,-10,4815,4815,-0.5101749882343364,0.019427352157314018,-0.001090742830157101,0.00486413577686621,-0.00595487860702331,-0.5296023403916504,-0.056405029087357846,0.9779854620976117,-0.051571197494251805,0.09737720844683953,0.0,0.0,REGIME_CONFOUNDED,market_or_temporal_direction_is_not_consistent,False
T5_GE_10,MOMENTUM,MACD_HISTOGRAM_12_26_9,-5,4815,4815,-1.3607207295925772,-0.11902325201982215,-0.09995235363998849,-0.02741497691721122,-0.07253737672277727,-1.241697477572755,-0.1328722865449359,0.9852544132917965,-0.2507597829201038,0.20194917638898965,0.0,0.0,REGIME_CONFOUNDED,market_or_temporal_direction_is_not_consistent,False
T5_GE_10,MOMENTUM,MACD_HISTOGRAM_12_26_9,-3,4815,4815,-1.7197113213674236,-0.2178290844547474,-0.1537226348045005,-0.052596297481677,-0.1011263373228235,-1.501882236912676,-0.15492922159013348,0.9862928348909658,-0.30781641771760704,0.20495376411826116,0.0,0.0,REGIME_CONFOUNDED,market_or_temporal_direction_is_not_consistent,False
T5_GE_10,MOMENTUM,MACD_HISTOGRAM_12_26_9,-1,4815,4815,-2.2667531184801986,-0.5901079413321674,-0.26105847476554445,-0.07726207827862784,-0.1837963964869166,-1.676645177148031,-0.1603089519837416,0.9802699896157839,-0.4009685189169194,0.23914929907767712,0.0,0.0,REGIME_CONFOUNDED,market_or_temporal_direction_is_not_consistent,False
T5_GE_10,MOMENTUM,MACD_HISTOGRAM_12_26_9,0,4815,4815,-2.906980004979453,-0.9127393213077555,-0.37851396201723037,-0.11050964519934481,-0.26800431681788556,-1.9942406836716977,-0.17739588239160795,0.971754932502596,-0.5385704108709641,0.2700628942537542,0.0,0.0,REGIME_CONFOUNDED,market_or_temporal_direction_is_not_consistent,False
T5_GE_10,MOMENTUM,rsi_change_5,-20,4815,4815,-0.7804615675243085,-0.8819891412771319,-1.1749150377063984,-1.5960750915244617,0.4211600538180633,0.1015275737528234,0.01038697510917088,0.9773624091381101,0.14133768125590362,1.3921112859448503,0.5,0.5,NO_CLEAR_SIGNAL,effect_below_predeclared_discovery_floor,False
T5_GE_10,MOMENTUM,rsi_change_5,-10,4815,4815,0.33748608352267745,0.364786883502515,0.09063931561532002,0.1901950744613501,-0.09955575884603007,-0.02730079997983753,-0.0027753371465080922,0.9759086188992732,-0.04738445770204891,1.7356435612525556,0.5,0.0,REGIME_CONFOUNDED,market_or_temporal_direction_is_not_consistent,False
T5_GE_10,MOMENTUM,rsi_change_5,-5,4815,4815,-3.7416162411442793,-1.4768061824256438,-3.4404661401511305,-1.9352752939908555,-1.505190846160275,-2.2648100587186355,-0.23133586150101373,0.9136033229491174,-1.8236333139545413,0.8052036447534592,0.0,0.0,REGIME_CONFOUNDED,market_or_temporal_direction_is_not_consistent,False
T5_GE_10,MOMENTUM,rsi_change_5,-3,4815,4815,-3.138159736402899,-1.5445214548026016,-2.926092834211424,-1.8299611770817208,-1.0961316571297033,-1.5936382816002974,-0.1635315944985843,0.9025960539979231,-1.4129341861075508,0.8866090896666416,0.0,0.0,REGIME_CONFOUNDED,market_or_temporal_direction_is_not_consistent,False
T5_GE_10,MOMENTUM,rsi_change_5,-1,4815,4815,-4.253626773147889,-2.6855195484535215,-4.0030842446685,-2.922959709976716,-1.0801245346917838,-1.568107224694368,-0.15763954826032878,0.9167185877466252,-1.3033794648631405,0.8311800649456071,0.0,0.0,REGIME_CONFOUNDED,market_or_temporal_direction_is_not_consistent,False
T5_GE_10,MOMENTUM,rsi_change_5,0,4815,4815,-5.6299481836872145,-3.4239316046037773,-5.750958121243221,-3.957992454200685,-1.7929656670425356,-2.206016579083437,-0.23314945007954246,0.8907580477673935,-1.9971616671629682,0.9053248675006582,0.0,0.0,REGIME_CONFOUNDED,market_or_temporal_direction_is_not_consistent,False
T5_GE_10,MOMENTUM,macd_hist_change_5,-20,4815,4815,-0.29551480837395766,-0.07563096990713006,-0.03761745397866967,-0.03732348415614997,-0.0002939698225196963,-0.2198838384668276,-0.026702036817400982,0.9889927310488058,-0.015348257720284322,0.06980166358429209,0.5,0.5,NO_CLEAR_SIGNAL,effect_below_predeclared_discovery_floor,False
T5_GE_10,MOMENTUM,macd_hist_change_5,-10,4815,4815,-0.1187120923283826,0.03187235789068419,0.03212483946229171,0.020925670244303144,0.011199169217988563,-0.1505844502190668,-0.017327940106107845,0.9877466251298026,0.015727477621591095,0.10444290628090165,0.0,0.5,REGIME_CONFOUNDED,market_or_temporal_direction_is_not_consistent,False
T5_GE_10,MOMENTUM,macd_hist_change_5,-5,4815,4815,-0.8505457413582408,-0.13845060417713617,-0.1007587901707264,-0.03096834815868743,-0.06979044201203898,-0.7120951371811046,-0.0907621799514775,0.9898234683281413,-0.19757565767088742,0.27745682754274825,0.0,0.0,REGIME_CONFOUNDED,market_or_temporal_direction_is_not_consistent,False
T5_GE_10,MOMENTUM,macd_hist_change_5,-3,4815,4815,-1.053892680769704,-0.25367561775016834,-0.11402195212447452,-0.0435036035847716,-0.07051834853970293,-0.8002170630195357,-0.10091823292599061,0.9678089304257528,-0.20549308939748462,0.2567966854169266,0.0,0.5,REGIME_CONFOUNDED,market_or_temporal_direction_is_not_consistent,False
T5_GE_10,MOMENTUM,macd_hist_change_5,-1,4815,4815,-1.1098638744465241,-0.4772006044223786,-0.13860514084120124,-0.06444588160664491,-0.07415925923455632,-0.6326632700241455,-0.07286813575703091,0.9856697819314643,-0.1992605101367392,0.31495507891446656,0.0,0.5,REGIME_CONFOUNDED,market_or_temporal_direction_is_not_consistent,False
T5_GE_10,MOMENTUM,macd_hist_change_5,0,4815,4815,-1.546259275386876,-0.7937160692879334,-0.20820535008084762,-0.11002980320238187,-0.09817554687846575,-0.7525432060989427,-0.08404336048801962,0.9275181723779855,-0.22604800511585332,0.30037877331674834,0.0,0.0,REGIME_CONFOUNDED,market_or_temporal_direction_is_not_consistent,False
T5_GE_10,VOLUME_PARTICIPATION,VOLUME_MA5,-20,4815,4815,7982490.26384216,6028476.475970924,1708555.6,1315818.8,392736.80000000005,1954013.787871236,0.0780255661321772,0.9935617860851507,569411.1024137037,0.291405877454958,1.0,1.0,NO_CLEAR_SIGNAL,effect_below_predeclared_discovery_floor,False
T5_GE_10,VOLUME_PARTICIPATION,VOLUME_MA5,-10,4815,4815,7807024.710820353,6208525.909449637,1769080.2,1418440.8,350639.3999999999,1598498.8013707157,0.06534201198553544,0.994392523364486,662229.272307293,0.4142819949188765,1.0,1.0,NO_CLEAR_SIGNAL,effect_below_predeclared_discovery_floor,False
T5_GE_10,VOLUME_PARTICIPATION,VOLUME_MA5,-5,4815,4815,7023008.466666667,5932155.212544133,1576895.4,1429600.0,147295.3999999999,1090853.2541225338,0.05429362159832245,0.9904465212876428,253632.6704905266,0.23250851526729407,1.0,1.0,NO_CLEAR_SIGNAL,effect_below_predeclared_discovery_floor,False
T5_GE_10,VOLUME_PARTICIPATION,VOLUME_MA5,-3,4815,4815,6255603.430363447,5735958.763447559,1501400.0,1418734.4,82665.6000000001,519644.66691588797,0.029452275130414343,0.9946002076843198,79475.78717882186,0.15294256294500982,1.0,1.0,NO_CLEAR_SIGNAL,effect_below_predeclared_discovery_floor,False
T5_GE_10,VOLUME_PARTICIPATION,VOLUME_MA5,-1,4815,4815,5704130.891630322,5699006.32290758,1375200.0,1409400.0,-34200.0,5124.568722741678,0.0003023390909251846,0.9925233644859812,-74341.11056319764,14.506803320499651,0.5,1.0,NO_CLEAR_SIGNAL,effect_below_predeclared_discovery_floor,False
T5_GE_10,VOLUME_PARTICIPATION,VOLUME_MA5,0,4815,4815,5556264.398089305,5666480.821349948,1353956.0,1385400.0,-31444.0,-110216.42326064315,-0.006643411282980663,0.9908618899273106,-98837.4808720476,0.8967581958118321,0.0,1.0,REGIME_CONFOUNDED,market_or_temporal_direction_is_not_consistent,False
T5_GE_10,VOLUME_PARTICIPATION,VOLUME_MA20,-20,4815,4815,7750643.483125649,6017572.112647975,1917417.1,1502312.65,415104.4500000002,1733071.3704776745,0.07801548762666925,0.99190031152648,694244.8998053465,0.40058644533144444,1.0,1.0,NO_CLEAR_SIGNAL,effect_below_predeclared_discovery_floor,False
T5_GE_10,VOLUME_PARTICIPATION,VOLUME_MA20,-10,4815,4815,7865889.471370717,6191602.653239875,1965362.8,1578350.0,387012.80000000005,1674286.8181308415,0.07456340740253882,0.994392523364486,684070.6027251491,0.4085743227010766,1.0,1.0,NO_CLEAR_SIGNAL,effect_below_predeclared_discovery_floor,False
T5_GE_10,VOLUME_PARTICIPATION,VOLUME_MA20,-5,4815,4815,7649555.58344756,6123615.195514019,1950322.55,1612889.05,337433.5,1525940.387933541,0.07035752681696095,0.9950155763239876,541028.6606540359,0.35455425712056005,1.0,1.0,NO_CLEAR_SIGNAL,effect_below_predeclared_discovery_floor,False
T5_GE_10,VOLUME_PARTICIPATION,VOLUME_MA20,-3,4815,4815,7407080.5201246105,6067519.514745587,1915250.0,1619631.6,295618.3999999999,1339561.005379024,0.0645768414184993,0.9946002076843198,465335.72708279267,0.3473792721751613,1.0,1.0,NO_CLEAR_SIGNAL,effect_below_predeclared_discovery_floor,False
T5_GE_10,VOLUME_PARTICIPATION,VOLUME_MA20,-1,4815,4815,7157850.8411526475,6049739.281142264,1854608.1,1611493.25,243114.8500000001,1108111.5600103838,0.055303517068911665,0.9935617860851507,379132.23390864255,0.3421426574641003,1.0,1.0,NO_CLEAR_SIGNAL,effect_below_predeclared_discovery_floor,False
T5_GE_10,VOLUME_PARTICIPATION,VOLUME_MA20,0,4815,4815,7042999.117009345,6033116.281858775,1840711.5,1623700.0,217011.5,1009882.8351505706,0.05138719106979359,0.9948078920041538,340505.10872047767,0.3371728846839043,1.0,1.0,NO_CLEAR_SIGNAL,effect_below_predeclared_discovery_floor,False
T5_GE_10,VOLUME_PARTICIPATION,VOLUME_RATIO_20,-20,4815,4815,1.0475131539222222,1.0664652404228747,0.7647537363678696,0.7774772355713193,-0.012723499203449729,-0.0189520865006525,-0.01847551713841978,0.9781931464174455,-0.012050591010133171,0.6358450827943553,0.5,0.0,REGIME_CONFOUNDED,market_or_temporal_direction_is_not_consistent,False
T5_GE_10,VOLUME_PARTICIPATION,VOLUME_RATIO_20,-10,4815,4815,1.0853220899830314,1.0913261965493704,0.7839513029569235,0.7842228198509988,-0.00027151689407534096,-0.006004106566338985,-0.0056566325651409115,0.9883696780893043,-0.0035314699866279,0.5881757673034141,0.5,0.0,REGIME_CONFOUNDED,market_or_temporal_direction_is_not_consistent,False
T5_GE_10,VOLUME_PARTICIPATION,VOLUME_RATIO_20,-5,4815,4815,0.9466059872056058,1.0852794165292219,0.7527361238787956,0.8022442270543132,-0.04950810317551757,-0.13867342932361604,-0.15672305691415261,0.9557632398753894,-0.0793453786271745,0.5721743452526129,0.0,0.0,REGIME_CONFOUNDED,market_or_temporal_direction_is_not_consistent,False
T5_GE_10,VOLUME_PARTICIPATION,VOLUME_RATIO_20,-3,4815,4815,0.8454066562216274,1.0194476331817837,0.6725209854136508,0.7470478558110628,-0.07452687039741202,-0.1740409769601563,-0.2004224756817239,0.9312564901349949,-0.10451634080335148,0.6005272012882271,0.0,0.0,REGIME_CONFOUNDED,market_or_temporal_direction_is_not_consistent,False
T5_GE_10,VOLUME_PARTICIPATION,VOLUME_RATIO_20,-1,4815,4815,0.8921126481976738,1.0522792737102598,0.6888614177927448,0.7436838996521148,-0.05482248185937,-0.16016662551258598,-0.16725436555011325,0.9395638629283489,-0.09611173017320918,0.600073391479779,0.0,0.0,REGIME_CONFOUNDED,market_or_temporal_direction_is_not_consistent,False
T5_GE_10,VOLUME_PARTICIPATION,VOLUME_RATIO_20,0,4815,4815,0.9534133527657647,1.0882001919937834,0.7420322030784232,0.7939416559529328,-0.05190945287450954,-0.1347868392280187,-0.14633357418635393,0.9480789200415368,-0.08814903678647079,0.6539884553368686,0.0,0.0,REGIME_CONFOUNDED,market_or_temporal_direction_is_not_consistent,False
T5_GE_10,VOLUME_PARTICIPATION,volume_ratio_5_to_20,-20,4815,4815,1.018197359511196,1.0285819296311183,0.9014442518775274,0.9158259714458116,-0.014381719568284157,-0.010384570119922332,-0.01957979618809588,0.960539979231568,-0.01059796200002805,1.0205489372830499,0.5,0.0,REGIME_CONFOUNDED,market_or_temporal_direction_is_not_consistent,False
T5_GE_10,VOLUME_PARTICIPATION,volume_ratio_5_to_20,-10,4815,4815,1.0317542370164847,1.0296821935515632,0.9175973437971627,0.9154493514804645,0.002147992316698266,0.0020720434649215136,0.0038163134457995422,0.9752855659397714,0.0045600343712784985,2.2007426236356613,0.5,0.0,REGIME_CONFOUNDED,market_or_temporal_direction_is_not_consistent,False
T5_GE_10,VOLUME_PARTICIPATION,volume_ratio_5_to_20,-5,4815,4815,0.9532673079535811,1.0351309116227325,0.8702497727350741,0.922381930184805,-0.052132157449730876,-0.08186360366915146,-0.16447915245152833,0.9285565939771546,-0.06966709722008213,0.8510142981444961,0.0,0.0,REGIME_CONFOUNDED,market_or_temporal_direction_is_not_consistent,False
T5_GE_10,VOLUME_PARTICIPATION,volume_ratio_5_to_20,-3,4815,4815,0.9084975869700597,1.0204614253090083,0.8382663844259997,0.9184549356223176,-0.08018855119631796,-0.11196383833894863,-0.23532914248263798,0.9059190031152647,-0.09225548386266058,0.8239757160108708,0.0,0.0,REGIME_CONFOUNDED,market_or_temporal_direction_is_not_consistent,False
T5_GE_10,VOLUME_PARTICIPATION,volume_ratio_5_to_20,-1,4815,4815,0.8771842977427085,1.0120983478358703,0.8114801561651871,0.8991008991008991,-0.08762074293571198,-0.13491405009316182,-0.2820576662118718,0.8963655244029076,-0.10753455771643516,0.7970597401988868,0.0,0.0,REGIME_CONFOUNDED,market_or_temporal_direction_is_not_consistent,False
T5_GE_10,VOLUME_PARTICIPATION,volume_ratio_5_to_20,0,4815,4815,0.873977546380197,1.0106300645306807,0.8085796764881384,0.8985959438377535,-0.0900162673496151,-0.13665251815048374,-0.28415584264575844,0.8953271028037383,-0.11010950405130782,0.8057627151082106,0.0,0.0,REGIME_CONFOUNDED,market_or_temporal_direction_is_not_consistent,False
T5_GE_10,VOLUME_PARTICIPATION,volume_expansion_state,-20,4815,4815,0.33977154724818276,0.35077881619937695,0.0,0.0,0.0,-0.011007268951194193,-0.02315243068566483,0.9889927310488058,-0.013755515182974298,1.249675577472098,0.5,0.0,REGIME_CONFOUNDED,market_or_temporal_direction_is_not_consistent,False
T5_GE_10,VOLUME_PARTICIPATION,volume_expansion_state,-10,4815,4815,0.35887850467289717,0.3582554517133956,0.0,0.0,0.0,0.0006230529595015466,0.0012991648210252402,0.9993769470404985,0.0007786140669608366,1.2496755774721648,0.5,0.0,REGIME_CONFOUNDED,market_or_temporal_direction_is_not_consistent,False
T5_GE_10,VOLUME_PARTICIPATION,volume_expansion_state,-5,4815,4815,0.3256490134994808,0.36905503634475595,0.0,0.0,0.0,-0.04340602284527517,-0.09125931919236623,0.9565939771547247,-0.05424344666493641,1.2496755774721,0.0,0.0,REGIME_CONFOUNDED,market_or_temporal_direction_is_not_consistent,False
T5_GE_10,VOLUME_PARTICIPATION,volume_expansion_state,-3,4815,4815,0.2544132917964694,0.33665628245067497,0.0,0.0,0.0,-0.0822429906542056,-0.18098213722118353,0.9177570093457943,-0.10277705683882687,1.2496755774720998,0.0,0.0,REGIME_CONFOUNDED,market_or_temporal_direction_is_not_consistent,False
T5_GE_10,VOLUME_PARTICIPATION,volume_expansion_state,-1,4815,4815,0.2791277258566978,0.33769470404984425,0.0,0.0,0.0,-0.058566978193146435,-0.12706868621018888,0.9414330218068536,-0.07318972229431611,1.2496755774720991,0.0,0.0,REGIME_CONFOUNDED,market_or_temporal_direction_is_not_consistent,False
T5_GE_10,VOLUME_PARTICIPATION,volume_expansion_state,0,4815,4815,0.31754932502596056,0.3734164070612669,0.0,0.0,0.0,-0.055867082035306326,-0.11768817349088866,0.9441329179646937,-0.06981572800415259,1.2496755774720996,0.0,0.0,REGIME_CONFOUNDED,market_or_temporal_direction_is_not_consistent,False
T5_GE_10,VOLUME_PARTICIPATION,volume_contraction_state,-20,4815,4815,0.6602284527518172,0.6492211838006231,1.0,1.0,0.0,0.011007268951194082,0.023152430685664596,0.9889927310488058,0.013755515182974243,1.2496755774721056,0.5,1.0,NO_CLEAR_SIGNAL,effect_below_predeclared_discovery_floor,False
T5_GE_10,VOLUME_PARTICIPATION,volume_contraction_state,-10,4815,4815,0.6411214953271028,0.6417445482866043,1.0,1.0,0.0,-0.0006230529595014911,-0.0012991648210251244,0.9993769470404985,-0.0007786140669607811,1.249675577472187,0.5,1.0,NO_CLEAR_SIGNAL,effect_below_predeclared_discovery_floor,False
T5_GE_10,VOLUME_PARTICIPATION,volume_contraction_state,-5,4815,4815,0.6743509865005192,0.6305295950155764,1.0,1.0,0.0,0.043821391484942795,0.09212155824532434,0.9561786085150572,0.05476252270957693,1.2496755774721018,1.0,1.0,NO_CLEAR_SIGNAL,effect_below_predeclared_discovery_floor,False
T5_GE_10,VOLUME_PARTICIPATION,volume_contraction_state,-3,4815,4815,0.7455867082035307,0.663343717549325,1.0,1.0,0.0,0.0822429906542057,0.18098213722118375,0.9177570093457943,0.10277705683882687,1.249675577472098,1.0,1.0,PROMISING_DISCOVERY_SIGNAL,bounded_effect_requires_confirmatory_research,False
T5_GE_10,VOLUME_PARTICIPATION,volume_contraction_state,-1,4815,4815,0.7208722741433021,0.6623052959501557,1.0,1.0,0.0,0.05856697819314638,0.12706868621018877,0.9414330218068536,0.0731897222943162,1.2496755774721018,1.0,1.0,PROMISING_DISCOVERY_SIGNAL,bounded_effect_requires_confirmatory_research,False
T5_GE_10,VOLUME_PARTICIPATION,volume_contraction_state,0,4815,4815,0.6824506749740394,0.6265835929387331,1.0,1.0,0.0,0.055867082035306326,0.11768817349088866,0.9441329179646937,0.06981572800415259,1.2496755774720996,1.0,1.0,PROMISING_DISCOVERY_SIGNAL,bounded_effect_requires_confirmatory_research,False
T5_GE_10,VOLATILITY_COMPRESSION,true_range_pct,-20,4815,4815,0.04596013702389273,0.04244645128432955,0.03807106598984772,0.03431372549019608,0.0037573404996516374,0.003513685739563184,0.12509127917784438,0.9385254413291796,0.004257339613021438,1.211644958763644,1.0,1.0,PROMISING_DISCOVERY_SIGNAL,bounded_effect_requires_confirmatory_research,False
T5_GE_10,VOLATILITY_COMPRESSION,true_range_pct,-10,4815,4815,0.04702234655035257,0.04252787505075944,0.038461538461538464,0.03354632587859427,0.004915212582944195,0.004494471499593131,0.1576619142180908,0.9219106957424714,0.005159327626142907,1.1479275431182427,1.0,1.0,PROMISING_DISCOVERY_SIGNAL,bounded_effect_requires_confirmatory_research,False
T5_GE_10,VOLATILITY_COMPRESSION,true_range_pct,-5,4815,4815,0.045921309137479716,0.044544443915855186,0.04059040590405896,0.03717472118959108,0.003415684714467883,0.0013768652216245292,0.0531792400828946,0.9252336448598132,0.0020879239114988263,1.5164330384025073,1.0,0.5,NO_CLEAR_SIGNAL,effect_below_predeclared_discovery_floor,False
T5_GE_10,VOLATILITY_COMPRESSION,true_range_pct,-3,4815,4815,0.04319059452502577,0.045648743680393115,0.03795066413662239,0.03754693366708385,0.00040373046953853797,-0.0024581491553673437,-0.09492576703780678,0.910072689511942,-0.002146952739119981,0.8734021425966491,0.0,0.5,REGIME_CONFOUNDED,market_or_temporal_direction_is_not_consistent,False
T5_GE_10,VOLATILITY_COMPRESSION,true_range_pct,-1,4815,4815,0.050760382825123955,0.05073545581039011,0.04280155642023338,0.04246575342465746,0.0003358029955759234,2.4927014733847064e-05,0.0008363546943925317,0.9590861889927309,0.00012763731393310856,5.120441227958062,0.5,0.5,NO_CLEAR_SIGNAL,effect_below_predeclared_discovery_floor,False
T5_GE_10,VOLATILITY_COMPRESSION,true_range_pct,0,4815,4815,0.053181948438637036,0.05202684205831453,0.04391891891891894,0.04340836012861729,0.0005105587903016517,0.0011551063803225056,0.037334966711840056,0.9538940809968848,0.0013013600536746356,1.1266148952543193,1.0,0.5,NO_CLEAR_SIGNAL,effect_below_predeclared_discovery_floor,False
T5_GE_10,VOLATILITY_COMPRESSION,rolling_range_pct_5,-20,4815,4815,0.10907005503998231,0.1002667802725675,0.09463722397476353,0.08412197686645637,0.01051524710830716,0.008803274767414812,0.14000214240700623,0.929595015576324,0.009654895276789796,1.0967390581204217,1.0,1.0,PROMISING_DISCOVERY_SIGNAL,bounded_effect_requires_confirmatory_research,False
T5_GE_10,VOLATILITY_COMPRESSION,rolling_range_pct_5,-10,4815,4815,0.11271123790794615,0.10257958042476684,0.09716599190283401,0.08627450980392157,0.010891482098912442,0.010131657483179318,0.15519250945335247,0.9196261682242992,0.01090278133777102,1.0761103359318975,1.0,1.0,PROMISING_DISCOVERY_SIGNAL,bounded_effect_requires_confirmatory_research,False
T5_GE_10,VOLATILITY_COMPRESSION,rolling_range_pct_5,-5,4815,4815,0.11103570248187405,0.1079776237830263,0.09663250366032214,0.09318181818181821,0.003450685478503926,0.0030580786988477493,0.04921902751697514,0.9582554517133958,0.003400666372154415,1.112027095128634,1.0,0.5,NO_CLEAR_SIGNAL,effect_below_predeclared_discovery_floor,False
T5_GE_10,VOLATILITY_COMPRESSION,rolling_range_pct_5,-3,4815,4815,0.10841135813563092,0.1108688424775791,0.09541984732824428,0.09666666666666666,-0.0012468193384223836,-0.002457484341948174,-0.04019095193264956,0.9360332294911732,-0.0022922750470523445,0.9327730020184546,0.0,0.5,REGIME_CONFOUNDED,market_or_temporal_direction_is_not_consistent,False
T5_GE_10,VOLATILITY_COMPRESSION,rolling_range_pct_5,-1,4815,4815,0.12045205468508023,0.12078881434045892,0.10000000000000006,0.10240963855421692,-0.0024096385542168586,-0.0003367596553786878,-0.004578260069294466,0.9300103842159916,0.0009294315149471905,2.7599253654718243,0.5,0.5,NO_CLEAR_SIGNAL,effect_below_predeclared_discovery_floor,False
T5_GE_10,VOLATILITY_COMPRESSION,rolling_range_pct_5,0,4815,4815,0.1384597985453287,0.1290900324982085,0.10519645120405573,0.10495049504950503,0.0002459561545506972,0.009369766047120198,0.10314967821452324,0.920872274143302,0.004838665784012278,0.5164126574429725,1.0,0.5,PROMISING_DISCOVERY_SIGNAL,bounded_effect_requires_confirmatory_research,False
T5_GE_10,VOLATILITY_COMPRESSION,rolling_range_pct_20,-20,4815,4815,0.22617665187717753,0.20822303259464772,0.19999999999999987,0.1790780141843972,0.020921985815602673,0.01795361928252981,0.15135943031187563,0.9343717549325027,0.019314290685649355,1.0757881395225741,1.0,1.0,PROMISING_DISCOVERY_SIGNAL,bounded_effect_requires_confirmatory_research,False
T5_GE_10,VOLATILITY_COMPRESSION,rolling_range_pct_20,-10,4815,4815,0.23444858473123925,0.2128192792175857,0.2039691289966924,0.1826381059751973,0.021331023021495088,0.02162930551365355,0.17765901596209413,0.9235721703011424,0.021855469581603976,1.0104563721571023,1.0,1.0,PROMISING_DISCOVERY_SIGNAL,bounded_effect_requires_confirmatory_research,False
T5_GE_10,VOLATILITY_COMPRESSION,rolling_range_pct_20,-5,4815,4815,0.2410381306982503,0.21923117074780996,0.21017402945113792,0.1905781584582441,0.01959587099289381,0.021806959950440352,0.16557016219423026,0.929595015576324,0.01841117718450605,0.8442798641510905,1.0,1.0,PROMISING_DISCOVERY_SIGNAL,bounded_effect_requires_confirmatory_research,False
T5_GE_10,VOLATILITY_COMPRESSION,rolling_range_pct_20,-3,4815,4815,0.2411182845396134,0.22463187726935704,0.21043165467625904,0.19781420765027322,0.012617447025985828,0.016486407270256354,0.12449080323594293,0.959086188992731,0.01247966650273083,0.7569670151995935,1.0,1.0,PROMISING_DISCOVERY_SIGNAL,bounded_effect_requires_confirmatory_research,False
T5_GE_10,VOLATILITY_COMPRESSION,rolling_range_pct_20,-1,4815,4815,0.25956044988309385,0.24090553366287054,0.2218844984802432,0.20925110132158592,0.012633397158657272,0.018654916220223305,0.12485531636678479,0.9622014537902389,0.014706188739495668,0.7883277826545838,1.0,1.0,PROMISING_DISCOVERY_SIGNAL,bounded_effect_requires_confirmatory_research,False
T5_GE_10,VOLATILITY_COMPRESSION,rolling_range_pct_20,0,4815,4815,0.28351845127716035,0.2527460644161056,0.22871452420701174,0.21588089330024804,0.012833630906763704,0.030772386861054768,0.17924278143824415,0.9424714434060228,0.021293540461839844,0.6919690876754426,1.0,1.0,PROMISING_DISCOVERY_SIGNAL,bounded_effect_requires_confirmatory_research,False
T5_GE_10,VOLATILITY_COMPRESSION,range_compression_5_to_20,-20,4815,4815,0.5075561741411082,0.5082610503341702,0.48858447488584456,0.48181818181818153,0.006766293067663021,-0.0007048761930620318,-0.003687354880530861,0.9584631360332294,-0.0005536813296582732,0.7855015321953811,0.5,0.5,NO_CLEAR_SIGNAL,effect_below_predeclared_discovery_floor,False
T5_GE_10,VOLATILITY_COMPRESSION,range_compression_5_to_20,-10,4815,4815,0.5039597406043603,0.5051468004609649,0.4806201550387597,0.48148148148148123,-0.0008613264427215217,-0.0011870598566046109,-0.005988482534482555,0.9667705088265834,-0.0005889013987504521,0.4961008456935841,0.5,1.0,NO_CLEAR_SIGNAL,effect_below_predeclared_discovery_floor,False
T5_GE_10,VOLATILITY_COMPRESSION,range_compression_5_to_20,-5,4815,4815,0.4988358358532452,0.5217337000565487,0.47272727272727266,0.5,-0.027272727272727337,-0.02289786420330353,-0.11797124971627071,0.9418483904465214,-0.025394341809305332,1.1090266578505443,0.0,0.0,REGIME_CONFOUNDED,market_or_temporal_direction_is_not_consistent,False
T5_GE_10,VOLATILITY_COMPRESSION,range_compression_5_to_20,-3,4815,4815,0.49231914060832765,0.5240353115233527,0.46987951807229006,0.5029585798816566,-0.03307906180936654,-0.031716170915025044,-0.1593093936040431,0.9316718587746624,-0.03277411930805768,1.0333567502794434,0.0,0.0,REGIME_CONFOUNDED,market_or_temporal_direction_is_not_consistent,False
T5_GE_10,VOLATILITY_COMPRESSION,range_compression_5_to_20,-1,4815,4815,0.4992794452706313,0.5256367451733602,0.47777777777777775,0.5119047619047612,-0.03412698412698345,-0.026357299902728948,-0.13457080849206213,0.9397715472481827,-0.027940374797154,1.0600621042469205,0.0,0.0,REGIME_CONFOUNDED,market_or_temporal_direction_is_not_consistent,False
T5_GE_10,VOLATILITY_COMPRESSION,range_compression_5_to_20,0,4815,4815,0.5107311340798776,0.5288465299717187,0.4897959183673472,0.5111111111111111,-0.021315192743763867,-0.01811539589184108,-0.09290167834996971,0.9499480789200417,-0.01908026144430619,1.05326218417891,0.0,0.0,REGIME_CONFOUNDED,market_or_temporal_direction_is_not_consistent,False
T5_GE_10,VOLATILITY_COMPRESSION,realized_vol_5,-20,4815,4815,0.026683086030541113,0.024482382790803378,0.022599550492722196,0.019913902244129287,0.002685648248592909,0.002200703239737735,0.12889692815646062,0.935202492211838,0.002633488861191781,1.1966578744645382,1.0,1.0,PROMISING_DISCOVERY_SIGNAL,bounded_effect_requires_confirmatory_research,False
T5_GE_10,VOLATILITY_COMPRESSION,realized_vol_5,-10,4815,4815,0.02657391777023969,0.024518858792826018,0.022679391177127497,0.02035546512575878,0.0023239260513687153,0.002055058977413673,0.13103377079927814,0.9347871235721702,0.002239238488002497,1.0896224938617662,1.0,1.0,PROMISING_DISCOVERY_SIGNAL,bounded_effect_requires_confirmatory_research,False
T5_GE_10,VOLATILITY_COMPRESSION,realized_vol_5,-5,4815,4815,0.02638639351173989,0.026084032531301364,0.02246146177812314,0.02215806166216409,0.0003034001159590502,0.000302360980438527,0.0186501944433207,0.9638629283489095,0.0002978461642466762,0.9850681255719479,1.0,0.5,NO_CLEAR_SIGNAL,effect_below_predeclared_discovery_floor,False
T5_GE_10,VOLATILITY_COMPRESSION,realized_vol_5,-3,4815,4815,0.02609515745543466,0.02659545105104449,0.02288842048831734,0.02293957839647171,-5.115790815436727e-05,-0.0005002935956098312,-0.032757719511994646,0.932294911734164,-0.0003681597768799491,0.7358874471122941,0.0,0.5,REGIME_CONFOUNDED,market_or_temporal_direction_is_not_consistent,False
T5_GE_10,VOLATILITY_COMPRESSION,realized_vol_5,-1,4815,4815,0.027420644575254057,0.027991507627857192,0.02376944270193324,0.02370158732537235,6.785537656088872e-05,-0.000570863052603135,-0.035388338294042254,0.9536863966770509,-0.0004339274585716743,0.7601253165587886,0.0,0.5,REGIME_CONFOUNDED,market_or_temporal_direction_is_not_consistent,False
T5_GE_10,VOLATILITY_COMPRESSION,realized_vol_5,0,4815,4815,0.027507649379361735,0.028918301839045184,0.02347065340896625,0.023705459304201763,-0.00023480589523551185,-0.0014106524596834494,-0.08168274642808131,0.9347871235721704,-0.0008471271722264098,0.600521529177006,0.0,0.5,REGIME_CONFOUNDED,market_or_temporal_direction_is_not_consistent,False
T5_GE_10,VOLATILITY_COMPRESSION,realized_vol_20,-20,4815,4815,0.030984222823969437,0.02839227664028005,0.028790867795656847,0.025591480973867667,0.0031993868217891804,0.002591946183689388,0.17690692254712972,0.9163032191069574,0.002936910886362089,1.1330909973530687,1.0,1.0,PROMISING_DISCOVERY_SIGNAL,bounded_effect_requires_confirmatory_research,False
T5_GE_10,VOLATILITY_COMPRESSION,realized_vol_20,-10,4815,4815,0.03145165489030452,0.029051506477905636,0.029480480823602682,0.026535056044208617,0.0029454247793940652,0.0024001484123988837,0.16600119456120863,0.9291796469366563,0.0026342560139772757,1.0975388023378136,1.0,1.0,PROMISING_DISCOVERY_SIGNAL,bounded_effect_requires_confirmatory_research,False
T5_GE_10,VOLATILITY_COMPRESSION,realized_vol_20,-5,4815,4815,0.03139957788188184,0.0297805526324204,0.028972668923966174,0.027008636066091458,0.0019640328578747167,0.0016190252494614442,0.11370408941817547,0.9495327102803738,0.0017511714940391214,1.0816208670134295,1.0,1.0,PROMISING_DISCOVERY_SIGNAL,bounded_effect_requires_confirmatory_research,False
T5_GE_10,VOLATILITY_COMPRESSION,realized_vol_20,-3,4815,4815,0.03132311622715039,0.030318996407764108,0.028914794520058712,0.027751836356960827,0.0011629581630978846,0.0010041198193862788,0.07197749348951396,0.9651090342679128,0.0011092338694728004,1.1046827759567257,1.0,1.0,NO_CLEAR_SIGNAL,effect_below_predeclared_discovery_floor,False
T5_GE_10,VOLATILITY_COMPRESSION,realized_vol_20,-1,4815,4815,0.032032787537020824,0.03116366116830548,0.03069460213466005,0.029020822896335587,0.001673779238324461,0.0008691263687153443,0.06474076251107205,0.9505711318795431,0.000952588766030573,1.0960302210581812,1.0,0.5,NO_CLEAR_SIGNAL,effect_below_predeclared_discovery_floor,False
T5_GE_10,VOLATILITY_COMPRESSION,realized_vol_20,0,4815,4815,0.03232509000775694,0.031646267063201707,0.031209379998804788,0.02959948244277806,0.0016098975560267272,0.0006788229445552352,0.050099465271266304,0.9524402907580478,0.0007846320655213943,1.1558714563419556,1.0,0.5,NO_CLEAR_SIGNAL,effect_below_predeclared_discovery_floor,False
T5_GE_10,VOLATILITY_COMPRESSION,volatility_contraction_5_to_20,-20,4815,4815,0.8613462970633878,0.8650887957760888,0.830056900686474,0.839894720120947,-0.009837819434473039,-0.003742498712700937,-0.010805411705210726,0.9727933541017655,-0.004247301963147043,1.134884014450814,0.0,1.0,REGIME_CONFOUNDED,market_or_temporal_direction_is_not_consistent,False
T5_GE_10,VOLATILITY_COMPRESSION,volatility_contraction_5_to_20,-10,4815,4815,0.8569256765750515,0.8568664421695512,0.8349424708175643,0.8305566074209932,0.004385863396571099,5.92344055002636e-05,0.00017025785150123358,0.9609553478712357,0.0017020721316898246,28.73451868580415,0.5,0.5,NO_CLEAR_SIGNAL,effect_below_predeclared_discovery_floor,False
T5_GE_10,VOLATILITY_COMPRESSION,volatility_contraction_5_to_20,-5,4815,4814,0.8551373401261505,0.8872997942371891,0.8333048232596563,0.860016970909742,-0.026712147650085782,-0.032162454111038574,-0.091387955716584,0.9488178517054575,-0.03090053941966575,0.9607643531486698,0.0,0.5,REGIME_CONFOUNDED,market_or_temporal_direction_is_not_consistent,False
T5_GE_10,VOLATILITY_COMPRESSION,volatility_contraction_5_to_20,-3,4814,4814,0.8646567076127893,0.8967951773048309,0.8258232605924138,0.8537500425830397,-0.027926781990625815,-0.032138469692041594,-0.08638543564458827,0.9511840465309515,-0.03335957686319413,1.0379951871652096,0.0,0.5,REGIME_CONFOUNDED,market_or_temporal_direction_is_not_consistent,False
T5_GE_10,VOLATILITY_COMPRESSION,volatility_contraction_5_to_20,-1,4814,4814,0.8722568489566785,0.9077440519461047,0.8236999925591153,0.8641161514522935,-0.04041615889317818,-0.0354872029894262,-0.09286027388039264,0.9439135853759869,-0.038493990954109214,1.0847287954922487,0.0,0.5,REGIME_CONFOUNDED,market_or_temporal_direction_is_not_consistent,False
T5_GE_10,VOLATILITY_COMPRESSION,volatility_contraction_5_to_20,0,4814,4815,0.8601940269032678,0.911084342948513,0.8112497098760484,0.8615931563070628,-0.050343446431014405,-0.05089031604524519,-0.13320786145495184,0.9273808953722292,-0.04907693797149293,0.9643669323621407,0.0,0.0,REGIME_CONFOUNDED,market_or_temporal_direction_is_not_consistent,False
T5_GE_10,RELATIVE_STRENGTH,benchmark_relative_return_5D,-20,0,0,,,,,,,,,,,,,NO_CLEAR_SIGNAL,sample_below_discovery_floor,False
T5_GE_10,RELATIVE_STRENGTH,benchmark_relative_return_5D,-10,0,0,,,,,,,,,,,,,NO_CLEAR_SIGNAL,sample_below_discovery_floor,False
T5_GE_10,RELATIVE_STRENGTH,benchmark_relative_return_5D,-5,0,0,,,,,,,,,,,,,NO_CLEAR_SIGNAL,sample_below_discovery_floor,False
T5_GE_10,RELATIVE_STRENGTH,benchmark_relative_return_5D,-3,0,0,,,,,,,,,,,,,NO_CLEAR_SIGNAL,sample_below_discovery_floor,False
T5_GE_10,RELATIVE_STRENGTH,benchmark_relative_return_5D,-1,0,0,,,,,,,,,,,,,NO_CLEAR_SIGNAL,sample_below_discovery_floor,False
T5_GE_10,RELATIVE_STRENGTH,benchmark_relative_return_5D,0,0,0,,,,,,,,,,,,,NO_CLEAR_SIGNAL,sample_below_discovery_floor,False
T5_GE_10,RELATIVE_STRENGTH,benchmark_relative_return_20D,-20,0,0,,,,,,,,,,,,,NO_CLEAR_SIGNAL,sample_below_discovery_floor,False
T5_GE_10,RELATIVE_STRENGTH,benchmark_relative_return_20D,-10,0,0,,,,,,,,,,,,,NO_CLEAR_SIGNAL,sample_below_discovery_floor,False
T5_GE_10,RELATIVE_STRENGTH,benchmark_relative_return_20D,-5,0,0,,,,,,,,,,,,,NO_CLEAR_SIGNAL,sample_below_discovery_floor,False
T5_GE_10,RELATIVE_STRENGTH,benchmark_relative_return_20D,-3,0,0,,,,,,,,,,,,,NO_CLEAR_SIGNAL,sample_below_discovery_floor,False
T5_GE_10,RELATIVE_STRENGTH,benchmark_relative_return_20D,-1,0,0,,,,,,,,,,,,,NO_CLEAR_SIGNAL,sample_below_discovery_floor,False
T5_GE_10,RELATIVE_STRENGTH,benchmark_relative_return_20D,0,0,0,,,,,,,,,,,,,NO_CLEAR_SIGNAL,sample_below_discovery_floor,False
T5_GE_10,A_STATE_CONTEXT,a1_preceded_20,-20,4815,4815,0.42429906542056073,0.4288681204569055,0.0,0.0,0.0,-0.004569055036344749,-0.009238338924161059,0.9954309449636553,-0.00570983649104595,1.249675577472104,0.5,0.5,NO_CLEAR_SIGNAL,effect_below_predeclared_discovery_floor,False
T5_GE_10,A_STATE_CONTEXT,a1_preceded_20,-10,4815,4815,0.41474558670820355,0.4305295950155763,0.0,0.0,0.0,-0.015784008307372754,-0.03195688357567015,0.9842159916926272,-0.01972488969634051,1.2496755774721025,0.0,0.5,REGIME_CONFOUNDED,market_or_temporal_direction_is_not_consistent,False
T5_GE_10,A_STATE_CONTEXT,a1_preceded_20,-5,4815,4815,0.38712357217030113,0.41287642782969886,0.0,0.0,0.0,-0.025752855659397722,-0.05258596395643719,0.9742471443406022,-0.032182714767713505,1.2496755774721007,0.0,0.0,REGIME_CONFOUNDED,market_or_temporal_direction_is_not_consistent,False
T5_GE_10,A_STATE_CONTEXT,a1_preceded_20,-3,4815,4815,0.37050882658359297,0.4072689511941848,0.0,0.0,0.0,-0.03676012461059186,-0.07545934181528464,0.9632398753894081,-0.04593822995068775,1.2496755774721002,0.0,0.0,REGIME_CONFOUNDED,market_or_temporal_direction_is_not_consistent,False
T5_GE_10,A_STATE_CONTEXT,a1_preceded_20,-1,4815,4815,0.3574247144340602,0.40789200415368637,0.0,0.0,0.0,-0.05046728971962616,-0.1039747015774223,0.9495327102803738,-0.0630677394238256,1.2496755774721,0.0,0.0,REGIME_CONFOUNDED,market_or_temporal_direction_is_not_consistent,False
T5_GE_10,A_STATE_CONTEXT,a1_preceded_20,0,4815,4815,0.34974039460020767,0.401453790238837,0.0,0.0,0.0,-0.05171339563862931,-0.10693734632275155,0.9482866043613707,-0.06462496755774721,1.2496755774720991,0.0,0.0,REGIME_CONFOUNDED,market_or_temporal_direction_is_not_consistent,False
T5_GE_10,A_STATE_CONTEXT,a2_preceded_20,-20,4815,4815,0.3694704049844237,0.3684319833852544,0.0,0.0,0.0,0.0010384215991692813,0.0021520781072420217,0.9989615784008308,0.0012976901116013573,1.2496755774720847,0.5,0.5,NO_CLEAR_SIGNAL,effect_below_predeclared_discovery_floor,False
T5_GE_10,A_STATE_CONTEXT,a2_preceded_20,-10,4815,4815,0.36095534787123573,0.3734164070612669,0.0,0.0,0.0,-0.012461059190031154,-0.025852954024564462,0.9875389408099688,-0.015572281339216176,1.249675577472098,0.0,0.0,REGIME_CONFOUNDED,market_or_temporal_direction_is_not_consistent,False
T5_GE_10,A_STATE_CONTEXT,a2_preceded_20,-5,4815,4815,0.32461059190031155,0.36469366562824507,0.0,0.0,0.0,-0.040083073727933516,-0.08441528455650933,0.9599169262720664,-0.050090838307812136,1.2496755774721016,0.0,0.0,REGIME_CONFOUNDED,market_or_temporal_direction_is_not_consistent,False
T5_GE_10,A_STATE_CONTEXT,a2_preceded_20,-3,4815,4815,0.30134994807892,0.354932502596054,0.0,0.0,0.0,-0.05358255451713401,-0.1143041887241486,0.946417445482866,-0.06696080975862967,1.2496755774720991,0.0,0.0,REGIME_CONFOUNDED,market_or_temporal_direction_is_not_consistent,False
T5_GE_10,A_STATE_CONTEXT,a2_preceded_20,-1,4815,4815,0.28078920041536864,0.35202492211838005,0.0,0.0,0.0,-0.0712357217030114,-0.15362197689847443,0.9287642782969885,-0.08902154165585258,1.2496755774721,0.0,0.0,REGIME_CONFOUNDED,market_or_temporal_direction_is_not_consistent,False
T5_GE_10,A_STATE_CONTEXT,a2_preceded_20,0,4815,4815,0.27414330218068533,0.34807892004153684,0.0,0.0,0.0,-0.07393561786085151,-0.16021767658974215,0.9260643821391485,-0.0923955359460161,1.2496755774720998,0.0,0.0,REGIME_CONFOUNDED,market_or_temporal_direction_is_not_consistent,False
T5_GE_10,A_STATE_CONTEXT,a1_to_a2_preceded_20,-20,4815,4815,0.19750778816199377,0.18982346832814123,0.0,0.0,0.0,0.007684319833852538,0.01944652920425383,0.9923156801661475,0.009602906825849994,1.2496755774721016,0.5,0.5,NO_CLEAR_SIGNAL,effect_below_predeclared_discovery_floor,False
T5_GE_10,A_STATE_CONTEXT,a1_to_a2_preceded_20,-10,4815,4815,0.19501557632398753,0.2035306334371755,0.0,0.0,0.0,-0.00851505711318798,-0.02131796196382136,0.991484942886812,-0.010641058915131063,1.2496755774720956,0.0,0.0,REGIME_CONFOUNDED,market_or_temporal_direction_is_not_consistent,False
T5_GE_10,A_STATE_CONTEXT,a1_to_a2_preceded_20,-5,4815,4815,0.16739356178608514,0.19418483904465214,0.0,0.0,0.0,-0.026791277258567003,-0.06965825601593893,0.973208722741433,-0.03348040487931482,1.2496755774720985,0.0,0.0,REGIME_CONFOUNDED,market_or_temporal_direction_is_not_consistent,False
T5_GE_10,A_STATE_CONTEXT,a1_to_a2_preceded_20,-3,4815,4815,0.1491173416407061,0.18546209761163032,0.0,0.0,0.0,-0.03634475597092421,-0.09749347496017816,0.9636552440290758,-0.045419153906047234,1.2496755774720991,0.0,0.0,REGIME_CONFOUNDED,market_or_temporal_direction_is_not_consistent,False
T5_GE_10,A_STATE_CONTEXT,a1_to_a2_preceded_20,-1,4815,4815,0.13707165109034267,0.18712357217030115,0.0,0.0,0.0,-0.050051921079958483,-0.136125456222826,0.9499480789200415,-0.06254866337918505,1.2496755774720991,0.0,0.0,REGIME_CONFOUNDED,market_or_temporal_direction_is_not_consistent,False
T5_GE_10,A_STATE_CONTEXT,a1_to_a2_preceded_20,0,4815,4815,0.13146417445482866,0.18130841121495328,0.0,0.0,0.0,-0.049844236760124616,-0.13755250900606183,0.9501557632398754,-0.062289125356864775,1.2496755774720993,0.0,0.0,REGIME_CONFOUNDED,market_or_temporal_direction_is_not_consistent,False
T5_GE_10,A_STATE_CONTEXT,a2_without_prior_a1_20,-20,4815,4815,0.12357217030114226,0.11983385254413292,0.0,0.0,0.0,0.003738317757009335,0.011434362387221546,0.9962616822429906,0.004671684401764856,1.2496755774721027,0.5,0.5,NO_CLEAR_SIGNAL,effect_below_predeclared_discovery_floor,False
T5_GE_10,A_STATE_CONTEXT,a2_without_prior_a1_20,-10,4815,4815,0.12834890965732088,0.12045690550363447,0.0,0.0,0.0,0.007892004153686405,0.02391392855537292,0.9921079958463137,0.009862444848170258,1.2496755774720985,1.0,0.0,REGIME_CONFOUNDED,market_or_temporal_direction_is_not_consistent,False
T5_GE_10,A_STATE_CONTEXT,a2_without_prior_a1_20,-5,4815,4815,0.11692627206645899,0.11900311526479751,0.0,0.0,0.0,-0.002076843198338521,-0.006438533387182243,0.9979231568016615,-0.0025953802232027007,1.2496755774721031,0.5,0.0,REGIME_CONFOUNDED,market_or_temporal_direction_is_not_consistent,False
T5_GE_10,A_STATE_CONTEXT,a2_without_prior_a1_20,-3,4815,4815,0.11214953271028037,0.11671858774662514,0.0,0.0,0.0,-0.004569055036344763,-0.014353224144932546,0.9954309449636553,-0.005709836491045938,1.2496755774720976,0.0,0.0,REGIME_CONFOUNDED,market_or_temporal_direction_is_not_consistent,False
T5_GE_10,A_STATE_CONTEXT,a2_without_prior_a1_20,-1,4815,4815,0.10508826583592938,0.1142263759086189,0.0,0.0,0.0,-0.009138110072689512,-0.02924862200274661,0.9908618899273104,-0.011419672982091875,1.2496755774720996,0.0,0.0,REGIME_CONFOUNDED,market_or_temporal_direction_is_not_consistent,False
T5_GE_10,A_STATE_CONTEXT,a2_without_prior_a1_20,0,4815,4815,0.10218068535825545,0.11651090342679128,0.0,0.0,0.0,-0.014330218068535835,-0.04593161280747517,0.9856697819314642,-0.017908123540098627,1.249675577472099,0.0,0.0,REGIME_CONFOUNDED,market_or_temporal_direction_is_not_consistent,False
T5_GE_10,A_STATE_CONTEXT,a_state_bucket,-20,0,0,,,,,,,,,,,,,NO_CLEAR_SIGNAL,sample_below_discovery_floor,False
T5_GE_10,A_STATE_CONTEXT,a_state_bucket,-10,0,0,,,,,,,,,,,,,NO_CLEAR_SIGNAL,sample_below_discovery_floor,False
T5_GE_10,A_STATE_CONTEXT,a_state_bucket,-5,0,0,,,,,,,,,,,,,NO_CLEAR_SIGNAL,sample_below_discovery_floor,False
T5_GE_10,A_STATE_CONTEXT,a_state_bucket,-3,0,0,,,,,,,,,,,,,NO_CLEAR_SIGNAL,sample_below_discovery_floor,False
T5_GE_10,A_STATE_CONTEXT,a_state_bucket,-1,0,0,,,,,,,,,,,,,NO_CLEAR_SIGNAL,sample_below_discovery_floor,False
T5_GE_10,A_STATE_CONTEXT,a_state_bucket,0,0,0,,,,,,,,,,,,,NO_CLEAR_SIGNAL,sample_below_discovery_floor,False
T10_GE_3,TREND_STRUCTURE,close_vs_ma5,-20,6306,6306,0.0018974052617994194,0.0005659905729400383,-0.0012549689525773189,-0.0023672510544418225,0.0011122821018645036,0.001331414688859381,0.03874629539800244,0.971931493815414,0.0010738415855515088,0.8065417893740272,1.0,1.0,NO_CLEAR_SIGNAL,effect_below_predeclared_discovery_floor,False
T10_GE_3,TREND_STRUCTURE,close_vs_ma5,-10,6306,6306,0.0005458434013909232,0.0017246371434194883,-0.0016826104148206047,-0.0008503555078957727,-0.000832254906924832,-0.0011787937420285651,-0.03508658520504303,0.9635267998731369,-0.001041701862511311,0.8837015547085149,0.0,0.5,REGIME_CONFOUNDED,market_or_temporal_direction_is_not_consistent,False
T10_GE_3,TREND_STRUCTURE,close_vs_ma5,-5,6306,6306,-0.010585880808965652,-0.001527381457908949,-0.006652016979098475,-0.0029470259066158447,-0.0037049910724826305,-0.009058499351056702,-0.2695986924609294,0.9218204884237234,-0.005480198559991064,0.6049786336135005,0.0,0.0,REGIME_CONFOUNDED,market_or_temporal_direction_is_not_consistent,False
T10_GE_3,TREND_STRUCTURE,close_vs_ma5,-3,6306,6306,-0.009150081303840029,-0.0034729247178553646,-0.006882989183874154,-0.0034042314080750145,-0.003478757775799139,-0.0056771565859846645,-0.1789212638041342,0.8972407231208371,-0.0037578942836189004,0.6619324703666103,0.0,0.0,REGIME_CONFOUNDED,market_or_temporal_direction_is_not_consistent,False
T10_GE_3,TREND_STRUCTURE,close_vs_ma5,-1,6306,6306,-0.024400422150339413,-0.012548658580713443,-0.015773168090149784,-0.00789270407654738,-0.007880464013602404,-0.01185176356962597,-0.3053245849962323,0.8566444655883286,-0.009348087166211333,0.7887507299056211,0.0,0.0,REGIME_CONFOUNDED,market_or_temporal_direction_is_not_consistent,False
T10_GE_3,TREND_STRUCTURE,close_vs_ma5,0,6306,6306,-0.040344175451242296,-0.018038854507704444,-0.027889391167056053,-0.012241330098472971,-0.01564806106858308,-0.022305320943537852,-0.5204027825597507,0.8124008880431337,-0.017902304690876537,0.8026024255016637,0.0,0.0,REGIME_CONFOUNDED,market_or_temporal_direction_is_not_consistent,False
T10_GE_3,TREND_STRUCTURE,close_vs_ma10,-20,6306,6306,0.00604356573122883,0.0035631369653954113,-0.0013269571309358313,-0.002934097729353933,0.0016071405984181015,0.0024804287658334186,0.04693371505421238,0.9719314938154139,0.0024775398469514347,0.9988353147158358,1.0,0.5,NO_CLEAR_SIGNAL,effect_below_predeclared_discovery_floor,False
T10_GE_3,TREND_STRUCTURE,close_vs_ma10,-10,6306,6306,0.0017820611283519017,0.0034294765182337366,-0.002642020732863224,-0.0011997708416100713,-0.0014422498912531525,-0.0016474153898818349,-0.03166759271444171,0.9725658103393593,-0.0014053728462693775,0.8530774053107404,0.0,0.5,REGIME_CONFOUNDED,market_or_temporal_direction_is_not_consistent,False
T10_GE_3,TREND_STRUCTURE,close_vs_ma10,-5,6306,6306,-0.014785597923040988,-0.0014019002264263054,-0.009694849206576234,-0.0046788653502755385,-0.005015983856300695,-0.013383697696614683,-0.26227224544876326,0.9248334919124644,-0.008123626146151985,0.6069792018843045,0.0,0.0,REGIME_CONFOUNDED,market_or_temporal_direction_is_not_consistent,False
T10_GE_3,TREND_STRUCTURE,close_vs_ma10,-3,6306,6306,-0.01832759015172063,-0.005449188841906826,-0.013811683198688892,-0.006586536221347983,-0.007225146977340909,-0.012878401309813804,-0.26500950854221905,0.863780526482715,-0.009090629204721229,0.7058818083106203,0.0,0.0,REGIME_CONFOUNDED,market_or_temporal_direction_is_not_consistent,False
T10_GE_3,TREND_STRUCTURE,close_vs_ma10,-1,6306,6306,-0.038318316411193196,-0.016790240628571564,-0.025197597714291836,-0.01128662304736264,-0.013910974666929195,-0.02152807578262163,-0.37557867054856864,0.7875039644782746,-0.017136625997048925,0.7960128982304275,0.0,0.0,REGIME_CONFOUNDED,market_or_temporal_direction_is_not_consistent,False
T10_GE_3,TREND_STRUCTURE,close_vs_ma10,0,6306,6306,-0.05840293490267347,-0.02505302494564237,-0.04108426563996684,-0.017857142857142853,-0.023227122782823986,-0.0333499099570311,-0.5400672038596954,0.7386615921344751,-0.027095045730679442,0.8124473429040562,0.0,0.0,REGIME_CONFOUNDED,market_or_temporal_direction_is_not_consistent,False
T10_GE_3,TREND_STRUCTURE,close_vs_ma20,-20,6306,6306,0.01145519893414681,0.008151312904026946,-0.0011386319842302782,-0.004013940257270617,0.0028753082730403386,0.003303886030119864,0.04266702520288462,0.9689184903266732,0.0032779152694087945,0.992139329119011,1.0,0.5,NO_CLEAR_SIGNAL,effect_below_predeclared_discovery_floor,False
T10_GE_3,TREND_STRUCTURE,close_vs_ma20,-10,6306,6306,0.0065822771812533674,0.007133962911766401,-0.005343197698314791,-0.003838589557573214,-0.0015046081407415765,-0.0005516857305130334,-0.007114943154830917,0.9765302886140182,-0.000793699159006514,1.4386798771619906,0.5,0.5,NO_CLEAR_SIGNAL,effect_below_predeclared_discovery_floor,False
T10_GE_3,TREND_STRUCTURE,close_vs_ma20,-5,6306,6306,-0.014726322076561467,0.0010534916241761803,-0.014082062523286133,-0.007266385647336236,-0.0068156768759498965,-0.01577981370073765,-0.212405594533209,0.9406914050111006,-0.009976568774659831,0.632236157147626,0.0,0.0,REGIME_CONFOUNDED,market_or_temporal_direction_is_not_consistent,False
T10_GE_3,TREND_STRUCTURE,close_vs_ma20,-3,6306,6306,-0.021390900042664477,-0.00366965163679203,-0.018605602126354516,-0.009768246786557145,-0.00883735533979737,-0.01772124840587245,-0.24949302426625433,0.9111956866476374,-0.01199896264949765,0.6770946591731904,0.0,0.0,REGIME_CONFOUNDED,market_or_temporal_direction_is_not_consistent,False
T10_GE_3,TREND_STRUCTURE,close_vs_ma20,-1,6306,6306,-0.04671824627636705,-0.01712648097717611,-0.03235367317658773,-0.015623565545785768,-0.01673010763080196,-0.029591765299190942,-0.3810233664908109,0.8238185854741517,-0.022429090405906762,0.7579504020505322,0.0,0.0,REGIME_CONFOUNDED,market_or_temporal_direction_is_not_consistent,False
T10_GE_3,TREND_STRUCTURE,close_vs_ma20,0,6306,6306,-0.07066125729642486,-0.027329984146655533,-0.05035586488930832,-0.022033826519581624,-0.028322038369726698,-0.043331273149769325,-0.5287325773648411,0.7499207104345068,-0.03415457842445511,0.7882200531335399,0.0,0.0,REGIME_CONFOUNDED,market_or_temporal_direction_is_not_consistent,False
T10_GE_3,TREND_STRUCTURE,close_vs_ma60,-20,5892,5905,0.03753888874830982,0.026854389024881478,0.0005667608264141788,-0.0039660625533410624,0.004532823379755241,0.010684499723428345,0.06854886960342675,0.9583546455447275,0.008097704979858216,0.7578927595554187,1.0,1.0,NO_CLEAR_SIGNAL,effect_below_predeclared_discovery_floor,False
T10_GE_3,TREND_STRUCTURE,close_vs_ma60,-10,5953,5964,0.03178175485741021,0.02683020589849372,-0.001063405556294056,-0.0034013468857279844,0.0023379413294339286,0.004951548958916488,0.03279439234493199,0.9817106908205491,0.002653580394382268,0.5359091501264146,1.0,0.5,NO_CLEAR_SIGNAL,effect_below_predeclared_discovery_floor,False
T10_GE_3,TREND_STRUCTURE,close_vs_ma60,-5,6099,6109,0.00560545568922161,0.019254204523801905,-0.01561196520081042,-0.006285427833262512,-0.009326537367547908,-0.013648748834580296,-0.09691302722454861,0.9686455204625398,-0.010404071281681767,0.7622728945910519,0.0,0.0,REGIME_CONFOUNDED,market_or_temporal_direction_is_not_consistent,False
T10_GE_3,TREND_STRUCTURE,close_vs_ma60,-3,6125,6135,-0.005052109310979538,0.012750070203942688,-0.023055881203595176,-0.01053484602917334,-0.012521035174421836,-0.017802179514922224,-0.1317719074182554,0.9551114881160289,-0.01317425469892292,0.7400360550167431,0.0,0.0,REGIME_CONFOUNDED,market_or_temporal_direction_is_not_consistent,False
T10_GE_3,TREND_STRUCTURE,close_vs_ma60,-1,6306,6306,-0.034992584639665376,-0.002634689909846472,-0.04045427252647488,-0.019039719264330953,-0.021414553262143924,-0.032357894729818905,-0.24535142500927287,0.9050111005391691,-0.024736384256894995,0.7644621030953405,0.0,0.0,REGIME_CONFOUNDED,market_or_temporal_direction_is_not_consistent,False
T10_GE_3,TREND_STRUCTURE,close_vs_ma60,0,6306,6306,-0.06272410352934026,-0.014465004312200366,-0.0580701100224289,-0.026929833044678657,-0.031140276977750243,-0.04825909921713989,-0.37001836411689987,0.8574373612432605,-0.03745763235587872,0.7761776113420518,0.0,0.0,REGIME_CONFOUNDED,market_or_temporal_direction_is_not_consistent,False
T10_GE_3,TREND_STRUCTURE,distance_to_ma20,-20,6306,6306,0.01145519893414681,0.008151312904026946,-0.0011386319842302782,-0.004013940257270617,0.0028753082730403386,0.003303886030119864,0.04266702520288462,0.9689184903266732,0.0032779152694087945,0.992139329119011,1.0,0.5,NO_CLEAR_SIGNAL,effect_below_predeclared_discovery_floor,False
T10_GE_3,TREND_STRUCTURE,distance_to_ma20,-10,6306,6306,0.0065822771812533674,0.007133962911766401,-0.005343197698314791,-0.003838589557573214,-0.0015046081407415765,-0.0005516857305130334,-0.007114943154830917,0.9765302886140182,-0.000793699159006514,1.4386798771619906,0.5,0.5,NO_CLEAR_SIGNAL,effect_below_predeclared_discovery_floor,False
T10_GE_3,TREND_STRUCTURE,distance_to_ma20,-5,6306,6306,-0.014726322076561467,0.0010534916241761803,-0.014082062523286133,-0.007266385647336236,-0.0068156768759498965,-0.01577981370073765,-0.212405594533209,0.9406914050111006,-0.009976568774659831,0.632236157147626,0.0,0.0,REGIME_CONFOUNDED,market_or_temporal_direction_is_not_consistent,False
T10_GE_3,TREND_STRUCTURE,distance_to_ma20,-3,6306,6306,-0.021390900042664477,-0.00366965163679203,-0.018605602126354516,-0.009768246786557145,-0.00883735533979737,-0.01772124840587245,-0.24949302426625433,0.9111956866476374,-0.01199896264949765,0.6770946591731904,0.0,0.0,REGIME_CONFOUNDED,market_or_temporal_direction_is_not_consistent,False
T10_GE_3,TREND_STRUCTURE,distance_to_ma20,-1,6306,6306,-0.04671824627636705,-0.01712648097717611,-0.03235367317658773,-0.015623565545785768,-0.01673010763080196,-0.029591765299190942,-0.3810233664908109,0.8238185854741517,-0.022429090405906762,0.7579504020505322,0.0,0.0,REGIME_CONFOUNDED,market_or_temporal_direction_is_not_consistent,False
T10_GE_3,TREND_STRUCTURE,distance_to_ma20,0,6306,6306,-0.07066125729642486,-0.027329984146655533,-0.05035586488930832,-0.022033826519581624,-0.028322038369726698,-0.043331273149769325,-0.5287325773648411,0.7499207104345068,-0.03415457842445511,0.7882200531335399,0.0,0.0,REGIME_CONFOUNDED,market_or_temporal_direction_is_not_consistent,False
T10_GE_3,TREND_STRUCTURE,ma5_slope_5,-20,6306,6306,0.0092768432733215,0.007046719285245742,-0.000811362364635746,-0.002480374383751569,0.0016690120191158232,0.002230123988075759,0.03706411008290036,0.9643196955280685,0.0029496929271962246,1.3226587144786237,1.0,0.5,NO_CLEAR_SIGNAL,effect_below_predeclared_discovery_floor,False
T10_GE_3,TREND_STRUCTURE,ma5_slope_5,-10,6306,6306,0.0033376493969602956,0.004219965443423587,-0.0013697075289044933,-0.0015587747263259726,0.00018906719742147935,-0.0008823160464632913,-0.015412305626702243,0.9793847129717731,-0.0001666044528475411,0.18882627547732428,0.0,0.5,REGIME_CONFOUNDED,market_or_temporal_direction_is_not_consistent,False
T10_GE_3,TREND_STRUCTURE,ma5_slope_5,-5,6306,6306,-0.007653202689307713,0.0010446531652382979,-0.007840547554466039,-0.004222184304976919,-0.0036183632494891198,-0.008697855854546011,-0.1556459494013089,0.952584839835078,-0.005509291008055228,0.6334079456117623,0.0,0.0,REGIME_CONFOUNDED,market_or_temporal_direction_is_not_consistent,False
T10_GE_3,TREND_STRUCTURE,ma5_slope_5,-3,6306,6306,-0.01748822839600819,-0.0031229650174267637,-0.012012817092192703,-0.006106387286162585,-0.005906429806030118,-0.014365263378581426,-0.26310125544353413,0.9148430066603236,-0.008804917379636948,0.6129311483954453,0.0,0.0,REGIME_CONFOUNDED,market_or_temporal_direction_is_not_consistent,False
T10_GE_3,TREND_STRUCTURE,ma5_slope_5,-1,6306,6306,-0.027908103971501882,-0.007955110439999254,-0.01896561716025404,-0.00827543061035338,-0.01069018654990066,-0.01995299353150263,-0.35698582935850365,0.8686964795432922,-0.01400239675359989,0.7017692223220698,0.0,0.0,REGIME_CONFOUNDED,market_or_temporal_direction_is_not_consistent,False
T10_GE_3,TREND_STRUCTURE,ma5_slope_5,0,6306,6306,-0.03716103168008341,-0.013459503023467967,-0.02639296375266526,-0.011431184868184603,-0.014961778884480656,-0.023701528656615442,-0.41519287608319827,0.8073263558515701,-0.018267749813116442,0.7707414183185035,0.0,0.0,REGIME_CONFOUNDED,market_or_temporal_direction_is_not_consistent,False
T10_GE_3,TREND_STRUCTURE,ma20_slope_5,-20,6306,6306,0.006837551665918127,0.00557894127172743,0.0015576500580197768,0.00048606183473198815,0.0010715882232877885,0.0012586103941906969,0.03667884832373129,0.9695528068506185,0.0010719272999834034,0.8516752324079342,1.0,0.5,NO_CLEAR_SIGNAL,effect_below_predeclared_discovery_floor,False
T10_GE_3,TREND_STRUCTURE,ma20_slope_5,-10,6306,6306,0.004890058206554885,0.0041410576367199164,-0.0005071444195086882,-0.0009445204322523621,0.0004373760127436739,0.0007490005698349688,0.02255482107799506,0.9793847129717729,0.0006398838978004328,0.8543169706018005,1.0,0.5,NO_CLEAR_SIGNAL,effect_below_predeclared_discovery_floor,False
T10_GE_3,TREND_STRUCTURE,ma20_slope_5,-5,6306,6306,0.0013498578818765651,0.00286974736781023,-0.002937437443195577,-0.002217677078987886,-0.0007197603642076908,-0.0015198894859336648,-0.046634163843771774,0.9732001268633049,-0.0009207057227417941,0.6057714927715331,0.0,0.0,REGIME_CONFOUNDED,market_or_temporal_direction_is_not_consistent,False
T10_GE_3,TREND_STRUCTURE,ma20_slope_5,-3,6306,6306,-0.0020139899504335286,0.001538672126250373,-0.004775500661526782,-0.0028018680017565445,-0.001973632659770238,-0.0035526620766839017,-0.1110824642541994,0.9646368537900414,-0.002495779568425405,0.7025096996433154,0.0,0.0,REGIME_CONFOUNDED,market_or_temporal_direction_is_not_consistent,False
T10_GE_3,TREND_STRUCTURE,ma20_slope_5,-1,6306,6306,-0.0066146629842614105,-0.00043580188335029285,-0.0074018961794398135,-0.003690854268466581,-0.0037110419109732326,-0.006178861100911118,-0.19694563838989895,0.9291151284490963,-0.004657597224770397,0.7537954242220465,0.0,0.0,REGIME_CONFOUNDED,market_or_temporal_direction_is_not_consistent,False
T10_GE_3,TREND_STRUCTURE,ma20_slope_5,0,6306,6306,-0.010239904110201729,-0.0021280607000224547,-0.009840329728808661,-0.004665327297317423,-0.005175002431491238,-0.008111843410179275,-0.26074083296530254,0.9031081509673327,-0.006339956006570953,0.7815678491297254,0.0,0.0,REGIME_CONFOUNDED,market_or_temporal_direction_is_not_consistent,False
T10_GE_3,TREND_STRUCTURE,ma60_slope_5,-20,5794,5810,0.005178225301820766,0.003555445637455379,0.0004360341599137633,-0.00045434266375698194,0.0008903768236707452,0.0016227796643653873,0.07429316826325931,0.9495025122433618,0.0013201509024522954,0.8135121060742159,1.0,1.0,NO_CLEAR_SIGNAL,effect_below_predeclared_discovery_floor,False
T10_GE_3,TREND_STRUCTURE,ma60_slope_5,-10,5903,5915,0.004790954004981792,0.0033621978881220836,0.0004170346384064761,-0.0005987853212056177,0.0010158199596120938,0.0014287561168597083,0.06702574209161449,0.9546049983324378,0.0011953836740389088,0.8366604068623458,1.0,1.0,NO_CLEAR_SIGNAL,effect_below_predeclared_discovery_floor,False
T10_GE_3,TREND_STRUCTURE,ma60_slope_5,-5,5953,5964,0.003385446024650637,0.0030529178745106814,-0.00028825240428706066,-0.000455008249493736,0.00016675584520667536,0.0003325281501399555,0.0163284442314684,0.9664259705723,0.0003249447764968517,0.9771947919599827,1.0,0.5,NO_CLEAR_SIGNAL,effect_below_predeclared_discovery_floor,False
T10_GE_3,TREND_STRUCTURE,ma60_slope_5,-3,5974,5986,0.002436482957764352,0.0028151003525530207,-0.0007969310273787999,-0.0005900965621499836,-0.00020683446522881633,-0.0003786173947886687,-0.018901396888585675,0.9712696436758864,-0.0001996529598588185,0.5273211495479704,0.5,0.5,NO_CLEAR_SIGNAL,effect_below_predeclared_discovery_floor,False
T10_GE_3,TREND_STRUCTURE,ma60_slope_5,-1,6038,6050,0.001009952644090037,0.002278682423117133,-0.001638920950302809,-0.0010118617929410368,-0.0006270591573617722,-0.001268729779027096,-0.06459389887846098,0.9669333340633292,-0.0008674809274566116,0.6837397070649864,0.0,0.0,REGIME_CONFOUNDED,market_or_temporal_direction_is_not_consistent,False
T10_GE_3,TREND_STRUCTURE,ma60_slope_5,0,6099,6109,-0.00016651142354701752,0.0017051325164887646,-0.00241834170854279,-0.0012671594508975443,-0.0011511822576452458,-0.0018716439400357822,-0.09695685762076761,0.9558406766338713,-0.0013526437273546417,0.7227035540364487,0.0,0.0,REGIME_CONFOUNDED,market_or_temporal_direction_is_not_consistent,False
T10_GE_3,TREND_STRUCTURE,ma_alignment_bullish,-20,6306,6306,0.1568347605455122,0.13986679352997144,0.0,0.0,0.0,0.016967967015540764,0.047750537676143304,0.9830320329844592,0.02120491478398731,1.2497027348394758,1.0,1.0,NO_CLEAR_SIGNAL,effect_below_predeclared_discovery_floor,False
T10_GE_3,TREND_STRUCTURE,ma_alignment_bullish,-10,6306,6306,0.15302886140183952,0.1539803361877577,0.0,0.0,0.0,-0.0009514747859181716,-0.002639518226310437,0.9990485252140819,-0.0011890606420927458,1.2497027348394778,0.0,0.5,REGIME_CONFOUNDED,market_or_temporal_direction_is_not_consistent,False
T10_GE_3,TREND_STRUCTURE,ma_alignment_bullish,-5,6306,6306,0.09641611163970822,0.1371709483032033,0.0,0.0,0.0,-0.040754836663495095,-0.12714946256176904,0.9592451633365049,-0.046571541815299246,1.1427242906119726,0.0,0.0,REGIME_CONFOUNDED,market_or_temporal_direction_is_not_consistent,False
T10_GE_3,TREND_STRUCTURE,ma_alignment_bullish,-3,6306,6306,0.0800824611481129,0.13098636219473517,0.0,0.0,0.0,-0.05090390104662226,-0.16625224457048,0.9490960989533778,-0.03884264764169639,0.7630583676901478,0.0,0.0,REGIME_CONFOUNDED,market_or_temporal_direction_is_not_consistent,False
T10_GE_3,TREND_STRUCTURE,ma_alignment_bullish,-1,6306,6306,0.03964478274659055,0.10719949254678085,0.0,0.0,0.0,-0.0675547098001903,-0.26120030450530357,0.9324452901998097,-0.009116131589377725,0.13494442676670407,0.0,0.0,REGIME_CONFOUNDED,market_or_temporal_direction_is_not_consistent,False
T10_GE_3,TREND_STRUCTURE,ma_alignment_bullish,0,6306,6306,0.01379638439581351,0.09086584205518554,0.0,0.0,0.0,-0.07706945765937202,-0.35137856543901813,0.922930542340628,0.0,0.0,0.0,0.0,REGIME_CONFOUNDED,market_or_temporal_direction_is_not_consistent,False
T10_GE_3,TREND_STRUCTURE,ma_alignment_bearish,-20,6306,6306,0.16682524579765304,0.1782429432286711,0.0,0.0,0.0,-0.011417697431018059,-0.030221470200164184,0.9885823025689819,-0.014268727705112949,1.2497027348394778,0.0,0.5,REGIME_CONFOUNDED,market_or_temporal_direction_is_not_consistent,False
T10_GE_3,TREND_STRUCTURE,ma_alignment_bearish,-10,6306,6306,0.1744370440849984,0.16936251189343482,0.0,0.0,0.0,0.005074532191563591,0.01345013749827981,0.9949254678084365,0.006341656757827982,1.2497027348394765,1.0,1.0,NO_CLEAR_SIGNAL,effect_below_predeclared_discovery_floor,False
T10_GE_3,TREND_STRUCTURE,ma_alignment_bearish,-5,6306,6306,0.22803679035838884,0.20393276244846179,0.0,0.0,0.0,0.02410402790992705,0.058600611208374016,0.975895972090073,0.03012286959968291,1.2497027348394767,1.0,0.5,NO_CLEAR_SIGNAL,effect_below_predeclared_discovery_floor,False
T10_GE_3,TREND_STRUCTURE,ma_alignment_bearish,-3,6306,6306,0.24785918173168411,0.21915635902315256,0.0,0.0,0.0,0.028702822708531556,0.06788441616854078,0.9712971772914685,0.03586999603646451,1.2497027348394765,1.0,1.0,NO_CLEAR_SIGNAL,effect_below_predeclared_discovery_floor,False
T10_GE_3,TREND_STRUCTURE,ma_alignment_bearish,-1,6306,6306,0.3455439264192832,0.2572153504598795,0.0,0.0,0.0,0.08832857595940374,0.1933947279923474,0.9116714240405963,0.11038446294094331,1.2497027348394767,1.0,1.0,PROMISING_DISCOVERY_SIGNAL,bounded_effect_requires_confirmatory_research,False
T10_GE_3,TREND_STRUCTURE,ma_alignment_bearish,0,6306,6306,0.42261338407865523,0.29257849666983826,0.0,0.0,0.0,0.13003488740881697,0.2738372772991788,0.869965112591183,0.16250495441934207,1.2497027348394771,1.0,1.0,ROBUST_DISCOVERY_SIGNAL,bounded_effect_and_cross_segment_consistency,False
T10_GE_3,MOMENTUM,RAW_CLOSE_RETURN_5D,-20,6306,6306,0.00930129330613097,0.00559352044170467,0.0,-0.003647417761261541,0.003647417761261541,0.0037077728644263003,0.05098643763189907,0.9743101807802095,0.0034348266248535875,0.926385393724773,1.0,0.5,NO_CLEAR_SIGNAL,effect_below_predeclared_discovery_floor,False
T10_GE_3,MOMENTUM,RAW_CLOSE_RETURN_5D,-10,6306,6306,0.004762993440600009,0.006226053828315121,-0.0016155468325886333,0.0,-0.0016155468325886333,-0.0014630603877151122,-0.02025935849441246,0.9749444973041547,-0.0012330993135403552,0.8428218847932235,0.0,0.5,REGIME_CONFOUNDED,market_or_temporal_direction_is_not_consistent,False
T10_GE_3,MOMENTUM,RAW_CLOSE_RETURN_5D,-5,6306,6306,-0.018165899416577574,-0.001342474087603626,-0.012313586220374276,-0.006040471707751361,-0.006273114512622914,-0.01682342532897395,-0.2506381170488409,0.9359340310815097,-0.009840796943257497,0.5849460945571707,0.0,0.0,REGIME_CONFOUNDED,market_or_temporal_direction_is_not_consistent,False
T10_GE_3,MOMENTUM,RAW_CLOSE_RETURN_5D,-3,6306,6306,-0.02315781299385595,-0.005536463650447448,-0.017380515697486245,-0.007357518562960691,-0.010022997134525554,-0.0176213493434085,-0.27064433823330575,0.8939105613701238,-0.012167217352498217,0.6904815922652101,0.0,0.0,REGIME_CONFOUNDED,market_or_temporal_direction_is_not_consistent,False
T10_GE_3,MOMENTUM,RAW_CLOSE_RETURN_5D,-1,6306,6306,-0.04220977367614866,-0.016623580830362698,-0.028287366411944258,-0.012769840037272868,-0.01551752637467139,-0.02558619284578596,-0.35585058488645566,0.847129717729147,-0.019060941882170376,0.7449698357647495,0.0,0.0,REGIME_CONFOUNDED,market_or_temporal_direction_is_not_consistent,False
T10_GE_3,MOMENTUM,RAW_CLOSE_RETURN_5D,0,6306,6306,-0.06512211925154632,-0.02885388226750012,-0.048031189375837974,-0.021006568574725007,-0.027024620801112967,-0.0362682369840462,-0.4868997398968951,0.7751347922613385,-0.030094910425179946,0.8297869686474753,0.0,0.0,REGIME_CONFOUNDED,market_or_temporal_direction_is_not_consistent,False
T10_GE_3,MOMENTUM,RAW_CLOSE_RETURN_20D,-20,6306,6306,0.03154018807802313,0.025514819304453294,0.0,-0.002255138257517975,0.002255138257517975,0.00602536877356984,0.038919345059261715,0.9654297494449731,0.004512799165252523,0.7489664674215173,1.0,0.5,NO_CLEAR_SIGNAL,effect_below_predeclared_discovery_floor,False
T10_GE_3,MOMENTUM,RAW_CLOSE_RETURN_20D,-10,6306,6306,0.027504727699808728,0.02487974857174205,-0.0034662149173394848,-0.004333699561465288,0.0008674846441258034,0.0026249791280666783,0.016732174131810915,0.9785918173168411,0.001721721008569389,0.6558989327421634,1.0,0.5,NO_CLEAR_SIGNAL,effect_below_predeclared_discovery_floor,False
T10_GE_3,MOMENTUM,RAW_CLOSE_RETURN_20D,-5,6306,6306,-7.528906204676419e-05,0.014468620051851837,-0.01845100890102486,-0.009092949273194009,-0.009358059627830852,-0.014543909113898601,-0.0988991157987627,0.9603552172534093,-0.010963338432294698,0.7538096082997245,0.0,0.0,REGIME_CONFOUNDED,market_or_temporal_direction_is_not_consistent,False
T10_GE_3,MOMENTUM,RAW_CLOSE_RETURN_20D,-3,6306,6306,-0.01440942832241935,0.006739747965161819,-0.02552565313188543,-0.014091598939052239,-0.01143405419283319,-0.02114917628758117,-0.15096140972867325,0.9502061528702823,-0.015661054881685253,0.7405042479541603,0.0,0.0,REGIME_CONFOUNDED,market_or_temporal_direction_is_not_consistent,False
T10_GE_3,MOMENTUM,RAW_CLOSE_RETURN_20D,-1,6306,6306,-0.045816710961792836,-0.008168245168475852,-0.044544434200505065,-0.018977337903989543,-0.02556709629651552,-0.03764846579331699,-0.2775995008242159,0.8912147161433558,-0.030542305557736103,0.8112496728394626,0.0,0.0,REGIME_CONFOUNDED,market_or_temporal_direction_is_not_consistent,False
T10_GE_3,MOMENTUM,RAW_CLOSE_RETURN_20D,0,6306,6306,-0.0746379728514248,-0.020033453132250426,-0.06440035952747816,-0.0273134809518746,-0.03708687857560356,-0.05460451971917438,-0.4066428693133864,0.8422137646685697,-0.04378794486820851,0.8019106310870522,0.0,0.0,REGIME_CONFOUNDED,market_or_temporal_direction_is_not_consistent,False
T10_GE_3,MOMENTUM,RSI14,-20,6306,6306,50.55033768521739,49.87728491195634,49.666417039027806,49.07257121602742,0.593845823000386,0.6730527732610554,0.057608365442544836,0.966698382492864,0.684462372146676,1.0169520122922,1.0,0.5,NO_CLEAR_SIGNAL,effect_below_predeclared_discovery_floor,False
T10_GE_3,MOMENTUM,RSI14,-10,6306,6306,49.8990808631881,49.80671305343404,49.114924177177244,49.016607497524916,0.09831667965232782,0.09236780975405878,0.007992297150791377,0.9763717094830319,0.06719503761915036,0.7274724581871739,1.0,0.5,NO_CLEAR_SIGNAL,effect_below_predeclared_discovery_floor,False
T10_GE_3,MOMENTUM,RSI14,-5,6306,6306,46.99565599758079,48.92000501739774,46.866922784306155,48.32678236868165,-1.4598595843754936,-1.924349019816951,-0.1676891160659452,0.9427529337139231,-1.6499753038022646,0.8574199829712879,0.0,0.0,REGIME_CONFOUNDED,market_or_temporal_direction_is_not_consistent,False
T10_GE_3,MOMENTUM,RSI14,-3,6306,6306,46.06603783806184,48.27236962376114,45.84316625455563,47.77321252895486,-1.9300462743992242,-2.206331785699305,-0.1978650970753417,0.8972407231208374,-2.0722385128972007,0.9392234324541524,0.0,0.0,REGIME_CONFOUNDED,market_or_temporal_direction_is_not_consistent,False
T10_GE_3,MOMENTUM,RSI14,-1,6306,6306,42.43913555074735,46.56457118772142,42.8765245575817,46.388952823229076,-3.5124282656473724,-4.125435636974068,-0.35773732773133193,0.8457025055502697,-3.838552167438273,0.9304598362983506,0.0,0.0,REGIME_CONFOUNDED,market_or_temporal_direction_is_not_consistent,False
T10_GE_3,MOMENTUM,RSI14,0,6306,6306,38.92286533871869,45.157007580974195,39.61658733745705,44.88519949844383,-5.268612160986784,-6.234142242255508,-0.5527893673916398,0.7745004757373929,-5.699762168427668,0.9142817001823009,0.0,0.0,REGIME_CONFOUNDED,market_or_temporal_direction_is_not_consistent,False
T10_GE_3,MOMENTUM,MACD_12_26_9,-20,6306,6306,3.3203628701305803,1.9950267724853668,0.0017471363214814056,-0.028024399062410398,0.029771535383891802,1.3253360976452135,0.05228008062336635,0.9797018712337459,0.21147540006593746,0.15956360084183602,1.0,1.0,NO_CLEAR_SIGNAL,effect_below_predeclared_discovery_floor,False
T10_GE_3,MOMENTUM,MACD_12_26_9,-10,6306,6306,2.7520034557591786,1.6249633919106619,-0.030761681049992086,-0.052347327321919934,0.02158564627192785,1.1270400638485167,0.049624236892752874,0.9758959720900731,0.11503213619562427,0.10206570279571314,1.0,1.0,NO_CLEAR_SIGNAL,effect_below_predeclared_discovery_floor,False
T10_GE_3,MOMENTUM,MACD_12_26_9,-5,6306,6306,1.3585115936944387,1.3656569964429939,-0.12072494790827334,-0.0750015964055645,-0.04572335150270884,-0.00714540274855513,-0.00034976314316364186,0.9876308277830639,-0.09680117372628612,13.54733625698849,0.5,0.5,NO_CLEAR_SIGNAL,effect_below_predeclared_discovery_floor,False
T10_GE_3,MOMENTUM,MACD_12_26_9,-3,6306,6306,0.5820364282719356,1.2482999916341537,-0.1917814771253497,-0.10483548000068853,-0.08694599712466118,-0.6662635633622181,-0.03310017697859501,0.9888994608309548,-0.2370659782896997,0.35581411220114606,0.0,0.0,REGIME_CONFOUNDED,market_or_temporal_direction_is_not_consistent,False
T10_GE_3,MOMENTUM,MACD_12_26_9,-1,6306,6306,-0.6634173155994265,0.9253792719838665,-0.2976065642289224,-0.15231914918840853,-0.14528741504051387,-1.588796587583293,-0.07973774286161542,0.9898509356168728,-0.42664133977986973,0.2685311279707812,0.0,0.0,REGIME_CONFOUNDED,market_or_temporal_direction_is_not_consistent,False
T10_GE_3,MOMENTUM,MACD_12_26_9,0,6306,6306,-1.7705047205412443,0.5604929901016038,-0.44606806892006723,-0.19329278485913154,-0.2527752840609357,-2.330997710642848,-0.11591324550347605,0.8991436726926737,-0.5991790501065543,0.2570483219999865,0.0,0.0,REGIME_CONFOUNDED,market_or_temporal_direction_is_not_consistent,False
T10_GE_3,MOMENTUM,MACD_SIGNAL_12_26_9,-20,6306,6306,3.1629787603713853,1.9985253920647081,0.029179307331936827,-0.015146005286714677,0.044325312618651504,1.1644533683066771,0.04763682471512749,0.982080558198541,0.2012169139527469,0.17279946061331095,1.0,0.5,NO_CLEAR_SIGNAL,effect_below_predeclared_discovery_floor,False
T10_GE_3,MOMENTUM,MACD_SIGNAL_12_26_9,-10,6306,6306,2.974221265221159,1.7258017121018663,-0.025144940159118164,-0.050127715341727316,0.024982775182609152,1.2484195531192925,0.0550948746053207,0.9877894069140503,0.14627763484149242,0.11717025296183813,1.0,1.0,NO_CLEAR_SIGNAL,effect_below_predeclared_discovery_floor,False
T10_GE_3,MOMENTUM,MACD_SIGNAL_12_26_9,-5,6306,6306,2.254713311433465,1.540171550241534,-0.050534998787299154,-0.051110651742905105,0.0005756529556059514,0.7145417611919309,0.034536386237245344,0.9828734538534729,0.05122233023690373,0.07168556551748562,1.0,0.5,NO_CLEAR_SIGNAL,effect_below_predeclared_discovery_floor,False
T10_GE_3,MOMENTUM,MACD_SIGNAL_12_26_9,-3,6306,6306,1.7137038690871682,1.4452201791446713,-0.09218744447052907,-0.06462636587661591,-0.027561078593913158,0.26848368994249694,0.013459260361389891,0.9862036156041866,-0.04777828937788193,0.17795602179080205,0.5,0.5,NO_CLEAR_SIGNAL,effect_below_predeclared_discovery_floor,False
T10_GE_3,MOMENTUM,MACD_SIGNAL_12_26_9,-1,6306,6306,0.9762990985689776,1.2929130641463447,-0.15709384273706137,-0.08431131093243704,-0.07278253180462432,-0.3166139655773671,-0.016367327760291837,0.9911195686647639,-0.1744675729946123,0.5510419373840911,0.0,0.5,REGIME_CONFOUNDED,market_or_temporal_direction_is_not_consistent,False
T10_GE_3,MOMENTUM,MACD_SIGNAL_12_26_9,0,6306,6306,0.42693833474693316,1.1464290493373963,-0.21776939315597882,-0.11382260695480056,-0.10394678620117825,-0.7194907145904632,-0.03780023972585825,0.9879479860450368,-0.2650291866272387,0.3683566462398257,0.0,0.0,REGIME_CONFOUNDED,market_or_temporal_direction_is_not_consistent,False
T10_GE_3,MOMENTUM,MACD_HISTOGRAM_12_26_9,-20,6306,6306,0.15738410975919534,-0.0034986195793413337,0.0035768536521863007,-0.003132638345649639,0.00670949199783594,0.16088272933853667,0.02590183633592898,0.9938154138915319,0.010088715250625012,0.06270850384068188,1.0,1.0,NO_CLEAR_SIGNAL,effect_below_predeclared_discovery_floor,False
T10_GE_3,MOMENTUM,MACD_HISTOGRAM_12_26_9,-10,6306,6306,-0.22221780946198016,-0.10083832019120441,-0.013528903790268774,-0.002058104660776793,-0.011470799129491982,-0.12137948927077576,-0.01977245461809049,0.9941325721535045,-0.04499801421921558,0.37072172975479506,0.0,0.5,REGIME_CONFOUNDED,market_or_temporal_direction_is_not_consistent,False
T10_GE_3,MOMENTUM,MACD_HISTOGRAM_12_26_9,-5,6306,6306,-0.8962017177390263,-0.17451455379854025,-0.052811673960017874,-0.016750835725604832,-0.03606083823441304,-0.721687163940486,-0.10092470512532538,0.9915953060577228,-0.13627179980270826,0.18882392068420648,0.0,0.0,REGIME_CONFOUNDED,market_or_temporal_direction_is_not_consistent,False
T10_GE_3,MOMENTUM,MACD_HISTOGRAM_12_26_9,-3,6306,6306,-1.1316674408152325,-0.1969201875105174,-0.09458614394864205,-0.02505651309029969,-0.06952963085834236,-0.9347472533047151,-0.13226205517541134,0.9219790675547097,-0.18044200747636446,0.19303828584510724,0.0,0.0,REGIME_CONFOUNDED,market_or_temporal_direction_is_not_consistent,False
T10_GE_3,MOMENTUM,MACD_HISTOGRAM_12_26_9,-1,6306,6306,-1.639716414168404,-0.36753379216247806,-0.187549949953876,-0.052446147863255785,-0.13510380209062023,-1.2721826220059258,-0.17000028380005539,0.9525848398350777,-0.29159413387042904,0.22920776374908758,0.0,0.0,REGIME_CONFOUNDED,market_or_temporal_direction_is_not_consistent,False
T10_GE_3,MOMENTUM,MACD_HISTOGRAM_12_26_9,0,6306,6306,-2.1974430552881774,-0.5859360592357926,-0.3060368472165251,-0.08174868606583235,-0.22428816115069272,-1.611506996052385,-0.19019482019980063,0.9638439581351094,-0.41272244306877903,0.2561096191824182,0.0,0.0,REGIME_CONFOUNDED,market_or_temporal_direction_is_not_consistent,False
T10_GE_3,MOMENTUM,rsi_change_5,-20,6306,6306,-0.06663470815743804,-0.45527324054933194,-0.4241664138418635,-0.9654255171441157,0.5412591033022522,0.3886385323918939,0.039686030962961645,0.967649857278782,0.450275504261656,1.1585971712336771,1.0,1.0,NO_CLEAR_SIGNAL,effect_below_predeclared_discovery_floor,False
T10_GE_3,MOMENTUM,rsi_change_5,-10,6306,6306,-0.06168770012820578,0.25016832416608736,-0.20036037102235227,-0.13248547830108492,-0.06787489272126734,-0.31185602429429315,-0.03186529579768493,0.9771646051379638,-0.21285918393127806,0.6825559468121947,0.0,0.0,REGIME_CONFOUNDED,market_or_temporal_direction_is_not_consistent,False
T10_GE_3,MOMENTUM,rsi_change_5,-5,6306,6306,-2.903424865607308,-0.8867080360362986,-2.5476138357610587,-1.2899963801090948,-1.257617455651964,-2.0167168295710094,-0.21350710671357465,0.926419283222328,-1.587701875824443,0.7872706036584098,0.0,0.0,REGIME_CONFOUNDED,market_or_temporal_direction_is_not_consistent,False
T10_GE_3,MOMENTUM,rsi_change_5,-3,6306,6306,-3.16651858448295,-1.1659358560846143,-3.0393555761506157,-1.5082254609939234,-1.5311301151566923,-2.000582728398336,-0.21515623724198432,0.9097684744687599,-1.6934673838539767,0.8464870559038389,0.0,0.0,REGIME_CONFOUNDED,market_or_temporal_direction_is_not_consistent,False
T10_GE_3,MOMENTUM,rsi_change_5,-1,6306,6306,-5.296553038673855,-2.258518870653335,-4.857579546283642,-2.384264411769628,-2.4733151345140136,-3.03803416802052,-0.3246262876860083,0.8652077386615923,-2.631929756129252,0.8663265817856579,0.0,0.0,REGIME_CONFOUNDED,market_or_temporal_direction_is_not_consistent,False
T10_GE_3,MOMENTUM,rsi_change_5,0,6306,6306,-8.072790658862102,-3.762997436423542,-7.623389556805563,-4.037212724304553,-3.5861768325010104,-4.30979322243856,-0.4776204285640048,0.7982873453853475,-3.897246435152921,0.9042768954348551,0.0,0.0,REGIME_CONFOUNDED,market_or_temporal_direction_is_not_consistent,False
T10_GE_3,MOMENTUM,macd_hist_change_5,-20,6306,6306,0.07610922162508277,-0.01732781491324125,-0.006392425821185743,-0.014622409053149037,0.008229983231963294,0.09343703653832403,0.01404118326521969,0.9934982556295592,0.025719899096337116,0.27526449948771514,0.5,1.0,NO_CLEAR_SIGNAL,effect_below_predeclared_discovery_floor,False
T10_GE_3,MOMENTUM,macd_hist_change_5,-10,6306,6306,-0.134864707328464,0.023214398217423934,0.007601454971683873,0.010639447577253897,-0.0030379926055700245,-0.15807910554588794,-0.025818956279461677,0.9930225182366003,-0.02036046407555936,0.12879921103582553,0.0,0.5,REGIME_CONFOUNDED,market_or_temporal_direction_is_not_consistent,False
T10_GE_3,MOMENTUM,macd_hist_change_5,-5,6306,6306,-0.6739839082770461,-0.07367623360733586,-0.05060721244187807,-0.014585426007230166,-0.0360217864346479,-0.6003076746697102,-0.08825322265778757,0.9888994608309548,-0.11560409850573972,0.19257474689015958,0.0,0.0,REGIME_CONFOUNDED,market_or_temporal_direction_is_not_consistent,False
T10_GE_3,MOMENTUM,macd_hist_change_5,-3,6306,6306,-0.7325662366875286,-0.07419906025992973,-0.07570776874407575,-0.028807507820020027,-0.04690026092405573,-0.6583671764275989,-0.10489466821857174,0.98778940691405,-0.13072157339734483,0.1985542081649029,0.0,0.0,REGIME_CONFOUNDED,market_or_temporal_direction_is_not_consistent,False
T10_GE_3,MOMENTUM,macd_hist_change_5,-1,6306,6306,-0.9020551580104921,-0.18669321746797116,-0.11678777061463827,-0.04277229986920139,-0.07401547074543688,-0.7153619405425209,-0.11723487582155419,0.9831906121154456,-0.17553335262541003,0.24537698006730396,0.0,0.0,REGIME_CONFOUNDED,market_or_temporal_direction_is_not_consistent,False
T10_GE_3,MOMENTUM,macd_hist_change_5,0,6306,6306,-1.3012413375491512,-0.4114215054372523,-0.19638178531352646,-0.07246083258213057,-0.12392095273139589,-0.8898198321118989,-0.14791788853098242,0.9817633999365684,-0.2305629034819286,0.2591118956460101,0.0,0.0,REGIME_CONFOUNDED,market_or_temporal_direction_is_not_consistent,False
T10_GE_3,VOLUME_PARTICIPATION,VOLUME_MA5,-20,6306,6306,6353464.33549001,5260443.850555027,1242084.9,1056488.1,185596.7999999998,1093020.4849349828,0.05215066230021719,0.9958769425943549,373615.5025366624,0.3418193050232599,1.0,1.0,NO_CLEAR_SIGNAL,effect_below_predeclared_discovery_floor,False
T10_GE_3,VOLUME_PARTICIPATION,VOLUME_MA5,-10,6306,6306,6114225.13282588,5060167.103457025,1181424.3,1029757.6,151666.70000000007,1054058.029368855,0.055795978827223605,0.9944497304154772,348798.30459770095,0.33090996404301676,1.0,1.0,NO_CLEAR_SIGNAL,effect_below_predeclared_discovery_floor,False
T10_GE_3,VOLUME_PARTICIPATION,VOLUME_MA5,-5,6306,6306,5648100.795179195,5040855.006121155,1113741.4,1069270.2,44471.19999999995,607245.7890580399,0.029784990245139097,0.9980970504281638,124864.38224336086,0.20562412204957498,1.0,1.0,NO_CLEAR_SIGNAL,effect_below_predeclared_discovery_floor,False
T10_GE_3,VOLUME_PARTICIPATION,VOLUME_MA5,-3,6306,6306,5332689.9276244845,4983857.90212496,1048800.0,1085713.1,-36913.10000000009,348832.02549952455,0.01832233110261886,0.9974627339042181,-11165.646135552786,0.03200866124480307,1.0,1.0,NO_CLEAR_SIGNAL,effect_below_predeclared_discovery_floor,False
T10_GE_3,VOLUME_PARTICIPATION,VOLUME_MA5,-1,6306,6306,4870887.8586742785,4918725.901363781,997557.5,1070547.8,-72990.30000000005,-47838.04268950224,-0.002858467528696344,0.9963526799873136,-146579.9095521206,3.064086683134439,0.0,0.5,REGIME_CONFOUNDED,market_or_temporal_direction_is_not_consistent,False
T10_GE_3,VOLUME_PARTICIPATION,VOLUME_MA5,0,6306,6306,4726602.871011735,4896350.191627022,985885.3,1073786.1,-87900.80000000005,-169747.32061528694,-0.010642488941769663,0.995559784332382,-151579.0595323029,0.892968790216369,0.0,0.5,REGIME_CONFOUNDED,market_or_temporal_direction_is_not_consistent,False
T10_GE_3,VOLUME_PARTICIPATION,VOLUME_MA20,-20,6306,6306,6283537.873993022,5168650.892166191,1424233.8,1268738.25,155495.55000000005,1114886.9818268316,0.06199923101069165,0.9871550903901049,402383.4796472457,0.3609186278127566,1.0,1.0,NO_CLEAR_SIGNAL,effect_below_predeclared_discovery_floor,False
T10_GE_3,VOLUME_PARTICIPATION,VOLUME_MA20,-10,6306,6306,6259462.001038693,5117766.201562004,1400800.0,1248400.0,152400.0,1141695.7994766887,0.0642639355747374,0.990802410402791,380076.21647839854,0.3329049792883634,1.0,1.0,NO_CLEAR_SIGNAL,effect_below_predeclared_discovery_floor,False
T10_GE_3,VOLUME_PARTICIPATION,VOLUME_MA20,-5,6306,6306,6147411.209150016,5135048.185926102,1352904.85,1216483.15,136421.7000000002,1012363.0232239142,0.054511834782636936,0.994291151284491,304131.51346611185,0.3004174456091766,1.0,1.0,NO_CLEAR_SIGNAL,effect_below_predeclared_discovery_floor,False
T10_GE_3,VOLUME_PARTICIPATION,VOLUME_MA20,-3,6306,6306,6024695.903766254,5115715.47408817,1318612.2,1224240.7,94371.5,908980.4296780843,0.04949545985165114,0.9949254678084364,249086.50637138356,0.27402845896208966,1.0,1.0,NO_CLEAR_SIGNAL,effect_below_predeclared_discovery_floor,False
T10_GE_3,VOLUME_PARTICIPATION,VOLUME_MA20,-1,6306,6306,5830163.295028544,5069883.7941801455,1285536.9,1233094.4,52442.5,760279.5008483985,0.04251851717646985,0.9969869965112592,178060.67843836686,0.2342042344159856,1.0,1.0,NO_CLEAR_SIGNAL,effect_below_predeclared_discovery_floor,False
T10_GE_3,VOLUME_PARTICIPATION,VOLUME_MA20,0,6306,6306,5740695.843030447,5044024.771194101,1259519.425,1229513.75,30005.675000000047,696671.0718363458,0.039616819297044414,0.997779892166191,147210.15107015474,0.2113051008162654,1.0,1.0,NO_CLEAR_SIGNAL,effect_below_predeclared_discovery_floor,False
T10_GE_3,VOLUME_PARTICIPATION,VOLUME_RATIO_20,-20,6306,6306,1.0880550543528322,1.0637190538838668,0.7807888543125502,0.7753740015776046,0.005414852734945574,0.024336000468965446,0.02293289426538352,0.9871550903901047,0.00899599220116365,0.36965779206964655,1.0,0.5,NO_CLEAR_SIGNAL,effect_below_predeclared_discovery_floor,False
T10_GE_3,VOLUME_PARTICIPATION,VOLUME_RATIO_20,-10,6306,6306,1.0336477761829286,1.051695601322168,0.752575041084383,0.7507628899281569,0.0018121511562261272,-0.018047825139239526,-0.017352721985237983,0.9879479860450365,-0.006002853308388234,0.3326081265790219,0.0,0.0,REGIME_CONFOUNDED,market_or_temporal_direction_is_not_consistent,False
T10_GE_3,VOLUME_PARTICIPATION,VOLUME_RATIO_20,-5,6306,6306,0.931071288914891,1.0655343074968655,0.7341938555741986,0.7866568156760647,-0.05246296010186613,-0.1344630185819745,-0.14858997660891035,0.9562321598477641,-0.06976421508813202,0.5188357053400576,0.0,0.0,REGIME_CONFOUNDED,market_or_temporal_direction_is_not_consistent,False
T10_GE_3,VOLUME_PARTICIPATION,VOLUME_RATIO_20,-3,6306,6306,0.8387248237626582,1.0333728931190735,0.6806814894338132,0.7691434642887781,-0.08846197485496488,-0.19464806935641532,-0.2283917477816897,0.9108785283856643,-0.11944299240031608,0.6136356389007226,0.0,0.0,REGIME_CONFOUNDED,market_or_temporal_direction_is_not_consistent,False
T10_GE_3,VOLUME_PARTICIPATION,VOLUME_RATIO_20,-1,6306,6306,0.8674541273070138,1.0228861606281354,0.6850589495541358,0.7502953341739282,-0.06523638461979242,-0.15543203332112165,-0.174555189958145,0.9348239771646051,-0.09551219276680645,0.6144949063973114,0.0,0.0,REGIME_CONFOUNDED,market_or_temporal_direction_is_not_consistent,False
T10_GE_3,VOLUME_PARTICIPATION,VOLUME_RATIO_20,0,6306,6306,1.0014036424776522,1.069397665405418,0.7779661277170948,0.798513605794571,-0.020547478077476145,-0.0679940229277658,-0.07448954324669144,0.976371709483032,-0.02731701435974654,0.40175611301550834,0.0,0.0,REGIME_CONFOUNDED,market_or_temporal_direction_is_not_consistent,False
T10_GE_3,VOLUME_PARTICIPATION,volume_ratio_5_to_20,-20,6306,6306,1.0162008225614934,1.0099478893892604,0.9023559672795619,0.902787155620675,-0.000431188341113109,0.006252933172232966,0.011855557908959674,0.9733587059942912,0.004486284253342965,0.7174687670204032,1.0,0.5,NO_CLEAR_SIGNAL,effect_below_predeclared_discovery_floor,False
T10_GE_3,VOLUME_PARTICIPATION,volume_ratio_5_to_20,-10,6306,6306,0.9951394465633904,0.9962373614766679,0.8800993121263101,0.8781639327679636,0.001935379358346534,-0.0010979149132774868,-0.002056230882012452,0.9760545512210593,0.0005005341352167791,0.45589519658002337,0.0,0.0,REGIME_CONFOUNDED,market_or_temporal_direction_is_not_consistent,False
T10_GE_3,VOLUME_PARTICIPATION,volume_ratio_5_to_20,-5,6306,6306,0.9410002618574252,1.0046383330141753,0.8614955940043858,0.8930331315828386,-0.03153753757845279,-0.06363807115675002,-0.1295730387909387,0.9582936885505869,-0.040471399648136286,0.635962072898929,0.0,0.0,REGIME_CONFOUNDED,market_or_temporal_direction_is_not_consistent,False
T10_GE_3,VOLUME_PARTICIPATION,volume_ratio_5_to_20,-3,6306,6306,0.9071725803308267,1.0180765144380541,0.8466978295739843,0.9059284693238956,-0.059230639749911274,-0.11090393410722743,-0.23457545225251678,0.9205518553758326,-0.0809447365612741,0.7298635275013121,0.0,0.0,REGIME_CONFOUNDED,market_or_temporal_direction_is_not_consistent,False
T10_GE_3,VOLUME_PARTICIPATION,volume_ratio_5_to_20,-1,6306,6306,0.880249835876872,1.015616166476621,0.8185213941539526,0.9122811334246934,-0.09375973927074077,-0.135366330599749,-0.2930355165064414,0.8967649857278784,-0.10625847649142062,0.784969763312899,0.0,0.0,REGIME_CONFOUNDED,market_or_temporal_direction_is_not_consistent,False
T10_GE_3,VOLUME_PARTICIPATION,volume_ratio_5_to_20,0,6306,6306,0.8892562358335665,1.0170233144352132,0.8257497449384739,0.9166219590535211,-0.0908722141150472,-0.1277670786016467,-0.27621339962270947,0.9034253092293058,-0.09969067717907942,0.7802532410551224,0.0,0.0,REGIME_CONFOUNDED,market_or_temporal_direction_is_not_consistent,False
T10_GE_3,VOLUME_PARTICIPATION,volume_expansion_state,-20,6306,6306,0.3560101490643831,0.3464954012052014,0.0,0.0,0.0,0.009514747859181716,0.019932933304723833,0.9904852521408183,0.01189060642092743,1.249702734839475,1.0,1.0,NO_CLEAR_SIGNAL,effect_below_predeclared_discovery_floor,False
T10_GE_3,VOLUME_PARTICIPATION,volume_expansion_state,-10,6306,6306,0.33523628290516966,0.338883602917856,0.0,0.0,0.0,-0.0036473200126863614,-0.007715896606296656,0.9963526799873137,-0.004558065794688815,1.2497027348394532,0.5,0.0,REGIME_CONFOUNDED,market_or_temporal_direction_is_not_consistent,False
T10_GE_3,VOLUME_PARTICIPATION,volume_expansion_state,-5,6306,6306,0.30589914367269266,0.35632730732635587,0.0,0.0,0.0,-0.050428163653663205,-0.10730817332698006,0.9495718363463368,-0.06302021403091562,1.2497027348394771,0.0,0.0,REGIME_CONFOUNDED,market_or_temporal_direction_is_not_consistent,False
T10_GE_3,VOLUME_PARTICIPATION,volume_expansion_state,-3,6306,6306,0.2527751347922613,0.3436409768474469,0.0,0.0,0.0,-0.09086584205518555,-0.19961315466874124,0.9091341579448144,-0.11355529131985734,1.249702734839477,0.0,0.0,REGIME_CONFOUNDED,market_or_temporal_direction_is_not_consistent,False
T10_GE_3,VOLUME_PARTICIPATION,volume_expansion_state,-1,6306,6306,0.27291468442752936,0.3326990168093879,0.0,0.0,0.0,-0.05978433238185854,-0.13039141676811236,0.9402156676181415,-0.07471264367816091,1.249702734839477,0.0,0.0,REGIME_CONFOUNDED,market_or_temporal_direction_is_not_consistent,False
T10_GE_3,VOLUME_PARTICIPATION,volume_expansion_state,0,6306,6306,0.34808119251506503,0.36267047256581036,0.0,0.0,0.0,-0.014589280050745335,-0.03048506105101779,0.9854107199492548,-0.018232263178755426,1.249702734839474,0.0,0.0,REGIME_CONFOUNDED,market_or_temporal_direction_is_not_consistent,False
T10_GE_3,VOLUME_PARTICIPATION,volume_contraction_state,-20,6306,6306,0.6438312718046305,0.6535045987947986,1.0,1.0,0.0,-0.009673326990168096,-0.020264134075499977,0.9903266730098319,-0.012088783194609598,1.2497027348394771,0.0,0.0,REGIME_CONFOUNDED,market_or_temporal_direction_is_not_consistent,False
T10_GE_3,VOLUME_PARTICIPATION,volume_contraction_state,-10,6306,6306,0.6647637170948303,0.661116397082144,1.0,1.0,0.0,0.003647320012686306,0.007715896606296538,0.9963526799873137,0.00455806579468887,1.2497027348394874,0.5,1.0,NO_CLEAR_SIGNAL,effect_below_predeclared_discovery_floor,False
T10_GE_3,VOLUME_PARTICIPATION,volume_contraction_state,-5,6306,6306,0.6941008563273073,0.6435141135426578,1.0,1.0,0.0,0.050586742784649585,0.10764007118445469,0.9494132572153504,0.06321839080459768,1.2497027348394754,1.0,1.0,PROMISING_DISCOVERY_SIGNAL,bounded_effect_requires_confirmatory_research,False
T10_GE_3,VOLUME_PARTICIPATION,volume_contraction_state,-3,6306,6306,0.7472248652077387,0.6563590231525531,1.0,1.0,0.0,0.09086584205518555,0.19961315466874124,0.9091341579448144,0.11355529131985731,1.2497027348394765,1.0,1.0,PROMISING_DISCOVERY_SIGNAL,bounded_effect_requires_confirmatory_research,False
T10_GE_3,VOLUME_PARTICIPATION,volume_contraction_state,-1,6306,6306,0.7270853155724707,0.6673009831906122,1.0,1.0,0.0,0.05978433238185854,0.13039141676811236,0.9402156676181415,0.07471264367816088,1.2497027348394765,1.0,1.0,PROMISING_DISCOVERY_SIGNAL,bounded_effect_requires_confirmatory_research,False
T10_GE_3,VOLUME_PARTICIPATION,volume_contraction_state,0,6306,6306,0.651918807484935,0.6373295274341897,1.0,1.0,0.0,0.014589280050745335,0.03048506105101779,0.9854107199492548,0.01823226317875548,1.2497027348394778,1.0,1.0,NO_CLEAR_SIGNAL,effect_below_predeclared_discovery_floor,False
T10_GE_3,VOLATILITY_COMPRESSION,true_range_pct,-20,6306,6306,0.04035660496399288,0.03811986543027907,0.03206412825651297,0.03064825114324557,0.0014158771132673983,0.0022367395337138107,0.08545802026852328,0.9611481129083415,0.0022971821381599714,1.0270226387718036,1.0,1.0,NO_CLEAR_SIGNAL,effect_below_predeclared_discovery_floor,False
T10_GE_3,VOLATILITY_COMPRESSION,true_range_pct,-10,6306,6306,0.04013535437116992,0.038025291123852556,0.032000000000000015,0.029761904761904764,0.002238095238095251,0.0021100632473173633,0.07977148849457875,0.9582936885505868,0.0022270771618076377,1.05545516924151,1.0,1.0,NO_CLEAR_SIGNAL,effect_below_predeclared_discovery_floor,False
T10_GE_3,VOLATILITY_COMPRESSION,true_range_pct,-5,6306,6306,0.038822121228663645,0.03930908929230201,0.03149606299212601,0.0311264513306143,0.0003696116615117123,-0.00048696806363836276,-0.019030624077613308,0.9652711703139868,-8.409574280891785e-05,0.1726925215189674,0.0,0.0,REGIME_CONFOUNDED,market_or_temporal_direction_is_not_consistent,False
T10_GE_3,VOLATILITY_COMPRESSION,true_range_pct,-3,6306,6306,0.03602533546973242,0.04038222810512354,0.029481243766958085,0.03157358773716361,-0.0020923439702055235,-0.004356892635391123,-0.17273469726417226,0.9343482397716462,-0.003919218525795645,0.8995444353986962,0.0,0.5,REGIME_CONFOUNDED,market_or_temporal_direction_is_not_consistent,False
T10_GE_3,VOLATILITY_COMPRESSION,true_range_pct,-1,6306,6306,0.04143636410056065,0.04381398939930138,0.032374100719424516,0.03418803418803422,-0.0018139334686097033,-0.002377625298740728,-0.08347398231985682,0.9665398033618776,-0.0025685651009279206,1.0803069357851807,0.0,0.5,REGIME_CONFOUNDED,market_or_temporal_direction_is_not_consistent,False
T10_GE_3,VOLATILITY_COMPRESSION,true_range_pct,0,6306,6306,0.046776272407266936,0.045729801630041235,0.03791288566243191,0.03580609742466984,0.0021067882377620653,0.0010464707772257012,0.035446151122046854,0.9636853790041232,0.001324686991778963,1.265861427388198,1.0,0.5,NO_CLEAR_SIGNAL,effect_below_predeclared_discovery_floor,False
T10_GE_3,VOLATILITY_COMPRESSION,rolling_range_pct_5,-20,6306,6306,0.09440021222120872,0.08973616589900883,0.0788486173382717,0.07396184473524123,0.00488677260303047,0.004664046322199883,0.08167683740366624,0.9490960989533778,0.0047532270532211485,1.0191208930744928,1.0,1.0,NO_CLEAR_SIGNAL,effect_below_predeclared_discovery_floor,False
T10_GE_3,VOLATILITY_COMPRESSION,rolling_range_pct_5,-10,6306,6306,0.09499595714083278,0.0897175076424453,0.07778678191968302,0.07312221108293533,0.004664570836747692,0.0052784494983874886,0.08750886589175136,0.9521091024421189,0.00497917848084857,0.943303233718473,1.0,1.0,NO_CLEAR_SIGNAL,effect_below_predeclared_discovery_floor,False
T10_GE_3,VOLATILITY_COMPRESSION,rolling_range_pct_5,-5,6306,6306,0.09498542846840127,0.09379235339805937,0.0772661012456931,0.07621951219512196,0.0010465890505711312,0.0011930750703419007,0.01925126421231234,0.9766888677450049,0.0011950102190002865,1.0016219839861638,1.0,0.5,NO_CLEAR_SIGNAL,effect_below_predeclared_discovery_floor,False
T10_GE_3,VOLATILITY_COMPRESSION,rolling_range_pct_5,-3,6306,6306,0.09258836430356052,0.09748399034197237,0.0768836696090794,0.07964601769911506,-0.0027623480900356573,-0.004895626038411857,-0.08202522626886596,0.9584522676815731,-0.004463355054751442,0.9117026136660054,0.0,0.5,REGIME_CONFOUNDED,market_or_temporal_direction_is_not_consistent,False
T10_GE_3,VOLATILITY_COMPRESSION,rolling_range_pct_5,-1,6306,6306,0.10228335891290789,0.10431583652762919,0.07976072665582812,0.0844749810594213,-0.004714254403593188,-0.0020324776147212925,-0.027057028948864068,0.9895337773549001,-0.002470570526844018,1.2155462421576535,0.0,0.5,REGIME_CONFOUNDED,market_or_temporal_direction_is_not_consistent,False
T10_GE_3,VOLATILITY_COMPRESSION,rolling_range_pct_5,0,6306,6306,0.12202665233656713,0.1111693782021315,0.09219431393273003,0.08874821965500865,0.0034460942777213843,0.01085727413443563,0.12415632700076376,0.9682841738027276,0.006141894595084574,0.565693977975977,1.0,1.0,PROMISING_DISCOVERY_SIGNAL,bounded_effect_requires_confirmatory_research,False
T10_GE_3,VOLATILITY_COMPRESSION,rolling_range_pct_20,-20,6306,6306,0.19912532577299455,0.1885730018968031,0.17045454545454547,0.1626567452115199,0.0077978002430255655,0.010552323876191455,0.0967176641579893,0.9600380589914368,0.009504299076649403,0.900683033250463,1.0,1.0,NO_CLEAR_SIGNAL,effect_below_predeclared_discovery_floor,False
T10_GE_3,VOLATILITY_COMPRESSION,rolling_range_pct_20,-10,6306,6306,0.19646020691978897,0.18739873973252794,0.16864228213301635,0.15979662306593634,0.008845659067080014,0.00906146718726103,0.08286507324565141,0.9603552172534096,0.008242738467947708,0.9096472235242077,1.0,1.0,NO_CLEAR_SIGNAL,effect_below_predeclared_discovery_floor,False
T10_GE_3,VOLATILITY_COMPRESSION,rolling_range_pct_20,-5,6306,6306,0.20266726868574886,0.1913449444227131,0.16966803903134828,0.16204239793508995,0.007625641096258323,0.011322324263035755,0.0940042900741754,0.9578179511576278,0.008871808587097407,0.7835677888206576,1.0,1.0,NO_CLEAR_SIGNAL,effect_below_predeclared_discovery_floor,False
T10_GE_3,VOLATILITY_COMPRESSION,rolling_range_pct_20,-3,6306,6306,0.20242657387196963,0.19622241339588659,0.1700639537252026,0.16759776536312848,0.0024661883620741287,0.006204160476083048,0.0509087818101003,0.9849349825562956,0.003228189142320842,0.5203265058609405,1.0,1.0,NO_CLEAR_SIGNAL,effect_below_predeclared_discovery_floor,False
T10_GE_3,VOLATILITY_COMPRESSION,rolling_range_pct_20,-1,6306,6306,0.21739851922892076,0.20752957360603982,0.1770296826232709,0.17385944373492274,0.0031702388883481647,0.009868945622880931,0.07077051523555655,0.9666983824928641,0.007928564851645309,0.8033851998599635,1.0,1.0,NO_CLEAR_SIGNAL,effect_below_predeclared_discovery_floor,False
T10_GE_3,VOLATILITY_COMPRESSION,rolling_range_pct_20,0,6306,6306,0.23798792621337148,0.21688459355533318,0.18736842105263155,0.17806385358786742,0.00930456746476413,0.021103332658038293,0.1359176955094557,0.9633682207421504,0.014589998814600963,0.691359940679493,1.0,1.0,PROMISING_DISCOVERY_SIGNAL,bounded_effect_requires_confirmatory_research,False
T10_GE_3,VOLATILITY_COMPRESSION,range_compression_5_to_20,-20,6306,6306,0.5035414838649103,0.5044297797252073,0.47592709650231757,0.47952194576460744,-0.0035948492622898676,-0.0008882958602970392,-0.004458526470005512,0.9705042816365366,-0.0008537728168629966,0.9611356475054399,0.5,1.0,NO_CLEAR_SIGNAL,effect_below_predeclared_discovery_floor,False
T10_GE_3,VOLATILITY_COMPRESSION,range_compression_5_to_20,-10,6306,6306,0.5037001910500887,0.4985720231045718,0.47826086956521774,0.472222222222222,0.006038647342995751,0.005128167945516848,0.025847207351743492,0.9705042816365368,0.006495857063321786,1.2667013117229518,0.5,0.5,NO_CLEAR_SIGNAL,effect_below_predeclared_discovery_floor,False
T10_GE_3,VOLATILITY_COMPRESSION,range_compression_5_to_20,-5,6306,6306,0.49376013538903374,0.5093286875235644,0.4640577507598784,0.48451297112090075,-0.020455220361022375,-0.015568552134530678,-0.08005958994401378,0.9538534728829685,-0.016522323383737936,1.0612626813955175,0.0,0.0,REGIME_CONFOUNDED,market_or_temporal_direction_is_not_consistent,False
T10_GE_3,VOLATILITY_COMPRESSION,range_compression_5_to_20,-3,6306,6306,0.4891791624369717,0.5177823833255475,0.4608695652173912,0.493463773069036,-0.032594207851644796,-0.02860322088857581,-0.14677300915531488,0.9373612432603871,-0.030465088542969476,1.0650929369684132,0.0,0.0,REGIME_CONFOUNDED,market_or_temporal_direction_is_not_consistent,False
T10_GE_3,VOLATILITY_COMPRESSION,range_compression_5_to_20,-1,6306,6306,0.49695630231216975,0.5229751657487098,0.4736842105263158,0.5032730073161343,-0.029588796789818517,-0.026018863436540085,-0.1332973115787214,0.9387884554392643,-0.027886927195178934,1.0717965165232928,0.0,0.0,REGIME_CONFOUNDED,market_or_temporal_direction_is_not_consistent,False
T10_GE_3,VOLATILITY_COMPRESSION,range_compression_5_to_20,0,6306,6306,0.5342845273508072,0.5321435131695766,0.5161290322580645,0.5151515151515151,0.0009775171065493637,0.0021410141812305827,0.010738584627087128,0.9654297494449731,0.0020373410133628367,0.951577542654034,1.0,0.5,NO_CLEAR_SIGNAL,effect_below_predeclared_discovery_floor,False
T10_GE_3,VOLATILITY_COMPRESSION,realized_vol_5,-20,6306,6306,0.02256840015027187,0.021365066247658323,0.018324966204395103,0.01716547531199608,0.0011594908923990219,0.0012033339026135473,0.08152143907862566,0.9579765302886141,0.0013009008899016877,1.0810805604963283,1.0,1.0,NO_CLEAR_SIGNAL,effect_below_predeclared_discovery_floor,False
T10_GE_3,VOLATILITY_COMPRESSION,realized_vol_5,-10,6306,6306,0.022437607916212132,0.021559168980150558,0.017935316814990318,0.017276466045945852,0.000658850769044466,0.0008784389360615742,0.058165674562567514,0.9757373929590866,0.0007988246882952819,0.9093684893758948,1.0,1.0,NO_CLEAR_SIGNAL,effect_below_predeclared_discovery_floor,False
T10_GE_3,VOLATILITY_COMPRESSION,realized_vol_5,-5,6306,6306,0.0218010546615812,0.021823960241490286,0.017936493445815167,0.017546831396206213,0.0003896620496089548,-2.2905579909086177e-05,-0.001563215157459164,0.959245163336505,4.164122495628822e-05,1.8179511333729645,0.5,0.5,NO_CLEAR_SIGNAL,effect_below_predeclared_discovery_floor,False
T10_GE_3,VOLATILITY_COMPRESSION,realized_vol_5,-3,6306,6306,0.021799775414992905,0.023127841700031068,0.0178286735206832,0.01858473416291751,-0.0007560606422343102,-0.0013280662850381625,-0.08846006827923014,0.9541706311449415,-0.0013584709646297655,1.0228939473384262,0.0,0.5,REGIME_CONFOUNDED,market_or_temporal_direction_is_not_consistent,False
T10_GE_3,VOLATILITY_COMPRESSION,realized_vol_5,-1,6306,6306,0.022698618547111166,0.024360744139413287,0.01796164483678435,0.01915994537677658,-0.0011983005399922309,-0.001662125592302121,-0.1022245909088057,0.954487789406914,-0.0018083847352654767,1.0879952415393472,0.0,0.0,REGIME_CONFOUNDED,market_or_temporal_direction_is_not_consistent,False
T10_GE_3,VOLATILITY_COMPRESSION,realized_vol_5,0,6306,6306,0.023617676692685774,0.025398393953986007,0.01865139334400917,0.01951119768221975,-0.0008598043382105798,-0.0017807172613002326,-0.10352608077647346,0.9625753250872184,-0.0014868824866654494,0.8349907753349721,0.0,0.5,REGIME_CONFOUNDED,market_or_temporal_direction_is_not_consistent,False
T10_GE_3,VOLATILITY_COMPRESSION,realized_vol_20,-20,6306,6306,0.02712519300103057,0.025877403502226212,0.023986850902013634,0.022304446022336104,0.0016824048796775307,0.001247789498804358,0.09078508119943186,0.9549635267998731,0.001298206173482145,1.0404047916143682,1.0,1.0,NO_CLEAR_SIGNAL,effect_below_predeclared_discovery_floor,False
T10_GE_3,VOLATILITY_COMPRESSION,realized_vol_20,-10,6306,6306,0.02666309834456157,0.025534587608477773,0.0237042158288896,0.022351529662172166,0.0013526861667174338,0.0011285107360837973,0.08512164757343463,0.9624167459562322,0.0011739615759453308,1.04027506199831,1.0,1.0,NO_CLEAR_SIGNAL,effect_below_predeclared_discovery_floor,False
T10_GE_3,VOLATILITY_COMPRESSION,realized_vol_20,-5,6306,6306,0.026426571366610977,0.02569337344664722,0.023339153327266417,0.022781872178129863,0.0005572811491365535,0.0007331979199637559,0.05527238683598787,0.967174119885823,0.0007934099655884826,1.0821224992396365,1.0,1.0,NO_CLEAR_SIGNAL,effect_below_predeclared_discovery_floor,False
T10_GE_3,VOLATILITY_COMPRESSION,realized_vol_20,-3,6306,6306,0.026281640688307076,0.02612573490654358,0.023397059011668428,0.023507739169136503,-0.00011068015746807519,0.00015590578176349554,0.0118356916482763,0.9795432921027594,0.00010300540397984587,0.6606900835538095,0.5,1.0,NO_CLEAR_SIGNAL,effect_below_predeclared_discovery_floor,False
T10_GE_3,VOLATILITY_COMPRESSION,realized_vol_20,-1,6306,6306,0.02682446813549618,0.02676663084091708,0.024267770807723098,0.024387657915818255,-0.0001198871080951569,5.783729457910225e-05,0.0043181108818090745,0.9896923564858865,3.832676567522286e-05,0.6626652569788608,0.5,0.5,NO_CLEAR_SIGNAL,effect_below_predeclared_discovery_floor,False
T10_GE_3,VOLATILITY_COMPRESSION,realized_vol_20,0,6306,6306,0.027349367294928987,0.0272730178375,0.02452188334877633,0.024605979289853103,-8.409594107677484e-05,7.634945742898691e-05,0.005597784413434606,0.9770060260069776,9.049842368788127e-05,1.1853184912552182,0.5,0.5,NO_CLEAR_SIGNAL,effect_below_predeclared_discovery_floor,False
T10_GE_3,VOLATILITY_COMPRESSION,volatility_contraction_5_to_20,-20,6306,6306,0.8459947730991509,0.8410741538536894,0.8163954848833161,0.8112186981248491,0.005176786758467,0.004920619245461499,0.013974329351309106,0.9717729146844275,0.005771006358866848,1.172821157456899,0.5,1.0,NO_CLEAR_SIGNAL,effect_below_predeclared_discovery_floor,False
T10_GE_3,VOLATILITY_COMPRESSION,volatility_contraction_5_to_20,-10,6306,6306,0.843873916484863,0.8467117713289936,0.8153597720650997,0.8193453474510412,-0.003985575385941464,-0.0028378548441305718,-0.008065428020368203,0.9630510624801776,-0.004894040256190557,1.724556231730004,0.0,0.0,REGIME_CONFOUNDED,market_or_temporal_direction_is_not_consistent,False
T10_GE_3,VOLATILITY_COMPRESSION,volatility_contraction_5_to_20,-5,6306,6306,0.8369064433016288,0.852645550144516,0.8080095452473023,0.8207509019006305,-0.012741356653328206,-0.015739106842887263,-0.04477041908939729,0.9687599111956865,-0.014433668068532746,0.9170576331054984,0.0,0.0,REGIME_CONFOUNDED,market_or_temporal_direction_is_not_consistent,False
T10_GE_3,VOLATILITY_COMPRESSION,volatility_contraction_5_to_20,-3,6306,6306,0.8443447183306209,0.8837271007898029,0.8029347121346379,0.8442825057570331,-0.04134779362239527,-0.03938238245918202,-0.1065674668191477,0.9519505233111322,-0.04196315808195239,1.0655312213638986,0.0,0.0,REGIME_CONFOUNDED,market_or_temporal_direction_is_not_consistent,False
T10_GE_3,VOLATILITY_COMPRESSION,volatility_contraction_5_to_20,-1,6306,6306,0.848642450222347,0.9023443405028252,0.8066725998827541,0.8656597370552412,-0.05898713717248716,-0.053701890280478226,-0.14168022447423004,0.9391056137012371,-0.05741450376222934,1.0691337579061109,0.0,0.0,REGIME_CONFOUNDED,market_or_temporal_direction_is_not_consistent,False
T10_GE_3,VOLATILITY_COMPRESSION,volatility_contraction_5_to_20,0,6306,6306,0.8663131618789582,0.9154271823131775,0.8261013462088598,0.8830960626912883,-0.05699471648242849,-0.04911402043421931,-0.12887133369001963,0.940057088487155,-0.049060448586889405,0.9989092351459671,0.0,0.0,REGIME_CONFOUNDED,market_or_temporal_direction_is_not_consistent,False
T10_GE_3,RELATIVE_STRENGTH,benchmark_relative_return_5D,-20,0,0,,,,,,,,,,,,,NO_CLEAR_SIGNAL,sample_below_discovery_floor,False
T10_GE_3,RELATIVE_STRENGTH,benchmark_relative_return_5D,-10,0,0,,,,,,,,,,,,,NO_CLEAR_SIGNAL,sample_below_discovery_floor,False
T10_GE_3,RELATIVE_STRENGTH,benchmark_relative_return_5D,-5,0,0,,,,,,,,,,,,,NO_CLEAR_SIGNAL,sample_below_discovery_floor,False
T10_GE_3,RELATIVE_STRENGTH,benchmark_relative_return_5D,-3,0,0,,,,,,,,,,,,,NO_CLEAR_SIGNAL,sample_below_discovery_floor,False
T10_GE_3,RELATIVE_STRENGTH,benchmark_relative_return_5D,-1,0,0,,,,,,,,,,,,,NO_CLEAR_SIGNAL,sample_below_discovery_floor,False
T10_GE_3,RELATIVE_STRENGTH,benchmark_relative_return_5D,0,0,0,,,,,,,,,,,,,NO_CLEAR_SIGNAL,sample_below_discovery_floor,False
T10_GE_3,RELATIVE_STRENGTH,benchmark_relative_return_20D,-20,0,0,,,,,,,,,,,,,NO_CLEAR_SIGNAL,sample_below_discovery_floor,False
T10_GE_3,RELATIVE_STRENGTH,benchmark_relative_return_20D,-10,0,0,,,,,,,,,,,,,NO_CLEAR_SIGNAL,sample_below_discovery_floor,False
T10_GE_3,RELATIVE_STRENGTH,benchmark_relative_return_20D,-5,0,0,,,,,,,,,,,,,NO_CLEAR_SIGNAL,sample_below_discovery_floor,False
T10_GE_3,RELATIVE_STRENGTH,benchmark_relative_return_20D,-3,0,0,,,,,,,,,,,,,NO_CLEAR_SIGNAL,sample_below_discovery_floor,False
T10_GE_3,RELATIVE_STRENGTH,benchmark_relative_return_20D,-1,0,0,,,,,,,,,,,,,NO_CLEAR_SIGNAL,sample_below_discovery_floor,False
T10_GE_3,RELATIVE_STRENGTH,benchmark_relative_return_20D,0,0,0,,,,,,,,,,,,,NO_CLEAR_SIGNAL,sample_below_discovery_floor,False
T10_GE_3,A_STATE_CONTEXT,a1_preceded_20,-20,6306,6306,0.38978750396447825,0.40294957183634633,0.0,0.0,0.0,-0.013162067871868077,-0.026910880980160146,0.9868379321281319,-0.016448672215616356,1.2497027348394774,0.0,0.0,REGIME_CONFOUNDED,market_or_temporal_direction_is_not_consistent,False
T10_GE_3,A_STATE_CONTEXT,a1_preceded_20,-10,6306,6306,0.38328575959403743,0.40120520139549637,0.0,0.0,0.0,-0.017919441801458935,-0.03670747741140979,0.9820805581985411,-0.022393975426080015,1.2497027348394736,0.0,0.0,REGIME_CONFOUNDED,market_or_temporal_direction_is_not_consistent,False
T10_GE_3,A_STATE_CONTEXT,a1_preceded_20,-5,6306,6306,0.3691722169362512,0.38931176657151917,0.0,0.0,0.0,-0.020139549635267984,-0.041516805619125796,0.9798604503647319,-0.025168450257629815,1.2497027348394782,0.0,0.0,REGIME_CONFOUNDED,market_or_temporal_direction_is_not_consistent,False
T10_GE_3,A_STATE_CONTEXT,a1_preceded_20,-3,6306,6306,0.3610846812559467,0.3874088169996828,0.0,0.0,0.0,-0.0263241357437361,-0.054416955578415624,0.9736758642562638,-0.032897344431232656,1.2497027348394778,0.0,0.0,REGIME_CONFOUNDED,market_or_temporal_direction_is_not_consistent,False
T10_GE_3,A_STATE_CONTEXT,a1_preceded_20,-1,6306,6306,0.3428480811925151,0.38058991436726924,0.0,0.0,0.0,-0.03774183317475416,-0.07860796672700647,0.9622581668252458,-0.047166072136345605,1.2497027348394778,0.0,0.0,REGIME_CONFOUNDED,market_or_temporal_direction_is_not_consistent,False
T10_GE_3,A_STATE_CONTEXT,a1_preceded_20,0,6306,6306,0.33111322549952427,0.3748810656517602,0.0,0.0,0.0,-0.04376784015223595,-0.09167949861454647,0.956232159847764,-0.05469678953626633,1.249702734839477,0.0,0.0,REGIME_CONFOUNDED,market_or_temporal_direction_is_not_consistent,False
T10_GE_3,A_STATE_CONTEXT,a2_preceded_20,-20,6306,6306,0.32810022201078337,0.31319378369806533,0.0,0.0,0.0,0.01490643831271804,0.031942428377727074,0.985093561687282,0.018628616726119707,1.2497027348394778,1.0,0.5,NO_CLEAR_SIGNAL,effect_below_predeclared_discovery_floor,False
T10_GE_3,A_STATE_CONTEXT,a2_preceded_20,-10,6306,6306,0.3103393593403108,0.3054234062797336,0.0,0.0,0.0,0.004915953060577238,0.010649565873249249,0.9950840469394229,0.006143479984145828,1.249702734839468,0.5,0.5,NO_CLEAR_SIGNAL,effect_below_predeclared_discovery_floor,False
T10_GE_3,A_STATE_CONTEXT,a2_preceded_20,-5,6306,6306,0.28591817316841106,0.30177608626704727,0.0,0.0,0.0,-0.01585791309863621,-0.03481783346460874,0.9841420869013638,-0.01981767736821244,1.249702734839477,0.0,0.0,REGIME_CONFOUNDED,market_or_temporal_direction_is_not_consistent,False
T10_GE_3,A_STATE_CONTEXT,a2_preceded_20,-3,6306,6306,0.2662543609261021,0.2957500792895655,0.0,0.0,0.0,-0.029495718363463375,-0.06565596910217912,0.9705042816365366,-0.03686087990487516,1.249702734839477,0.0,0.0,REGIME_CONFOUNDED,market_or_temporal_direction_is_not_consistent,False
T10_GE_3,A_STATE_CONTEXT,a2_preceded_20,-1,6306,6306,0.24516333650491595,0.2878211227402474,0.0,0.0,0.0,-0.04265778623533145,-0.0965961081056568,0.9573422137646685,-0.05330955212049149,1.2497027348394765,0.0,0.0,REGIME_CONFOUNDED,market_or_temporal_direction_is_not_consistent,False
T10_GE_3,A_STATE_CONTEXT,a2_preceded_20,0,6306,6306,0.23057405645417064,0.28639391056137015,0.0,0.0,0.0,-0.0558198541071995,-0.1277602973606696,0.9441801458928005,-0.06975822433610782,1.2497027348394767,0.0,0.0,REGIME_CONFOUNDED,market_or_temporal_direction_is_not_consistent,False
T10_GE_3,A_STATE_CONTEXT,a1_to_a2_preceded_20,-20,6306,6306,0.16634950840469395,0.1603235014272122,0.0,0.0,0.0,0.006026006977481763,0.016301479284629418,0.9939739930225182,0.007530717399920728,1.2497027348394767,0.5,0.5,NO_CLEAR_SIGNAL,effect_below_predeclared_discovery_floor,False
T10_GE_3,A_STATE_CONTEXT,a1_to_a2_preceded_20,-10,6306,6306,0.16714240405962574,0.16048208055819854,0.0,0.0,0.0,0.006660323501427201,0.01799649065920928,0.9933396764985728,0.00832342449464922,1.2497027348394778,0.5,0.5,NO_CLEAR_SIGNAL,effect_below_predeclared_discovery_floor,False
T10_GE_3,A_STATE_CONTEXT,a1_to_a2_preceded_20,-5,6306,6306,0.15080875356803045,0.1601649222962258,0.0,0.0,0.0,-0.009356168728195363,-0.025821663146871034,0.9906438312718047,-0.011692429647245345,1.2497027348394778,0.0,0.0,REGIME_CONFOUNDED,market_or_temporal_direction_is_not_consistent,False
T10_GE_3,A_STATE_CONTEXT,a1_to_a2_preceded_20,-3,6306,6306,0.14018395179194418,0.15588328575959404,0.0,0.0,0.0,-0.01569933396764986,-0.0442176784495676,0.9843006660323501,-0.01961950059453032,1.2497027348394765,0.0,0.5,REGIME_CONFOUNDED,market_or_temporal_direction_is_not_consistent,False
T10_GE_3,A_STATE_CONTEXT,a1_to_a2_preceded_20,-1,6306,6306,0.12733904218204883,0.1493815413891532,0.0,0.0,0.0,-0.022042499207104355,-0.06387245474212891,0.9779575007928957,-0.0275465715418153,1.2497027348394762,0.0,0.5,REGIME_CONFOUNDED,market_or_temporal_direction_is_not_consistent,False
T10_GE_3,A_STATE_CONTEXT,a1_to_a2_preceded_20,0,6306,6306,0.11877576910878529,0.1463685379004123,0.0,0.0,0.0,-0.027592768791627004,-0.08143519894233345,0.972407231208373,-0.034482758620689655,1.2497027348394776,0.0,0.0,REGIME_CONFOUNDED,market_or_temporal_direction_is_not_consistent,False
T10_GE_3,A_STATE_CONTEXT,a2_without_prior_a1_20,-20,6306,6306,0.11132254995242626,0.09800190294957184,0.0,0.0,0.0,0.013320647002854416,0.04352509220355025,0.9866793529971456,0.014268727705112961,1.0711737727195523,1.0,1.0,NO_CLEAR_SIGNAL,effect_below_predeclared_discovery_floor,False
T10_GE_3,A_STATE_CONTEXT,a2_without_prior_a1_20,-10,6306,6306,0.10593085949888995,0.09625753250872185,0.0,0.0,0.0,0.009673326990168096,0.03209309275992178,0.9903266730098319,0.0075307173999207295,0.7785033430147559,1.0,0.5,NO_CLEAR_SIGNAL,effect_below_predeclared_discovery_floor,False
T10_GE_3,A_STATE_CONTEXT,a2_without_prior_a1_20,-5,6306,6306,0.09578179511576276,0.09498889946083096,0.0,0.0,0.0,0.000792895654931805,0.0026992542372627315,0.9992071043450682,0.0,0.0,0.5,0.5,NO_CLEAR_SIGNAL,effect_below_predeclared_discovery_floor,False
T10_GE_3,A_STATE_CONTEXT,a2_without_prior_a1_20,-3,6306,6306,0.08610846812559467,0.09324452901998097,0.0,0.0,0.0,-0.007136060894386301,-0.024977859308494325,0.9928639391056138,0.0,0.0,0.0,0.5,REGIME_CONFOUNDED,market_or_temporal_direction_is_not_consistent,False
T10_GE_3,A_STATE_CONTEXT,a2_without_prior_a1_20,-1,6306,6306,0.08087535680304472,0.09324452901998097,0.0,0.0,0.0,-0.012369172216936244,-0.043884872463968425,0.9876308277830638,0.0,0.0,0.0,0.0,REGIME_CONFOUNDED,market_or_temporal_direction_is_not_consistent,False
T10_GE_3,A_STATE_CONTEXT,a2_without_prior_a1_20,0,6306,6306,0.07786235331430384,0.09324452901998097,0.0,0.0,0.0,-0.015382175705677126,-0.05501537896693804,0.9846178242943229,0.0,0.0,0.0,0.0,REGIME_CONFOUNDED,market_or_temporal_direction_is_not_consistent,False
T10_GE_3,A_STATE_CONTEXT,a_state_bucket,-20,0,0,,,,,,,,,,,,,NO_CLEAR_SIGNAL,sample_below_discovery_floor,False
T10_GE_3,A_STATE_CONTEXT,a_state_bucket,-10,0,0,,,,,,,,,,,,,NO_CLEAR_SIGNAL,sample_below_discovery_floor,False
T10_GE_3,A_STATE_CONTEXT,a_state_bucket,-5,0,0,,,,,,,,,,,,,NO_CLEAR_SIGNAL,sample_below_discovery_floor,False
T10_GE_3,A_STATE_CONTEXT,a_state_bucket,-3,0,0,,,,,,,,,,,,,NO_CLEAR_SIGNAL,sample_below_discovery_floor,False
T10_GE_3,A_STATE_CONTEXT,a_state_bucket,-1,0,0,,,,,,,,,,,,,NO_CLEAR_SIGNAL,sample_below_discovery_floor,False
T10_GE_3,A_STATE_CONTEXT,a_state_bucket,0,0,0,,,,,,,,,,,,,NO_CLEAR_SIGNAL,sample_below_discovery_floor,False
T10_GE_5,TREND_STRUCTURE,close_vs_ma5,-20,6083,6083,0.0017420984527973995,0.000697546091185099,-0.0015186028853454497,-0.0017211703958692154,0.0002025675105237657,0.0010445523616123005,0.029693043934680904,0.972710833470327,0.0006580470558260889,0.6299799608038528,1.0,0.5,NO_CLEAR_SIGNAL,effect_below_predeclared_discovery_floor,False
T10_GE_5,TREND_STRUCTURE,close_vs_ma5,-10,6083,6083,0.0008516146435877726,0.0017934965205096728,-0.0016233766233766235,-0.0012432656444259257,-0.00038011097895069776,-0.0009418818769219002,-0.026921016538172103,0.9671214861088279,-0.0005405963826563441,0.5739534817497818,0.0,0.5,REGIME_CONFOUNDED,market_or_temporal_direction_is_not_consistent,False
T10_GE_5,TREND_STRUCTURE,close_vs_ma5,-5,6083,6083,-0.00970516924413245,-0.0010487745268469835,-0.00621118012422357,-0.0026487367563161257,-0.0035624433679074443,-0.008656394717285467,-0.24769968913898993,0.9302975505507152,-0.004946913866841757,0.5714750803776939,0.0,0.0,REGIME_CONFOUNDED,market_or_temporal_direction_is_not_consistent,False
T10_GE_5,TREND_STRUCTURE,close_vs_ma5,-3,6083,6083,-0.00878425336424935,-0.003557358524100263,-0.006704742984852324,-0.003267973856209134,-0.0034367691286431904,-0.005226894840149087,-0.1580638564528251,0.9225710997862897,-0.0035283973180000637,0.675046547884905,0.0,0.0,REGIME_CONFOUNDED,market_or_temporal_direction_is_not_consistent,False
T10_GE_5,TREND_STRUCTURE,close_vs_ma5,-1,6083,6083,-0.024364390485932964,-0.012458041337439314,-0.015405224380442138,-0.007815154604145445,-0.007590069776296693,-0.01190634914849365,-0.2965696405059078,0.841032385336183,-0.009307832631512566,0.7817537110181387,0.0,0.0,REGIME_CONFOUNDED,market_or_temporal_direction_is_not_consistent,False
T10_GE_5,TREND_STRUCTURE,close_vs_ma5,0,6083,6083,-0.039882034639276545,-0.018160965472238968,-0.026570648125155208,-0.01258470474346571,-0.013985943381689498,-0.021721069167037577,-0.4905393032768993,0.7917146144994247,-0.01703844706478507,0.7844202757128302,0.0,0.0,REGIME_CONFOUNDED,market_or_temporal_direction_is_not_consistent,False
T10_GE_5,TREND_STRUCTURE,close_vs_ma10,-20,6083,6083,0.005920054177420977,0.0038168643592755656,-0.0007320644216690653,-0.0019474196689386839,0.0012153552472696186,0.0021031898181454118,0.0388489806872065,0.970573730067401,0.0019264486190857491,0.9159651698887015,1.0,0.5,NO_CLEAR_SIGNAL,effect_below_predeclared_discovery_floor,False
T10_GE_5,TREND_STRUCTURE,close_vs_ma10,-10,6083,6083,0.0021358206392800196,0.003958861978877924,-0.0028490028490028223,-0.0018518518518518782,-0.000997150997150944,-0.0018230413395979046,-0.03340306637116222,0.9720532631925037,-0.0011949706538985183,0.6554819289847177,0.0,0.5,REGIME_CONFOUNDED,market_or_temporal_direction_is_not_consistent,False
T10_GE_5,TREND_STRUCTURE,close_vs_ma10,-5,6083,6083,-0.013261151731973026,-0.0009034608398980663,-0.00874276566925248,-0.005292278085157538,-0.003450487584094941,-0.01235769089207496,-0.233906577607469,0.9386815715929642,-0.006948433360401635,0.5622760288378548,0.0,0.0,REGIME_CONFOUNDED,market_or_temporal_direction_is_not_consistent,False
T10_GE_5,TREND_STRUCTURE,close_vs_ma10,-3,6083,6083,-0.01700732230979866,-0.005407456283365838,-0.013029315960912006,-0.006535947712418301,-0.006493368248493705,-0.011599866026432822,-0.23063143525535273,0.8745684695051784,-0.00785287262601533,0.6769795968436919,0.0,0.0,REGIME_CONFOUNDED,market_or_temporal_direction_is_not_consistent,False
T10_GE_5,TREND_STRUCTURE,close_vs_ma10,-1,6083,6083,-0.037406401535229505,-0.016379297786655454,-0.024238657551274117,-0.010841759044950671,-0.013396898506323446,-0.021027103748574052,-0.35300715879475725,0.8231135952654942,-0.01621857785301326,0.7713177262519151,0.0,0.0,REGIME_CONFOUNDED,market_or_temporal_direction_is_not_consistent,False
T10_GE_5,TREND_STRUCTURE,close_vs_ma10,0,6083,6083,-0.05718072467733107,-0.024927180517253178,-0.0396326245382849,-0.017266187050359753,-0.022366437487925148,-0.03225354416007789,-0.5046719591762111,0.8047016274864376,-0.025349742926659608,0.7859521670191048,0.0,0.0,REGIME_CONFOUNDED,market_or_temporal_direction_is_not_consistent,False
T10_GE_5,TREND_STRUCTURE,close_vs_ma20,-20,6083,6083,0.011945877803980943,0.008414416354633395,-0.00017139918871051326,-0.0034396207120943605,0.003268221523383847,0.0035314614493475484,0.04446577811257924,0.9649843827059017,0.00348796059316885,0.9876819110720477,1.0,1.0,NO_CLEAR_SIGNAL,effect_below_predeclared_discovery_floor,False
T10_GE_5,TREND_STRUCTURE,close_vs_ma20,-10,6083,6083,0.006793084123611171,0.008104140392870182,-0.0047525859658932535,-0.0042423757304090376,-0.000510210235484216,-0.0013110562692590106,-0.016074477116484565,0.9725464409008713,-0.0011074281105086414,0.8446838907490548,0.0,0.5,REGIME_CONFOUNDED,market_or_temporal_direction_is_not_consistent,False
T10_GE_5,TREND_STRUCTURE,close_vs_ma20,-5,6083,6083,-0.012914662928894548,0.002021943339570238,-0.013336111689935414,-0.007840772014475212,-0.005495339675460202,-0.014936606268464787,-0.19296757135694872,0.9536412954134473,-0.008713951700709072,0.5833956886917866,0.0,0.0,REGIME_CONFOUNDED,market_or_temporal_direction_is_not_consistent,False
T10_GE_5,TREND_STRUCTURE,close_vs_ma20,-3,6083,6083,-0.019400812904105384,-0.0032048922011565658,-0.01732609257822606,-0.009958425988591329,-0.00736766658963473,-0.01619592070294882,-0.21986565227204463,0.923228670064113,-0.0098434392721664,0.6077727504787169,0.0,0.0,REGIME_CONFOUNDED,market_or_temporal_direction_is_not_consistent,False
T10_GE_5,TREND_STRUCTURE,close_vs_ma20,-1,6083,6083,-0.044873264816570856,-0.01628871520168445,-0.03028401067001405,-0.015725760832673387,-0.014558249837340664,-0.028584549614886406,-0.35163913718172524,0.8707874404076936,-0.020682439269526336,0.7235530924284785,0.0,0.0,REGIME_CONFOUNDED,market_or_temporal_direction_is_not_consistent,False
T10_GE_5,TREND_STRUCTURE,close_vs_ma20,0,6083,6083,-0.06835297710973275,-0.026815777690758078,-0.04747774480712166,-0.02230269113653204,-0.025175053670589625,-0.04153719941897467,-0.4861370621476579,0.813578826237054,-0.03129864693987458,0.753508839731188,0.0,0.0,REGIME_CONFOUNDED,market_or_temporal_direction_is_not_consistent,False
T10_GE_5,TREND_STRUCTURE,close_vs_ma60,-20,5759,5771,0.041115968202814955,0.028905510088062376,0.0040249214313283245,-0.0029934632537112695,0.0070183846850395935,0.01221045811475258,0.07647951384055401,0.9574328582876421,0.009404441539744053,0.7701956348698892,1.0,1.0,NO_CLEAR_SIGNAL,effect_below_predeclared_discovery_floor,False
T10_GE_5,TREND_STRUCTURE,close_vs_ma60,-10,5825,5834,0.03394321578625063,0.028835404020766106,-0.0005571030640669157,-0.003148111850307467,0.0025910087862405515,0.005107811765484527,0.032660245342055805,0.9544213953721045,0.004001583864130739,0.783424301414355,1.0,0.5,NO_CLEAR_SIGNAL,effect_below_predeclared_discovery_floor,False
T10_GE_5,TREND_STRUCTURE,close_vs_ma60,-5,5929,5938,0.009536881530332506,0.021311522582139177,-0.014393323195529812,-0.007802854420741145,-0.006590468774788668,-0.01177464105180667,-0.08010729014561427,0.9608457007336334,-0.007690514391696404,0.6531421516680878,0.0,0.0,REGIME_CONFOUNDED,market_or_temporal_direction_is_not_consistent,False
T10_GE_5,TREND_STRUCTURE,close_vs_ma60,-3,5955,5963,-0.0008899209178667696,0.014489230341907572,-0.0188713814584095,-0.011782754138878866,-0.007088627319530635,-0.015379151259774342,-0.10960650725714516,0.9654573480206022,-0.009752885700337718,0.634162804929771,0.0,0.0,REGIME_CONFOUNDED,market_or_temporal_direction_is_not_consistent,False
T10_GE_5,TREND_STRUCTURE,close_vs_ma60,-1,6083,6083,-0.031149910892652455,-0.0005325560754254503,-0.03592046183450931,-0.020704892911870578,-0.015215568922638732,-0.030617354817227004,-0.2208329480203252,0.9339141870787442,-0.021813159783148864,0.7124442955103223,0.0,0.0,REGIME_CONFOUNDED,market_or_temporal_direction_is_not_consistent,False
T10_GE_5,TREND_STRUCTURE,close_vs_ma60,0,6083,6083,-0.05851650929794359,-0.012846731006222894,-0.05317560583438614,-0.028704620198601382,-0.024470985635784755,-0.0456697782917207,-0.33487460599695534,0.888213052770015,-0.033112478703975434,0.7250413718338167,0.0,0.0,REGIME_CONFOUNDED,market_or_temporal_direction_is_not_consistent,False
T10_GE_5,TREND_STRUCTURE,distance_to_ma20,-20,6083,6083,0.011945877803980943,0.008414416354633395,-0.00017139918871051326,-0.0034396207120943605,0.003268221523383847,0.0035314614493475484,0.04446577811257924,0.9649843827059017,0.00348796059316885,0.9876819110720477,1.0,1.0,NO_CLEAR_SIGNAL,effect_below_predeclared_discovery_floor,False
T10_GE_5,TREND_STRUCTURE,distance_to_ma20,-10,6083,6083,0.006793084123611171,0.008104140392870182,-0.0047525859658932535,-0.0042423757304090376,-0.000510210235484216,-0.0013110562692590106,-0.016074477116484565,0.9725464409008713,-0.0011074281105086414,0.8446838907490548,0.0,0.5,REGIME_CONFOUNDED,market_or_temporal_direction_is_not_consistent,False
T10_GE_5,TREND_STRUCTURE,distance_to_ma20,-5,6083,6083,-0.012914662928894548,0.002021943339570238,-0.013336111689935414,-0.007840772014475212,-0.005495339675460202,-0.014936606268464787,-0.19296757135694872,0.9536412954134473,-0.008713951700709072,0.5833956886917866,0.0,0.0,REGIME_CONFOUNDED,market_or_temporal_direction_is_not_consistent,False
T10_GE_5,TREND_STRUCTURE,distance_to_ma20,-3,6083,6083,-0.019400812904105384,-0.0032048922011565658,-0.01732609257822606,-0.009958425988591329,-0.00736766658963473,-0.01619592070294882,-0.21986565227204463,0.923228670064113,-0.0098434392721664,0.6077727504787169,0.0,0.0,REGIME_CONFOUNDED,market_or_temporal_direction_is_not_consistent,False
T10_GE_5,TREND_STRUCTURE,distance_to_ma20,-1,6083,6083,-0.044873264816570856,-0.01628871520168445,-0.03028401067001405,-0.015725760832673387,-0.014558249837340664,-0.028584549614886406,-0.35163913718172524,0.8707874404076936,-0.020682439269526336,0.7235530924284785,0.0,0.0,REGIME_CONFOUNDED,market_or_temporal_direction_is_not_consistent,False
T10_GE_5,TREND_STRUCTURE,distance_to_ma20,0,6083,6083,-0.06835297710973275,-0.026815777690758078,-0.04747774480712166,-0.02230269113653204,-0.025175053670589625,-0.04153719941897467,-0.4861370621476579,0.813578826237054,-0.03129864693987458,0.753508839731188,0.0,0.0,REGIME_CONFOUNDED,market_or_temporal_direction_is_not_consistent,False
T10_GE_5,TREND_STRUCTURE,ma5_slope_5,-20,6083,6083,0.009351889071757147,0.00724607183306838,-0.000632511068943693,-0.0020174848688634408,0.001384973799919748,0.002105817238688768,0.03465924112062874,0.9771494328456355,0.0023222743745780635,1.1027900863913895,1.0,1.0,NO_CLEAR_SIGNAL,effect_below_predeclared_discovery_floor,False
T10_GE_5,TREND_STRUCTURE,ma5_slope_5,-10,6083,6083,0.003558558208573448,0.005273698524345004,-0.0012825994014536613,-0.0013661202185791573,8.352081712549608e-05,-0.0017151403157715565,-0.028238481921252032,0.9705737300674009,-0.0009518613480413005,0.5549757878632252,0.0,0.5,REGIME_CONFOUNDED,market_or_temporal_direction_is_not_consistent,False
T10_GE_5,TREND_STRUCTURE,ma5_slope_5,-5,6083,6083,-0.006263133295309915,0.0011370469533648485,-0.006607929515418557,-0.004522613065326662,-0.0020853164500918954,-0.007400180248674764,-0.1280622802567835,0.966957093539372,-0.004147630695727266,0.5604769824991803,0.0,0.0,REGIME_CONFOUNDED,market_or_temporal_direction_is_not_consistent,False
T10_GE_5,TREND_STRUCTURE,ma5_slope_5,-3,6083,6083,-0.015529904341537542,-0.002804530617759744,-0.010895619960775768,-0.00657755145342674,-0.004318068507349029,-0.012725373723777798,-0.2252150065295063,0.9263521288837744,-0.007248008605246078,0.5695713746860672,0.0,0.0,REGIME_CONFOUNDED,market_or_temporal_direction_is_not_consistent,False
T10_GE_5,TREND_STRUCTURE,ma5_slope_5,-1,6083,6083,-0.02614435530048277,-0.007297767880542886,-0.017580144777662905,-0.007597340930674215,-0.00998280384698869,-0.018846587419939886,-0.32446391703318667,0.8829524905474273,-0.012728718028437126,0.6753858268776027,0.0,0.0,REGIME_CONFOUNDED,market_or_temporal_direction_is_not_consistent,False
T10_GE_5,TREND_STRUCTURE,ma5_slope_5,0,6083,6083,-0.035545496270525494,-0.012927266993675099,-0.02465331278890603,-0.010909090909090934,-0.013744221879815097,-0.022618229276850393,-0.38224623167305394,0.8666776261712971,-0.016940259517198148,0.7489648862360941,0.0,0.0,REGIME_CONFOUNDED,market_or_temporal_direction_is_not_consistent,False
T10_GE_5,TREND_STRUCTURE,ma20_slope_5,-20,6083,6083,0.007194441016765753,0.005605355012263964,0.0013889692690549748,0.0005551700208189626,0.0008337992482360122,0.0015890860045017887,0.04544974687190478,0.9589018576360349,0.001204078392084351,0.7577175739219064,1.0,0.5,NO_CLEAR_SIGNAL,effect_below_predeclared_discovery_floor,False
T10_GE_5,TREND_STRUCTURE,ma20_slope_5,-10,6083,6083,0.005101399044576567,0.00458545516193858,-0.0007723092045215193,-0.0007500187504689322,-2.2290454052587092e-05,0.0005159438826379866,0.014994371117585592,0.9628472793029755,0.0005642546290917621,1.0936356609303437,1.0,0.5,NO_CLEAR_SIGNAL,effect_below_predeclared_discovery_floor,False
T10_GE_5,TREND_STRUCTURE,ma20_slope_5,-5,6083,6083,0.0016167949586421034,0.0032054307229236667,-0.0025153959580189876,-0.0019127316198447196,-0.000602664338174268,-0.0015886357642815633,-0.04671156687790513,0.9753411145816208,-0.0010629584003787685,0.6691013914441712,0.0,0.0,REGIME_CONFOUNDED,market_or_temporal_direction_is_not_consistent,False
T10_GE_5,TREND_STRUCTURE,ma20_slope_5,-3,6083,6083,-0.001568667317821027,0.0018941551888714383,-0.004518551517851512,-0.0025886616619207868,-0.001929889855930725,-0.0034628225066924653,-0.10394748404261192,0.9717244780535921,-0.0023248842909249874,0.6713841920663771,0.0,0.0,REGIME_CONFOUNDED,market_or_temporal_direction_is_not_consistent,False
T10_GE_5,TREND_STRUCTURE,ma20_slope_5,-1,6083,6083,-0.006057700375020815,-4.0490301415069655e-05,-0.006866837215564709,-0.0037447085639857373,-0.003122128651578972,-0.006017210073605745,-0.18374124461944427,0.9452572743711984,-0.004372715873584719,0.7267015477431086,0.0,0.0,REGIME_CONFOUNDED,market_or_temporal_direction_is_not_consistent,False
T10_GE_5,TREND_STRUCTURE,ma20_slope_5,0,6083,6083,-0.009635620133208463,-0.0017556169951151153,-0.009305858892792744,-0.004738360115368704,-0.004567498777424041,-0.007880003138093348,-0.24257526737286675,0.9252013808975836,-0.005978024940649931,0.7586323045673786,0.0,0.0,REGIME_CONFOUNDED,market_or_temporal_direction_is_not_consistent,False
T10_GE_5,TREND_STRUCTURE,ma60_slope_5,-20,5681,5694,0.0057922138369879755,0.003901686875897777,0.0009451795841210336,-0.000381993929008794,0.0013271735131298278,0.0018905269610901983,0.08490104161978679,0.9391241653866649,0.001642127021745375,0.8686080947496353,1.0,1.0,NO_CLEAR_SIGNAL,effect_below_predeclared_discovery_floor,False
T10_GE_5,TREND_STRUCTURE,ma60_slope_5,-10,5775,5785,0.005342965078217914,0.003904718135404372,0.0009323219053270037,-9.597619790303736e-05,0.001028298103230041,0.0014382469428135419,0.0662000964036608,0.9525090639697381,0.0012687861505436492,0.8821754545583191,1.0,1.0,NO_CLEAR_SIGNAL,effect_below_predeclared_discovery_floor,False
T10_GE_5,TREND_STRUCTURE,ma60_slope_5,-5,5825,5834,0.00398452436701352,0.0034577390444271083,0.00014560986264143742,-0.00030922180714996605,0.0004548316697914035,0.0005267853225864117,0.025205698232533238,0.9561332487813778,0.0006195347739628237,1.1760668860723578,1.0,0.5,NO_CLEAR_SIGNAL,effect_below_predeclared_discovery_floor,False
T10_GE_5,TREND_STRUCTURE,ma60_slope_5,-3,5852,5863,0.0030970026522223497,0.003210627146598147,-0.0002908913410402142,-0.0004427017455097413,0.0001518104044695271,-0.00011362449437579735,-0.005534053554551948,0.960159865808133,0.00015122180261854313,1.3308908739201766,0.5,0.0,REGIME_CONFOUNDED,market_or_temporal_direction_is_not_consistent,False
T10_GE_5,TREND_STRUCTURE,ma60_slope_5,-1,5893,5902,0.0017170680452262524,0.0027115803693369667,-0.0011389289999796666,-0.0007743334012426957,-0.0003645955987369708,-0.0009945123241107143,-0.049282191405998675,0.9640089560565659,-0.0005003997394744365,0.5031609235429941,0.0,0.0,REGIME_CONFOUNDED,market_or_temporal_direction_is_not_consistent,False
T10_GE_5,TREND_STRUCTURE,ma60_slope_5,0,5929,5938,0.0005410943192965506,0.0021305903858848695,-0.0017731863387556506,-0.0011842520291386474,-0.0005889343096170032,-0.001589496066588319,-0.08007664056631493,0.9549381104038975,-0.0009564443733910585,0.6017280529947852,0.0,0.0,REGIME_CONFOUNDED,market_or_temporal_direction_is_not_consistent,False
T10_GE_5,TREND_STRUCTURE,ma_alignment_bullish,-20,6083,6083,0.16176228834456682,0.1476245273713628,0.0,0.0,0.0,0.014137760973204017,0.03910394726016554,0.9858622390267959,0.017670022601191694,1.2498459009656864,1.0,1.0,NO_CLEAR_SIGNAL,effect_below_predeclared_discovery_floor,False
T10_GE_5,TREND_STRUCTURE,ma_alignment_bullish,-10,6083,6083,0.16192668091402268,0.1535426598717738,0.0,0.0,0.0,0.00838402104224889,0.023003453465851576,0.991615978957751,0.01047873433326485,1.249845900965688,1.0,0.0,REGIME_CONFOUNDED,market_or_temporal_direction_is_not_consistent,False
T10_GE_5,TREND_STRUCTURE,ma_alignment_bullish,-5,6083,6083,0.11178694722998521,0.14072003945421668,0.0,0.0,0.0,-0.028933092224231474,-0.08719523947165235,0.9710669077757685,-0.0361619067187179,1.249845900965687,0.0,0.0,REGIME_CONFOUNDED,market_or_temporal_direction_is_not_consistent,False
T10_GE_5,TREND_STRUCTURE,ma_alignment_bullish,-3,6083,6083,0.09173105375637021,0.13611704750945258,0.0,0.0,0.0,-0.04438599375308237,-0.14004411219804802,0.9556140062469177,-0.04520238339839737,1.0183929563424117,0.0,0.0,REGIME_CONFOUNDED,market_or_temporal_direction_is_not_consistent,False
T10_GE_5,TREND_STRUCTURE,ma_alignment_bullish,-1,6083,6083,0.0496465559756699,0.1147460134801907,0.0,0.0,0.0,-0.0650994575045208,-0.23869736039751618,0.9349005424954793,-0.018491884117526197,0.28405588658311076,0.0,0.0,REGIME_CONFOUNDED,market_or_temporal_direction_is_not_consistent,False
T10_GE_5,TREND_STRUCTURE,ma_alignment_bullish,0,6083,6083,0.02153542659871774,0.0922242314647378,0.0,0.0,0.0,-0.07068880486602006,-0.3088193653260033,0.92931119513398,0.0,0.0,0.0,0.0,REGIME_CONFOUNDED,market_or_temporal_direction_is_not_consistent,False
T10_GE_5,TREND_STRUCTURE,ma_alignment_bearish,-20,6083,6083,0.16587210258096335,0.17014630938681571,0.0,0.0,0.0,-0.00427420680585236,-0.01143238460807267,0.9957257931941477,-0.005342099856174232,1.2498459009656913,0.5,0.5,NO_CLEAR_SIGNAL,effect_below_predeclared_discovery_floor,False
T10_GE_5,TREND_STRUCTURE,ma_alignment_bearish,-10,6083,6083,0.17557126417885913,0.17113266480355088,0.0,0.0,0.0,0.004438599375308244,0.011725428112952059,0.9955614006246918,0.005547565235257859,1.249845900965685,1.0,0.5,NO_CLEAR_SIGNAL,effect_below_predeclared_discovery_floor,False
T10_GE_5,TREND_STRUCTURE,ma_alignment_bearish,-5,6083,6083,0.2219299687654118,0.20138089758342922,0.0,0.0,0.0,0.02054907118198257,0.05032188176966639,0.9794509288180174,0.025683172385453035,1.2498459009656868,1.0,1.0,NO_CLEAR_SIGNAL,effect_below_predeclared_discovery_floor,False
T10_GE_5,TREND_STRUCTURE,ma_alignment_bearish,-3,6083,6083,0.23853361828045372,0.21453230313989807,0.0,0.0,0.0,0.024001315140555646,0.057362356886037635,0.9759986848594444,0.02999794534620917,1.2498459009656877,1.0,1.0,NO_CLEAR_SIGNAL,effect_below_predeclared_discovery_floor,False
T10_GE_5,TREND_STRUCTURE,ma_alignment_bearish,-1,6083,6083,0.3225382212723985,0.25004109814236397,0.0,0.0,0.0,0.07249712313003454,0.16090066957133534,0.9275028768699655,0.09061023217587835,1.2498459009656868,1.0,1.0,PROMISING_DISCOVERY_SIGNAL,bounded_effect_requires_confirmatory_research,False
T10_GE_5,TREND_STRUCTURE,ma_alignment_bearish,0,6083,6083,0.38648693079072827,0.28472793029755056,0.0,0.0,0.0,0.10175900049317771,0.21676066614545242,0.8982409995068223,0.12718306965276352,1.2498459009656873,1.0,1.0,ROBUST_DISCOVERY_SIGNAL,bounded_effect_and_cross_segment_consistency,False
T10_GE_5,MOMENTUM,RAW_CLOSE_RETURN_5D,-20,6083,6083,0.009501700417204068,0.005885277450358001,0.0,-0.0027624309392265192,0.0027624309392265192,0.003616422966846067,0.04858428348791264,0.9687654118033865,0.0030416696394570354,0.8410713202913093,1.0,0.5,NO_CLEAR_SIGNAL,effect_below_predeclared_discovery_floor,False
T10_GE_5,MOMENTUM,RAW_CLOSE_RETURN_5D,-10,6083,6083,0.0062794144346981365,0.007287952617944626,-0.0011467889908256881,0.0,-0.0011467889908256881,-0.0010085381832464898,-0.013256119929598546,0.9797797139569294,-0.00011825815175771793,0.11725699008940277,0.0,0.5,REGIME_CONFOUNDED,market_or_temporal_direction_is_not_consistent,False
T10_GE_5,MOMENTUM,RAW_CLOSE_RETURN_5D,-5,6083,6083,-0.016171957762829203,-0.0007543762825071553,-0.011142061281337047,-0.006402048655569782,-0.004740012625767265,-0.015417581480322047,-0.22088722514020886,0.9370376458984053,-0.008712270741199471,0.5650867324631441,0.0,0.0,REGIME_CONFOUNDED,market_or_temporal_direction_is_not_consistent,False
T10_GE_5,MOMENTUM,RAW_CLOSE_RETURN_5D,-3,6083,6083,-0.021099290087532516,-0.004910788804644548,-0.016453382084095063,-0.00723589001447178,-0.009217492069623284,-0.016188501282887967,-0.2394935206021586,0.9016932434653955,-0.011047024112029782,0.6823994339554473,0.0,0.0,REGIME_CONFOUNDED,market_or_temporal_direction_is_not_consistent,False
T10_GE_5,MOMENTUM,RAW_CLOSE_RETURN_5D,-1,6083,6083,-0.04144390377540461,-0.016160646481115554,-0.02761795166858458,-0.012345679012345678,-0.0152722726562389,-0.02528325729428906,-0.33976571461332694,0.8837744533947067,-0.018502381115947174,0.7318036952511836,0.0,0.0,REGIME_CONFOUNDED,market_or_temporal_direction_is_not_consistent,False
T10_GE_5,MOMENTUM,RAW_CLOSE_RETURN_5D,0,6083,6083,-0.06392187137534366,-0.028861313814360613,-0.04656862745098039,-0.02127659574468085,-0.025292031706299543,-0.03506055756098305,-0.45641246008370073,0.8346210751274044,-0.028224432490681912,0.805019499236125,0.0,0.0,REGIME_CONFOUNDED,market_or_temporal_direction_is_not_consistent,False
T10_GE_5,MOMENTUM,RAW_CLOSE_RETURN_20D,-20,6083,6083,0.03230243636604135,0.025102415525675676,-0.0011976047904191617,-0.003952569169960474,0.0027549643795413124,0.007200020840365671,0.045387501683213524,0.965806345553181,0.0046551688388465386,0.646549356183546,1.0,0.5,NO_CLEAR_SIGNAL,effect_below_predeclared_discovery_floor,False
T10_GE_5,MOMENTUM,RAW_CLOSE_RETURN_20D,-10,6083,6083,0.028561412282100865,0.02750158055581783,-0.0025974025974025974,-0.003973509933774834,0.001376107336372237,0.0010598317262830344,0.006512353697868773,0.9638336347197105,0.0009566196937365167,0.9026146981761949,1.0,0.5,NO_CLEAR_SIGNAL,effect_below_predeclared_discovery_floor,False
T10_GE_5,MOMENTUM,RAW_CLOSE_RETURN_20D,-5,6083,6083,0.0027317693163715815,0.01670560789288937,-0.016210739614994935,-0.009696969696969697,-0.006513769918025238,-0.013973838576517789,-0.09074562377167242,0.9654775604142691,-0.009874969353320752,0.7066754993087623,0.0,0.0,REGIME_CONFOUNDED,market_or_temporal_direction_is_not_consistent,False
T10_GE_5,MOMENTUM,RAW_CLOSE_RETURN_20D,-3,6083,6083,-0.011290512837465244,0.00846535076889075,-0.023622047244094488,-0.01417004048582996,-0.009452006758264528,-0.01975586360635599,-0.13546706211497128,0.9564359690941969,-0.01409167173708449,0.7132905965472864,0.0,0.0,REGIME_CONFOUNDED,market_or_temporal_direction_is_not_consistent,False
T10_GE_5,MOMENTUM,RAW_CLOSE_RETURN_20D,-1,6083,6083,-0.042634465181048145,-0.006023065078928023,-0.041990668740279936,-0.01953125,-0.022459418740279936,-0.03661140010212012,-0.2565548994127098,0.9122143679105703,-0.02882369642974762,0.7872874664544303,0.0,0.0,REGIME_CONFOUNDED,market_or_temporal_direction_is_not_consistent,False
T10_GE_5,MOMENTUM,RAW_CLOSE_RETURN_20D,0,6083,6083,-0.07098899352005662,-0.01816293689089967,-0.06103286384976526,-0.02682403433476395,-0.03420882951500131,-0.05282605662915695,-0.3741792826130569,0.8742396843662665,-0.04031566468000705,0.7631776296123364,0.0,0.0,REGIME_CONFOUNDED,market_or_temporal_direction_is_not_consistent,False
T10_GE_5,MOMENTUM,RSI14,-20,6083,6083,50.71058209116243,50.0030289292525,49.81244828942026,49.29609645633822,0.5163518330820409,0.707553161909928,0.060362921982750506,0.9700805523590333,0.6884574760462598,0.9730116592057586,1.0,1.0,NO_CLEAR_SIGNAL,effect_below_predeclared_discovery_floor,False
T10_GE_5,MOMENTUM,RSI14,-10,6083,6083,50.033349381064404,49.876688024510685,49.096666179181575,48.94565071602465,0.1510154631569236,0.1566613565537196,0.013348124214468833,0.9852046687489725,0.11342215142154544,0.7239957186420295,1.0,0.5,NO_CLEAR_SIGNAL,effect_below_predeclared_discovery_floor,False
T10_GE_5,MOMENTUM,RSI14,-5,6083,6083,47.415484527413646,48.986672032299644,47.32458536646499,48.159000664770595,-0.8344152983056077,-1.571187504885998,-0.13378334751572835,0.9539700805523589,-1.2139089103725524,0.7726060108024033,0.0,0.0,REGIME_CONFOUNDED,market_or_temporal_direction_is_not_consistent,False
T10_GE_5,MOMENTUM,RSI14,-3,6083,6083,46.64043381033025,48.332815752323974,46.411771698178704,47.662201112388885,-1.2504294142101813,-1.6923819419937232,-0.14914783385588412,0.9076113759658064,-1.5078080016703623,0.8909383657769817,0.0,0.0,REGIME_CONFOUNDED,market_or_temporal_direction_is_not_consistent,False
T10_GE_5,MOMENTUM,RSI14,-1,6083,6083,43.165122437336585,46.739368674547286,43.80906881949152,46.48702234947558,-2.677953529984059,-3.5742462372107013,-0.3008879559632865,0.8698010849909583,-3.197798160367526,0.8946776321888358,0.0,0.0,REGIME_CONFOUNDED,market_or_temporal_direction_is_not_consistent,False
T10_GE_5,MOMENTUM,RSI14,0,6083,6083,39.90946505763803,45.36550932292171,40.879665833995446,45.0032986758121,-4.123632841816651,-5.45604426528368,-0.4699526403942377,0.8094690120006577,-4.828654225685845,0.8850100898942735,0.0,0.0,REGIME_CONFOUNDED,market_or_temporal_direction_is_not_consistent,False
T10_GE_5,MOMENTUM,MACD_12_26_9,-20,6083,6083,4.078561757961332,2.1018781827870945,0.03236356409718867,-0.0222759298899169,0.054639493987105575,1.976683575174237,0.06521921607589787,0.9722176557619595,0.2549616026452762,0.12898453037573415,1.0,1.0,NO_CLEAR_SIGNAL,effect_below_predeclared_discovery_floor,False
T10_GE_5,MOMENTUM,MACD_12_26_9,-10,6083,6083,3.350025109995642,1.8713934885157675,-0.021357065892086358,-0.04711229043399356,0.0257552245419072,1.4786316214798745,0.053713417842073216,0.9861910241657076,0.14323288493382255,0.09686853902831408,1.0,0.5,NO_CLEAR_SIGNAL,effect_below_predeclared_discovery_floor,False
T10_GE_5,MOMENTUM,MACD_12_26_9,-5,6083,6083,1.957777824782098,1.5729206112193523,-0.11059618181946555,-0.07264454501528905,-0.0379516368041765,0.3848572135627457,0.014070609598762841,0.9906296235410159,-0.06980444178553867,0.18137750658052304,1.0,0.5,NO_CLEAR_SIGNAL,effect_below_predeclared_discovery_floor,False
T10_GE_5,MOMENTUM,MACD_12_26_9,-3,6083,6083,1.1902842469580952,1.411481921698897,-0.17020512399706292,-0.114077606068648,-0.056127517928414916,-0.22119767474080176,-0.008138123856292954,0.9957257931941477,-0.2066765405291168,0.9343522293862232,0.0,0.5,REGIME_CONFOUNDED,market_or_temporal_direction_is_not_consistent,False
T10_GE_5,MOMENTUM,MACD_12_26_9,-1,6083,6083,-0.10465679231416854,1.0627911025299606,-0.2817363266819847,-0.17277714519604906,-0.10895918148593561,-1.1674478948441291,-0.04441893164880598,0.9955614006246919,-0.3953110966010581,0.33861134046915026,0.0,0.0,REGIME_CONFOUNDED,market_or_temporal_direction_is_not_consistent,False
T10_GE_5,MOMENTUM,MACD_12_26_9,0,6083,6083,-1.2613815969356335,0.6928535750494148,-0.40403830172129684,-0.22066757711045765,-0.1833707246108392,-1.9542351719850481,-0.07631215439120467,0.9722176557619597,-0.563200062868378,0.2881946200447809,0.0,0.0,REGIME_CONFOUNDED,market_or_temporal_direction_is_not_consistent,False
T10_GE_5,MOMENTUM,MACD_SIGNAL_12_26_9,-20,6083,6083,3.8875215627405066,2.038403923438898,0.05067548316276779,-0.007784376244974074,0.058459859407741864,1.8491176393016087,0.0638618981669165,0.9896432681242806,0.25534517620568076,0.13809028196936232,1.0,1.0,NO_CLEAR_SIGNAL,effect_below_predeclared_discovery_floor,False
T10_GE_5,MOMENTUM,MACD_SIGNAL_12_26_9,-10,6083,6083,3.6460085854447155,1.9222193759447266,-0.003802297201213228,-0.036664947156640766,0.032862649955427536,1.723789209499989,0.0629029931811652,0.9730396186092388,0.1846552041774437,0.10712168469311031,1.0,1.0,NO_CLEAR_SIGNAL,effect_below_predeclared_discovery_floor,False
T10_GE_5,MOMENTUM,MACD_SIGNAL_12_26_9,-5,6083,6083,2.879063601426187,1.756538181487768,-0.039771309984010426,-0.045987246219813635,0.006215936235803209,1.122525419938419,0.04228908400330094,0.9827387802071347,0.08580557944465433,0.0764397651229685,1.0,0.5,NO_CLEAR_SIGNAL,effect_below_predeclared_discovery_floor,False
T10_GE_5,MOMENTUM,MACD_SIGNAL_12_26_9,-3,6083,6083,2.3352300840333315,1.6463103728371666,-0.0731154595389969,-0.0655819540831545,-0.007533505455842401,0.6889197111961649,0.026193760257449326,0.988163734999178,-0.009478513028410282,0.013758516231090017,1.0,0.5,NO_CLEAR_SIGNAL,effect_below_predeclared_discovery_floor,False
T10_GE_5,MOMENTUM,MACD_SIGNAL_12_26_9,-1,6083,6083,1.577303202022641,1.4720366710179467,-0.1438650327684007,-0.08636536496644853,-0.057499667801952176,0.1052665310046943,0.004067293074360582,0.9852046687489726,-0.13870742031793684,1.3176782686203583,1.0,0.5,NO_CLEAR_SIGNAL,effect_below_predeclared_discovery_floor,False
T10_GE_5,MOMENTUM,MACD_SIGNAL_12_26_9,0,6083,6083,1.0095662422309861,1.3162000518242403,-0.2057904520442712,-0.11417568244208602,-0.09161476960218519,-0.30663380959325415,-0.012044432932012522,0.9912871938188393,-0.2380720752396421,0.7764051705695523,0.0,0.5,REGIME_CONFOUNDED,market_or_temporal_direction_is_not_consistent,False
T10_GE_5,MOMENTUM,MACD_HISTOGRAM_12_26_9,-20,6083,6083,0.1910401952208253,0.0634742593481965,0.0020294196616107672,-0.0005439035439888697,0.002573323205599637,0.1275659358726288,0.019026293223851073,0.9917803715272071,0.0038890073622880605,0.03048625274204182,1.0,0.5,NO_CLEAR_SIGNAL,effect_below_predeclared_discovery_floor,False
T10_GE_5,MOMENTUM,MACD_HISTOGRAM_12_26_9,-10,6083,6083,-0.2959834754490733,-0.05082588742895905,-0.01613778344623711,-0.00047994237353838845,-0.01565784107269872,-0.24515758802011423,-0.03446414182059597,0.9953970080552359,-0.05785076014152791,0.2359737693975904,0.0,0.0,REGIME_CONFOUNDED,market_or_temporal_direction_is_not_consistent,False
T10_GE_5,MOMENTUM,MACD_HISTOGRAM_12_26_9,-5,6083,6083,-0.921285776644089,-0.18361757026841574,-0.054647708701779006,-0.01665716608617993,-0.037990542615599074,-0.7376682063756732,-0.09208348724679602,0.9833963504849581,-0.14132089636289552,0.19157785999377186,0.0,0.0,REGIME_CONFOUNDED,market_or_temporal_direction_is_not_consistent,False
T10_GE_5,MOMENTUM,MACD_HISTOGRAM_12_26_9,-3,6083,6083,-1.1449458370752363,-0.23482845113826967,-0.08823298243470265,-0.02878655176425793,-0.05944643067044472,-0.9101173859369667,-0.12085786316267605,0.9878349498602663,-0.17530323229545636,0.19261606799762596,0.0,0.0,REGIME_CONFOUNDED,market_or_temporal_direction_is_not_consistent,False
T10_GE_5,MOMENTUM,MACD_HISTOGRAM_12_26_9,-1,6083,6083,-1.6819599943368095,-0.409245568487986,-0.182700934183196,-0.05169759499370734,-0.13100333918948864,-1.2727144258488234,-0.16560767270830554,0.9699161597895776,-0.3032003067459563,0.2382312171434217,0.0,0.0,REGIME_CONFOUNDED,market_or_temporal_direction_is_not_consistent,False
T10_GE_5,MOMENTUM,MACD_HISTOGRAM_12_26_9,0,6083,6083,-2.27094783916662,-0.6233464767748255,-0.29182535946326155,-0.08868092302940189,-0.20314443643385965,-1.6476013623917942,-0.1895377932821204,0.9761630774289002,-0.41928432412083905,0.2544816566017955,0.0,0.0,REGIME_CONFOUNDED,market_or_temporal_direction_is_not_consistent,False
T10_GE_5,MOMENTUM,rsi_change_5,-20,6083,6083,-0.0206933553935479,-0.32360335349573566,-0.25095742413568445,-0.6994167788319885,0.44845935469630405,0.30290999810218777,0.031142885886834986,0.9736971888870622,0.346341693018125,1.143381516582643,1.0,0.5,NO_CLEAR_SIGNAL,effect_below_predeclared_discovery_floor,False
T10_GE_5,MOMENTUM,rsi_change_5,-10,6083,6083,0.11115610487617912,0.2717274960357062,-0.03635868404142428,-0.1564014393389641,0.12004275529753983,-0.16057139115952707,-0.01634476590252875,0.9776426105540031,-0.04509714621436062,0.2808541788714826,0.0,0.0,REGIME_CONFOUNDED,market_or_temporal_direction_is_not_consistent,False
T10_GE_5,MOMENTUM,rsi_change_5,-5,6083,6083,-2.6178648536507567,-0.8900159922110388,-2.3263982427687893,-1.319974333431155,-1.0064239093376344,-1.727848861439718,-0.17897881745879782,0.9319414762452736,-1.3188151658695235,0.7632699799741917,0.0,0.0,REGIME_CONFOUNDED,market_or_temporal_direction_is_not_consistent,False
T10_GE_5,MOMENTUM,rsi_change_5,-3,6083,6083,-2.7944297559184554,-1.0960245479054684,-2.8637663050066138,-1.3578133315733325,-1.5059529734332813,-1.698405208012987,-0.18051454441659612,0.9082689462436299,-1.503064012880004,0.8849855180545999,0.0,0.0,REGIME_CONFOUNDED,market_or_temporal_direction_is_not_consistent,False
T10_GE_5,MOMENTUM,rsi_change_5,-1,6083,6083,-4.983968678092385,-2.176364990680467,-4.5829961160468216,-2.429894886038987,-2.1531012300078345,-2.807603687411918,-0.2978152472583123,0.8770343580470162,-2.466639448657099,0.8785568489300839,0.0,0.0,REGIME_CONFOUNDED,market_or_temporal_direction_is_not_consistent,False
T10_GE_5,MOMENTUM,rsi_change_5,0,6083,6083,-7.506019469775616,-3.621162709377937,-7.178563849544414,-3.962185036223474,-3.21637881332094,-3.884856760397679,-0.4237023566092118,0.8321551865855663,-3.523055093791927,0.9068687241460311,0.0,0.0,REGIME_CONFOUNDED,market_or_temporal_direction_is_not_consistent,False
T10_GE_5,MOMENTUM,macd_hist_change_5,-20,6083,6083,0.02534042473579028,0.07665057734233009,-0.002613439139492389,-0.00942394485878402,0.006810505719291631,-0.051310152606539816,-0.007284657475554171,0.9911228012493837,0.006041231747590618,0.11773950067770064,0.0,0.0,REGIME_CONFOUNDED,market_or_temporal_direction_is_not_consistent,False
T10_GE_5,MOMENTUM,macd_hist_change_5,-10,6083,6083,-0.18243769585777983,0.023591892658950328,0.009669351181381874,0.01428324606084853,-0.004613894879466656,-0.20602958851673014,-0.030929414769801468,0.9927667269439421,-0.021170634836950763,0.10275531291094944,0.0,0.5,REGIME_CONFOUNDED,market_or_temporal_direction_is_not_consistent,False
T10_GE_5,MOMENTUM,macd_hist_change_5,-5,6083,6083,-0.6253023011950157,-0.1327916828394567,-0.04587621631259413,-0.020542440670964703,-0.025333775641629426,-0.49251061835555904,-0.06327702010047544,0.9968765411803386,-0.10310772056393144,0.20935126415791244,0.0,0.0,REGIME_CONFOUNDED,market_or_temporal_direction_is_not_consistent,False
T10_GE_5,MOMENTUM,macd_hist_change_5,-3,6083,6083,-0.7080894264806111,-0.14222745843528758,-0.06602559671763777,-0.026639947553055585,-0.03938564916458219,-0.5658619680453235,-0.09071388013225402,0.9852046687489725,-0.12612096705415854,0.2228829187616594,0.0,0.0,REGIME_CONFOUNDED,market_or_temporal_direction_is_not_consistent,False
T10_GE_5,MOMENTUM,macd_hist_change_5,-1,6083,6083,-0.9095879376055412,-0.23553762783683185,-0.11956268384653704,-0.04195467072630206,-0.07760801312023498,-0.6740503097687094,-0.10121926184344418,0.9340785796481997,-0.18299741987643858,0.27148926011061625,0.0,0.0,REGIME_CONFOUNDED,market_or_temporal_direction_is_not_consistent,False
T10_GE_5,MOMENTUM,macd_hist_change_5,0,6083,6083,-1.3496620625225306,-0.43972890650640967,-0.1954057362457965,-0.07201414094480701,-0.12339159530098948,-0.909933156016121,-0.1344035039278701,0.9814236396514878,-0.2427746086968654,0.26680488241552136,0.0,0.0,REGIME_CONFOUNDED,market_or_temporal_direction_is_not_consistent,False
T10_GE_5,VOLUME_PARTICIPATION,VOLUME_MA5,-20,6083,6083,6560449.099950682,5096159.752950846,1300635.8,1126928.6,173707.19999999995,1464289.3469998362,0.07158840759603924,0.9924379418050305,411635.4269570578,0.28111617953135587,1.0,1.0,NO_CLEAR_SIGNAL,effect_below_predeclared_discovery_floor,False
T10_GE_5,VOLUME_PARTICIPATION,VOLUME_MA5,-10,6083,6083,6313306.614893967,5060612.481341443,1284800.0,1137341.4,147458.6000000001,1252694.1335525243,0.06522338811645152,0.9904652309715601,321982.1250051367,0.2570317177841532,1.0,1.0,NO_CLEAR_SIGNAL,effect_below_predeclared_discovery_floor,False
T10_GE_5,VOLUME_PARTICIPATION,VOLUME_MA5,-5,6083,6083,5845816.348939668,4912719.946112116,1230666.0,1154000.0,76666.0,933096.4028275525,0.047388932309994684,0.9981916817359855,180839.55035956437,0.19380585951415966,1.0,1.0,NO_CLEAR_SIGNAL,effect_below_predeclared_discovery_floor,False
T10_GE_5,VOLUME_PARTICIPATION,VOLUME_MA5,-3,6083,6083,5509682.626730232,4811671.492651653,1182600.0,1173567.6,9032.399999999907,698011.134078579,0.0390790533815369,0.9970409337497945,41028.90860899957,0.058779733740437316,1.0,1.0,NO_CLEAR_SIGNAL,effect_below_predeclared_discovery_floor,False
T10_GE_5,VOLUME_PARTICIPATION,VOLUME_MA5,-1,6083,6083,5022099.632812757,4767575.336610225,1082600.0,1159138.0,-76538.0,254524.29620253202,0.01577650745226835,0.9965477560414269,-122604.5148140539,0.4817006338620581,0.5,1.0,NO_CLEAR_SIGNAL,effect_below_predeclared_discovery_floor,False
T10_GE_5,VOLUME_PARTICIPATION,VOLUME_MA5,0,6083,6083,4867339.8705572905,4770631.830708532,1061834.2,1157012.0,-95177.80000000005,96708.03984875884,0.0062301589851960215,0.9970409337497946,-156995.27688514465,1.6233942610218206,0.5,0.5,NO_CLEAR_SIGNAL,effect_below_predeclared_discovery_floor,False
T10_GE_5,VOLUME_PARTICIPATION,VOLUME_MA20,-20,6083,6083,6532761.069110637,5140082.145618938,1491968.75,1349606.5,142362.25,1392678.9234916987,0.07720417135440097,0.9873417721518989,451145.9335833159,0.32394109365295143,1.0,1.0,NO_CLEAR_SIGNAL,effect_below_predeclared_discovery_floor,False
T10_GE_5,VOLUME_PARTICIPATION,VOLUME_MA20,-10,6083,6083,6437347.514219957,5069722.054035838,1478500.8,1334650.0,143850.80000000005,1367625.4601841196,0.07690485329454277,0.9901364458326486,387854.9512225189,0.2835973462868285,1.0,1.0,NO_CLEAR_SIGNAL,effect_below_predeclared_discovery_floor,False
T10_GE_5,VOLUME_PARTICIPATION,VOLUME_MA20,-5,6083,6083,6323655.084579977,5041206.407537399,1456038.0,1318668.25,137369.75,1282448.6770425783,0.06955929331133529,0.9927667269439422,311301.6590302037,0.24274005237237906,1.0,1.0,NO_CLEAR_SIGNAL,effect_below_predeclared_discovery_floor,False
T10_GE_5,VOLUME_PARTICIPATION,VOLUME_MA20,-3,6083,6083,6189420.028727601,5024194.178842676,1421136.55,1319196.95,101939.6000000001,1165225.8498849254,0.06384148028940011,0.994081867499589,257100.36032463517,0.22064422991476348,1.0,1.0,NO_CLEAR_SIGNAL,effect_below_predeclared_discovery_floor,False
T10_GE_5,VOLUME_PARTICIPATION,VOLUME_MA20,-1,6083,6083,5987536.954693408,4977836.204479697,1386538.2,1308772.7,77765.5,1009700.7502137106,0.056948938157587864,0.9955614006246918,178910.03441545134,0.17719114735488087,1.0,1.0,NO_CLEAR_SIGNAL,effect_below_predeclared_discovery_floor,False
T10_GE_5,VOLUME_PARTICIPATION,VOLUME_MA20,0,6083,6083,5900377.777231629,4959824.42697682,1371350.0,1312845.3,58504.69999999995,940553.3502548086,0.05380607303157658,0.9962189709025152,142337.66088966513,0.1513339576655635,1.0,1.0,NO_CLEAR_SIGNAL,effect_below_predeclared_discovery_floor,False
T10_GE_5,VOLUME_PARTICIPATION,VOLUME_RATIO_20,-20,6083,6083,1.0821555334791773,1.0512620502152819,0.7835820895522388,0.7723437902149191,0.01123829933731979,0.030893483263895405,0.030270501614888874,0.9870129870129869,0.009989601395147596,0.32335626610361035,0.5,1.0,NO_CLEAR_SIGNAL,effect_below_predeclared_discovery_floor,False
T10_GE_5,VOLUME_PARTICIPATION,VOLUME_RATIO_20,-10,6083,6083,1.0453207345530602,1.0578452536508385,0.7600950118764845,0.7717284025791972,-0.011633390702712632,-0.012524519097778297,-0.012037320420451199,0.9871773795824429,-0.006794401683490103,0.542488029316459,0.0,0.0,REGIME_CONFOUNDED,market_or_temporal_direction_is_not_consistent,False
T10_GE_5,VOLUME_PARTICIPATION,VOLUME_RATIO_20,-5,6083,6083,0.9492802134735909,1.0544209089205823,0.7460035523978685,0.7884076036148333,-0.04240405121696478,-0.10514069544699134,-0.11489100290417589,0.9697517672201218,-0.0460509720991078,0.4379937939665357,0.0,0.0,REGIME_CONFOUNDED,market_or_temporal_direction_is_not_consistent,False
T10_GE_5,VOLUME_PARTICIPATION,VOLUME_RATIO_20,-3,6083,6083,0.8638097175062122,1.0281469851133287,0.6949544881971998,0.7667320814564907,-0.0717775932592909,-0.16433726760711653,-0.18987964279951955,0.9334210093703765,-0.09458967555350173,0.5755826230459096,0.0,0.0,REGIME_CONFOUNDED,market_or_temporal_direction_is_not_consistent,False
T10_GE_5,VOLUME_PARTICIPATION,VOLUME_RATIO_20,-1,6083,6083,0.8719910708924987,1.0221745289201953,0.6880260715988173,0.7514600939063873,-0.06343402230757,-0.15018345802769661,-0.173124974111002,0.9442709189544634,-0.09165379493642156,0.6102788958256568,0.0,0.0,REGIME_CONFOUNDED,market_or_temporal_direction_is_not_consistent,False
T10_GE_5,VOLUME_PARTICIPATION,VOLUME_RATIO_20,0,6083,6083,0.9767171728099417,1.0784243125040682,0.7527393997141496,0.8009347253288195,-0.04819532561466988,-0.10170713969412648,-0.11225748555811398,0.9582442873582113,-0.05865997265083345,0.5767537345681645,0.0,0.0,REGIME_CONFOUNDED,market_or_temporal_direction_is_not_consistent,False
T10_GE_5,VOLUME_PARTICIPATION,volume_ratio_5_to_20,-20,6083,6083,1.0137867112228154,1.00751528944541,0.8939510337686629,0.9072716013744974,-0.013320567605834444,0.0062714217774053616,0.011879083549197252,0.9730396186092389,-0.0013741906266127035,0.21911947169039545,0.5,0.5,NO_CLEAR_SIGNAL,effect_below_predeclared_discovery_floor,False
T10_GE_5,VOLUME_PARTICIPATION,volume_ratio_5_to_20,-10,6083,6083,1.0015983618309077,1.0107366268653206,0.8791850343963535,0.8992088063295494,-0.020023771933195822,-0.009138265034412951,-0.016914253756660672,0.9646555975669902,-0.010813097166039953,1.18327681735208,0.0,0.0,REGIME_CONFOUNDED,market_or_temporal_direction_is_not_consistent,False
T10_GE_5,VOLUME_PARTICIPATION,volume_ratio_5_to_20,-5,6083,6083,0.9521158174125267,1.0020243857703677,0.8699020760192224,0.8944004075730935,-0.024498331553871044,-0.049908568357840966,-0.10224201563562896,0.9570935393720204,-0.03049349151044245,0.6109871012890259,0.0,0.0,REGIME_CONFOUNDED,market_or_temporal_direction_is_not_consistent,False
T10_GE_5,VOLUME_PARTICIPATION,volume_ratio_5_to_20,-3,6083,6083,0.9206024872232347,1.0116893626323127,0.8584766632178455,0.9033420180771334,-0.04486535485928789,-0.091086875409078,-0.1915194119208632,0.9349005424954792,-0.06309910046851785,0.692735371425741,0.0,0.0,REGIME_CONFOUNDED,market_or_temporal_direction_is_not_consistent,False
T10_GE_5,VOLUME_PARTICIPATION,volume_ratio_5_to_20,-1,6083,6083,0.888119180076901,1.0098333660633376,0.8235707332293154,0.9046281839654441,-0.08105745073612869,-0.12171418598643657,-0.2615773330625097,0.9064606279796154,-0.09254908022644925,0.7603803901441909,0.0,0.0,REGIME_CONFOUNDED,market_or_temporal_direction_is_not_consistent,False
T10_GE_5,VOLUME_PARTICIPATION,volume_ratio_5_to_20,0,6083,6083,0.8902931796884851,1.014828745395952,0.8272827282728272,0.9156183710534554,-0.08833564278062822,-0.12453556570746682,-0.2682247332863704,0.8987341772151898,-0.09812765899896037,0.7879488758212377,0.0,0.0,REGIME_CONFOUNDED,market_or_temporal_direction_is_not_consistent,False
T10_GE_5,VOLUME_PARTICIPATION,volume_expansion_state,-20,6083,6083,0.35360841689955613,0.3485122472464245,0.0,0.0,0.0,0.005096169653131644,0.010677191335307925,0.9949038303468684,0.006369426751592355,1.2498459009656955,0.5,1.0,NO_CLEAR_SIGNAL,effect_below_predeclared_discovery_floor,False
T10_GE_5,VOLUME_PARTICIPATION,volume_expansion_state,-10,6083,6083,0.3394706559263521,0.34982738780207134,0.0,0.0,0.0,-0.010356731875719227,-0.0217933008272892,0.9896432681242808,-0.012944318882268324,1.2498459009656848,0.0,0.0,REGIME_CONFOUNDED,market_or_temporal_direction_is_not_consistent,False
T10_GE_5,VOLUME_PARTICIPATION,volume_expansion_state,-5,6083,6083,0.3171132664803551,0.35048495807989477,0.0,0.0,0.0,-0.03337169159953968,-0.07081170786604526,0.9666283084004603,-0.04170947195397573,1.2498459009656875,0.0,0.0,REGIME_CONFOUNDED,market_or_temporal_direction_is_not_consistent,False
T10_GE_5,VOLUME_PARTICIPATION,volume_expansion_state,-3,6083,6083,0.2702613841854348,0.3389774782179846,0.0,0.0,0.0,-0.06871609403254975,-0.14972071772547282,0.9312839059674503,-0.08588452845695502,1.2498459009656873,0.0,0.0,REGIME_CONFOUNDED,market_or_temporal_direction_is_not_consistent,False
T10_GE_5,VOLUME_PARTICIPATION,volume_expansion_state,-1,6083,6083,0.27042577675489066,0.3361828045372349,0.0,0.0,0.0,-0.06575702778234427,-0.14341515116273257,0.9342429722176557,-0.08218615163344975,1.2498459009656866,0.0,0.0,REGIME_CONFOUNDED,market_or_temporal_direction_is_not_consistent,False
T10_GE_5,VOLUME_PARTICIPATION,volume_expansion_state,0,6083,6083,0.3383199079401611,0.3649515041920105,0.0,0.0,0.0,-0.02663159625184941,-0.05579690557909001,0.9733684037481506,-0.03328539141154713,1.2498459009656866,0.0,0.0,REGIME_CONFOUNDED,market_or_temporal_direction_is_not_consistent,False
T10_GE_5,VOLUME_PARTICIPATION,volume_contraction_state,-20,6083,6083,0.6463915831004439,0.6514877527535755,1.0,1.0,0.0,-0.005096169653131644,-0.010677191335307925,0.9949038303468684,-0.006369426751592355,1.2498459009656955,0.5,0.0,REGIME_CONFOUNDED,market_or_temporal_direction_is_not_consistent,False
T10_GE_5,VOLUME_PARTICIPATION,volume_contraction_state,-10,6083,6083,0.660364951504192,0.6501726121979287,1.0,1.0,0.0,0.010192339306263398,0.02144612308133352,0.9898076606937367,0.01273885350318471,1.249845900965682,1.0,1.0,NO_CLEAR_SIGNAL,effect_below_predeclared_discovery_floor,False
T10_GE_5,VOLUME_PARTICIPATION,volume_contraction_state,-5,6083,6083,0.6828867335196449,0.6495150419201052,1.0,1.0,0.0,0.03337169159953968,0.07081170786604526,0.9666283084004603,0.041709471953975785,1.249845900965689,1.0,1.0,NO_CLEAR_SIGNAL,effect_below_predeclared_discovery_floor,False
T10_GE_5,VOLUME_PARTICIPATION,volume_contraction_state,-3,6083,6083,0.7297386158145652,0.6610225217820155,1.0,1.0,0.0,0.06871609403254975,0.14972071772547282,0.9312839059674503,0.08588452845695493,1.249845900965686,1.0,1.0,PROMISING_DISCOVERY_SIGNAL,bounded_effect_requires_confirmatory_research,False
T10_GE_5,VOLUME_PARTICIPATION,volume_contraction_state,-1,6083,6083,0.7295742232451093,0.6638171954627651,1.0,1.0,0.0,0.06575702778234427,0.14341515116273257,0.9342429722176557,0.08218615163344978,1.2498459009656868,1.0,1.0,PROMISING_DISCOVERY_SIGNAL,bounded_effect_requires_confirmatory_research,False
T10_GE_5,VOLUME_PARTICIPATION,volume_contraction_state,0,6083,6083,0.661515699490383,0.6350484958079895,1.0,1.0,0.0,0.026467203682393525,0.05544924730292005,0.9735327963176065,0.03307992603246357,1.2498459009656901,1.0,1.0,NO_CLEAR_SIGNAL,effect_below_predeclared_discovery_floor,False
T10_GE_5,VOLATILITY_COMPRESSION,true_range_pct,-20,6083,6083,0.041361712750763,0.03871169100571152,0.032967032967033044,0.030915576694411518,0.002051456272621526,0.0026500217450514812,0.10090906533975472,0.9584086799276673,0.0028388432993637427,1.0712528320436832,1.0,1.0,PROMISING_DISCOVERY_SIGNAL,bounded_effect_requires_confirmatory_research,False
T10_GE_5,VOLATILITY_COMPRESSION,true_range_pct,-10,6083,6083,0.04157843739073168,0.039007502831939336,0.03294573643410858,0.030726256983240222,0.0022194794508683564,0.0025709345587923427,0.09565049053328441,0.949367088607595,0.002709985938784888,1.0540859274371661,1.0,1.0,NO_CLEAR_SIGNAL,effect_below_predeclared_discovery_floor,False
T10_GE_5,VOLATILITY_COMPRESSION,true_range_pct,-5,6083,6083,0.040538384800555445,0.039897048974187825,0.0330296127562643,0.031638418079096176,0.0013911946771681255,0.00064133582636762,0.02467905677886219,0.9519973697188886,0.0011041197337048822,1.721593724084252,1.0,0.0,REGIME_CONFOUNDED,market_or_temporal_direction_is_not_consistent,False
T10_GE_5,VOLATILITY_COMPRESSION,true_range_pct,-3,6083,6083,0.037651080381520666,0.041183184078572965,0.03116147308781854,0.03225806451612903,-0.0010965914283104922,-0.0035321036970522995,-0.13879219891495,0.9355581127733028,-0.0031323434913881273,0.8868209316737246,0.0,0.5,REGIME_CONFOUNDED,market_or_temporal_direction_is_not_consistent,False
T10_GE_5,VOLATILITY_COMPRESSION,true_range_pct,-1,6083,6083,0.04287440322350002,0.04464307850209815,0.03399122807017538,0.03505154639175263,-0.0010603183215772555,-0.001768675278598128,-0.061944622687159646,0.9618609238862402,-0.0020165288211354618,1.1401351313813721,0.0,0.5,REGIME_CONFOUNDED,market_or_temporal_direction_is_not_consistent,False
T10_GE_5,VOLATILITY_COMPRESSION,true_range_pct,0,6083,6083,0.047758338183863075,0.04709449064329506,0.038834951456310655,0.037410071942445965,0.0014248795138646908,0.0006638475405680161,0.022308691293856712,0.970409337497945,0.0008515050767010368,1.2826816771399845,1.0,0.5,NO_CLEAR_SIGNAL,effect_below_predeclared_discovery_floor,False
T10_GE_5,VOLATILITY_COMPRESSION,rolling_range_pct_5,-20,6083,6083,0.09710832264357783,0.09109141074676627,0.08137254901960785,0.07592592592592595,0.005446623093681893,0.006016911896811555,0.10418917228614458,0.9523261548578003,0.0060056735303243985,0.9981322035821877,1.0,1.0,PROMISING_DISCOVERY_SIGNAL,bounded_effect_requires_confirmatory_research,False
T10_GE_5,VOLATILITY_COMPRESSION,rolling_range_pct_5,-10,6083,6083,0.09881236402581106,0.09329844061448685,0.08137254901960782,0.07623318385650224,0.0051393651631055776,0.005513923411324215,0.08903007329522146,0.9567647542331087,0.005418282843990679,0.9826547160344822,1.0,1.0,NO_CLEAR_SIGNAL,effect_below_predeclared_discovery_floor,False
T10_GE_5,VOLATILITY_COMPRESSION,rolling_range_pct_5,-5,6083,6083,0.09872228974329894,0.09668745206050075,0.08055555555555571,0.07891637220259115,0.0016391833529645627,0.0020348376827981907,0.03243717657837225,0.9674502712477397,0.00222196588002839,1.0919622232338804,1.0,0.5,NO_CLEAR_SIGNAL,effect_below_predeclared_discovery_floor,False
T10_GE_5,VOLATILITY_COMPRESSION,rolling_range_pct_5,-3,6083,6083,0.09632193798786035,0.09971611914178953,0.08064516129032258,0.08227848101265822,-0.0016333197223356438,-0.003394181153929185,-0.05160679573268207,0.9687654118033866,-0.0033603292149904096,0.9900264784336607,0.0,0.5,REGIME_CONFOUNDED,market_or_temporal_direction_is_not_consistent,False
T10_GE_5,VOLATILITY_COMPRESSION,rolling_range_pct_5,-1,6083,6083,0.10635598288290289,0.10697198253523713,0.08391608391608395,0.08700696055684455,-0.0030908766407606036,-0.0006159996523342343,-0.00804308624281897,0.9853690613184285,-0.0008246774610256302,1.3387628676422854,0.0,0.5,REGIME_CONFOUNDED,market_or_temporal_direction_is_not_consistent,False
T10_GE_5,VOLATILITY_COMPRESSION,rolling_range_pct_5,0,6083,6083,0.12526347891235454,0.11455683090701528,0.09378407851690294,0.09186351706036745,0.0019205614565354912,0.010706648005339256,0.12523016017766897,0.9390103567318757,0.005470680658967289,0.5109611015734464,1.0,1.0,PROMISING_DISCOVERY_SIGNAL,bounded_effect_requires_confirmatory_research,False
T10_GE_5,VOLATILITY_COMPRESSION,rolling_range_pct_20,-20,6083,6083,0.204433110592558,0.19116224931303483,0.17553191489361702,0.16393442622950818,0.01159748866410884,0.013270861279523177,0.11985295801561784,0.9495314811770508,0.012618465915095328,0.9508400132676778,1.0,1.0,PROMISING_DISCOVERY_SIGNAL,bounded_effect_requires_confirmatory_research,False
T10_GE_5,VOLATILITY_COMPRESSION,rolling_range_pct_20,-10,6083,6083,0.20351440918895775,0.19307690513193523,0.17527173913043487,0.16470588235294112,0.010565856777493748,0.010437504057022512,0.09333703232449418,0.9526549399967121,0.010310696272296554,0.9878507558863521,1.0,1.0,NO_CLEAR_SIGNAL,effect_below_predeclared_discovery_floor,False
T10_GE_5,VOLATILITY_COMPRESSION,rolling_range_pct_20,-5,6083,6083,0.21079685249481195,0.19665240764240835,0.17625899280575538,0.16666666666666666,0.009592326139088725,0.014144444852403598,0.11627669659350653,0.9546276508301824,0.011490822179306914,0.8123911754199566,1.0,1.0,PROMISING_DISCOVERY_SIGNAL,bounded_effect_requires_confirmatory_research,False
T10_GE_5,VOLATILITY_COMPRESSION,rolling_range_pct_20,-3,6083,6083,0.21064350072269525,0.20243891637830178,0.1762114537444934,0.17263157894736847,0.0035798747971249323,0.008204584344393473,0.06495336085171868,0.9838895281933256,0.004045972388619368,0.4931355713814004,1.0,1.0,NO_CLEAR_SIGNAL,effect_below_predeclared_discovery_floor,False
T10_GE_5,VOLATILITY_COMPRESSION,rolling_range_pct_20,-1,6083,6083,0.2261358520402501,0.21516494287331647,0.1848341232227488,0.1793103448275862,0.005523778395162604,0.010970909166933634,0.077729929794745,0.9682722340950188,0.0084066473673986,0.7662671561201392,1.0,1.0,NO_CLEAR_SIGNAL,effect_below_predeclared_discovery_floor,False
T10_GE_5,VOLATILITY_COMPRESSION,rolling_range_pct_20,0,6083,6083,0.24593372852753476,0.22485847893488378,0.19486404833836865,0.1864406779661017,0.008423370372266953,0.021075249592650974,0.13346025356853541,0.9608745684695053,0.013214972159207555,0.6270375162634216,1.0,1.0,PROMISING_DISCOVERY_SIGNAL,bounded_effect_requires_confirmatory_research,False
T10_GE_5,VOLATILITY_COMPRESSION,range_compression_5_to_20,-20,6083,6083,0.5034826056347445,0.5046564146631296,0.4736842105263158,0.4827586206896549,-0.009074410163339097,-0.0011738090283851532,-0.005904052223885625,0.9654775604142692,-0.001717781182527911,1.4634247488206134,0.5,0.5,NO_CLEAR_SIGNAL,effect_below_predeclared_discovery_floor,False
T10_GE_5,VOLATILITY_COMPRESSION,range_compression_5_to_20,-10,6083,6083,0.5056573126133856,0.5035637122130561,0.4807692307692305,0.4752475247524757,0.005521706016754779,0.002093600400329576,0.010467511567954405,0.9666283084004604,0.0035488918874777564,1.6951142571997442,1.0,0.0,REGIME_CONFOUNDED,market_or_temporal_direction_is_not_consistent,False
T10_GE_5,VOLATILITY_COMPRESSION,range_compression_5_to_20,-5,6083,6083,0.49494841276095075,0.5125895819253252,0.46808510638297945,0.4903846153846159,-0.022299509001636464,-0.01764116916437447,-0.09007890677726388,0.9567647542331088,-0.018420118268284658,1.0441551858979528,0.0,0.0,REGIME_CONFOUNDED,market_or_temporal_direction_is_not_consistent,False
T10_GE_5,VOLATILITY_COMPRESSION,range_compression_5_to_20,-3,6083,6083,0.4911985991621585,0.5147407426925542,0.4636871508379885,0.49206349206349215,-0.028376341225503643,-0.023542143530395687,-0.12020849082677759,0.9416406378431694,-0.02416746399994235,1.0265617473931081,0.0,0.0,REGIME_CONFOUNDED,market_or_temporal_direction_is_not_consistent,False
T10_GE_5,VOLATILITY_COMPRESSION,range_compression_5_to_20,-1,6083,6083,0.4983324056700122,0.5170989695318234,0.47619047619047666,0.5,-0.023809523809523336,-0.018766563861811247,-0.09597862392236454,0.9602169981916816,-0.01971312696324412,1.0504388074664572,0.0,0.0,REGIME_CONFOUNDED,market_or_temporal_direction_is_not_consistent,False
T10_GE_5,VOLATILITY_COMPRESSION,range_compression_5_to_20,0,6083,6083,0.5322263923512965,0.5292952110361937,0.5142857142857145,0.5121951219512187,0.002090592334495711,0.0029311813151028376,0.014681827405166959,0.9679434489561073,0.0036343732732704304,1.239900532438718,1.0,0.5,NO_CLEAR_SIGNAL,effect_below_predeclared_discovery_floor,False
T10_GE_5,VOLATILITY_COMPRESSION,realized_vol_5,-20,6083,6083,0.023194517005423822,0.02168177238619998,0.018697435798822774,0.01760728782702877,0.0010901479717940026,0.0015127446192238422,0.10169408592053361,0.9533125102745357,0.001586315682994964,1.048634159947546,1.0,1.0,PROMISING_DISCOVERY_SIGNAL,bounded_effect_requires_confirmatory_research,False
T10_GE_5,VOLATILITY_COMPRESSION,realized_vol_5,-10,6083,6083,0.0235000078765741,0.022431272771264114,0.018904090188777554,0.017908229847078974,0.0009958603416985803,0.0010687351053099876,0.06811240818418585,0.9773138254150913,0.0010291219125588419,0.9629345077612512,1.0,1.0,NO_CLEAR_SIGNAL,effect_below_predeclared_discovery_floor,False
T10_GE_5,VOLATILITY_COMPRESSION,realized_vol_5,-5,6083,6083,0.022869059243811777,0.022603484915651163,0.018938466841497276,0.01825100564909996,0.0006874611923973172,0.0002655743281606143,0.017766729786951638,0.9559427913858294,0.0003323387907182493,1.2513965224728238,1.0,0.5,NO_CLEAR_SIGNAL,effect_below_predeclared_discovery_floor,False
T10_GE_5,VOLATILITY_COMPRESSION,realized_vol_5,-3,6083,6083,0.022856753464791747,0.023837189170584295,0.018906855954096143,0.019515344866488298,-0.0006084889123921557,-0.0009804357057925477,-0.06338497321258345,0.9621897090251521,-0.0010725277986370282,1.0939297623499307,0.0,0.5,REGIME_CONFOUNDED,market_or_temporal_direction_is_not_consistent,False
T10_GE_5,VOLATILITY_COMPRESSION,realized_vol_5,-1,6083,6083,0.023598233747239687,0.024946068625324124,0.01875115085280034,0.019836852998433276,-0.0010857021456329372,-0.0013478348780844376,-0.08193858128510523,0.9557783988163735,-0.0015068200420187347,1.117955965170043,0.0,0.5,REGIME_CONFOUNDED,market_or_temporal_direction_is_not_consistent,False
T10_GE_5,VOLATILITY_COMPRESSION,realized_vol_5,0,6083,6083,0.024387639894158982,0.026074267006215828,0.019593758728008788,0.020257658450294876,-0.0006638997222860876,-0.001686627112056846,-0.0970878698386197,0.9597238204833143,-0.0013645574431263262,0.8090451252513337,0.0,0.5,REGIME_CONFOUNDED,market_or_temporal_direction_is_not_consistent,False
T10_GE_5,VOLATILITY_COMPRESSION,realized_vol_20,-20,6083,6083,0.027804798868802855,0.02628480536895547,0.024880670904984425,0.02292466425187619,0.001956006653108234,0.001519993499847383,0.11072372317663222,0.9464080223573895,0.0016323262562469992,1.073903445252164,1.0,1.0,PROMISING_DISCOVERY_SIGNAL,bounded_effect_requires_confirmatory_research,False
T10_GE_5,VOLATILITY_COMPRESSION,realized_vol_20,-10,6083,6083,0.027557976485931533,0.026264274488407045,0.024717189805262236,0.023179883599143664,0.0015373062061185723,0.0012937019975244879,0.09631382141152711,0.9542988656912708,0.0013685537554992237,1.0578585780326268,1.0,1.0,NO_CLEAR_SIGNAL,effect_below_predeclared_discovery_floor,False
T10_GE_5,VOLATILITY_COMPRESSION,realized_vol_20,-5,6083,6083,0.027442009112431175,0.026515818325038795,0.024493706776663033,0.023855012123446925,0.0006386946532161084,0.0009261907873923808,0.06887694412499101,0.9658063455531809,0.0009879976607556455,1.0667323344224544,1.0,1.0,NO_CLEAR_SIGNAL,effect_below_predeclared_discovery_floor,False
T10_GE_5,VOLATILITY_COMPRESSION,realized_vol_20,-3,6083,6083,0.02733666367031201,0.026962470568393054,0.024579099299345607,0.024525607638516838,5.349166082876944e-05,0.00037419310191895774,0.027837799163032896,0.976656255137268,0.00032764383188658985,0.8756009402801619,1.0,1.0,NO_CLEAR_SIGNAL,effect_below_predeclared_discovery_floor,False
T10_GE_5,VOLATILITY_COMPRESSION,realized_vol_20,-1,6083,6083,0.027896438975085407,0.027681965996674537,0.0255779112364391,0.025413390770328927,0.00016452046611017263,0.00021447297841086996,0.0158662992543516,0.9850402761795166,0.0002353862071814844,1.0975098538080195,1.0,0.5,NO_CLEAR_SIGNAL,effect_below_predeclared_discovery_floor,False
T10_GE_5,VOLATILITY_COMPRESSION,realized_vol_20,0,6083,6083,0.02839933624367148,0.02820712367234387,0.026034204787801708,0.02581740267222711,0.00021680211557459708,0.00019221257132761085,0.013947429831964366,0.9700805523590335,0.00022494271126229787,1.1702809535745773,1.0,0.5,NO_CLEAR_SIGNAL,effect_below_predeclared_discovery_floor,False
T10_GE_5,VOLATILITY_COMPRESSION,volatility_contraction_5_to_20,-20,6083,6083,0.8447017353441584,0.8399797051073243,0.8137649629617145,0.8100704042921788,0.003694558669535719,0.0047220302368340406,0.013513015370121896,0.9682722340950191,0.0077814886484449675,1.6479116520147887,1.0,0.5,NO_CLEAR_SIGNAL,effect_below_predeclared_discovery_floor,False
T10_GE_5,VOLATILITY_COMPRESSION,volatility_contraction_5_to_20,-10,6083,6083,0.8528876262854972,0.8540198446984724,0.8233483588573989,0.8249192271744886,-0.0015708683170897464,-0.0011322184129751722,-0.0032122889466316847,0.9690941969422981,-0.0014831449000266561,1.3099459283031278,0.5,0.0,REGIME_CONFOUNDED,market_or_temporal_direction_is_not_consistent,False
T10_GE_5,VOLATILITY_COMPRESSION,volatility_contraction_5_to_20,-5,6083,6083,0.8468811500830119,0.8568671561275001,0.823306863613322,0.8268978343391638,-0.003590970725841802,-0.009986006044488183,-0.028363287387262813,0.963504849580799,-0.007098741018758292,0.71086888863606,0.0,0.0,REGIME_CONFOUNDED,market_or_temporal_direction_is_not_consistent,False
T10_GE_5,VOLATILITY_COMPRESSION,volatility_contraction_5_to_20,-3,6083,6083,0.8516638993436875,0.8857339371381348,0.8133587404612692,0.8477216709389856,-0.034362930477716436,-0.03407003779444728,-0.09188100671501871,0.9564359690941969,-0.0367485478975742,1.0786177614268295,0.0,0.0,REGIME_CONFOUNDED,market_or_temporal_direction_is_not_consistent,False
T10_GE_5,VOLATILITY_COMPRESSION,volatility_contraction_5_to_20,-1,6083,6083,0.8509819672991568,0.8941144875148216,0.8081004976615473,0.8556143027662806,-0.04751380510473324,-0.04313252021566483,-0.11358951660336089,0.9447640966628309,-0.04720555262829851,1.0944306614190014,0.0,0.0,REGIME_CONFOUNDED,market_or_temporal_direction_is_not_consistent,False
T10_GE_5,VOLATILITY_COMPRESSION,volatility_contraction_5_to_20,0,6083,6083,0.8636415853904968,0.9104068641504683,0.820509689592063,0.8737226352898685,-0.053212945697805436,-0.046765278759971496,-0.12276359914904485,0.9383527864540523,-0.04585444613521339,0.9805233145421186,0.0,0.0,REGIME_CONFOUNDED,market_or_temporal_direction_is_not_consistent,False
T10_GE_5,RELATIVE_STRENGTH,benchmark_relative_return_5D,-20,0,0,,,,,,,,,,,,,NO_CLEAR_SIGNAL,sample_below_discovery_floor,False
T10_GE_5,RELATIVE_STRENGTH,benchmark_relative_return_5D,-10,0,0,,,,,,,,,,,,,NO_CLEAR_SIGNAL,sample_below_discovery_floor,False
T10_GE_5,RELATIVE_STRENGTH,benchmark_relative_return_5D,-5,0,0,,,,,,,,,,,,,NO_CLEAR_SIGNAL,sample_below_discovery_floor,False
T10_GE_5,RELATIVE_STRENGTH,benchmark_relative_return_5D,-3,0,0,,,,,,,,,,,,,NO_CLEAR_SIGNAL,sample_below_discovery_floor,False
T10_GE_5,RELATIVE_STRENGTH,benchmark_relative_return_5D,-1,0,0,,,,,,,,,,,,,NO_CLEAR_SIGNAL,sample_below_discovery_floor,False
T10_GE_5,RELATIVE_STRENGTH,benchmark_relative_return_5D,0,0,0,,,,,,,,,,,,,NO_CLEAR_SIGNAL,sample_below_discovery_floor,False
T10_GE_5,RELATIVE_STRENGTH,benchmark_relative_return_20D,-20,0,0,,,,,,,,,,,,,NO_CLEAR_SIGNAL,sample_below_discovery_floor,False
T10_GE_5,RELATIVE_STRENGTH,benchmark_relative_return_20D,-10,0,0,,,,,,,,,,,,,NO_CLEAR_SIGNAL,sample_below_discovery_floor,False
T10_GE_5,RELATIVE_STRENGTH,benchmark_relative_return_20D,-5,0,0,,,,,,,,,,,,,NO_CLEAR_SIGNAL,sample_below_discovery_floor,False
T10_GE_5,RELATIVE_STRENGTH,benchmark_relative_return_20D,-3,0,0,,,,,,,,,,,,,NO_CLEAR_SIGNAL,sample_below_discovery_floor,False
T10_GE_5,RELATIVE_STRENGTH,benchmark_relative_return_20D,-1,0,0,,,,,,,,,,,,,NO_CLEAR_SIGNAL,sample_below_discovery_floor,False
T10_GE_5,RELATIVE_STRENGTH,benchmark_relative_return_20D,0,0,0,,,,,,,,,,,,,NO_CLEAR_SIGNAL,sample_below_discovery_floor,False
T10_GE_5,A_STATE_CONTEXT,a1_preceded_20,-20,6083,6083,0.3966792700969916,0.4099950682229163,0.0,0.0,0.0,-0.013315798125924705,-0.027146171495280643,0.9866842018740754,-0.01664269570577359,1.2498459009656886,0.0,0.0,REGIME_CONFOUNDED,market_or_temporal_direction_is_not_consistent,False
T10_GE_5,A_STATE_CONTEXT,a1_preceded_20,-10,6083,6083,0.39026795988821306,0.4085155350978136,0.0,0.0,0.0,-0.01824757520960052,-0.037263645505639785,0.9817524247903995,-0.022806657078282333,1.249845900965689,0.0,0.0,REGIME_CONFOUNDED,market_or_temporal_direction_is_not_consistent,False
T10_GE_5,A_STATE_CONTEXT,a1_preceded_20,-5,6083,6083,0.373828702942627,0.39519973697188887,0.0,0.0,0.0,-0.02137103402926188,-0.04394051182636885,0.9786289659707381,-0.02671049928087116,1.2498459009656864,0.0,0.0,REGIME_CONFOUNDED,market_or_temporal_direction_is_not_consistent,False
T10_GE_5,A_STATE_CONTEXT,a1_preceded_20,-3,6083,6083,0.36807496301167186,0.3947065592635213,0.0,0.0,0.0,-0.02663159625184941,-0.05484880469146323,0.9733684037481506,-0.03328539141154718,1.2498459009656886,0.0,0.0,REGIME_CONFOUNDED,market_or_temporal_direction_is_not_consistent,False
T10_GE_5,A_STATE_CONTEXT,a1_preceded_20,-1,6083,6083,0.35114252835771825,0.3871445010685517,0.0,0.0,0.0,-0.03600197271083344,-0.07465617760115195,0.9639980272891666,-0.04499691801931377,1.249845900965689,0.0,0.0,REGIME_CONFOUNDED,market_or_temporal_direction_is_not_consistent,False
T10_GE_5,A_STATE_CONTEXT,a1_preceded_20,0,6083,6083,0.34029261877363143,0.3825415091237876,0.0,0.0,0.0,-0.042248890350156165,-0.08802835506817555,0.9577511096498439,-0.052804602424491476,1.2498459009656875,0.0,0.0,REGIME_CONFOUNDED,market_or_temporal_direction_is_not_consistent,False
T10_GE_5,A_STATE_CONTEXT,a2_preceded_20,-20,6083,6083,0.333716915995397,0.32730560578661844,0.0,0.0,0.0,0.006411310208778553,0.013629882335020044,0.9935886897912214,0.00801314978426132,1.2498459009656842,0.5,0.5,NO_CLEAR_SIGNAL,effect_below_predeclared_discovery_floor,False
T10_GE_5,A_STATE_CONTEXT,a2_preceded_20,-10,6083,6083,0.313661022521782,0.3213874732862075,0.0,0.0,0.0,-0.007726450764425463,-0.016598274255407514,0.9922735492355745,-0.00965687281693034,1.249845900965684,0.5,0.0,REGIME_CONFOUNDED,market_or_temporal_direction_is_not_consistent,False
T10_GE_5,A_STATE_CONTEXT,a2_preceded_20,-5,6083,6083,0.28900213710340295,0.31563373335525235,0.0,0.0,0.0,-0.02663159625184941,-0.058012166257246346,0.9733684037481506,-0.033285391411547155,1.2498459009656877,0.0,0.0,REGIME_CONFOUNDED,market_or_temporal_direction_is_not_consistent,False
T10_GE_5,A_STATE_CONTEXT,a2_preceded_20,-3,6083,6083,0.27190530987999345,0.3075784974519152,0.0,0.0,0.0,-0.03567318757192173,-0.07869807791938399,0.9643268124280784,-0.04458598726114646,1.249845900965687,0.0,0.0,REGIME_CONFOUNDED,market_or_temporal_direction_is_not_consistent,False
T10_GE_5,A_STATE_CONTEXT,a2_preceded_20,-1,6083,6083,0.2508630609896433,0.2996876541180339,0.0,0.0,0.0,-0.0488245931283906,-0.10947579375217308,0.9511754068716094,-0.06102321758783644,1.2498459009656868,0.0,0.0,REGIME_CONFOUNDED,market_or_temporal_direction_is_not_consistent,False
T10_GE_5,A_STATE_CONTEXT,a2_preceded_20,0,6083,6083,0.23836922571099786,0.2970573730067401,0.0,0.0,0.0,-0.05868814729574226,-0.13284056822107337,0.9413118527042578,-0.07335114033285392,1.2498459009656868,0.0,0.0,REGIME_CONFOUNDED,market_or_temporal_direction_is_not_consistent,False
T10_GE_5,A_STATE_CONTEXT,a1_to_a2_preceded_20,-20,6083,6083,0.17096827223409503,0.17113266480355088,0.0,0.0,0.0,-0.00016439256945585679,-0.0004365721370080421,0.9998356074305442,-0.0002054653790836275,1.249845900965735,0.5,0.5,NO_CLEAR_SIGNAL,effect_below_predeclared_discovery_floor,False
T10_GE_5,A_STATE_CONTEXT,a1_to_a2_preceded_20,-10,6083,6083,0.17261219792865362,0.17162584251191845,0.0,0.0,0.0,0.0009863554167351685,0.002612975992151233,0.9990136445832648,0.001232792274501751,1.2498459009656857,0.5,0.0,REGIME_CONFOUNDED,market_or_temporal_direction_is_not_consistent,False
T10_GE_5,A_STATE_CONTEXT,a1_to_a2_preceded_20,-5,6083,6083,0.15321387473286208,0.16784481341443366,0.0,0.0,0.0,-0.014630938681571587,-0.03986377894393955,0.9853690613184284,-0.01828641873844257,1.2498459009656877,0.0,0.0,REGIME_CONFOUNDED,market_or_temporal_direction_is_not_consistent,False
T10_GE_5,A_STATE_CONTEXT,a1_to_a2_preceded_20,-3,6083,6083,0.14400789084333387,0.16455696202531644,0.0,0.0,0.0,-0.02054907118198257,-0.056911108629620885,0.9794509288180174,-0.025683172385453056,1.2498459009656877,0.0,0.0,REGIME_CONFOUNDED,market_or_temporal_direction_is_not_consistent,False
T10_GE_5,A_STATE_CONTEXT,a1_to_a2_preceded_20,-1,6083,6083,0.13151405556468848,0.1584744369554496,0.0,0.0,0.0,-0.026960381390761123,-0.07662749963905499,0.9730396186092389,-0.0336963221697144,1.249845900965688,0.0,0.0,REGIME_CONFOUNDED,market_or_temporal_direction_is_not_consistent,False
T10_GE_5,A_STATE_CONTEXT,a1_to_a2_preceded_20,0,6083,6083,0.12214367910570442,0.1565017261219793,0.0,0.0,0.0,-0.03435804701627487,-0.09934189433238405,0.9656419529837251,-0.042942264228477495,1.2498459009656868,0.0,0.0,REGIME_CONFOUNDED,market_or_temporal_direction_is_not_consistent,False
T10_GE_5,A_STATE_CONTEXT,a2_without_prior_a1_20,-20,6083,6083,0.11293769521617623,0.10093703764589841,0.0,0.0,0.0,0.012000657570277823,0.03884017889952089,0.9879993424297222,0.014998972673104584,1.2498459009656875,1.0,1.0,NO_CLEAR_SIGNAL,effect_below_predeclared_discovery_floor,False
T10_GE_5,A_STATE_CONTEXT,a2_without_prior_a1_20,-10,6083,6083,0.10373171132664803,0.10027946736807496,0.0,0.0,0.0,0.0034522439585730758,0.011406692659073688,0.9965477560414269,0.004314772960756112,1.2498459009656862,1.0,0.5,NO_CLEAR_SIGNAL,effect_below_predeclared_discovery_floor,False
T10_GE_5,A_STATE_CONTEXT,a2_without_prior_a1_20,-5,6083,6083,0.09748479368732534,0.0992931119513398,0.0,0.0,0.0,-0.0018083182640144663,-0.0060714732864989,0.9981916817359855,0.0,0.0,0.5,0.5,NO_CLEAR_SIGNAL,effect_below_predeclared_discovery_floor,False
T10_GE_5,A_STATE_CONTEXT,a2_without_prior_a1_20,-3,6083,6083,0.08827880979779713,0.09551208285385501,0.0,0.0,0.0,-0.007233273056057879,-0.02504113306000215,0.9927667269439421,0.0,0.0,0.0,0.0,REGIME_CONFOUNDED,market_or_temporal_direction_is_not_consistent,False
T10_GE_5,A_STATE_CONTEXT,a2_without_prior_a1_20,-1,6083,6083,0.08236067729738616,0.09863554167351636,0.0,0.0,0.0,-0.016274864376130196,-0.05675061720485998,0.9837251356238698,0.0,0.0,0.0,0.0,REGIME_CONFOUNDED,market_or_temporal_direction_is_not_consistent,False
T10_GE_5,A_STATE_CONTEXT,a2_without_prior_a1_20,0,6083,6083,0.07956600361663653,0.09715600854841361,0.0,0.0,0.0,-0.01759000493177708,-0.06200587013079778,0.9824099950682229,0.0,0.0,0.0,0.0,REGIME_CONFOUNDED,market_or_temporal_direction_is_not_consistent,False
T10_GE_5,A_STATE_CONTEXT,a_state_bucket,-20,0,0,,,,,,,,,,,,,NO_CLEAR_SIGNAL,sample_below_discovery_floor,False
T10_GE_5,A_STATE_CONTEXT,a_state_bucket,-10,0,0,,,,,,,,,,,,,NO_CLEAR_SIGNAL,sample_below_discovery_floor,False
T10_GE_5,A_STATE_CONTEXT,a_state_bucket,-5,0,0,,,,,,,,,,,,,NO_CLEAR_SIGNAL,sample_below_discovery_floor,False
T10_GE_5,A_STATE_CONTEXT,a_state_bucket,-3,0,0,,,,,,,,,,,,,NO_CLEAR_SIGNAL,sample_below_discovery_floor,False
T10_GE_5,A_STATE_CONTEXT,a_state_bucket,-1,0,0,,,,,,,,,,,,,NO_CLEAR_SIGNAL,sample_below_discovery_floor,False
T10_GE_5,A_STATE_CONTEXT,a_state_bucket,0,0,0,,,,,,,,,,,,,NO_CLEAR_SIGNAL,sample_below_discovery_floor,False
T10_GE_10,TREND_STRUCTURE,close_vs_ma5,-20,4727,4727,0.0018753312881919764,0.00045324693205872553,-0.0013054830287205525,-0.0015186028853454497,0.00021311985662489721,0.0014220843561332508,0.036948453017247807,0.966786545377618,0.0006472250462946473,0.4551242290960141,1.0,0.5,NO_CLEAR_SIGNAL,effect_below_predeclared_discovery_floor,False
T10_GE_10,TREND_STRUCTURE,close_vs_ma5,-10,4727,4727,0.0017095459468731684,0.002580544010937139,-0.0012642225031605293,-0.001219884111009428,-4.433839215110119e-05,-0.0008709980640639705,-0.022402764954457963,0.9543050560609265,-0.00020679542322801856,0.23742351649225993,0.5,0.0,REGIME_CONFOUNDED,market_or_temporal_direction_is_not_consistent,False
T10_GE_10,TREND_STRUCTURE,close_vs_ma5,-5,4727,4727,-0.009087796296849285,-0.0006656294688440143,-0.005517241379310423,-0.0026737967914438883,-0.002843444587866535,-0.00842216682800527,-0.2124585804696323,0.9462661307383119,-0.005062720791544226,0.60111855950297,0.0,0.0,REGIME_CONFOUNDED,market_or_temporal_direction_is_not_consistent,False
T10_GE_10,TREND_STRUCTURE,close_vs_ma5,-3,4727,4727,-0.006111678277885286,-0.00205377334886884,-0.005044843049327386,-0.0033927056827820186,-0.0016521373665453675,-0.004057904929016446,-0.11533011519602814,0.9219378041040829,-0.002355256657410745,0.5804119856454133,0.0,0.0,REGIME_CONFOUNDED,market_or_temporal_direction_is_not_consistent,False
T10_GE_10,TREND_STRUCTURE,close_vs_ma5,-1,4727,4727,-0.025659821159846875,-0.014259263181470087,-0.015405224380442138,-0.008832188420019682,-0.0065730359604224565,-0.011400557978376788,-0.2528058216289447,0.8563570975248571,-0.00892441201078955,0.7828048440888862,0.0,0.0,REGIME_CONFOUNDED,market_or_temporal_direction_is_not_consistent,False
T10_GE_10,TREND_STRUCTURE,close_vs_ma5,0,4727,4727,-0.04175549601208926,-0.019815084731246182,-0.02561756633119848,-0.012529832935560826,-0.013087733395637654,-0.02194041128084308,-0.4389969902068511,0.8286439602284746,-0.017461389276602134,0.7958551484332597,0.0,0.0,REGIME_CONFOUNDED,market_or_temporal_direction_is_not_consistent,False
T10_GE_10,TREND_STRUCTURE,close_vs_ma10,-20,4727,4727,0.007229048786465568,0.003966737549900995,-0.0004018485031143887,-0.0018714909544604575,0.0014696424513460688,0.003262311236564573,0.055415952816623607,0.9682674000423102,0.002583734574481999,0.791995118529169,1.0,1.0,NO_CLEAR_SIGNAL,effect_below_predeclared_discovery_floor,False
T10_GE_10,TREND_STRUCTURE,close_vs_ma10,-10,4727,4727,0.00337618156720232,0.004585582918600261,-0.0019063180827886789,-0.002119052205740694,0.00021273412295201534,-0.0012094013513979413,-0.019958658517224302,0.9587476200550032,0.00011990050594511499,0.0991403770191943,0.0,0.0,REGIME_CONFOUNDED,market_or_temporal_direction_is_not_consistent,False
T10_GE_10,TREND_STRUCTURE,close_vs_ma10,-5,4727,4727,-0.011555493042045301,0.00048185525525782453,-0.007822149032523672,-0.0044936052540614935,-0.003328543778462178,-0.012037348297303126,-0.20031203065809888,0.9445737254072352,-0.007546659439176902,0.6269370340366135,0.0,0.0,REGIME_CONFOUNDED,market_or_temporal_direction_is_not_consistent,False
T10_GE_10,TREND_STRUCTURE,close_vs_ma10,-3,4727,4727,-0.01295705774805378,-0.0028637063215012407,-0.011509817197020912,-0.0064794816414686825,-0.00503033555555223,-0.010093351426552538,-0.1819006727770459,0.9168605881108526,-0.006547134525024672,0.6486581362659336,0.0,0.0,REGIME_CONFOUNDED,market_or_temporal_direction_is_not_consistent,False
T10_GE_10,TREND_STRUCTURE,close_vs_ma10,-1,4727,4727,-0.037443039971319474,-0.0174880144570446,-0.02232820290483419,-0.01120632827949899,-0.011121874625335199,-0.019955025514274874,-0.2977031556431966,0.8631267188491644,-0.014669912125313288,0.7351487531208182,0.0,0.0,REGIME_CONFOUNDED,market_or_temporal_direction_is_not_consistent,False
T10_GE_10,TREND_STRUCTURE,close_vs_ma10,0,4727,4727,-0.05792834708909942,-0.02613355731910373,-0.036374303314755115,-0.01726427622841964,-0.019110027086335475,-0.03179478976999569,-0.44206066566576224,0.8233551935688597,-0.024375999499631096,0.7666664782490368,0.0,0.0,REGIME_CONFOUNDED,market_or_temporal_direction_is_not_consistent,False
T10_GE_10,TREND_STRUCTURE,close_vs_ma20,-20,4727,4727,0.015185278406418194,0.011084859381583104,0.00142213794738095,-0.002242152466367798,0.0036642904137487477,0.00410041902483509,0.04749100648538854,0.9617093293843874,0.003492482280481791,0.8517378978413679,1.0,0.5,NO_CLEAR_SIGNAL,effect_below_predeclared_discovery_floor,False
T10_GE_10,TREND_STRUCTURE,close_vs_ma20,-10,4727,4727,0.008873139243111177,0.009435526261689413,-0.003025643569267465,-0.00340938893259907,0.00038374536333160526,-0.0005623870185782354,-0.006302350228956621,0.9566321133911572,0.00043817189609696465,0.7791287523042447,0.5,0.5,NO_CLEAR_SIGNAL,effect_below_predeclared_discovery_floor,False
T10_GE_10,TREND_STRUCTURE,close_vs_ma20,-5,4727,4727,-0.010133059707817643,0.0040739133087319855,-0.011699931176875547,-0.0060027109016975114,-0.005697220275178036,-0.014206973016549627,-0.16135552713055717,0.9369579014173893,-0.009322776375180393,0.6562113100602317,0.0,0.0,REGIME_CONFOUNDED,market_or_temporal_direction_is_not_consistent,False
T10_GE_10,TREND_STRUCTURE,close_vs_ma20,-3,4727,4727,-0.013755332743622024,0.00048116907525438995,-0.014033825116948543,-0.008121009236873115,-0.0059128158800754275,-0.014236501818876413,-0.17071196142037262,0.9449968267400043,-0.008408876168923005,0.5906560667715111,0.0,0.0,REGIME_CONFOUNDED,market_or_temporal_direction_is_not_consistent,False
T10_GE_10,TREND_STRUCTURE,close_vs_ma20,-1,4727,4727,-0.04302265329405951,-0.01615765970580971,-0.02768997344797064,-0.014148790506617957,-0.013541182941352682,-0.026864993588249796,-0.28953278979176766,0.8984556801353923,-0.019315511004484504,0.7189843891469498,0.0,0.0,REGIME_CONFOUNDED,market_or_temporal_direction_is_not_consistent,False
T10_GE_10,TREND_STRUCTURE,close_vs_ma20,0,4727,4727,-0.06717654296446228,-0.026807762695117063,-0.04235958581738312,-0.02012458073790124,-0.022235005079481878,-0.04036878026934522,-0.4137670434591405,0.8542415908610113,-0.029973297752775557,0.7424870791931342,0.0,0.0,REGIME_CONFOUNDED,market_or_temporal_direction_is_not_consistent,False
T10_GE_10,TREND_STRUCTURE,close_vs_ma60,-20,4534,4543,0.05375096630283385,0.042164189504826706,0.014062243500195899,0.002568693080096618,0.01149355042009928,0.011586776798007146,0.06683263652340603,0.934083236001698,0.012491975245044359,1.078123404188894,1.0,1.0,NO_CLEAR_SIGNAL,effect_below_predeclared_discovery_floor,False
T10_GE_10,TREND_STRUCTURE,close_vs_ma60,-10,4589,4596,0.04334622754523678,0.03881398127259927,0.006425431180250293,0.0030606023981665864,0.0033648287820837062,0.0045322462726375135,0.026695772137913187,0.9382730888048973,0.006681074319401872,1.4741198773194337,0.5,0.5,NO_CLEAR_SIGNAL,effect_below_predeclared_discovery_floor,False
T10_GE_10,TREND_STRUCTURE,close_vs_ma60,-5,4654,4658,0.01962003299221857,0.03127077408325705,-0.00634278026543807,-0.0010991569606267145,-0.005243623304811356,-0.011650741091038478,-0.07061550719444232,0.9449620016890599,-0.005985400982114049,0.5137356443975828,0.0,0.0,REGIME_CONFOUNDED,market_or_temporal_direction_is_not_consistent,False
T10_GE_10,TREND_STRUCTURE,close_vs_ma60,-3,4663,4666,0.011829826098707587,0.02585383524911771,-0.009756807921945563,-0.004967345166544867,-0.0047894627554006955,-0.014024009150410124,-0.08869053581202592,0.9539303078038444,-0.006424802268233357,0.45812878466679174,0.0,0.0,REGIME_CONFOUNDED,market_or_temporal_direction_is_not_consistent,False
T10_GE_10,TREND_STRUCTURE,close_vs_ma60,-1,4727,4727,-0.022829086523893344,0.006490658487198923,-0.02859290525889734,-0.016048038768128593,-0.012544866490768747,-0.029319745011092267,-0.18669627100242092,0.9329384387560822,-0.01971545462638357,0.6724292663160886,0.0,0.0,REGIME_CONFOUNDED,market_or_temporal_direction_is_not_consistent,False
T10_GE_10,TREND_STRUCTURE,close_vs_ma60,0,4727,4727,-0.05117381022053778,-0.00626708974274358,-0.04425414695490744,-0.02360037242440183,-0.020653774530505608,-0.044906720477794204,-0.28952006045993084,0.9196107467738523,-0.03153197435015279,0.7021660458537592,0.0,0.0,REGIME_CONFOUNDED,market_or_temporal_direction_is_not_consistent,False
T10_GE_10,TREND_STRUCTURE,distance_to_ma20,-20,4727,4727,0.015185278406418194,0.011084859381583104,0.00142213794738095,-0.002242152466367798,0.0036642904137487477,0.00410041902483509,0.04749100648538854,0.9617093293843874,0.003492482280481791,0.8517378978413679,1.0,0.5,NO_CLEAR_SIGNAL,effect_below_predeclared_discovery_floor,False
T10_GE_10,TREND_STRUCTURE,distance_to_ma20,-10,4727,4727,0.008873139243111177,0.009435526261689413,-0.003025643569267465,-0.00340938893259907,0.00038374536333160526,-0.0005623870185782354,-0.006302350228956621,0.9566321133911572,0.00043817189609696465,0.7791287523042447,0.5,0.5,NO_CLEAR_SIGNAL,effect_below_predeclared_discovery_floor,False
T10_GE_10,TREND_STRUCTURE,distance_to_ma20,-5,4727,4727,-0.010133059707817643,0.0040739133087319855,-0.011699931176875547,-0.0060027109016975114,-0.005697220275178036,-0.014206973016549627,-0.16135552713055717,0.9369579014173893,-0.009322776375180393,0.6562113100602317,0.0,0.0,REGIME_CONFOUNDED,market_or_temporal_direction_is_not_consistent,False
T10_GE_10,TREND_STRUCTURE,distance_to_ma20,-3,4727,4727,-0.013755332743622024,0.00048116907525438995,-0.014033825116948543,-0.008121009236873115,-0.0059128158800754275,-0.014236501818876413,-0.17071196142037262,0.9449968267400043,-0.008408876168923005,0.5906560667715111,0.0,0.0,REGIME_CONFOUNDED,market_or_temporal_direction_is_not_consistent,False
T10_GE_10,TREND_STRUCTURE,distance_to_ma20,-1,4727,4727,-0.04302265329405951,-0.01615765970580971,-0.02768997344797064,-0.014148790506617957,-0.013541182941352682,-0.026864993588249796,-0.28953278979176766,0.8984556801353923,-0.019315511004484504,0.7189843891469498,0.0,0.0,REGIME_CONFOUNDED,market_or_temporal_direction_is_not_consistent,False
T10_GE_10,TREND_STRUCTURE,distance_to_ma20,0,4727,4727,-0.06717654296446228,-0.026807762695117063,-0.04235958581738312,-0.02012458073790124,-0.022235005079481878,-0.04036878026934522,-0.4137670434591405,0.8542415908610113,-0.029973297752775557,0.7424870791931342,0.0,0.0,REGIME_CONFOUNDED,market_or_temporal_direction_is_not_consistent,False
T10_GE_10,TREND_STRUCTURE,ma5_slope_5,-20,4727,4727,0.011828882267664074,0.00809135007814793,0.0004368719965049371,-0.002013229795800986,0.002450101792305923,0.003737532189516144,0.057547499373215905,0.9562090120583879,0.003957498799284559,1.0588534355330572,1.0,1.0,NO_CLEAR_SIGNAL,effect_below_predeclared_discovery_floor,False
T10_GE_10,TREND_STRUCTURE,ma5_slope_5,-10,4727,4727,0.004477795206179106,0.005055483738354781,-0.0003042287800425315,-0.0007555723460520915,0.00045134356600956,-0.0005776885321756757,-0.008703029558979598,0.9699598053733869,-1.6157649856239392e-05,0.02796948347821077,0.5,0.5,NO_CLEAR_SIGNAL,effect_below_predeclared_discovery_floor,False
T10_GE_10,TREND_STRUCTURE,ma5_slope_5,-5,4727,4727,-0.003716326328146941,0.0033807263266937824,-0.006147540983606596,-0.0031387319522912073,-0.003008809031315389,-0.007097052654840723,-0.10698942117277047,0.9625555320499259,-0.004695574849054918,0.6616232226841635,0.0,0.0,REGIME_CONFOUNDED,market_or_temporal_direction_is_not_consistent,False
T10_GE_10,TREND_STRUCTURE,ma5_slope_5,-3,4727,4727,-0.012383780617105938,-0.00048778498728593416,-0.009961685823754849,-0.0055420852095601015,-0.004419600614194747,-0.011895995629820005,-0.18465429748359785,0.950920245398773,-0.00736949556683786,0.6194938024661468,0.0,0.0,REGIME_CONFOUNDED,market_or_temporal_direction_is_not_consistent,False
T10_GE_10,TREND_STRUCTURE,ma5_slope_5,-1,4727,4727,-0.023515823365185658,-0.005864817502201619,-0.015969162995594668,-0.007385229540918254,-0.008583933454676413,-0.01765100586298404,-0.2714122557349824,0.9115718214512376,-0.011846386899221613,0.6711451455616303,0.0,0.0,REGIME_CONFOUNDED,market_or_temporal_direction_is_not_consistent,False
T10_GE_10,TREND_STRUCTURE,ma5_slope_5,0,4727,4727,-0.033403907866460525,-0.01206431228687378,-0.02274124154886289,-0.01091081593927879,-0.011830425609584102,-0.021339595579586743,-0.3254488387250834,0.8899936534800084,-0.015495983737544478,0.7261610783461985,0.0,0.0,REGIME_CONFOUNDED,market_or_temporal_direction_is_not_consistent,False
T10_GE_10,TREND_STRUCTURE,ma20_slope_5,-20,4727,4727,0.008492538472241379,0.007657460431563017,0.002395553852050594,0.0013936068286735793,0.0010019470233770147,0.0008350780406783621,0.02236592313309196,0.964671038713772,0.0011594739890883297,1.3884618354309135,0.5,0.5,NO_CLEAR_SIGNAL,effect_below_predeclared_discovery_floor,False
T10_GE_10,TREND_STRUCTURE,ma20_slope_5,-10,4727,4727,0.006597188604359692,0.005860667857984946,0.0007543611504007544,0.00034946706272939243,0.00040489408767136197,0.0007365207463747459,0.01970605286978295,0.961920880050772,0.0008806637007919885,1.195707935080897,1.0,0.5,NO_CLEAR_SIGNAL,effect_below_predeclared_discovery_floor,False
T10_GE_10,TREND_STRUCTURE,ma20_slope_5,-5,4727,4727,0.002992289339658205,0.00412064952257184,-0.0015445719329214224,-0.001036806635562556,-0.0005077652973588663,-0.0011283601829136345,-0.029809359465292326,0.9653056907129257,-0.0007203904794562637,0.6384401810387197,0.0,0.5,REGIME_CONFOUNDED,market_or_temporal_direction_is_not_consistent,False
T10_GE_10,TREND_STRUCTURE,ma20_slope_5,-3,4727,4727,-0.00018987151453491555,0.0027759957975919303,-0.0033328704346619786,-0.0017682643089809002,-0.0015646061256810785,-0.0029658673121268457,-0.07905635325116162,0.9644594880473873,-0.0020495727147879566,0.6910534083597262,0.0,0.0,REGIME_CONFOUNDED,market_or_temporal_direction_is_not_consistent,False
T10_GE_10,TREND_STRUCTURE,ma20_slope_5,-1,4727,4727,-0.004725052690009376,0.0008190394136937445,-0.006057852491291923,-0.0027605244996548213,-0.0032973279916371015,-0.00554409210370312,-0.14986674290614582,0.947746985403004,-0.004091161631704185,0.7379317578384988,0.0,0.0,REGIME_CONFOUNDED,market_or_temporal_direction_is_not_consistent,False
T10_GE_10,TREND_STRUCTURE,ma20_slope_5,0,4727,4727,-0.008365246663183326,-0.000896643999798167,-0.008260821676396078,-0.0037034449025225426,-0.004557376773873535,-0.007468602663385159,-0.20297045725845975,0.929765178760313,-0.005640736578415087,0.7552599639647201,0.0,0.0,REGIME_CONFOUNDED,market_or_temporal_direction_is_not_consistent,False
T10_GE_10,TREND_STRUCTURE,ma60_slope_5,-20,4502,4511,0.008133813470824357,0.00619500552702864,0.0032825675051953076,0.000739580614286841,0.0025429868909084665,0.0019388079437957168,0.0810344362871883,0.9274858603693563,0.0023190638994478934,1.1961287382120622,1.0,1.0,NO_CLEAR_SIGNAL,effect_below_predeclared_discovery_floor,False
T10_GE_10,TREND_STRUCTURE,ma60_slope_5,-10,4550,4558,0.007379797241278879,0.005787288542893932,0.002942713364984484,0.0008945894110615749,0.002048123953922909,0.0015925086983849474,0.06813658072752515,0.9235987443885643,0.0020740056632985357,1.3023512307354437,1.0,1.0,NO_CLEAR_SIGNAL,effect_below_predeclared_discovery_floor,False
T10_GE_10,TREND_STRUCTURE,ma60_slope_5,-5,4589,4596,0.005879882833164061,0.005280003526147247,0.0021131597020444745,0.0004771890789196608,0.0016359706231248137,0.0005998793070168132,0.026488599782797783,0.9234739636406808,0.0013855675596253338,2.3097438825081853,0.5,0.5,NO_CLEAR_SIGNAL,effect_below_predeclared_discovery_floor,False
T10_GE_10,TREND_STRUCTURE,ma60_slope_5,-3,4610,4616,0.005085262239661395,0.005054999026618751,0.0015621509924510757,0.00029986065283523595,0.00126229033961584,3.026321304264428e-05,0.0013495181895132212,0.9281679868569945,0.0009531830145230033,31.496424823757508,0.5,0.0,REGIME_CONFOUNDED,market_or_temporal_direction_is_not_consistent,False
T10_GE_10,TREND_STRUCTURE,ma60_slope_5,-1,4631,4636,0.0037022928295153443,0.004495241140942041,0.0005448477831505223,0.00012286276789264327,0.000421985015257879,-0.0007929483114266964,-0.03579901083592289,0.9285786282152632,0.00022010152203722454,0.27757360582710777,0.0,0.0,REGIME_CONFOUNDED,market_or_temporal_direction_is_not_consistent,False
T10_GE_10,TREND_STRUCTURE,ma60_slope_5,0,4654,4658,0.0024687200938517,0.0038557987853138844,-0.0002802365472764545,-0.000430506847368155,0.0001502703000917005,-0.0013870786914621843,-0.06356763118148107,0.9259942139459808,-0.0002995741768952498,0.21597489654999652,0.0,0.0,REGIME_CONFOUNDED,market_or_temporal_direction_is_not_consistent,False
T10_GE_10,TREND_STRUCTURE,ma_alignment_bullish,-20,4727,4727,0.187856991749524,0.1694520837740639,0.0,0.0,0.0,0.0184049079754601,0.048060584693668876,0.98159509202454,0.022997620935765267,1.249537404176581,1.0,0.5,NO_CLEAR_SIGNAL,effect_below_predeclared_discovery_floor,False
T10_GE_10,TREND_STRUCTURE,ma_alignment_bullish,-10,4727,4727,0.18743389041675482,0.16860588110852548,0.0,0.0,0.0,0.018828009308229338,0.04923467144154003,0.9811719906917706,0.02352630187681734,1.2495374041765783,1.0,0.5,NO_CLEAR_SIGNAL,effect_below_predeclared_discovery_floor,False
T10_GE_10,TREND_STRUCTURE,ma_alignment_bullish,-5,4727,4727,0.14004654114660461,0.15400888512798816,0.0,0.0,0.0,-0.013962343981383546,-0.0394344397550739,0.9860376560186165,-0.01744647105471847,1.2495374041765785,0.0,0.0,REGIME_CONFOUNDED,market_or_temporal_direction_is_not_consistent,False
T10_GE_10,TREND_STRUCTURE,ma_alignment_bullish,-3,4727,4727,0.12333403850222129,0.15147027713137295,0.0,0.0,0.0,-0.02813623862915167,-0.08179523014551791,0.9718637613708483,-0.035157282579963,1.2495374041765803,0.0,0.0,REGIME_CONFOUNDED,market_or_temporal_direction_is_not_consistent,False
T10_GE_10,TREND_STRUCTURE,ma_alignment_bullish,-1,4727,4727,0.07785064522953247,0.13200761582398984,0.0,0.0,0.0,-0.05415697059445737,-0.1774106056657318,0.9458430294055425,-0.04017975151995771,0.7419128337298441,0.0,0.0,REGIME_CONFOUNDED,market_or_temporal_direction_is_not_consistent,False
T10_GE_10,TREND_STRUCTURE,ma_alignment_bullish,0,4727,4727,0.039983075946689234,0.10831394118891474,0.0,0.0,0.0,-0.06833086524222551,-0.2630382992815159,0.9316691347577745,-0.010573618821041502,0.154741474201434,0.0,0.0,REGIME_CONFOUNDED,market_or_temporal_direction_is_not_consistent,False
T10_GE_10,TREND_STRUCTURE,ma_alignment_bearish,-20,4727,4727,0.15527818912629573,0.1683943304421409,0.0,0.0,0.0,-0.013116141315845153,-0.03561825156257178,0.9868838586841548,-0.016389109172614325,1.2495374041765783,0.5,0.5,NO_CLEAR_SIGNAL,effect_below_predeclared_discovery_floor,False
T10_GE_10,TREND_STRUCTURE,ma_alignment_bearish,-10,4727,4727,0.17347154643537127,0.17156759043790987,0.0,0.0,0.0,0.001903955997461404,0.005039184250316646,0.9980960440025386,0.0023790642347343433,1.2495374041765743,0.5,0.5,NO_CLEAR_SIGNAL,effect_below_predeclared_discovery_floor,False
T10_GE_10,TREND_STRUCTURE,ma_alignment_bearish,-5,4727,4727,0.20626189972498413,0.1891262957478316,0.0,0.0,0.0,0.017135603977152525,0.04303611833698431,0.9828643960228475,0.021411578112609034,1.2495374041765792,1.0,0.5,NO_CLEAR_SIGNAL,effect_below_predeclared_discovery_floor,False
T10_GE_10,TREND_STRUCTURE,ma_alignment_bearish,-3,4727,4727,0.21176221705098372,0.19801142373598477,0.0,0.0,0.0,0.013750793314998955,0.03407369923308565,0.986249206685001,0.017182130584192448,1.249537404176579,1.0,1.0,NO_CLEAR_SIGNAL,effect_below_predeclared_discovery_floor,False
T10_GE_10,TREND_STRUCTURE,ma_alignment_bearish,-1,4727,4727,0.2762851702982864,0.23101332769198224,0.0,0.0,0.0,0.04527184260630418,0.10419057032270317,0.9547281573936958,0.056568860692572026,1.24953740417658,1.0,1.0,PROMISING_DISCOVERY_SIGNAL,bounded_effect_requires_confirmatory_research,False
T10_GE_10,TREND_STRUCTURE,ma_alignment_bearish,0,4727,4727,0.32409562090120586,0.2597842183202877,0.0,0.0,0.0,0.06431140258091816,0.14180616174675062,0.9356885974190818,0.0803595030399154,1.2495374041765785,1.0,1.0,PROMISING_DISCOVERY_SIGNAL,bounded_effect_requires_confirmatory_research,False
T10_GE_10,MOMENTUM,RAW_CLOSE_RETURN_5D,-20,4727,4727,0.010649145010207015,0.004827755360554416,0.0,-0.0038022813688212928,0.0038022813688212928,0.005821389649652599,0.07288101597857313,0.9661518933784641,0.004613262196465397,0.79246751619533,1.0,1.0,NO_CLEAR_SIGNAL,effect_below_predeclared_discovery_floor,False
T10_GE_10,MOMENTUM,RAW_CLOSE_RETURN_5D,-10,4727,4727,0.007197654357288568,0.008081149055612614,0.0,-0.002631578947368421,0.002631578947368421,-0.0008834946983240465,-0.010463297724467887,0.9547281573936957,0.0012209748717919083,1.3819832468808788,0.0,0.0,REGIME_CONFOUNDED,market_or_temporal_direction_is_not_consistent,False
T10_GE_10,MOMENTUM,RAW_CLOSE_RETURN_5D,-5,4727,4727,-0.013778029350433351,0.0012711286557277393,-0.011570247933884297,-0.006402048655569782,-0.005168199278314515,-0.01504915800616109,-0.18950811620855873,0.94203511741062,-0.009371581654838625,0.6227312950666024,0.0,0.0,REGIME_CONFOUNDED,market_or_temporal_direction_is_not_consistent,False
T10_GE_10,MOMENTUM,RAW_CLOSE_RETURN_5D,-3,4727,4727,-0.015860396959385317,-0.0016443696070449522,-0.013513513513513514,-0.007575757575757576,-0.005937755937755938,-0.014216027352340364,-0.18987227277958915,0.9287074254283901,-0.009617221516462436,0.6765055579946648,0.0,0.0,REGIME_CONFOUNDED,market_or_temporal_direction_is_not_consistent,False
T10_GE_10,MOMENTUM,RAW_CLOSE_RETURN_5D,-1,4727,4727,-0.04070460880399861,-0.01681811730247525,-0.026634382566585957,-0.013333333333333334,-0.013301049233252623,-0.023886491501523357,-0.2881856233074519,0.8893590014808547,-0.016974199263683112,0.7106191908761731,0.0,0.0,REGIME_CONFOUNDED,market_or_temporal_direction_is_not_consistent,False
T10_GE_10,MOMENTUM,RAW_CLOSE_RETURN_5D,0,4727,4727,-0.06405733027853959,-0.02982137501389476,-0.04580152671755725,-0.022222222222222223,-0.02357930449533503,-0.03423595526464483,-0.4027955211243372,0.8455680135392426,-0.0273675853256837,0.7993813846913733,0.0,0.0,REGIME_CONFOUNDED,market_or_temporal_direction_is_not_consistent,False
T10_GE_10,MOMENTUM,RAW_CLOSE_RETURN_20D,-20,4727,4727,0.03724997409365409,0.03293539089280426,0.0022123893805309734,0.0,0.0022123893805309734,0.004314583200849827,0.025404852599639958,0.9534588533953882,0.0036472326194120774,0.8453267557092644,1.0,0.5,NO_CLEAR_SIGNAL,effect_below_predeclared_discovery_floor,False
T10_GE_10,MOMENTUM,RAW_CLOSE_RETURN_20D,-10,4727,4727,0.036340411435781456,0.03328595994142237,0.002173913043478261,0.0,0.002173913043478261,0.003054451494359088,0.01741261883014133,0.9638248360482335,0.003879221958037112,1.2700224459943779,0.5,0.5,NO_CLEAR_SIGNAL,effect_below_predeclared_discovery_floor,False
T10_GE_10,MOMENTUM,RAW_CLOSE_RETURN_20D,-5,4727,4727,0.009172063714336723,0.020230025779326283,-0.013605442176870748,-0.005934718100890208,-0.00767072407598054,-0.01105796206498956,-0.06496213390426277,0.9513433467315423,-0.008935635768181321,0.808072564878143,0.0,0.0,REGIME_CONFOUNDED,market_or_temporal_direction_is_not_consistent,False
T10_GE_10,MOMENTUM,RAW_CLOSE_RETURN_20D,-3,4727,4727,-0.0025352285090030615,0.014898858590607184,-0.019969278033794162,-0.00927643784786642,-0.010692840185927742,-0.017434087099610245,-0.10661450823830936,0.9504971440660039,-0.012351819759543825,0.7084867529324184,0.0,0.0,REGIME_CONFOUNDED,market_or_temporal_direction_is_not_consistent,False
T10_GE_10,MOMENTUM,RAW_CLOSE_RETURN_20D,-1,4727,4727,-0.03646279486204173,-0.0017877187052164623,-0.03879310344827586,-0.01642710472279261,-0.022365998725483255,-0.03467507615682527,-0.21472901408517617,0.9306113814258513,-0.026984755044683048,0.7782176143648211,0.0,0.0,REGIME_CONFOUNDED,market_or_temporal_direction_is_not_consistent,False
T10_GE_10,MOMENTUM,RAW_CLOSE_RETURN_20D,0,4727,4727,-0.0657635897016914,-0.01429720844382485,-0.054634146341463415,-0.024134312696747113,-0.0304998336447163,-0.051466381257866546,-0.3189974399746642,0.8929553628093928,-0.03919582541776967,0.7615811420931923,0.0,0.0,REGIME_CONFOUNDED,market_or_temporal_direction_is_not_consistent,False
T10_GE_10,MOMENTUM,RSI14,-20,4727,4727,51.317905467135034,50.44524167384282,50.404335359427705,49.72875444760724,0.6755809118204681,0.8726637932922117,0.07231500862856391,0.9665749947112335,0.8145922815660356,0.9334548858649269,1.0,0.5,NO_CLEAR_SIGNAL,effect_below_predeclared_discovery_floor,False
T10_GE_10,MOMENTUM,RSI14,-10,4727,4727,50.605468887349296,50.30850935439338,49.70665349316981,49.23686371316923,0.4697897800005819,0.2969595329559169,0.024579232680554793,0.9769409773640786,0.3253001877450856,1.0954360835197563,1.0,0.5,NO_CLEAR_SIGNAL,effect_below_predeclared_discovery_floor,False
T10_GE_10,MOMENTUM,RSI14,-5,4727,4727,48.12986703677974,49.437965077049654,48.10143646473252,48.782336956053406,-0.6809004913208838,-1.3080980402699112,-0.10523909577871733,0.9606515760524644,-1.0131542696301352,0.7745247209613451,0.0,0.0,REGIME_CONFOUNDED,market_or_temporal_direction_is_not_consistent,False
T10_GE_10,MOMENTUM,RSI14,-3,4727,4727,47.96322964851616,48.994910407787636,47.57974833163155,48.36525305917504,-0.7855047275434899,-1.0316807592714738,-0.08798728026047827,0.9420351174106196,-0.9299063596096175,0.9013508793808225,0.0,0.0,REGIME_CONFOUNDED,market_or_temporal_direction_is_not_consistent,False
T10_GE_10,MOMENTUM,RSI14,-1,4727,4727,44.41264576151305,47.11126411657223,45.19749889339977,47.07292998726188,-1.8754310938621117,-2.698618355059182,-0.213713741818726,0.9162259361116988,-2.3637271138003157,0.8759027038295225,0.0,0.0,REGIME_CONFOUNDED,market_or_temporal_direction_is_not_consistent,False
T10_GE_10,MOMENTUM,RSI14,0,4727,4727,41.527568774176316,45.960144625836534,42.674402622331414,46.01503054193451,-3.3406279196030937,-4.432575851660218,-0.3571587149721195,0.8684154855087795,-3.8340045346701146,0.864960840598834,0.0,0.0,REGIME_CONFOUNDED,market_or_temporal_direction_is_not_consistent,False
T10_GE_10,MOMENTUM,MACD_12_26_9,-20,4727,4727,5.196501722480709,3.2505460228580936,0.11314700674204105,0.020229808057611726,0.09291719868442933,1.945955699622615,0.0540442480226929,0.9818066426909245,0.32662477147717284,0.16784799959244506,1.0,1.0,NO_CLEAR_SIGNAL,effect_below_predeclared_discovery_floor,False
T10_GE_10,MOMENTUM,MACD_12_26_9,-10,4727,4727,4.394866131502182,2.954693969895242,0.040066753459601416,0.018615074858266644,0.021451678601334772,1.4401721616069398,0.04141861732425919,0.9868838586841548,0.2400316185636872,0.16666869764782888,1.0,0.5,NO_CLEAR_SIGNAL,effect_below_predeclared_discovery_floor,False
T10_GE_10,MOMENTUM,MACD_12_26_9,-5,4727,4727,3.043238766160496,2.618885191548415,-0.043357581684843466,-0.028527679391161735,-0.01482990229368173,0.424353574612081,0.011983256662611361,0.9900571186799239,-0.0027159925079720537,0.006400305477466176,1.0,0.5,NO_CLEAR_SIGNAL,effect_below_predeclared_discovery_floor,False
T10_GE_10,MOMENTUM,MACD_12_26_9,-3,4727,4727,2.324453474221374,2.4429007337501556,-0.10078231037029936,-0.06510229052322429,-0.03568001984707507,-0.11844725952878177,-0.0034105485884078747,0.9892109160143854,-0.12209048334916851,1.0307581942788762,0.5,0.5,NO_CLEAR_SIGNAL,effect_below_predeclared_discovery_floor,False
T10_GE_10,MOMENTUM,MACD_12_26_9,-1,4727,4727,0.7891984471083433,1.9422195638688178,-0.21688859210529804,-0.13255372715850597,-0.08433486494679207,-1.1530211167604745,-0.03473642347463892,0.9919610746773851,-0.3465581025820554,0.30056526939918,0.0,0.0,REGIME_CONFOUNDED,market_or_temporal_direction_is_not_consistent,False
T10_GE_10,MOMENTUM,MACD_12_26_9,0,4727,4727,-0.5330571025650805,1.4162694983035597,-0.34753547563087905,-0.18356929284387993,-0.16396618278699912,-1.9493266008686403,-0.06039244626414619,0.9767294266976941,-0.5310810773505785,0.2724433540864436,0.0,0.0,REGIME_CONFOUNDED,market_or_temporal_direction_is_not_consistent,False
T10_GE_10,MOMENTUM,MACD_SIGNAL_12_26_9,-20,4727,4727,5.037548595745456,3.1186657306727392,0.14890192053595103,0.05204155052315953,0.09686037001279149,1.9188828650727165,0.05665085651652919,0.9790564840279248,0.2904547901748189,0.15136660786421272,1.0,1.0,NO_CLEAR_SIGNAL,effect_below_predeclared_discovery_floor,False
T10_GE_10,MOMENTUM,MACD_SIGNAL_12_26_9,-10,4727,4727,4.747839956455257,3.0924968158078316,0.0728284366158542,0.017296736031659828,0.05553170058419437,1.6553431406474255,0.048782694185359514,0.9784218320287709,0.26649891141012744,0.16099315293981667,1.0,1.0,NO_CLEAR_SIGNAL,effect_below_predeclared_discovery_floor,False
T10_GE_10,MOMENTUM,MACD_SIGNAL_12_26_9,-5,4727,4727,3.9256674811550885,2.854459255035078,0.02381465373496116,0.00862910649184814,0.01518554724311302,1.0712082261200107,0.03174546097596819,0.9731330653691558,0.16964354169327156,0.15836654121648416,1.0,0.5,NO_CLEAR_SIGNAL,effect_below_predeclared_discovery_floor,False
T10_GE_10,MOMENTUM,MACD_SIGNAL_12_26_9,-3,4727,4727,3.411897266054125,2.721404088187331,-0.01794144113584463,-0.014384148858821558,-0.0035572922770230712,0.6904931778667942,0.020482376100984658,0.9917495240110005,0.06800268495051554,0.09848422421869923,1.0,0.5,NO_CLEAR_SIGNAL,effect_below_predeclared_discovery_floor,False
T10_GE_10,MOMENTUM,MACD_SIGNAL_12_26_9,-1,4727,4727,2.609425567383739,2.494085713133701,-0.08311192964365009,-0.04556802554207664,-0.037543904101573454,0.1153398542500379,0.003479101367047591,0.9892109160143853,-0.0637438387352266,0.5526609960598736,1.0,0.5,NO_CLEAR_SIGNAL,effect_below_predeclared_discovery_floor,False
T10_GE_10,MOMENTUM,MACD_SIGNAL_12_26_9,0,4727,4727,1.980929033393975,2.278522470167673,-0.13787676731306622,-0.08779689937621403,-0.05007986793685219,-0.2975934367736979,-0.009131745612437748,0.9837105986883858,-0.15682938721755105,0.5269920900063749,0.0,0.5,REGIME_CONFOUNDED,market_or_temporal_direction_is_not_consistent,False
T10_GE_10,MOMENTUM,MACD_HISTOGRAM_12_26_9,-20,4727,4727,0.1589531267352531,0.1318802921853543,-0.0007308185777414539,-0.0015014718416964444,0.0007706532639549905,0.02707283454989881,0.003377347604800415,0.9818066426909245,0.005704621028052078,0.21071384370697158,0.5,0.5,NO_CLEAR_SIGNAL,effect_below_predeclared_discovery_floor,False
T10_GE_10,MOMENTUM,MACD_HISTOGRAM_12_26_9,-10,4727,4727,-0.3529738249530751,-0.13780284591258937,-0.01722212891311409,-0.003701904110173853,-0.013520224802940238,-0.21517097904048574,-0.02444082632642637,0.9828643960228475,-0.04029469476584714,0.18726825962094754,0.0,0.0,REGIME_CONFOUNDED,market_or_temporal_direction_is_not_consistent,False
T10_GE_10,MOMENTUM,MACD_HISTOGRAM_12_26_9,-5,4727,4727,-0.8824287149945923,-0.2355740634866627,-0.06416390728228925,-0.01867732314753591,-0.045486584134753344,-0.6468546515079296,-0.0703292456622839,0.9875185106833086,-0.14379430789513598,0.22229771025055886,0.0,0.0,REGIME_CONFOUNDED,market_or_temporal_direction_is_not_consistent,False
T10_GE_10,MOMENTUM,MACD_HISTOGRAM_12_26_9,-3,4727,4727,-1.0874437918327515,-0.27850335443717544,-0.089634018530607,-0.028136979137851417,-0.06149703939275558,-0.8089404373955761,-0.09896619622208501,0.9820181933573091,-0.18815420747391423,0.23259340091797864,0.0,0.0,REGIME_CONFOUNDED,market_or_temporal_direction_is_not_consistent,False
T10_GE_10,MOMENTUM,MACD_HISTOGRAM_12_26_9,-1,4727,4727,-1.8202271202753955,-0.5518661492648834,-0.18368761067648245,-0.05901064945276433,-0.12467696122371813,-1.268360971010512,-0.14287447834575226,0.9574783160566955,-0.3053828362926818,0.2407696572761784,0.0,0.0,REGIME_CONFOUNDED,market_or_temporal_direction_is_not_consistent,False
T10_GE_10,MOMENTUM,MACD_HISTOGRAM_12_26_9,0,4727,4727,-2.5139861359590556,-0.8622529718641132,-0.2924764069615713,-0.09215922494510405,-0.20031718201646725,-1.6517331640949424,-0.16326346795309366,0.9805373386926169,-0.4363523420318,0.2641784711460321,0.0,0.0,REGIME_CONFOUNDED,market_or_temporal_direction_is_not_consistent,False
T10_GE_10,MOMENTUM,rsi_change_5,-20,4727,4727,-0.1025030232411617,-0.6983728431180086,-0.3681875387702007,-1.1308313786591953,0.7626438398889945,0.595869819876847,0.06054879864052031,0.9680558493759256,0.5782363274512003,0.9704071395505631,1.0,1.0,NO_CLEAR_SIGNAL,effect_below_predeclared_discovery_floor,False
T10_GE_10,MOMENTUM,rsi_change_5,-10,4727,4727,0.07561550496058309,0.10024055367132675,-0.07271323597594659,-0.38915416003618475,0.31644092406023816,-0.02462504871074367,-0.0024441981157419805,0.9667865453776179,0.1300390609401701,5.280763602446615,0.5,0.0,REGIME_CONFOUNDED,market_or_temporal_direction_is_not_consistent,False
T10_GE_10,MOMENTUM,rsi_change_5,-5,4727,4727,-2.4756018505695527,-0.8705442773437256,-2.195502450719026,-1.132522835298694,-1.062979615420332,-1.6050575732258272,-0.15823790807245683,0.9356885974190818,-1.2486557974765282,0.777950784012684,0.0,0.0,REGIME_CONFOUNDED,market_or_temporal_direction_is_not_consistent,False
T10_GE_10,MOMENTUM,rsi_change_5,-3,4727,4727,-2.159437097684623,-0.9752238387844827,-2.3599153474887586,-1.309408734424096,-1.0505066130646625,-1.1842132589001404,-0.12259095678688856,0.919822297440237,-1.0626962998444187,0.8973859158032205,0.0,0.0,REGIME_CONFOUNDED,market_or_temporal_direction_is_not_consistent,False
T10_GE_10,MOMENTUM,rsi_change_5,-1,4727,4727,-4.524987198042313,-2.3336660313096074,-4.202438904815068,-2.577833466741481,-1.624605438073587,-2.1913211667327053,-0.22355986457898633,0.897609477469854,-1.94637644889574,0.8882205303560401,0.0,0.0,REGIME_CONFOUNDED,market_or_temporal_direction_is_not_consistent,False
T10_GE_10,MOMENTUM,rsi_change_5,0,4727,4727,-6.602298262603428,-3.4778204512131166,-6.466297770411721,-3.8345096307777062,-2.631788139634015,-3.1244778113903116,-0.3329729546652751,0.8648191241802412,-2.864970058092004,0.9169436401973252,0.0,0.0,REGIME_CONFOUNDED,market_or_temporal_direction_is_not_consistent,False
T10_GE_10,MOMENTUM,macd_hist_change_5,-20,4727,4727,-0.03762423652079375,0.06736675800190772,-0.0014241328649347296,-0.017763396291370706,0.016339263426435977,-0.10499099452270147,-0.012185982322319246,0.9832874973556167,0.039721316224515205,0.37833069783834217,0.0,0.0,REGIME_CONFOUNDED,market_or_temporal_direction_is_not_consistent,False
T10_GE_10,MOMENTUM,macd_hist_change_5,-10,4727,4727,-0.27224693036488035,-0.16779477243421015,0.01772966812335966,0.008999764142102112,0.008729903981257548,-0.1044521579306702,-0.013263374214980457,0.9771525280304634,-0.001192232648905175,0.01141415048309979,0.5,0.0,REGIME_CONFOUNDED,market_or_temporal_direction_is_not_consistent,False
T10_GE_10,MOMENTUM,macd_hist_change_5,-5,4727,4727,-0.5294548900415172,-0.09777121757407332,-0.04778101318271949,-0.01972826555761964,-0.02805274762509985,-0.43168367246744394,-0.050065520538515894,0.9581129680558494,-0.11576497853789702,0.2681708526898886,0.0,0.0,REGIME_CONFOUNDED,market_or_temporal_direction_is_not_consistent,False
T10_GE_10,MOMENTUM,macd_hist_change_5,-3,4727,4727,-0.5499344368071141,-0.13244758363898157,-0.06225471194145985,-0.02245992985049125,-0.0397947820909686,-0.4174868531681325,-0.05996876618743004,0.9824412946900782,-0.13039180431940656,0.31232553391781775,0.0,0.0,REGIME_CONFOUNDED,market_or_temporal_direction_is_not_consistent,False
T10_GE_10,MOMENTUM,macd_hist_change_5,-1,4727,4727,-1.043214277093993,-0.31459284154380385,-0.11688311647226364,-0.04357998119265882,-0.07330313527960482,-0.7286214355501891,-0.09037090573492179,0.9889993653480008,-0.19825904235315572,0.27210157796613327,0.0,0.5,REGIME_CONFOUNDED,market_or_temporal_direction_is_not_consistent,False
T10_GE_10,MOMENTUM,macd_hist_change_5,0,4727,4727,-1.6315574209644632,-0.6266789083774505,-0.20731212782013125,-0.08493611321651917,-0.12237601460361208,-1.0048785125870126,-0.11927315282442677,0.9767294266976941,-0.2788377969897788,0.2774840873768153,0.0,0.0,REGIME_CONFOUNDED,market_or_temporal_direction_is_not_consistent,False
T10_GE_10,VOLUME_PARTICIPATION,VOLUME_MA5,-20,4727,4727,7998896.170382907,6135858.1882800935,1538850.4,1293800.0,245050.3999999999,1863037.9821028132,0.07214044286375058,0.9942881320076158,579277.5941845095,0.3109317146238093,1.0,1.0,NO_CLEAR_SIGNAL,effect_below_predeclared_discovery_floor,False
T10_GE_10,VOLUME_PARTICIPATION,VOLUME_MA5,-10,4727,4727,7462931.733826951,6393005.802242437,1557898.0,1365600.0,192298.0,1069925.9315845137,0.04242576627445919,0.9978844933361541,481187.1276764469,0.449738728141517,1.0,1.0,NO_CLEAR_SIGNAL,effect_below_predeclared_discovery_floor,False
T10_GE_10,VOLUME_PARTICIPATION,VOLUME_MA5,-5,4727,4727,7230766.1273958115,6332315.434059657,1560292.8,1394645.6,165647.19999999995,898450.6933361543,0.04000209957125138,0.9940765813412312,292308.7876817342,0.32534761211694807,1.0,1.0,NO_CLEAR_SIGNAL,effect_below_predeclared_discovery_floor,False
T10_GE_10,VOLUME_PARTICIPATION,VOLUME_MA5,-3,4727,4727,6768099.493759255,6211843.709075524,1448234.4,1416400.0,31834.399999999907,556255.7846837314,0.025910186540943056,0.9951343346731542,132398.84187153075,0.23801791463042193,1.0,1.0,NO_CLEAR_SIGNAL,effect_below_predeclared_discovery_floor,False
T10_GE_10,VOLUME_PARTICIPATION,VOLUME_MA5,-1,4727,4727,6123692.62843241,5995480.9768140465,1352649.0,1381400.0,-28751.0,128211.65161836334,0.006587208518715298,0.9944996826740004,-4929.157176843844,0.03844546977302847,0.5,1.0,NO_CLEAR_SIGNAL,effect_below_predeclared_discovery_floor,False
T10_GE_10,VOLUME_PARTICIPATION,VOLUME_MA5,0,4727,4727,5933652.649925957,5949099.335942458,1315584.2,1379400.0,-63815.80000000005,-15446.686016500928,-0.0008024866722269691,0.9957689866723081,-60905.58382236352,3.9429547384663035,0.5,0.0,REGIME_CONFOUNDED,market_or_temporal_direction_is_not_consistent,False
T10_GE_10,VOLUME_PARTICIPATION,VOLUME_MA20,-20,4727,4727,7819736.632420139,6117084.217601015,1768818.8,1527188.8,241630.0,1702652.4148191242,0.0736378081392176,0.9955574360059234,624604.8169442238,0.3668422348025605,1.0,1.0,NO_CLEAR_SIGNAL,effect_below_predeclared_discovery_floor,False
T10_GE_10,VOLUME_PARTICIPATION,VOLUME_MA20,-10,4727,4727,7702683.046192088,6218469.010239053,1808323.3,1552235.9,256087.40000000014,1484214.0359530356,0.06603771490442086,0.9934419293420774,545777.6838487969,0.36772168341498335,1.0,1.0,NO_CLEAR_SIGNAL,effect_below_predeclared_discovery_floor,False
T10_GE_10,VOLUME_PARTICIPATION,VOLUME_MA20,-5,4727,4727,7610903.716479797,6307454.738660884,1805301.75,1530765.9,274535.8500000001,1303448.9778189128,0.05779468376625753,0.995134334673154,474207.3533042562,0.36380967830268035,1.0,1.0,NO_CLEAR_SIGNAL,effect_below_predeclared_discovery_floor,False
T10_GE_10,VOLUME_PARTICIPATION,VOLUME_MA20,-3,4727,4727,7435373.0221282,6296577.786217474,1777200.0,1533174.45,244025.55000000005,1138795.2359107258,0.051651650370519706,0.9951343346731543,405167.21230504895,0.35578583359722754,1.0,1.0,NO_CLEAR_SIGNAL,effect_below_predeclared_discovery_floor,False
T10_GE_10,VOLUME_PARTICIPATION,VOLUME_MA20,-1,4727,4727,7186197.977491009,6275134.342468796,1731861.25,1547819.25,184042.0,911063.6350222128,0.04284213960886887,0.9934419293420774,306651.6072825799,0.3365863760714183,1.0,1.0,NO_CLEAR_SIGNAL,effect_below_predeclared_discovery_floor,False
T10_GE_10,VOLUME_PARTICIPATION,VOLUME_MA20,0,4727,4727,7094592.836365559,6260765.025576476,1725930.85,1544879.55,181051.30000000005,833827.8107890831,0.03981845833583689,0.9959805373386927,275654.867089611,0.3305896775363588,1.0,1.0,NO_CLEAR_SIGNAL,effect_below_predeclared_discovery_floor,False
T10_GE_10,VOLUME_PARTICIPATION,VOLUME_RATIO_20,-20,4727,4727,1.0721880559961237,1.069257054393335,0.7752822318064878,0.7831409403917285,-0.007858708585240737,0.0029310016027885855,0.0028216060958805834,0.9860376560186163,-0.009649112361884926,3.292087030148554,0.5,0.0,REGIME_CONFOUNDED,market_or_temporal_direction_is_not_consistent,False
T10_GE_10,VOLUME_PARTICIPATION,VOLUME_RATIO_20,-10,4727,4727,1.0517521316984737,1.0886868464701147,0.7860624148337638,0.7876483491620094,-0.0015859343282456084,-0.03693471477164101,-0.03558364015723831,0.9862492066850013,-0.009151369280832822,0.24777148916442618,0.0,0.0,REGIME_CONFOUNDED,market_or_temporal_direction_is_not_consistent,False
T10_GE_10,VOLUME_PARTICIPATION,VOLUME_RATIO_20,-5,4727,4727,1.0098210179220826,1.1041734252745738,0.7711083686885308,0.8156593846511024,-0.044551015962571605,-0.09435240735249129,-0.09783115336081409,0.9621324307171569,-0.05088550049552443,0.5393132186380918,0.0,0.0,REGIME_CONFOUNDED,market_or_temporal_direction_is_not_consistent,False
T10_GE_10,VOLUME_PARTICIPATION,VOLUME_RATIO_20,-3,4727,4727,0.8845910343374461,1.031658413377849,0.6942793809449179,0.7492625368731564,-0.054983155928238436,-0.1470673790404029,-0.16578637080166292,0.9306113814258515,-0.08737275106048781,0.5941001439651987,0.0,0.0,REGIME_CONFOUNDED,market_or_temporal_direction_is_not_consistent,False
T10_GE_10,VOLUME_PARTICIPATION,VOLUME_RATIO_20,-1,4727,4727,0.9190049019626105,1.0472039538444504,0.7129996398991718,0.7581227436823105,-0.04512310378313866,-0.1281990518818399,-0.1444976129314896,0.9447852760736198,-0.07878799381379598,0.6145754797501489,0.0,0.0,REGIME_CONFOUNDED,market_or_temporal_direction_is_not_consistent,False
T10_GE_10,VOLUME_PARTICIPATION,VOLUME_RATIO_20,0,4727,4727,0.9677439600521693,1.0752566270932402,0.7458009526197041,0.7912457912457912,-0.04544483862608706,-0.10751266704107088,-0.11909643489368556,0.9634017347154643,-0.0660270203566673,0.6141324754918818,0.0,0.0,REGIME_CONFOUNDED,market_or_temporal_direction_is_not_consistent,False
T10_GE_10,VOLUME_PARTICIPATION,volume_ratio_5_to_20,-20,4727,4727,1.026715411055331,1.0123093785179043,0.9086956403837565,0.9018780333403672,0.0068176070433892955,0.014406032537426672,0.026966542859712197,0.9758832240321558,0.007397335983182263,0.5134887738150034,1.0,1.0,NO_CLEAR_SIGNAL,effect_below_predeclared_discovery_floor,False
T10_GE_10,VOLUME_PARTICIPATION,volume_ratio_5_to_20,-10,4727,4727,1.0118415165987822,1.024832731137298,0.8975869582761682,0.9020772877460135,-0.004490329469845289,-0.012991214538515816,-0.02390361990143667,0.9784218320287709,-0.008165509429748141,0.6285408808806425,0.0,0.0,REGIME_CONFOUNDED,market_or_temporal_direction_is_not_consistent,False
T10_GE_10,VOLUME_PARTICIPATION,volume_ratio_5_to_20,-5,4727,4727,0.991874750894783,1.0356039452519217,0.8945708786663313,0.92965591513849,-0.03508503647215866,-0.04372919435713862,-0.08516537090777189,0.9583245187222339,-0.03633742878589641,0.8309649724878698,0.0,0.0,REGIME_CONFOUNDED,market_or_temporal_direction_is_not_consistent,False
T10_GE_10,VOLUME_PARTICIPATION,volume_ratio_5_to_20,-3,4727,4727,0.9525433892768235,1.0343261521059015,0.8740815921276174,0.9217318900915903,-0.04765029796397291,-0.08178276282907804,-0.16389697081539745,0.9426697694097735,-0.06317237547870969,0.7724412002408974,0.0,0.0,REGIME_CONFOUNDED,market_or_temporal_direction_is_not_consistent,False
T10_GE_10,VOLUME_PARTICIPATION,volume_ratio_5_to_20,-1,4727,4727,0.9116792276651751,1.0197642425665745,0.8401481624013855,0.9148160676276421,-0.07466790522625666,-0.10808501490139943,-0.22302800434735554,0.911360270784853,-0.08576347712758992,0.7934816607633135,0.0,0.0,REGIME_CONFOUNDED,market_or_temporal_direction_is_not_consistent,False
T10_GE_10,VOLUME_PARTICIPATION,volume_ratio_5_to_20,0,4727,4727,0.9015552149960655,1.015527065671553,0.8333868439034356,0.9156201237842223,-0.08223327988078666,-0.11397185067548743,-0.238655359409601,0.9009942881320075,-0.09319727911031284,0.8177219072775599,0.0,0.0,REGIME_CONFOUNDED,market_or_temporal_direction_is_not_consistent,False
T10_GE_10,VOLUME_PARTICIPATION,volume_expansion_state,-20,4727,4727,0.34757774486989634,0.3566744235244341,0.0,0.0,0.0,-0.009096678654537782,-0.019046193805484776,0.9909033213454622,-0.01136664023261963,1.2495374041765783,0.5,0.5,NO_CLEAR_SIGNAL,effect_below_predeclared_discovery_floor,False
T10_GE_10,VOLUME_PARTICIPATION,volume_expansion_state,-10,4727,4727,0.35244341019674214,0.36577110217897185,0.0,0.0,0.0,-0.013327691982229717,-0.02778382799952959,0.9866723080177702,-0.01665344964314036,1.2495374041765817,0.0,0.0,REGIME_CONFOUNDED,market_or_temporal_direction_is_not_consistent,False
T10_GE_10,VOLUME_PARTICIPATION,volume_expansion_state,-5,4727,4727,0.3460968902052041,0.3843875608208166,0.0,0.0,0.0,-0.03829067061561248,-0.0795869851561986,0.9617093293843875,-0.04784562516521279,1.249537404176578,0.0,0.0,REGIME_CONFOUNDED,market_or_temporal_direction_is_not_consistent,False
T10_GE_10,VOLUME_PARTICIPATION,volume_expansion_state,-3,4727,4727,0.27903532896128624,0.34651999153797336,0.0,0.0,0.0,-0.06748466257668712,-0.1459458785206353,0.9325153374233129,-0.08432461009780598,1.2495374041765794,0.0,0.0,REGIME_CONFOUNDED,market_or_temporal_direction_is_not_consistent,False
T10_GE_10,VOLUME_PARTICIPATION,volume_expansion_state,-1,4727,4727,0.29363232494182356,0.34440448487412734,0.0,0.0,0.0,-0.05077215993230377,-0.1090925770480199,0.9492278400676962,-0.06344171292624903,1.2495374041765803,0.0,0.0,REGIME_CONFOUNDED,market_or_temporal_direction_is_not_consistent,False
T10_GE_10,VOLUME_PARTICIPATION,volume_expansion_state,0,4727,4727,0.32684577956420563,0.36280939284958746,0.0,0.0,0.0,-0.035963613285381835,-0.07571737102876178,0.9640363867146182,-0.04493787998942639,1.24953740417658,0.0,0.0,REGIME_CONFOUNDED,market_or_temporal_direction_is_not_consistent,False
T10_GE_10,VOLUME_PARTICIPATION,volume_contraction_state,-20,4727,4727,0.6524222551301037,0.6433255764755659,1.0,1.0,0.0,0.009096678654537782,0.019046193805484776,0.9909033213454622,0.011366640232619574,1.249537404176572,0.5,1.0,NO_CLEAR_SIGNAL,effect_below_predeclared_discovery_floor,False
T10_GE_10,VOLUME_PARTICIPATION,volume_contraction_state,-10,4727,4727,0.6473450391368732,0.6342288978210281,1.0,1.0,0.0,0.013116141315845153,0.027340961730820925,0.9868838586841548,0.01638910917261438,1.2495374041765825,1.0,1.0,NO_CLEAR_SIGNAL,effect_below_predeclared_discovery_floor,False
T10_GE_10,VOLUME_PARTICIPATION,volume_contraction_state,-5,4727,4727,0.6539031097947958,0.6156124391791834,1.0,1.0,0.0,0.03829067061561242,0.07958698515619847,0.9617093293843875,0.047845625165212735,1.2495374041765785,1.0,1.0,NO_CLEAR_SIGNAL,effect_below_predeclared_discovery_floor,False
T10_GE_10,VOLUME_PARTICIPATION,volume_contraction_state,-3,4727,4727,0.7209646710387138,0.6534800084620267,1.0,1.0,0.0,0.06748466257668706,0.14594587852063517,0.9325153374233129,0.08432461009780601,1.249537404176581,1.0,1.0,PROMISING_DISCOVERY_SIGNAL,bounded_effect_requires_confirmatory_research,False
T10_GE_10,VOLUME_PARTICIPATION,volume_contraction_state,-1,4727,4727,0.7063676750581764,0.6555955151258727,1.0,1.0,0.0,0.05077215993230377,0.1090925770480199,0.9492278400676962,0.063441712926249,1.2495374041765797,1.0,1.0,PROMISING_DISCOVERY_SIGNAL,bounded_effect_requires_confirmatory_research,False
T10_GE_10,VOLUME_PARTICIPATION,volume_contraction_state,0,4727,4727,0.6729426697694098,0.6371906071504125,1.0,1.0,0.0,0.035752062618997216,0.0752658681637062,0.9642479373810028,0.04467353951890041,1.2495374041765823,1.0,1.0,NO_CLEAR_SIGNAL,effect_below_predeclared_discovery_floor,False
T10_GE_10,VOLATILITY_COMPRESSION,true_range_pct,-20,4727,4727,0.043994284756127724,0.04177088303822484,0.03585657370517922,0.0331695331695332,0.0026870405356460222,0.002223401717902883,0.08016016553163005,0.9471123334038503,0.0027093581779574424,1.2185643989305337,1.0,1.0,NO_CLEAR_SIGNAL,effect_below_predeclared_discovery_floor,False
T10_GE_10,VOLATILITY_COMPRESSION,true_range_pct,-10,4727,4727,0.04567943319773955,0.04263255997192129,0.03691275167785235,0.03350970017636684,0.00340305150148551,0.0030468732258182654,0.10739250051850363,0.9323037867569285,0.003590134638883309,1.1783012855479558,1.0,1.0,PROMISING_DISCOVERY_SIGNAL,bounded_effect_requires_confirmatory_research,False
T10_GE_10,VOLATILITY_COMPRESSION,true_range_pct,-5,4727,4727,0.04577374921558207,0.043623714704482563,0.0390625,0.03520208604954371,0.00386041395045629,0.002150034511099505,0.0768195568114908,0.9363232494182356,0.0024749090632586526,1.151102017424367,1.0,0.5,NO_CLEAR_SIGNAL,effect_below_predeclared_discovery_floor,False
T10_GE_10,VOLATILITY_COMPRESSION,true_range_pct,-3,4727,4727,0.04155017122053101,0.044072516084089804,0.03529411764705882,0.035653650254668955,-0.00035953260761013156,-0.0025223448635587967,-0.09653816613668204,0.9295536280939284,-0.0022116082417153737,0.8768064485024454,0.0,0.5,REGIME_CONFOUNDED,market_or_temporal_direction_is_not_consistent,False
T10_GE_10,VOLATILITY_COMPRESSION,true_range_pct,-1,4727,4727,0.04850508918110478,0.04885818046553187,0.03986710963455149,0.039647577092511016,0.00021953254204047645,-0.0003530912844270928,-0.01190722969038536,0.9589591707213878,-0.00042850417635704324,1.2135790240541093,0.5,0.5,NO_CLEAR_SIGNAL,effect_below_predeclared_discovery_floor,False
T10_GE_10,VOLATILITY_COMPRESSION,true_range_pct,0,4727,4727,0.05214543808347688,0.05070710077892687,0.04331683168316832,0.041666666666666664,0.0016501650165016563,0.001438337304550008,0.04653141550966124,0.9669980960440026,0.0016471930381195335,1.1452063663431626,1.0,0.5,NO_CLEAR_SIGNAL,effect_below_predeclared_discovery_floor,False
T10_GE_10,VOLATILITY_COMPRESSION,rolling_range_pct_5,-20,4727,4727,0.10536662441966345,0.09806501783884419,0.08964143426294821,0.08099688473520249,0.008644549527745723,0.007301606580819256,0.11827939094995665,0.9414004654114658,0.007841676363672126,1.073965883655193,1.0,1.0,PROMISING_DISCOVERY_SIGNAL,bounded_effect_requires_confirmatory_research,False
T10_GE_10,VOLATILITY_COMPRESSION,rolling_range_pct_5,-10,4727,4727,0.10884386068716652,0.10164563443244305,0.0927021696252466,0.08450704225352113,0.00819512737172548,0.0071982262547234666,0.10938656663187733,0.9456314787391582,0.007938917016938302,1.1028990665205605,1.0,1.0,PROMISING_DISCOVERY_SIGNAL,bounded_effect_requires_confirmatory_research,False
T10_GE_10,VOLATILITY_COMPRESSION,rolling_range_pct_5,-5,4727,4727,0.11289070520721098,0.10724436878327406,0.09764309764309768,0.08997955010224946,0.00766354754084822,0.005646336423936915,0.07902746860463718,0.97884493336154,0.005770588469112117,1.022005781421109,1.0,0.5,NO_CLEAR_SIGNAL,effect_below_predeclared_discovery_floor,False
T10_GE_10,VOLATILITY_COMPRESSION,rolling_range_pct_5,-3,4727,4727,0.10639493620091539,0.10775592571303959,0.09362808842652796,0.09186351706036745,0.0017645713661605111,-0.0013609895121241972,-0.020090883120222988,0.9653056907129257,-0.0010032003413339846,0.7371110007807595,0.0,0.5,REGIME_CONFOUNDED,market_or_temporal_direction_is_not_consistent,False
T10_GE_10,VOLATILITY_COMPRESSION,rolling_range_pct_5,-1,4727,4727,0.11835769115311691,0.1175009064565906,0.09691629955947137,0.09780219780219787,-0.0008858982427265016,0.0008567846965263082,0.011488594699914959,0.9119949227840067,0.002273134153813805,2.653098454057188,0.5,0.5,NO_CLEAR_SIGNAL,effect_below_predeclared_discovery_floor,False
T10_GE_10,VOLATILITY_COMPRESSION,rolling_range_pct_5,0,4727,4727,0.1390047451901002,0.12672652733788695,0.10371517027863777,0.10198300283286119,0.001732167445776589,0.012278217852213252,0.13261590610865046,0.9318806854241592,0.0069971611343638,0.5698841003299597,1.0,1.0,PROMISING_DISCOVERY_SIGNAL,bounded_effect_requires_confirmatory_research,False
T10_GE_10,VOLATILITY_COMPRESSION,rolling_range_pct_20,-20,4727,4727,0.21900432824812033,0.2038696927100235,0.1907600596125186,0.17594936708860748,0.014810692523911123,0.015134635538096824,0.13063271539030236,0.9418235667442352,0.015940462431945857,1.0532438915902935,1.0,1.0,PROMISING_DISCOVERY_SIGNAL,bounded_effect_requires_confirmatory_research,False
T10_GE_10,VOLATILITY_COMPRESSION,rolling_range_pct_20,-10,4727,4727,0.2240263375598989,0.20980391747169527,0.19279279279279285,0.17517006802721097,0.017622724765581882,0.014222420088203624,0.1159729199868675,0.9263803680981593,0.015249856270313916,1.0722406015107422,1.0,1.0,PROMISING_DISCOVERY_SIGNAL,bounded_effect_requires_confirmatory_research,False
T10_GE_10,VOLATILITY_COMPRESSION,rolling_range_pct_20,-5,4727,4727,0.23668581430644745,0.21726024315548045,0.20400000000000007,0.1831831831831832,0.02081681681681688,0.01942557115096699,0.14421281336717673,0.9265919187645442,0.01684496018647555,0.867153920755479,1.0,1.0,PROMISING_DISCOVERY_SIGNAL,bounded_effect_requires_confirmatory_research,False
T10_GE_10,VOLATILITY_COMPRESSION,rolling_range_pct_20,-3,4727,4727,0.2347047072836416,0.2224809190834127,0.20000000000000004,0.1916167664670659,0.008383233532934131,0.012223788200228902,0.09015313948813057,0.9614977787180029,0.008257768159764645,0.6755490216698953,1.0,1.0,NO_CLEAR_SIGNAL,effect_below_predeclared_discovery_floor,False
T10_GE_10,VOLATILITY_COMPRESSION,rolling_range_pct_20,-1,4727,4727,0.2547648380495786,0.23861892496605966,0.2166890982503366,0.20357142857142854,0.013117669678908067,0.016145913083518953,0.10680171033642293,0.9619208800507721,0.013686378183976333,0.847668268321523,1.0,1.0,PROMISING_DISCOVERY_SIGNAL,bounded_effect_requires_confirmatory_research,False
T10_GE_10,VOLATILITY_COMPRESSION,rolling_range_pct_20,0,4727,4727,0.27705180614555003,0.24954331593967302,0.22348484848484845,0.20890410958904115,0.0145807388958073,0.027508490205877006,0.16036849294866892,0.9390734080812354,0.019669947716936143,0.7150500652607168,1.0,1.0,PROMISING_DISCOVERY_SIGNAL,bounded_effect_requires_confirmatory_research,False
T10_GE_10,VOLATILITY_COMPRESSION,range_compression_5_to_20,-20,4727,4727,0.5073540281607086,0.506632960153845,0.4867256637168143,0.48461538461538495,0.0021102791014293576,0.0007210680068636677,0.0036927029062029707,0.9606515760524647,0.0004244887937195907,0.5886945332187631,0.5,0.5,NO_CLEAR_SIGNAL,effect_below_predeclared_discovery_floor,False
T10_GE_10,VOLATILITY_COMPRESSION,range_compression_5_to_20,-10,4727,4727,0.5079690765986189,0.5066678665077594,0.48387096774193555,0.47887323943661964,0.004997728305315918,0.0013012100908594837,0.0065668847299603485,0.9598053733869263,0.002582991257377487,1.9850685723404997,0.5,0.5,NO_CLEAR_SIGNAL,effect_below_predeclared_discovery_floor,False
T10_GE_10,VOLATILITY_COMPRESSION,range_compression_5_to_20,-5,4727,4727,0.5082837144261627,0.5203934049054251,0.4857142857142857,0.5,-0.01428571428571429,-0.012109690479262358,-0.06160592356215278,0.9464776814046965,-0.013565806905769362,1.1202439012789451,0.0,0.0,REGIME_CONFOUNDED,market_or_temporal_direction_is_not_consistent,False
T10_GE_10,VOLATILITY_COMPRESSION,range_compression_5_to_20,-3,4727,4727,0.4933041840345982,0.5159939461248367,0.46808510638297873,0.4946236559139788,-0.026538549531000044,-0.02268976209023854,-0.11503561574844848,0.9464776814046965,-0.023405602327855657,1.0315490411389143,0.0,0.0,REGIME_CONFOUNDED,market_or_temporal_direction_is_not_consistent,False
T10_GE_10,VOLATILITY_COMPRESSION,range_compression_5_to_20,-1,4727,4727,0.4971752221971224,0.5176408455564221,0.47524752475247595,0.5,-0.024752475247524053,-0.02046562335929969,-0.10378033714949617,0.9433044214089275,-0.021765181351036944,1.0634995557634324,0.0,0.0,REGIME_CONFOUNDED,market_or_temporal_direction_is_not_consistent,False
T10_GE_10,VOLATILITY_COMPRESSION,range_compression_5_to_20,0,4727,4727,0.5217305559463415,0.5292929356724295,0.5074626865671643,0.5136986301369864,-0.0062359435698220445,-0.0075623797260879755,-0.037970369481374215,0.9568436640575417,-0.006567124505541422,0.8683939108329595,0.0,0.0,REGIME_CONFOUNDED,market_or_temporal_direction_is_not_consistent,False
T10_GE_10,VOLATILITY_COMPRESSION,realized_vol_5,-20,4727,4727,0.02518734223829267,0.02344634515873834,0.020732773661217938,0.018787266776271017,0.001945506884946921,0.0017409970795543295,0.10846784328255767,0.9426697694097737,0.002063616777369947,1.185307431933317,1.0,1.0,PROMISING_DISCOVERY_SIGNAL,bounded_effect_requires_confirmatory_research,False
T10_GE_10,VOLATILITY_COMPRESSION,realized_vol_5,-10,4727,4727,0.025994627921686445,0.024353217535720995,0.021630507117590455,0.020041704490798853,0.0015888026267916015,0.00164141038596545,0.10173636871022533,0.9411889147450814,0.0018195173645581576,1.1085084998337866,1.0,1.0,PROMISING_DISCOVERY_SIGNAL,bounded_effect_requires_confirmatory_research,False
T10_GE_10,VOLATILITY_COMPRESSION,realized_vol_5,-5,4727,4727,0.026277484748397705,0.025378381085281048,0.022670671475805763,0.02121734439969319,0.001453327076112572,0.0008991036631166571,0.05559811822530526,0.946689232071081,0.0010242280938400697,1.1391657445701875,1.0,0.5,NO_CLEAR_SIGNAL,effect_below_predeclared_discovery_floor,False
T10_GE_10,VOLATILITY_COMPRESSION,realized_vol_5,-3,4727,4727,0.025800822360049887,0.026127888327261165,0.02219756439546667,0.02193941192624946,0.00025815246921720783,-0.00032706596721127773,-0.020368947060222572,0.958324518722234,-0.0003703087753889958,1.1322143313975073,0.0,0.5,REGIME_CONFOUNDED,market_or_temporal_direction_is_not_consistent,False
T10_GE_10,VOLATILITY_COMPRESSION,realized_vol_5,-1,4727,4727,0.02692820699375566,0.027453207849163937,0.022283507036533676,0.02278970276151443,-0.0005061957249807535,-0.0005250008554082766,-0.03069200714902874,0.9796911360270786,-0.0005582317222804292,1.0632967861477292,0.0,0.5,REGIME_CONFOUNDED,market_or_temporal_direction_is_not_consistent,False
T10_GE_10,VOLATILITY_COMPRESSION,realized_vol_5,0,4727,4727,0.027337519381943204,0.028443748221935954,0.022567165079470708,0.023077033498551586,-0.0005098684190808778,-0.0011062288399927497,-0.06252988836175101,0.94203511741062,-0.0006648773233684374,0.6010305456986594,0.0,0.5,REGIME_CONFOUNDED,market_or_temporal_direction_is_not_consistent,False
T10_GE_10,VOLATILITY_COMPRESSION,realized_vol_20,-20,4727,4727,0.029739939970205444,0.027778327198307935,0.02725437852629283,0.024538852818759404,0.0027155257075334276,0.001961612771897509,0.13772399252902148,0.9291305267611593,0.002218613414441191,1.1310149720808962,1.0,1.0,PROMISING_DISCOVERY_SIGNAL,bounded_effect_requires_confirmatory_research,False
T10_GE_10,VOLATILITY_COMPRESSION,realized_vol_20,-10,4727,4727,0.03012723831924706,0.028415721382498725,0.027761294663877778,0.02528759393114981,0.0024737007327279674,0.0017115169367483349,0.12119421333448652,0.9333615400888514,0.0019529688999627114,1.1410748313558057,1.0,1.0,PROMISING_DISCOVERY_SIGNAL,bounded_effect_requires_confirmatory_research,False
T10_GE_10,VOLATILITY_COMPRESSION,realized_vol_20,-5,4727,4727,0.030557829956521825,0.0291544872270953,0.028025064239794523,0.025954907820402547,0.002070156419391976,0.0014033427294265245,0.09898398802395882,0.9367463507510048,0.0015878229783804904,1.1314577295236736,1.0,1.0,NO_CLEAR_SIGNAL,effect_below_predeclared_discovery_floor,False
T10_GE_10,VOLATILITY_COMPRESSION,realized_vol_20,-3,4727,4727,0.030465666068740117,0.02968325485911081,0.028013664696497208,0.026881733362465052,0.0011319313340321553,0.0007824112096293072,0.05589086940023855,0.9606515760524647,0.0008467615740874838,1.0822462199751264,1.0,1.0,NO_CLEAR_SIGNAL,effect_below_predeclared_discovery_floor,False
T10_GE_10,VOLATILITY_COMPRESSION,realized_vol_20,-1,4727,4727,0.03132895507982222,0.030585606820968066,0.029723200947790906,0.02811538724554205,0.001607813702248856,0.0007433482588541512,0.05378834098502364,0.9500740427332346,0.0008670182634787291,1.1663688629811435,1.0,1.0,NO_CLEAR_SIGNAL,effect_below_predeclared_discovery_floor,False
T10_GE_10,VOLATILITY_COMPRESSION,realized_vol_20,0,4727,4727,0.03179122346979535,0.031110753734396677,0.030527709490079692,0.02886045196919472,0.0016672575208849724,0.000680469735398672,0.048582952610487735,0.9469007827374656,0.0007815049784097375,1.1484786725332776,1.0,1.0,NO_CLEAR_SIGNAL,effect_below_predeclared_discovery_floor,False
T10_GE_10,VOLATILITY_COMPRESSION,volatility_contraction_5_to_20,-20,4727,4727,0.8542323147913374,0.8522204392283245,0.8257807574185125,0.824972800008884,0.0008079574096285791,0.002011875563012966,0.005786069297480876,0.9729215147027712,0.0029249720323430983,1.4538533526212167,0.5,0.5,NO_CLEAR_SIGNAL,effect_below_predeclared_discovery_floor,False
T10_GE_10,VOLATILITY_COMPRESSION,volatility_contraction_5_to_20,-10,4727,4727,0.8663319546415235,0.8621858555469034,0.8422501441205256,0.8381371347357347,0.004113009384790867,0.004146099094620048,0.011885017679047864,0.950920245398773,0.004164539394367006,1.0044476263895588,0.5,0.0,REGIME_CONFOUNDED,market_or_temporal_direction_is_not_consistent,False
T10_GE_10,VOLATILITY_COMPRESSION,volatility_contraction_5_to_20,-5,4727,4727,0.8736326807699547,0.8812793651467091,0.8591319957012322,0.8486064263004527,0.010525569400779533,-0.00764668437675442,-0.021493131697449763,0.957266765390311,-0.002653691358802668,0.34703817080116073,0.0,0.5,REGIME_CONFOUNDED,market_or_temporal_direction_is_not_consistent,False
T10_GE_10,VOLATILITY_COMPRESSION,volatility_contraction_5_to_20,-3,4727,4727,0.8689611427676047,0.8957840433672039,0.8273476310263704,0.8664882576477313,-0.03914062662136086,-0.02682290059959913,-0.07088938034859843,0.9581129680558494,-0.03037773602367,1.1325298660698908,0.0,0.5,REGIME_CONFOUNDED,market_or_temporal_direction_is_not_consistent,False
T10_GE_10,VOLATILITY_COMPRESSION,volatility_contraction_5_to_20,-1,4727,4727,0.8662043435453086,0.9036449283896967,0.8180097998355743,0.8700629859528626,-0.052053186117288264,-0.03744058484438806,-0.09645313315600768,0.9354770467526974,-0.043187487476400555,1.1534939332784995,0.0,0.5,REGIME_CONFOUNDED,market_or_temporal_direction_is_not_consistent,False
T10_GE_10,VOLATILITY_COMPRESSION,volatility_contraction_5_to_20,0,4727,4727,0.8673196627187397,0.9119165417340656,0.8243270892115847,0.8682404473725421,-0.04391335816095743,-0.04459687901532583,-0.11605008167389812,0.9447852760736198,-0.04426539498370918,0.9925671024758765,0.0,0.5,REGIME_CONFOUNDED,market_or_temporal_direction_is_not_consistent,False
T10_GE_10,RELATIVE_STRENGTH,benchmark_relative_return_5D,-20,0,0,,,,,,,,,,,,,NO_CLEAR_SIGNAL,sample_below_discovery_floor,False
T10_GE_10,RELATIVE_STRENGTH,benchmark_relative_return_5D,-10,0,0,,,,,,,,,,,,,NO_CLEAR_SIGNAL,sample_below_discovery_floor,False
T10_GE_10,RELATIVE_STRENGTH,benchmark_relative_return_5D,-5,0,0,,,,,,,,,,,,,NO_CLEAR_SIGNAL,sample_below_discovery_floor,False
T10_GE_10,RELATIVE_STRENGTH,benchmark_relative_return_5D,-3,0,0,,,,,,,,,,,,,NO_CLEAR_SIGNAL,sample_below_discovery_floor,False
T10_GE_10,RELATIVE_STRENGTH,benchmark_relative_return_5D,-1,0,0,,,,,,,,,,,,,NO_CLEAR_SIGNAL,sample_below_discovery_floor,False
T10_GE_10,RELATIVE_STRENGTH,benchmark_relative_return_5D,0,0,0,,,,,,,,,,,,,NO_CLEAR_SIGNAL,sample_below_discovery_floor,False
T10_GE_10,RELATIVE_STRENGTH,benchmark_relative_return_20D,-20,0,0,,,,,,,,,,,,,NO_CLEAR_SIGNAL,sample_below_discovery_floor,False
T10_GE_10,RELATIVE_STRENGTH,benchmark_relative_return_20D,-10,0,0,,,,,,,,,,,,,NO_CLEAR_SIGNAL,sample_below_discovery_floor,False
T10_GE_10,RELATIVE_STRENGTH,benchmark_relative_return_20D,-5,0,0,,,,,,,,,,,,,NO_CLEAR_SIGNAL,sample_below_discovery_floor,False
T10_GE_10,RELATIVE_STRENGTH,benchmark_relative_return_20D,-3,0,0,,,,,,,,,,,,,NO_CLEAR_SIGNAL,sample_below_discovery_floor,False
T10_GE_10,RELATIVE_STRENGTH,benchmark_relative_return_20D,-1,0,0,,,,,,,,,,,,,NO_CLEAR_SIGNAL,sample_below_discovery_floor,False
T10_GE_10,RELATIVE_STRENGTH,benchmark_relative_return_20D,0,0,0,,,,,,,,,,,,,NO_CLEAR_SIGNAL,sample_below_discovery_floor,False
T10_GE_10,A_STATE_CONTEXT,a1_preceded_20,-20,4727,4727,0.4070234821239687,0.422678231436429,0.0,0.0,0.0,-0.015654749312460303,-0.03177764052559905,0.9843452506875396,-0.019561194818926764,1.249537404176581,0.0,0.0,REGIME_CONFOUNDED,market_or_temporal_direction_is_not_consistent,False
T10_GE_10,A_STATE_CONTEXT,a1_preceded_20,-10,4727,4727,0.4006769621324307,0.4159086101121219,0.0,0.0,0.0,-0.015231647979691176,-0.030992723919154724,0.9847683520203088,-0.01903251387787469,1.2495374041765754,0.0,0.0,REGIME_CONFOUNDED,market_or_temporal_direction_is_not_consistent,False
T10_GE_10,A_STATE_CONTEXT,a1_preceded_20,-5,4727,4727,0.38650306748466257,0.4046964247937381,0.0,0.0,0.0,-0.01819335730907551,-0.03721325788554942,0.9818066426909244,-0.022733280465239203,1.249537404176579,0.0,0.5,REGIME_CONFOUNDED,market_or_temporal_direction_is_not_consistent,False
T10_GE_10,A_STATE_CONTEXT,a1_preceded_20,-3,4727,4727,0.3769832874973556,0.4019462661307383,0.0,0.0,0.0,-0.024962978633382704,-0.0512093501480466,0.9750370213666173,-0.03119217552207243,1.249537404176579,0.0,0.0,REGIME_CONFOUNDED,market_or_temporal_direction_is_not_consistent,False
T10_GE_10,A_STATE_CONTEXT,a1_preceded_20,-1,4727,4727,0.3655595515125873,0.39496509414004655,0.0,0.0,0.0,-0.029405542627459258,-0.060601430832073755,0.9705944573725407,-0.036743325403119254,1.2495374041765814,0.0,0.0,REGIME_CONFOUNDED,market_or_temporal_direction_is_not_consistent,False
T10_GE_10,A_STATE_CONTEXT,a1_preceded_20,0,4727,4727,0.3545589168605881,0.3892532261476624,0.0,0.0,0.0,-0.03469430928707429,-0.07183055684408136,0.9653056907129258,-0.04335183716627017,1.2495374041765785,0.0,0.0,REGIME_CONFOUNDED,market_or_temporal_direction_is_not_consistent,False
T10_GE_10,A_STATE_CONTEXT,a2_preceded_20,-20,4727,4727,0.3568859741908187,0.3611169875185107,0.0,0.0,0.0,-0.00423101332769199,-0.008820069014619946,0.995768986672308,-0.005286809410520732,1.2495374041765726,0.0,0.0,REGIME_CONFOUNDED,market_or_temporal_direction_is_not_consistent,False
T10_GE_10,A_STATE_CONTEXT,a2_preceded_20,-10,4727,4727,0.3321345462238206,0.34757774486989634,0.0,0.0,0.0,-0.01544319864607574,-0.032608296949081586,0.9845568013539243,-0.019296854348400727,1.249537404176578,0.0,0.0,REGIME_CONFOUNDED,market_or_temporal_direction_is_not_consistent,False
T10_GE_10,A_STATE_CONTEXT,a2_preceded_20,-5,4727,4727,0.3162682462449757,0.3395388195472816,0.0,0.0,0.0,-0.02327057330230592,-0.04958515349354286,0.976729426697694,-0.029077451757864137,1.2495374041765788,0.0,0.0,REGIME_CONFOUNDED,market_or_temporal_direction_is_not_consistent,False
T10_GE_10,A_STATE_CONTEXT,a2_preceded_20,-3,4727,4727,0.2993441929342077,0.3325576475565898,0.0,0.0,0.0,-0.033213454622382066,-0.07148877740168162,0.9667865453776179,-0.04150145387258791,1.2495374041765799,0.0,0.0,REGIME_CONFOUNDED,market_or_temporal_direction_is_not_consistent,False
T10_GE_10,A_STATE_CONTEXT,a2_preceded_20,-1,4727,4727,0.28030463295959385,0.3279035328961286,0.0,0.0,0.0,-0.047598899936534766,-0.10360855574916324,0.9524011000634652,-0.05947660586835843,1.2495374041765799,0.0,0.0,REGIME_CONFOUNDED,market_or_temporal_direction_is_not_consistent,False
T10_GE_10,A_STATE_CONTEXT,a2_preceded_20,0,4727,4727,0.2676115929765179,0.31965305690712925,0.0,0.0,0.0,-0.052041463930611376,-0.11445695322626932,0.9479585360693885,-0.06502775574940525,1.2495374041765799,0.0,0.0,REGIME_CONFOUNDED,market_or_temporal_direction_is_not_consistent,False
T10_GE_10,A_STATE_CONTEXT,a1_to_a2_preceded_20,-20,4727,4727,0.18616458641844721,0.187856991749524,0.0,0.0,0.0,-0.001692405331076785,-0.004340399301953169,0.9983075946689233,-0.0021147237642082928,1.2495374041765808,0.5,0.0,REGIME_CONFOUNDED,market_or_temporal_direction_is_not_consistent,False
T10_GE_10,A_STATE_CONTEXT,a1_to_a2_preceded_20,-10,4727,4727,0.18108737042521683,0.18002961709329385,0.0,0.0,0.0,0.0010577533319229837,0.002749899816099861,0.9989422466680771,0.001321702352630183,1.249537404176589,0.5,0.0,REGIME_CONFOUNDED,market_or_temporal_direction_is_not_consistent,False
T10_GE_10,A_STATE_CONTEXT,a1_to_a2_preceded_20,-5,4727,4727,0.1662788237782949,0.17791411042944785,0.0,0.0,0.0,-0.01163528665115296,-0.030828530925176675,0.9883647133488471,-0.014538725878932068,1.2495374041765788,0.0,0.0,REGIME_CONFOUNDED,market_or_temporal_direction_is_not_consistent,False
T10_GE_10,A_STATE_CONTEXT,a1_to_a2_preceded_20,-3,4727,4727,0.15548973979268035,0.17579860376560186,0.0,0.0,0.0,-0.020308863972921504,-0.054649220031510924,0.9796911360270785,-0.025376685170499597,1.2495374041765799,0.0,0.0,REGIME_CONFOUNDED,market_or_temporal_direction_is_not_consistent,False
T10_GE_10,A_STATE_CONTEXT,a1_to_a2_preceded_20,-1,4727,4727,0.1423735984768352,0.17304844510260206,0.0,0.0,0.0,-0.03067484662576686,-0.08423754361961114,0.9693251533742331,-0.03832936822627544,1.2495374041765797,0.0,0.0,REGIME_CONFOUNDED,market_or_temporal_direction_is_not_consistent,False
T10_GE_10,A_STATE_CONTEXT,a1_to_a2_preceded_20,0,4727,4727,0.13391157182145125,0.1681827797757563,0.0,0.0,0.0,-0.03427120795430505,-0.09581403469816643,0.965728792045695,-0.04282315622521808,1.2495374041765797,0.0,0.0,REGIME_CONFOUNDED,market_or_temporal_direction_is_not_consistent,False
T10_GE_10,A_STATE_CONTEXT,a2_without_prior_a1_20,-20,4727,4727,0.12375713983499048,0.11508356251322191,0.0,0.0,0.0,0.008673577321768572,0.026749372626859468,0.9913264226782315,0.010837959291567542,1.2495374041765785,1.0,1.0,NO_CLEAR_SIGNAL,effect_below_predeclared_discovery_floor,False
T10_GE_10,A_STATE_CONTEXT,a2_without_prior_a1_20,-10,4727,4727,0.11191030251745293,0.11317960651576052,0.0,0.0,0.0,-0.0012693039983075888,-0.004016338675797866,0.9987306960016924,-0.0015860428231562248,1.249537404176585,0.5,0.5,NO_CLEAR_SIGNAL,effect_below_predeclared_discovery_floor,False
T10_GE_10,A_STATE_CONTEXT,a2_without_prior_a1_20,-5,4727,4727,0.10979479585360694,0.11148720118468373,0.0,0.0,0.0,-0.001692405331076799,-0.005395222615570658,0.9983075946689233,-0.0021147237642083015,1.2495374041765757,0.5,0.5,NO_CLEAR_SIGNAL,effect_below_predeclared_discovery_floor,False
T10_GE_10,A_STATE_CONTEXT,a2_without_prior_a1_20,-3,4727,4727,0.10365982652845357,0.10789083985614555,0.0,0.0,0.0,-0.0042310133276919765,-0.01375748804597334,0.9957689866723081,-0.005286809410520752,1.2495374041765814,0.0,0.0,REGIME_CONFOUNDED,market_or_temporal_direction_is_not_consistent,False
T10_GE_10,A_STATE_CONTEXT,a2_without_prior_a1_20,-1,4727,4727,0.09900571186799238,0.10810239052253015,0.0,0.0,0.0,-0.009096678654537768,-0.029859714349657347,0.9909033213454622,-0.010309278350515464,1.1333013665787572,0.0,0.0,REGIME_CONFOUNDED,market_or_temporal_direction_is_not_consistent,False
T10_GE_10,A_STATE_CONTEXT,a2_without_prior_a1_20,0,4727,4727,0.0956209012058388,0.10640998519145335,0.0,0.0,0.0,-0.010789083985614553,-0.03580833837288521,0.9892109160143854,-0.008194554586307164,0.7595227358720387,0.0,0.0,REGIME_CONFOUNDED,market_or_temporal_direction_is_not_consistent,False
T10_GE_10,A_STATE_CONTEXT,a_state_bucket,-20,0,0,,,,,,,,,,,,,NO_CLEAR_SIGNAL,sample_below_discovery_floor,False
T10_GE_10,A_STATE_CONTEXT,a_state_bucket,-10,0,0,,,,,,,,,,,,,NO_CLEAR_SIGNAL,sample_below_discovery_floor,False
T10_GE_10,A_STATE_CONTEXT,a_state_bucket,-5,0,0,,,,,,,,,,,,,NO_CLEAR_SIGNAL,sample_below_discovery_floor,False
T10_GE_10,A_STATE_CONTEXT,a_state_bucket,-3,0,0,,,,,,,,,,,,,NO_CLEAR_SIGNAL,sample_below_discovery_floor,False
T10_GE_10,A_STATE_CONTEXT,a_state_bucket,-1,0,0,,,,,,,,,,,,,NO_CLEAR_SIGNAL,sample_below_discovery_floor,False
T10_GE_10,A_STATE_CONTEXT,a_state_bucket,0,0,0,,,,,,,,,,,,,NO_CLEAR_SIGNAL,sample_below_discovery_floor,False
