market_code,instrument_code,instrument_name,instrument_type,currency,enabled,listing_status,valid_from,valid_to,identity_source,provenance_class,owner_review_required
TPE,1101,台泥,EQUITY,TWD,TRUE,ACTIVE,,,expansion-reference-normalized-candidates.csv,OWNER_APPROVED_EXPANSION_ONLY,FALSE
TPE,1301,台塑,EQUITY,TWD,TRUE,ACTIVE,,,expansion-reference-normalized-candidates.csv,OWNER_APPROVED_EXPANSION_ONLY,FALSE
TPE,1303,南亞,EQUITY,TWD,TRUE,ACTIVE,,,reports/TASK-WS1-INSTRUMENT-MASTER-V1-CANONICAL-UNIVERSE-UNIFICATION-20260824/legacy-507-instruments.json;instrument_topic_memberships.csv,LEGACY_REFERENCE_AND_OWNER_MEMBERSHIP,FALSE
TPE,1304,台聚,EQUITY,TWD,TRUE,ACTIVE,,,reports/TASK-WS1-INSTRUMENT-MASTER-V1-CANONICAL-UNIVERSE-UNIFICATION-20260824/legacy-507-instruments.json;instrument_topic_memberships.csv,LEGACY_REFERENCE_AND_OWNER_MEMBERSHIP,FALSE
TPE,1314,中石化,EQUITY,TWD,TRUE,ACTIVE,,,reports/TASK-WS1-INSTRUMENT-MASTER-V1-CANONICAL-UNIVERSE-UNIFICATION-20260824/legacy-507-instruments.json;instrument_topic_memberships.csv,LEGACY_REFERENCE_AND_OWNER_MEMBERSHIP,FALSE
TPE,1319,東陽,EQUITY,TWD,TRUE,ACTIVE,,,reports/TASK-WS1-INSTRUMENT-MASTER-V1-CANONICAL-UNIVERSE-UNIFICATION-20260824/legacy-507-instruments.json;instrument_topic_memberships.csv,LEGACY_REFERENCE_AND_OWNER_MEMBERSHIP,FALSE
TPE,1326,台化,EQUITY,TWD,TRUE,ACTIVE,,,reports/TASK-WS1-INSTRUMENT-MASTER-V1-CANONICAL-UNIVERSE-UNIFICATION-20260824/legacy-507-instruments.json;instrument_topic_memberships.csv,LEGACY_REFERENCE_AND_OWNER_MEMBERSHIP,FALSE
TPE,1342,八貫,EQUITY,TWD,TRUE,ACTIVE,,,reports/TASK-WS1-INSTRUMENT-MASTER-V1-CANONICAL-UNIVERSE-UNIFICATION-20260824/legacy-507-instruments.json;instrument_topic_memberships.csv,LEGACY_REFERENCE_AND_OWNER_MEMBERSHIP,FALSE
TPE,1402,遠東新,EQUITY,TWD,TRUE,ACTIVE,,,expansion-reference-normalized-candidates.csv,OWNER_APPROVED_EXPANSION_ONLY,FALSE
TPE,1438,三地開發,EQUITY,TWD,TRUE,ACTIVE,,,reports/TASK-WS1-INSTRUMENT-MASTER-V1-CANONICAL-UNIVERSE-UNIFICATION-20260824/legacy-507-instruments.json;instrument_topic_memberships.csv,LEGACY_REFERENCE_AND_OWNER_MEMBERSHIP,FALSE
TPE,1451,年興,EQUITY,TWD,TRUE,ACTIVE,,,reports/TASK-WS1-INSTRUMENT-MASTER-V1-CANONICAL-UNIVERSE-UNIFICATION-20260824/legacy-507-instruments.json;instrument_topic_memberships.csv,LEGACY_REFERENCE_AND_OWNER_MEMBERSHIP,FALSE
TPE,1474,弘裕,EQUITY,TWD,TRUE,ACTIVE,,,reports/TASK-WS1-INSTRUMENT-MASTER-V1-CANONICAL-UNIVERSE-UNIFICATION-20260824/legacy-507-instruments.json;instrument_topic_memberships.csv,LEGACY_REFERENCE_AND_OWNER_MEMBERSHIP,FALSE
TPE,1476,儒鴻,EQUITY,TWD,TRUE,ACTIVE,,,reports/TASK-WS1-INSTRUMENT-MASTER-V1-CANONICAL-UNIVERSE-UNIFICATION-20260824/legacy-507-instruments.json;instrument_topic_memberships.csv,LEGACY_REFERENCE_AND_OWNER_MEMBERSHIP,FALSE
TPE,1477,聚陽,EQUITY,TWD,TRUE,ACTIVE,,,expansion-reference-normalized-candidates.csv,OWNER_APPROVED_EXPANSION_ONLY,FALSE
TPE,1503,士電,EQUITY,TWD,TRUE,ACTIVE,,,reports/TASK-WS1-INSTRUMENT-MASTER-V1-CANONICAL-UNIVERSE-UNIFICATION-20260824/legacy-507-instruments.json;instrument_topic_memberships.csv,LEGACY_REFERENCE_AND_OWNER_MEMBERSHIP,FALSE
TPE,1504,東元,EQUITY,TWD,TRUE,ACTIVE,,,reports/TASK-WS1-INSTRUMENT-MASTER-V1-CANONICAL-UNIVERSE-UNIFICATION-20260824/legacy-507-instruments.json;instrument_topic_memberships.csv,LEGACY_REFERENCE_AND_OWNER_MEMBERSHIP,FALSE
TPE,1513,中興電,EQUITY,TWD,TRUE,ACTIVE,,,reports/TASK-WS1-INSTRUMENT-MASTER-V1-CANONICAL-UNIVERSE-UNIFICATION-20260824/legacy-507-instruments.json;instrument_topic_memberships.csv,LEGACY_REFERENCE_AND_OWNER_MEMBERSHIP,FALSE
TPE,1514,亞力,EQUITY,TWD,TRUE,ACTIVE,,,reports/TASK-WS1-INSTRUMENT-MASTER-V1-CANONICAL-UNIVERSE-UNIFICATION-20260824/legacy-507-instruments.json;instrument_topic_memberships.csv,LEGACY_REFERENCE_AND_OWNER_MEMBERSHIP,FALSE
TPE,1515,力山,EQUITY,TWD,TRUE,ACTIVE,,,expansion-reference-normalized-candidates.csv,OWNER_APPROVED_EXPANSION_ONLY,FALSE
TPE,1519,華城,EQUITY,TWD,TRUE,ACTIVE,,,reports/TASK-WS1-INSTRUMENT-MASTER-V1-CANONICAL-UNIVERSE-UNIFICATION-20260824/legacy-507-instruments.json;instrument_topic_memberships.csv,LEGACY_REFERENCE_AND_OWNER_MEMBERSHIP,FALSE
TPE,1536,和大,EQUITY,TWD,TRUE,ACTIVE,,,reports/TASK-WS1-INSTRUMENT-MASTER-V1-CANONICAL-UNIVERSE-UNIFICATION-20260824/legacy-507-instruments.json;instrument_topic_memberships.csv,LEGACY_REFERENCE_AND_OWNER_MEMBERSHIP,FALSE
TPE,1537,廣隆,EQUITY,TWD,TRUE,ACTIVE,,,reports/TASK-WS1-INSTRUMENT-MASTER-V1-CANONICAL-UNIVERSE-UNIFICATION-20260824/legacy-507-instruments.json;instrument_topic_memberships.csv,LEGACY_REFERENCE_AND_OWNER_MEMBERSHIP,FALSE
TPE,1563,巧新,EQUITY,TWD,TRUE,ACTIVE,,,reports/TASK-WS1-INSTRUMENT-MASTER-V1-CANONICAL-UNIVERSE-UNIFICATION-20260824/legacy-507-instruments.json;instrument_topic_memberships.csv,LEGACY_REFERENCE_AND_OWNER_MEMBERSHIP,FALSE
TPE,1568,倉佑,EQUITY,TWD,TRUE,ACTIVE,,,reports/TASK-WS1-INSTRUMENT-MASTER-V1-CANONICAL-UNIVERSE-UNIFICATION-20260824/legacy-507-instruments.json;instrument_topic_memberships.csv,LEGACY_REFERENCE_AND_OWNER_MEMBERSHIP,FALSE
TPE,1590,亞德客-KY,EQUITY,TWD,TRUE,ACTIVE,,,reports/TASK-WS1-INSTRUMENT-MASTER-V1-CANONICAL-UNIVERSE-UNIFICATION-20260824/legacy-507-instruments.json;instrument_topic_memberships.csv,LEGACY_REFERENCE_AND_OWNER_MEMBERSHIP,FALSE
TPE,1597,直得,EQUITY,TWD,TRUE,ACTIVE,,,reports/TASK-WS1-INSTRUMENT-MASTER-V1-CANONICAL-UNIVERSE-UNIFICATION-20260824/legacy-507-instruments.json;instrument_topic_memberships.csv,LEGACY_REFERENCE_AND_OWNER_MEMBERSHIP,FALSE
TPE,1605,華新,EQUITY,TWD,TRUE,ACTIVE,,,reports/TASK-WS1-INSTRUMENT-MASTER-V1-CANONICAL-UNIVERSE-UNIFICATION-20260824/legacy-507-instruments.json;instrument_topic_memberships.csv,LEGACY_REFERENCE_AND_OWNER_MEMBERSHIP,FALSE
TPE,1609,大亞,EQUITY,TWD,TRUE,ACTIVE,,,reports/TASK-WS1-INSTRUMENT-MASTER-V1-CANONICAL-UNIVERSE-UNIFICATION-20260824/legacy-507-instruments.json;instrument_topic_memberships.csv,LEGACY_REFERENCE_AND_OWNER_MEMBERSHIP,FALSE
TPE,1611,中電,EQUITY,TWD,TRUE,ACTIVE,,,reports/TASK-WS1-INSTRUMENT-MASTER-V1-CANONICAL-UNIVERSE-UNIFICATION-20260824/legacy-507-instruments.json;instrument_topic_memberships.csv,LEGACY_REFERENCE_AND_OWNER_MEMBERSHIP,FALSE
TPE,1612,宏泰,EQUITY,TWD,TRUE,ACTIVE,,,reports/TASK-WS1-INSTRUMENT-MASTER-V1-CANONICAL-UNIVERSE-UNIFICATION-20260824/legacy-507-instruments.json;instrument_topic_memberships.csv,LEGACY_REFERENCE_AND_OWNER_MEMBERSHIP,FALSE
TPE,1708,東鹼,EQUITY,TWD,TRUE,ACTIVE,,,reports/TASK-WS1-INSTRUMENT-MASTER-V1-CANONICAL-UNIVERSE-UNIFICATION-20260824/legacy-507-instruments.json;instrument_topic_memberships.csv,LEGACY_REFERENCE_AND_OWNER_MEMBERSHIP,FALSE
TPE,1709,和益,EQUITY,TWD,TRUE,ACTIVE,,,expansion-reference-normalized-candidates.csv,OWNER_APPROVED_EXPANSION_ONLY,FALSE
TPE,1711,永光,EQUITY,TWD,TRUE,ACTIVE,,,reports/TASK-WS1-INSTRUMENT-MASTER-V1-CANONICAL-UNIVERSE-UNIFICATION-20260824/legacy-507-instruments.json;instrument_topic_memberships.csv,LEGACY_REFERENCE_AND_OWNER_MEMBERSHIP,FALSE
TPE,1714,和桐,EQUITY,TWD,TRUE,ACTIVE,,,reports/TASK-WS1-INSTRUMENT-MASTER-V1-CANONICAL-UNIVERSE-UNIFICATION-20260824/legacy-507-instruments.json;instrument_topic_memberships.csv,LEGACY_REFERENCE_AND_OWNER_MEMBERSHIP,FALSE
TPE,1717,長興,EQUITY,TWD,TRUE,ACTIVE,,,expansion-reference-normalized-candidates.csv;instrument_topic_memberships.csv,OWNER_EXPANSION_AND_MEMBERSHIP,FALSE
TPE,1718,中纖,EQUITY,TWD,TRUE,ACTIVE,,,expansion-reference-normalized-candidates.csv,OWNER_APPROVED_EXPANSION_ONLY,FALSE
TPE,1723,中碳,EQUITY,TWD,TRUE,ACTIVE,,,reports/TASK-WS1-INSTRUMENT-MASTER-V1-CANONICAL-UNIVERSE-UNIFICATION-20260824/legacy-507-instruments.json;instrument_topic_memberships.csv,LEGACY_REFERENCE_AND_OWNER_MEMBERSHIP,FALSE
TPE,1725,元禎,EQUITY,TWD,TRUE,ACTIVE,,,reports/TASK-WS1-INSTRUMENT-MASTER-V1-CANONICAL-UNIVERSE-UNIFICATION-20260824/legacy-507-instruments.json;instrument_topic_memberships.csv,LEGACY_REFERENCE_AND_OWNER_MEMBERSHIP,FALSE
TPE,1727,中華化,EQUITY,TWD,TRUE,ACTIVE,,,reports/TASK-WS1-INSTRUMENT-MASTER-V1-CANONICAL-UNIVERSE-UNIFICATION-20260824/legacy-507-instruments.json;instrument_topic_memberships.csv,LEGACY_REFERENCE_AND_OWNER_MEMBERSHIP,FALSE
TPE,1736,喬山,EQUITY,TWD,TRUE,ACTIVE,,,expansion-reference-normalized-candidates.csv,OWNER_APPROVED_EXPANSION_ONLY,FALSE
TPE,1773,勝一,EQUITY,TWD,TRUE,ACTIVE,,,reports/TASK-WS1-INSTRUMENT-MASTER-V1-CANONICAL-UNIVERSE-UNIFICATION-20260824/legacy-507-instruments.json;instrument_topic_memberships.csv,LEGACY_REFERENCE_AND_OWNER_MEMBERSHIP,FALSE
TPE,1795,美時,EQUITY,TWD,TRUE,ACTIVE,,,instrument_topic_memberships.csv,OWNER_MEMBERSHIP_IDENTITY_ONLY,FALSE
TPE,1802,台玻,EQUITY,TWD,TRUE,ACTIVE,,,reports/TASK-WS1-INSTRUMENT-MASTER-V1-CANONICAL-UNIVERSE-UNIFICATION-20260824/legacy-507-instruments.json;instrument_topic_memberships.csv,LEGACY_REFERENCE_AND_OWNER_MEMBERSHIP,FALSE
TPE,1809,中釉,EQUITY,TWD,TRUE,ACTIVE,,,expansion-reference-normalized-candidates.csv,OWNER_APPROVED_EXPANSION_ONLY,FALSE
TPE,1810,和成,EQUITY,TWD,TRUE,ACTIVE,,,reports/TASK-WS1-INSTRUMENT-MASTER-V1-CANONICAL-UNIVERSE-UNIFICATION-20260824/legacy-507-instruments.json;instrument_topic_memberships.csv,LEGACY_REFERENCE_AND_OWNER_MEMBERSHIP,FALSE
TPE,1909,榮成,EQUITY,TWD,TRUE,ACTIVE,,,expansion-reference-normalized-candidates.csv,OWNER_APPROVED_EXPANSION_ONLY,FALSE
TPE,2002,中鋼,EQUITY,TWD,TRUE,ACTIVE,,,reports/TASK-WS1-INSTRUMENT-MASTER-V1-CANONICAL-UNIVERSE-UNIFICATION-20260824/legacy-507-instruments.json;instrument_topic_memberships.csv,LEGACY_REFERENCE_AND_OWNER_MEMBERSHIP,FALSE
TPE,2007,燁興,EQUITY,TWD,TRUE,ACTIVE,,,reports/TASK-WS1-INSTRUMENT-MASTER-V1-CANONICAL-UNIVERSE-UNIFICATION-20260824/legacy-507-instruments.json;instrument_topic_memberships.csv,LEGACY_REFERENCE_AND_OWNER_MEMBERSHIP,FALSE
TPE,2009,第一銅,EQUITY,TWD,TRUE,ACTIVE,,,reports/TASK-WS1-INSTRUMENT-MASTER-V1-CANONICAL-UNIVERSE-UNIFICATION-20260824/legacy-507-instruments.json;instrument_topic_memberships.csv,LEGACY_REFERENCE_AND_OWNER_MEMBERSHIP,FALSE
TPE,2025,千興,EQUITY,TWD,TRUE,ACTIVE,,,reports/TASK-WS1-INSTRUMENT-MASTER-V1-CANONICAL-UNIVERSE-UNIFICATION-20260824/legacy-507-instruments.json;instrument_topic_memberships.csv,LEGACY_REFERENCE_AND_OWNER_MEMBERSHIP,FALSE
TPE,2027,大成鋼,EQUITY,TWD,TRUE,ACTIVE,,,reports/TASK-WS1-INSTRUMENT-MASTER-V1-CANONICAL-UNIVERSE-UNIFICATION-20260824/legacy-507-instruments.json;instrument_topic_memberships.csv,LEGACY_REFERENCE_AND_OWNER_MEMBERSHIP,FALSE
TPE,2031,新光鋼,EQUITY,TWD,TRUE,ACTIVE,,,reports/TASK-WS1-INSTRUMENT-MASTER-V1-CANONICAL-UNIVERSE-UNIFICATION-20260824/legacy-507-instruments.json;instrument_topic_memberships.csv,LEGACY_REFERENCE_AND_OWNER_MEMBERSHIP,FALSE
TPE,2034,允強,EQUITY,TWD,TRUE,ACTIVE,,,reports/TASK-WS1-INSTRUMENT-MASTER-V1-CANONICAL-UNIVERSE-UNIFICATION-20260824/legacy-507-instruments.json;instrument_topic_memberships.csv,LEGACY_REFERENCE_AND_OWNER_MEMBERSHIP,FALSE
TPE,2049,上銀,EQUITY,TWD,TRUE,ACTIVE,,,reports/TASK-WS1-INSTRUMENT-MASTER-V1-CANONICAL-UNIVERSE-UNIFICATION-20260824/legacy-507-instruments.json;instrument_topic_memberships.csv,LEGACY_REFERENCE_AND_OWNER_MEMBERSHIP,FALSE
TPE,2059,川湖,EQUITY,TWD,TRUE,ACTIVE,,,reports/TASK-WS1-INSTRUMENT-MASTER-V1-CANONICAL-UNIVERSE-UNIFICATION-20260824/legacy-507-instruments.json;instrument_topic_memberships.csv,LEGACY_REFERENCE_AND_OWNER_MEMBERSHIP,FALSE
TPE,2101,南港,EQUITY,TWD,TRUE,ACTIVE,,,expansion-reference-normalized-candidates.csv,OWNER_APPROVED_EXPANSION_ONLY,FALSE
TPE,2103,台橡,EQUITY,TWD,TRUE,ACTIVE,,,reports/TASK-WS1-INSTRUMENT-MASTER-V1-CANONICAL-UNIVERSE-UNIFICATION-20260824/legacy-507-instruments.json;instrument_topic_memberships.csv,LEGACY_REFERENCE_AND_OWNER_MEMBERSHIP,FALSE
TPE,2104,國際中橡,EQUITY,TWD,TRUE,ACTIVE,,,reports/TASK-WS1-INSTRUMENT-MASTER-V1-CANONICAL-UNIVERSE-UNIFICATION-20260824/legacy-507-instruments.json;instrument_topic_memberships.csv,LEGACY_REFERENCE_AND_OWNER_MEMBERSHIP,FALSE
TPE,2108,南帝,EQUITY,TWD,TRUE,ACTIVE,,,reports/TASK-WS1-INSTRUMENT-MASTER-V1-CANONICAL-UNIVERSE-UNIFICATION-20260824/legacy-507-instruments.json;instrument_topic_memberships.csv,LEGACY_REFERENCE_AND_OWNER_MEMBERSHIP,FALSE
TPE,2208,台船,EQUITY,TWD,TRUE,ACTIVE,,,expansion-reference-normalized-candidates.csv,OWNER_APPROVED_EXPANSION_ONLY,FALSE
TPE,2231,為升,EQUITY,TWD,TRUE,ACTIVE,,,expansion-reference-normalized-candidates.csv,OWNER_APPROVED_EXPANSION_ONLY,FALSE
TPE,2241,艾姆勒,EQUITY,TWD,TRUE,ACTIVE,,,reports/TASK-WS1-INSTRUMENT-MASTER-V1-CANONICAL-UNIVERSE-UNIFICATION-20260824/legacy-507-instruments.json;instrument_topic_memberships.csv,LEGACY_REFERENCE_AND_OWNER_MEMBERSHIP,FALSE
TPE,2243,宏旭-KY,EQUITY,TWD,TRUE,ACTIVE,,,reports/TASK-WS1-INSTRUMENT-MASTER-V1-CANONICAL-UNIVERSE-UNIFICATION-20260824/legacy-507-instruments.json;instrument_topic_memberships.csv,LEGACY_REFERENCE_AND_OWNER_MEMBERSHIP,FALSE
TPE,2301,光寶科,EQUITY,TWD,TRUE,ACTIVE,,,reports/TASK-WS1-INSTRUMENT-MASTER-V1-CANONICAL-UNIVERSE-UNIFICATION-20260824/legacy-507-instruments.json;instrument_topic_memberships.csv,LEGACY_REFERENCE_AND_OWNER_MEMBERSHIP,FALSE
TPE,2302,麗正,EQUITY,TWD,TRUE,ACTIVE,,,reports/TASK-WS1-INSTRUMENT-MASTER-V1-CANONICAL-UNIVERSE-UNIFICATION-20260824/legacy-507-instruments.json;instrument_topic_memberships.csv,LEGACY_REFERENCE_AND_OWNER_MEMBERSHIP,FALSE
TPE,2303,聯電,EQUITY,TWD,TRUE,ACTIVE,,,reports/TASK-WS1-INSTRUMENT-MASTER-V1-CANONICAL-UNIVERSE-UNIFICATION-20260824/legacy-507-instruments.json;instrument_topic_memberships.csv,LEGACY_REFERENCE_AND_OWNER_MEMBERSHIP,FALSE
TPE,2305,全友,EQUITY,TWD,TRUE,ACTIVE,,,reports/TASK-WS1-INSTRUMENT-MASTER-V1-CANONICAL-UNIVERSE-UNIFICATION-20260824/legacy-507-instruments.json;instrument_topic_memberships.csv,LEGACY_REFERENCE_AND_OWNER_MEMBERSHIP,FALSE
TPE,2308,台達電,EQUITY,TWD,TRUE,ACTIVE,,,reports/TASK-WS1-INSTRUMENT-MASTER-V1-CANONICAL-UNIVERSE-UNIFICATION-20260824/legacy-507-instruments.json;instrument_topic_memberships.csv,LEGACY_REFERENCE_AND_OWNER_MEMBERSHIP,FALSE
TPE,2312,金寶,EQUITY,TWD,TRUE,ACTIVE,,,reports/TASK-WS1-INSTRUMENT-MASTER-V1-CANONICAL-UNIVERSE-UNIFICATION-20260824/legacy-507-instruments.json;instrument_topic_memberships.csv,LEGACY_REFERENCE_AND_OWNER_MEMBERSHIP,FALSE
TPE,2313,華通,EQUITY,TWD,TRUE,ACTIVE,,,reports/TASK-WS1-INSTRUMENT-MASTER-V1-CANONICAL-UNIVERSE-UNIFICATION-20260824/legacy-507-instruments.json;instrument_topic_memberships.csv,LEGACY_REFERENCE_AND_OWNER_MEMBERSHIP,FALSE
TPE,2314,台揚,EQUITY,TWD,TRUE,ACTIVE,,,reports/TASK-WS1-INSTRUMENT-MASTER-V1-CANONICAL-UNIVERSE-UNIFICATION-20260824/legacy-507-instruments.json;instrument_topic_memberships.csv,LEGACY_REFERENCE_AND_OWNER_MEMBERSHIP,FALSE
TPE,2316,楠梓電,EQUITY,TWD,TRUE,ACTIVE,,,reports/TASK-WS1-INSTRUMENT-MASTER-V1-CANONICAL-UNIVERSE-UNIFICATION-20260824/legacy-507-instruments.json;instrument_topic_memberships.csv,LEGACY_REFERENCE_AND_OWNER_MEMBERSHIP,FALSE
TPE,2317,鴻海,EQUITY,TWD,TRUE,ACTIVE,,,reports/TASK-WS1-INSTRUMENT-MASTER-V1-CANONICAL-UNIVERSE-UNIFICATION-20260824/legacy-507-instruments.json;instrument_topic_memberships.csv,LEGACY_REFERENCE_AND_OWNER_MEMBERSHIP,FALSE
TPE,2324,仁寶,EQUITY,TWD,TRUE,ACTIVE,,,reports/TASK-WS1-INSTRUMENT-MASTER-V1-CANONICAL-UNIVERSE-UNIFICATION-20260824/legacy-507-instruments.json;instrument_topic_memberships.csv,LEGACY_REFERENCE_AND_OWNER_MEMBERSHIP,FALSE
TPE,2327,國巨,EQUITY,TWD,TRUE,ACTIVE,,,reports/TASK-WS1-INSTRUMENT-MASTER-V1-CANONICAL-UNIVERSE-UNIFICATION-20260824/legacy-507-instruments.json;instrument_topic_memberships.csv,LEGACY_REFERENCE_AND_OWNER_MEMBERSHIP,FALSE
TPE,2328,廣宇,EQUITY,TWD,TRUE,ACTIVE,,,expansion-reference-normalized-candidates.csv,OWNER_APPROVED_EXPANSION_ONLY,FALSE
TPE,2329,華泰,EQUITY,TWD,TRUE,ACTIVE,,,expansion-reference-normalized-candidates.csv;instrument_topic_memberships.csv,OWNER_EXPANSION_AND_MEMBERSHIP,FALSE
TPE,2330,台積電,EQUITY,TWD,TRUE,ACTIVE,,,reports/TASK-WS1-INSTRUMENT-MASTER-V1-CANONICAL-UNIVERSE-UNIFICATION-20260824/legacy-507-instruments.json;instrument_topic_memberships.csv,LEGACY_REFERENCE_AND_OWNER_MEMBERSHIP,FALSE
TPE,2331,精英,EQUITY,TWD,TRUE,ACTIVE,,,expansion-reference-normalized-candidates.csv,OWNER_APPROVED_EXPANSION_ONLY,FALSE
TPE,2332,友訊,EQUITY,TWD,TRUE,ACTIVE,,,reports/TASK-WS1-INSTRUMENT-MASTER-V1-CANONICAL-UNIVERSE-UNIFICATION-20260824/legacy-507-instruments.json;instrument_topic_memberships.csv,LEGACY_REFERENCE_AND_OWNER_MEMBERSHIP,FALSE
TPE,2337,旺宏,EQUITY,TWD,TRUE,ACTIVE,,,reports/TASK-WS1-INSTRUMENT-MASTER-V1-CANONICAL-UNIVERSE-UNIFICATION-20260824/legacy-507-instruments.json;instrument_topic_memberships.csv,LEGACY_REFERENCE_AND_OWNER_MEMBERSHIP,FALSE
TPE,2342,茂矽,EQUITY,TWD,TRUE,ACTIVE,,,reports/TASK-WS1-INSTRUMENT-MASTER-V1-CANONICAL-UNIVERSE-UNIFICATION-20260824/legacy-507-instruments.json;instrument_topic_memberships.csv,LEGACY_REFERENCE_AND_OWNER_MEMBERSHIP,FALSE
TPE,2344,華邦電,EQUITY,TWD,TRUE,ACTIVE,,,reports/TASK-WS1-INSTRUMENT-MASTER-V1-CANONICAL-UNIVERSE-UNIFICATION-20260824/legacy-507-instruments.json;instrument_topic_memberships.csv,LEGACY_REFERENCE_AND_OWNER_MEMBERSHIP,FALSE
TPE,2345,智邦,EQUITY,TWD,TRUE,ACTIVE,,,reports/TASK-WS1-INSTRUMENT-MASTER-V1-CANONICAL-UNIVERSE-UNIFICATION-20260824/legacy-507-instruments.json;instrument_topic_memberships.csv,LEGACY_REFERENCE_AND_OWNER_MEMBERSHIP,FALSE
TPE,2348,海悅,EQUITY,TWD,TRUE,ACTIVE,,,reports/TASK-WS1-INSTRUMENT-MASTER-V1-CANONICAL-UNIVERSE-UNIFICATION-20260824/legacy-507-instruments.json;instrument_topic_memberships.csv,LEGACY_REFERENCE_AND_OWNER_MEMBERSHIP,FALSE
TPE,2349,錸德,EQUITY,TWD,TRUE,ACTIVE,,,expansion-reference-normalized-candidates.csv,OWNER_APPROVED_EXPANSION_ONLY,FALSE
TPE,2351,順德,EQUITY,TWD,TRUE,ACTIVE,,,reports/TASK-WS1-INSTRUMENT-MASTER-V1-CANONICAL-UNIVERSE-UNIFICATION-20260824/legacy-507-instruments.json;instrument_topic_memberships.csv,LEGACY_REFERENCE_AND_OWNER_MEMBERSHIP,FALSE
TPE,2352,佳世達,EQUITY,TWD,TRUE,ACTIVE,,,reports/TASK-WS1-INSTRUMENT-MASTER-V1-CANONICAL-UNIVERSE-UNIFICATION-20260824/legacy-507-instruments.json;instrument_topic_memberships.csv,LEGACY_REFERENCE_AND_OWNER_MEMBERSHIP,FALSE
TPE,2353,宏碁,EQUITY,TWD,TRUE,ACTIVE,,,reports/TASK-WS1-INSTRUMENT-MASTER-V1-CANONICAL-UNIVERSE-UNIFICATION-20260824/legacy-507-instruments.json;instrument_topic_memberships.csv,LEGACY_REFERENCE_AND_OWNER_MEMBERSHIP,FALSE
TPE,2354,鴻準,EQUITY,TWD,TRUE,ACTIVE,,,expansion-reference-normalized-candidates.csv;instrument_topic_memberships.csv,OWNER_EXPANSION_AND_MEMBERSHIP,FALSE
TPE,2355,敬鵬,EQUITY,TWD,TRUE,ACTIVE,,,reports/TASK-WS1-INSTRUMENT-MASTER-V1-CANONICAL-UNIVERSE-UNIFICATION-20260824/legacy-507-instruments.json;instrument_topic_memberships.csv,LEGACY_REFERENCE_AND_OWNER_MEMBERSHIP,FALSE
TPE,2356,英業達,EQUITY,TWD,TRUE,ACTIVE,,,reports/TASK-WS1-INSTRUMENT-MASTER-V1-CANONICAL-UNIVERSE-UNIFICATION-20260824/legacy-507-instruments.json;instrument_topic_memberships.csv,LEGACY_REFERENCE_AND_OWNER_MEMBERSHIP,FALSE
TPE,2357,華碩,EQUITY,TWD,TRUE,ACTIVE,,,reports/TASK-WS1-INSTRUMENT-MASTER-V1-CANONICAL-UNIVERSE-UNIFICATION-20260824/legacy-507-instruments.json;instrument_topic_memberships.csv,LEGACY_REFERENCE_AND_OWNER_MEMBERSHIP,FALSE
TPE,2359,所羅門,EQUITY,TWD,TRUE,ACTIVE,,,reports/TASK-WS1-INSTRUMENT-MASTER-V1-CANONICAL-UNIVERSE-UNIFICATION-20260824/legacy-507-instruments.json;instrument_topic_memberships.csv,LEGACY_REFERENCE_AND_OWNER_MEMBERSHIP,FALSE
TPE,2360,致茂,EQUITY,TWD,TRUE,ACTIVE,,,reports/TASK-WS1-INSTRUMENT-MASTER-V1-CANONICAL-UNIVERSE-UNIFICATION-20260824/legacy-507-instruments.json;instrument_topic_memberships.csv,LEGACY_REFERENCE_AND_OWNER_MEMBERSHIP,FALSE
TPE,2367,燿華,EQUITY,TWD,TRUE,ACTIVE,,,reports/TASK-WS1-INSTRUMENT-MASTER-V1-CANONICAL-UNIVERSE-UNIFICATION-20260824/legacy-507-instruments.json;instrument_topic_memberships.csv,LEGACY_REFERENCE_AND_OWNER_MEMBERSHIP,FALSE
TPE,2368,金像電,EQUITY,TWD,TRUE,ACTIVE,,,reports/TASK-WS1-INSTRUMENT-MASTER-V1-CANONICAL-UNIVERSE-UNIFICATION-20260824/legacy-507-instruments.json;instrument_topic_memberships.csv,LEGACY_REFERENCE_AND_OWNER_MEMBERSHIP,FALSE
TPE,2369,菱生,EQUITY,TWD,TRUE,ACTIVE,,,reports/TASK-WS1-INSTRUMENT-MASTER-V1-CANONICAL-UNIVERSE-UNIFICATION-20260824/legacy-507-instruments.json;instrument_topic_memberships.csv,LEGACY_REFERENCE_AND_OWNER_MEMBERSHIP,FALSE
TPE,2371,大同,EQUITY,TWD,TRUE,ACTIVE,,,expansion-reference-normalized-candidates.csv;instrument_topic_memberships.csv,OWNER_EXPANSION_AND_MEMBERSHIP,FALSE
TPE,2374,佳能,EQUITY,TWD,TRUE,ACTIVE,,,instrument_topic_memberships.csv,OWNER_MEMBERSHIP_IDENTITY_ONLY,FALSE
TPE,2375,凱美,EQUITY,TWD,TRUE,ACTIVE,,,reports/TASK-WS1-INSTRUMENT-MASTER-V1-CANONICAL-UNIVERSE-UNIFICATION-20260824/legacy-507-instruments.json;instrument_topic_memberships.csv,LEGACY_REFERENCE_AND_OWNER_MEMBERSHIP,FALSE
TPE,2376,技嘉,EQUITY,TWD,TRUE,ACTIVE,,,reports/TASK-WS1-INSTRUMENT-MASTER-V1-CANONICAL-UNIVERSE-UNIFICATION-20260824/legacy-507-instruments.json;instrument_topic_memberships.csv,LEGACY_REFERENCE_AND_OWNER_MEMBERSHIP,FALSE
TPE,2377,微星,EQUITY,TWD,TRUE,ACTIVE,,,reports/TASK-WS1-INSTRUMENT-MASTER-V1-CANONICAL-UNIVERSE-UNIFICATION-20260824/legacy-507-instruments.json;instrument_topic_memberships.csv,LEGACY_REFERENCE_AND_OWNER_MEMBERSHIP,FALSE
TPE,2379,瑞昱,EQUITY,TWD,TRUE,ACTIVE,,,reports/TASK-WS1-INSTRUMENT-MASTER-V1-CANONICAL-UNIVERSE-UNIFICATION-20260824/legacy-507-instruments.json;instrument_topic_memberships.csv,LEGACY_REFERENCE_AND_OWNER_MEMBERSHIP,FALSE
TPE,2382,廣達,EQUITY,TWD,TRUE,ACTIVE,,,reports/TASK-WS1-INSTRUMENT-MASTER-V1-CANONICAL-UNIVERSE-UNIFICATION-20260824/legacy-507-instruments.json;instrument_topic_memberships.csv,LEGACY_REFERENCE_AND_OWNER_MEMBERSHIP,FALSE
TPE,2383,台光電,EQUITY,TWD,TRUE,ACTIVE,,,reports/TASK-WS1-INSTRUMENT-MASTER-V1-CANONICAL-UNIVERSE-UNIFICATION-20260824/legacy-507-instruments.json;instrument_topic_memberships.csv,LEGACY_REFERENCE_AND_OWNER_MEMBERSHIP,FALSE
TPE,2388,威盛,EQUITY,TWD,TRUE,ACTIVE,,,reports/TASK-WS1-INSTRUMENT-MASTER-V1-CANONICAL-UNIVERSE-UNIFICATION-20260824/legacy-507-instruments.json;instrument_topic_memberships.csv,LEGACY_REFERENCE_AND_OWNER_MEMBERSHIP,FALSE
TPE,2395,研華,EQUITY,TWD,TRUE,ACTIVE,,,reports/TASK-WS1-INSTRUMENT-MASTER-V1-CANONICAL-UNIVERSE-UNIFICATION-20260824/legacy-507-instruments.json;instrument_topic_memberships.csv,LEGACY_REFERENCE_AND_OWNER_MEMBERSHIP,FALSE
TPE,2399,映泰,EQUITY,TWD,TRUE,ACTIVE,,,reports/TASK-WS1-INSTRUMENT-MASTER-V1-CANONICAL-UNIVERSE-UNIFICATION-20260824/legacy-507-instruments.json;instrument_topic_memberships.csv,LEGACY_REFERENCE_AND_OWNER_MEMBERSHIP,FALSE
TPE,2401,凌陽,EQUITY,TWD,TRUE,ACTIVE,,,reports/TASK-WS1-INSTRUMENT-MASTER-V1-CANONICAL-UNIVERSE-UNIFICATION-20260824/legacy-507-instruments.json;instrument_topic_memberships.csv,LEGACY_REFERENCE_AND_OWNER_MEMBERSHIP,FALSE
TPE,2406,國碩,EQUITY,TWD,TRUE,ACTIVE,,,reports/TASK-WS1-INSTRUMENT-MASTER-V1-CANONICAL-UNIVERSE-UNIFICATION-20260824/legacy-507-instruments.json;instrument_topic_memberships.csv,LEGACY_REFERENCE_AND_OWNER_MEMBERSHIP,FALSE
TPE,2408,南亞科,EQUITY,TWD,TRUE,ACTIVE,,,reports/TASK-WS1-INSTRUMENT-MASTER-V1-CANONICAL-UNIVERSE-UNIFICATION-20260824/legacy-507-instruments.json;instrument_topic_memberships.csv,LEGACY_REFERENCE_AND_OWNER_MEMBERSHIP,FALSE
TPE,2409,友達,EQUITY,TWD,TRUE,ACTIVE,,,reports/TASK-WS1-INSTRUMENT-MASTER-V1-CANONICAL-UNIVERSE-UNIFICATION-20260824/legacy-507-instruments.json;instrument_topic_memberships.csv,LEGACY_REFERENCE_AND_OWNER_MEMBERSHIP,FALSE
TPE,2413,環科,EQUITY,TWD,TRUE,ACTIVE,,,reports/TASK-WS1-INSTRUMENT-MASTER-V1-CANONICAL-UNIVERSE-UNIFICATION-20260824/legacy-507-instruments.json;instrument_topic_memberships.csv,LEGACY_REFERENCE_AND_OWNER_MEMBERSHIP,FALSE
TPE,2414,精技,EQUITY,TWD,TRUE,ACTIVE,,,reports/TASK-WS1-INSTRUMENT-MASTER-V1-CANONICAL-UNIVERSE-UNIFICATION-20260824/legacy-507-instruments.json,LEGACY_REFERENCE_ONLY,FALSE
TPE,2421,建準,EQUITY,TWD,TRUE,ACTIVE,,,reports/TASK-WS1-INSTRUMENT-MASTER-V1-CANONICAL-UNIVERSE-UNIFICATION-20260824/legacy-507-instruments.json;instrument_topic_memberships.csv,LEGACY_REFERENCE_AND_OWNER_MEMBERSHIP,FALSE
TPE,2424,隴華,EQUITY,TWD,TRUE,ACTIVE,,,reports/TASK-WS1-INSTRUMENT-MASTER-V1-CANONICAL-UNIVERSE-UNIFICATION-20260824/legacy-507-instruments.json;instrument_topic_memberships.csv,LEGACY_REFERENCE_AND_OWNER_MEMBERSHIP,FALSE
TPE,2425,承啟,EQUITY,TWD,TRUE,ACTIVE,,,reports/TASK-WS1-INSTRUMENT-MASTER-V1-CANONICAL-UNIVERSE-UNIFICATION-20260824/legacy-507-instruments.json;instrument_topic_memberships.csv,LEGACY_REFERENCE_AND_OWNER_MEMBERSHIP,FALSE
TPE,2426,鼎元,EQUITY,TWD,TRUE,ACTIVE,,,reports/TASK-WS1-INSTRUMENT-MASTER-V1-CANONICAL-UNIVERSE-UNIFICATION-20260824/legacy-507-instruments.json;instrument_topic_memberships.csv,LEGACY_REFERENCE_AND_OWNER_MEMBERSHIP,FALSE
TPE,2428,興勤,EQUITY,TWD,TRUE,ACTIVE,,,reports/TASK-WS1-INSTRUMENT-MASTER-V1-CANONICAL-UNIVERSE-UNIFICATION-20260824/legacy-507-instruments.json;instrument_topic_memberships.csv,LEGACY_REFERENCE_AND_OWNER_MEMBERSHIP,FALSE
TPE,2434,統懋,EQUITY,TWD,TRUE,ACTIVE,,,reports/TASK-WS1-INSTRUMENT-MASTER-V1-CANONICAL-UNIVERSE-UNIFICATION-20260824/legacy-507-instruments.json;instrument_topic_memberships.csv,LEGACY_REFERENCE_AND_OWNER_MEMBERSHIP,FALSE
TPE,2436,偉詮電,EQUITY,TWD,TRUE,ACTIVE,,,expansion-reference-normalized-candidates.csv;instrument_topic_memberships.csv,OWNER_EXPANSION_AND_MEMBERSHIP,FALSE
TPE,2441,超豐,EQUITY,TWD,TRUE,ACTIVE,,,reports/TASK-WS1-INSTRUMENT-MASTER-V1-CANONICAL-UNIVERSE-UNIFICATION-20260824/legacy-507-instruments.json;instrument_topic_memberships.csv,LEGACY_REFERENCE_AND_OWNER_MEMBERSHIP,FALSE
TPE,2449,京元電子,EQUITY,TWD,TRUE,ACTIVE,,,reports/TASK-WS1-INSTRUMENT-MASTER-V1-CANONICAL-UNIVERSE-UNIFICATION-20260824/legacy-507-instruments.json;instrument_topic_memberships.csv,LEGACY_REFERENCE_AND_OWNER_MEMBERSHIP,FALSE
TPE,2451,創見,EQUITY,TWD,TRUE,ACTIVE,,,reports/TASK-WS1-INSTRUMENT-MASTER-V1-CANONICAL-UNIVERSE-UNIFICATION-20260824/legacy-507-instruments.json;instrument_topic_memberships.csv,LEGACY_REFERENCE_AND_OWNER_MEMBERSHIP,FALSE
TPE,2454,聯發科,EQUITY,TWD,TRUE,ACTIVE,,,reports/TASK-WS1-INSTRUMENT-MASTER-V1-CANONICAL-UNIVERSE-UNIFICATION-20260824/legacy-507-instruments.json;instrument_topic_memberships.csv,LEGACY_REFERENCE_AND_OWNER_MEMBERSHIP,FALSE
TPE,2455,全新,EQUITY,TWD,TRUE,ACTIVE,,,reports/TASK-WS1-INSTRUMENT-MASTER-V1-CANONICAL-UNIVERSE-UNIFICATION-20260824/legacy-507-instruments.json;instrument_topic_memberships.csv,LEGACY_REFERENCE_AND_OWNER_MEMBERSHIP,FALSE
TPE,2457,飛宏,EQUITY,TWD,TRUE,ACTIVE,,,reports/TASK-WS1-INSTRUMENT-MASTER-V1-CANONICAL-UNIVERSE-UNIFICATION-20260824/legacy-507-instruments.json;instrument_topic_memberships.csv,LEGACY_REFERENCE_AND_OWNER_MEMBERSHIP,FALSE
TPE,2458,義隆,EQUITY,TWD,TRUE,ACTIVE,,,instrument_topic_memberships.csv,OWNER_MEMBERSHIP_IDENTITY_ONLY,FALSE
TPE,2460,建通,EQUITY,TWD,TRUE,ACTIVE,,,reports/TASK-WS1-INSTRUMENT-MASTER-V1-CANONICAL-UNIVERSE-UNIFICATION-20260824/legacy-507-instruments.json;instrument_topic_memberships.csv,LEGACY_REFERENCE_AND_OWNER_MEMBERSHIP,FALSE
TPE,2464,盟立,EQUITY,TWD,TRUE,ACTIVE,,,reports/TASK-WS1-INSTRUMENT-MASTER-V1-CANONICAL-UNIVERSE-UNIFICATION-20260824/legacy-507-instruments.json;instrument_topic_memberships.csv,LEGACY_REFERENCE_AND_OWNER_MEMBERSHIP,FALSE
TPE,2465,麗臺,EQUITY,TWD,TRUE,ACTIVE,,,reports/TASK-WS1-INSTRUMENT-MASTER-V1-CANONICAL-UNIVERSE-UNIFICATION-20260824/legacy-507-instruments.json;instrument_topic_memberships.csv,LEGACY_REFERENCE_AND_OWNER_MEMBERSHIP,FALSE
TPE,2466,冠西電,EQUITY,TWD,TRUE,ACTIVE,,,reports/TASK-WS1-INSTRUMENT-MASTER-V1-CANONICAL-UNIVERSE-UNIFICATION-20260824/legacy-507-instruments.json;instrument_topic_memberships.csv,LEGACY_REFERENCE_AND_OWNER_MEMBERSHIP,FALSE
TPE,2467,志聖,EQUITY,TWD,TRUE,ACTIVE,,,reports/TASK-WS1-INSTRUMENT-MASTER-V1-CANONICAL-UNIVERSE-UNIFICATION-20260824/legacy-507-instruments.json;instrument_topic_memberships.csv,LEGACY_REFERENCE_AND_OWNER_MEMBERSHIP,FALSE
TPE,2472,立隆電,EQUITY,TWD,TRUE,ACTIVE,,,reports/TASK-WS1-INSTRUMENT-MASTER-V1-CANONICAL-UNIVERSE-UNIFICATION-20260824/legacy-507-instruments.json;instrument_topic_memberships.csv,LEGACY_REFERENCE_AND_OWNER_MEMBERSHIP,FALSE
TPE,2474,可成,EQUITY,TWD,TRUE,ACTIVE,,,reports/TASK-WS1-INSTRUMENT-MASTER-V1-CANONICAL-UNIVERSE-UNIFICATION-20260824/legacy-507-instruments.json;instrument_topic_memberships.csv,LEGACY_REFERENCE_AND_OWNER_MEMBERSHIP,FALSE
TPE,2478,大毅,EQUITY,TWD,TRUE,ACTIVE,,,reports/TASK-WS1-INSTRUMENT-MASTER-V1-CANONICAL-UNIVERSE-UNIFICATION-20260824/legacy-507-instruments.json;instrument_topic_memberships.csv,LEGACY_REFERENCE_AND_OWNER_MEMBERSHIP,FALSE
TPE,2481,強茂,EQUITY,TWD,TRUE,ACTIVE,,,reports/TASK-WS1-INSTRUMENT-MASTER-V1-CANONICAL-UNIVERSE-UNIFICATION-20260824/legacy-507-instruments.json;instrument_topic_memberships.csv,LEGACY_REFERENCE_AND_OWNER_MEMBERSHIP,FALSE
TPE,2483,百容,EQUITY,TWD,TRUE,ACTIVE,,,reports/TASK-WS1-INSTRUMENT-MASTER-V1-CANONICAL-UNIVERSE-UNIFICATION-20260824/legacy-507-instruments.json;instrument_topic_memberships.csv,LEGACY_REFERENCE_AND_OWNER_MEMBERSHIP,FALSE
TPE,2484,希華,EQUITY,TWD,TRUE,ACTIVE,,,reports/TASK-WS1-INSTRUMENT-MASTER-V1-CANONICAL-UNIVERSE-UNIFICATION-20260824/legacy-507-instruments.json;instrument_topic_memberships.csv,LEGACY_REFERENCE_AND_OWNER_MEMBERSHIP,FALSE
TPE,2485,兆赫,EQUITY,TWD,TRUE,ACTIVE,,,reports/TASK-WS1-INSTRUMENT-MASTER-V1-CANONICAL-UNIVERSE-UNIFICATION-20260824/legacy-507-instruments.json;instrument_topic_memberships.csv,LEGACY_REFERENCE_AND_OWNER_MEMBERSHIP,FALSE
TPE,2486,一航,EQUITY,TWD,TRUE,ACTIVE,,,reports/TASK-WS1-INSTRUMENT-MASTER-V1-CANONICAL-UNIVERSE-UNIFICATION-20260824/legacy-507-instruments.json;instrument_topic_memberships.csv,LEGACY_REFERENCE_AND_OWNER_MEMBERSHIP,FALSE
TPE,2491,吉祥全,EQUITY,TWD,TRUE,ACTIVE,,,reports/TASK-WS1-INSTRUMENT-MASTER-V1-CANONICAL-UNIVERSE-UNIFICATION-20260824/legacy-507-instruments.json;instrument_topic_memberships.csv,LEGACY_REFERENCE_AND_OWNER_MEMBERSHIP,FALSE
TPE,2492,華新科,EQUITY,TWD,TRUE,ACTIVE,,,reports/TASK-WS1-INSTRUMENT-MASTER-V1-CANONICAL-UNIVERSE-UNIFICATION-20260824/legacy-507-instruments.json;instrument_topic_memberships.csv,LEGACY_REFERENCE_AND_OWNER_MEMBERSHIP,FALSE
TPE,2493,揚博,EQUITY,TWD,TRUE,ACTIVE,,,reports/TASK-WS1-INSTRUMENT-MASTER-V1-CANONICAL-UNIVERSE-UNIFICATION-20260824/legacy-507-instruments.json;instrument_topic_memberships.csv,LEGACY_REFERENCE_AND_OWNER_MEMBERSHIP,FALSE
TPE,2498,宏達電,EQUITY,TWD,TRUE,ACTIVE,,,reports/TASK-WS1-INSTRUMENT-MASTER-V1-CANONICAL-UNIVERSE-UNIFICATION-20260824/legacy-507-instruments.json,LEGACY_REFERENCE_ONLY,FALSE
TPE,2501,國建,EQUITY,TWD,TRUE,ACTIVE,,,reports/TASK-WS1-INSTRUMENT-MASTER-V1-CANONICAL-UNIVERSE-UNIFICATION-20260824/legacy-507-instruments.json;instrument_topic_memberships.csv,LEGACY_REFERENCE_AND_OWNER_MEMBERSHIP,FALSE
TPE,2511,太子,EQUITY,TWD,TRUE,ACTIVE,,,reports/TASK-WS1-INSTRUMENT-MASTER-V1-CANONICAL-UNIVERSE-UNIFICATION-20260824/legacy-507-instruments.json;instrument_topic_memberships.csv,LEGACY_REFERENCE_AND_OWNER_MEMBERSHIP,FALSE
TPE,2520,冠德,EQUITY,TWD,TRUE,ACTIVE,,,reports/TASK-WS1-INSTRUMENT-MASTER-V1-CANONICAL-UNIVERSE-UNIFICATION-20260824/legacy-507-instruments.json;instrument_topic_memberships.csv,LEGACY_REFERENCE_AND_OWNER_MEMBERSHIP,FALSE
TPE,2527,宏璟,EQUITY,TWD,TRUE,ACTIVE,,,reports/TASK-WS1-INSTRUMENT-MASTER-V1-CANONICAL-UNIVERSE-UNIFICATION-20260824/legacy-507-instruments.json;instrument_topic_memberships.csv,LEGACY_REFERENCE_AND_OWNER_MEMBERSHIP,FALSE
TPE,2535,達欣工,EQUITY,TWD,TRUE,ACTIVE,,,reports/TASK-WS1-INSTRUMENT-MASTER-V1-CANONICAL-UNIVERSE-UNIFICATION-20260824/legacy-507-instruments.json;instrument_topic_memberships.csv,LEGACY_REFERENCE_AND_OWNER_MEMBERSHIP,FALSE
TPE,2536,宏普,EQUITY,TWD,TRUE,ACTIVE,,,reports/TASK-WS1-INSTRUMENT-MASTER-V1-CANONICAL-UNIVERSE-UNIFICATION-20260824/legacy-507-instruments.json;instrument_topic_memberships.csv,LEGACY_REFERENCE_AND_OWNER_MEMBERSHIP,FALSE
TPE,2539,櫻花建,EQUITY,TWD,TRUE,ACTIVE,,,reports/TASK-WS1-INSTRUMENT-MASTER-V1-CANONICAL-UNIVERSE-UNIFICATION-20260824/legacy-507-instruments.json;instrument_topic_memberships.csv,LEGACY_REFERENCE_AND_OWNER_MEMBERSHIP,FALSE
TPE,2542,興富發,EQUITY,TWD,TRUE,ACTIVE,,,reports/TASK-WS1-INSTRUMENT-MASTER-V1-CANONICAL-UNIVERSE-UNIFICATION-20260824/legacy-507-instruments.json;instrument_topic_memberships.csv,LEGACY_REFERENCE_AND_OWNER_MEMBERSHIP,FALSE
TPE,2546,根基,EQUITY,TWD,TRUE,ACTIVE,,,reports/TASK-WS1-INSTRUMENT-MASTER-V1-CANONICAL-UNIVERSE-UNIFICATION-20260824/legacy-507-instruments.json;instrument_topic_memberships.csv,LEGACY_REFERENCE_AND_OWNER_MEMBERSHIP,FALSE
TPE,2548,華固,EQUITY,TWD,TRUE,ACTIVE,,,reports/TASK-WS1-INSTRUMENT-MASTER-V1-CANONICAL-UNIVERSE-UNIFICATION-20260824/legacy-507-instruments.json;instrument_topic_memberships.csv,LEGACY_REFERENCE_AND_OWNER_MEMBERSHIP,FALSE
TPE,2601,益航,EQUITY,TWD,TRUE,ACTIVE,,,expansion-reference-normalized-candidates.csv;instrument_topic_memberships.csv,OWNER_EXPANSION_AND_MEMBERSHIP,FALSE
TPE,2603,長榮,EQUITY,TWD,TRUE,ACTIVE,,,expansion-reference-normalized-candidates.csv;instrument_topic_memberships.csv,OWNER_EXPANSION_AND_MEMBERSHIP,FALSE
TPE,2605,新興,EQUITY,TWD,TRUE,ACTIVE,,,expansion-reference-normalized-candidates.csv;instrument_topic_memberships.csv,OWNER_EXPANSION_AND_MEMBERSHIP,FALSE
TPE,2606,裕民,EQUITY,TWD,TRUE,ACTIVE,,,expansion-reference-normalized-candidates.csv;instrument_topic_memberships.csv,OWNER_EXPANSION_AND_MEMBERSHIP,FALSE
TPE,2609,陽明,EQUITY,TWD,TRUE,ACTIVE,,,expansion-reference-normalized-candidates.csv;instrument_topic_memberships.csv,OWNER_EXPANSION_AND_MEMBERSHIP,FALSE
TPE,2610,華航,EQUITY,TWD,TRUE,ACTIVE,,,expansion-reference-normalized-candidates.csv;instrument_topic_memberships.csv,OWNER_EXPANSION_AND_MEMBERSHIP,FALSE
TPE,2611,志信,EQUITY,TWD,TRUE,ACTIVE,,,expansion-reference-normalized-candidates.csv;instrument_topic_memberships.csv,OWNER_EXPANSION_AND_MEMBERSHIP,FALSE
TPE,2613,中櫃,EQUITY,TWD,TRUE,ACTIVE,,,expansion-reference-normalized-candidates.csv;instrument_topic_memberships.csv,OWNER_EXPANSION_AND_MEMBERSHIP,FALSE
TPE,2615,萬海,EQUITY,TWD,TRUE,ACTIVE,,,expansion-reference-normalized-candidates.csv;instrument_topic_memberships.csv,OWNER_EXPANSION_AND_MEMBERSHIP,FALSE
TPE,2617,台航,EQUITY,TWD,TRUE,ACTIVE,,,expansion-reference-normalized-candidates.csv;instrument_topic_memberships.csv,OWNER_EXPANSION_AND_MEMBERSHIP,FALSE
TPE,2618,長榮航,EQUITY,TWD,TRUE,ACTIVE,,,instrument_topic_memberships.csv,OWNER_MEMBERSHIP_IDENTITY_ONLY,FALSE
TPE,2630,亞航,EQUITY,TWD,TRUE,ACTIVE,,,reports/TASK-WS1-INSTRUMENT-MASTER-V1-CANONICAL-UNIVERSE-UNIFICATION-20260824/legacy-507-instruments.json;instrument_topic_memberships.csv,LEGACY_REFERENCE_AND_OWNER_MEMBERSHIP,FALSE
TPE,2634,漢翔,EQUITY,TWD,TRUE,ACTIVE,,,reports/TASK-WS1-INSTRUMENT-MASTER-V1-CANONICAL-UNIVERSE-UNIFICATION-20260824/legacy-507-instruments.json;instrument_topic_memberships.csv,LEGACY_REFERENCE_AND_OWNER_MEMBERSHIP,FALSE
TPE,2636,台驊控股,EQUITY,TWD,TRUE,ACTIVE,,,expansion-reference-normalized-candidates.csv;instrument_topic_memberships.csv,OWNER_EXPANSION_AND_MEMBERSHIP,FALSE
TPE,2644,中信造船,EQUITY,TWD,TRUE,ACTIVE,,,instrument_topic_memberships.csv,OWNER_MEMBERSHIP_IDENTITY_ONLY,FALSE
TPE,2645,長榮航太,EQUITY,TWD,TRUE,ACTIVE,,,reports/TASK-WS1-INSTRUMENT-MASTER-V1-CANONICAL-UNIVERSE-UNIFICATION-20260824/legacy-507-instruments.json;instrument_topic_memberships.csv,LEGACY_REFERENCE_AND_OWNER_MEMBERSHIP,FALSE
TPE,2646,星宇航空,EQUITY,TWD,TRUE,ACTIVE,,,expansion-reference-normalized-candidates.csv;instrument_topic_memberships.csv,OWNER_EXPANSION_AND_MEMBERSHIP,FALSE
TPE,2851,中再保,EQUITY,TWD,TRUE,ACTIVE,,,expansion-reference-normalized-candidates.csv,OWNER_APPROVED_EXPANSION_ONLY,FALSE
TPE,3003,健策,EQUITY,TWD,TRUE,ACTIVE,,,reports/TASK-WS1-INSTRUMENT-MASTER-V1-CANONICAL-UNIVERSE-UNIFICATION-20260824/legacy-507-instruments.json;instrument_topic_memberships.csv,LEGACY_REFERENCE_AND_OWNER_MEMBERSHIP,FALSE
TPE,3004,豐達科,EQUITY,TWD,TRUE,ACTIVE,,,reports/TASK-WS1-INSTRUMENT-MASTER-V1-CANONICAL-UNIVERSE-UNIFICATION-20260824/legacy-507-instruments.json;instrument_topic_memberships.csv,LEGACY_REFERENCE_AND_OWNER_MEMBERSHIP,FALSE
TPE,3005,神基,EQUITY,TWD,TRUE,ACTIVE,,,reports/TASK-WS1-INSTRUMENT-MASTER-V1-CANONICAL-UNIVERSE-UNIFICATION-20260824/legacy-507-instruments.json;instrument_topic_memberships.csv,LEGACY_REFERENCE_AND_OWNER_MEMBERSHIP,FALSE
TPE,3006,晶豪科,EQUITY,TWD,TRUE,ACTIVE,,,reports/TASK-WS1-INSTRUMENT-MASTER-V1-CANONICAL-UNIVERSE-UNIFICATION-20260824/legacy-507-instruments.json;instrument_topic_memberships.csv,LEGACY_REFERENCE_AND_OWNER_MEMBERSHIP,FALSE
TPE,3008,大立光,EQUITY,TWD,TRUE,ACTIVE,,,reports/TASK-WS1-INSTRUMENT-MASTER-V1-CANONICAL-UNIVERSE-UNIFICATION-20260824/legacy-507-instruments.json;instrument_topic_memberships.csv,LEGACY_REFERENCE_AND_OWNER_MEMBERSHIP,FALSE
TPE,3010,華立,EQUITY,TWD,TRUE,ACTIVE,,,instrument_topic_memberships.csv,OWNER_MEMBERSHIP_IDENTITY_ONLY,FALSE
TPE,3013,晟銘電,EQUITY,TWD,TRUE,ACTIVE,,,reports/TASK-WS1-INSTRUMENT-MASTER-V1-CANONICAL-UNIVERSE-UNIFICATION-20260824/legacy-507-instruments.json;instrument_topic_memberships.csv,LEGACY_REFERENCE_AND_OWNER_MEMBERSHIP,FALSE
TPE,3015,全漢,EQUITY,TWD,TRUE,ACTIVE,,,reports/TASK-WS1-INSTRUMENT-MASTER-V1-CANONICAL-UNIVERSE-UNIFICATION-20260824/legacy-507-instruments.json;instrument_topic_memberships.csv,LEGACY_REFERENCE_AND_OWNER_MEMBERSHIP,FALSE
TPE,3016,嘉晶,EQUITY,TWD,TRUE,ACTIVE,,,reports/TASK-WS1-INSTRUMENT-MASTER-V1-CANONICAL-UNIVERSE-UNIFICATION-20260824/legacy-507-instruments.json;instrument_topic_memberships.csv,LEGACY_REFERENCE_AND_OWNER_MEMBERSHIP,FALSE
TPE,3017,奇鋐,EQUITY,TWD,TRUE,ACTIVE,,,reports/TASK-WS1-INSTRUMENT-MASTER-V1-CANONICAL-UNIVERSE-UNIFICATION-20260824/legacy-507-instruments.json;instrument_topic_memberships.csv,LEGACY_REFERENCE_AND_OWNER_MEMBERSHIP,FALSE
TPE,3021,鴻名,EQUITY,TWD,TRUE,ACTIVE,,,reports/TASK-WS1-INSTRUMENT-MASTER-V1-CANONICAL-UNIVERSE-UNIFICATION-20260824/legacy-507-instruments.json;instrument_topic_memberships.csv,LEGACY_REFERENCE_AND_OWNER_MEMBERSHIP,FALSE
TPE,3022,威強電,EQUITY,TWD,TRUE,ACTIVE,,,reports/TASK-WS1-INSTRUMENT-MASTER-V1-CANONICAL-UNIVERSE-UNIFICATION-20260824/legacy-507-instruments.json;instrument_topic_memberships.csv,LEGACY_REFERENCE_AND_OWNER_MEMBERSHIP,FALSE
TPE,3023,信邦,EQUITY,TWD,TRUE,ACTIVE,,,reports/TASK-WS1-INSTRUMENT-MASTER-V1-CANONICAL-UNIVERSE-UNIFICATION-20260824/legacy-507-instruments.json;instrument_topic_memberships.csv,LEGACY_REFERENCE_AND_OWNER_MEMBERSHIP,FALSE
TPE,3026,禾伸堂,EQUITY,TWD,TRUE,ACTIVE,,,reports/TASK-WS1-INSTRUMENT-MASTER-V1-CANONICAL-UNIVERSE-UNIFICATION-20260824/legacy-507-instruments.json;instrument_topic_memberships.csv,LEGACY_REFERENCE_AND_OWNER_MEMBERSHIP,FALSE
TPE,3029,零壹,EQUITY,TWD,TRUE,ACTIVE,,,reports/TASK-WS1-INSTRUMENT-MASTER-V1-CANONICAL-UNIVERSE-UNIFICATION-20260824/legacy-507-instruments.json;instrument_topic_memberships.csv,LEGACY_REFERENCE_AND_OWNER_MEMBERSHIP,FALSE
TPE,3034,聯詠,EQUITY,TWD,TRUE,ACTIVE,,,reports/TASK-WS1-INSTRUMENT-MASTER-V1-CANONICAL-UNIVERSE-UNIFICATION-20260824/legacy-507-instruments.json;instrument_topic_memberships.csv,LEGACY_REFERENCE_AND_OWNER_MEMBERSHIP,FALSE
TPE,3035,智原,EQUITY,TWD,TRUE,ACTIVE,,,reports/TASK-WS1-INSTRUMENT-MASTER-V1-CANONICAL-UNIVERSE-UNIFICATION-20260824/legacy-507-instruments.json;instrument_topic_memberships.csv,LEGACY_REFERENCE_AND_OWNER_MEMBERSHIP,FALSE
TPE,3036,文曄,EQUITY,TWD,TRUE,ACTIVE,,,expansion-reference-normalized-candidates.csv;instrument_topic_memberships.csv,OWNER_EXPANSION_AND_MEMBERSHIP,FALSE
TPE,3037,欣興,EQUITY,TWD,TRUE,ACTIVE,,,reports/TASK-WS1-INSTRUMENT-MASTER-V1-CANONICAL-UNIVERSE-UNIFICATION-20260824/legacy-507-instruments.json;instrument_topic_memberships.csv,LEGACY_REFERENCE_AND_OWNER_MEMBERSHIP,FALSE
TPE,3042,晶技,EQUITY,TWD,TRUE,ACTIVE,,,reports/TASK-WS1-INSTRUMENT-MASTER-V1-CANONICAL-UNIVERSE-UNIFICATION-20260824/legacy-507-instruments.json;instrument_topic_memberships.csv,LEGACY_REFERENCE_AND_OWNER_MEMBERSHIP,FALSE
TPE,3044,健鼎,EQUITY,TWD,TRUE,ACTIVE,,,reports/TASK-WS1-INSTRUMENT-MASTER-V1-CANONICAL-UNIVERSE-UNIFICATION-20260824/legacy-507-instruments.json;instrument_topic_memberships.csv,LEGACY_REFERENCE_AND_OWNER_MEMBERSHIP,FALSE
TPE,3048,益登,EQUITY,TWD,TRUE,ACTIVE,,,reports/TASK-WS1-INSTRUMENT-MASTER-V1-CANONICAL-UNIVERSE-UNIFICATION-20260824/legacy-507-instruments.json;instrument_topic_memberships.csv,LEGACY_REFERENCE_AND_OWNER_MEMBERSHIP,FALSE
TPE,3055,蔚華科,EQUITY,TWD,TRUE,ACTIVE,,,reports/TASK-WS1-INSTRUMENT-MASTER-V1-CANONICAL-UNIVERSE-UNIFICATION-20260824/legacy-507-instruments.json;instrument_topic_memberships.csv,LEGACY_REFERENCE_AND_OWNER_MEMBERSHIP,FALSE
TPE,3058,立德,EQUITY,TWD,TRUE,ACTIVE,,,reports/TASK-WS1-INSTRUMENT-MASTER-V1-CANONICAL-UNIVERSE-UNIFICATION-20260824/legacy-507-instruments.json;instrument_topic_memberships.csv,LEGACY_REFERENCE_AND_OWNER_MEMBERSHIP,FALSE
TPE,3060,銘異,EQUITY,TWD,TRUE,ACTIVE,,,reports/TASK-WS1-INSTRUMENT-MASTER-V1-CANONICAL-UNIVERSE-UNIFICATION-20260824/legacy-507-instruments.json;instrument_topic_memberships.csv,LEGACY_REFERENCE_AND_OWNER_MEMBERSHIP,FALSE
TPE,3090,日電貿,EQUITY,TWD,TRUE,ACTIVE,,,reports/TASK-WS1-INSTRUMENT-MASTER-V1-CANONICAL-UNIVERSE-UNIFICATION-20260824/legacy-507-instruments.json;instrument_topic_memberships.csv,LEGACY_REFERENCE_AND_OWNER_MEMBERSHIP,FALSE
TPE,3094,聯傑,EQUITY,TWD,TRUE,ACTIVE,,,reports/TASK-WS1-INSTRUMENT-MASTER-V1-CANONICAL-UNIVERSE-UNIFICATION-20260824/legacy-507-instruments.json;instrument_topic_memberships.csv,LEGACY_REFERENCE_AND_OWNER_MEMBERSHIP,FALSE
TPE,3149,正達,EQUITY,TWD,TRUE,ACTIVE,,,reports/TASK-WS1-INSTRUMENT-MASTER-V1-CANONICAL-UNIVERSE-UNIFICATION-20260824/legacy-507-instruments.json;instrument_topic_memberships.csv,LEGACY_REFERENCE_AND_OWNER_MEMBERSHIP,FALSE
TPE,3167,大量,EQUITY,TWD,TRUE,ACTIVE,,,reports/TASK-WS1-INSTRUMENT-MASTER-V1-CANONICAL-UNIVERSE-UNIFICATION-20260824/legacy-507-instruments.json;instrument_topic_memberships.csv,LEGACY_REFERENCE_AND_OWNER_MEMBERSHIP,FALSE
TPE,3189,景碩,EQUITY,TWD,TRUE,ACTIVE,,,reports/TASK-WS1-INSTRUMENT-MASTER-V1-CANONICAL-UNIVERSE-UNIFICATION-20260824/legacy-507-instruments.json;instrument_topic_memberships.csv,LEGACY_REFERENCE_AND_OWNER_MEMBERSHIP,FALSE
TPE,3231,緯創,EQUITY,TWD,TRUE,ACTIVE,,,reports/TASK-WS1-INSTRUMENT-MASTER-V1-CANONICAL-UNIVERSE-UNIFICATION-20260824/legacy-507-instruments.json;instrument_topic_memberships.csv,LEGACY_REFERENCE_AND_OWNER_MEMBERSHIP,FALSE
TPE,3257,虹冠電,EQUITY,TWD,TRUE,ACTIVE,,,reports/TASK-WS1-INSTRUMENT-MASTER-V1-CANONICAL-UNIVERSE-UNIFICATION-20260824/legacy-507-instruments.json;instrument_topic_memberships.csv,LEGACY_REFERENCE_AND_OWNER_MEMBERSHIP,FALSE
TPE,3296,勝德,EQUITY,TWD,TRUE,ACTIVE,,,reports/TASK-WS1-INSTRUMENT-MASTER-V1-CANONICAL-UNIVERSE-UNIFICATION-20260824/legacy-507-instruments.json,LEGACY_REFERENCE_ONLY,FALSE
TPE,3308,聯德,EQUITY,TWD,TRUE,ACTIVE,,,reports/TASK-WS1-INSTRUMENT-MASTER-V1-CANONICAL-UNIVERSE-UNIFICATION-20260824/legacy-507-instruments.json,LEGACY_REFERENCE_ONLY,FALSE
TPE,3312,弘憶股,EQUITY,TWD,TRUE,ACTIVE,,,expansion-reference-normalized-candidates.csv;instrument_topic_memberships.csv,OWNER_EXPANSION_AND_MEMBERSHIP,FALSE
TPE,3321,同泰,EQUITY,TWD,TRUE,ACTIVE,,,reports/TASK-WS1-INSTRUMENT-MASTER-V1-CANONICAL-UNIVERSE-UNIFICATION-20260824/legacy-507-instruments.json,LEGACY_REFERENCE_ONLY,FALSE
TPE,3338,泰碩,EQUITY,TWD,TRUE,ACTIVE,,,reports/TASK-WS1-INSTRUMENT-MASTER-V1-CANONICAL-UNIVERSE-UNIFICATION-20260824/legacy-507-instruments.json;instrument_topic_memberships.csv,LEGACY_REFERENCE_AND_OWNER_MEMBERSHIP,FALSE
TPE,3346,麗清,EQUITY,TWD,TRUE,ACTIVE,,,reports/TASK-WS1-INSTRUMENT-MASTER-V1-CANONICAL-UNIVERSE-UNIFICATION-20260824/legacy-507-instruments.json;instrument_topic_memberships.csv,LEGACY_REFERENCE_AND_OWNER_MEMBERSHIP,FALSE
TPE,3406,玉晶光,EQUITY,TWD,TRUE,ACTIVE,,,expansion-reference-normalized-candidates.csv;instrument_topic_memberships.csv,OWNER_EXPANSION_AND_MEMBERSHIP,FALSE
TPE,3413,京鼎,EQUITY,TWD,TRUE,ACTIVE,,,reports/TASK-WS1-INSTRUMENT-MASTER-V1-CANONICAL-UNIVERSE-UNIFICATION-20260824/legacy-507-instruments.json;instrument_topic_memberships.csv,LEGACY_REFERENCE_AND_OWNER_MEMBERSHIP,FALSE
TPE,3443,創意,EQUITY,TWD,TRUE,ACTIVE,,,reports/TASK-WS1-INSTRUMENT-MASTER-V1-CANONICAL-UNIVERSE-UNIFICATION-20260824/legacy-507-instruments.json;instrument_topic_memberships.csv,LEGACY_REFERENCE_AND_OWNER_MEMBERSHIP,FALSE
TPE,3450,聯鈞,EQUITY,TWD,TRUE,ACTIVE,,,reports/TASK-WS1-INSTRUMENT-MASTER-V1-CANONICAL-UNIVERSE-UNIFICATION-20260824/legacy-507-instruments.json;instrument_topic_memberships.csv,LEGACY_REFERENCE_AND_OWNER_MEMBERSHIP,FALSE
TPE,3481,群創,EQUITY,TWD,TRUE,ACTIVE,,,reports/TASK-WS1-INSTRUMENT-MASTER-V1-CANONICAL-UNIVERSE-UNIFICATION-20260824/legacy-507-instruments.json;instrument_topic_memberships.csv,LEGACY_REFERENCE_AND_OWNER_MEMBERSHIP,FALSE
TPE,3504,揚明光,EQUITY,TWD,TRUE,ACTIVE,,,reports/TASK-WS1-INSTRUMENT-MASTER-V1-CANONICAL-UNIVERSE-UNIFICATION-20260824/legacy-507-instruments.json;instrument_topic_memberships.csv,LEGACY_REFERENCE_AND_OWNER_MEMBERSHIP,FALSE
TPE,3528,安馳,EQUITY,TWD,TRUE,ACTIVE,,,reports/TASK-WS1-INSTRUMENT-MASTER-V1-CANONICAL-UNIVERSE-UNIFICATION-20260824/legacy-507-instruments.json,LEGACY_REFERENCE_ONLY,FALSE
TPE,3532,台勝科,EQUITY,TWD,TRUE,ACTIVE,,,reports/TASK-WS1-INSTRUMENT-MASTER-V1-CANONICAL-UNIVERSE-UNIFICATION-20260824/legacy-507-instruments.json;instrument_topic_memberships.csv,LEGACY_REFERENCE_AND_OWNER_MEMBERSHIP,FALSE
TPE,3533,嘉澤,EQUITY,TWD,TRUE,ACTIVE,,,expansion-reference-normalized-candidates.csv;instrument_topic_memberships.csv,OWNER_EXPANSION_AND_MEMBERSHIP,FALSE
TPE,3535,晶彩科,EQUITY,TWD,TRUE,ACTIVE,,,reports/TASK-WS1-INSTRUMENT-MASTER-V1-CANONICAL-UNIVERSE-UNIFICATION-20260824/legacy-507-instruments.json;instrument_topic_memberships.csv,LEGACY_REFERENCE_AND_OWNER_MEMBERSHIP,FALSE
TPE,3543,州巧,EQUITY,TWD,TRUE,ACTIVE,,,reports/TASK-WS1-INSTRUMENT-MASTER-V1-CANONICAL-UNIVERSE-UNIFICATION-20260824/legacy-507-instruments.json,LEGACY_REFERENCE_ONLY,FALSE
TPE,3545,敦泰,EQUITY,TWD,TRUE,ACTIVE,,,instrument_topic_memberships.csv,OWNER_MEMBERSHIP_IDENTITY_ONLY,FALSE
TPE,3550,聯穎,EQUITY,TWD,TRUE,ACTIVE,,,reports/TASK-WS1-INSTRUMENT-MASTER-V1-CANONICAL-UNIVERSE-UNIFICATION-20260824/legacy-507-instruments.json,LEGACY_REFERENCE_ONLY,FALSE
TPE,3576,聯合再生,EQUITY,TWD,TRUE,ACTIVE,,,reports/TASK-WS1-INSTRUMENT-MASTER-V1-CANONICAL-UNIVERSE-UNIFICATION-20260824/legacy-507-instruments.json;instrument_topic_memberships.csv,LEGACY_REFERENCE_AND_OWNER_MEMBERSHIP,FALSE
TPE,3583,辛耘,EQUITY,TWD,TRUE,ACTIVE,,,reports/TASK-WS1-INSTRUMENT-MASTER-V1-CANONICAL-UNIVERSE-UNIFICATION-20260824/legacy-507-instruments.json;instrument_topic_memberships.csv,LEGACY_REFERENCE_AND_OWNER_MEMBERSHIP,FALSE
TPE,3588,通嘉,EQUITY,TWD,TRUE,ACTIVE,,,reports/TASK-WS1-INSTRUMENT-MASTER-V1-CANONICAL-UNIVERSE-UNIFICATION-20260824/legacy-507-instruments.json;instrument_topic_memberships.csv,LEGACY_REFERENCE_AND_OWNER_MEMBERSHIP,FALSE
TPE,3596,智易,EQUITY,TWD,TRUE,ACTIVE,,,reports/TASK-WS1-INSTRUMENT-MASTER-V1-CANONICAL-UNIVERSE-UNIFICATION-20260824/legacy-507-instruments.json;instrument_topic_memberships.csv,LEGACY_REFERENCE_AND_OWNER_MEMBERSHIP,FALSE
TPE,3605,宏致,EQUITY,TWD,TRUE,ACTIVE,,,reports/TASK-WS1-INSTRUMENT-MASTER-V1-CANONICAL-UNIVERSE-UNIFICATION-20260824/legacy-507-instruments.json;instrument_topic_memberships.csv,LEGACY_REFERENCE_AND_OWNER_MEMBERSHIP,FALSE
TPE,3617,碩天,EQUITY,TWD,TRUE,ACTIVE,,,reports/TASK-WS1-INSTRUMENT-MASTER-V1-CANONICAL-UNIVERSE-UNIFICATION-20260824/legacy-507-instruments.json;instrument_topic_memberships.csv,LEGACY_REFERENCE_AND_OWNER_MEMBERSHIP,FALSE
TPE,3622,洋華,EQUITY,TWD,TRUE,ACTIVE,,,reports/TASK-WS1-INSTRUMENT-MASTER-V1-CANONICAL-UNIVERSE-UNIFICATION-20260824/legacy-507-instruments.json,LEGACY_REFERENCE_ONLY,FALSE
TPE,3652,精聯,EQUITY,TWD,TRUE,ACTIVE,,,reports/TASK-WS1-INSTRUMENT-MASTER-V1-CANONICAL-UNIVERSE-UNIFICATION-20260824/legacy-507-instruments.json;instrument_topic_memberships.csv,LEGACY_REFERENCE_AND_OWNER_MEMBERSHIP,FALSE
TPE,3653,健策,EQUITY,TWD,TRUE,ACTIVE,,,reports/TASK-WS1-INSTRUMENT-MASTER-V1-CANONICAL-UNIVERSE-UNIFICATION-20260824/legacy-507-instruments.json;instrument_topic_memberships.csv,LEGACY_REFERENCE_AND_OWNER_MEMBERSHIP,FALSE
TPE,3661,世芯-KY,EQUITY,TWD,TRUE,ACTIVE,,,reports/TASK-WS1-INSTRUMENT-MASTER-V1-CANONICAL-UNIVERSE-UNIFICATION-20260824/legacy-507-instruments.json;instrument_topic_memberships.csv,LEGACY_REFERENCE_AND_OWNER_MEMBERSHIP,FALSE
TPE,3665,貿聯-KY,EQUITY,TWD,TRUE,ACTIVE,,,reports/TASK-WS1-INSTRUMENT-MASTER-V1-CANONICAL-UNIVERSE-UNIFICATION-20260824/legacy-507-instruments.json;instrument_topic_memberships.csv,LEGACY_REFERENCE_AND_OWNER_MEMBERSHIP,FALSE
TPE,3680,家登,EQUITY,TWD,TRUE,ACTIVE,,,instrument_topic_memberships.csv,OWNER_MEMBERSHIP_IDENTITY_ONLY,FALSE
TPE,3694,海華,EQUITY,TWD,TRUE,ACTIVE,,,reports/TASK-WS1-INSTRUMENT-MASTER-V1-CANONICAL-UNIVERSE-UNIFICATION-20260824/legacy-507-instruments.json;instrument_topic_memberships.csv,LEGACY_REFERENCE_AND_OWNER_MEMBERSHIP,FALSE
TPE,3707,漢磊,EQUITY,TWD,TRUE,ACTIVE,,,instrument_topic_memberships.csv,OWNER_MEMBERSHIP_IDENTITY_ONLY,FALSE
TPE,3702,大聯大,EQUITY,TWD,TRUE,ACTIVE,,,expansion-reference-normalized-candidates.csv;instrument_topic_memberships.csv,OWNER_EXPANSION_AND_MEMBERSHIP,FALSE
TPE,3704,合勤控,EQUITY,TWD,TRUE,ACTIVE,,,expansion-reference-normalized-candidates.csv,OWNER_APPROVED_EXPANSION_ONLY,FALSE
TPE,3706,神達,EQUITY,TWD,TRUE,ACTIVE,,,reports/TASK-WS1-INSTRUMENT-MASTER-V1-CANONICAL-UNIVERSE-UNIFICATION-20260824/legacy-507-instruments.json;instrument_topic_memberships.csv,LEGACY_REFERENCE_AND_OWNER_MEMBERSHIP,FALSE
TPE,3708,上緯投控,EQUITY,TWD,TRUE,ACTIVE,,,reports/TASK-WS1-INSTRUMENT-MASTER-V1-CANONICAL-UNIVERSE-UNIFICATION-20260824/legacy-507-instruments.json;instrument_topic_memberships.csv,LEGACY_REFERENCE_AND_OWNER_MEMBERSHIP,FALSE
TPE,3711,日月光投控,EQUITY,TWD,TRUE,ACTIVE,,,reports/TASK-WS1-INSTRUMENT-MASTER-V1-CANONICAL-UNIVERSE-UNIFICATION-20260824/legacy-507-instruments.json;instrument_topic_memberships.csv,LEGACY_REFERENCE_AND_OWNER_MEMBERSHIP,FALSE
TPE,3715,定穎投控,EQUITY,TWD,TRUE,ACTIVE,,,reports/TASK-WS1-INSTRUMENT-MASTER-V1-CANONICAL-UNIVERSE-UNIFICATION-20260824/legacy-507-instruments.json;instrument_topic_memberships.csv,LEGACY_REFERENCE_AND_OWNER_MEMBERSHIP,FALSE
TPE,4540,全球傳動,EQUITY,TWD,TRUE,ACTIVE,,,reports/TASK-WS1-INSTRUMENT-MASTER-V1-CANONICAL-UNIVERSE-UNIFICATION-20260824/legacy-507-instruments.json;instrument_topic_memberships.csv,LEGACY_REFERENCE_AND_OWNER_MEMBERSHIP,FALSE
TPE,4551,智伸科,EQUITY,TWD,TRUE,ACTIVE,,,reports/TASK-WS1-INSTRUMENT-MASTER-V1-CANONICAL-UNIVERSE-UNIFICATION-20260824/legacy-507-instruments.json;instrument_topic_memberships.csv,LEGACY_REFERENCE_AND_OWNER_MEMBERSHIP,FALSE
TPE,4562,穎漢,EQUITY,TWD,TRUE,ACTIVE,,,reports/TASK-WS1-INSTRUMENT-MASTER-V1-CANONICAL-UNIVERSE-UNIFICATION-20260824/legacy-507-instruments.json;instrument_topic_memberships.csv,LEGACY_REFERENCE_AND_OWNER_MEMBERSHIP,FALSE
TPE,4564,元翎,EQUITY,TWD,TRUE,ACTIVE,,,reports/TASK-WS1-INSTRUMENT-MASTER-V1-CANONICAL-UNIVERSE-UNIFICATION-20260824/legacy-507-instruments.json;instrument_topic_memberships.csv,LEGACY_REFERENCE_AND_OWNER_MEMBERSHIP,FALSE
TPE,4566,時碩工業,EQUITY,TWD,TRUE,ACTIVE,,,expansion-reference-normalized-candidates.csv,OWNER_APPROVED_EXPANSION_ONLY,FALSE
TPE,4572,駐龍,EQUITY,TWD,TRUE,ACTIVE,,,reports/TASK-WS1-INSTRUMENT-MASTER-V1-CANONICAL-UNIVERSE-UNIFICATION-20260824/legacy-507-instruments.json;instrument_topic_memberships.csv,LEGACY_REFERENCE_AND_OWNER_MEMBERSHIP,FALSE
TPE,4576,大銀微系統,EQUITY,TWD,TRUE,ACTIVE,,,reports/TASK-WS1-INSTRUMENT-MASTER-V1-CANONICAL-UNIVERSE-UNIFICATION-20260824/legacy-507-instruments.json;instrument_topic_memberships.csv,LEGACY_REFERENCE_AND_OWNER_MEMBERSHIP,FALSE
TPE,4585,達明,EQUITY,TWD,TRUE,ACTIVE,,,reports/TASK-WS1-INSTRUMENT-MASTER-V1-CANONICAL-UNIVERSE-UNIFICATION-20260824/legacy-507-instruments.json;instrument_topic_memberships.csv,LEGACY_REFERENCE_AND_OWNER_MEMBERSHIP,FALSE
TPE,4721,美琪瑪,EQUITY,TWD,TRUE,ACTIVE,,,instrument_topic_memberships.csv,OWNER_MEMBERSHIP_IDENTITY_ONLY,FALSE
TPE,4722,國精化,EQUITY,TWD,TRUE,ACTIVE,,,reports/TASK-WS1-INSTRUMENT-MASTER-V1-CANONICAL-UNIVERSE-UNIFICATION-20260824/legacy-507-instruments.json;instrument_topic_memberships.csv,LEGACY_REFERENCE_AND_OWNER_MEMBERSHIP,FALSE
TPE,4729,熒茂,EQUITY,TWD,TRUE,ACTIVE,,,instrument_topic_memberships.csv,OWNER_MEMBERSHIP_IDENTITY_ONLY,FALSE
TPE,4739,康普,EQUITY,TWD,TRUE,ACTIVE,,,expansion-reference-normalized-candidates.csv,OWNER_APPROVED_EXPANSION_ONLY,FALSE
TPE,4760,勤凱,EQUITY,TWD,TRUE,ACTIVE,,,instrument_topic_memberships.csv,OWNER_MEMBERSHIP_IDENTITY_ONLY,FALSE
TPE,4764,雙鍵,EQUITY,TWD,TRUE,ACTIVE,,,reports/TASK-WS1-INSTRUMENT-MASTER-V1-CANONICAL-UNIVERSE-UNIFICATION-20260824/legacy-507-instruments.json;instrument_topic_memberships.csv,LEGACY_REFERENCE_AND_OWNER_MEMBERSHIP,FALSE
TPE,4807,日成-KY,EQUITY,TWD,TRUE,ACTIVE,,,reports/TASK-WS1-INSTRUMENT-MASTER-V1-CANONICAL-UNIVERSE-UNIFICATION-20260824/legacy-507-instruments.json,LEGACY_REFERENCE_ONLY,FALSE
TPE,4903,聯光通,EQUITY,TWD,TRUE,ACTIVE,,,instrument_topic_memberships.csv,OWNER_MEMBERSHIP_IDENTITY_ONLY,FALSE
TPE,4906,正文,EQUITY,TWD,TRUE,ACTIVE,,,expansion-reference-normalized-candidates.csv,OWNER_APPROVED_EXPANSION_ONLY,FALSE
TPE,4908,前鼎,EQUITY,TWD,TRUE,ACTIVE,,,instrument_topic_memberships.csv,OWNER_MEMBERSHIP_IDENTITY_ONLY,FALSE
TPE,4916,事欣科,EQUITY,TWD,TRUE,ACTIVE,,,reports/TASK-WS1-INSTRUMENT-MASTER-V1-CANONICAL-UNIVERSE-UNIFICATION-20260824/legacy-507-instruments.json;instrument_topic_memberships.csv,LEGACY_REFERENCE_AND_OWNER_MEMBERSHIP,FALSE
TPE,4919,新唐,EQUITY,TWD,TRUE,ACTIVE,,,reports/TASK-WS1-INSTRUMENT-MASTER-V1-CANONICAL-UNIVERSE-UNIFICATION-20260824/legacy-507-instruments.json;instrument_topic_memberships.csv,LEGACY_REFERENCE_AND_OWNER_MEMBERSHIP,FALSE
TPE,4923,力士,EQUITY,TWD,TRUE,ACTIVE,,,instrument_topic_memberships.csv,OWNER_MEMBERSHIP_IDENTITY_ONLY,FALSE
TPE,4931,新盛力,EQUITY,TWD,TRUE,ACTIVE,,,instrument_topic_memberships.csv,OWNER_MEMBERSHIP_IDENTITY_ONLY,FALSE
TPE,4934,太極,EQUITY,TWD,TRUE,ACTIVE,,,reports/TASK-WS1-INSTRUMENT-MASTER-V1-CANONICAL-UNIVERSE-UNIFICATION-20260824/legacy-507-instruments.json;instrument_topic_memberships.csv,LEGACY_REFERENCE_AND_OWNER_MEMBERSHIP,FALSE
TPE,4938,和碩,EQUITY,TWD,TRUE,ACTIVE,,,reports/TASK-WS1-INSTRUMENT-MASTER-V1-CANONICAL-UNIVERSE-UNIFICATION-20260824/legacy-507-instruments.json;instrument_topic_memberships.csv,LEGACY_REFERENCE_AND_OWNER_MEMBERSHIP,FALSE
TPE,4939,亞電,EQUITY,TWD,TRUE,ACTIVE,,,instrument_topic_memberships.csv,OWNER_MEMBERSHIP_IDENTITY_ONLY,FALSE
TPE,4952,凌通,EQUITY,TWD,TRUE,ACTIVE,,,instrument_topic_memberships.csv,OWNER_MEMBERSHIP_IDENTITY_ONLY,FALSE
TPE,4958,臻鼎-KY,EQUITY,TWD,TRUE,ACTIVE,,,reports/TASK-WS1-INSTRUMENT-MASTER-V1-CANONICAL-UNIVERSE-UNIFICATION-20260824/legacy-507-instruments.json;instrument_topic_memberships.csv,LEGACY_REFERENCE_AND_OWNER_MEMBERSHIP,FALSE
TPE,4960,誠美材,EQUITY,TWD,TRUE,ACTIVE,,,expansion-reference-normalized-candidates.csv,OWNER_APPROVED_EXPANSION_ONLY,FALSE
TPE,4961,天鈺,EQUITY,TWD,TRUE,ACTIVE,,,instrument_topic_memberships.csv,OWNER_MEMBERSHIP_IDENTITY_ONLY,FALSE
TPE,4966,譜瑞-KY,EQUITY,TWD,TRUE,ACTIVE,,,instrument_topic_memberships.csv,OWNER_MEMBERSHIP_IDENTITY_ONLY,FALSE
TPE,4967,十銓,EQUITY,TWD,TRUE,ACTIVE,,,reports/TASK-WS1-INSTRUMENT-MASTER-V1-CANONICAL-UNIVERSE-UNIFICATION-20260824/legacy-507-instruments.json;instrument_topic_memberships.csv,LEGACY_REFERENCE_AND_OWNER_MEMBERSHIP,FALSE
TPE,4968,立積,EQUITY,TWD,TRUE,ACTIVE,,,expansion-reference-normalized-candidates.csv,OWNER_APPROVED_EXPANSION_ONLY,FALSE
TPE,4971,IET-KY,EQUITY,TWD,TRUE,ACTIVE,,,instrument_topic_memberships.csv,OWNER_MEMBERSHIP_IDENTITY_ONLY,FALSE
TPE,4973,廣穎,EQUITY,TWD,TRUE,ACTIVE,,,instrument_topic_memberships.csv,OWNER_MEMBERSHIP_IDENTITY_ONLY,FALSE
TPE,4976,佳凌,EQUITY,TWD,TRUE,ACTIVE,,,reports/TASK-WS1-INSTRUMENT-MASTER-V1-CANONICAL-UNIVERSE-UNIFICATION-20260824/legacy-507-instruments.json,LEGACY_REFERENCE_ONLY,FALSE
TPE,4977,眾達-KY,EQUITY,TWD,TRUE,ACTIVE,,,reports/TASK-WS1-INSTRUMENT-MASTER-V1-CANONICAL-UNIVERSE-UNIFICATION-20260824/legacy-507-instruments.json;instrument_topic_memberships.csv,LEGACY_REFERENCE_AND_OWNER_MEMBERSHIP,FALSE
TPE,4979,華星光,EQUITY,TWD,TRUE,ACTIVE,,,instrument_topic_memberships.csv,OWNER_MEMBERSHIP_IDENTITY_ONLY,FALSE
TPE,4991,環宇-KY,EQUITY,TWD,TRUE,ACTIVE,,,instrument_topic_memberships.csv,OWNER_MEMBERSHIP_IDENTITY_ONLY,FALSE
TPE,5009,榮剛,EQUITY,TWD,TRUE,ACTIVE,,,instrument_topic_memberships.csv,OWNER_MEMBERSHIP_IDENTITY_ONLY,FALSE
TPE,5011,久陽,EQUITY,TWD,TRUE,ACTIVE,,,instrument_topic_memberships.csv,OWNER_MEMBERSHIP_IDENTITY_ONLY,FALSE
TPE,5222,全訊,EQUITY,TWD,TRUE,ACTIVE,,,reports/TASK-WS1-INSTRUMENT-MASTER-V1-CANONICAL-UNIVERSE-UNIFICATION-20260824/legacy-507-instruments.json;instrument_topic_memberships.csv,LEGACY_REFERENCE_AND_OWNER_MEMBERSHIP,FALSE
TPE,5227,立凱-KY,EQUITY,TWD,TRUE,ACTIVE,,,instrument_topic_memberships.csv,OWNER_MEMBERSHIP_IDENTITY_ONLY,FALSE
TPE,5228,鈺鎧,EQUITY,TWD,TRUE,ACTIVE,,,instrument_topic_memberships.csv,OWNER_MEMBERSHIP_IDENTITY_ONLY,FALSE
TPE,5243,乙盛-KY,EQUITY,TWD,TRUE,ACTIVE,,,reports/TASK-WS1-INSTRUMENT-MASTER-V1-CANONICAL-UNIVERSE-UNIFICATION-20260824/legacy-507-instruments.json;instrument_topic_memberships.csv,LEGACY_REFERENCE_AND_OWNER_MEMBERSHIP,FALSE
TPE,5269,祥碩,EQUITY,TWD,TRUE,ACTIVE,,,reports/TASK-WS1-INSTRUMENT-MASTER-V1-CANONICAL-UNIVERSE-UNIFICATION-20260824/legacy-507-instruments.json;instrument_topic_memberships.csv,LEGACY_REFERENCE_AND_OWNER_MEMBERSHIP,FALSE
TPE,5274,信驊,EQUITY,TWD,TRUE,ACTIVE,,,instrument_topic_memberships.csv,OWNER_MEMBERSHIP_IDENTITY_ONLY,FALSE
TPE,5285,界霖,EQUITY,TWD,TRUE,ACTIVE,,,reports/TASK-WS1-INSTRUMENT-MASTER-V1-CANONICAL-UNIVERSE-UNIFICATION-20260824/legacy-507-instruments.json;instrument_topic_memberships.csv,LEGACY_REFERENCE_AND_OWNER_MEMBERSHIP,FALSE
TPE,5288,豐祥-KY,EQUITY,TWD,TRUE,ACTIVE,,,reports/TASK-WS1-INSTRUMENT-MASTER-V1-CANONICAL-UNIVERSE-UNIFICATION-20260824/legacy-507-instruments.json;instrument_topic_memberships.csv,LEGACY_REFERENCE_AND_OWNER_MEMBERSHIP,FALSE
TPE,5388,中磊,EQUITY,TWD,TRUE,ACTIVE,,,reports/TASK-WS1-INSTRUMENT-MASTER-V1-CANONICAL-UNIVERSE-UNIFICATION-20260824/legacy-507-instruments.json;instrument_topic_memberships.csv,LEGACY_REFERENCE_AND_OWNER_MEMBERSHIP,FALSE
TPE,5426,振發,EQUITY,TWD,TRUE,ACTIVE,,,instrument_topic_memberships.csv,OWNER_MEMBERSHIP_IDENTITY_ONLY,FALSE
TPE,5434,崇越,EQUITY,TWD,TRUE,ACTIVE,,,reports/TASK-WS1-INSTRUMENT-MASTER-V1-CANONICAL-UNIVERSE-UNIFICATION-20260824/legacy-507-instruments.json;instrument_topic_memberships.csv,LEGACY_REFERENCE_AND_OWNER_MEMBERSHIP,FALSE
TPE,5471,松翰,EQUITY,TWD,TRUE,ACTIVE,,,reports/TASK-WS1-INSTRUMENT-MASTER-V1-CANONICAL-UNIVERSE-UNIFICATION-20260824/legacy-507-instruments.json;instrument_topic_memberships.csv,LEGACY_REFERENCE_AND_OWNER_MEMBERSHIP,FALSE
TPE,5489,彩富,EQUITY,TWD,TRUE,ACTIVE,,,instrument_topic_memberships.csv,OWNER_MEMBERSHIP_IDENTITY_ONLY,FALSE
TPE,5515,建國,EQUITY,TWD,TRUE,ACTIVE,,,expansion-reference-normalized-candidates.csv,OWNER_APPROVED_EXPANSION_ONLY,FALSE
TPE,5519,隆大,EQUITY,TWD,TRUE,ACTIVE,,,reports/TASK-WS1-INSTRUMENT-MASTER-V1-CANONICAL-UNIVERSE-UNIFICATION-20260824/legacy-507-instruments.json;instrument_topic_memberships.csv,LEGACY_REFERENCE_AND_OWNER_MEMBERSHIP,FALSE
TPE,5534,長虹,EQUITY,TWD,TRUE,ACTIVE,,,reports/TASK-WS1-INSTRUMENT-MASTER-V1-CANONICAL-UNIVERSE-UNIFICATION-20260824/legacy-507-instruments.json;instrument_topic_memberships.csv,LEGACY_REFERENCE_AND_OWNER_MEMBERSHIP,FALSE
TPE,5607,遠雄港,EQUITY,TWD,TRUE,ACTIVE,,,expansion-reference-normalized-candidates.csv;instrument_topic_memberships.csv,OWNER_EXPANSION_AND_MEMBERSHIP,FALSE
TPE,5608,四維航,EQUITY,TWD,TRUE,ACTIVE,,,expansion-reference-normalized-candidates.csv;instrument_topic_memberships.csv,OWNER_EXPANSION_AND_MEMBERSHIP,FALSE
TPE,6104,創惟,EQUITY,TWD,TRUE,ACTIVE,,,instrument_topic_memberships.csv,OWNER_MEMBERSHIP_IDENTITY_ONLY,FALSE
TPE,6108,競國,EQUITY,TWD,TRUE,ACTIVE,,,expansion-reference-normalized-candidates.csv,OWNER_APPROVED_EXPANSION_ONLY,FALSE
TPE,6112,邁達特,EQUITY,TWD,TRUE,ACTIVE,,,reports/TASK-WS1-INSTRUMENT-MASTER-V1-CANONICAL-UNIVERSE-UNIFICATION-20260824/legacy-507-instruments.json;instrument_topic_memberships.csv,LEGACY_REFERENCE_AND_OWNER_MEMBERSHIP,FALSE
TPE,6116,彩晶,EQUITY,TWD,TRUE,ACTIVE,,,reports/TASK-WS1-INSTRUMENT-MASTER-V1-CANONICAL-UNIVERSE-UNIFICATION-20260824/legacy-507-instruments.json,LEGACY_REFERENCE_ONLY,FALSE
TPE,6141,柏承,EQUITY,TWD,TRUE,ACTIVE,,,reports/TASK-WS1-INSTRUMENT-MASTER-V1-CANONICAL-UNIVERSE-UNIFICATION-20260824/legacy-507-instruments.json,LEGACY_REFERENCE_ONLY,FALSE
TPE,6142,友勁,EQUITY,TWD,TRUE,ACTIVE,,,reports/TASK-WS1-INSTRUMENT-MASTER-V1-CANONICAL-UNIVERSE-UNIFICATION-20260824/legacy-507-instruments.json;instrument_topic_memberships.csv,LEGACY_REFERENCE_AND_OWNER_MEMBERSHIP,FALSE
TPE,6153,嘉聯益,EQUITY,TWD,TRUE,ACTIVE,,,reports/TASK-WS1-INSTRUMENT-MASTER-V1-CANONICAL-UNIVERSE-UNIFICATION-20260824/legacy-507-instruments.json;instrument_topic_memberships.csv,LEGACY_REFERENCE_AND_OWNER_MEMBERSHIP,FALSE
TPE,6155,鈞寶,EQUITY,TWD,TRUE,ACTIVE,,,reports/TASK-WS1-INSTRUMENT-MASTER-V1-CANONICAL-UNIVERSE-UNIFICATION-20260824/legacy-507-instruments.json;instrument_topic_memberships.csv,LEGACY_REFERENCE_AND_OWNER_MEMBERSHIP,FALSE
TPE,6166,凌華,EQUITY,TWD,TRUE,ACTIVE,,,reports/TASK-WS1-INSTRUMENT-MASTER-V1-CANONICAL-UNIVERSE-UNIFICATION-20260824/legacy-507-instruments.json;instrument_topic_memberships.csv,LEGACY_REFERENCE_AND_OWNER_MEMBERSHIP,FALSE
TPE,6168,宏齊,EQUITY,TWD,TRUE,ACTIVE,,,reports/TASK-WS1-INSTRUMENT-MASTER-V1-CANONICAL-UNIVERSE-UNIFICATION-20260824/legacy-507-instruments.json,LEGACY_REFERENCE_ONLY,FALSE
TPE,6177,達麗,EQUITY,TWD,TRUE,ACTIVE,,,reports/TASK-WS1-INSTRUMENT-MASTER-V1-CANONICAL-UNIVERSE-UNIFICATION-20260824/legacy-507-instruments.json;instrument_topic_memberships.csv,LEGACY_REFERENCE_AND_OWNER_MEMBERSHIP,FALSE
TPE,6191,精成科,EQUITY,TWD,TRUE,ACTIVE,,,reports/TASK-WS1-INSTRUMENT-MASTER-V1-CANONICAL-UNIVERSE-UNIFICATION-20260824/legacy-507-instruments.json;instrument_topic_memberships.csv,LEGACY_REFERENCE_AND_OWNER_MEMBERSHIP,FALSE
TPE,6196,帆宣,EQUITY,TWD,TRUE,ACTIVE,,,reports/TASK-WS1-INSTRUMENT-MASTER-V1-CANONICAL-UNIVERSE-UNIFICATION-20260824/legacy-507-instruments.json;instrument_topic_memberships.csv,LEGACY_REFERENCE_AND_OWNER_MEMBERSHIP,FALSE
TPE,6197,佳必琪,EQUITY,TWD,TRUE,ACTIVE,,,reports/TASK-WS1-INSTRUMENT-MASTER-V1-CANONICAL-UNIVERSE-UNIFICATION-20260824/legacy-507-instruments.json;instrument_topic_memberships.csv,LEGACY_REFERENCE_AND_OWNER_MEMBERSHIP,FALSE
TPE,6202,盛群,EQUITY,TWD,TRUE,ACTIVE,,,reports/TASK-WS1-INSTRUMENT-MASTER-V1-CANONICAL-UNIVERSE-UNIFICATION-20260824/legacy-507-instruments.json;instrument_topic_memberships.csv,LEGACY_REFERENCE_AND_OWNER_MEMBERSHIP,FALSE
TPE,6205,詮欣,EQUITY,TWD,TRUE,ACTIVE,,,reports/TASK-WS1-INSTRUMENT-MASTER-V1-CANONICAL-UNIVERSE-UNIFICATION-20260824/legacy-507-instruments.json;instrument_topic_memberships.csv,LEGACY_REFERENCE_AND_OWNER_MEMBERSHIP,FALSE
TPE,6209,今國光,EQUITY,TWD,TRUE,ACTIVE,,,reports/TASK-WS1-INSTRUMENT-MASTER-V1-CANONICAL-UNIVERSE-UNIFICATION-20260824/legacy-507-instruments.json,LEGACY_REFERENCE_ONLY,FALSE
TPE,6213,聯茂,EQUITY,TWD,TRUE,ACTIVE,,,reports/TASK-WS1-INSTRUMENT-MASTER-V1-CANONICAL-UNIVERSE-UNIFICATION-20260824/legacy-507-instruments.json;instrument_topic_memberships.csv,LEGACY_REFERENCE_AND_OWNER_MEMBERSHIP,FALSE
TPE,6214,精誠,EQUITY,TWD,TRUE,ACTIVE,,,reports/TASK-WS1-INSTRUMENT-MASTER-V1-CANONICAL-UNIVERSE-UNIFICATION-20260824/legacy-507-instruments.json;instrument_topic_memberships.csv,LEGACY_REFERENCE_AND_OWNER_MEMBERSHIP,FALSE
TPE,6215,和椿,EQUITY,TWD,TRUE,ACTIVE,,,reports/TASK-WS1-INSTRUMENT-MASTER-V1-CANONICAL-UNIVERSE-UNIFICATION-20260824/legacy-507-instruments.json;instrument_topic_memberships.csv,LEGACY_REFERENCE_AND_OWNER_MEMBERSHIP,FALSE
TPE,6226,光鼎,EQUITY,TWD,TRUE,ACTIVE,,,reports/TASK-WS1-INSTRUMENT-MASTER-V1-CANONICAL-UNIVERSE-UNIFICATION-20260824/legacy-507-instruments.json;instrument_topic_memberships.csv,LEGACY_REFERENCE_AND_OWNER_MEMBERSHIP,FALSE
TPE,6239,力成,EQUITY,TWD,TRUE,ACTIVE,,,reports/TASK-WS1-INSTRUMENT-MASTER-V1-CANONICAL-UNIVERSE-UNIFICATION-20260824/legacy-507-instruments.json;instrument_topic_memberships.csv,LEGACY_REFERENCE_AND_OWNER_MEMBERSHIP,FALSE
TPE,6243,迅杰,EQUITY,TWD,TRUE,ACTIVE,,,reports/TASK-WS1-INSTRUMENT-MASTER-V1-CANONICAL-UNIVERSE-UNIFICATION-20260824/legacy-507-instruments.json;instrument_topic_memberships.csv,LEGACY_REFERENCE_AND_OWNER_MEMBERSHIP,FALSE
TPE,6257,矽格,EQUITY,TWD,TRUE,ACTIVE,,,reports/TASK-WS1-INSTRUMENT-MASTER-V1-CANONICAL-UNIVERSE-UNIFICATION-20260824/legacy-507-instruments.json;instrument_topic_memberships.csv,LEGACY_REFERENCE_AND_OWNER_MEMBERSHIP,FALSE
TPE,6269,台郡,EQUITY,TWD,TRUE,ACTIVE,,,reports/TASK-WS1-INSTRUMENT-MASTER-V1-CANONICAL-UNIVERSE-UNIFICATION-20260824/legacy-507-instruments.json;instrument_topic_memberships.csv,LEGACY_REFERENCE_AND_OWNER_MEMBERSHIP,FALSE
TPE,6271,同欣電,EQUITY,TWD,TRUE,ACTIVE,,,reports/TASK-WS1-INSTRUMENT-MASTER-V1-CANONICAL-UNIVERSE-UNIFICATION-20260824/legacy-507-instruments.json;instrument_topic_memberships.csv,LEGACY_REFERENCE_AND_OWNER_MEMBERSHIP,FALSE
TPE,6278,台表科,EQUITY,TWD,TRUE,ACTIVE,,,expansion-reference-normalized-candidates.csv,OWNER_APPROVED_EXPANSION_ONLY,FALSE
TPE,6282,康舒,EQUITY,TWD,TRUE,ACTIVE,,,reports/TASK-WS1-INSTRUMENT-MASTER-V1-CANONICAL-UNIVERSE-UNIFICATION-20260824/legacy-507-instruments.json;instrument_topic_memberships.csv,LEGACY_REFERENCE_AND_OWNER_MEMBERSHIP,FALSE
TPE,6285,啟碁,EQUITY,TWD,TRUE,ACTIVE,,,reports/TASK-WS1-INSTRUMENT-MASTER-V1-CANONICAL-UNIVERSE-UNIFICATION-20260824/legacy-507-instruments.json;instrument_topic_memberships.csv,LEGACY_REFERENCE_AND_OWNER_MEMBERSHIP,FALSE
TPE,6290,良維,EQUITY,TWD,TRUE,ACTIVE,,,instrument_topic_memberships.csv,OWNER_MEMBERSHIP_IDENTITY_ONLY,FALSE
TPE,6405,悅城,EQUITY,TWD,TRUE,ACTIVE,,,reports/TASK-WS1-INSTRUMENT-MASTER-V1-CANONICAL-UNIVERSE-UNIFICATION-20260824/legacy-507-instruments.json;instrument_topic_memberships.csv,LEGACY_REFERENCE_AND_OWNER_MEMBERSHIP,FALSE
TPE,6409,旭隼,EQUITY,TWD,TRUE,ACTIVE,,,reports/TASK-WS1-INSTRUMENT-MASTER-V1-CANONICAL-UNIVERSE-UNIFICATION-20260824/legacy-507-instruments.json;instrument_topic_memberships.csv,LEGACY_REFERENCE_AND_OWNER_MEMBERSHIP,FALSE
TPE,6414,樺漢,EQUITY,TWD,TRUE,ACTIVE,,,reports/TASK-WS1-INSTRUMENT-MASTER-V1-CANONICAL-UNIVERSE-UNIFICATION-20260824/legacy-507-instruments.json;instrument_topic_memberships.csv,LEGACY_REFERENCE_AND_OWNER_MEMBERSHIP,FALSE
TPE,6415,矽力-KY,EQUITY,TWD,TRUE,ACTIVE,,,reports/TASK-WS1-INSTRUMENT-MASTER-V1-CANONICAL-UNIVERSE-UNIFICATION-20260824/legacy-507-instruments.json;instrument_topic_memberships.csv,LEGACY_REFERENCE_AND_OWNER_MEMBERSHIP,FALSE
TPE,6416,瑞祺電通,EQUITY,TWD,TRUE,ACTIVE,,,reports/TASK-WS1-INSTRUMENT-MASTER-V1-CANONICAL-UNIVERSE-UNIFICATION-20260824/legacy-507-instruments.json;instrument_topic_memberships.csv,LEGACY_REFERENCE_AND_OWNER_MEMBERSHIP,FALSE
TPE,6426,統新,EQUITY,TWD,TRUE,ACTIVE,,,reports/TASK-WS1-INSTRUMENT-MASTER-V1-CANONICAL-UNIVERSE-UNIFICATION-20260824/legacy-507-instruments.json;instrument_topic_memberships.csv,LEGACY_REFERENCE_AND_OWNER_MEMBERSHIP,FALSE
TPE,6442,光聖,EQUITY,TWD,TRUE,ACTIVE,,,reports/TASK-WS1-INSTRUMENT-MASTER-V1-CANONICAL-UNIVERSE-UNIFICATION-20260824/legacy-507-instruments.json;instrument_topic_memberships.csv,LEGACY_REFERENCE_AND_OWNER_MEMBERSHIP,FALSE
TPE,6443,元晶,EQUITY,TWD,TRUE,ACTIVE,,,reports/TASK-WS1-INSTRUMENT-MASTER-V1-CANONICAL-UNIVERSE-UNIFICATION-20260824/legacy-507-instruments.json;instrument_topic_memberships.csv,LEGACY_REFERENCE_AND_OWNER_MEMBERSHIP,FALSE
TPE,6449,鈺邦,EQUITY,TWD,TRUE,ACTIVE,,,reports/TASK-WS1-INSTRUMENT-MASTER-V1-CANONICAL-UNIVERSE-UNIFICATION-20260824/legacy-507-instruments.json;instrument_topic_memberships.csv,LEGACY_REFERENCE_AND_OWNER_MEMBERSHIP,FALSE
TPE,6451,訊芯-KY,EQUITY,TWD,TRUE,ACTIVE,,,reports/TASK-WS1-INSTRUMENT-MASTER-V1-CANONICAL-UNIVERSE-UNIFICATION-20260824/legacy-507-instruments.json;instrument_topic_memberships.csv,LEGACY_REFERENCE_AND_OWNER_MEMBERSHIP,FALSE
TPE,6477,安集,EQUITY,TWD,TRUE,ACTIVE,,,reports/TASK-WS1-INSTRUMENT-MASTER-V1-CANONICAL-UNIVERSE-UNIFICATION-20260824/legacy-507-instruments.json;instrument_topic_memberships.csv,LEGACY_REFERENCE_AND_OWNER_MEMBERSHIP,FALSE
TPE,6505,台塑化,EQUITY,TWD,TRUE,ACTIVE,,,reports/TASK-WS1-INSTRUMENT-MASTER-V1-CANONICAL-UNIVERSE-UNIFICATION-20260824/legacy-507-instruments.json;instrument_topic_memberships.csv,LEGACY_REFERENCE_AND_OWNER_MEMBERSHIP,FALSE
TPE,6515,穎崴,EQUITY,TWD,TRUE,ACTIVE,,,reports/TASK-WS1-INSTRUMENT-MASTER-V1-CANONICAL-UNIVERSE-UNIFICATION-20260824/legacy-507-instruments.json;instrument_topic_memberships.csv,LEGACY_REFERENCE_AND_OWNER_MEMBERSHIP,FALSE
TPE,6525,捷敏-KY,EQUITY,TWD,TRUE,ACTIVE,,,reports/TASK-WS1-INSTRUMENT-MASTER-V1-CANONICAL-UNIVERSE-UNIFICATION-20260824/legacy-507-instruments.json;instrument_topic_memberships.csv,LEGACY_REFERENCE_AND_OWNER_MEMBERSHIP,FALSE
TPE,6526,達發,EQUITY,TWD,TRUE,ACTIVE,,,reports/TASK-WS1-INSTRUMENT-MASTER-V1-CANONICAL-UNIVERSE-UNIFICATION-20260824/legacy-507-instruments.json;instrument_topic_memberships.csv,LEGACY_REFERENCE_AND_OWNER_MEMBERSHIP,FALSE
TPE,6531,愛普*,EQUITY,TWD,TRUE,ACTIVE,,,reports/TASK-WS1-INSTRUMENT-MASTER-V1-CANONICAL-UNIVERSE-UNIFICATION-20260824/legacy-507-instruments.json;instrument_topic_memberships.csv,LEGACY_REFERENCE_AND_OWNER_MEMBERSHIP,FALSE
TPE,6573,虹揚-KY,EQUITY,TWD,TRUE,ACTIVE,,,reports/TASK-WS1-INSTRUMENT-MASTER-V1-CANONICAL-UNIVERSE-UNIFICATION-20260824/legacy-507-instruments.json;instrument_topic_memberships.csv,LEGACY_REFERENCE_AND_OWNER_MEMBERSHIP,FALSE
TPE,6585,鼎基,EQUITY,TWD,TRUE,ACTIVE,,,reports/TASK-WS1-INSTRUMENT-MASTER-V1-CANONICAL-UNIVERSE-UNIFICATION-20260824/legacy-507-instruments.json;instrument_topic_memberships.csv,LEGACY_REFERENCE_AND_OWNER_MEMBERSHIP,FALSE
TPE,6591,動力-KY,EQUITY,TWD,TRUE,ACTIVE,,,reports/TASK-WS1-INSTRUMENT-MASTER-V1-CANONICAL-UNIVERSE-UNIFICATION-20260824/legacy-507-instruments.json;instrument_topic_memberships.csv,LEGACY_REFERENCE_AND_OWNER_MEMBERSHIP,FALSE
TPE,6605,帝寶,EQUITY,TWD,TRUE,ACTIVE,,,reports/TASK-WS1-INSTRUMENT-MASTER-V1-CANONICAL-UNIVERSE-UNIFICATION-20260824/legacy-507-instruments.json;instrument_topic_memberships.csv,LEGACY_REFERENCE_AND_OWNER_MEMBERSHIP,FALSE
TPE,6668,中揚光,EQUITY,TWD,TRUE,ACTIVE,,,reports/TASK-WS1-INSTRUMENT-MASTER-V1-CANONICAL-UNIVERSE-UNIFICATION-20260824/legacy-507-instruments.json;instrument_topic_memberships.csv,LEGACY_REFERENCE_AND_OWNER_MEMBERSHIP,FALSE
TPE,6669,緯穎,EQUITY,TWD,TRUE,ACTIVE,,,reports/TASK-WS1-INSTRUMENT-MASTER-V1-CANONICAL-UNIVERSE-UNIFICATION-20260824/legacy-507-instruments.json;instrument_topic_memberships.csv,LEGACY_REFERENCE_AND_OWNER_MEMBERSHIP,FALSE
TPE,6672,騰輝電子-KY,EQUITY,TWD,TRUE,ACTIVE,,,reports/TASK-WS1-INSTRUMENT-MASTER-V1-CANONICAL-UNIVERSE-UNIFICATION-20260824/legacy-507-instruments.json;instrument_topic_memberships.csv,LEGACY_REFERENCE_AND_OWNER_MEMBERSHIP,FALSE
TPE,6691,洋基工程,EQUITY,TWD,TRUE,ACTIVE,,,reports/TASK-WS1-INSTRUMENT-MASTER-V1-CANONICAL-UNIVERSE-UNIFICATION-20260824/legacy-507-instruments.json;instrument_topic_memberships.csv,LEGACY_REFERENCE_AND_OWNER_MEMBERSHIP,FALSE
TPE,6695,芯鼎,EQUITY,TWD,TRUE,ACTIVE,,,reports/TASK-WS1-INSTRUMENT-MASTER-V1-CANONICAL-UNIVERSE-UNIFICATION-20260824/legacy-507-instruments.json;instrument_topic_memberships.csv,LEGACY_REFERENCE_AND_OWNER_MEMBERSHIP,FALSE
TPE,6715,嘉基,EQUITY,TWD,TRUE,ACTIVE,,,reports/TASK-WS1-INSTRUMENT-MASTER-V1-CANONICAL-UNIVERSE-UNIFICATION-20260824/legacy-507-instruments.json;instrument_topic_memberships.csv,LEGACY_REFERENCE_AND_OWNER_MEMBERSHIP,FALSE
TPE,6719,力智,EQUITY,TWD,TRUE,ACTIVE,,,reports/TASK-WS1-INSTRUMENT-MASTER-V1-CANONICAL-UNIVERSE-UNIFICATION-20260824/legacy-507-instruments.json;instrument_topic_memberships.csv,LEGACY_REFERENCE_AND_OWNER_MEMBERSHIP,FALSE
TPE,6742,澤米,EQUITY,TWD,TRUE,ACTIVE,,,reports/TASK-WS1-INSTRUMENT-MASTER-V1-CANONICAL-UNIVERSE-UNIFICATION-20260824/legacy-507-instruments.json;instrument_topic_memberships.csv,LEGACY_REFERENCE_AND_OWNER_MEMBERSHIP,FALSE
TPE,6753,龍德造船,EQUITY,TWD,TRUE,ACTIVE,,,reports/TASK-WS1-INSTRUMENT-MASTER-V1-CANONICAL-UNIVERSE-UNIFICATION-20260824/legacy-507-instruments.json;instrument_topic_memberships.csv,LEGACY_REFERENCE_AND_OWNER_MEMBERSHIP,FALSE
TPE,6756,威鋒電子,EQUITY,TWD,TRUE,ACTIVE,,,reports/TASK-WS1-INSTRUMENT-MASTER-V1-CANONICAL-UNIVERSE-UNIFICATION-20260824/legacy-507-instruments.json;instrument_topic_memberships.csv,LEGACY_REFERENCE_AND_OWNER_MEMBERSHIP,FALSE
TPE,6757,台灣虎航-創,EQUITY,TWD,TRUE,ACTIVE,,,instrument_topic_memberships.csv,OWNER_MEMBERSHIP_IDENTITY_ONLY,FALSE
TPE,6770,力積電,EQUITY,TWD,TRUE,ACTIVE,,,reports/TASK-WS1-INSTRUMENT-MASTER-V1-CANONICAL-UNIVERSE-UNIFICATION-20260824/legacy-507-instruments.json;instrument_topic_memberships.csv,LEGACY_REFERENCE_AND_OWNER_MEMBERSHIP,FALSE
TPE,6781,AES-KY,EQUITY,TWD,TRUE,ACTIVE,,,reports/TASK-WS1-INSTRUMENT-MASTER-V1-CANONICAL-UNIVERSE-UNIFICATION-20260824/legacy-507-instruments.json;instrument_topic_memberships.csv,LEGACY_REFERENCE_AND_OWNER_MEMBERSHIP,FALSE
TPE,6789,采鈺,EQUITY,TWD,TRUE,ACTIVE,,,reports/TASK-WS1-INSTRUMENT-MASTER-V1-CANONICAL-UNIVERSE-UNIFICATION-20260824/legacy-507-instruments.json;instrument_topic_memberships.csv,LEGACY_REFERENCE_AND_OWNER_MEMBERSHIP,FALSE
TPE,6799,來頡,EQUITY,TWD,TRUE,ACTIVE,,,reports/TASK-WS1-INSTRUMENT-MASTER-V1-CANONICAL-UNIVERSE-UNIFICATION-20260824/legacy-507-instruments.json;instrument_topic_memberships.csv,LEGACY_REFERENCE_AND_OWNER_MEMBERSHIP,FALSE
TPE,6805,富世達,EQUITY,TWD,TRUE,ACTIVE,,,reports/TASK-WS1-INSTRUMENT-MASTER-V1-CANONICAL-UNIVERSE-UNIFICATION-20260824/legacy-507-instruments.json;instrument_topic_memberships.csv,LEGACY_REFERENCE_AND_OWNER_MEMBERSHIP,FALSE
TPE,6806,森崴能源,EQUITY,TWD,TRUE,DELISTED,,,reports/TASK-WS1-INSTRUMENT-MASTER-V1-CANONICAL-UNIVERSE-UNIFICATION-20260824/legacy-507-instruments.json;instrument_topic_memberships.csv,LEGACY_REFERENCE_AND_OWNER_MEMBERSHIP,FALSE
TPE,6830,汎銓,EQUITY,TWD,TRUE,ACTIVE,,,reports/TASK-WS1-INSTRUMENT-MASTER-V1-CANONICAL-UNIVERSE-UNIFICATION-20260824/legacy-507-instruments.json;instrument_topic_memberships.csv,LEGACY_REFERENCE_AND_OWNER_MEMBERSHIP,FALSE
TPE,6831,邁科,EQUITY,TWD,TRUE,ACTIVE,,,reports/TASK-WS1-INSTRUMENT-MASTER-V1-CANONICAL-UNIVERSE-UNIFICATION-20260824/legacy-507-instruments.json;instrument_topic_memberships.csv,LEGACY_REFERENCE_AND_OWNER_MEMBERSHIP,FALSE
TPE,6834,天二科技,EQUITY,TWD,TRUE,ACTIVE,,,reports/TASK-WS1-INSTRUMENT-MASTER-V1-CANONICAL-UNIVERSE-UNIFICATION-20260824/legacy-507-instruments.json;instrument_topic_memberships.csv,LEGACY_REFERENCE_AND_OWNER_MEMBERSHIP,FALSE
TPE,6861,睿生光學,EQUITY,TWD,TRUE,ACTIVE,,,reports/TASK-WS1-INSTRUMENT-MASTER-V1-CANONICAL-UNIVERSE-UNIFICATION-20260824/legacy-507-instruments.json,LEGACY_REFERENCE_ONLY,FALSE
TPE,6906,現觀科,EQUITY,TWD,TRUE,ACTIVE,,,reports/TASK-WS1-INSTRUMENT-MASTER-V1-CANONICAL-UNIVERSE-UNIFICATION-20260824/legacy-507-instruments.json;instrument_topic_memberships.csv,LEGACY_REFERENCE_AND_OWNER_MEMBERSHIP,FALSE
TPE,6909,藏寶灣科技,EQUITY,TWD,TRUE,ACTIVE,,,reports/TASK-WS1-INSTRUMENT-MASTER-V1-CANONICAL-UNIVERSE-UNIFICATION-20260824/legacy-507-instruments.json,LEGACY_REFERENCE_ONLY,FALSE
TPE,6937,天虹,EQUITY,TWD,TRUE,ACTIVE,,,reports/TASK-WS1-INSTRUMENT-MASTER-V1-CANONICAL-UNIVERSE-UNIFICATION-20260824/legacy-507-instruments.json;instrument_topic_memberships.csv,LEGACY_REFERENCE_AND_OWNER_MEMBERSHIP,FALSE
TPE,7610,聯友金屬,EQUITY,TWD,TRUE,ACTIVE,,,reports/TASK-WS1-INSTRUMENT-MASTER-V1-CANONICAL-UNIVERSE-UNIFICATION-20260824/legacy-507-instruments.json;instrument_topic_memberships.csv,LEGACY_REFERENCE_AND_OWNER_MEMBERSHIP,FALSE
TPE,7750,新代,EQUITY,TWD,TRUE,ACTIVE,,,reports/TASK-WS1-INSTRUMENT-MASTER-V1-CANONICAL-UNIVERSE-UNIFICATION-20260824/legacy-507-instruments.json;instrument_topic_memberships.csv,LEGACY_REFERENCE_AND_OWNER_MEMBERSHIP,FALSE
TPE,7769,鴻勁,EQUITY,TWD,TRUE,ACTIVE,,,reports/TASK-WS1-INSTRUMENT-MASTER-V1-CANONICAL-UNIVERSE-UNIFICATION-20260824/legacy-507-instruments.json;instrument_topic_memberships.csv,LEGACY_REFERENCE_AND_OWNER_MEMBERSHIP,FALSE
TPE,7786,東方風能,EQUITY,TWD,TRUE,ACTIVE,,,reports/TASK-WS1-INSTRUMENT-MASTER-V1-CANONICAL-UNIVERSE-UNIFICATION-20260824/legacy-507-instruments.json;instrument_topic_memberships.csv,LEGACY_REFERENCE_AND_OWNER_MEMBERSHIP,FALSE
TPE,7788,松川精密,EQUITY,TWD,TRUE,ACTIVE,,,reports/TASK-WS1-INSTRUMENT-MASTER-V1-CANONICAL-UNIVERSE-UNIFICATION-20260824/legacy-507-instruments.json;instrument_topic_memberships.csv,LEGACY_REFERENCE_AND_OWNER_MEMBERSHIP,FALSE
TPE,8016,矽創,EQUITY,TWD,TRUE,ACTIVE,,,reports/TASK-WS1-INSTRUMENT-MASTER-V1-CANONICAL-UNIVERSE-UNIFICATION-20260824/legacy-507-instruments.json;instrument_topic_memberships.csv,LEGACY_REFERENCE_AND_OWNER_MEMBERSHIP,FALSE
TPE,8021,尖點,EQUITY,TWD,TRUE,ACTIVE,,,reports/TASK-WS1-INSTRUMENT-MASTER-V1-CANONICAL-UNIVERSE-UNIFICATION-20260824/legacy-507-instruments.json,LEGACY_REFERENCE_ONLY,FALSE
TPE,8028,昇陽半導體,EQUITY,TWD,TRUE,ACTIVE,,,reports/TASK-WS1-INSTRUMENT-MASTER-V1-CANONICAL-UNIVERSE-UNIFICATION-20260824/legacy-507-instruments.json;instrument_topic_memberships.csv,LEGACY_REFERENCE_AND_OWNER_MEMBERSHIP,FALSE
TPE,8033,雷虎,EQUITY,TWD,TRUE,ACTIVE,,,reports/TASK-WS1-INSTRUMENT-MASTER-V1-CANONICAL-UNIVERSE-UNIFICATION-20260824/legacy-507-instruments.json;instrument_topic_memberships.csv,LEGACY_REFERENCE_AND_OWNER_MEMBERSHIP,FALSE
TPE,8039,台虹,EQUITY,TWD,TRUE,ACTIVE,,,reports/TASK-WS1-INSTRUMENT-MASTER-V1-CANONICAL-UNIVERSE-UNIFICATION-20260824/legacy-507-instruments.json;instrument_topic_memberships.csv,LEGACY_REFERENCE_AND_OWNER_MEMBERSHIP,FALSE
TPE,8046,南電,EQUITY,TWD,TRUE,ACTIVE,,,reports/TASK-WS1-INSTRUMENT-MASTER-V1-CANONICAL-UNIVERSE-UNIFICATION-20260824/legacy-507-instruments.json;instrument_topic_memberships.csv,LEGACY_REFERENCE_AND_OWNER_MEMBERSHIP,FALSE
TPE,8103,瀚荃,EQUITY,TWD,TRUE,ACTIVE,,,expansion-reference-normalized-candidates.csv,OWNER_APPROVED_EXPANSION_ONLY,FALSE
TPE,8104,錸寶,EQUITY,TWD,TRUE,ACTIVE,,,reports/TASK-WS1-INSTRUMENT-MASTER-V1-CANONICAL-UNIVERSE-UNIFICATION-20260824/legacy-507-instruments.json;instrument_topic_memberships.csv,LEGACY_REFERENCE_AND_OWNER_MEMBERSHIP,FALSE
TPE,8110,華東,EQUITY,TWD,TRUE,ACTIVE,,,expansion-reference-normalized-candidates.csv,OWNER_APPROVED_EXPANSION_ONLY,FALSE
TPE,8112,至上,EQUITY,TWD,TRUE,ACTIVE,,,reports/TASK-WS1-INSTRUMENT-MASTER-V1-CANONICAL-UNIVERSE-UNIFICATION-20260824/legacy-507-instruments.json;instrument_topic_memberships.csv,LEGACY_REFERENCE_AND_OWNER_MEMBERSHIP,FALSE
TPE,8131,福懋科,EQUITY,TWD,TRUE,ACTIVE,,,expansion-reference-normalized-candidates.csv,OWNER_APPROVED_EXPANSION_ONLY,FALSE
TPE,8150,南茂,EQUITY,TWD,TRUE,ACTIVE,,,reports/TASK-WS1-INSTRUMENT-MASTER-V1-CANONICAL-UNIVERSE-UNIFICATION-20260824/legacy-507-instruments.json;instrument_topic_memberships.csv,LEGACY_REFERENCE_AND_OWNER_MEMBERSHIP,FALSE
TPE,8210,藍天,EQUITY,TWD,TRUE,ACTIVE,,,reports/TASK-WS1-INSTRUMENT-MASTER-V1-CANONICAL-UNIVERSE-UNIFICATION-20260824/legacy-507-instruments.json;instrument_topic_memberships.csv,LEGACY_REFERENCE_AND_OWNER_MEMBERSHIP,FALSE
TPE,8222,寶一,EQUITY,TWD,TRUE,ACTIVE,,,reports/TASK-WS1-INSTRUMENT-MASTER-V1-CANONICAL-UNIVERSE-UNIFICATION-20260824/legacy-507-instruments.json;instrument_topic_memberships.csv,LEGACY_REFERENCE_AND_OWNER_MEMBERSHIP,FALSE
TPE,8261,富鼎,EQUITY,TWD,TRUE,ACTIVE,,,reports/TASK-WS1-INSTRUMENT-MASTER-V1-CANONICAL-UNIVERSE-UNIFICATION-20260824/legacy-507-instruments.json;instrument_topic_memberships.csv,LEGACY_REFERENCE_AND_OWNER_MEMBERSHIP,FALSE
TPE,8271,宇瞻,EQUITY,TWD,TRUE,ACTIVE,,,reports/TASK-WS1-INSTRUMENT-MASTER-V1-CANONICAL-UNIVERSE-UNIFICATION-20260824/legacy-507-instruments.json;instrument_topic_memberships.csv,LEGACY_REFERENCE_AND_OWNER_MEMBERSHIP,FALSE
TPE,8374,羅昇,EQUITY,TWD,TRUE,ACTIVE,,,reports/TASK-WS1-INSTRUMENT-MASTER-V1-CANONICAL-UNIVERSE-UNIFICATION-20260824/legacy-507-instruments.json;instrument_topic_memberships.csv,LEGACY_REFERENCE_AND_OWNER_MEMBERSHIP,FALSE
TPE,8996,高力,EQUITY,TWD,TRUE,ACTIVE,,,reports/TASK-WS1-INSTRUMENT-MASTER-V1-CANONICAL-UNIVERSE-UNIFICATION-20260824/legacy-507-instruments.json;instrument_topic_memberships.csv,LEGACY_REFERENCE_AND_OWNER_MEMBERSHIP,FALSE
TPE,9904,寶成,EQUITY,TWD,TRUE,ACTIVE,,,expansion-reference-normalized-candidates.csv,OWNER_APPROVED_EXPANSION_ONLY,FALSE
TPE,9921,巨大,EQUITY,TWD,TRUE,ACTIVE,,,expansion-reference-normalized-candidates.csv,OWNER_APPROVED_EXPANSION_ONLY,FALSE
TPE,9945,潤泰新,EQUITY,TWD,TRUE,ACTIVE,,,expansion-reference-normalized-candidates.csv,OWNER_APPROVED_EXPANSION_ONLY,FALSE
TPE,9958,世紀鋼,EQUITY,TWD,TRUE,ACTIVE,,,reports/TASK-WS1-INSTRUMENT-MASTER-V1-CANONICAL-UNIVERSE-UNIFICATION-20260824/legacy-507-instruments.json;instrument_topic_memberships.csv,LEGACY_REFERENCE_AND_OWNER_MEMBERSHIP,FALSE
TWO,1569,濱川,EQUITY,TWD,TRUE,ACTIVE,,,expansion-reference-normalized-candidates.csv,OWNER_APPROVED_EXPANSION_ONLY,FALSE
TWO,1584,精剛,EQUITY,TWD,TRUE,ACTIVE,,,reports/TASK-WS1-INSTRUMENT-MASTER-V1-CANONICAL-UNIVERSE-UNIFICATION-20260824/legacy-507-instruments.json;instrument_topic_memberships.csv,LEGACY_REFERENCE_AND_OWNER_MEMBERSHIP,FALSE
TWO,1586,和勤,EQUITY,TWD,TRUE,ACTIVE,,,expansion-reference-normalized-candidates.csv,OWNER_APPROVED_EXPANSION_ONLY,FALSE
TWO,1785,光洋科,EQUITY,TWD,TRUE,ACTIVE,,,reports/TASK-WS1-INSTRUMENT-MASTER-V1-CANONICAL-UNIVERSE-UNIFICATION-20260824/legacy-507-instruments.json;instrument_topic_memberships.csv,LEGACY_REFERENCE_AND_OWNER_MEMBERSHIP,FALSE
TWO,1815,富喬,EQUITY,TWD,TRUE,ACTIVE,,,reports/TASK-WS1-INSTRUMENT-MASTER-V1-CANONICAL-UNIVERSE-UNIFICATION-20260824/legacy-507-instruments.json;instrument_topic_memberships.csv,LEGACY_REFERENCE_AND_OWNER_MEMBERSHIP,FALSE
TWO,2061,風青,EQUITY,TWD,TRUE,ACTIVE,,,reports/TASK-WS1-INSTRUMENT-MASTER-V1-CANONICAL-UNIVERSE-UNIFICATION-20260824/legacy-507-instruments.json;instrument_topic_memberships.csv,LEGACY_REFERENCE_AND_OWNER_MEMBERSHIP,FALSE
TWO,2070,精湛,EQUITY,TWD,TRUE,ACTIVE,,,expansion-reference-normalized-candidates.csv,OWNER_APPROVED_EXPANSION_ONLY,FALSE
TWO,2221,大甲,EQUITY,TWD,TRUE,ACTIVE,,,reports/TASK-WS1-INSTRUMENT-MASTER-V1-CANONICAL-UNIVERSE-UNIFICATION-20260824/legacy-507-instruments.json;instrument_topic_memberships.csv,LEGACY_REFERENCE_AND_OWNER_MEMBERSHIP,FALSE
TWO,2637,慧洋-KY,EQUITY,TWD,TRUE,ACTIVE,,,instrument_topic_memberships.csv,OWNER_MEMBERSHIP_IDENTITY_ONLY,FALSE
TWO,2641,正德,EQUITY,TWD,TRUE,ACTIVE,,,expansion-reference-normalized-candidates.csv;instrument_topic_memberships.csv,OWNER_EXPANSION_AND_MEMBERSHIP,FALSE
TWO,3071,協禧,EQUITY,TWD,TRUE,ACTIVE,,,reports/TASK-WS1-INSTRUMENT-MASTER-V1-CANONICAL-UNIVERSE-UNIFICATION-20260824/legacy-507-instruments.json;instrument_topic_memberships.csv,LEGACY_REFERENCE_AND_OWNER_MEMBERSHIP,FALSE
TWO,3081,聯亞,EQUITY,TWD,TRUE,ACTIVE,,,reports/TASK-WS1-INSTRUMENT-MASTER-V1-CANONICAL-UNIVERSE-UNIFICATION-20260824/legacy-507-instruments.json;instrument_topic_memberships.csv,LEGACY_REFERENCE_AND_OWNER_MEMBERSHIP,FALSE
TWO,3088,艾訊,EQUITY,TWD,TRUE,ACTIVE,,,expansion-reference-normalized-candidates.csv,OWNER_APPROVED_EXPANSION_ONLY,FALSE
TWO,3105,穩懋,EQUITY,TWD,TRUE,ACTIVE,,,reports/TASK-WS1-INSTRUMENT-MASTER-V1-CANONICAL-UNIVERSE-UNIFICATION-20260824/legacy-507-instruments.json;instrument_topic_memberships.csv,LEGACY_REFERENCE_AND_OWNER_MEMBERSHIP,FALSE
TWO,3114,好德,EQUITY,TWD,TRUE,ACTIVE,,,reports/TASK-WS1-INSTRUMENT-MASTER-V1-CANONICAL-UNIVERSE-UNIFICATION-20260824/legacy-507-instruments.json,LEGACY_REFERENCE_ONLY,FALSE
TWO,3131,弘塑,EQUITY,TWD,TRUE,ACTIVE,,,reports/TASK-WS1-INSTRUMENT-MASTER-V1-CANONICAL-UNIVERSE-UNIFICATION-20260824/legacy-507-instruments.json;instrument_topic_memberships.csv,LEGACY_REFERENCE_AND_OWNER_MEMBERSHIP,FALSE
TWO,3147,大綜,EQUITY,TWD,TRUE,ACTIVE,,,reports/TASK-WS1-INSTRUMENT-MASTER-V1-CANONICAL-UNIVERSE-UNIFICATION-20260824/legacy-507-instruments.json;instrument_topic_memberships.csv,LEGACY_REFERENCE_AND_OWNER_MEMBERSHIP,FALSE
TWO,3152,璟德,EQUITY,TWD,TRUE,ACTIVE,,,reports/TASK-WS1-INSTRUMENT-MASTER-V1-CANONICAL-UNIVERSE-UNIFICATION-20260824/legacy-507-instruments.json;instrument_topic_memberships.csv,LEGACY_REFERENCE_AND_OWNER_MEMBERSHIP,FALSE
TWO,3163,波若威,EQUITY,TWD,TRUE,ACTIVE,,,reports/TASK-WS1-INSTRUMENT-MASTER-V1-CANONICAL-UNIVERSE-UNIFICATION-20260824/legacy-507-instruments.json;instrument_topic_memberships.csv,LEGACY_REFERENCE_AND_OWNER_MEMBERSHIP,FALSE
TWO,3191,雲嘉南,EQUITY,TWD,TRUE,ACTIVE,,,reports/TASK-WS1-INSTRUMENT-MASTER-V1-CANONICAL-UNIVERSE-UNIFICATION-20260824/legacy-507-instruments.json,LEGACY_REFERENCE_ONLY,FALSE
TWO,3211,順達,EQUITY,TWD,TRUE,ACTIVE,,,reports/TASK-WS1-INSTRUMENT-MASTER-V1-CANONICAL-UNIVERSE-UNIFICATION-20260824/legacy-507-instruments.json;instrument_topic_memberships.csv,LEGACY_REFERENCE_AND_OWNER_MEMBERSHIP,FALSE
TWO,3213,茂訊,EQUITY,TWD,TRUE,ACTIVE,,,reports/TASK-WS1-INSTRUMENT-MASTER-V1-CANONICAL-UNIVERSE-UNIFICATION-20260824/legacy-507-instruments.json;instrument_topic_memberships.csv,LEGACY_REFERENCE_AND_OWNER_MEMBERSHIP,FALSE
TWO,3221,台嘉碩,EQUITY,TWD,TRUE,ACTIVE,,,reports/TASK-WS1-INSTRUMENT-MASTER-V1-CANONICAL-UNIVERSE-UNIFICATION-20260824/legacy-507-instruments.json;instrument_topic_memberships.csv,LEGACY_REFERENCE_AND_OWNER_MEMBERSHIP,FALSE
TWO,3227,原相,EQUITY,TWD,TRUE,ACTIVE,,,expansion-reference-normalized-candidates.csv;instrument_topic_memberships.csv,OWNER_EXPANSION_AND_MEMBERSHIP,FALSE
TWO,3230,錦明,EQUITY,TWD,TRUE,ACTIVE,,,expansion-reference-normalized-candidates.csv,OWNER_APPROVED_EXPANSION_ONLY,FALSE
TWO,3234,光環,EQUITY,TWD,TRUE,ACTIVE,,,reports/TASK-WS1-INSTRUMENT-MASTER-V1-CANONICAL-UNIVERSE-UNIFICATION-20260824/legacy-507-instruments.json;instrument_topic_memberships.csv,LEGACY_REFERENCE_AND_OWNER_MEMBERSHIP,FALSE
TWO,3236,千如,EQUITY,TWD,TRUE,ACTIVE,,,reports/TASK-WS1-INSTRUMENT-MASTER-V1-CANONICAL-UNIVERSE-UNIFICATION-20260824/legacy-507-instruments.json;instrument_topic_memberships.csv,LEGACY_REFERENCE_AND_OWNER_MEMBERSHIP,FALSE
TWO,3260,威剛,EQUITY,TWD,TRUE,ACTIVE,,,reports/TASK-WS1-INSTRUMENT-MASTER-V1-CANONICAL-UNIVERSE-UNIFICATION-20260824/legacy-507-instruments.json;instrument_topic_memberships.csv,LEGACY_REFERENCE_AND_OWNER_MEMBERSHIP,FALSE
TWO,3264,欣銓,EQUITY,TWD,TRUE,ACTIVE,,,reports/TASK-WS1-INSTRUMENT-MASTER-V1-CANONICAL-UNIVERSE-UNIFICATION-20260824/legacy-507-instruments.json;instrument_topic_memberships.csv,LEGACY_REFERENCE_AND_OWNER_MEMBERSHIP,FALSE
TWO,3265,台星科,EQUITY,TWD,TRUE,ACTIVE,,,reports/TASK-WS1-INSTRUMENT-MASTER-V1-CANONICAL-UNIVERSE-UNIFICATION-20260824/legacy-507-instruments.json;instrument_topic_memberships.csv,LEGACY_REFERENCE_AND_OWNER_MEMBERSHIP,FALSE
TWO,3268,海德威,EQUITY,TWD,TRUE,ACTIVE,,,reports/TASK-WS1-INSTRUMENT-MASTER-V1-CANONICAL-UNIVERSE-UNIFICATION-20260824/legacy-507-instruments.json,LEGACY_REFERENCE_ONLY,FALSE
TWO,3285,微端,EQUITY,TWD,TRUE,ACTIVE,,,reports/TASK-WS1-INSTRUMENT-MASTER-V1-CANONICAL-UNIVERSE-UNIFICATION-20260824/legacy-507-instruments.json,LEGACY_REFERENCE_ONLY,FALSE
TWO,3288,點晶,EQUITY,TWD,TRUE,ACTIVE,,,reports/TASK-WS1-INSTRUMENT-MASTER-V1-CANONICAL-UNIVERSE-UNIFICATION-20260824/legacy-507-instruments.json;instrument_topic_memberships.csv,LEGACY_REFERENCE_AND_OWNER_MEMBERSHIP,FALSE
TWO,3290,東浦,EQUITY,TWD,TRUE,ACTIVE,,,reports/TASK-WS1-INSTRUMENT-MASTER-V1-CANONICAL-UNIVERSE-UNIFICATION-20260824/legacy-507-instruments.json;instrument_topic_memberships.csv,LEGACY_REFERENCE_AND_OWNER_MEMBERSHIP,FALSE
TWO,3317,尼克森,EQUITY,TWD,TRUE,ACTIVE,,,reports/TASK-WS1-INSTRUMENT-MASTER-V1-CANONICAL-UNIVERSE-UNIFICATION-20260824/legacy-507-instruments.json;instrument_topic_memberships.csv,LEGACY_REFERENCE_AND_OWNER_MEMBERSHIP,FALSE
TWO,3322,建舜電,EQUITY,TWD,TRUE,ACTIVE,,,reports/TASK-WS1-INSTRUMENT-MASTER-V1-CANONICAL-UNIVERSE-UNIFICATION-20260824/legacy-507-instruments.json;instrument_topic_memberships.csv,LEGACY_REFERENCE_AND_OWNER_MEMBERSHIP,FALSE
TWO,3324,雙鴻,EQUITY,TWD,TRUE,ACTIVE,,,reports/TASK-WS1-INSTRUMENT-MASTER-V1-CANONICAL-UNIVERSE-UNIFICATION-20260824/legacy-507-instruments.json;instrument_topic_memberships.csv,LEGACY_REFERENCE_AND_OWNER_MEMBERSHIP,FALSE
TWO,3339,泰谷,EQUITY,TWD,TRUE,ACTIVE,,,reports/TASK-WS1-INSTRUMENT-MASTER-V1-CANONICAL-UNIVERSE-UNIFICATION-20260824/legacy-507-instruments.json;instrument_topic_memberships.csv,LEGACY_REFERENCE_AND_OWNER_MEMBERSHIP,FALSE
TWO,3357,臺慶科,EQUITY,TWD,TRUE,ACTIVE,,,reports/TASK-WS1-INSTRUMENT-MASTER-V1-CANONICAL-UNIVERSE-UNIFICATION-20260824/legacy-507-instruments.json;instrument_topic_memberships.csv,LEGACY_REFERENCE_AND_OWNER_MEMBERSHIP,FALSE
TWO,3360,尚立,EQUITY,TWD,TRUE,ACTIVE,,,reports/TASK-WS1-INSTRUMENT-MASTER-V1-CANONICAL-UNIVERSE-UNIFICATION-20260824/legacy-507-instruments.json,LEGACY_REFERENCE_ONLY,FALSE
TWO,3362,先進光,EQUITY,TWD,TRUE,ACTIVE,,,reports/TASK-WS1-INSTRUMENT-MASTER-V1-CANONICAL-UNIVERSE-UNIFICATION-20260824/legacy-507-instruments.json;instrument_topic_memberships.csv,LEGACY_REFERENCE_AND_OWNER_MEMBERSHIP,FALSE
TWO,3363,上詮,EQUITY,TWD,TRUE,ACTIVE,,,reports/TASK-WS1-INSTRUMENT-MASTER-V1-CANONICAL-UNIVERSE-UNIFICATION-20260824/legacy-507-instruments.json;instrument_topic_memberships.csv,LEGACY_REFERENCE_AND_OWNER_MEMBERSHIP,FALSE
TWO,3374,精材,EQUITY,TWD,TRUE,ACTIVE,,,reports/TASK-WS1-INSTRUMENT-MASTER-V1-CANONICAL-UNIVERSE-UNIFICATION-20260824/legacy-507-instruments.json;instrument_topic_memberships.csv,LEGACY_REFERENCE_AND_OWNER_MEMBERSHIP,FALSE
TWO,3388,崇越電,EQUITY,TWD,TRUE,ACTIVE,,,expansion-reference-normalized-candidates.csv,OWNER_APPROVED_EXPANSION_ONLY,FALSE
TWO,3390,旭軟,EQUITY,TWD,TRUE,ACTIVE,,,reports/TASK-WS1-INSTRUMENT-MASTER-V1-CANONICAL-UNIVERSE-UNIFICATION-20260824/legacy-507-instruments.json;instrument_topic_memberships.csv,LEGACY_REFERENCE_AND_OWNER_MEMBERSHIP,FALSE
TWO,3441,聯一光,EQUITY,TWD,TRUE,ACTIVE,,,reports/TASK-WS1-INSTRUMENT-MASTER-V1-CANONICAL-UNIVERSE-UNIFICATION-20260824/legacy-507-instruments.json,LEGACY_REFERENCE_ONLY,FALSE
TWO,3455,由田,EQUITY,TWD,TRUE,ACTIVE,,,expansion-reference-normalized-candidates.csv,OWNER_APPROVED_EXPANSION_ONLY,FALSE
TWO,3479,安勤,EQUITY,TWD,TRUE,ACTIVE,,,reports/TASK-WS1-INSTRUMENT-MASTER-V1-CANONICAL-UNIVERSE-UNIFICATION-20260824/legacy-507-instruments.json;instrument_topic_memberships.csv,LEGACY_REFERENCE_AND_OWNER_MEMBERSHIP,FALSE
TWO,3483,力致,EQUITY,TWD,TRUE,ACTIVE,,,reports/TASK-WS1-INSTRUMENT-MASTER-V1-CANONICAL-UNIVERSE-UNIFICATION-20260824/legacy-507-instruments.json;instrument_topic_memberships.csv,LEGACY_REFERENCE_AND_OWNER_MEMBERSHIP,FALSE
TWO,3484,崧騰,EQUITY,TWD,TRUE,ACTIVE,,,reports/TASK-WS1-INSTRUMENT-MASTER-V1-CANONICAL-UNIVERSE-UNIFICATION-20260824/legacy-507-instruments.json;instrument_topic_memberships.csv,LEGACY_REFERENCE_AND_OWNER_MEMBERSHIP,FALSE
TWO,3490,單井,EQUITY,TWD,TRUE,ACTIVE,,,expansion-reference-normalized-candidates.csv,OWNER_APPROVED_EXPANSION_ONLY,FALSE
TWO,3491,昇達科,EQUITY,TWD,TRUE,ACTIVE,,,reports/TASK-WS1-INSTRUMENT-MASTER-V1-CANONICAL-UNIVERSE-UNIFICATION-20260824/legacy-507-instruments.json;instrument_topic_memberships.csv,LEGACY_REFERENCE_AND_OWNER_MEMBERSHIP,FALSE
TWO,3498,陽程,EQUITY,TWD,TRUE,ACTIVE,,,reports/TASK-WS1-INSTRUMENT-MASTER-V1-CANONICAL-UNIVERSE-UNIFICATION-20260824/legacy-507-instruments.json;instrument_topic_memberships.csv,LEGACY_REFERENCE_AND_OWNER_MEMBERSHIP,FALSE
TWO,3508,位速,EQUITY,TWD,TRUE,ACTIVE,,,expansion-reference-normalized-candidates.csv,OWNER_APPROVED_EXPANSION_ONLY,FALSE
TWO,3526,凡甲,EQUITY,TWD,TRUE,ACTIVE,,,reports/TASK-WS1-INSTRUMENT-MASTER-V1-CANONICAL-UNIVERSE-UNIFICATION-20260824/legacy-507-instruments.json;instrument_topic_memberships.csv,LEGACY_REFERENCE_AND_OWNER_MEMBERSHIP,FALSE
TWO,3527,聚積,EQUITY,TWD,TRUE,ACTIVE,,,reports/TASK-WS1-INSTRUMENT-MASTER-V1-CANONICAL-UNIVERSE-UNIFICATION-20260824/legacy-507-instruments.json;instrument_topic_memberships.csv,LEGACY_REFERENCE_AND_OWNER_MEMBERSHIP,FALSE
TWO,3529,力旺,EQUITY,TWD,TRUE,ACTIVE,,,reports/TASK-WS1-INSTRUMENT-MASTER-V1-CANONICAL-UNIVERSE-UNIFICATION-20260824/legacy-507-instruments.json;instrument_topic_memberships.csv,LEGACY_REFERENCE_AND_OWNER_MEMBERSHIP,FALSE
TWO,3537,堡達,EQUITY,TWD,TRUE,ACTIVE,,,reports/TASK-WS1-INSTRUMENT-MASTER-V1-CANONICAL-UNIVERSE-UNIFICATION-20260824/legacy-507-instruments.json,LEGACY_REFERENCE_ONLY,FALSE
TWO,3552,同致,EQUITY,TWD,TRUE,ACTIVE,,,instrument_topic_memberships.csv,OWNER_MEMBERSHIP_IDENTITY_ONLY,FALSE
TWO,3556,禾瑞亞,EQUITY,TWD,TRUE,ACTIVE,,,reports/TASK-WS1-INSTRUMENT-MASTER-V1-CANONICAL-UNIVERSE-UNIFICATION-20260824/legacy-507-instruments.json;instrument_topic_memberships.csv,LEGACY_REFERENCE_AND_OWNER_MEMBERSHIP,FALSE
TWO,3558,神準,EQUITY,TWD,TRUE,ACTIVE,,,reports/TASK-WS1-INSTRUMENT-MASTER-V1-CANONICAL-UNIVERSE-UNIFICATION-20260824/legacy-507-instruments.json;instrument_topic_memberships.csv,LEGACY_REFERENCE_AND_OWNER_MEMBERSHIP,FALSE
TWO,3564,其陽,EQUITY,TWD,TRUE,ACTIVE,,,reports/TASK-WS1-INSTRUMENT-MASTER-V1-CANONICAL-UNIVERSE-UNIFICATION-20260824/legacy-507-instruments.json;instrument_topic_memberships.csv,LEGACY_REFERENCE_AND_OWNER_MEMBERSHIP,FALSE
TWO,3577,泓格,EQUITY,TWD,TRUE,ACTIVE,,,reports/TASK-WS1-INSTRUMENT-MASTER-V1-CANONICAL-UNIVERSE-UNIFICATION-20260824/legacy-507-instruments.json;instrument_topic_memberships.csv,LEGACY_REFERENCE_AND_OWNER_MEMBERSHIP,FALSE
TWO,3587,閎康,EQUITY,TWD,TRUE,ACTIVE,,,expansion-reference-normalized-candidates.csv,OWNER_APPROVED_EXPANSION_ONLY,FALSE
TWO,3597,映興,EQUITY,TWD,TRUE,ACTIVE,,,reports/TASK-WS1-INSTRUMENT-MASTER-V1-CANONICAL-UNIVERSE-UNIFICATION-20260824/legacy-507-instruments.json,LEGACY_REFERENCE_ONLY,FALSE
TWO,3615,安可,EQUITY,TWD,TRUE,ACTIVE,,,reports/TASK-WS1-INSTRUMENT-MASTER-V1-CANONICAL-UNIVERSE-UNIFICATION-20260824/legacy-507-instruments.json,LEGACY_REFERENCE_ONLY,FALSE
TWO,3624,光頡,EQUITY,TWD,TRUE,ACTIVE,,,reports/TASK-WS1-INSTRUMENT-MASTER-V1-CANONICAL-UNIVERSE-UNIFICATION-20260824/legacy-507-instruments.json;instrument_topic_memberships.csv,LEGACY_REFERENCE_AND_OWNER_MEMBERSHIP,FALSE
TWO,3630,新鉅科,EQUITY,TWD,TRUE,ACTIVE,,,reports/TASK-WS1-INSTRUMENT-MASTER-V1-CANONICAL-UNIVERSE-UNIFICATION-20260824/legacy-507-instruments.json,LEGACY_REFERENCE_ONLY,FALSE
TWO,3675,德微,EQUITY,TWD,TRUE,ACTIVE,,,reports/TASK-WS1-INSTRUMENT-MASTER-V1-CANONICAL-UNIVERSE-UNIFICATION-20260824/legacy-507-instruments.json;instrument_topic_memberships.csv,LEGACY_REFERENCE_AND_OWNER_MEMBERSHIP,FALSE
TWO,3689,湧德,EQUITY,TWD,TRUE,ACTIVE,,,expansion-reference-normalized-candidates.csv;instrument_topic_memberships.csv,OWNER_EXPANSION_AND_MEMBERSHIP,FALSE
TWO,3691,碩禾,EQUITY,TWD,TRUE,ACTIVE,,,reports/TASK-WS1-INSTRUMENT-MASTER-V1-CANONICAL-UNIVERSE-UNIFICATION-20260824/legacy-507-instruments.json;instrument_topic_memberships.csv,LEGACY_REFERENCE_AND_OWNER_MEMBERSHIP,FALSE
TWO,3693,營邦,EQUITY,TWD,TRUE,ACTIVE,,,reports/TASK-WS1-INSTRUMENT-MASTER-V1-CANONICAL-UNIVERSE-UNIFICATION-20260824/legacy-507-instruments.json;instrument_topic_memberships.csv,LEGACY_REFERENCE_AND_OWNER_MEMBERSHIP,FALSE
TWO,3707,漢磊,EQUITY,TWD,TRUE,ACTIVE,,,reports/TASK-WS1-INSTRUMENT-MASTER-V1-CANONICAL-UNIVERSE-UNIFICATION-20260824/legacy-507-instruments.json;instrument_topic_memberships.csv,LEGACY_REFERENCE_AND_OWNER_MEMBERSHIP,FALSE
TWO,3709,鑫聯大投控,EQUITY,TWD,TRUE,ACTIVE,,,reports/TASK-WS1-INSTRUMENT-MASTER-V1-CANONICAL-UNIVERSE-UNIFICATION-20260824/legacy-507-instruments.json,LEGACY_REFERENCE_ONLY,FALSE
TWO,4114,健喬,EQUITY,TWD,TRUE,ACTIVE,,,expansion-reference-normalized-candidates.csv;instrument_topic_memberships.csv,OWNER_EXPANSION_AND_MEMBERSHIP,FALSE
TWO,4123,晟德,EQUITY,TWD,TRUE,ACTIVE,,,expansion-reference-normalized-candidates.csv;instrument_topic_memberships.csv,OWNER_EXPANSION_AND_MEMBERSHIP,FALSE
TWO,4127,天良,EQUITY,TWD,TRUE,ACTIVE,,,reports/TASK-WS1-INSTRUMENT-MASTER-V1-CANONICAL-UNIVERSE-UNIFICATION-20260824/legacy-507-instruments.json,LEGACY_REFERENCE_ONLY,FALSE
TWO,4416,三圓,EQUITY,TWD,TRUE,ACTIVE,,,expansion-reference-normalized-candidates.csv,OWNER_APPROVED_EXPANSION_ONLY,FALSE
TWO,4513,福裕,EQUITY,TWD,TRUE,ACTIVE,,,reports/TASK-WS1-INSTRUMENT-MASTER-V1-CANONICAL-UNIVERSE-UNIFICATION-20260824/legacy-507-instruments.json;instrument_topic_memberships.csv,LEGACY_REFERENCE_AND_OWNER_MEMBERSHIP,FALSE
TWO,4533,協易機,EQUITY,TWD,TRUE,ACTIVE,,,expansion-reference-normalized-candidates.csv,OWNER_APPROVED_EXPANSION_ONLY,FALSE
TWO,4541,晟田,EQUITY,TWD,TRUE,ACTIVE,,,reports/TASK-WS1-INSTRUMENT-MASTER-V1-CANONICAL-UNIVERSE-UNIFICATION-20260824/legacy-507-instruments.json;instrument_topic_memberships.csv,LEGACY_REFERENCE_AND_OWNER_MEMBERSHIP,FALSE
TWO,4542,科嶠,EQUITY,TWD,TRUE,ACTIVE,,,reports/TASK-WS1-INSTRUMENT-MASTER-V1-CANONICAL-UNIVERSE-UNIFICATION-20260824/legacy-507-instruments.json;instrument_topic_memberships.csv,LEGACY_REFERENCE_AND_OWNER_MEMBERSHIP,FALSE
TWO,4556,旭然,EQUITY,TWD,TRUE,ACTIVE,,,reports/TASK-WS1-INSTRUMENT-MASTER-V1-CANONICAL-UNIVERSE-UNIFICATION-20260824/legacy-507-instruments.json;instrument_topic_memberships.csv,LEGACY_REFERENCE_AND_OWNER_MEMBERSHIP,FALSE
TWO,4561,健椿,EQUITY,TWD,TRUE,ACTIVE,,,expansion-reference-normalized-candidates.csv,OWNER_APPROVED_EXPANSION_ONLY,FALSE
TWO,4577,達航科技,EQUITY,TWD,TRUE,ACTIVE,,,reports/TASK-WS1-INSTRUMENT-MASTER-V1-CANONICAL-UNIVERSE-UNIFICATION-20260824/legacy-507-instruments.json;instrument_topic_memberships.csv,LEGACY_REFERENCE_AND_OWNER_MEMBERSHIP,FALSE
TWO,4707,磐亞,EQUITY,TWD,TRUE,ACTIVE,,,reports/TASK-WS1-INSTRUMENT-MASTER-V1-CANONICAL-UNIVERSE-UNIFICATION-20260824/legacy-507-instruments.json;instrument_topic_memberships.csv,LEGACY_REFERENCE_AND_OWNER_MEMBERSHIP,FALSE
TWO,4716,大立,EQUITY,TWD,TRUE,ACTIVE,,,reports/TASK-WS1-INSTRUMENT-MASTER-V1-CANONICAL-UNIVERSE-UNIFICATION-20260824/legacy-507-instruments.json;instrument_topic_memberships.csv,LEGACY_REFERENCE_AND_OWNER_MEMBERSHIP,FALSE
TWO,4721,美琪瑪,EQUITY,TWD,TRUE,ACTIVE,,,reports/TASK-WS1-INSTRUMENT-MASTER-V1-CANONICAL-UNIVERSE-UNIFICATION-20260824/legacy-507-instruments.json,LEGACY_REFERENCE_ONLY,FALSE
TWO,4729,熒茂,EQUITY,TWD,TRUE,ACTIVE,,,reports/TASK-WS1-INSTRUMENT-MASTER-V1-CANONICAL-UNIVERSE-UNIFICATION-20260824/legacy-507-instruments.json,LEGACY_REFERENCE_ONLY,FALSE
TWO,4760,勤凱,EQUITY,TWD,TRUE,ACTIVE,,,reports/TASK-WS1-INSTRUMENT-MASTER-V1-CANONICAL-UNIVERSE-UNIFICATION-20260824/legacy-507-instruments.json,LEGACY_REFERENCE_ONLY,FALSE
TWO,4903,聯光通,EQUITY,TWD,TRUE,ACTIVE,,,reports/TASK-WS1-INSTRUMENT-MASTER-V1-CANONICAL-UNIVERSE-UNIFICATION-20260824/legacy-507-instruments.json,LEGACY_REFERENCE_ONLY,FALSE
TWO,4908,前鼎,EQUITY,TWD,TRUE,ACTIVE,,,reports/TASK-WS1-INSTRUMENT-MASTER-V1-CANONICAL-UNIVERSE-UNIFICATION-20260824/legacy-507-instruments.json,LEGACY_REFERENCE_ONLY,FALSE
TWO,4923,力士,EQUITY,TWD,TRUE,ACTIVE,,,reports/TASK-WS1-INSTRUMENT-MASTER-V1-CANONICAL-UNIVERSE-UNIFICATION-20260824/legacy-507-instruments.json,LEGACY_REFERENCE_ONLY,FALSE
TWO,4927,泰鼎-KY,EQUITY,TWD,TRUE,ACTIVE,,,instrument_topic_memberships.csv,OWNER_MEMBERSHIP_IDENTITY_ONLY,FALSE
TWO,4931,新盛力,EQUITY,TWD,TRUE,ACTIVE,,,reports/TASK-WS1-INSTRUMENT-MASTER-V1-CANONICAL-UNIVERSE-UNIFICATION-20260824/legacy-507-instruments.json,LEGACY_REFERENCE_ONLY,FALSE
TWO,4939,亞電,EQUITY,TWD,TRUE,ACTIVE,,,reports/TASK-WS1-INSTRUMENT-MASTER-V1-CANONICAL-UNIVERSE-UNIFICATION-20260824/legacy-507-instruments.json,LEGACY_REFERENCE_ONLY,FALSE
TWO,4946,辣椒,EQUITY,TWD,TRUE,ACTIVE,,,expansion-reference-normalized-candidates.csv,OWNER_APPROVED_EXPANSION_ONLY,FALSE
TWO,4966,譜瑞-KY,EQUITY,TWD,TRUE,ACTIVE,,,reports/TASK-WS1-INSTRUMENT-MASTER-V1-CANONICAL-UNIVERSE-UNIFICATION-20260824/legacy-507-instruments.json,LEGACY_REFERENCE_ONLY,FALSE
TWO,4971,IET-KY,EQUITY,TWD,TRUE,ACTIVE,,,reports/TASK-WS1-INSTRUMENT-MASTER-V1-CANONICAL-UNIVERSE-UNIFICATION-20260824/legacy-507-instruments.json,LEGACY_REFERENCE_ONLY,FALSE
TWO,4973,廣穎,EQUITY,TWD,TRUE,ACTIVE,,,reports/TASK-WS1-INSTRUMENT-MASTER-V1-CANONICAL-UNIVERSE-UNIFICATION-20260824/legacy-507-instruments.json,LEGACY_REFERENCE_ONLY,FALSE
TWO,4979,華星光,EQUITY,TWD,TRUE,ACTIVE,,,reports/TASK-WS1-INSTRUMENT-MASTER-V1-CANONICAL-UNIVERSE-UNIFICATION-20260824/legacy-507-instruments.json,LEGACY_REFERENCE_ONLY,FALSE
TWO,4991,環宇-KY,EQUITY,TWD,TRUE,ACTIVE,,,reports/TASK-WS1-INSTRUMENT-MASTER-V1-CANONICAL-UNIVERSE-UNIFICATION-20260824/legacy-507-instruments.json,LEGACY_REFERENCE_ONLY,FALSE
TWO,5009,榮剛,EQUITY,TWD,TRUE,ACTIVE,,,reports/TASK-WS1-INSTRUMENT-MASTER-V1-CANONICAL-UNIVERSE-UNIFICATION-20260824/legacy-507-instruments.json,LEGACY_REFERENCE_ONLY,FALSE
TWO,5011,久陽,EQUITY,TWD,TRUE,ACTIVE,,,reports/TASK-WS1-INSTRUMENT-MASTER-V1-CANONICAL-UNIVERSE-UNIFICATION-20260824/legacy-507-instruments.json,LEGACY_REFERENCE_ONLY,FALSE
TWO,5227,立凱-KY,EQUITY,TWD,TRUE,ACTIVE,,,reports/TASK-WS1-INSTRUMENT-MASTER-V1-CANONICAL-UNIVERSE-UNIFICATION-20260824/legacy-507-instruments.json,LEGACY_REFERENCE_ONLY,FALSE
TWO,5228,鈺鎧,EQUITY,TWD,TRUE,ACTIVE,,,reports/TASK-WS1-INSTRUMENT-MASTER-V1-CANONICAL-UNIVERSE-UNIFICATION-20260824/legacy-507-instruments.json,LEGACY_REFERENCE_ONLY,FALSE
TWO,5274,信驊,EQUITY,TWD,TRUE,ACTIVE,,,reports/TASK-WS1-INSTRUMENT-MASTER-V1-CANONICAL-UNIVERSE-UNIFICATION-20260824/legacy-507-instruments.json,LEGACY_REFERENCE_ONLY,FALSE
TWO,5289,宜鼎,EQUITY,TWD,TRUE,ACTIVE,,,reports/TASK-WS1-INSTRUMENT-MASTER-V1-CANONICAL-UNIVERSE-UNIFICATION-20260824/legacy-507-instruments.json;instrument_topic_memberships.csv,LEGACY_REFERENCE_AND_OWNER_MEMBERSHIP,FALSE
TWO,5291,邑昇,EQUITY,TWD,TRUE,ACTIVE,,,expansion-reference-normalized-candidates.csv,OWNER_APPROVED_EXPANSION_ONLY,FALSE
TWO,5299,杰力,EQUITY,TWD,TRUE,ACTIVE,,,reports/TASK-WS1-INSTRUMENT-MASTER-V1-CANONICAL-UNIVERSE-UNIFICATION-20260824/legacy-507-instruments.json;instrument_topic_memberships.csv,LEGACY_REFERENCE_AND_OWNER_MEMBERSHIP,FALSE
TWO,5302,太欣,EQUITY,TWD,TRUE,ACTIVE,,,reports/TASK-WS1-INSTRUMENT-MASTER-V1-CANONICAL-UNIVERSE-UNIFICATION-20260824/legacy-507-instruments.json;instrument_topic_memberships.csv,LEGACY_REFERENCE_AND_OWNER_MEMBERSHIP,FALSE
TWO,5309,系統電,EQUITY,TWD,TRUE,ACTIVE,,,expansion-reference-normalized-candidates.csv;instrument_topic_memberships.csv,OWNER_EXPANSION_AND_MEMBERSHIP,FALSE
TWO,5321,美而快,EQUITY,TWD,TRUE,ACTIVE,,,expansion-reference-normalized-candidates.csv,OWNER_APPROVED_EXPANSION_ONLY,FALSE
TWO,5328,華容,EQUITY,TWD,TRUE,ACTIVE,,,reports/TASK-WS1-INSTRUMENT-MASTER-V1-CANONICAL-UNIVERSE-UNIFICATION-20260824/legacy-507-instruments.json;instrument_topic_memberships.csv,LEGACY_REFERENCE_AND_OWNER_MEMBERSHIP,FALSE
TWO,5340,建榮,EQUITY,TWD,TRUE,ACTIVE,,,reports/TASK-WS1-INSTRUMENT-MASTER-V1-CANONICAL-UNIVERSE-UNIFICATION-20260824/legacy-507-instruments.json;instrument_topic_memberships.csv,LEGACY_REFERENCE_AND_OWNER_MEMBERSHIP,FALSE
TWO,5347,世界,EQUITY,TWD,TRUE,ACTIVE,,,reports/TASK-WS1-INSTRUMENT-MASTER-V1-CANONICAL-UNIVERSE-UNIFICATION-20260824/legacy-507-instruments.json;instrument_topic_memberships.csv,LEGACY_REFERENCE_AND_OWNER_MEMBERSHIP,FALSE
TWO,5351,鈺創,EQUITY,TWD,TRUE,ACTIVE,,,reports/TASK-WS1-INSTRUMENT-MASTER-V1-CANONICAL-UNIVERSE-UNIFICATION-20260824/legacy-507-instruments.json;instrument_topic_memberships.csv,LEGACY_REFERENCE_AND_OWNER_MEMBERSHIP,FALSE
TWO,5371,中光電,EQUITY,TWD,TRUE,ACTIVE,,,reports/TASK-WS1-INSTRUMENT-MASTER-V1-CANONICAL-UNIVERSE-UNIFICATION-20260824/legacy-507-instruments.json;instrument_topic_memberships.csv,LEGACY_REFERENCE_AND_OWNER_MEMBERSHIP,FALSE
TWO,5386,青雲,EQUITY,TWD,TRUE,ACTIVE,,,reports/TASK-WS1-INSTRUMENT-MASTER-V1-CANONICAL-UNIVERSE-UNIFICATION-20260824/legacy-507-instruments.json;instrument_topic_memberships.csv,LEGACY_REFERENCE_AND_OWNER_MEMBERSHIP,FALSE
TWO,5410,國眾,EQUITY,TWD,TRUE,ACTIVE,,,reports/TASK-WS1-INSTRUMENT-MASTER-V1-CANONICAL-UNIVERSE-UNIFICATION-20260824/legacy-507-instruments.json;instrument_topic_memberships.csv,LEGACY_REFERENCE_AND_OWNER_MEMBERSHIP,FALSE
TWO,5425,台半,EQUITY,TWD,TRUE,ACTIVE,,,reports/TASK-WS1-INSTRUMENT-MASTER-V1-CANONICAL-UNIVERSE-UNIFICATION-20260824/legacy-507-instruments.json;instrument_topic_memberships.csv,LEGACY_REFERENCE_AND_OWNER_MEMBERSHIP,FALSE
TWO,5426,振發,EQUITY,TWD,TRUE,ACTIVE,,,reports/TASK-WS1-INSTRUMENT-MASTER-V1-CANONICAL-UNIVERSE-UNIFICATION-20260824/legacy-507-instruments.json,LEGACY_REFERENCE_ONLY,FALSE
TWO,5439,高技,EQUITY,TWD,TRUE,ACTIVE,,,reports/TASK-WS1-INSTRUMENT-MASTER-V1-CANONICAL-UNIVERSE-UNIFICATION-20260824/legacy-507-instruments.json;instrument_topic_memberships.csv,LEGACY_REFERENCE_AND_OWNER_MEMBERSHIP,FALSE
TWO,5443,均豪,EQUITY,TWD,TRUE,ACTIVE,,,reports/TASK-WS1-INSTRUMENT-MASTER-V1-CANONICAL-UNIVERSE-UNIFICATION-20260824/legacy-507-instruments.json;instrument_topic_memberships.csv,LEGACY_REFERENCE_AND_OWNER_MEMBERSHIP,FALSE
TWO,5457,宣德,EQUITY,TWD,TRUE,ACTIVE,,,reports/TASK-WS1-INSTRUMENT-MASTER-V1-CANONICAL-UNIVERSE-UNIFICATION-20260824/legacy-507-instruments.json;instrument_topic_memberships.csv,LEGACY_REFERENCE_AND_OWNER_MEMBERSHIP,FALSE
TWO,5464,霖宏,EQUITY,TWD,TRUE,ACTIVE,,,reports/TASK-WS1-INSTRUMENT-MASTER-V1-CANONICAL-UNIVERSE-UNIFICATION-20260824/legacy-507-instruments.json,LEGACY_REFERENCE_ONLY,FALSE
TWO,5468,凱鈺,EQUITY,TWD,TRUE,ACTIVE,,,expansion-reference-normalized-candidates.csv,OWNER_APPROVED_EXPANSION_ONLY,FALSE
TWO,5474,聰泰,EQUITY,TWD,TRUE,ACTIVE,,,expansion-reference-normalized-candidates.csv;instrument_topic_memberships.csv,OWNER_EXPANSION_AND_MEMBERSHIP,FALSE
TWO,5475,德宏,EQUITY,TWD,TRUE,ACTIVE,,,reports/TASK-WS1-INSTRUMENT-MASTER-V1-CANONICAL-UNIVERSE-UNIFICATION-20260824/legacy-507-instruments.json;instrument_topic_memberships.csv,LEGACY_REFERENCE_AND_OWNER_MEMBERSHIP,FALSE
TWO,5483,中美晶,EQUITY,TWD,TRUE,ACTIVE,,,reports/TASK-WS1-INSTRUMENT-MASTER-V1-CANONICAL-UNIVERSE-UNIFICATION-20260824/legacy-507-instruments.json;instrument_topic_memberships.csv,LEGACY_REFERENCE_AND_OWNER_MEMBERSHIP,FALSE
TWO,5488,松普,EQUITY,TWD,TRUE,ACTIVE,,,reports/TASK-WS1-INSTRUMENT-MASTER-V1-CANONICAL-UNIVERSE-UNIFICATION-20260824/legacy-507-instruments.json;instrument_topic_memberships.csv,LEGACY_REFERENCE_AND_OWNER_MEMBERSHIP,FALSE
TWO,5489,彩富,EQUITY,TWD,TRUE,ACTIVE,,,reports/TASK-WS1-INSTRUMENT-MASTER-V1-CANONICAL-UNIVERSE-UNIFICATION-20260824/legacy-507-instruments.json,LEGACY_REFERENCE_ONLY,FALSE
TWO,5498,凱威,EQUITY,TWD,TRUE,ACTIVE,,,reports/TASK-WS1-INSTRUMENT-MASTER-V1-CANONICAL-UNIVERSE-UNIFICATION-20260824/legacy-507-instruments.json;instrument_topic_memberships.csv,LEGACY_REFERENCE_AND_OWNER_MEMBERSHIP,FALSE
TWO,5536,聖暉*,EQUITY,TWD,TRUE,ACTIVE,,,reports/TASK-WS1-INSTRUMENT-MASTER-V1-CANONICAL-UNIVERSE-UNIFICATION-20260824/legacy-507-instruments.json;instrument_topic_memberships.csv,LEGACY_REFERENCE_AND_OWNER_MEMBERSHIP,FALSE
TWO,6016,康和證,EQUITY,TWD,TRUE,ACTIVE,,,expansion-reference-normalized-candidates.csv,OWNER_APPROVED_EXPANSION_ONLY,FALSE
TWO,6125,廣運,EQUITY,TWD,TRUE,ACTIVE,,,expansion-reference-normalized-candidates.csv;instrument_topic_memberships.csv,OWNER_EXPANSION_AND_MEMBERSHIP,FALSE
TWO,6127,九豪,EQUITY,TWD,TRUE,ACTIVE,,,reports/TASK-WS1-INSTRUMENT-MASTER-V1-CANONICAL-UNIVERSE-UNIFICATION-20260824/legacy-507-instruments.json;instrument_topic_memberships.csv,LEGACY_REFERENCE_AND_OWNER_MEMBERSHIP,FALSE
TWO,6129,普誠,EQUITY,TWD,TRUE,ACTIVE,,,reports/TASK-WS1-INSTRUMENT-MASTER-V1-CANONICAL-UNIVERSE-UNIFICATION-20260824/legacy-507-instruments.json;instrument_topic_memberships.csv,LEGACY_REFERENCE_AND_OWNER_MEMBERSHIP,FALSE
TWO,6138,茂達,EQUITY,TWD,TRUE,ACTIVE,,,reports/TASK-WS1-INSTRUMENT-MASTER-V1-CANONICAL-UNIVERSE-UNIFICATION-20260824/legacy-507-instruments.json;instrument_topic_memberships.csv,LEGACY_REFERENCE_AND_OWNER_MEMBERSHIP,FALSE
TWO,6147,頎邦,EQUITY,TWD,TRUE,ACTIVE,,,reports/TASK-WS1-INSTRUMENT-MASTER-V1-CANONICAL-UNIVERSE-UNIFICATION-20260824/legacy-507-instruments.json;instrument_topic_memberships.csv,LEGACY_REFERENCE_AND_OWNER_MEMBERSHIP,FALSE
TWO,6150,撼訊,EQUITY,TWD,TRUE,ACTIVE,,,reports/TASK-WS1-INSTRUMENT-MASTER-V1-CANONICAL-UNIVERSE-UNIFICATION-20260824/legacy-507-instruments.json;instrument_topic_memberships.csv,LEGACY_REFERENCE_AND_OWNER_MEMBERSHIP,FALSE
TWO,6156,松上,EQUITY,TWD,TRUE,ACTIVE,,,reports/TASK-WS1-INSTRUMENT-MASTER-V1-CANONICAL-UNIVERSE-UNIFICATION-20260824/legacy-507-instruments.json;instrument_topic_memberships.csv,LEGACY_REFERENCE_AND_OWNER_MEMBERSHIP,FALSE
TWO,6173,信昌電,EQUITY,TWD,TRUE,ACTIVE,,,reports/TASK-WS1-INSTRUMENT-MASTER-V1-CANONICAL-UNIVERSE-UNIFICATION-20260824/legacy-507-instruments.json;instrument_topic_memberships.csv,LEGACY_REFERENCE_AND_OWNER_MEMBERSHIP,FALSE
TWO,6174,安碁,EQUITY,TWD,TRUE,ACTIVE,,,reports/TASK-WS1-INSTRUMENT-MASTER-V1-CANONICAL-UNIVERSE-UNIFICATION-20260824/legacy-507-instruments.json;instrument_topic_memberships.csv,LEGACY_REFERENCE_AND_OWNER_MEMBERSHIP,FALSE
TWO,6175,立敦,EQUITY,TWD,TRUE,ACTIVE,,,reports/TASK-WS1-INSTRUMENT-MASTER-V1-CANONICAL-UNIVERSE-UNIFICATION-20260824/legacy-507-instruments.json;instrument_topic_memberships.csv,LEGACY_REFERENCE_AND_OWNER_MEMBERSHIP,FALSE
TWO,6179,亞通,EQUITY,TWD,TRUE,ACTIVE,,,reports/TASK-WS1-INSTRUMENT-MASTER-V1-CANONICAL-UNIVERSE-UNIFICATION-20260824/legacy-507-instruments.json;instrument_topic_memberships.csv,LEGACY_REFERENCE_AND_OWNER_MEMBERSHIP,FALSE
TWO,6182,合晶,EQUITY,TWD,TRUE,ACTIVE,,,reports/TASK-WS1-INSTRUMENT-MASTER-V1-CANONICAL-UNIVERSE-UNIFICATION-20260824/legacy-507-instruments.json;instrument_topic_memberships.csv,LEGACY_REFERENCE_AND_OWNER_MEMBERSHIP,FALSE
TWO,6187,萬潤,EQUITY,TWD,TRUE,ACTIVE,,,reports/TASK-WS1-INSTRUMENT-MASTER-V1-CANONICAL-UNIVERSE-UNIFICATION-20260824/legacy-507-instruments.json;instrument_topic_memberships.csv,LEGACY_REFERENCE_AND_OWNER_MEMBERSHIP,FALSE
TWO,6188,廣明,EQUITY,TWD,TRUE,ACTIVE,,,reports/TASK-WS1-INSTRUMENT-MASTER-V1-CANONICAL-UNIVERSE-UNIFICATION-20260824/legacy-507-instruments.json;instrument_topic_memberships.csv,LEGACY_REFERENCE_AND_OWNER_MEMBERSHIP,FALSE
TWO,6190,萬泰科,EQUITY,TWD,TRUE,ACTIVE,,,expansion-reference-normalized-candidates.csv,OWNER_APPROVED_EXPANSION_ONLY,FALSE
TWO,6199,天品,EQUITY,TWD,TRUE,ACTIVE,,,expansion-reference-normalized-candidates.csv,OWNER_APPROVED_EXPANSION_ONLY,FALSE
TWO,6204,艾華,EQUITY,TWD,TRUE,ACTIVE,,,reports/TASK-WS1-INSTRUMENT-MASTER-V1-CANONICAL-UNIVERSE-UNIFICATION-20260824/legacy-507-instruments.json;instrument_topic_memberships.csv,LEGACY_REFERENCE_AND_OWNER_MEMBERSHIP,FALSE
TWO,6207,雷科,EQUITY,TWD,TRUE,ACTIVE,,,reports/TASK-WS1-INSTRUMENT-MASTER-V1-CANONICAL-UNIVERSE-UNIFICATION-20260824/legacy-507-instruments.json;instrument_topic_memberships.csv,LEGACY_REFERENCE_AND_OWNER_MEMBERSHIP,FALSE
TWO,6217,中探針,EQUITY,TWD,TRUE,ACTIVE,,,expansion-reference-normalized-candidates.csv;instrument_topic_memberships.csv,OWNER_EXPANSION_AND_MEMBERSHIP,FALSE
TWO,6218,豪勉,EQUITY,TWD,TRUE,ACTIVE,,,expansion-reference-normalized-candidates.csv,OWNER_APPROVED_EXPANSION_ONLY,FALSE
TWO,6223,旺矽,EQUITY,TWD,TRUE,ACTIVE,,,reports/TASK-WS1-INSTRUMENT-MASTER-V1-CANONICAL-UNIVERSE-UNIFICATION-20260824/legacy-507-instruments.json;instrument_topic_memberships.csv,LEGACY_REFERENCE_AND_OWNER_MEMBERSHIP,FALSE
TWO,6241,鑫永洋,EQUITY,TWD,TRUE,ACTIVE,,,reports/TASK-WS1-INSTRUMENT-MASTER-V1-CANONICAL-UNIVERSE-UNIFICATION-20260824/legacy-507-instruments.json;instrument_topic_memberships.csv,LEGACY_REFERENCE_AND_OWNER_MEMBERSHIP,FALSE
TWO,6244,茂迪,EQUITY,TWD,TRUE,ACTIVE,,,reports/TASK-WS1-INSTRUMENT-MASTER-V1-CANONICAL-UNIVERSE-UNIFICATION-20260824/legacy-507-instruments.json;instrument_topic_memberships.csv,LEGACY_REFERENCE_AND_OWNER_MEMBERSHIP,FALSE
TWO,6259,百徽,EQUITY,TWD,TRUE,ACTIVE,,,reports/TASK-WS1-INSTRUMENT-MASTER-V1-CANONICAL-UNIVERSE-UNIFICATION-20260824/legacy-507-instruments.json,LEGACY_REFERENCE_ONLY,FALSE
TWO,6265,方土昶,EQUITY,TWD,TRUE,ACTIVE,,,reports/TASK-WS1-INSTRUMENT-MASTER-V1-CANONICAL-UNIVERSE-UNIFICATION-20260824/legacy-507-instruments.json,LEGACY_REFERENCE_ONLY,FALSE
TWO,6270,倍微,EQUITY,TWD,TRUE,ACTIVE,,,reports/TASK-WS1-INSTRUMENT-MASTER-V1-CANONICAL-UNIVERSE-UNIFICATION-20260824/legacy-507-instruments.json,LEGACY_REFERENCE_ONLY,FALSE
TWO,6274,台燿,EQUITY,TWD,TRUE,ACTIVE,,,reports/TASK-WS1-INSTRUMENT-MASTER-V1-CANONICAL-UNIVERSE-UNIFICATION-20260824/legacy-507-instruments.json;instrument_topic_memberships.csv,LEGACY_REFERENCE_AND_OWNER_MEMBERSHIP,FALSE
TWO,6275,元山,EQUITY,TWD,TRUE,ACTIVE,,,reports/TASK-WS1-INSTRUMENT-MASTER-V1-CANONICAL-UNIVERSE-UNIFICATION-20260824/legacy-507-instruments.json;instrument_topic_memberships.csv,LEGACY_REFERENCE_AND_OWNER_MEMBERSHIP,FALSE
TWO,6279,胡連,EQUITY,TWD,TRUE,ACTIVE,,,reports/TASK-WS1-INSTRUMENT-MASTER-V1-CANONICAL-UNIVERSE-UNIFICATION-20260824/legacy-507-instruments.json;instrument_topic_memberships.csv,LEGACY_REFERENCE_AND_OWNER_MEMBERSHIP,FALSE
TWO,6284,佳邦,EQUITY,TWD,TRUE,ACTIVE,,,expansion-reference-normalized-candidates.csv,OWNER_APPROVED_EXPANSION_ONLY,FALSE
TWO,6290,良維,EQUITY,TWD,TRUE,ACTIVE,,,expansion-reference-normalized-candidates.csv,OWNER_APPROVED_EXPANSION_ONLY,FALSE
TWO,6291,沛亨,EQUITY,TWD,TRUE,ACTIVE,,,reports/TASK-WS1-INSTRUMENT-MASTER-V1-CANONICAL-UNIVERSE-UNIFICATION-20260824/legacy-507-instruments.json;instrument_topic_memberships.csv,LEGACY_REFERENCE_AND_OWNER_MEMBERSHIP,FALSE
TWO,6419,京晨科,EQUITY,TWD,TRUE,ACTIVE,,,reports/TASK-WS1-INSTRUMENT-MASTER-V1-CANONICAL-UNIVERSE-UNIFICATION-20260824/legacy-507-instruments.json;instrument_topic_memberships.csv,LEGACY_REFERENCE_AND_OWNER_MEMBERSHIP,FALSE
TWO,6432,今展科,EQUITY,TWD,TRUE,ACTIVE,,,reports/TASK-WS1-INSTRUMENT-MASTER-V1-CANONICAL-UNIVERSE-UNIFICATION-20260824/legacy-507-instruments.json;instrument_topic_memberships.csv,LEGACY_REFERENCE_AND_OWNER_MEMBERSHIP,FALSE
TWO,6435,大中,EQUITY,TWD,TRUE,ACTIVE,,,reports/TASK-WS1-INSTRUMENT-MASTER-V1-CANONICAL-UNIVERSE-UNIFICATION-20260824/legacy-507-instruments.json;instrument_topic_memberships.csv,LEGACY_REFERENCE_AND_OWNER_MEMBERSHIP,FALSE
TWO,6457,紘康,EQUITY,TWD,TRUE,ACTIVE,,,instrument_topic_memberships.csv,OWNER_MEMBERSHIP_IDENTITY_ONLY,FALSE
TWO,6462,神盾,EQUITY,TWD,TRUE,ACTIVE,,,reports/TASK-WS1-INSTRUMENT-MASTER-V1-CANONICAL-UNIVERSE-UNIFICATION-20260824/legacy-507-instruments.json;instrument_topic_memberships.csv,LEGACY_REFERENCE_AND_OWNER_MEMBERSHIP,FALSE
TWO,6472,保瑞,EQUITY,TWD,TRUE,ACTIVE,,,instrument_topic_memberships.csv,OWNER_MEMBERSHIP_IDENTITY_ONLY,FALSE
TWO,6488,環球晶,EQUITY,TWD,TRUE,ACTIVE,,,reports/TASK-WS1-INSTRUMENT-MASTER-V1-CANONICAL-UNIVERSE-UNIFICATION-20260824/legacy-507-instruments.json;instrument_topic_memberships.csv,LEGACY_REFERENCE_AND_OWNER_MEMBERSHIP,FALSE
TWO,6494,九齊,EQUITY,TWD,TRUE,ACTIVE,,,instrument_topic_memberships.csv,OWNER_MEMBERSHIP_IDENTITY_ONLY,FALSE
TWO,6510,精測,EQUITY,TWD,TRUE,ACTIVE,,,reports/TASK-WS1-INSTRUMENT-MASTER-V1-CANONICAL-UNIVERSE-UNIFICATION-20260824/legacy-507-instruments.json;instrument_topic_memberships.csv,LEGACY_REFERENCE_AND_OWNER_MEMBERSHIP,FALSE
TWO,6517,保勝光學,EQUITY,TWD,TRUE,ACTIVE,,,reports/TASK-WS1-INSTRUMENT-MASTER-V1-CANONICAL-UNIVERSE-UNIFICATION-20260824/legacy-507-instruments.json;instrument_topic_memberships.csv,LEGACY_REFERENCE_AND_OWNER_MEMBERSHIP,FALSE
TWO,6530,創威,EQUITY,TWD,TRUE,ACTIVE,,,reports/TASK-WS1-INSTRUMENT-MASTER-V1-CANONICAL-UNIVERSE-UNIFICATION-20260824/legacy-507-instruments.json;instrument_topic_memberships.csv,LEGACY_REFERENCE_AND_OWNER_MEMBERSHIP,FALSE
TWO,6532,瑞耘,EQUITY,TWD,TRUE,ACTIVE,,,expansion-reference-normalized-candidates.csv,OWNER_APPROVED_EXPANSION_ONLY,FALSE
TWO,6533,晶心科,EQUITY,TWD,TRUE,ACTIVE,,,instrument_topic_memberships.csv,OWNER_MEMBERSHIP_IDENTITY_ONLY,FALSE
TWO,6538,倉和,EQUITY,TWD,TRUE,ACTIVE,,,reports/TASK-WS1-INSTRUMENT-MASTER-V1-CANONICAL-UNIVERSE-UNIFICATION-20260824/legacy-507-instruments.json;instrument_topic_memberships.csv,LEGACY_REFERENCE_AND_OWNER_MEMBERSHIP,FALSE
TWO,6548,長科*,EQUITY,TWD,TRUE,ACTIVE,,,reports/TASK-WS1-INSTRUMENT-MASTER-V1-CANONICAL-UNIVERSE-UNIFICATION-20260824/legacy-507-instruments.json;instrument_topic_memberships.csv,LEGACY_REFERENCE_AND_OWNER_MEMBERSHIP,FALSE
TWO,6570,維田,EQUITY,TWD,TRUE,ACTIVE,,,reports/TASK-WS1-INSTRUMENT-MASTER-V1-CANONICAL-UNIVERSE-UNIFICATION-20260824/legacy-507-instruments.json;instrument_topic_memberships.csv,LEGACY_REFERENCE_AND_OWNER_MEMBERSHIP,FALSE
TWO,6584,南俊國際,EQUITY,TWD,TRUE,ACTIVE,,,expansion-reference-normalized-candidates.csv;instrument_topic_memberships.csv,OWNER_EXPANSION_AND_MEMBERSHIP,FALSE
TWO,6585,鼎基,EQUITY,TWD,TRUE,ACTIVE,,,instrument_topic_memberships.csv,OWNER_MEMBERSHIP_IDENTITY_ONLY,FALSE
TWO,6588,東典,EQUITY,TWD,TRUE,ACTIVE,,,reports/TASK-WS1-INSTRUMENT-MASTER-V1-CANONICAL-UNIVERSE-UNIFICATION-20260824/legacy-507-instruments.json;instrument_topic_memberships.csv,LEGACY_REFERENCE_AND_OWNER_MEMBERSHIP,FALSE
TWO,6603,富強鑫,EQUITY,TWD,TRUE,ACTIVE,,,reports/TASK-WS1-INSTRUMENT-MASTER-V1-CANONICAL-UNIVERSE-UNIFICATION-20260824/legacy-507-instruments.json;instrument_topic_memberships.csv,LEGACY_REFERENCE_AND_OWNER_MEMBERSHIP,FALSE
TWO,6613,朋億*,EQUITY,TWD,TRUE,ACTIVE,,,reports/TASK-WS1-INSTRUMENT-MASTER-V1-CANONICAL-UNIVERSE-UNIFICATION-20260824/legacy-507-instruments.json;instrument_topic_memberships.csv,LEGACY_REFERENCE_AND_OWNER_MEMBERSHIP,FALSE
TWO,6640,均華,EQUITY,TWD,TRUE,ACTIVE,,,reports/TASK-WS1-INSTRUMENT-MASTER-V1-CANONICAL-UNIVERSE-UNIFICATION-20260824/legacy-507-instruments.json;instrument_topic_memberships.csv,LEGACY_REFERENCE_AND_OWNER_MEMBERSHIP,FALSE
TWO,6642,富致,EQUITY,TWD,TRUE,ACTIVE,,,reports/TASK-WS1-INSTRUMENT-MASTER-V1-CANONICAL-UNIVERSE-UNIFICATION-20260824/legacy-507-instruments.json;instrument_topic_memberships.csv,LEGACY_REFERENCE_AND_OWNER_MEMBERSHIP,FALSE
TWO,6643,M31,EQUITY,TWD,TRUE,ACTIVE,,,reports/TASK-WS1-INSTRUMENT-MASTER-V1-CANONICAL-UNIVERSE-UNIFICATION-20260824/legacy-507-instruments.json;instrument_topic_memberships.csv,LEGACY_REFERENCE_AND_OWNER_MEMBERSHIP,FALSE
TWO,6651,全宇昕,EQUITY,TWD,TRUE,ACTIVE,,,reports/TASK-WS1-INSTRUMENT-MASTER-V1-CANONICAL-UNIVERSE-UNIFICATION-20260824/legacy-507-instruments.json;instrument_topic_memberships.csv,LEGACY_REFERENCE_AND_OWNER_MEMBERSHIP,FALSE
TWO,6654,天正國際,EQUITY,TWD,TRUE,ACTIVE,,,reports/TASK-WS1-INSTRUMENT-MASTER-V1-CANONICAL-UNIVERSE-UNIFICATION-20260824/legacy-507-instruments.json;instrument_topic_memberships.csv,LEGACY_REFERENCE_AND_OWNER_MEMBERSHIP,FALSE
TWO,6667,信紘科,EQUITY,TWD,TRUE,ACTIVE,,,reports/TASK-WS1-INSTRUMENT-MASTER-V1-CANONICAL-UNIVERSE-UNIFICATION-20260824/legacy-507-instruments.json;instrument_topic_memberships.csv,LEGACY_REFERENCE_AND_OWNER_MEMBERSHIP,FALSE
TWO,6683,雍智科技,EQUITY,TWD,TRUE,ACTIVE,,,reports/TASK-WS1-INSTRUMENT-MASTER-V1-CANONICAL-UNIVERSE-UNIFICATION-20260824/legacy-507-instruments.json;instrument_topic_memberships.csv,LEGACY_REFERENCE_AND_OWNER_MEMBERSHIP,FALSE
TWO,6684,安格,EQUITY,TWD,TRUE,ACTIVE,,,reports/TASK-WS1-INSTRUMENT-MASTER-V1-CANONICAL-UNIVERSE-UNIFICATION-20260824/legacy-507-instruments.json;instrument_topic_memberships.csv,LEGACY_REFERENCE_AND_OWNER_MEMBERSHIP,FALSE
TWO,6690,安碁資訊,EQUITY,TWD,TRUE,ACTIVE,,,reports/TASK-WS1-INSTRUMENT-MASTER-V1-CANONICAL-UNIVERSE-UNIFICATION-20260824/legacy-507-instruments.json;instrument_topic_memberships.csv,LEGACY_REFERENCE_AND_OWNER_MEMBERSHIP,FALSE
TWO,6693,廣寰科,EQUITY,TWD,TRUE,ACTIVE,,,reports/TASK-WS1-INSTRUMENT-MASTER-V1-CANONICAL-UNIVERSE-UNIFICATION-20260824/legacy-507-instruments.json,LEGACY_REFERENCE_ONLY,FALSE
TWO,6716,應廣,EQUITY,TWD,TRUE,ACTIVE,,,instrument_topic_memberships.csv,OWNER_MEMBERSHIP_IDENTITY_ONLY,FALSE
TWO,6727,亞泰金屬,EQUITY,TWD,TRUE,ACTIVE,,,reports/TASK-WS1-INSTRUMENT-MASTER-V1-CANONICAL-UNIVERSE-UNIFICATION-20260824/legacy-507-instruments.json;instrument_topic_memberships.csv,LEGACY_REFERENCE_AND_OWNER_MEMBERSHIP,FALSE
TWO,6752,叡揚,EQUITY,TWD,TRUE,ACTIVE,,,reports/TASK-WS1-INSTRUMENT-MASTER-V1-CANONICAL-UNIVERSE-UNIFICATION-20260824/legacy-507-instruments.json;instrument_topic_memberships.csv,LEGACY_REFERENCE_AND_OWNER_MEMBERSHIP,FALSE
TWO,6803,崑鼎,EQUITY,TWD,TRUE,ACTIVE,,,reports/TASK-WS1-INSTRUMENT-MASTER-V1-CANONICAL-UNIVERSE-UNIFICATION-20260824/legacy-507-instruments.json;instrument_topic_memberships.csv,LEGACY_REFERENCE_AND_OWNER_MEMBERSHIP,FALSE
TWO,6821,聯寶,EQUITY,TWD,TRUE,ACTIVE,,,reports/TASK-WS1-INSTRUMENT-MASTER-V1-CANONICAL-UNIVERSE-UNIFICATION-20260824/legacy-507-instruments.json;instrument_topic_memberships.csv,LEGACY_REFERENCE_AND_OWNER_MEMBERSHIP,FALSE
TWO,6829,千附精密,EQUITY,TWD,TRUE,ACTIVE,,,reports/TASK-WS1-INSTRUMENT-MASTER-V1-CANONICAL-UNIVERSE-UNIFICATION-20260824/legacy-507-instruments.json;instrument_topic_memberships.csv,LEGACY_REFERENCE_AND_OWNER_MEMBERSHIP,FALSE
TWO,6870,騰雲,EQUITY,TWD,TRUE,ACTIVE,,,reports/TASK-WS1-INSTRUMENT-MASTER-V1-CANONICAL-UNIVERSE-UNIFICATION-20260824/legacy-507-instruments.json;instrument_topic_memberships.csv,LEGACY_REFERENCE_AND_OWNER_MEMBERSHIP,FALSE
TWO,6903,巨漢,EQUITY,TWD,TRUE,ACTIVE,,,reports/TASK-WS1-INSTRUMENT-MASTER-V1-CANONICAL-UNIVERSE-UNIFICATION-20260824/legacy-507-instruments.json;instrument_topic_memberships.csv,LEGACY_REFERENCE_AND_OWNER_MEMBERSHIP,FALSE
TWO,7402,邑錡,EQUITY,TWD,TRUE,ACTIVE,,,reports/TASK-WS1-INSTRUMENT-MASTER-V1-CANONICAL-UNIVERSE-UNIFICATION-20260824/legacy-507-instruments.json;instrument_topic_memberships.csv,LEGACY_REFERENCE_AND_OWNER_MEMBERSHIP,FALSE
TWO,7709,榮田,EQUITY,TWD,TRUE,ACTIVE,,,reports/TASK-WS1-INSTRUMENT-MASTER-V1-CANONICAL-UNIVERSE-UNIFICATION-20260824/legacy-507-instruments.json;instrument_topic_memberships.csv,LEGACY_REFERENCE_AND_OWNER_MEMBERSHIP,FALSE
TWO,7714,創泓科,EQUITY,TWD,TRUE,ACTIVE,,,reports/TASK-WS1-INSTRUMENT-MASTER-V1-CANONICAL-UNIVERSE-UNIFICATION-20260824/legacy-507-instruments.json;instrument_topic_memberships.csv,LEGACY_REFERENCE_AND_OWNER_MEMBERSHIP,FALSE
TWO,7734,印能科技,EQUITY,TWD,TRUE,ACTIVE,,,reports/TASK-WS1-INSTRUMENT-MASTER-V1-CANONICAL-UNIVERSE-UNIFICATION-20260824/legacy-507-instruments.json;instrument_topic_memberships.csv,LEGACY_REFERENCE_AND_OWNER_MEMBERSHIP,FALSE
TWO,7777,能率亞洲,EQUITY,TWD,TRUE,ACTIVE,,,reports/TASK-WS1-INSTRUMENT-MASTER-V1-CANONICAL-UNIVERSE-UNIFICATION-20260824/legacy-507-instruments.json;instrument_topic_memberships.csv,LEGACY_REFERENCE_AND_OWNER_MEMBERSHIP,FALSE
TWO,7792,安葆,EQUITY,TWD,TRUE,ACTIVE,,,expansion-reference-normalized-candidates.csv,OWNER_APPROVED_EXPANSION_ONLY,FALSE
TWO,8024,佑華,EQUITY,TWD,TRUE,ACTIVE,,,reports/TASK-WS1-INSTRUMENT-MASTER-V1-CANONICAL-UNIVERSE-UNIFICATION-20260824/legacy-507-instruments.json;instrument_topic_memberships.csv,LEGACY_REFERENCE_AND_OWNER_MEMBERSHIP,FALSE
TWO,8027,鈦昇,EQUITY,TWD,TRUE,ACTIVE,,,reports/TASK-WS1-INSTRUMENT-MASTER-V1-CANONICAL-UNIVERSE-UNIFICATION-20260824/legacy-507-instruments.json;instrument_topic_memberships.csv,LEGACY_REFERENCE_AND_OWNER_MEMBERSHIP,FALSE
TWO,8038,長園科,EQUITY,TWD,TRUE,ACTIVE,,,reports/TASK-WS1-INSTRUMENT-MASTER-V1-CANONICAL-UNIVERSE-UNIFICATION-20260824/legacy-507-instruments.json;instrument_topic_memberships.csv,LEGACY_REFERENCE_AND_OWNER_MEMBERSHIP,FALSE
TWO,8040,九暘,EQUITY,TWD,TRUE,ACTIVE,,,reports/TASK-WS1-INSTRUMENT-MASTER-V1-CANONICAL-UNIVERSE-UNIFICATION-20260824/legacy-507-instruments.json;instrument_topic_memberships.csv,LEGACY_REFERENCE_AND_OWNER_MEMBERSHIP,FALSE
TWO,8042,金山電,EQUITY,TWD,TRUE,ACTIVE,,,reports/TASK-WS1-INSTRUMENT-MASTER-V1-CANONICAL-UNIVERSE-UNIFICATION-20260824/legacy-507-instruments.json;instrument_topic_memberships.csv,LEGACY_REFERENCE_AND_OWNER_MEMBERSHIP,FALSE
TWO,8043,蜜望實,EQUITY,TWD,TRUE,ACTIVE,,,reports/TASK-WS1-INSTRUMENT-MASTER-V1-CANONICAL-UNIVERSE-UNIFICATION-20260824/legacy-507-instruments.json;instrument_topic_memberships.csv,LEGACY_REFERENCE_AND_OWNER_MEMBERSHIP,FALSE
TWO,8048,德勝,EQUITY,TWD,TRUE,ACTIVE,,,reports/TASK-WS1-INSTRUMENT-MASTER-V1-CANONICAL-UNIVERSE-UNIFICATION-20260824/legacy-507-instruments.json;instrument_topic_memberships.csv,LEGACY_REFERENCE_AND_OWNER_MEMBERSHIP,FALSE
TWO,8054,安國,EQUITY,TWD,TRUE,ACTIVE,,,reports/TASK-WS1-INSTRUMENT-MASTER-V1-CANONICAL-UNIVERSE-UNIFICATION-20260824/legacy-507-instruments.json;instrument_topic_memberships.csv,LEGACY_REFERENCE_AND_OWNER_MEMBERSHIP,FALSE
TWO,8064,東捷,EQUITY,TWD,TRUE,ACTIVE,,,reports/TASK-WS1-INSTRUMENT-MASTER-V1-CANONICAL-UNIVERSE-UNIFICATION-20260824/legacy-507-instruments.json;instrument_topic_memberships.csv,LEGACY_REFERENCE_AND_OWNER_MEMBERSHIP,FALSE
TWO,8069,元太,EQUITY,TWD,TRUE,ACTIVE,,,reports/TASK-WS1-INSTRUMENT-MASTER-V1-CANONICAL-UNIVERSE-UNIFICATION-20260824/legacy-507-instruments.json;instrument_topic_memberships.csv,LEGACY_REFERENCE_AND_OWNER_MEMBERSHIP,FALSE
TWO,8071,能率網通,EQUITY,TWD,TRUE,ACTIVE,,,reports/TASK-WS1-INSTRUMENT-MASTER-V1-CANONICAL-UNIVERSE-UNIFICATION-20260824/legacy-507-instruments.json;instrument_topic_memberships.csv,LEGACY_REFERENCE_AND_OWNER_MEMBERSHIP,FALSE
TWO,8074,鉅橡,EQUITY,TWD,TRUE,ACTIVE,,,reports/TASK-WS1-INSTRUMENT-MASTER-V1-CANONICAL-UNIVERSE-UNIFICATION-20260824/legacy-507-instruments.json;instrument_topic_memberships.csv,LEGACY_REFERENCE_AND_OWNER_MEMBERSHIP,FALSE
TWO,8076,伍豐,EQUITY,TWD,TRUE,ACTIVE,,,reports/TASK-WS1-INSTRUMENT-MASTER-V1-CANONICAL-UNIVERSE-UNIFICATION-20260824/legacy-507-instruments.json;instrument_topic_memberships.csv,LEGACY_REFERENCE_AND_OWNER_MEMBERSHIP,FALSE
TWO,8086,宏捷科,EQUITY,TWD,TRUE,ACTIVE,,,expansion-reference-normalized-candidates.csv,OWNER_APPROVED_EXPANSION_ONLY,FALSE
TWO,8088,品安,EQUITY,TWD,TRUE,ACTIVE,,,reports/TASK-WS1-INSTRUMENT-MASTER-V1-CANONICAL-UNIVERSE-UNIFICATION-20260824/legacy-507-instruments.json;instrument_topic_memberships.csv,LEGACY_REFERENCE_AND_OWNER_MEMBERSHIP,FALSE
TWO,8091,翔名,EQUITY,TWD,TRUE,ACTIVE,,,reports/TASK-WS1-INSTRUMENT-MASTER-V1-CANONICAL-UNIVERSE-UNIFICATION-20260824/legacy-507-instruments.json;instrument_topic_memberships.csv,LEGACY_REFERENCE_AND_OWNER_MEMBERSHIP,FALSE
TWO,8092,建達,EQUITY,TWD,TRUE,ACTIVE,,,reports/TASK-WS1-INSTRUMENT-MASTER-V1-CANONICAL-UNIVERSE-UNIFICATION-20260824/legacy-507-instruments.json;instrument_topic_memberships.csv,LEGACY_REFERENCE_AND_OWNER_MEMBERSHIP,FALSE
TWO,8096,擎亞,EQUITY,TWD,TRUE,ACTIVE,,,reports/TASK-WS1-INSTRUMENT-MASTER-V1-CANONICAL-UNIVERSE-UNIFICATION-20260824/legacy-507-instruments.json;instrument_topic_memberships.csv,LEGACY_REFERENCE_AND_OWNER_MEMBERSHIP,FALSE
TWO,8109,博大,EQUITY,TWD,TRUE,ACTIVE,,,expansion-reference-normalized-candidates.csv,OWNER_APPROVED_EXPANSION_ONLY,FALSE
TWO,8111,立碁,EQUITY,TWD,TRUE,ACTIVE,,,reports/TASK-WS1-INSTRUMENT-MASTER-V1-CANONICAL-UNIVERSE-UNIFICATION-20260824/legacy-507-instruments.json;instrument_topic_memberships.csv,LEGACY_REFERENCE_AND_OWNER_MEMBERSHIP,FALSE
TWO,8121,越峰,EQUITY,TWD,TRUE,ACTIVE,,,expansion-reference-normalized-candidates.csv,OWNER_APPROVED_EXPANSION_ONLY,FALSE
TWO,8182,加高,EQUITY,TWD,TRUE,ACTIVE,,,reports/TASK-WS1-INSTRUMENT-MASTER-V1-CANONICAL-UNIVERSE-UNIFICATION-20260824/legacy-507-instruments.json;instrument_topic_memberships.csv,LEGACY_REFERENCE_AND_OWNER_MEMBERSHIP,FALSE
TWO,8227,巨有科技,EQUITY,TWD,TRUE,ACTIVE,,,instrument_topic_memberships.csv,OWNER_MEMBERSHIP_IDENTITY_ONLY,FALSE
TWO,8234,新漢,EQUITY,TWD,TRUE,ACTIVE,,,expansion-reference-normalized-candidates.csv,OWNER_APPROVED_EXPANSION_ONLY,FALSE
TWO,8240,華宏,EQUITY,TWD,TRUE,ACTIVE,,,reports/TASK-WS1-INSTRUMENT-MASTER-V1-CANONICAL-UNIVERSE-UNIFICATION-20260824/legacy-507-instruments.json;instrument_topic_memberships.csv,LEGACY_REFERENCE_AND_OWNER_MEMBERSHIP,FALSE
TWO,8255,朋程,EQUITY,TWD,TRUE,ACTIVE,,,reports/TASK-WS1-INSTRUMENT-MASTER-V1-CANONICAL-UNIVERSE-UNIFICATION-20260824/legacy-507-instruments.json;instrument_topic_memberships.csv,LEGACY_REFERENCE_AND_OWNER_MEMBERSHIP,FALSE
TWO,8277,商丞,EQUITY,TWD,TRUE,ACTIVE,,,reports/TASK-WS1-INSTRUMENT-MASTER-V1-CANONICAL-UNIVERSE-UNIFICATION-20260824/legacy-507-instruments.json;instrument_topic_memberships.csv,LEGACY_REFERENCE_AND_OWNER_MEMBERSHIP,FALSE
TWO,8299,群聯,EQUITY,TWD,TRUE,ACTIVE,,,reports/TASK-WS1-INSTRUMENT-MASTER-V1-CANONICAL-UNIVERSE-UNIFICATION-20260824/legacy-507-instruments.json;instrument_topic_memberships.csv,LEGACY_REFERENCE_AND_OWNER_MEMBERSHIP,FALSE
TWO,8358,金居,EQUITY,TWD,TRUE,ACTIVE,,,reports/TASK-WS1-INSTRUMENT-MASTER-V1-CANONICAL-UNIVERSE-UNIFICATION-20260824/legacy-507-instruments.json;instrument_topic_memberships.csv,LEGACY_REFERENCE_AND_OWNER_MEMBERSHIP,FALSE
TWO,8383,千附,EQUITY,TWD,TRUE,ACTIVE,,,reports/TASK-WS1-INSTRUMENT-MASTER-V1-CANONICAL-UNIVERSE-UNIFICATION-20260824/legacy-507-instruments.json;instrument_topic_memberships.csv,LEGACY_REFERENCE_AND_OWNER_MEMBERSHIP,FALSE
TWO,8932,智通*,EQUITY,TWD,TRUE,ACTIVE,,,expansion-reference-normalized-candidates.csv,OWNER_APPROVED_EXPANSION_ONLY,FALSE
