market_code,instrument_code,instrument_name,topic_key,topic_relation_type,structural_role,topic_weight,enabled,review_state,valid_from,valid_to,source_reference
TPE,1303,南亞,銅箔基板CCL,PRIMARY,CORE,1.5,TRUE,PENDING_REVIEW,2026-08-24,,2026_REVISED_MARKET_UPDATE
TPE,1303,南亞,化工原料／塑化報價,PRIMARY,CORE,1.3,TRUE,PENDING_REVIEW,2026-08-24,,2026_REVISED_MARKET_UPDATE
TPE,1303,南亞,玻纖布,PRIMARY,LEAD,1.5,TRUE,PENDING_REVIEW,2026-08-24,,2026_REVISED_MARKET_UPDATE
TPE,1304,台聚,化工原料／塑化報價,PRIMARY,CORE,1.0,TRUE,PENDING_REVIEW,2026-08-24,,fixtures/research/topic_universe_mapping.v1.csv
TPE,1304,台聚,太陽能,SECONDARY,CORE,1.2,TRUE,PENDING_REVIEW,2026-08-24,,2026_REVISED_MARKET_UPDATE
TPE,1314,中石化,化工原料／塑化報價,PRIMARY,CORE,1.1,TRUE,PENDING_REVIEW,2026-08-24,,fixtures/research/topic_universe_mapping.v1.csv
TPE,1314,中石化,商辦／都市更新,SECONDARY,CORE,1.1,TRUE,PENDING_REVIEW,2026-08-24,,2026_REVISED_MARKET_UPDATE
TPE,1314,中石化,住宅營建,SECONDARY,RELATED,0.8,TRUE,PENDING_REVIEW,2026-08-24,,2026_NEW_TOPIC_ADDITION
TPE,1319,東陽,其他車用電子,PRIMARY,LEAD,1.4,TRUE,PENDING_REVIEW,2026-08-24,,2026_REVISED_MARKET_UPDATE
TPE,1319,東陽,電動車／EV,SECONDARY,RELATED,1.1,TRUE,PENDING_REVIEW,2026-08-24,,2026_REVISED_MARKET_UPDATE
TPE,1319,東陽,ADAS,SECONDARY,RELATED,0.8,TRUE,PENDING_REVIEW,2026-08-24,,2026_NEW_TOPIC_ADDITION
TPE,1326,台化,化工原料／塑化報價,PRIMARY,CORE,1.3,TRUE,PENDING_REVIEW,2026-08-24,,fixtures/research/topic_universe_mapping.v1.csv
TPE,1342,八貫,其他國防,SECONDARY,CORE,1.2,TRUE,PENDING_REVIEW,2026-08-24,,2026_REVISED_MARKET_UPDATE
TPE,1342,八貫,紡織,PRIMARY,CORE,1.1,TRUE,PENDING_REVIEW,2026-08-24,,fixtures/research/topic_universe_mapping.v1.csv
TPE,1342,八貫,航太零組件,SECONDARY,CORE,1.2,TRUE,PENDING_REVIEW,2026-08-24,,2026_REVISED_MARKET_UPDATE
TPE,1438,三地開發,住宅營建,PRIMARY,CORE,1.3,TRUE,PENDING_REVIEW,2026-08-24,,2026_REVISED_MARKET_UPDATE
TPE,1438,三地開發,商辦／都市更新,SECONDARY,RELATED,0.8,TRUE,PENDING_REVIEW,2026-08-24,,fixtures/research/topic_universe_mapping.v1.csv
TPE,1438,三地開發,儲能,PRIMARY,RELATED,1.2,TRUE,PENDING_REVIEW,2026-08-24,,2026_NEW_TOPIC_ADDITION
TPE,1451,年興,紡織,SECONDARY,RELATED,0.5,TRUE,PENDING_REVIEW,2026-08-24,,fixtures/research/topic_universe_mapping.v1.csv
TPE,1474,弘裕,其他國防,SECONDARY,CORE,1.1,TRUE,PENDING_REVIEW,2026-08-24,,2026_REVISED_MARKET_UPDATE
TPE,1474,弘裕,其他車用電子,SECONDARY,RELATED,0.6,TRUE,PENDING_REVIEW,2026-08-24,,fixtures/research/topic_universe_mapping.v1.csv
TPE,1474,弘裕,紡織,PRIMARY,CORE,1.1,TRUE,PENDING_REVIEW,2026-08-24,,fixtures/research/topic_universe_mapping.v1.csv
TPE,1476,儒鴻,紡織,PRIMARY,LEAD,1.5,TRUE,PENDING_REVIEW,2026-08-24,,2026_REVISED_MARKET_UPDATE
TPE,1503,士電,AI電力基建,PRIMARY,CORE,1.4,TRUE,PENDING_REVIEW,2026-08-24,,2026_REVISED_MARKET_UPDATE
TPE,1503,士電,重電,PRIMARY,CORE,1.4,TRUE,PENDING_REVIEW,2026-08-24,,fixtures/research/topic_universe_mapping.v1.csv
TPE,1503,士電,其他 AI伺服器供應鏈,SECONDARY,CORE,1.2,TRUE,PENDING_REVIEW,2026-08-24,,2026_NEW_TOPIC_ADDITION
TPE,1503,士電,電動車／EV,SECONDARY,CORE,1.1,TRUE,PENDING_REVIEW,2026-08-24,,2026_REVISED_MARKET_UPDATE
TPE,1504,東元,AI電力基建,PRIMARY,CORE,1.3,TRUE,PENDING_REVIEW,2026-08-24,,2026_REVISED_MARKET_UPDATE
TPE,1504,東元,儲能,SECONDARY,CORE,1.1,TRUE,PENDING_REVIEW,2026-08-24,,2026_REVISED_MARKET_UPDATE
TPE,1504,東元,液冷散熱,SECONDARY,CORE,1.2,TRUE,PENDING_REVIEW,2026-08-24,,2026_NEW_TOPIC_ADDITION
TPE,1504,東元,風冷散熱,SECONDARY,CORE,1.2,TRUE,PENDING_REVIEW,2026-08-24,,2026_NEW_TOPIC_ADDITION
TPE,1504,東元,工業自動化,PRIMARY,CORE,1.2,TRUE,PENDING_REVIEW,2026-08-24,,fixtures/research/topic_universe_mapping.v1.csv
TPE,1504,東元,重電,PRIMARY,CORE,1.2,TRUE,PENDING_REVIEW,2026-08-24,,fixtures/research/topic_universe_mapping.v1.csv
TPE,1504,東元,電動車／EV,SECONDARY,LEAD,1.4,TRUE,PENDING_REVIEW,2026-08-24,,2026_NEW_TOPIC_ADDITION
TPE,1513,中興電,AI電力基建,PRIMARY,CORE,1.4,TRUE,PENDING_REVIEW,2026-08-24,,2026_REVISED_MARKET_UPDATE
TPE,1513,中興電,其他能源,SECONDARY,CORE,1.1,TRUE,PENDING_REVIEW,2026-08-24,,2026_REVISED_MARKET_UPDATE
TPE,1513,中興電,重電,PRIMARY,LEAD,1.5,TRUE,PENDING_REVIEW,2026-08-24,,2026_REVISED_MARKET_UPDATE
TPE,1514,亞力,AI電力基建,PRIMARY,CORE,1.3,TRUE,PENDING_REVIEW,2026-08-24,,2026_REVISED_MARKET_UPDATE
TPE,1514,亞力,其他 AI伺服器供應鏈,SECONDARY,CORE,1.3,TRUE,PENDING_REVIEW,2026-08-24,,2026_NEW_TOPIC_ADDITION
TPE,1514,亞力,重電,PRIMARY,CORE,1.3,TRUE,PENDING_REVIEW,2026-08-24,,fixtures/research/topic_universe_mapping.v1.csv
TPE,1519,華城,AI電力基建,PRIMARY,LEAD,1.6,TRUE,PENDING_REVIEW,2026-08-24,,2026_REVISED_MARKET_UPDATE
TPE,1519,華城,太陽能,SECONDARY,RELATED,0.9,TRUE,PENDING_REVIEW,2026-08-24,,fixtures/research/topic_universe_mapping.v1.csv
TPE,1519,華城,重電,PRIMARY,LEAD,1.6,TRUE,PENDING_REVIEW,2026-08-24,,2026_REVISED_MARKET_UPDATE
TPE,1536,和大,其他車用電子,PRIMARY,CORE,1.2,TRUE,PENDING_REVIEW,2026-08-24,,fixtures/research/topic_universe_mapping.v1.csv
TPE,1536,和大,電動車／EV,PRIMARY,CORE,1.4,TRUE,PENDING_REVIEW,2026-08-24,,2026_NEW_TOPIC_ADDITION
TPE,1536,和大,機器人零組件,SECONDARY,CORE,1.3,TRUE,PENDING_REVIEW,2026-08-24,,2026_REVISED_MARKET_UPDATE
TPE,1537,廣隆,儲能,PRIMARY,RELATED,1.3,TRUE,PENDING_REVIEW,2026-08-24,,fixtures/research/topic_universe_mapping.v1.csv
TPE,1537,廣隆,電動車／EV,SECONDARY,RELATED,0.8,TRUE,PENDING_REVIEW,2026-08-24,,2026_REVISED_MARKET_UPDATE
TPE,1563,巧新,其他車用電子,PRIMARY,CORE,1.2,TRUE,PENDING_REVIEW,2026-08-24,,fixtures/research/topic_universe_mapping.v1.csv
TPE,1563,巧新,航太零組件,SECONDARY,RELATED,0.7,TRUE,PENDING_REVIEW,2026-08-24,,2026_REVISED_MARKET_UPDATE
TPE,1568,倉佑,其他車用電子,PRIMARY,CORE,1.2,TRUE,PENDING_REVIEW,2026-08-24,,fixtures/research/topic_universe_mapping.v1.csv
TPE,1568,倉佑,半導體設備零組件,SECONDARY,CORE,1.3,TRUE,PENDING_REVIEW,2026-08-24,,2026_REVISED_MARKET_UPDATE
TPE,1568,倉佑,玻璃基板,SECONDARY,CORE,1.3,TRUE,PENDING_REVIEW,2026-08-24,,2026_REVISED_MARKET_UPDATE
TPE,1568,倉佑,航太零組件,SECONDARY,CORE,1.2,TRUE,PENDING_REVIEW,2026-08-24,,2026_REVISED_MARKET_UPDATE
TPE,1590,亞德客-KY,工業自動化,PRIMARY,LEAD,1.5,TRUE,PENDING_REVIEW,2026-08-24,,2026_REVISED_MARKET_UPDATE
TPE,1590,亞德客-KY,機器人零組件,SECONDARY,CORE,1.3,TRUE,PENDING_REVIEW,2026-08-24,,2026_REVISED_MARKET_UPDATE
TPE,1597,直得,先進封裝設備,SECONDARY,RELATED,0.8,TRUE,PENDING_REVIEW,2026-08-24,,fixtures/research/topic_universe_mapping.v1.csv
TPE,1597,直得,工業自動化,SECONDARY,CORE,1.1,TRUE,PENDING_REVIEW,2026-08-24,,2026_REVISED_MARKET_UPDATE
TPE,1597,直得,機器人零組件,PRIMARY,CORE,1.3,TRUE,PENDING_REVIEW,2026-08-24,,2026_REVISED_MARKET_UPDATE
TPE,1605,華新,其他車用電子,SECONDARY,RELATED,0.8,TRUE,PENDING_REVIEW,2026-08-24,,fixtures/research/topic_universe_mapping.v1.csv
TPE,1605,華新,重電,SECONDARY,CORE,1.2,TRUE,PENDING_REVIEW,2026-08-24,,2026_REVISED_MARKET_UPDATE
TPE,1605,華新,鋼鐵／不鏽鋼材料,PRIMARY,LEAD,1.4,TRUE,PENDING_REVIEW,2026-08-24,,2026_REVISED_MARKET_UPDATE
TPE,1605,華新,AI電力基建,SECONDARY,CORE,1.3,TRUE,PENDING_REVIEW,2026-08-24,,2026_NEW_TOPIC_ADDITION
TPE,1609,大亞,AI電力基建,PRIMARY,CORE,1.4,TRUE,PENDING_REVIEW,2026-08-24,,2026_REVISED_MARKET_UPDATE
TPE,1609,大亞,儲能,SECONDARY,CORE,1.2,TRUE,PENDING_REVIEW,2026-08-24,,2026_REVISED_MARKET_UPDATE
TPE,1609,大亞,太陽能,SECONDARY,CORE,1.1,TRUE,PENDING_REVIEW,2026-08-24,,2026_REVISED_MARKET_UPDATE
TPE,1609,大亞,重電,PRIMARY,CORE,1.4,TRUE,PENDING_REVIEW,2026-08-24,,2026_REVISED_MARKET_UPDATE
TPE,1611,中電,其他能源,PRIMARY,RELATED,1.0,TRUE,PENDING_REVIEW,2026-08-24,,fixtures/research/topic_universe_mapping.v1.csv
TPE,1612,宏泰,重電,SECONDARY,RELATED,0.7,TRUE,PENDING_REVIEW,2026-08-24,,2026_REVISED_MARKET_UPDATE
TPE,1612,宏泰,鋼鐵／不鏽鋼材料,PRIMARY,CORE,1.1,TRUE,PENDING_REVIEW,2026-08-24,,fixtures/research/topic_universe_mapping.v1.csv
TPE,1708,東鹼,化工原料／塑化報價,PRIMARY,CORE,1.1,TRUE,PENDING_REVIEW,2026-08-24,,fixtures/research/topic_universe_mapping.v1.csv
TPE,1711,永光,化工原料／塑化報價,SECONDARY,RELATED,0.7,TRUE,PENDING_REVIEW,2026-08-24,,fixtures/research/topic_universe_mapping.v1.csv
TPE,1711,永光,電子化學材料,PRIMARY,CORE,1.4,TRUE,PENDING_REVIEW,2026-08-24,,2026_REVISED_MARKET_UPDATE
TPE,1711,永光,利基型特用化學 (Specialty Chemical Materials),SECONDARY,CORE,1.2,TRUE,PENDING_REVIEW,2026-08-24,,2026_NEW_TOPIC_ADDITION
TPE,1711,永光,FOPLP,SECONDARY,CORE,1.2,TRUE,PENDING_REVIEW,2026-08-24,,2026_NEW_TOPIC_ADDITION
TPE,1714,和桐,化工原料／塑化報價,PRIMARY,RELATED,1.0,TRUE,PENDING_REVIEW,2026-08-24,,fixtures/research/topic_universe_mapping.v1.csv
TPE,1717,長興,利基型特用化學 (Specialty Chemical Materials),PRIMARY,CORE,1.3,TRUE,PENDING_REVIEW,2026-08-24,,2026_NEW_TOPIC_ADDITION
TPE,1723,中碳,其他原物料,PRIMARY,CORE,1.2,TRUE,PENDING_REVIEW,2026-08-24,,fixtures/research/topic_universe_mapping.v1.csv
TPE,1725,元禎,化工原料／塑化報價,PRIMARY,RELATED,1.0,TRUE,PENDING_REVIEW,2026-08-24,,fixtures/research/topic_universe_mapping.v1.csv
TPE,1727,中華化,化工原料／塑化報價,SECONDARY,RELATED,0.7,TRUE,PENDING_REVIEW,2026-08-24,,fixtures/research/topic_universe_mapping.v1.csv
TPE,1727,中華化,電子化學材料,PRIMARY,CORE,1.3,TRUE,PENDING_REVIEW,2026-08-24,,fixtures/research/topic_universe_mapping.v1.csv
TPE,1773,勝一,化工原料／塑化報價,SECONDARY,RELATED,0.7,TRUE,PENDING_REVIEW,2026-08-24,,fixtures/research/topic_universe_mapping.v1.csv
TPE,1773,勝一,電子化學材料,PRIMARY,CORE,1.4,TRUE,PENDING_REVIEW,2026-08-24,,fixtures/research/topic_universe_mapping.v1.csv
TPE,1773,勝一,利基型特用化學 (Specialty Chemical Materials),PRIMARY,LEAD,1.5,TRUE,PENDING_REVIEW,2026-08-24,,2026_NEW_TOPIC_ADDITION
TPE,1795,美時,生技醫藥與CDMO (Biotech & CDMO),PRIMARY,LEAD,1.5,TRUE,PENDING_REVIEW,2026-08-24,,2026_NEW_TOPIC_ADDITION
TPE,1802,台玻,玻璃基板,SECONDARY,CORE,1.2,TRUE,PENDING_REVIEW,2026-08-24,,2026_REVISED_MARKET_UPDATE
TPE,1802,台玻,玻纖布,PRIMARY,CORE,1.4,TRUE,PENDING_REVIEW,2026-08-24,,2026_REVISED_MARKET_UPDATE
TPE,1810,和成,其他原物料,PRIMARY,CORE,1.1,TRUE,PENDING_REVIEW,2026-08-24,,fixtures/research/topic_universe_mapping.v1.csv
TPE,1810,和成,其他國防,SECONDARY,CORE,1.3,TRUE,PENDING_REVIEW,2026-08-24,,2026_REVISED_MARKET_UPDATE
TPE,1810,和成,雷達與感測,SECONDARY,RELATED,0.8,TRUE,PENDING_REVIEW,2026-08-24,,2026_REVISED_MARKET_UPDATE
TPE,1810,和成,半導體設備零組件,SECONDARY,CORE,1.2,TRUE,PENDING_REVIEW,2026-08-24,,2026_NEW_TOPIC_ADDITION
TPE,1810,和成,無人機,SECONDARY,CORE,1.3,TRUE,PENDING_REVIEW,2026-08-24,,2026_NEW_TOPIC_ADDITION
TPE,2002,中鋼,特殊鋼／高性能合金,PRIMARY,CORE,1.3,TRUE,PENDING_REVIEW,2026-08-24,,2026_REVISED_MARKET_UPDATE
TPE,2002,中鋼,鋼鐵／不鏽鋼材料,PRIMARY,LEAD,1.5,TRUE,PENDING_REVIEW,2026-08-24,,2026_REVISED_MARKET_UPDATE
TPE,2007,燁興,鋼鐵／不鏽鋼材料,PRIMARY,RELATED,1.1,TRUE,PENDING_REVIEW,2026-08-24,,fixtures/research/topic_universe_mapping.v1.csv
TPE,2009,第一銅,其他原物料,PRIMARY,LEAD,1.2,TRUE,PENDING_REVIEW,2026-08-24,,fixtures/research/topic_universe_mapping.v1.csv
TPE,2025,千興,鋼鐵／不鏽鋼材料,PRIMARY,RELATED,1.0,TRUE,PENDING_REVIEW,2026-08-24,,fixtures/research/topic_universe_mapping.v1.csv
TPE,2027,大成鋼,鋼鐵／不鏽鋼材料,PRIMARY,CORE,1.3,TRUE,PENDING_REVIEW,2026-08-24,,2026_REVISED_MARKET_UPDATE
TPE,2031,新光鋼,太陽能,SECONDARY,CORE,1.1,TRUE,PENDING_REVIEW,2026-08-24,,2026_REVISED_MARKET_UPDATE
TPE,2031,新光鋼,鋼鐵／不鏽鋼材料,PRIMARY,CORE,1.3,TRUE,PENDING_REVIEW,2026-08-24,,fixtures/research/topic_universe_mapping.v1.csv
TPE,2031,新光鋼,離岸風電／鋼構,SECONDARY,CORE,1.3,TRUE,PENDING_REVIEW,2026-08-24,,2026_REVISED_MARKET_UPDATE
TPE,2034,允強,鋼鐵／不鏽鋼材料,PRIMARY,CORE,1.2,TRUE,PENDING_REVIEW,2026-08-24,,fixtures/research/topic_universe_mapping.v1.csv
TPE,2049,上銀,先進封裝設備,PRIMARY,CORE,1.4,TRUE,PENDING_REVIEW,2026-08-24,,2026_REVISED_MARKET_UPDATE
TPE,2049,上銀,其他半導體設備,SECONDARY,CORE,1.3,TRUE,PENDING_REVIEW,2026-08-24,,2026_NEW_TOPIC_ADDITION
TPE,2049,上銀,工業自動化,PRIMARY,LEAD,1.6,TRUE,PENDING_REVIEW,2026-08-24,,2026_REVISED_MARKET_UPDATE
TPE,2049,上銀,機器人零組件,PRIMARY,LEAD,1.6,TRUE,PENDING_REVIEW,2026-08-24,,2026_REVISED_MARKET_UPDATE
TPE,2059,川湖,其他 AI伺服器供應鏈,PRIMARY,LEAD,1.6,TRUE,PENDING_REVIEW,2026-08-24,,2026_REVISED_MARKET_UPDATE
TPE,2059,川湖,大型電子權值,PRIMARY,CORE,1.4,TRUE,PENDING_REVIEW,2026-08-24,,2026_NEW_TOPIC_ADDITION
TPE,2103,台橡,化工原料／塑化報價,PRIMARY,RELATED,1.1,TRUE,PENDING_REVIEW,2026-08-24,,fixtures/research/topic_universe_mapping.v1.csv
TPE,2104,國際中橡,化工原料／塑化報價,PRIMARY,RELATED,1.2,TRUE,PENDING_REVIEW,2026-08-24,,fixtures/research/topic_universe_mapping.v1.csv
TPE,2108,南帝,化工原料／塑化報價,PRIMARY,RELATED,1.1,TRUE,PENDING_REVIEW,2026-08-24,,fixtures/research/topic_universe_mapping.v1.csv
TPE,2208,台船,軍工船舶,PRIMARY,LEAD,1.5,TRUE,PENDING_REVIEW,2026-08-24,,2026_NEW_TOPIC_ADDITION
TPE,2241,艾姆勒,液冷散熱,SECONDARY,CORE,1.2,TRUE,PENDING_REVIEW,2026-08-24,,2026_REVISED_MARKET_UPDATE
TPE,2241,艾姆勒,車用功率半導體,PRIMARY,CORE,1.2,TRUE,PENDING_REVIEW,2026-08-24,,fixtures/research/topic_universe_mapping.v1.csv
TPE,2243,宏旭-KY,其他車用電子,PRIMARY,RELATED,1.1,TRUE,PENDING_REVIEW,2026-08-24,,fixtures/research/topic_universe_mapping.v1.csv
TPE,2301,光寶科,AI伺服器整機／ODM,PRIMARY,CORE,1.4,TRUE,PENDING_REVIEW,2026-08-24,,fixtures/research/topic_universe_mapping.v1.csv
TPE,2301,光寶科,其他 AI伺服器供應鏈,PRIMARY,CORE,1.4,TRUE,PENDING_REVIEW,2026-08-24,,2026_NEW_TOPIC_ADDITION
TPE,2301,光寶科,AI電力基建,PRIMARY,CORE,1.4,TRUE,PENDING_REVIEW,2026-08-24,,fixtures/research/topic_universe_mapping.v1.csv
TPE,2301,光寶科,BBU,PRIMARY,CORE,1.4,TRUE,PENDING_REVIEW,2026-08-24,,2026_REVISED_MARKET_UPDATE
TPE,2301,光寶科,液冷散熱,PRIMARY,CORE,1.3,TRUE,PENDING_REVIEW,2026-08-24,,2026_REVISED_MARKET_UPDATE
TPE,2301,光寶科,風冷散熱,PRIMARY,CORE,1.3,TRUE,PENDING_REVIEW,2026-08-24,,2026_REVISED_MARKET_UPDATE
TPE,2302,麗正,其他車用電子,SECONDARY,RELATED,0.6,TRUE,PENDING_REVIEW,2026-08-24,,fixtures/research/topic_universe_mapping.v1.csv
TPE,2302,麗正,功率二極體／整流器,PRIMARY,CORE,1.2,TRUE,PENDING_REVIEW,2026-08-24,,fixtures/research/topic_universe_mapping.v1.csv
TPE,2303,聯電,大型電子權值,PRIMARY,CORE,1.4,TRUE,PENDING_REVIEW,2026-08-24,,fixtures/research/topic_universe_mapping.v1.csv
TPE,2303,聯電,成熟製程,PRIMARY,LEAD,1.5,TRUE,PENDING_REVIEW,2026-08-24,,2026_REVISED_MARKET_UPDATE
TPE,2303,聯電,特殊製程,SECONDARY,CORE,1.2,TRUE,PENDING_REVIEW,2026-08-24,,2026_REVISED_MARKET_UPDATE
TPE,2305,全友,邊緣運算與智慧影像 (Edge AI & Vision),PRIMARY,RELATED,1.0,TRUE,PENDING_REVIEW,2026-08-24,,2026_REVISED_MARKET_UPDATE
TPE,2308,台達電,大型電子權值,PRIMARY,LEAD,1.6,TRUE,PENDING_REVIEW,2026-08-24,,2026_NEW_TOPIC_ADDITION
TPE,2308,台達電,AI電力基建,PRIMARY,LEAD,1.6,TRUE,PENDING_REVIEW,2026-08-24,,2026_REVISED_MARKET_UPDATE
TPE,2308,台達電,BBU,PRIMARY,CORE,1.4,TRUE,PENDING_REVIEW,2026-08-24,,2026_REVISED_MARKET_UPDATE
TPE,2308,台達電,其他 AI伺服器供應鏈,SECONDARY,CORE,1.2,TRUE,PENDING_REVIEW,2026-08-24,,2026_REVISED_MARKET_UPDATE
TPE,2308,台達電,液冷散熱,PRIMARY,LEAD,1.6,TRUE,PENDING_REVIEW,2026-08-24,,2026_REVISED_MARKET_UPDATE
TPE,2308,台達電,風冷散熱,PRIMARY,LEAD,1.5,TRUE,PENDING_REVIEW,2026-08-24,,2026_REVISED_MARKET_UPDATE
TPE,2308,台達電,電動車／EV,PRIMARY,LEAD,1.5,TRUE,PENDING_REVIEW,2026-08-24,,2026_NEW_TOPIC_ADDITION
TPE,2312,金寶,低軌衛星,SECONDARY,CORE,1.1,TRUE,PENDING_REVIEW,2026-08-24,,2026_REVISED_MARKET_UPDATE
TPE,2312,金寶,AI伺服器整機／ODM,SECONDARY,CORE,1.2,TRUE,PENDING_REVIEW,2026-08-24,,2026_NEW_TOPIC_ADDITION
TPE,2312,金寶,其他 AI伺服器供應鏈,PRIMARY,CORE,1.3,TRUE,PENDING_REVIEW,2026-08-24,,fixtures/research/topic_universe_mapping.v1.csv
TPE,2312,金寶,網通,SECONDARY,CORE,1.1,TRUE,PENDING_REVIEW,2026-08-24,,2026_REVISED_MARKET_UPDATE
TPE,2313,華通,AI PCB,PRIMARY,CORE,1.4,TRUE,PENDING_REVIEW,2026-08-24,,fixtures/research/topic_universe_mapping.v1.csv
TPE,2313,華通,低軌衛星,PRIMARY,LEAD,1.6,TRUE,PENDING_REVIEW,2026-08-24,,2026_REVISED_MARKET_UPDATE
TPE,2314,台揚,低軌衛星,PRIMARY,CORE,1.3,TRUE,PENDING_REVIEW,2026-08-24,,fixtures/research/topic_universe_mapping.v1.csv
TPE,2314,台揚,網通,PRIMARY,RELATED,1.1,TRUE,PENDING_REVIEW,2026-08-24,,fixtures/research/topic_universe_mapping.v1.csv
TPE,2316,楠梓電,其他 AI伺服器供應鏈,SECONDARY,CORE,1.1,TRUE,PENDING_REVIEW,2026-08-24,,fixtures/research/topic_universe_mapping.v1.csv
TPE,2316,楠梓電,傳統硬板與軟板,PRIMARY,CORE,1.2,TRUE,PENDING_REVIEW,2026-08-24,,fixtures/research/topic_universe_mapping.v1.csv
TPE,2316,楠梓電,AI PCB,SECONDARY,RELATED,1.1,TRUE,PENDING_REVIEW,2026-08-24,,2026_NEW_TOPIC_ADDITION
TPE,2317,鴻海,AI伺服器整機／ODM,PRIMARY,LEAD,1.6,TRUE,PENDING_REVIEW,2026-08-24,,2026_REVISED_MARKET_UPDATE
TPE,2317,鴻海,大型電子權值,PRIMARY,LEAD,1.6,TRUE,PENDING_REVIEW,2026-08-24,,2026_REVISED_MARKET_UPDATE
TPE,2317,鴻海,車用電子,SECONDARY,CORE,1.1,TRUE,PENDING_REVIEW,2026-08-24,,fixtures/research/topic_universe_mapping.v1.csv
TPE,2317,鴻海,電動車／EV,SECONDARY,CORE,1.1,TRUE,PENDING_REVIEW,2026-08-24,,fixtures/research/topic_universe_mapping.v1.csv
TPE,2317,鴻海,液冷散熱,SECONDARY,CORE,1.3,TRUE,PENDING_REVIEW,2026-08-24,,2026_NEW_TOPIC_ADDITION
TPE,2317,鴻海,風冷散熱,SECONDARY,CORE,1.2,TRUE,PENDING_REVIEW,2026-08-24,,2026_NEW_TOPIC_ADDITION
TPE,2317,鴻海,BBU,SECONDARY,CORE,1.3,TRUE,PENDING_REVIEW,2026-08-24,,2026_NEW_TOPIC_ADDITION
TPE,2324,仁寶,AI伺服器整機／ODM,PRIMARY,CORE,1.3,TRUE,PENDING_REVIEW,2026-08-24,,fixtures/research/topic_universe_mapping.v1.csv
TPE,2324,仁寶,其他 AI伺服器供應鏈,SECONDARY,RELATED,0.8,TRUE,PENDING_REVIEW,2026-08-24,,fixtures/research/topic_universe_mapping.v1.csv
TPE,2327,國巨,MLCC,PRIMARY,LEAD,1.5,TRUE,APPROVED,2026-08-24,,CURRENT_TAXONOMY_RELATION_STRUCTURAL_ROLE
TPE,2327,國巨,其他被動元件,SECONDARY,CORE,1.1,TRUE,PENDING_REVIEW,2026-08-24,,fixtures/research/topic_universe_mapping.v1.csv
TPE,2327,國巨,大型電子權值,PRIMARY,CORE,1.4,TRUE,PENDING_REVIEW,2026-08-24,,fixtures/research/topic_universe_mapping.v1.csv
TPE,2327,國巨,車用功率半導體,SECONDARY,CORE,1.1,TRUE,PENDING_REVIEW,2026-08-24,,fixtures/research/topic_universe_mapping.v1.csv
TPE,2327,國巨,電感,PRIMARY,LEAD,1.5,TRUE,PENDING_REVIEW,2026-08-24,,2026_REVISED_MARKET_UPDATE
TPE,2329,華泰,一般封測,PRIMARY,CORE,1.3,TRUE,PENDING_REVIEW,2026-08-24,,fixtures/research/topic_universe_mapping.v1.csv
TPE,2329,華泰,AI伺服器整機／ODM,SECONDARY,CORE,1.3,TRUE,PENDING_REVIEW,2026-08-24,,2026_NEW_TOPIC_ADDITION
TPE,2330,台積電,CoWoS,PRIMARY,LEAD,1.6,TRUE,PENDING_REVIEW,2026-08-24,,2026_REVISED_MARKET_UPDATE
TPE,2330,台積電,大型電子權值,PRIMARY,LEAD,1.6,TRUE,PENDING_REVIEW,2026-08-24,,2026_REVISED_MARKET_UPDATE
TPE,2330,台積電,晶圓代工,PRIMARY,LEAD,1.6,TRUE,PENDING_REVIEW,2026-08-24,,2026_REVISED_MARKET_UPDATE
TPE,2330,台積電,矽光子,PRIMARY,LEAD,1.6,TRUE,PENDING_REVIEW,2026-08-24,,2026_NEW_TOPIC_ADDITION
TPE,2330,台積電,Chiplet,PRIMARY,LEAD,1.5,TRUE,PENDING_REVIEW,2026-08-24,,2026_NEW_TOPIC_ADDITION
TPE,2332,友訊,網通,PRIMARY,RELATED,1.1,TRUE,PENDING_REVIEW,2026-08-24,,fixtures/research/topic_universe_mapping.v1.csv
TPE,2337,旺宏,DRAM／DDR,SECONDARY,RELATED,0.7,TRUE,PENDING_REVIEW,2026-08-24,,fixtures/research/topic_universe_mapping.v1.csv
TPE,2337,旺宏,NAND Flash／SSD,PRIMARY,CORE,1.3,TRUE,PENDING_REVIEW,2026-08-24,,fixtures/research/topic_universe_mapping.v1.csv
TPE,2337,旺宏,NOR Flash／利基型記憶體,PRIMARY,LEAD,1.4,TRUE,PENDING_REVIEW,2026-08-24,,2026_REVISED_MARKET_UPDATE
TPE,2337,旺宏,車用電子,SECONDARY,CORE,1.1,TRUE,PENDING_REVIEW,2026-08-24,,fixtures/research/topic_universe_mapping.v1.csv
TPE,2342,茂矽,IGBT／功率模組,PRIMARY,CORE,1.3,TRUE,PENDING_REVIEW,2026-08-24,,fixtures/research/topic_universe_mapping.v1.csv
TPE,2342,茂矽,SiC／GaN 功率元件,SECONDARY,CORE,1.1,TRUE,PENDING_REVIEW,2026-08-24,,fixtures/research/topic_universe_mapping.v1.csv
TPE,2342,茂矽,功率 MOSFET,PRIMARY,CORE,1.3,TRUE,PENDING_REVIEW,2026-08-24,,fixtures/research/topic_universe_mapping.v1.csv
TPE,2342,茂矽,特殊製程,SECONDARY,RELATED,0.7,TRUE,PENDING_REVIEW,2026-08-24,,fixtures/research/topic_universe_mapping.v1.csv
TPE,2344,華邦電,DRAM／DDR,PRIMARY,CORE,1.4,TRUE,PENDING_REVIEW,2026-08-24,,fixtures/research/topic_universe_mapping.v1.csv
TPE,2344,華邦電,NAND Flash／SSD,PRIMARY,CORE,1.4,TRUE,PENDING_REVIEW,2026-08-24,,fixtures/research/topic_universe_mapping.v1.csv
TPE,2344,華邦電,NOR Flash／利基型記憶體,PRIMARY,LEAD,1.5,TRUE,PENDING_REVIEW,2026-08-24,,2026_REVISED_MARKET_UPDATE
TPE,2344,華邦電,記憶體製程,PRIMARY,CORE,1.4,TRUE,PENDING_REVIEW,2026-08-24,,2026_NEW_TOPIC_ADDITION
TPE,2344,華邦電,其他車用電子,SECONDARY,CORE,1.1,TRUE,PENDING_REVIEW,2026-08-24,,fixtures/research/topic_universe_mapping.v1.csv
TPE,2345,智邦,其他 AI伺服器供應鏈,PRIMARY,CORE,1.4,TRUE,PENDING_REVIEW,2026-08-24,,2026_REVISED_MARKET_UPDATE
TPE,2345,智邦,網通,PRIMARY,LEAD,1.6,TRUE,PENDING_REVIEW,2026-08-24,,2026_REVISED_MARKET_UPDATE
TPE,2345,智邦,矽光子,PRIMARY,LEAD,1.5,TRUE,PENDING_REVIEW,2026-08-24,,2026_NEW_TOPIC_ADDITION
TPE,2348,海悅,住宅營建,PRIMARY,LEAD,1.5,TRUE,PENDING_REVIEW,2026-08-24,,2026_REVISED_MARKET_UPDATE
TPE,2348,海悅,商辦／都市更新,PRIMARY,CORE,1.4,TRUE,PENDING_REVIEW,2026-08-24,,fixtures/research/topic_universe_mapping.v1.csv
TPE,2348,海悅,營建工程,SECONDARY,RELATED,0.8,TRUE,PENDING_REVIEW,2026-08-24,,2026_NEW_TOPIC_ADDITION
TPE,2351,順德,其他車用電子,PRIMARY,CORE,1.3,TRUE,PENDING_REVIEW,2026-08-24,,fixtures/research/topic_universe_mapping.v1.csv
TPE,2351,順德,特殊鋼／高性能合金,SECONDARY,RELATED,0.7,TRUE,PENDING_REVIEW,2026-08-24,,fixtures/research/topic_universe_mapping.v1.csv
TPE,2351,順德,車用功率半導體,PRIMARY,CORE,1.3,TRUE,PENDING_REVIEW,2026-08-24,,2026_NEW_TOPIC_ADDITION
TPE,2352,佳世達,其他大型權值,PRIMARY,CORE,1.0,TRUE,PENDING_REVIEW,2026-08-24,,fixtures/research/topic_universe_mapping.v1.csv
TPE,2353,宏碁,AI伺服器整機／ODM,SECONDARY,CORE,1.1,TRUE,PENDING_REVIEW,2026-08-24,,2026_REVISED_MARKET_UPDATE
TPE,2353,宏碁,大型電子權值,PRIMARY,CORE,1.2,TRUE,PENDING_REVIEW,2026-08-24,,fixtures/research/topic_universe_mapping.v1.csv
TPE,2354,鴻準,液冷散熱,SECONDARY,CORE,1.3,TRUE,PENDING_REVIEW,2026-08-24,,2026_NEW_TOPIC_ADDITION
TPE,2354,鴻準,機器人零組件,SECONDARY,CORE,1.3,TRUE,PENDING_REVIEW,2026-08-24,,2026_NEW_TOPIC_ADDITION
TPE,2355,敬鵬,其他車用電子,PRIMARY,CORE,1.3,TRUE,PENDING_REVIEW,2026-08-24,,2026_REVISED_MARKET_UPDATE
TPE,2355,敬鵬,傳統硬板與軟板,SECONDARY,CORE,1.2,TRUE,PENDING_REVIEW,2026-08-24,,2026_REVISED_MARKET_UPDATE
TPE,2356,英業達,AI伺服器整機／ODM,PRIMARY,CORE,1.4,TRUE,PENDING_REVIEW,2026-08-24,,fixtures/research/topic_universe_mapping.v1.csv
TPE,2356,英業達,大型電子權值,PRIMARY,CORE,1.4,TRUE,PENDING_REVIEW,2026-08-24,,fixtures/research/topic_universe_mapping.v1.csv
TPE,2356,英業達,其他 AI伺服器供應鏈,SECONDARY,CORE,1.2,TRUE,PENDING_REVIEW,2026-08-24,,2026_NEW_TOPIC_ADDITION
TPE,2357,華碩,AI伺服器整機／ODM,PRIMARY,CORE,1.4,TRUE,PENDING_REVIEW,2026-08-24,,2026_REVISED_MARKET_UPDATE
TPE,2357,華碩,大型電子權值,PRIMARY,CORE,1.4,TRUE,PENDING_REVIEW,2026-08-24,,fixtures/research/topic_universe_mapping.v1.csv
TPE,2357,華碩,顯卡,SECONDARY,CORE,1.3,TRUE,PENDING_REVIEW,2026-08-24,,2026_REVISED_MARKET_UPDATE
TPE,2357,華碩,液冷散熱,SECONDARY,CORE,1.2,TRUE,PENDING_REVIEW,2026-08-24,,2026_NEW_TOPIC_ADDITION
TPE,2359,所羅門,機器人系統整合,SECONDARY,CORE,1.3,TRUE,PENDING_REVIEW,2026-08-24,,2026_REVISED_MARKET_UPDATE
TPE,2359,所羅門,機器人零組件,PRIMARY,LEAD,1.6,TRUE,PENDING_REVIEW,2026-08-24,,2026_REVISED_MARKET_UPDATE
TPE,2359,所羅門,機器視覺,PRIMARY,LEAD,1.6,TRUE,PENDING_REVIEW,2026-08-24,,2026_REVISED_MARKET_UPDATE
TPE,2359,所羅門,AI影像辨識,PRIMARY,LEAD,1.5,TRUE,PENDING_REVIEW,2026-08-24,,2026_NEW_TOPIC_ADDITION
TPE,2360,致茂,先進封裝設備,SECONDARY,CORE,1.3,TRUE,PENDING_REVIEW,2026-08-24,,2026_REVISED_MARKET_UPDATE
TPE,2360,致茂,其他半導體設備,PRIMARY,CORE,1.5,TRUE,PENDING_REVIEW,2026-08-24,,fixtures/research/topic_universe_mapping.v1.csv
TPE,2360,致茂,大型電子權值,PRIMARY,CORE,1.5,TRUE,PENDING_REVIEW,2026-08-24,,fixtures/research/topic_universe_mapping.v1.csv
TPE,2360,致茂,工業自動化,PRIMARY,CORE,1.5,TRUE,PENDING_REVIEW,2026-08-24,,fixtures/research/topic_universe_mapping.v1.csv
TPE,2367,燿華,ADAS,PRIMARY,CORE,1.3,TRUE,PENDING_REVIEW,2026-08-24,,fixtures/research/topic_universe_mapping.v1.csv
TPE,2367,燿華,其他 AI伺服器供應鏈,SECONDARY,CORE,1.1,TRUE,PENDING_REVIEW,2026-08-24,,fixtures/research/topic_universe_mapping.v1.csv
TPE,2367,燿華,雷達與感測,SECONDARY,CORE,1.1,TRUE,PENDING_REVIEW,2026-08-24,,2026_REVISED_MARKET_UPDATE
TPE,2368,金像電,AI PCB,PRIMARY,LEAD,1.6,TRUE,PENDING_REVIEW,2026-08-24,,2026_REVISED_MARKET_UPDATE
TPE,2368,金像電,其他 AI伺服器供應鏈,PRIMARY,CORE,1.4,TRUE,PENDING_REVIEW,2026-08-24,,2026_NEW_TOPIC_ADDITION
TPE,2369,菱生,一般封測,PRIMARY,RELATED,1.1,TRUE,PENDING_REVIEW,2026-08-24,,fixtures/research/topic_universe_mapping.v1.csv
TPE,2371,大同,重電,PRIMARY,CORE,1.3,TRUE,PENDING_REVIEW,2026-08-24,,2026_REVISED_MARKET_UPDATE
TPE,2371,大同,AI電力基建,SECONDARY,CORE,1.2,TRUE,PENDING_REVIEW,2026-08-24,,2026_NEW_TOPIC_ADDITION
TPE,2374,佳能,ADAS,PRIMARY,CORE,1.3,TRUE,PENDING_REVIEW,2026-08-24,,2026_NEW_TOPIC_ADDITION
TPE,2375,凱美,其他被動元件,SECONDARY,RELATED,0.7,TRUE,PENDING_REVIEW,2026-08-24,,fixtures/research/topic_universe_mapping.v1.csv
TPE,2375,凱美,鋁電容,PRIMARY,CORE,1.2,TRUE,PENDING_REVIEW,2026-08-24,,fixtures/research/topic_universe_mapping.v1.csv
TPE,2375,凱美,電感,PRIMARY,CORE,1.2,TRUE,PENDING_REVIEW,2026-08-24,,fixtures/research/topic_universe_mapping.v1.csv
TPE,2376,技嘉,AI伺服器整機／ODM,PRIMARY,CORE,1.5,TRUE,PENDING_REVIEW,2026-08-24,,fixtures/research/topic_universe_mapping.v1.csv
TPE,2376,技嘉,其他 AI伺服器供應鏈,PRIMARY,CORE,1.4,TRUE,PENDING_REVIEW,2026-08-24,,2026_NEW_TOPIC_ADDITION
TPE,2376,技嘉,顯卡,PRIMARY,LEAD,1.5,TRUE,PENDING_REVIEW,2026-08-24,,fixtures/research/topic_universe_mapping.v1.csv
TPE,2376,技嘉,液冷散熱,SECONDARY,CORE,1.3,TRUE,PENDING_REVIEW,2026-08-24,,2026_NEW_TOPIC_ADDITION
TPE,2377,微星,AI伺服器整機／ODM,SECONDARY,CORE,1.1,TRUE,PENDING_REVIEW,2026-08-24,,2026_REVISED_MARKET_UPDATE
TPE,2377,微星,顯卡,PRIMARY,CORE,1.3,TRUE,PENDING_REVIEW,2026-08-24,,fixtures/research/topic_universe_mapping.v1.csv
TPE,2377,微星,風冷散熱,SECONDARY,CORE,1.1,TRUE,PENDING_REVIEW,2026-08-24,,2026_NEW_TOPIC_ADDITION
TPE,2379,瑞昱,其他 IC設計,PRIMARY,LEAD,1.5,TRUE,PENDING_REVIEW,2026-08-24,,2026_REVISED_MARKET_UPDATE
TPE,2382,廣達,AI伺服器整機／ODM,PRIMARY,LEAD,1.6,TRUE,PENDING_REVIEW,2026-08-24,,2026_REVISED_MARKET_UPDATE
TPE,2382,廣達,其他 AI伺服器供應鏈,PRIMARY,CORE,1.5,TRUE,PENDING_REVIEW,2026-08-24,,2026_NEW_TOPIC_ADDITION
TPE,2382,廣達,大型電子權值,PRIMARY,LEAD,1.6,TRUE,PENDING_REVIEW,2026-08-24,,2026_REVISED_MARKET_UPDATE
TPE,2382,廣達,車用電子,PRIMARY,CORE,1.4,TRUE,PENDING_REVIEW,2026-08-24,,2026_NEW_TOPIC_ADDITION
TPE,2383,台光電,銅箔基板CCL,PRIMARY,LEAD,1.6,TRUE,PENDING_REVIEW,2026-08-24,,2026_REVISED_MARKET_UPDATE
TPE,2383,台光電,其他 AI伺服器供應鏈,PRIMARY,CORE,1.5,TRUE,PENDING_REVIEW,2026-08-24,,2026_REVISED_MARKET_UPDATE
TPE,2388,威盛,ADAS,SECONDARY,RELATED,0.7,TRUE,PENDING_REVIEW,2026-08-24,,fixtures/research/topic_universe_mapping.v1.csv
TPE,2388,威盛,RISC-V,PRIMARY,CORE,1.3,TRUE,PENDING_REVIEW,2026-08-24,,2026_REVISED_MARKET_UPDATE
TPE,2388,威盛,其他 IC設計,PRIMARY,CORE,1.2,TRUE,PENDING_REVIEW,2026-08-24,,fixtures/research/topic_universe_mapping.v1.csv
TPE,2395,研華,工業自動化,PRIMARY,LEAD,1.5,TRUE,PENDING_REVIEW,2026-08-24,,2026_REVISED_MARKET_UPDATE
TPE,2395,研華,其他 AI伺服器供應鏈,SECONDARY,CORE,1.2,TRUE,PENDING_REVIEW,2026-08-24,,fixtures/research/topic_universe_mapping.v1.csv
TPE,2395,研華,AI伺服器整機／ODM,SECONDARY,CORE,1.2,TRUE,PENDING_REVIEW,2026-08-24,,2026_NEW_TOPIC_ADDITION
TPE,2399,映泰,顯卡,PRIMARY,RELATED,1.1,TRUE,PENDING_REVIEW,2026-08-24,,fixtures/research/topic_universe_mapping.v1.csv
TPE,2399,映泰,其他 IC設計,SECONDARY,RELATED,0.6,TRUE,PENDING_REVIEW,2026-08-24,,fixtures/research/topic_universe_mapping.v1.csv
TPE,2401,凌陽,其他 IC設計,PRIMARY,CORE,1.2,TRUE,PENDING_REVIEW,2026-08-24,,fixtures/research/topic_universe_mapping.v1.csv
TPE,2401,凌陽,ADAS,SECONDARY,RELATED,0.7,TRUE,PENDING_REVIEW,2026-08-24,,fixtures/research/topic_universe_mapping.v1.csv
TPE,2406,國碩,太陽能,PRIMARY,RELATED,1.0,TRUE,PENDING_REVIEW,2026-08-24,,fixtures/research/topic_universe_mapping.v1.csv
TPE,2406,國碩,儲能,SECONDARY,RELATED,0.6,TRUE,PENDING_REVIEW,2026-08-24,,fixtures/research/topic_universe_mapping.v1.csv
TPE,2408,南亞科,DRAM／DDR,PRIMARY,LEAD,1.5,TRUE,PENDING_REVIEW,2026-08-24,,2026_REVISED_MARKET_UPDATE
TPE,2408,南亞科,記憶體製程,PRIMARY,LEAD,1.5,TRUE,PENDING_REVIEW,2026-08-24,,fixtures/research/topic_universe_mapping.v1.csv
TPE,2409,友達,其他大型權值,PRIMARY,CORE,1.2,TRUE,PENDING_REVIEW,2026-08-24,,fixtures/research/topic_universe_mapping.v1.csv
TPE,2409,友達,其他車用電子,SECONDARY,CORE,1.2,TRUE,PENDING_REVIEW,2026-08-24,,2026_NEW_TOPIC_ADDITION
TPE,2413,環科,其他車用電子,PRIMARY,CORE,1.2,TRUE,PENDING_REVIEW,2026-08-24,,fixtures/research/topic_universe_mapping.v1.csv
TPE,2413,環科,網通,PRIMARY,RELATED,1.1,TRUE,PENDING_REVIEW,2026-08-24,,fixtures/research/topic_universe_mapping.v1.csv
TPE,2413,環科,雷達與感測,SECONDARY,CORE,1.1,TRUE,PENDING_REVIEW,2026-08-24,,2026_REVISED_MARKET_UPDATE
TPE,2421,建準,散熱零組件,PRIMARY,CORE,1.4,TRUE,PENDING_REVIEW,2026-08-24,,fixtures/research/topic_universe_mapping.v1.csv
TPE,2421,建準,風冷散熱,PRIMARY,LEAD,1.5,TRUE,PENDING_REVIEW,2026-08-24,,2026_REVISED_MARKET_UPDATE
TPE,2421,建準,液冷散熱,PRIMARY,CORE,1.4,TRUE,PENDING_REVIEW,2026-08-24,,2026_REVISED_MARKET_UPDATE
TPE,2421,建準,其他 AI伺服器供應鏈,SECONDARY,CORE,1.2,TRUE,PENDING_REVIEW,2026-08-24,,fixtures/research/topic_universe_mapping.v1.csv
TPE,2424,隴華,低軌衛星,PRIMARY,CORE,1.2,TRUE,PENDING_REVIEW,2026-08-24,,fixtures/research/topic_universe_mapping.v1.csv
TPE,2424,隴華,網通,PRIMARY,RELATED,1.1,TRUE,PENDING_REVIEW,2026-08-24,,fixtures/research/topic_universe_mapping.v1.csv
TPE,2424,隴華,無人機,SECONDARY,RELATED,0.5,TRUE,PENDING_REVIEW,2026-08-24,,fixtures/research/topic_universe_mapping.v1.csv
TPE,2425,承啟,顯卡,PRIMARY,CORE,1.2,TRUE,PENDING_REVIEW,2026-08-24,,fixtures/research/topic_universe_mapping.v1.csv
TPE,2425,承啟,其他 AI伺服器供應鏈,SECONDARY,RELATED,0.7,TRUE,PENDING_REVIEW,2026-08-24,,fixtures/research/topic_universe_mapping.v1.csv
TPE,2426,鼎元,利基型光電磊晶,PRIMARY,RELATED,1.0,TRUE,PENDING_REVIEW,2026-08-24,,fixtures/research/topic_universe_mapping.v1.csv
TPE,2428,興勤,保護元件,PRIMARY,LEAD,1.4,TRUE,PENDING_REVIEW,2026-08-24,,2026_REVISED_MARKET_UPDATE
TPE,2428,興勤,其他車用電子,SECONDARY,CORE,1.1,TRUE,PENDING_REVIEW,2026-08-24,,2026_REVISED_MARKET_UPDATE
TPE,2434,統懋,功率二極體／整流器,PRIMARY,RELATED,1.1,TRUE,PENDING_REVIEW,2026-08-24,,fixtures/research/topic_universe_mapping.v1.csv
TPE,2436,偉詮電,MCU,PRIMARY,CORE,1.4,TRUE,PENDING_REVIEW,2026-08-24,,2026_NEW_TOPIC_ADDITION
TPE,2436,偉詮電,散熱零組件,PRIMARY,CORE,1.4,TRUE,PENDING_REVIEW,2026-08-24,,2026_NEW_TOPIC_ADDITION
TPE,2436,偉詮電,Retimer／Redriver,SECONDARY,RELATED,1.2,TRUE,PENDING_REVIEW,2026-08-24,,2026_NEW_TOPIC_ADDITION
TPE,2436,偉詮電,其他 AI伺服器供應鏈,SECONDARY,CORE,1.3,TRUE,PENDING_REVIEW,2026-08-24,,2026_NEW_TOPIC_ADDITION
TPE,2441,超豐,一般封測,PRIMARY,CORE,1.2,TRUE,PENDING_REVIEW,2026-08-24,,fixtures/research/topic_universe_mapping.v1.csv
TPE,2449,京元電子,一般封測,PRIMARY,LEAD,1.6,TRUE,PENDING_REVIEW,2026-08-24,,2026_REVISED_MARKET_UPDATE
TPE,2449,京元電子,其他 AI伺服器供應鏈,PRIMARY,LEAD,1.6,TRUE,PENDING_REVIEW,2026-08-24,,2026_REVISED_MARKET_UPDATE
TPE,2449,京元電子,大型電子權值,PRIMARY,LEAD,1.5,TRUE,PENDING_REVIEW,2026-08-24,,2026_NEW_TOPIC_ADDITION
TPE,2449,京元電子,Chiplet,PRIMARY,CORE,1.4,TRUE,PENDING_REVIEW,2026-08-24,,fixtures/research/topic_universe_mapping.v1.csv
TPE,2451,創見,記憶體模組／通路,PRIMARY,CORE,1.2,TRUE,PENDING_REVIEW,2026-08-24,,fixtures/research/topic_universe_mapping.v1.csv
TPE,2451,創見,DRAM／DDR,SECONDARY,RELATED,0.7,TRUE,PENDING_REVIEW,2026-08-24,,fixtures/research/topic_universe_mapping.v1.csv
TPE,2451,創見,NAND Flash／SSD,SECONDARY,RELATED,0.7,TRUE,PENDING_REVIEW,2026-08-24,,fixtures/research/topic_universe_mapping.v1.csv
TPE,2454,聯發科,其他 IC設計,PRIMARY,LEAD,1.5,TRUE,PENDING_REVIEW,2026-08-24,,fixtures/research/topic_universe_mapping.v1.csv
TPE,2454,聯發科,大型電子權值,PRIMARY,LEAD,1.5,TRUE,PENDING_REVIEW,2026-08-24,,fixtures/research/topic_universe_mapping.v1.csv
TPE,2454,聯發科,Retimer／Redriver,SECONDARY,CORE,1.4,TRUE,PENDING_REVIEW,2026-08-24,,2026_NEW_TOPIC_ADDITION
TPE,2454,聯發科,ASIC,SECONDARY,CORE,1.4,TRUE,PENDING_REVIEW,2026-08-24,,2026_REVISED_MARKET_UPDATE
TPE,2454,聯發科,RISC-V,SECONDARY,CORE,1.3,TRUE,PENDING_REVIEW,2026-08-24,,2026_NEW_TOPIC_ADDITION
TPE,2454,聯發科,高速傳輸,SECONDARY,CORE,1.4,TRUE,PENDING_REVIEW,2026-08-24,,2026_NEW_TOPIC_ADDITION
TPE,2455,全新,網通,PRIMARY,LEAD,1.4,TRUE,PENDING_REVIEW,2026-08-24,,fixtures/research/topic_universe_mapping.v1.csv
TPE,2455,全新,利基型光電磊晶,PRIMARY,LEAD,1.5,TRUE,PENDING_REVIEW,2026-08-24,,2026_REVISED_MARKET_UPDATE
TPE,2455,全新,矽光子,SECONDARY,CORE,1.2,TRUE,PENDING_REVIEW,2026-08-24,,2026_NEW_TOPIC_ADDITION
TPE,2457,飛宏,其他車用電子,PRIMARY,CORE,1.2,TRUE,PENDING_REVIEW,2026-08-24,,fixtures/research/topic_universe_mapping.v1.csv
TPE,2457,飛宏,儲能,SECONDARY,CORE,1.1,TRUE,PENDING_REVIEW,2026-08-24,,2026_REVISED_MARKET_UPDATE
TPE,2457,飛宏,AI電力基建,SECONDARY,RELATED,0.8,TRUE,PENDING_REVIEW,2026-08-24,,2026_NEW_TOPIC_ADDITION
TPE,2458,義隆,其他 IC設計,PRIMARY,CORE,1.4,TRUE,PENDING_REVIEW,2026-08-24,,2026_NEW_TOPIC_ADDITION
TPE,2460,建通,其他車用電子,SECONDARY,RELATED,0.6,TRUE,PENDING_REVIEW,2026-08-24,,fixtures/research/topic_universe_mapping.v1.csv
TPE,2460,建通,車用連接器,SECONDARY,CORE,1.1,TRUE,PENDING_REVIEW,2026-08-24,,2026_REVISED_MARKET_UPDATE
TPE,2464,盟立,先進封裝設備,PRIMARY,CORE,1.4,TRUE,PENDING_REVIEW,2026-08-24,,2026_REVISED_MARKET_UPDATE
TPE,2464,盟立,工業自動化,PRIMARY,CORE,1.4,TRUE,PENDING_REVIEW,2026-08-24,,fixtures/research/topic_universe_mapping.v1.csv
TPE,2464,盟立,機器人系統整合,SECONDARY,CORE,1.2,TRUE,PENDING_REVIEW,2026-08-24,,2026_REVISED_MARKET_UPDATE
TPE,2464,盟立,玻璃基板,PRIMARY,CORE,1.3,TRUE,PENDING_REVIEW,2026-08-24,,2026_REVISED_MARKET_UPDATE
TPE,2464,盟立,機器視覺,SECONDARY,RELATED,0.8,TRUE,PENDING_REVIEW,2026-08-24,,2026_NEW_TOPIC_ADDITION
TPE,2465,麗臺,AI伺服器整機／ODM,PRIMARY,CORE,1.2,TRUE,PENDING_REVIEW,2026-08-24,,fixtures/research/topic_universe_mapping.v1.csv
TPE,2465,麗臺,顯卡,PRIMARY,CORE,1.1,TRUE,PENDING_REVIEW,2026-08-24,,fixtures/research/topic_universe_mapping.v1.csv
TPE,2466,冠西電,其他被動元件,PRIMARY,RELATED,1.0,TRUE,PENDING_REVIEW,2026-08-24,,fixtures/research/topic_universe_mapping.v1.csv
TPE,2467,志聖,先進封裝設備,PRIMARY,LEAD,1.6,TRUE,PENDING_REVIEW,2026-08-24,,2026_REVISED_MARKET_UPDATE
TPE,2467,志聖,Chiplet,PRIMARY,CORE,1.4,TRUE,PENDING_REVIEW,2026-08-24,,2026_REVISED_MARKET_UPDATE
TPE,2467,志聖,CoWoS,PRIMARY,CORE,1.4,TRUE,PENDING_REVIEW,2026-08-24,,2026_REVISED_MARKET_UPDATE
TPE,2467,志聖,FOPLP,PRIMARY,CORE,1.4,TRUE,PENDING_REVIEW,2026-08-24,,2026_REVISED_MARKET_UPDATE
TPE,2472,立隆電,固態電容,PRIMARY,CORE,1.3,TRUE,PENDING_REVIEW,2026-08-24,,fixtures/research/topic_universe_mapping.v1.csv
TPE,2472,立隆電,鋁電容,PRIMARY,LEAD,1.5,TRUE,PENDING_REVIEW,2026-08-24,,fixtures/research/topic_universe_mapping.v1.csv
TPE,2472,立隆電,其他車用電子,SECONDARY,RELATED,0.7,TRUE,PENDING_REVIEW,2026-08-24,,fixtures/research/topic_universe_mapping.v1.csv
TPE,2474,可成,其他 AI伺服器供應鏈,PRIMARY,CORE,1.3,TRUE,PENDING_REVIEW,2026-08-24,,2026_REVISED_MARKET_UPDATE
TPE,2474,可成,其他熱管理,SECONDARY,CORE,1.1,TRUE,PENDING_REVIEW,2026-08-24,,2026_NEW_TOPIC_ADDITION
TPE,2478,大毅,保護元件,PRIMARY,CORE,1.1,TRUE,PENDING_REVIEW,2026-08-24,,fixtures/research/topic_universe_mapping.v1.csv
TPE,2478,大毅,其他被動元件,SECONDARY,RELATED,0.5,TRUE,PENDING_REVIEW,2026-08-24,,fixtures/research/topic_universe_mapping.v1.csv
TPE,2481,強茂,功率二極體／整流器,PRIMARY,LEAD,1.4,TRUE,PENDING_REVIEW,2026-08-24,,2026_REVISED_MARKET_UPDATE
TPE,2481,強茂,IGBT／功率模組,PRIMARY,CORE,1.3,TRUE,PENDING_REVIEW,2026-08-24,,fixtures/research/topic_universe_mapping.v1.csv
TPE,2481,強茂,SiC／GaN 功率元件,PRIMARY,CORE,1.3,TRUE,PENDING_REVIEW,2026-08-24,,fixtures/research/topic_universe_mapping.v1.csv
TPE,2481,強茂,其他車用電子,SECONDARY,CORE,1.1,TRUE,PENDING_REVIEW,2026-08-24,,2026_REVISED_MARKET_UPDATE
TPE,2483,百容,其他被動元件,PRIMARY,RELATED,1.0,TRUE,PENDING_REVIEW,2026-08-24,,fixtures/research/topic_universe_mapping.v1.csv
TPE,2484,希華,石英元件,PRIMARY,LEAD,1.4,TRUE,PENDING_REVIEW,2026-08-24,,2026_REVISED_MARKET_UPDATE
TPE,2485,兆赫,網通,PRIMARY,RELATED,1.1,TRUE,PENDING_REVIEW,2026-08-24,,fixtures/research/topic_universe_mapping.v1.csv
TPE,2486,一航,其他原物料,PRIMARY,RELATED,1.0,TRUE,PENDING_REVIEW,2026-08-24,,fixtures/research/topic_universe_mapping.v1.csv
TPE,2491,吉祥全,其他原物料,PRIMARY,RELATED,1.0,TRUE,PENDING_REVIEW,2026-08-24,,fixtures/research/topic_universe_mapping.v1.csv
TPE,2492,華新科,MLCC,PRIMARY,LEAD,1.5,TRUE,APPROVED,2026-08-24,,2026_REVISED_MARKET_UPDATE
TPE,2492,華新科,其他被動元件,SECONDARY,CORE,1.1,TRUE,PENDING_REVIEW,2026-08-24,,fixtures/research/topic_universe_mapping.v1.csv
TPE,2492,華新科,大型電子權值,PRIMARY,CORE,1.3,TRUE,PENDING_REVIEW,2026-08-24,,fixtures/research/topic_universe_mapping.v1.csv
TPE,2492,華新科,車用功率半導體,SECONDARY,CORE,1.1,TRUE,PENDING_REVIEW,2026-08-24,,2026_NEW_TOPIC_ADDITION
TPE,2493,揚博,其他半導體設備,PRIMARY,CORE,1.3,TRUE,PENDING_REVIEW,2026-08-24,,fixtures/research/topic_universe_mapping.v1.csv
TPE,2493,揚博,先進封裝設備,SECONDARY,CORE,1.2,TRUE,PENDING_REVIEW,2026-08-24,,2026_NEW_TOPIC_ADDITION
TPE,2501,國建,住宅營建,PRIMARY,CORE,1.3,TRUE,PENDING_REVIEW,2026-08-24,,fixtures/research/topic_universe_mapping.v1.csv
TPE,2511,太子,住宅營建,PRIMARY,RELATED,1.1,TRUE,PENDING_REVIEW,2026-08-24,,fixtures/research/topic_universe_mapping.v1.csv
TPE,2520,冠德,住宅營建,PRIMARY,LEAD,1.5,TRUE,PENDING_REVIEW,2026-08-24,,2026_REVISED_MARKET_UPDATE
TPE,2520,冠德,商辦／都市更新,PRIMARY,LEAD,1.5,TRUE,PENDING_REVIEW,2026-08-24,,2026_REVISED_MARKET_UPDATE
TPE,2520,冠德,營建工程,SECONDARY,CORE,1.3,TRUE,PENDING_REVIEW,2026-08-24,,fixtures/research/topic_universe_mapping.v1.csv
TPE,2527,宏璟,住宅營建,PRIMARY,CORE,1.3,TRUE,PENDING_REVIEW,2026-08-24,,fixtures/research/topic_universe_mapping.v1.csv
TPE,2527,宏璟,商辦／都市更新,PRIMARY,CORE,1.3,TRUE,PENDING_REVIEW,2026-08-24,,fixtures/research/topic_universe_mapping.v1.csv
TPE,2527,宏璟,營建工程,SECONDARY,RELATED,0.7,TRUE,PENDING_REVIEW,2026-08-24,,fixtures/research/topic_universe_mapping.v1.csv
TPE,2535,達欣工,營建工程,PRIMARY,LEAD,1.5,TRUE,PENDING_REVIEW,2026-08-24,,2026_REVISED_MARKET_UPDATE
TPE,2536,宏普,住宅營建,PRIMARY,CORE,1.2,TRUE,PENDING_REVIEW,2026-08-24,,fixtures/research/topic_universe_mapping.v1.csv
TPE,2536,宏普,商辦／都市更新,SECONDARY,RELATED,0.6,TRUE,PENDING_REVIEW,2026-08-24,,fixtures/research/topic_universe_mapping.v1.csv
TPE,2539,櫻花建,住宅營建,PRIMARY,CORE,1.3,TRUE,PENDING_REVIEW,2026-08-24,,fixtures/research/topic_universe_mapping.v1.csv
TPE,2542,興富發,住宅營建,PRIMARY,LEAD,1.6,TRUE,PENDING_REVIEW,2026-08-24,,2026_REVISED_MARKET_UPDATE
TPE,2542,興富發,商辦／都市更新,PRIMARY,LEAD,1.5,TRUE,PENDING_REVIEW,2026-08-24,,2026_REVISED_MARKET_UPDATE
TPE,2546,根基,營建工程,PRIMARY,LEAD,1.5,TRUE,PENDING_REVIEW,2026-08-24,,2026_REVISED_MARKET_UPDATE
TPE,2548,華固,住宅營建,PRIMARY,LEAD,1.6,TRUE,PENDING_REVIEW,2026-08-24,,2026_REVISED_MARKET_UPDATE
TPE,2548,華固,商辦／都市更新,PRIMARY,LEAD,1.6,TRUE,PENDING_REVIEW,2026-08-24,,2026_REVISED_MARKET_UPDATE
TPE,2601,益航,散裝航運,PRIMARY,RELATED,1.1,TRUE,PENDING_REVIEW,2026-08-24,,2026_NEW_TOPIC_ADDITION
TPE,2603,長榮,貨櫃海運,PRIMARY,LEAD,1.6,TRUE,PENDING_REVIEW,2026-08-24,,2026_REVISED_MARKET_UPDATE
TPE,2605,新興,散裝航運,PRIMARY,CORE,1.3,TRUE,PENDING_REVIEW,2026-08-24,,2026_REVISED_MARKET_UPDATE
TPE,2606,裕民,散裝航運,PRIMARY,LEAD,1.5,TRUE,PENDING_REVIEW,2026-08-24,,2026_REVISED_MARKET_UPDATE
TPE,2609,陽明,貨櫃海運,PRIMARY,LEAD,1.5,TRUE,PENDING_REVIEW,2026-08-24,,2026_REVISED_MARKET_UPDATE
TPE,2610,華航,航空客貨運,PRIMARY,CORE,1.4,TRUE,PENDING_REVIEW,2026-08-24,,2026_REVISED_MARKET_UPDATE
TPE,2611,志信,貨代與物流,PRIMARY,RELATED,1.0,TRUE,PENDING_REVIEW,2026-08-24,,2026_NEW_TOPIC_ADDITION
TPE,2613,中櫃,貨代與物流,PRIMARY,CORE,1.2,TRUE,PENDING_REVIEW,2026-08-24,,2026_REVISED_MARKET_UPDATE
TPE,2615,萬海,貨櫃海運,PRIMARY,CORE,1.4,TRUE,PENDING_REVIEW,2026-08-24,,2026_REVISED_MARKET_UPDATE
TPE,2617,台航,散裝航運,PRIMARY,RELATED,1.1,TRUE,PENDING_REVIEW,2026-08-24,,2026_REVISED_MARKET_UPDATE
TPE,2618,長榮航,航空客貨運,PRIMARY,LEAD,1.5,TRUE,PENDING_REVIEW,2026-08-24,,2026_NEW_TOPIC_ADDITION
TPE,2644,中信造船,軍工船舶,PRIMARY,CORE,1.4,TRUE,PENDING_REVIEW,2026-08-24,,2026_NEW_TOPIC_ADDITION
TPE,2630,亞航,其他國防,PRIMARY,CORE,1.3,TRUE,PENDING_REVIEW,2026-08-24,,fixtures/research/topic_universe_mapping.v1.csv
TPE,2630,亞航,無人機,PRIMARY,CORE,1.3,TRUE,PENDING_REVIEW,2026-08-24,,2026_REVISED_MARKET_UPDATE
TPE,2630,亞航,航太零組件,PRIMARY,CORE,1.3,TRUE,PENDING_REVIEW,2026-08-24,,fixtures/research/topic_universe_mapping.v1.csv
TPE,2634,漢翔,其他國防,PRIMARY,LEAD,1.5,TRUE,PENDING_REVIEW,2026-08-24,,fixtures/research/topic_universe_mapping.v1.csv
TPE,2634,漢翔,航太零組件,PRIMARY,LEAD,1.6,TRUE,PENDING_REVIEW,2026-08-24,,2026_REVISED_MARKET_UPDATE
TPE,2634,漢翔,軍工船舶,SECONDARY,CORE,1.3,TRUE,PENDING_REVIEW,2026-08-24,,fixtures/research/topic_universe_mapping.v1.csv
TPE,2634,漢翔,無人機,SECONDARY,LEAD,1.5,TRUE,PENDING_REVIEW,2026-08-24,,2026_NEW_TOPIC_ADDITION
TPE,2636,台驊控股,貨代與物流,PRIMARY,LEAD,1.4,TRUE,PENDING_REVIEW,2026-08-24,,2026_REVISED_MARKET_UPDATE
TPE,2645,長榮航太,航太零組件,PRIMARY,CORE,1.4,TRUE,PENDING_REVIEW,2026-08-24,,2026_REVISED_MARKET_UPDATE
TPE,2646,星宇航空,航空客貨運,PRIMARY,CORE,1.3,TRUE,PENDING_REVIEW,2026-08-24,,2026_NEW_TOPIC_ADDITION
TPE,3003,健策,其他 AI伺服器供應鏈,PRIMARY,LEAD,1.5,TRUE,PENDING_REVIEW,2026-08-24,,fixtures/research/topic_universe_mapping.v1.csv
TPE,3003,健策,散熱零組件,PRIMARY,LEAD,1.6,TRUE,PENDING_REVIEW,2026-08-24,,2026_REVISED_MARKET_UPDATE
TPE,3003,健策,大型電子權值,PRIMARY,CORE,1.4,TRUE,PENDING_REVIEW,2026-08-24,,2026_NEW_TOPIC_ADDITION
TPE,3004,豐達科,特殊鋼／高性能合金,PRIMARY,CORE,1.3,TRUE,PENDING_REVIEW,2026-08-24,,fixtures/research/topic_universe_mapping.v1.csv
TPE,3004,豐達科,航太零組件,PRIMARY,CORE,1.3,TRUE,PENDING_REVIEW,2026-08-24,,fixtures/research/topic_universe_mapping.v1.csv
TPE,3005,神基,其他國防,PRIMARY,CORE,1.3,TRUE,PENDING_REVIEW,2026-08-24,,fixtures/research/topic_universe_mapping.v1.csv
TPE,3005,神基,航太零組件,SECONDARY,RELATED,0.8,TRUE,PENDING_REVIEW,2026-08-24,,fixtures/research/topic_universe_mapping.v1.csv
TPE,3006,晶豪科,NOR Flash／利基型記憶體,PRIMARY,CORE,1.2,TRUE,PENDING_REVIEW,2026-08-24,,fixtures/research/topic_universe_mapping.v1.csv
TPE,3006,晶豪科,DRAM／DDR,SECONDARY,RELATED,0.6,TRUE,PENDING_REVIEW,2026-08-24,,fixtures/research/topic_universe_mapping.v1.csv
TPE,3008,大立光,大型電子權值,PRIMARY,LEAD,1.4,TRUE,PENDING_REVIEW,2026-08-24,,2026_REVISED_MARKET_UPDATE
TPE,3008,大立光,機器視覺,PRIMARY,LEAD,1.5,TRUE,PENDING_REVIEW,2026-08-24,,2026_REVISED_MARKET_UPDATE
TPE,3008,大立光,其他 AI伺服器供應鏈,PRIMARY,CORE,1.3,TRUE,PENDING_REVIEW,2026-08-24,,fixtures/research/topic_universe_mapping.v1.csv
TPE,3010,華立,其他半導體材料,PRIMARY,CORE,1.3,TRUE,PENDING_REVIEW,2026-08-24,,2026_NEW_TOPIC_ADDITION
TPE,3013,晟銘電,其他 AI伺服器供應鏈,PRIMARY,CORE,1.4,TRUE,PENDING_REVIEW,2026-08-24,,2026_REVISED_MARKET_UPDATE
TPE,3013,晟銘電,散熱零組件,PRIMARY,CORE,1.4,TRUE,PENDING_REVIEW,2026-08-24,,fixtures/research/topic_universe_mapping.v1.csv
TPE,3013,晟銘電,液冷散熱,PRIMARY,CORE,1.4,TRUE,PENDING_REVIEW,2026-08-24,,2026_REVISED_MARKET_UPDATE
TPE,3013,晟銘電,風冷散熱,SECONDARY,CORE,1.2,TRUE,PENDING_REVIEW,2026-08-24,,2026_NEW_TOPIC_ADDITION
TPE,3015,全漢,AI電力基建,PRIMARY,CORE,1.2,TRUE,PENDING_REVIEW,2026-08-24,,fixtures/research/topic_universe_mapping.v1.csv
TPE,3015,全漢,其他 AI伺服器供應鏈,PRIMARY,CORE,1.2,TRUE,PENDING_REVIEW,2026-08-24,,fixtures/research/topic_universe_mapping.v1.csv
TPE,3016,嘉晶,GaN 晶圓／GaN-on-Si,PRIMARY,CORE,1.3,TRUE,PENDING_REVIEW,2026-08-24,,fixtures/research/topic_universe_mapping.v1.csv
TPE,3016,嘉晶,SiC 晶圓／基板,PRIMARY,CORE,1.3,TRUE,PENDING_REVIEW,2026-08-24,,fixtures/research/topic_universe_mapping.v1.csv
TPE,3017,奇鋐,散熱零組件,PRIMARY,LEAD,1.6,TRUE,PENDING_REVIEW,2026-08-24,,2026_REVISED_MARKET_UPDATE
TPE,3017,奇鋐,液冷散熱,PRIMARY,LEAD,1.6,TRUE,PENDING_REVIEW,2026-08-24,,2026_REVISED_MARKET_UPDATE
TPE,3017,奇鋐,風冷散熱,PRIMARY,LEAD,1.5,TRUE,PENDING_REVIEW,2026-08-24,,2026_NEW_TOPIC_ADDITION
TPE,3017,奇鋐,其他 AI伺服器供應鏈,PRIMARY,CORE,1.4,TRUE,PENDING_REVIEW,2026-08-24,,2026_REVISED_MARKET_UPDATE
TPE,3017,奇鋐,大型電子權值,PRIMARY,LEAD,1.5,TRUE,PENDING_REVIEW,2026-08-24,,2026_NEW_TOPIC_ADDITION
TPE,3021,鴻名,一般連接器,PRIMARY,RELATED,1.0,TRUE,PENDING_REVIEW,2026-08-24,,2026_REVISED_MARKET_UPDATE
TPE,3022,威強電,工業自動化,PRIMARY,CORE,1.2,TRUE,PENDING_REVIEW,2026-08-24,,fixtures/research/topic_universe_mapping.v1.csv
TPE,3022,威強電,AI影像辨識,SECONDARY,CORE,1.1,TRUE,PENDING_REVIEW,2026-08-24,,fixtures/research/topic_universe_mapping.v1.csv
TPE,3022,威強電,其他 AI視覺,SECONDARY,CORE,1.1,TRUE,PENDING_REVIEW,2026-08-24,,2026_NEW_TOPIC_ADDITION
TPE,3022,威強電,邊緣運算與智慧影像 (Edge AI & Vision),SECONDARY,CORE,1.2,TRUE,PENDING_REVIEW,2026-08-24,,2026_NEW_TOPIC_ADDITION
TPE,3023,信邦,其他車用電子,PRIMARY,CORE,1.3,TRUE,PENDING_REVIEW,2026-08-24,,fixtures/research/topic_universe_mapping.v1.csv
TPE,3023,信邦,車用連接器,PRIMARY,CORE,1.3,TRUE,PENDING_REVIEW,2026-08-24,,fixtures/research/topic_universe_mapping.v1.csv
TPE,3023,信邦,一般連接器,SECONDARY,LEAD,0.7,TRUE,PENDING_REVIEW,2026-08-24,,fixtures/research/topic_universe_mapping.v1.csv
TPE,3026,禾伸堂,MLCC,PRIMARY,CORE,1.2,TRUE,APPROVED,2026-08-24,,CURRENT_TAXONOMY_RELATION_STRUCTURAL_ROLE
TPE,3026,禾伸堂,其他被動元件,SECONDARY,RELATED,0.5,TRUE,PENDING_REVIEW,2026-08-24,,fixtures/research/topic_universe_mapping.v1.csv
TPE,3029,零壹,端點資安,PRIMARY,LEAD,1.4,TRUE,PENDING_REVIEW,2026-08-24,,2026_REVISED_MARKET_UPDATE
TPE,3029,零壹,網路資安,PRIMARY,LEAD,1.4,TRUE,PENDING_REVIEW,2026-08-24,,2026_REVISED_MARKET_UPDATE
TPE,3029,零壹,雲端資安,SECONDARY,CORE,1.2,TRUE,PENDING_REVIEW,2026-08-24,,2026_REVISED_MARKET_UPDATE
TPE,3034,聯詠,大型電子權值,PRIMARY,LEAD,1.5,TRUE,PENDING_REVIEW,2026-08-24,,2026_REVISED_MARKET_UPDATE
TPE,3034,聯詠,其他 IC設計,PRIMARY,LEAD,1.5,TRUE,PENDING_REVIEW,2026-08-24,,2026_NEW_TOPIC_ADDITION
TPE,3034,聯詠,ASIC,SECONDARY,CORE,1.3,TRUE,PENDING_REVIEW,2026-08-24,,2026_REVISED_MARKET_UPDATE
TPE,3035,智原,ASIC,PRIMARY,LEAD,1.5,TRUE,PENDING_REVIEW,2026-08-24,,2026_REVISED_MARKET_UPDATE
TPE,3035,智原,RISC-V,PRIMARY,CORE,1.4,TRUE,PENDING_REVIEW,2026-08-24,,fixtures/research/topic_universe_mapping.v1.csv
TPE,3035,智原,其他 IC設計,SECONDARY,CORE,1.2,TRUE,PENDING_REVIEW,2026-08-24,,2026_REVISED_MARKET_UPDATE
TPE,3036,文曄,記憶體模組／通路,PRIMARY,LEAD,1.5,TRUE,PENDING_REVIEW,2026-08-24,,2026_NEW_TOPIC_ADDITION
TPE,3036,文曄,大型電子權值,PRIMARY,LEAD,1.5,TRUE,PENDING_REVIEW,2026-08-24,,2026_NEW_TOPIC_ADDITION
TPE,3037,欣興,ABF載板,PRIMARY,LEAD,1.6,TRUE,PENDING_REVIEW,2026-08-24,,2026_REVISED_MARKET_UPDATE
TPE,3037,欣興,大型電子權值,PRIMARY,CORE,1.4,TRUE,PENDING_REVIEW,2026-08-24,,fixtures/research/topic_universe_mapping.v1.csv
TPE,3037,欣興,傳統硬板與軟板,PRIMARY,LEAD,1.5,TRUE,PENDING_REVIEW,2026-08-24,,2026_NEW_TOPIC_ADDITION
TPE,3037,欣興,Chiplet,PRIMARY,CORE,1.4,TRUE,PENDING_REVIEW,2026-08-24,,fixtures/research/topic_universe_mapping.v1.csv
TPE,3037,欣興,玻璃基板,SECONDARY,LEAD,1.5,TRUE,PENDING_REVIEW,2026-08-24,,2026_NEW_TOPIC_ADDITION
TPE,3042,晶技,低軌衛星,PRIMARY,CORE,1.3,TRUE,PENDING_REVIEW,2026-08-24,,2026_REVISED_MARKET_UPDATE
TPE,3042,晶技,石英元件,PRIMARY,CORE,1.3,TRUE,PENDING_REVIEW,2026-08-24,,fixtures/research/topic_universe_mapping.v1.csv
TPE,3044,健鼎,AI PCB,PRIMARY,CORE,1.4,TRUE,PENDING_REVIEW,2026-08-24,,fixtures/research/topic_universe_mapping.v1.csv
TPE,3044,健鼎,其他車用電子,PRIMARY,CORE,1.4,TRUE,PENDING_REVIEW,2026-08-24,,fixtures/research/topic_universe_mapping.v1.csv
TPE,3044,健鼎,記憶體模組／通路,PRIMARY,CORE,1.4,TRUE,PENDING_REVIEW,2026-08-24,,fixtures/research/topic_universe_mapping.v1.csv
TPE,3048,益登,記憶體模組／通路,PRIMARY,RELATED,1.0,TRUE,PENDING_REVIEW,2026-08-24,,2026_REVISED_MARKET_UPDATE
TPE,3055,蔚華科,其他半導體設備,PRIMARY,CORE,1.3,TRUE,PENDING_REVIEW,2026-08-24,,fixtures/research/topic_universe_mapping.v1.csv
TPE,3058,立德,儲能,PRIMARY,RELATED,1.1,TRUE,PENDING_REVIEW,2026-08-24,,fixtures/research/topic_universe_mapping.v1.csv
TPE,3058,立德,太陽能,PRIMARY,RELATED,1.1,TRUE,PENDING_REVIEW,2026-08-24,,fixtures/research/topic_universe_mapping.v1.csv
TPE,3060,銘異,其他 AI伺服器供應鏈,PRIMARY,RELATED,1.1,TRUE,PENDING_REVIEW,2026-08-24,,fixtures/research/topic_universe_mapping.v1.csv
TPE,3090,日電貿,MLCC,PRIMARY,CORE,1.3,TRUE,PENDING_REVIEW,2026-08-24,,fixtures/research/topic_universe_mapping.v1.csv
TPE,3090,日電貿,其他被動元件,SECONDARY,CORE,1.1,TRUE,PENDING_REVIEW,2026-08-24,,fixtures/research/topic_universe_mapping.v1.csv
TPE,3090,日電貿,鋁電容,PRIMARY,RELATED,1.2,TRUE,PENDING_REVIEW,2026-08-24,,fixtures/research/topic_universe_mapping.v1.csv
TPE,3094,聯傑,其他 IC設計,PRIMARY,RELATED,1.2,TRUE,PENDING_REVIEW,2026-08-24,,fixtures/research/topic_universe_mapping.v1.csv
TPE,3094,聯傑,其他 AI伺服器供應鏈,SECONDARY,RELATED,0.7,TRUE,PENDING_REVIEW,2026-08-24,,fixtures/research/topic_universe_mapping.v1.csv
TPE,3149,正達,其他車用電子,SECONDARY,CORE,1.1,TRUE,PENDING_REVIEW,2026-08-24,,2026_REVISED_MARKET_UPDATE
TPE,3149,正達,玻璃基板,SECONDARY,CORE,1.3,TRUE,PENDING_REVIEW,2026-08-24,,2026_NEW_TOPIC_ADDITION
TPE,3167,大量,其他半導體設備,PRIMARY,CORE,1.2,TRUE,PENDING_REVIEW,2026-08-24,,fixtures/research/topic_universe_mapping.v1.csv
TPE,3167,大量,先進封裝設備,SECONDARY,CORE,1.2,TRUE,PENDING_REVIEW,2026-08-24,,2026_NEW_TOPIC_ADDITION
TPE,3189,景碩,ABF載板,PRIMARY,CORE,1.4,TRUE,PENDING_REVIEW,2026-08-24,,fixtures/research/topic_universe_mapping.v1.csv
TPE,3189,景碩,Chiplet,PRIMARY,CORE,1.4,TRUE,PENDING_REVIEW,2026-08-24,,fixtures/research/topic_universe_mapping.v1.csv
TPE,3231,緯創,AI伺服器整機／ODM,PRIMARY,LEAD,1.6,TRUE,PENDING_REVIEW,2026-08-24,,2026_REVISED_MARKET_UPDATE
TPE,3231,緯創,大型電子權值,PRIMARY,LEAD,1.6,TRUE,PENDING_REVIEW,2026-08-24,,2026_REVISED_MARKET_UPDATE
TPE,3231,緯創,其他 AI伺服器供應鏈,PRIMARY,CORE,1.5,TRUE,PENDING_REVIEW,2026-08-24,,2026_NEW_TOPIC_ADDITION
TPE,3231,緯創,液冷散熱,SECONDARY,CORE,1.3,TRUE,PENDING_REVIEW,2026-08-24,,2026_NEW_TOPIC_ADDITION
TPE,3257,虹冠電,其他 IC設計,PRIMARY,CORE,1.3,TRUE,PENDING_REVIEW,2026-08-24,,fixtures/research/topic_universe_mapping.v1.csv
TPE,3257,虹冠電,其他 AI伺服器供應鏈,SECONDARY,CORE,1.1,TRUE,PENDING_REVIEW,2026-08-24,,fixtures/research/topic_universe_mapping.v1.csv
TPE,3257,虹冠電,功率 MOSFET,SECONDARY,CORE,1.1,TRUE,PENDING_REVIEW,2026-08-24,,fixtures/research/topic_universe_mapping.v1.csv
TPE,3312,弘憶股,其他 AI伺服器供應鏈,SECONDARY,CORE,1.3,TRUE,PENDING_REVIEW,2026-08-24,,2026_NEW_TOPIC_ADDITION
TPE,3338,泰碩,散熱零組件,PRIMARY,CORE,1.3,TRUE,PENDING_REVIEW,2026-08-24,,fixtures/research/topic_universe_mapping.v1.csv
TPE,3338,泰碩,液冷散熱,PRIMARY,CORE,1.3,TRUE,PENDING_REVIEW,2026-08-24,,2026_REVISED_MARKET_UPDATE
TPE,3338,泰碩,風冷散熱,SECONDARY,CORE,1.1,TRUE,PENDING_REVIEW,2026-08-24,,fixtures/research/topic_universe_mapping.v1.csv
TPE,3338,泰碩,其他 AI伺服器供應鏈,SECONDARY,CORE,1.2,TRUE,PENDING_REVIEW,2026-08-24,,2026_NEW_TOPIC_ADDITION
TPE,3346,麗清,其他車用電子,PRIMARY,CORE,1.1,TRUE,PENDING_REVIEW,2026-08-24,,fixtures/research/topic_universe_mapping.v1.csv
TPE,3413,京鼎,半導體設備零組件,PRIMARY,LEAD,1.5,TRUE,PENDING_REVIEW,2026-08-24,,2026_REVISED_MARKET_UPDATE
TPE,3413,京鼎,其他半導體設備,SECONDARY,CORE,1.1,TRUE,PENDING_REVIEW,2026-08-24,,fixtures/research/topic_universe_mapping.v1.csv
TPE,3443,創意,ASIC,PRIMARY,LEAD,1.6,TRUE,PENDING_REVIEW,2026-08-24,,2026_REVISED_MARKET_UPDATE
TPE,3443,創意,大型電子權值,PRIMARY,LEAD,1.6,TRUE,PENDING_REVIEW,2026-08-24,,2026_REVISED_MARKET_UPDATE
TPE,3450,聯鈞,光通訊,PRIMARY,LEAD,1.5,TRUE,PENDING_REVIEW,2026-08-24,,2026_REVISED_MARKET_UPDATE
TPE,3450,聯鈞,矽光子,PRIMARY,LEAD,1.6,TRUE,PENDING_REVIEW,2026-08-24,,2026_REVISED_MARKET_UPDATE
TPE,3450,聯鈞,一般封測,PRIMARY,CORE,1.3,TRUE,PENDING_REVIEW,2026-08-24,,fixtures/research/topic_universe_mapping.v1.csv
TPE,3481,群創,FOPLP,PRIMARY,LEAD,1.6,TRUE,PENDING_REVIEW,2026-08-24,,2026_REVISED_MARKET_UPDATE
TPE,3481,群創,大型電子權值,PRIMARY,CORE,1.4,TRUE,PENDING_REVIEW,2026-08-24,,fixtures/research/topic_universe_mapping.v1.csv
TPE,3481,群創,玻璃基板,SECONDARY,LEAD,1.5,TRUE,PENDING_REVIEW,2026-08-24,,2026_NEW_TOPIC_ADDITION
TPE,3504,揚明光,其他通訊光電,PRIMARY,RELATED,1.2,TRUE,PENDING_REVIEW,2026-08-24,,fixtures/research/topic_universe_mapping.v1.csv
TPE,3532,台勝科,12 吋矽晶圓,PRIMARY,LEAD,1.5,TRUE,PENDING_REVIEW,2026-08-24,,2026_REVISED_MARKET_UPDATE
TPE,3533,嘉澤,高速連接器,PRIMARY,LEAD,1.6,TRUE,PENDING_REVIEW,2026-08-24,,2026_NEW_TOPIC_ADDITION
TPE,3533,嘉澤,大型電子權值,PRIMARY,CORE,1.4,TRUE,PENDING_REVIEW,2026-08-24,,2026_NEW_TOPIC_ADDITION
TPE,3532,台勝科,8 吋矽晶圓,PRIMARY,CORE,1.4,TRUE,PENDING_REVIEW,2026-08-24,,fixtures/research/topic_universe_mapping.v1.csv
TPE,3532,台勝科,大型電子權值,SECONDARY,CORE,1.1,TRUE,PENDING_REVIEW,2026-08-24,,2026_REVISED_MARKET_UPDATE
TPE,3535,晶彩科,視覺檢測,PRIMARY,CORE,1.3,TRUE,PENDING_REVIEW,2026-08-24,,fixtures/research/topic_universe_mapping.v1.csv
TPE,3535,晶彩科,其他半導體設備,PRIMARY,CORE,1.2,TRUE,PENDING_REVIEW,2026-08-24,,fixtures/research/topic_universe_mapping.v1.csv
TPE,3535,晶彩科,機器視覺,SECONDARY,RELATED,0.7,TRUE,PENDING_REVIEW,2026-08-24,,fixtures/research/topic_universe_mapping.v1.csv
TPE,3545,敦泰,其他 IC設計,PRIMARY,RELATED,1.1,TRUE,PENDING_REVIEW,2026-08-24,,2026_NEW_TOPIC_ADDITION
TPE,3576,聯合再生,太陽能,PRIMARY,CORE,1.2,TRUE,PENDING_REVIEW,2026-08-24,,fixtures/research/topic_universe_mapping.v1.csv
TPE,3576,聯合再生,儲能,PRIMARY,CORE,1.1,TRUE,PENDING_REVIEW,2026-08-24,,fixtures/research/topic_universe_mapping.v1.csv
TPE,3583,辛耘,先進封裝設備,PRIMARY,LEAD,1.6,TRUE,PENDING_REVIEW,2026-08-24,,2026_REVISED_MARKET_UPDATE
TPE,3583,辛耘,CoWoS,PRIMARY,CORE,1.5,TRUE,PENDING_REVIEW,2026-08-24,,2026_REVISED_MARKET_UPDATE
TPE,3583,辛耘,玻璃基板,SECONDARY,CORE,1.3,TRUE,PENDING_REVIEW,2026-08-24,,2026_NEW_TOPIC_ADDITION
TPE,3588,通嘉,其他 IC設計,PRIMARY,CORE,1.2,TRUE,PENDING_REVIEW,2026-08-24,,fixtures/research/topic_universe_mapping.v1.csv
TPE,3588,通嘉,功率 MOSFET,SECONDARY,RELATED,0.6,TRUE,PENDING_REVIEW,2026-08-24,,fixtures/research/topic_universe_mapping.v1.csv
TPE,3596,智易,網通,PRIMARY,CORE,1.4,TRUE,PENDING_REVIEW,2026-08-24,,fixtures/research/topic_universe_mapping.v1.csv
TPE,3605,宏致,高速連接器,PRIMARY,CORE,1.3,TRUE,PENDING_REVIEW,2026-08-24,,2026_REVISED_MARKET_UPDATE
TPE,3605,宏致,一般連接器,PRIMARY,CORE,1.1,TRUE,PENDING_REVIEW,2026-08-24,,2026_REVISED_MARKET_UPDATE
TPE,3617,碩天,其他 AI伺服器供應鏈,PRIMARY,CORE,1.4,TRUE,PENDING_REVIEW,2026-08-24,,fixtures/research/topic_universe_mapping.v1.csv
TPE,3617,碩天,儲能,PRIMARY,CORE,1.4,TRUE,PENDING_REVIEW,2026-08-24,,fixtures/research/topic_universe_mapping.v1.csv
TPE,3617,碩天,AI電力基建,SECONDARY,CORE,1.2,TRUE,PENDING_REVIEW,2026-08-24,,2026_NEW_TOPIC_ADDITION
TPE,3652,精聯,工業自動化,PRIMARY,RELATED,1.2,TRUE,PENDING_REVIEW,2026-08-24,,fixtures/research/topic_universe_mapping.v1.csv
TPE,3653,健策,散熱零組件,PRIMARY,LEAD,1.6,TRUE,PENDING_REVIEW,2026-08-24,,2026_REVISED_MARKET_UPDATE
TPE,3653,健策,其他 AI伺服器供應鏈,PRIMARY,LEAD,1.5,TRUE,PENDING_REVIEW,2026-08-24,,fixtures/research/topic_universe_mapping.v1.csv
TPE,3661,世芯-KY,ASIC,PRIMARY,LEAD,1.6,TRUE,PENDING_REVIEW,2026-08-24,,2026_REVISED_MARKET_UPDATE
TPE,3661,世芯-KY,大型電子權值,PRIMARY,LEAD,1.6,TRUE,PENDING_REVIEW,2026-08-24,,2026_REVISED_MARKET_UPDATE
TPE,3661,世芯-KY,Chiplet,SECONDARY,CORE,1.3,TRUE,PENDING_REVIEW,2026-08-24,,2026_NEW_TOPIC_ADDITION
TPE,3665,貿聯-KY,高速連接器,PRIMARY,LEAD,1.5,TRUE,PENDING_REVIEW,2026-08-24,,2026_REVISED_MARKET_UPDATE
TPE,3665,貿聯-KY,電動車／EV,PRIMARY,CORE,1.4,TRUE,PENDING_REVIEW,2026-08-24,,2026_NEW_TOPIC_ADDITION
TPE,3665,貿聯-KY,其他 AI伺服器供應鏈,PRIMARY,CORE,1.5,TRUE,PENDING_REVIEW,2026-08-24,,fixtures/research/topic_universe_mapping.v1.csv
TPE,3665,貿聯-KY,車用連接器,PRIMARY,CORE,1.4,TRUE,PENDING_REVIEW,2026-08-24,,fixtures/research/topic_universe_mapping.v1.csv
TPE,3665,貿聯-KY,大型電子權值,PRIMARY,CORE,1.4,TRUE,PENDING_REVIEW,2026-08-24,,2026_NEW_TOPIC_ADDITION
TPE,3665,貿聯-KY,特用與精密線束,PRIMARY,CORE,1.4,TRUE,PENDING_REVIEW,2026-08-24,,2026_NEW_TOPIC_ADDITION
TPE,3680,家登,其他半導體材料,PRIMARY,CORE,1.5,TRUE,PENDING_REVIEW,2026-08-24,,2026_NEW_TOPIC_ADDITION
TPE,3694,海華,網通,PRIMARY,RELATED,1.2,TRUE,PENDING_REVIEW,2026-08-24,,fixtures/research/topic_universe_mapping.v1.csv
TPE,3702,大聯大,記憶體模組／通路,PRIMARY,LEAD,1.5,TRUE,PENDING_REVIEW,2026-08-24,,2026_NEW_TOPIC_ADDITION
TPE,3702,大聯大,大型電子權值,PRIMARY,CORE,1.4,TRUE,PENDING_REVIEW,2026-08-24,,2026_NEW_TOPIC_ADDITION
TPE,3706,神達,AI伺服器整機／ODM,PRIMARY,CORE,1.5,TRUE,PENDING_REVIEW,2026-08-24,,fixtures/research/topic_universe_mapping.v1.csv
TPE,3706,神達,其他 AI伺服器供應鏈,PRIMARY,CORE,1.4,TRUE,PENDING_REVIEW,2026-08-24,,2026_NEW_TOPIC_ADDITION
TPE,3706,神達,其他車用電子,SECONDARY,RELATED,0.8,TRUE,PENDING_REVIEW,2026-08-24,,fixtures/research/topic_universe_mapping.v1.csv
TPE,3708,上緯投控,離岸風電／鋼構,SECONDARY,CORE,1.2,TRUE,PENDING_REVIEW,2026-08-24,,2026_REVISED_MARKET_UPDATE
TPE,3711,日月光投控,一般封測,PRIMARY,LEAD,1.6,TRUE,PENDING_REVIEW,2026-08-24,,2026_REVISED_MARKET_UPDATE
TPE,3711,日月光投控,FOPLP,PRIMARY,LEAD,1.6,TRUE,PENDING_REVIEW,2026-08-24,,2026_REVISED_MARKET_UPDATE
TPE,3711,日月光投控,Chiplet,PRIMARY,LEAD,1.5,TRUE,PENDING_REVIEW,2026-08-24,,2026_REVISED_MARKET_UPDATE
TPE,3711,日月光投控,大型電子權值,PRIMARY,LEAD,1.5,TRUE,PENDING_REVIEW,2026-08-24,,2026_REVISED_MARKET_UPDATE
TPE,3711,日月光投控,CoWoS,SECONDARY,CORE,1.4,TRUE,PENDING_REVIEW,2026-08-24,,2026_REVISED_MARKET_UPDATE
TPE,3711,日月光投控,玻璃基板,SECONDARY,CORE,1.4,TRUE,PENDING_REVIEW,2026-08-24,,2026_NEW_TOPIC_ADDITION
TPE,3715,定穎投控,其他車用電子,PRIMARY,LEAD,1.4,TRUE,PENDING_REVIEW,2026-08-24,,fixtures/research/topic_universe_mapping.v1.csv
TPE,3715,定穎投控,ADAS,PRIMARY,CORE,1.4,TRUE,PENDING_REVIEW,2026-08-24,,fixtures/research/topic_universe_mapping.v1.csv
TPE,3715,定穎投控,AI PCB,PRIMARY,RELATED,1.2,TRUE,PENDING_REVIEW,2026-08-24,,2026_REVISED_MARKET_UPDATE
TPE,3715,定穎投控,其他 AI伺服器供應鏈,SECONDARY,CORE,1.2,TRUE,PENDING_REVIEW,2026-08-24,,2026_REVISED_MARKET_UPDATE
TPE,4540,全球傳動,工業自動化,PRIMARY,CORE,1.3,TRUE,PENDING_REVIEW,2026-08-24,,fixtures/research/topic_universe_mapping.v1.csv
TPE,4540,全球傳動,機器人零組件,PRIMARY,CORE,1.3,TRUE,PENDING_REVIEW,2026-08-24,,fixtures/research/topic_universe_mapping.v1.csv
TPE,4551,智伸科,其他車用電子,PRIMARY,CORE,1.2,TRUE,PENDING_REVIEW,2026-08-24,,fixtures/research/topic_universe_mapping.v1.csv
TPE,4562,穎漢,工業自動化,PRIMARY,CORE,1.2,TRUE,PENDING_REVIEW,2026-08-24,,fixtures/research/topic_universe_mapping.v1.csv
TPE,4564,元翎,其他車用電子,SECONDARY,RELATED,0.7,TRUE,PENDING_REVIEW,2026-08-24,,fixtures/research/topic_universe_mapping.v1.csv
TPE,4572,駐龍,航太零組件,PRIMARY,CORE,1.3,TRUE,PENDING_REVIEW,2026-08-24,,fixtures/research/topic_universe_mapping.v1.csv
TPE,4576,大銀微系統,工業自動化,PRIMARY,CORE,1.4,TRUE,PENDING_REVIEW,2026-08-24,,fixtures/research/topic_universe_mapping.v1.csv
TPE,4576,大銀微系統,機器人零組件,PRIMARY,CORE,1.4,TRUE,PENDING_REVIEW,2026-08-24,,fixtures/research/topic_universe_mapping.v1.csv
TPE,4576,大銀微系統,其他半導體設備,SECONDARY,CORE,1.1,TRUE,PENDING_REVIEW,2026-08-24,,2026_REVISED_MARKET_UPDATE
TPE,4585,達明,機器人零組件,PRIMARY,LEAD,1.6,TRUE,PENDING_REVIEW,2026-08-24,,2026_REVISED_MARKET_UPDATE
TPE,4585,達明,機器人系統整合,PRIMARY,LEAD,1.5,TRUE,PENDING_REVIEW,2026-08-24,,2026_REVISED_MARKET_UPDATE
TPE,4585,達明,機器視覺,PRIMARY,LEAD,1.6,TRUE,PENDING_REVIEW,2026-08-24,,2026_REVISED_MARKET_UPDATE
TPE,4585,達明,視覺檢測,SECONDARY,CORE,1.3,TRUE,PENDING_REVIEW,2026-08-24,,2026_NEW_TOPIC_ADDITION
TPE,4585,達明,AI影像辨識,SECONDARY,CORE,1.3,TRUE,PENDING_REVIEW,2026-08-24,,2026_NEW_TOPIC_ADDITION
TPE,4722,國精化,電子化學材料,PRIMARY,CORE,1.2,TRUE,PENDING_REVIEW,2026-08-24,,2026_REVISED_MARKET_UPDATE
TPE,4764,雙鍵,電子化學材料,PRIMARY,RELATED,1.0,TRUE,PENDING_REVIEW,2026-08-24,,2026_REVISED_MARKET_UPDATE
TPE,4916,事欣科,其他國防,PRIMARY,CORE,1.3,TRUE,PENDING_REVIEW,2026-08-24,,fixtures/research/topic_universe_mapping.v1.csv
TPE,4916,事欣科,其他 AI伺服器供應鏈,SECONDARY,CORE,1.1,TRUE,PENDING_REVIEW,2026-08-24,,fixtures/research/topic_universe_mapping.v1.csv
TPE,4919,新唐,MCU,PRIMARY,LEAD,1.5,TRUE,PENDING_REVIEW,2026-08-24,,2026_REVISED_MARKET_UPDATE
TPE,4919,新唐,Retimer／Redriver,PRIMARY,CORE,1.3,TRUE,PENDING_REVIEW,2026-08-24,,2026_NEW_TOPIC_ADDITION
TPE,4919,新唐,其他 IC設計,SECONDARY,CORE,1.2,TRUE,PENDING_REVIEW,2026-08-24,,2026_REVISED_MARKET_UPDATE
TPE,4919,新唐,其他車用電子,SECONDARY,CORE,1.2,TRUE,PENDING_REVIEW,2026-08-24,,2026_REVISED_MARKET_UPDATE
TPE,4919,新唐,其他 AI伺服器供應鏈,SECONDARY,CORE,1.3,TRUE,PENDING_REVIEW,2026-08-24,,2026_NEW_TOPIC_ADDITION
TPE,4934,太極,太陽能,PRIMARY,RELATED,1.1,TRUE,PENDING_REVIEW,2026-08-24,,fixtures/research/topic_universe_mapping.v1.csv
TPE,4938,和碩,AI伺服器整機／ODM,PRIMARY,CORE,1.4,TRUE,PENDING_REVIEW,2026-08-24,,fixtures/research/topic_universe_mapping.v1.csv
TPE,4938,和碩,其他車用電子,SECONDARY,CORE,1.1,TRUE,PENDING_REVIEW,2026-08-24,,2026_REVISED_MARKET_UPDATE
TPE,4958,臻鼎-KY,AI PCB,PRIMARY,CORE,1.4,TRUE,PENDING_REVIEW,2026-08-24,,2026_REVISED_MARKET_UPDATE
TPE,4958,臻鼎-KY,傳統硬板與軟板,PRIMARY,LEAD,1.5,TRUE,PENDING_REVIEW,2026-08-24,,2026_NEW_TOPIC_ADDITION
TPE,4958,臻鼎-KY,大型電子權值,PRIMARY,LEAD,1.5,TRUE,PENDING_REVIEW,2026-08-24,,2026_REVISED_MARKET_UPDATE
TPE,4958,臻鼎-KY,ABF載板,PRIMARY,CORE,1.4,TRUE,PENDING_REVIEW,2026-08-24,,fixtures/research/topic_universe_mapping.v1.csv
TPE,4958,臻鼎-KY,Chiplet,SECONDARY,CORE,1.3,TRUE,PENDING_REVIEW,2026-08-24,,2026_NEW_TOPIC_ADDITION
TPE,4961,天鈺,其他 IC設計,PRIMARY,CORE,1.3,TRUE,PENDING_REVIEW,2026-08-24,,2026_NEW_TOPIC_ADDITION
TPE,4967,十銓,記憶體模組／通路,PRIMARY,CORE,1.3,TRUE,PENDING_REVIEW,2026-08-24,,fixtures/research/topic_universe_mapping.v1.csv
TPE,4967,十銓,DRAM／DDR,SECONDARY,RELATED,0.8,TRUE,PENDING_REVIEW,2026-08-24,,fixtures/research/topic_universe_mapping.v1.csv
TPE,4967,十銓,NAND Flash／SSD,SECONDARY,RELATED,0.8,TRUE,PENDING_REVIEW,2026-08-24,,fixtures/research/topic_universe_mapping.v1.csv
TPE,4977,眾達-KY,光通訊,PRIMARY,LEAD,1.5,TRUE,PENDING_REVIEW,2026-08-24,,2026_REVISED_MARKET_UPDATE
TPE,4977,眾達-KY,矽光子,PRIMARY,LEAD,1.6,TRUE,PENDING_REVIEW,2026-08-24,,2026_REVISED_MARKET_UPDATE
TPE,4977,眾達-KY,網通,PRIMARY,CORE,1.3,TRUE,PENDING_REVIEW,2026-08-24,,2026_REVISED_MARKET_UPDATE
TPE,5222,全訊,其他國防,PRIMARY,LEAD,1.5,TRUE,PENDING_REVIEW,2026-08-24,,2026_REVISED_MARKET_UPDATE
TPE,5222,全訊,雷達與感測,PRIMARY,LEAD,1.4,TRUE,PENDING_REVIEW,2026-08-24,,2026_REVISED_MARKET_UPDATE
TPE,5222,全訊,網通,PRIMARY,CORE,1.3,TRUE,PENDING_REVIEW,2026-08-24,,fixtures/research/topic_universe_mapping.v1.csv
TPE,5222,全訊,低軌衛星,SECONDARY,CORE,1.1,TRUE,PENDING_REVIEW,2026-08-24,,2026_REVISED_MARKET_UPDATE
TPE,5243,乙盛-KY,其他車用電子,PRIMARY,CORE,1.3,TRUE,PENDING_REVIEW,2026-08-24,,fixtures/research/topic_universe_mapping.v1.csv
TPE,5243,乙盛-KY,電動車／EV,PRIMARY,CORE,1.3,TRUE,PENDING_REVIEW,2026-08-24,,2026_NEW_TOPIC_ADDITION
TPE,5243,乙盛-KY,其他 AI伺服器供應鏈,SECONDARY,CORE,1.2,TRUE,PENDING_REVIEW,2026-08-24,,2026_REVISED_MARKET_UPDATE
TPE,5269,祥碩,高速傳輸,PRIMARY,CORE,1.4,TRUE,PENDING_REVIEW,2026-08-24,,2026_REVISED_MARKET_UPDATE
TPE,5269,祥碩,高速介面,PRIMARY,LEAD,1.6,TRUE,PENDING_REVIEW,2026-08-24,,2026_REVISED_MARKET_UPDATE
TPE,5269,祥碩,Retimer／Redriver,SECONDARY,CORE,1.4,TRUE,PENDING_REVIEW,2026-08-24,,2026_NEW_TOPIC_ADDITION
TPE,5269,祥碩,大型電子權值,PRIMARY,CORE,1.4,TRUE,PENDING_REVIEW,2026-08-24,,fixtures/research/topic_universe_mapping.v1.csv
TPE,5285,界霖,其他車用電子,PRIMARY,CORE,1.3,TRUE,PENDING_REVIEW,2026-08-24,,fixtures/research/topic_universe_mapping.v1.csv
TPE,5285,界霖,特殊鋼／高性能合金,SECONDARY,RELATED,0.7,TRUE,PENDING_REVIEW,2026-08-24,,fixtures/research/topic_universe_mapping.v1.csv
TPE,5285,界霖,車用功率半導體,PRIMARY,CORE,1.3,TRUE,PENDING_REVIEW,2026-08-24,,2026_NEW_TOPIC_ADDITION
TPE,5288,豐祥-KY,其他車用電子,PRIMARY,CORE,1.1,TRUE,PENDING_REVIEW,2026-08-24,,fixtures/research/topic_universe_mapping.v1.csv
TPE,5388,中磊,網通,PRIMARY,CORE,1.4,TRUE,PENDING_REVIEW,2026-08-24,,fixtures/research/topic_universe_mapping.v1.csv
TPE,5434,崇越,晶圓材料,PRIMARY,LEAD,1.5,TRUE,PENDING_REVIEW,2026-08-24,,2026_REVISED_MARKET_UPDATE
TPE,5434,崇越,電子化學材料,PRIMARY,LEAD,1.5,TRUE,PENDING_REVIEW,2026-08-24,,2026_REVISED_MARKET_UPDATE
TPE,5434,崇越,大型電子權值,PRIMARY,CORE,1.4,TRUE,PENDING_REVIEW,2026-08-24,,fixtures/research/topic_universe_mapping.v1.csv
TPE,5434,崇越,其他半導體材料,PRIMARY,LEAD,1.4,TRUE,PENDING_REVIEW,2026-08-24,,2026_NEW_TOPIC_ADDITION
TPE,5471,松翰,MCU,PRIMARY,CORE,1.2,TRUE,PENDING_REVIEW,2026-08-24,,fixtures/research/topic_universe_mapping.v1.csv
TPE,5471,松翰,其他 IC設計,PRIMARY,RELATED,1.1,TRUE,PENDING_REVIEW,2026-08-24,,2026_REVISED_MARKET_UPDATE
TPE,5519,隆大,住宅營建,PRIMARY,CORE,1.4,TRUE,PENDING_REVIEW,2026-08-24,,fixtures/research/topic_universe_mapping.v1.csv
TPE,5519,隆大,商辦／都市更新,PRIMARY,CORE,1.4,TRUE,PENDING_REVIEW,2026-08-24,,fixtures/research/topic_universe_mapping.v1.csv
TPE,5519,隆大,營建工程,SECONDARY,CORE,1.1,TRUE,PENDING_REVIEW,2026-08-24,,2026_REVISED_MARKET_UPDATE
TPE,5534,長虹,住宅營建,PRIMARY,LEAD,1.6,TRUE,PENDING_REVIEW,2026-08-24,,2026_REVISED_MARKET_UPDATE
TPE,5534,長虹,商辦／都市更新,PRIMARY,LEAD,1.5,TRUE,PENDING_REVIEW,2026-08-24,,2026_REVISED_MARKET_UPDATE
TPE,5534,長虹,營建工程,SECONDARY,CORE,1.2,TRUE,PENDING_REVIEW,2026-08-24,,2026_NEW_TOPIC_ADDITION
TPE,5607,遠雄港,貨代與物流,PRIMARY,LEAD,1.5,TRUE,PENDING_REVIEW,2026-08-24,,2026_REVISED_MARKET_UPDATE
TPE,5608,四維航,散裝航運,PRIMARY,CORE,1.2,TRUE,PENDING_REVIEW,2026-08-24,,2026_REVISED_MARKET_UPDATE
TPE,6104,創惟,高速介面,PRIMARY,CORE,1.3,TRUE,PENDING_REVIEW,2026-08-24,,2026_NEW_TOPIC_ADDITION
TPE,6104,創惟,Retimer／Redriver,PRIMARY,CORE,1.3,TRUE,PENDING_REVIEW,2026-08-24,,2026_NEW_TOPIC_ADDITION
TPE,6112,邁達特,雲端資安,PRIMARY,LEAD,1.5,TRUE,PENDING_REVIEW,2026-08-24,,2026_REVISED_MARKET_UPDATE
TPE,6112,邁達特,端點資安,PRIMARY,CORE,1.4,TRUE,PENDING_REVIEW,2026-08-24,,fixtures/research/topic_universe_mapping.v1.csv
TPE,6112,邁達特,網路資安,PRIMARY,CORE,1.4,TRUE,PENDING_REVIEW,2026-08-24,,fixtures/research/topic_universe_mapping.v1.csv
TPE,6142,友勁,網通,PRIMARY,RELATED,1.1,TRUE,PENDING_REVIEW,2026-08-24,,fixtures/research/topic_universe_mapping.v1.csv
TPE,6153,嘉聯益,傳統硬板與軟板,PRIMARY,CORE,1.1,TRUE,PENDING_REVIEW,2026-08-24,,fixtures/research/topic_universe_mapping.v1.csv
TPE,6155,鈞寶,其他被動元件,PRIMARY,RELATED,1.1,TRUE,PENDING_REVIEW,2026-08-24,,fixtures/research/topic_universe_mapping.v1.csv
TPE,6166,凌華,工業自動化,PRIMARY,CORE,1.4,TRUE,PENDING_REVIEW,2026-08-24,,fixtures/research/topic_universe_mapping.v1.csv
TPE,6166,凌華,其他 AI伺服器供應鏈,PRIMARY,CORE,1.3,TRUE,PENDING_REVIEW,2026-08-24,,2026_REVISED_MARKET_UPDATE
TPE,6166,凌華,機器人系統整合,SECONDARY,CORE,1.2,TRUE,PENDING_REVIEW,2026-08-24,,2026_NEW_TOPIC_ADDITION
TPE,6177,達麗,住宅營建,PRIMARY,LEAD,1.5,TRUE,PENDING_REVIEW,2026-08-24,,2026_REVISED_MARKET_UPDATE
TPE,6177,達麗,商辦／都市更新,PRIMARY,CORE,1.4,TRUE,PENDING_REVIEW,2026-08-24,,fixtures/research/topic_universe_mapping.v1.csv
TPE,6177,達麗,營建工程,SECONDARY,CORE,1.2,TRUE,PENDING_REVIEW,2026-08-24,,2026_NEW_TOPIC_ADDITION
TPE,6191,精成科,傳統硬板與軟板,PRIMARY,CORE,1.3,TRUE,PENDING_REVIEW,2026-08-24,,fixtures/research/topic_universe_mapping.v1.csv
TPE,6196,帆宣,其他半導體設備,PRIMARY,LEAD,1.6,TRUE,PENDING_REVIEW,2026-08-24,,2026_REVISED_MARKET_UPDATE
TPE,6196,帆宣,工業自動化,PRIMARY,CORE,1.4,TRUE,PENDING_REVIEW,2026-08-24,,2026_REVISED_MARKET_UPDATE
TPE,6196,帆宣,半導體設備零組件,SECONDARY,CORE,1.3,TRUE,PENDING_REVIEW,2026-08-24,,2026_NEW_TOPIC_ADDITION
TPE,6197,佳必琪,高速連接器,PRIMARY,LEAD,1.5,TRUE,PENDING_REVIEW,2026-08-24,,2026_REVISED_MARKET_UPDATE
TPE,6197,佳必琪,其他 AI伺服器供應鏈,PRIMARY,CORE,1.4,TRUE,PENDING_REVIEW,2026-08-24,,fixtures/research/topic_universe_mapping.v1.csv
TPE,6202,盛群,MCU,PRIMARY,LEAD,1.4,TRUE,PENDING_REVIEW,2026-08-24,,2026_REVISED_MARKET_UPDATE
TPE,6205,詮欣,車用連接器,PRIMARY,CORE,1.3,TRUE,PENDING_REVIEW,2026-08-24,,fixtures/research/topic_universe_mapping.v1.csv
TPE,6205,詮欣,高速連接器,PRIMARY,CORE,1.3,TRUE,PENDING_REVIEW,2026-08-24,,fixtures/research/topic_universe_mapping.v1.csv
TPE,6205,詮欣,一般連接器,SECONDARY,RELATED,0.7,TRUE,PENDING_REVIEW,2026-08-24,,fixtures/research/topic_universe_mapping.v1.csv
TPE,6213,聯茂,銅箔基板CCL,PRIMARY,CORE,1.4,TRUE,PENDING_REVIEW,2026-08-24,,fixtures/research/topic_universe_mapping.v1.csv
TPE,6213,聯茂,PCB供應鏈,PRIMARY,CORE,1.4,TRUE,PENDING_REVIEW,2026-08-24,,fixtures/research/topic_universe_mapping.v1.csv
TPE,6213,聯茂,其他 AI伺服器供應鏈,PRIMARY,CORE,1.4,TRUE,PENDING_REVIEW,2026-08-24,,2026_REVISED_MARKET_UPDATE
TPE,6213,聯茂,AI PCB,SECONDARY,CORE,1.2,TRUE,PENDING_REVIEW,2026-08-24,,2026_NEW_TOPIC_ADDITION
TPE,6214,精誠,大型電子權值,PRIMARY,LEAD,1.6,TRUE,PENDING_REVIEW,2026-08-24,,2026_REVISED_MARKET_UPDATE
TPE,6214,精誠,端點資安,PRIMARY,LEAD,1.5,TRUE,PENDING_REVIEW,2026-08-24,,fixtures/research/topic_universe_mapping.v1.csv
TPE,6214,精誠,網路資安,PRIMARY,LEAD,1.5,TRUE,PENDING_REVIEW,2026-08-24,,fixtures/research/topic_universe_mapping.v1.csv
TPE,6214,精誠,雲端資安,PRIMARY,LEAD,1.5,TRUE,PENDING_REVIEW,2026-08-24,,fixtures/research/topic_universe_mapping.v1.csv
TPE,6215,和椿,其他半導體設備,PRIMARY,CORE,1.4,TRUE,PENDING_REVIEW,2026-08-24,,fixtures/research/topic_universe_mapping.v1.csv
TPE,6215,和椿,工業自動化,PRIMARY,CORE,1.4,TRUE,PENDING_REVIEW,2026-08-24,,fixtures/research/topic_universe_mapping.v1.csv
TPE,6215,和椿,機器人零組件,SECONDARY,CORE,1.2,TRUE,PENDING_REVIEW,2026-08-24,,2026_REVISED_MARKET_UPDATE
TPE,6215,和椿,機器人系統整合,SECONDARY,RELATED,0.9,TRUE,PENDING_REVIEW,2026-08-24,,fixtures/research/topic_universe_mapping.v1.csv
TPE,6226,光鼎,其他通訊光電,PRIMARY,RELATED,1.1,TRUE,PENDING_REVIEW,2026-08-24,,fixtures/research/topic_universe_mapping.v1.csv
TPE,6239,力成,一般封測,PRIMARY,LEAD,1.6,TRUE,PENDING_REVIEW,2026-08-24,,2026_REVISED_MARKET_UPDATE
TPE,6239,力成,大型電子權值,PRIMARY,LEAD,1.5,TRUE,PENDING_REVIEW,2026-08-24,,2026_REVISED_MARKET_UPDATE
TPE,6239,力成,Chiplet,PRIMARY,CORE,1.4,TRUE,PENDING_REVIEW,2026-08-24,,fixtures/research/topic_universe_mapping.v1.csv
TPE,6243,迅杰,其他 IC設計,PRIMARY,RELATED,1.2,TRUE,PENDING_REVIEW,2026-08-24,,fixtures/research/topic_universe_mapping.v1.csv
TPE,6257,矽格,一般封測,PRIMARY,CORE,1.3,TRUE,PENDING_REVIEW,2026-08-24,,fixtures/research/topic_universe_mapping.v1.csv
TPE,6257,矽格,Chiplet,PRIMARY,CORE,1.3,TRUE,PENDING_REVIEW,2026-08-24,,fixtures/research/topic_universe_mapping.v1.csv
TPE,6257,矽格,其他 AI伺服器供應鏈,SECONDARY,CORE,1.1,TRUE,PENDING_REVIEW,2026-08-24,,fixtures/research/topic_universe_mapping.v1.csv
TPE,6269,台郡,傳統硬板與軟板,PRIMARY,CORE,1.2,TRUE,PENDING_REVIEW,2026-08-24,,fixtures/research/topic_universe_mapping.v1.csv
TPE,6271,同欣電,一般封測,PRIMARY,CORE,1.3,TRUE,PENDING_REVIEW,2026-08-24,,fixtures/research/topic_universe_mapping.v1.csv
TPE,6271,同欣電,其他車用電子,SECONDARY,CORE,1.2,TRUE,PENDING_REVIEW,2026-08-24,,2026_REVISED_MARKET_UPDATE
TPE,6282,康舒,AI電力基建,PRIMARY,CORE,1.4,TRUE,PENDING_REVIEW,2026-08-24,,2026_REVISED_MARKET_UPDATE
TPE,6282,康舒,儲能,PRIMARY,CORE,1.3,TRUE,PENDING_REVIEW,2026-08-24,,fixtures/research/topic_universe_mapping.v1.csv
TPE,6282,康舒,其他 AI伺服器供應鏈,PRIMARY,CORE,1.3,TRUE,PENDING_REVIEW,2026-08-24,,2026_REVISED_MARKET_UPDATE
TPE,6285,啟碁,低軌衛星,PRIMARY,LEAD,1.5,TRUE,PENDING_REVIEW,2026-08-24,,2026_REVISED_MARKET_UPDATE
TPE,6285,啟碁,網通,PRIMARY,LEAD,1.5,TRUE,PENDING_REVIEW,2026-08-24,,2026_REVISED_MARKET_UPDATE
TPE,6285,啟碁,ADAS,SECONDARY,CORE,1.1,TRUE,PENDING_REVIEW,2026-08-24,,2026_REVISED_MARKET_UPDATE
TPE,6285,啟碁,其他 AI伺服器供應鏈,SECONDARY,CORE,1.2,TRUE,PENDING_REVIEW,2026-08-24,,2026_NEW_TOPIC_ADDITION
TPE,6290,良維,其他 AI伺服器供應鏈,PRIMARY,CORE,1.3,TRUE,PENDING_REVIEW,2026-08-24,,2026_NEW_TOPIC_ADDITION
TPE,6290,良維,特用與精密線束,PRIMARY,LEAD,1.5,TRUE,PENDING_REVIEW,2026-08-24,,2026_NEW_TOPIC_ADDITION
TPE,6405,悅城,玻璃基板,PRIMARY,CORE,1.4,TRUE,PENDING_REVIEW,2026-08-24,,fixtures/research/topic_universe_mapping.v1.csv
TPE,6409,旭隼,AI電力基建,PRIMARY,LEAD,1.5,TRUE,PENDING_REVIEW,2026-08-24,,2026_REVISED_MARKET_UPDATE
TPE,6414,樺漢,工業自動化,PRIMARY,LEAD,1.5,TRUE,PENDING_REVIEW,2026-08-24,,2026_REVISED_MARKET_UPDATE
TPE,6414,樺漢,其他 AI伺服器供應鏈,PRIMARY,CORE,1.4,TRUE,PENDING_REVIEW,2026-08-24,,fixtures/research/topic_universe_mapping.v1.csv
TPE,6414,樺漢,機器人系統整合,SECONDARY,CORE,1.2,TRUE,PENDING_REVIEW,2026-08-24,,fixtures/research/topic_universe_mapping.v1.csv
TPE,6414,樺漢,AI伺服器整機／ODM,SECONDARY,CORE,1.2,TRUE,PENDING_REVIEW,2026-08-24,,2026_NEW_TOPIC_ADDITION
TPE,6415,矽力-KY,其他 IC設計,PRIMARY,LEAD,1.5,TRUE,PENDING_REVIEW,2026-08-24,,2026_REVISED_MARKET_UPDATE
TPE,6415,矽力-KY,其他車用電子,SECONDARY,CORE,1.1,TRUE,PENDING_REVIEW,2026-08-24,,2026_REVISED_MARKET_UPDATE
TPE,6416,瑞祺電通,網路資安,PRIMARY,CORE,1.3,TRUE,PENDING_REVIEW,2026-08-24,,fixtures/research/topic_universe_mapping.v1.csv
TPE,6416,瑞祺電通,其他 AI伺服器供應鏈,SECONDARY,RELATED,0.7,TRUE,PENDING_REVIEW,2026-08-24,,fixtures/research/topic_universe_mapping.v1.csv
TPE,6426,統新,矽光子,PRIMARY,CORE,1.3,TRUE,PENDING_REVIEW,2026-08-24,,fixtures/research/topic_universe_mapping.v1.csv
TPE,6426,統新,光通訊,SECONDARY,RELATED,0.8,TRUE,PENDING_REVIEW,2026-08-24,,fixtures/research/topic_universe_mapping.v1.csv
TPE,6442,光聖,光通訊,PRIMARY,LEAD,1.5,TRUE,PENDING_REVIEW,2026-08-24,,2026_REVISED_MARKET_UPDATE
TPE,6442,光聖,矽光子,PRIMARY,LEAD,1.6,TRUE,PENDING_REVIEW,2026-08-24,,2026_REVISED_MARKET_UPDATE
TPE,6442,光聖,其他 AI伺服器供應鏈,SECONDARY,CORE,1.3,TRUE,PENDING_REVIEW,2026-08-24,,2026_NEW_TOPIC_ADDITION
TPE,6443,元晶,太陽能,PRIMARY,CORE,1.3,TRUE,PENDING_REVIEW,2026-08-24,,fixtures/research/topic_universe_mapping.v1.csv
TPE,6443,元晶,低軌衛星,SECONDARY,CORE,1.1,TRUE,PENDING_REVIEW,2026-08-24,,2026_REVISED_MARKET_UPDATE
TPE,6443,元晶,航太零組件,SECONDARY,RELATED,0.8,TRUE,PENDING_REVIEW,2026-08-24,,fixtures/research/topic_universe_mapping.v1.csv
TPE,6449,鈺邦,固態電容,PRIMARY,LEAD,1.4,TRUE,PENDING_REVIEW,2026-08-24,,2026_REVISED_MARKET_UPDATE
TPE,6449,鈺邦,其他 AI伺服器供應鏈,SECONDARY,CORE,1.1,TRUE,PENDING_REVIEW,2026-08-24,,2026_REVISED_MARKET_UPDATE
TPE,6451,訊芯-KY,一般封測,PRIMARY,CORE,1.4,TRUE,PENDING_REVIEW,2026-08-24,,2026_REVISED_MARKET_UPDATE
TPE,6451,訊芯-KY,Chiplet,PRIMARY,LEAD,1.5,TRUE,PENDING_REVIEW,2026-08-24,,2026_REVISED_MARKET_UPDATE
TPE,6451,訊芯-KY,矽光子,PRIMARY,LEAD,1.6,TRUE,PENDING_REVIEW,2026-08-24,,2026_REVISED_MARKET_UPDATE
TPE,6451,訊芯-KY,其他 AI伺服器供應鏈,SECONDARY,CORE,1.3,TRUE,PENDING_REVIEW,2026-08-24,,fixtures/research/topic_universe_mapping.v1.csv
TPE,6451,訊芯-KY,大型電子權值,PRIMARY,CORE,1.3,TRUE,PENDING_REVIEW,2026-08-24,,2026_NEW_TOPIC_ADDITION
TPE,6477,安集,太陽能,PRIMARY,CORE,1.2,TRUE,PENDING_REVIEW,2026-08-24,,fixtures/research/topic_universe_mapping.v1.csv
TPE,6505,台塑化,化工原料／塑化報價,PRIMARY,LEAD,1.5,TRUE,PENDING_REVIEW,2026-08-24,,2026_REVISED_MARKET_UPDATE
TPE,6505,台塑化,其他大型權值,PRIMARY,LEAD,1.5,TRUE,PENDING_REVIEW,2026-08-24,,2026_REVISED_MARKET_UPDATE
TPE,6515,穎崴,其他半導體設備,PRIMARY,LEAD,1.6,TRUE,PENDING_REVIEW,2026-08-24,,2026_REVISED_MARKET_UPDATE
TPE,6515,穎崴,高階測試介面與探針 (Advanced Testing Interfaces),PRIMARY,LEAD,1.6,TRUE,PENDING_REVIEW,2026-08-24,,2026_NEW_TOPIC_ADDITION
TPE,6515,穎崴,CoWoS,PRIMARY,LEAD,1.5,TRUE,PENDING_REVIEW,2026-08-24,,2026_REVISED_MARKET_UPDATE
TPE,6515,穎崴,先進封裝設備,PRIMARY,CORE,1.4,TRUE,PENDING_REVIEW,2026-08-24,,2026_REVISED_MARKET_UPDATE
TPE,6515,穎崴,Chiplet,SECONDARY,CORE,1.3,TRUE,PENDING_REVIEW,2026-08-24,,2026_NEW_TOPIC_ADDITION
TPE,6525,捷敏-KY,一般封測,PRIMARY,CORE,1.3,TRUE,PENDING_REVIEW,2026-08-24,,fixtures/research/topic_universe_mapping.v1.csv
TPE,6525,捷敏-KY,車用功率半導體,SECONDARY,CORE,1.1,TRUE,PENDING_REVIEW,2026-08-24,,fixtures/research/topic_universe_mapping.v1.csv
TPE,6526,達發,其他 IC設計,PRIMARY,CORE,1.5,TRUE,PENDING_REVIEW,2026-08-24,,fixtures/research/topic_universe_mapping.v1.csv
TPE,6526,達發,大型電子權值,PRIMARY,CORE,1.5,TRUE,PENDING_REVIEW,2026-08-24,,fixtures/research/topic_universe_mapping.v1.csv
TPE,6526,達發,網通,SECONDARY,CORE,1.1,TRUE,PENDING_REVIEW,2026-08-24,,fixtures/research/topic_universe_mapping.v1.csv
TPE,6531,愛普*,記憶體製程,PRIMARY,LEAD,1.5,TRUE,PENDING_REVIEW,2026-08-24,,2026_NEW_TOPIC_ADDITION
TPE,6531,愛普*,其他 IC設計,PRIMARY,LEAD,1.5,TRUE,PENDING_REVIEW,2026-08-24,,2026_REVISED_MARKET_UPDATE
TPE,6531,愛普*,其他 AI伺服器供應鏈,SECONDARY,CORE,1.2,TRUE,PENDING_REVIEW,2026-08-24,,fixtures/research/topic_universe_mapping.v1.csv
TPE,6531,愛普*,ASIC,SECONDARY,LEAD,1.4,TRUE,PENDING_REVIEW,2026-08-24,,2026_NEW_TOPIC_ADDITION
TPE,6573,虹揚-KY,功率二極體／整流器,PRIMARY,RELATED,1.2,TRUE,PENDING_REVIEW,2026-08-24,,fixtures/research/topic_universe_mapping.v1.csv
TPE,6585,鼎基,電子化學材料,PRIMARY,CORE,1.3,TRUE,PENDING_REVIEW,2026-08-24,,2026_REVISED_MARKET_UPDATE
TWO,6585,鼎基,利基型特用化學 (Specialty Chemical Materials),PRIMARY,LEAD,1.5,TRUE,PENDING_REVIEW,2026-08-24,,2026_NEW_TOPIC_ADDITION
TPE,6591,動力-KY,散熱零組件,PRIMARY,CORE,1.2,TRUE,PENDING_REVIEW,2026-08-24,,fixtures/research/topic_universe_mapping.v1.csv
TPE,6591,動力-KY,風冷散熱,PRIMARY,CORE,1.2,TRUE,PENDING_REVIEW,2026-08-24,,fixtures/research/topic_universe_mapping.v1.csv
TPE,6605,帝寶,其他車用電子,PRIMARY,CORE,1.3,TRUE,PENDING_REVIEW,2026-08-24,,fixtures/research/topic_universe_mapping.v1.csv
TPE,6668,中揚光,PCB供應鏈,PRIMARY,RELATED,1.1,TRUE,PENDING_REVIEW,2026-08-24,,2026_REVISED_MARKET_UPDATE
TPE,6669,緯穎,AI伺服器整機／ODM,PRIMARY,LEAD,1.6,TRUE,PENDING_REVIEW,2026-08-24,,2026_REVISED_MARKET_UPDATE
TPE,6669,緯穎,大型電子權值,PRIMARY,LEAD,1.6,TRUE,PENDING_REVIEW,2026-08-24,,2026_REVISED_MARKET_UPDATE
TPE,6669,緯穎,其他 AI伺服器供應鏈,PRIMARY,CORE,1.5,TRUE,PENDING_REVIEW,2026-08-24,,2026_NEW_TOPIC_ADDITION
TPE,6669,緯穎,液冷散熱,PRIMARY,CORE,1.4,TRUE,PENDING_REVIEW,2026-08-24,,2026_NEW_TOPIC_ADDITION
TPE,6672,騰輝電子-KY,銅箔基板CCL,PRIMARY,CORE,1.3,TRUE,PENDING_REVIEW,2026-08-24,,fixtures/research/topic_universe_mapping.v1.csv
TPE,6691,洋基工程,營建工程,PRIMARY,CORE,1.4,TRUE,PENDING_REVIEW,2026-08-24,,fixtures/research/topic_universe_mapping.v1.csv
TPE,6695,芯鼎,其他 IC設計,PRIMARY,CORE,1.3,TRUE,PENDING_REVIEW,2026-08-24,,fixtures/research/topic_universe_mapping.v1.csv
TPE,6695,芯鼎,AI影像辨識,PRIMARY,CORE,1.3,TRUE,PENDING_REVIEW,2026-08-24,,fixtures/research/topic_universe_mapping.v1.csv
TPE,6695,芯鼎,RISC-V,SECONDARY,CORE,1.2,TRUE,PENDING_REVIEW,2026-08-24,,2026_NEW_TOPIC_ADDITION
TPE,6715,嘉基,高速連接器,PRIMARY,CORE,1.4,TRUE,PENDING_REVIEW,2026-08-24,,fixtures/research/topic_universe_mapping.v1.csv
TPE,6715,嘉基,其他 AI伺服器供應鏈,PRIMARY,CORE,1.3,TRUE,PENDING_REVIEW,2026-08-24,,2026_REVISED_MARKET_UPDATE
TPE,6719,力智,功率 MOSFET,PRIMARY,CORE,1.4,TRUE,PENDING_REVIEW,2026-08-24,,fixtures/research/topic_universe_mapping.v1.csv
TPE,6719,力智,其他 IC設計,SECONDARY,CORE,1.1,TRUE,PENDING_REVIEW,2026-08-24,,fixtures/research/topic_universe_mapping.v1.csv
TPE,6719,力智,其他車用電子,SECONDARY,RELATED,0.7,TRUE,PENDING_REVIEW,2026-08-24,,fixtures/research/topic_universe_mapping.v1.csv
TPE,6742,澤米,其他半導體設備,PRIMARY,LEAD,1.4,TRUE,PENDING_REVIEW,2026-08-24,,2026_REVISED_MARKET_UPDATE
TPE,6742,澤米,玻璃基板,PRIMARY,LEAD,1.4,TRUE,PENDING_REVIEW,2026-08-24,,2026_REVISED_MARKET_UPDATE
TPE,6742,澤米,機器視覺,PRIMARY,LEAD,1.4,TRUE,PENDING_REVIEW,2026-08-24,,2026_REVISED_MARKET_UPDATE
TPE,6742,澤米,其他車用電子,SECONDARY,CORE,1.1,TRUE,PENDING_REVIEW,2026-08-24,,fixtures/research/topic_universe_mapping.v1.csv
TPE,6742,澤米,先進封裝設備,SECONDARY,CORE,1.2,TRUE,PENDING_REVIEW,2026-08-24,,2026_NEW_TOPIC_ADDITION
TPE,6753,龍德造船,軍工船舶,PRIMARY,LEAD,1.5,TRUE,PENDING_REVIEW,2026-08-24,,2026_REVISED_MARKET_UPDATE
TPE,6753,龍德造船,航太零組件,SECONDARY,CORE,1.1,TRUE,PENDING_REVIEW,2026-08-24,,fixtures/research/topic_universe_mapping.v1.csv
TPE,6756,威鋒電子,高速介面,PRIMARY,CORE,1.3,TRUE,PENDING_REVIEW,2026-08-24,,fixtures/research/topic_universe_mapping.v1.csv
TPE,6757,台灣虎航-創,航空客貨運,PRIMARY,CORE,1.4,TRUE,PENDING_REVIEW,2026-08-24,,2026_NEW_TOPIC_ADDITION
TPE,6770,力積電,成熟製程,PRIMARY,CORE,1.3,TRUE,PENDING_REVIEW,2026-08-24,,fixtures/research/topic_universe_mapping.v1.csv
TPE,6770,力積電,記憶體製程,SECONDARY,RELATED,1.1,TRUE,PENDING_REVIEW,2026-08-24,,2026_NEW_TOPIC_ADDITION
TPE,6770,力積電,大型電子權值,PRIMARY,RELATED,1.1,TRUE,PENDING_REVIEW,2026-08-24,,2026_REVISED_MARKET_UPDATE
TPE,6770,力積電,特殊製程,SECONDARY,CORE,1.1,TRUE,PENDING_REVIEW,2026-08-24,,fixtures/research/topic_universe_mapping.v1.csv
TPE,6781,AES-KY,BBU,PRIMARY,LEAD,1.6,TRUE,PENDING_REVIEW,2026-08-24,,2026_REVISED_MARKET_UPDATE
TPE,6781,AES-KY,儲能,PRIMARY,LEAD,1.5,TRUE,PENDING_REVIEW,2026-08-24,,2026_REVISED_MARKET_UPDATE
TPE,6781,AES-KY,電動車／EV,PRIMARY,CORE,1.4,TRUE,PENDING_REVIEW,2026-08-24,,2026_REVISED_MARKET_UPDATE
TPE,6781,AES-KY,大型電子權值,PRIMARY,CORE,1.4,TRUE,PENDING_REVIEW,2026-08-24,,2026_NEW_TOPIC_ADDITION
TPE,6789,采鈺,一般封測,PRIMARY,LEAD,1.5,TRUE,PENDING_REVIEW,2026-08-24,,2026_REVISED_MARKET_UPDATE
TPE,6789,采鈺,AI影像辨識,SECONDARY,LEAD,1.4,TRUE,PENDING_REVIEW,2026-08-24,,2026_REVISED_MARKET_UPDATE
TPE,6789,采鈺,其他車用電子,SECONDARY,CORE,1.2,TRUE,PENDING_REVIEW,2026-08-24,,fixtures/research/topic_universe_mapping.v1.csv
TPE,6799,來頡,其他 IC設計,PRIMARY,CORE,1.3,TRUE,PENDING_REVIEW,2026-08-24,,fixtures/research/topic_universe_mapping.v1.csv
TPE,6799,來頡,其他 AI伺服器供應鏈,SECONDARY,CORE,1.1,TRUE,PENDING_REVIEW,2026-08-24,,fixtures/research/topic_universe_mapping.v1.csv
TPE,6805,富世達,散熱零組件,PRIMARY,LEAD,1.6,TRUE,PENDING_REVIEW,2026-08-24,,2026_REVISED_MARKET_UPDATE
TPE,6805,富世達,其他 AI伺服器供應鏈,PRIMARY,LEAD,1.6,TRUE,PENDING_REVIEW,2026-08-24,,2026_REVISED_MARKET_UPDATE
TPE,6805,富世達,液冷散熱,PRIMARY,LEAD,1.5,TRUE,PENDING_REVIEW,2026-08-24,,2026_NEW_TOPIC_ADDITION
TPE,6805,富世達,其他車用電子,SECONDARY,CORE,1.1,TRUE,PENDING_REVIEW,2026-08-24,,fixtures/research/topic_universe_mapping.v1.csv
TPE,6806,森崴能源,其他能源,PRIMARY,LEAD,1.5,TRUE,PENDING_REVIEW,2026-08-24,,2026_REVISED_MARKET_UPDATE
TPE,6806,森崴能源,儲能,PRIMARY,RELATED,1.0,TRUE,PENDING_REVIEW,2026-08-24,,2026_REVISED_MARKET_UPDATE
TPE,6806,森崴能源,太陽能,SECONDARY,CORE,1.1,TRUE,PENDING_REVIEW,2026-08-24,,2026_REVISED_MARKET_UPDATE
TPE,6830,汎銓,半導體設備零組件,PRIMARY,LEAD,1.5,TRUE,PENDING_REVIEW,2026-08-24,,2026_REVISED_MARKET_UPDATE
TPE,6830,汎銓,矽光子,SECONDARY,LEAD,1.4,TRUE,PENDING_REVIEW,2026-08-24,,2026_REVISED_MARKET_UPDATE
TPE,6830,汎銓,先進封裝設備,SECONDARY,CORE,1.2,TRUE,PENDING_REVIEW,2026-08-24,,2026_NEW_TOPIC_ADDITION
TPE,6831,邁科,散熱零組件,PRIMARY,CORE,1.3,TRUE,PENDING_REVIEW,2026-08-24,,fixtures/research/topic_universe_mapping.v1.csv
TPE,6831,邁科,風冷散熱,PRIMARY,CORE,1.3,TRUE,PENDING_REVIEW,2026-08-24,,fixtures/research/topic_universe_mapping.v1.csv
TPE,6831,邁科,液冷散熱,SECONDARY,CORE,1.2,TRUE,PENDING_REVIEW,2026-08-24,,2026_NEW_TOPIC_ADDITION
TPE,6831,邁科,其他 AI伺服器供應鏈,SECONDARY,RELATED,0.7,TRUE,PENDING_REVIEW,2026-08-24,,fixtures/research/topic_universe_mapping.v1.csv
TPE,6834,天二科技,其他被動元件,PRIMARY,RELATED,1.2,TRUE,PENDING_REVIEW,2026-08-24,,fixtures/research/topic_universe_mapping.v1.csv
TPE,6906,現觀科,其他 AI伺服器供應鏈,PRIMARY,CORE,1.4,TRUE,PENDING_REVIEW,2026-08-24,,fixtures/research/topic_universe_mapping.v1.csv
TPE,6906,現觀科,其他 IC設計,PRIMARY,CORE,1.4,TRUE,PENDING_REVIEW,2026-08-24,,fixtures/research/topic_universe_mapping.v1.csv
TPE,6937,天虹,其他半導體設備,PRIMARY,CORE,1.5,TRUE,PENDING_REVIEW,2026-08-24,,2026_REVISED_MARKET_UPDATE
TPE,6937,天虹,先進封裝設備,PRIMARY,CORE,1.4,TRUE,PENDING_REVIEW,2026-08-24,,2026_REVISED_MARKET_UPDATE
TPE,6937,天虹,CoWoS,SECONDARY,CORE,1.2,TRUE,PENDING_REVIEW,2026-08-24,,2026_NEW_TOPIC_ADDITION
TPE,7610,聯友金屬,電子化學材料,PRIMARY,CORE,1.2,TRUE,PENDING_REVIEW,2026-08-24,,2026_REVISED_MARKET_UPDATE
TPE,7750,新代,工業自動化,PRIMARY,CORE,1.4,TRUE,PENDING_REVIEW,2026-08-24,,fixtures/research/topic_universe_mapping.v1.csv
TPE,7750,新代,機器人零組件,PRIMARY,CORE,1.3,TRUE,PENDING_REVIEW,2026-08-24,,2026_REVISED_MARKET_UPDATE
TPE,7750,新代,機器人系統整合,PRIMARY,CORE,1.3,TRUE,PENDING_REVIEW,2026-08-24,,2026_REVISED_MARKET_UPDATE
TPE,7769,鴻勁,其他半導體設備,PRIMARY,LEAD,1.6,TRUE,PENDING_REVIEW,2026-08-24,,2026_REVISED_MARKET_UPDATE
TPE,7769,鴻勁,先進封裝設備,PRIMARY,LEAD,1.6,TRUE,PENDING_REVIEW,2026-08-24,,2026_REVISED_MARKET_UPDATE
TPE,7786,東方風能,離岸風電／鋼構,PRIMARY,LEAD,1.5,TRUE,PENDING_REVIEW,2026-08-24,,2026_REVISED_MARKET_UPDATE
TPE,7788,松川精密,保護元件,PRIMARY,CORE,1.3,TRUE,PENDING_REVIEW,2026-08-24,,fixtures/research/topic_universe_mapping.v1.csv
TPE,7788,松川精密,AI電力基建,SECONDARY,CORE,1.1,TRUE,PENDING_REVIEW,2026-08-24,,2026_REVISED_MARKET_UPDATE
TPE,7788,松川精密,其他車用電子,SECONDARY,RELATED,0.8,TRUE,PENDING_REVIEW,2026-08-24,,fixtures/research/topic_universe_mapping.v1.csv
TPE,8016,矽創,其他 IC設計,PRIMARY,LEAD,1.5,TRUE,PENDING_REVIEW,2026-08-24,,2026_REVISED_MARKET_UPDATE
TPE,8016,矽創,大型電子權值,PRIMARY,CORE,1.4,TRUE,PENDING_REVIEW,2026-08-24,,fixtures/research/topic_universe_mapping.v1.csv
TPE,8021,尖點,製程耗材與特料,PRIMARY,CORE,1.2,TRUE,PENDING_REVIEW,2026-08-24,,2026_
TPE,8028,昇陽半導體,其他半導體設備,PRIMARY,LEAD,1.5,TRUE,PENDING_REVIEW,2026-08-24,,2026_REVISED_MARKET_UPDATE
TPE,8028,昇陽半導體,12 吋矽晶圓,PRIMARY,LEAD,1.5,TRUE,PENDING_REVIEW,2026-08-24,,2026_NEW_TOPIC_ADDITION
TPE,8028,昇陽半導體,半導體設備零組件,PRIMARY,LEAD,1.4,TRUE,PENDING_REVIEW,2026-08-24,,2026_NEW_TOPIC_ADDITION
TPE,8028,昇陽半導體,CoWoS,PRIMARY,CORE,1.4,TRUE,PENDING_REVIEW,2026-08-24,,2026_REVISED_MARKET_UPDATE
TPE,8033,雷虎,無人機,PRIMARY,LEAD,1.5,TRUE,PENDING_REVIEW,2026-08-24,,2026_REVISED_MARKET_UPDATE
TPE,8033,雷虎,機器視覺,SECONDARY,RELATED,0.7,TRUE,PENDING_REVIEW,2026-08-24,,fixtures/research/topic_universe_mapping.v1.csv
TPE,8039,台虹,銅箔基板CCL,PRIMARY,CORE,1.4,TRUE,PENDING_REVIEW,2026-08-24,,fixtures/research/topic_universe_mapping.v1.csv
TPE,8046,南電,ABF載板,PRIMARY,CORE,1.4,TRUE,PENDING_REVIEW,2026-08-24,,fixtures/research/topic_universe_mapping.v1.csv
TPE,8046,南電,大型電子權值,PRIMARY,CORE,1.4,TRUE,PENDING_REVIEW,2026-08-24,,fixtures/research/topic_universe_mapping.v1.csv
TPE,8046,南電,Chiplet,SECONDARY,CORE,1.2,TRUE,PENDING_REVIEW,2026-08-24,,2026_NEW_TOPIC_ADDITION
TPE,8104,錸寶,儲能,PRIMARY,CORE,1.3,TRUE,PENDING_REVIEW,2026-08-24,,2026_REVISED_MARKET_UPDATE
TPE,8104,錸寶,BBU,PRIMARY,CORE,1.3,TRUE,PENDING_REVIEW,2026-08-24,,2026_NEW_TOPIC_ADDITION
TPE,8112,至上,記憶體模組／通路,PRIMARY,LEAD,1.5,TRUE,PENDING_REVIEW,2026-08-24,,2026_REVISED_MARKET_UPDATE
TPE,8150,南茂,一般封測,PRIMARY,CORE,1.3,TRUE,PENDING_REVIEW,2026-08-24,,fixtures/research/topic_universe_mapping.v1.csv
TPE,8150,南茂,大型電子權值,PRIMARY,RELATED,1.1,TRUE,PENDING_REVIEW,2026-08-24,,2026_REVISED_MARKET_UPDATE
TPE,8210,藍天,大型電子權值,PRIMARY,CORE,1.2,TRUE,PENDING_REVIEW,2026-08-24,,fixtures/research/topic_universe_mapping.v1.csv
TPE,8210,藍天,AI伺服器整機／ODM,SECONDARY,RELATED,0.7,TRUE,PENDING_REVIEW,2026-08-24,,fixtures/research/topic_universe_mapping.v1.csv
TPE,8222,寶一,航太零組件,PRIMARY,CORE,1.3,TRUE,PENDING_REVIEW,2026-08-24,,fixtures/research/topic_universe_mapping.v1.csv
TPE,8261,富鼎,功率 MOSFET,PRIMARY,CORE,1.3,TRUE,PENDING_REVIEW,2026-08-24,,fixtures/research/topic_universe_mapping.v1.csv
TPE,8271,宇瞻,記憶體模組／通路,PRIMARY,CORE,1.3,TRUE,PENDING_REVIEW,2026-08-24,,fixtures/research/topic_universe_mapping.v1.csv
TPE,8271,宇瞻,DRAM／DDR,SECONDARY,RELATED,0.7,TRUE,PENDING_REVIEW,2026-08-24,,fixtures/research/topic_universe_mapping.v1.csv
TPE,8271,宇瞻,NAND Flash／SSD,SECONDARY,RELATED,0.7,TRUE,PENDING_REVIEW,2026-08-24,,fixtures/research/topic_universe_mapping.v1.csv
TPE,8374,羅昇,工業自動化,PRIMARY,LEAD,1.5,TRUE,PENDING_REVIEW,2026-08-24,,2026_REVISED_MARKET_UPDATE
TPE,8374,羅昇,機器視覺,PRIMARY,LEAD,1.5,TRUE,PENDING_REVIEW,2026-08-24,,2026_REVISED_MARKET_UPDATE
TPE,8374,羅昇,機器人系統整合,PRIMARY,LEAD,1.4,TRUE,PENDING_REVIEW,2026-08-24,,2026_REVISED_MARKET_UPDATE
TPE,8374,羅昇,機器人零組件,SECONDARY,LEAD,1.4,TRUE,PENDING_REVIEW,2026-08-24,,2026_NEW_TOPIC_ADDITION
TPE,8374,羅昇,AI影像辨識,SECONDARY,CORE,1.2,TRUE,PENDING_REVIEW,2026-08-24,,2026_NEW_TOPIC_ADDITION
TPE,8996,高力,散熱零組件,PRIMARY,LEAD,1.6,TRUE,PENDING_REVIEW,2026-08-24,,2026_REVISED_MARKET_UPDATE
TPE,8996,高力,液冷散熱,PRIMARY,LEAD,1.6,TRUE,PENDING_REVIEW,2026-08-24,,2026_REVISED_MARKET_UPDATE
TPE,8996,高力,其他 AI伺服器供應鏈,PRIMARY,CORE,1.5,TRUE,PENDING_REVIEW,2026-08-24,,2026_NEW_TOPIC_ADDITION
TPE,8996,高力,其他熱管理,PRIMARY,LEAD,1.5,TRUE,PENDING_REVIEW,2026-08-24,,2026_NEW_TOPIC_ADDITION
TPE,9958,世紀鋼,離岸風電／鋼構,PRIMARY,LEAD,1.6,TRUE,PENDING_REVIEW,2026-08-24,,2026_REVISED_MARKET_UPDATE
TPE,9958,世紀鋼,鋼鐵／不鏽鋼材料,SECONDARY,CORE,1.2,TRUE,PENDING_REVIEW,2026-08-24,,2026_REVISED_MARKET_UPDATE
TWO,1584,精剛,特殊鋼／高性能合金,PRIMARY,LEAD,1.4,TRUE,PENDING_REVIEW,2026-08-24,,2026_REVISED_MARKET_UPDATE
TWO,1584,精剛,半導體設備零組件,PRIMARY,CORE,1.3,TRUE,PENDING_REVIEW,2026-08-24,,2026_REVISED_MARKET_UPDATE
TWO,1584,精剛,航太零組件,PRIMARY,CORE,1.3,TRUE,PENDING_REVIEW,2026-08-24,,2026_REVISED_MARKET_UPDATE
TWO,1785,光洋科,電子化學材料,PRIMARY,LEAD,1.4,TRUE,PENDING_REVIEW,2026-08-24,,2026_REVISED_MARKET_UPDATE
TWO,1785,光洋科,半導體設備零組件,SECONDARY,LEAD,1.4,TRUE,PENDING_REVIEW,2026-08-24,,2026_NEW_TOPIC_ADDITION
TWO,1815,富喬,玻纖布,PRIMARY,CORE,1.3,TRUE,PENDING_REVIEW,2026-08-24,,fixtures/research/topic_universe_mapping.v1.csv
TWO,2061,風青,其他 AI伺服器供應鏈,SECONDARY,RELATED,0.6,TRUE,PENDING_REVIEW,2026-08-24,,fixtures/research/topic_universe_mapping.v1.csv
TWO,2221,大甲,半導體設備零組件,SECONDARY,CORE,1.2,TRUE,PENDING_REVIEW,2026-08-24,,fixtures/research/topic_universe_mapping.v1.csv
TWO,2221,大甲,其他半導體設備,SECONDARY,CORE,1.3,TRUE,PENDING_REVIEW,2026-08-24,,2026_NEW_TOPIC_ADDITION
TWO,2637,慧洋-KY,散裝航運,PRIMARY,LEAD,1.4,TRUE,PENDING_REVIEW,2026-08-24,,2026_NEW_TOPIC_ADDITION
TWO,2641,正德,散裝航運,PRIMARY,RELATED,1.1,TRUE,PENDING_REVIEW,2026-08-24,,2026_NEW_TOPIC_ADDITION
TWO,3071,協禧,風冷散熱,PRIMARY,CORE,1.1,TRUE,PENDING_REVIEW,2026-08-24,,fixtures/research/topic_universe_mapping.v1.csv
TWO,3081,聯亞,光通訊,PRIMARY,LEAD,1.5,TRUE,PENDING_REVIEW,2026-08-24,,2026_REVISED_MARKET_UPDATE
TWO,3081,聯亞,矽光子,PRIMARY,LEAD,1.6,TRUE,PENDING_REVIEW,2026-08-24,,2026_REVISED_MARKET_UPDATE
TWO,3081,聯亞,網通,SECONDARY,CORE,1.1,TRUE,PENDING_REVIEW,2026-08-24,,fixtures/research/topic_universe_mapping.v1.csv
TWO,3081,聯亞,其他 AI伺服器供應鏈,SECONDARY,CORE,1.3,TRUE,PENDING_REVIEW,2026-08-24,,2026_NEW_TOPIC_ADDITION
TWO,3105,穩懋,網通,PRIMARY,LEAD,1.4,TRUE,PENDING_REVIEW,2026-08-24,,2026_REVISED_MARKET_UPDATE
TWO,3131,弘塑,先進封裝設備,PRIMARY,LEAD,1.6,TRUE,PENDING_REVIEW,2026-08-24,,2026_REVISED_MARKET_UPDATE
TWO,3131,弘塑,CoWoS,PRIMARY,LEAD,1.6,TRUE,PENDING_REVIEW,2026-08-24,,2026_REVISED_MARKET_UPDATE
TWO,3131,弘塑,半導體設備零組件,SECONDARY,CORE,1.3,TRUE,PENDING_REVIEW,2026-08-24,,2026_NEW_TOPIC_ADDITION
TWO,3147,大綜,端點資安,PRIMARY,CORE,1.3,TRUE,PENDING_REVIEW,2026-08-24,,fixtures/research/topic_universe_mapping.v1.csv
TWO,3147,大綜,網路資安,PRIMARY,CORE,1.3,TRUE,PENDING_REVIEW,2026-08-24,,fixtures/research/topic_universe_mapping.v1.csv
TWO,3147,大綜,雲端資安,SECONDARY,RELATED,0.7,TRUE,PENDING_REVIEW,2026-08-24,,fixtures/research/topic_universe_mapping.v1.csv
TWO,3152,璟德,網通,PRIMARY,CORE,1.3,TRUE,PENDING_REVIEW,2026-08-24,,fixtures/research/topic_universe_mapping.v1.csv
TWO,3163,波若威,光通訊,PRIMARY,LEAD,1.5,TRUE,PENDING_REVIEW,2026-08-24,,2026_REVISED_MARKET_UPDATE
TWO,3163,波若威,矽光子,PRIMARY,LEAD,1.5,TRUE,PENDING_REVIEW,2026-08-24,,2026_REVISED_MARKET_UPDATE
TWO,3163,波若威,網通,SECONDARY,CORE,1.1,TRUE,PENDING_REVIEW,2026-08-24,,fixtures/research/topic_universe_mapping.v1.csv
TWO,3211,順達,BBU,PRIMARY,LEAD,1.5,TRUE,PENDING_REVIEW,2026-08-24,,2026_REVISED_MARKET_UPDATE
TWO,3211,順達,其他 AI伺服器供應鏈,SECONDARY,CORE,1.3,TRUE,PENDING_REVIEW,2026-08-24,,2026_NEW_TOPIC_ADDITION
TWO,3213,茂訊,其他國防,PRIMARY,CORE,1.2,TRUE,PENDING_REVIEW,2026-08-24,,fixtures/research/topic_universe_mapping.v1.csv
TWO,3221,台嘉碩,石英元件,PRIMARY,CORE,1.2,TRUE,PENDING_REVIEW,2026-08-24,,fixtures/research/topic_universe_mapping.v1.csv
TWO,3227,原相,其他 AI視覺,PRIMARY,LEAD,1.5,TRUE,PENDING_REVIEW,2026-08-24,,2026_NEW_TOPIC_ADDITION
TWO,3227,原相,其他 IC設計,PRIMARY,LEAD,1.5,TRUE,PENDING_REVIEW,2026-08-24,,2026_NEW_TOPIC_ADDITION
TWO,3227,原相,邊緣運算與智慧影像 (Edge AI & Vision),PRIMARY,LEAD,1.5,TRUE,PENDING_REVIEW,2026-08-24,,2026_NEW_TOPIC_ADDITION
TWO,3234,光環,光通訊,PRIMARY,CORE,1.2,TRUE,PENDING_REVIEW,2026-08-24,,fixtures/research/topic_universe_mapping.v1.csv
TWO,3234,光環,矽光子,PRIMARY,CORE,1.3,TRUE,PENDING_REVIEW,2026-08-24,,2026_REVISED_MARKET_UPDATE
TWO,3234,光環,網通,PRIMARY,CORE,1.2,TRUE,PENDING_REVIEW,2026-08-24,,fixtures/research/topic_universe_mapping.v1.csv
TWO,3236,千如,電感,PRIMARY,RELATED,1.1,TRUE,PENDING_REVIEW,2026-08-24,,fixtures/research/topic_universe_mapping.v1.csv
TWO,3260,威剛,記憶體模組／通路,PRIMARY,LEAD,1.4,TRUE,PENDING_REVIEW,2026-08-24,,2026_REVISED_MARKET_UPDATE
TWO,3260,威剛,DRAM／DDR,SECONDARY,CORE,1.1,TRUE,PENDING_REVIEW,2026-08-24,,2026_REVISED_MARKET_UPDATE
TWO,3260,威剛,NAND Flash／SSD,SECONDARY,CORE,1.1,TRUE,PENDING_REVIEW,2026-08-24,,2026_REVISED_MARKET_UPDATE
TWO,3264,欣銓,一般封測,PRIMARY,CORE,1.3,TRUE,PENDING_REVIEW,2026-08-24,,fixtures/research/topic_universe_mapping.v1.csv
TWO,3265,台星科,一般封測,PRIMARY,CORE,1.4,TRUE,PENDING_REVIEW,2026-08-24,,2026_REVISED_MARKET_UPDATE
TWO,3265,台星科,Chiplet,PRIMARY,CORE,1.3,TRUE,PENDING_REVIEW,2026-08-24,,fixtures/research/topic_universe_mapping.v1.csv
TWO,3265,台星科,其他 AI伺服器供應鏈,SECONDARY,CORE,1.2,TRUE,PENDING_REVIEW,2026-08-24,,fixtures/research/topic_universe_mapping.v1.csv
TWO,3288,點晶,其他 IC設計,PRIMARY,RELATED,1.1,TRUE,PENDING_REVIEW,2026-08-24,,fixtures/research/topic_universe_mapping.v1.csv
TWO,3290,東浦,其他車用電子,PRIMARY,CORE,1.3,TRUE,PENDING_REVIEW,2026-08-24,,fixtures/research/topic_universe_mapping.v1.csv
TWO,3290,東浦,其他 AI伺服器供應鏈,PRIMARY,RELATED,1.1,TRUE,PENDING_REVIEW,2026-08-24,,2026_REVISED_MARKET_UPDATE
TWO,3317,尼克森,功率 MOSFET,PRIMARY,CORE,1.3,TRUE,PENDING_REVIEW,2026-08-24,,fixtures/research/topic_universe_mapping.v1.csv
TWO,3317,尼克森,SiC／GaN 功率元件,SECONDARY,RELATED,0.7,TRUE,PENDING_REVIEW,2026-08-24,,fixtures/research/topic_universe_mapping.v1.csv
TWO,3322,建舜電,一般連接器,PRIMARY,RELATED,1.1,TRUE,PENDING_REVIEW,2026-08-24,,fixtures/research/topic_universe_mapping.v1.csv
TWO,3322,建舜電,特用與精密線束,PRIMARY,RELATED,1.1,TRUE,PENDING_REVIEW,2026-08-24,,fixtures/research/topic_universe_mapping.v1.csv
TWO,3324,雙鴻,散熱零組件,PRIMARY,LEAD,1.6,TRUE,PENDING_REVIEW,2026-08-24,,2026_REVISED_MARKET_UPDATE
TWO,3324,雙鴻,液冷散熱,PRIMARY,LEAD,1.6,TRUE,PENDING_REVIEW,2026-08-24,,2026_REVISED_MARKET_UPDATE
TWO,3324,雙鴻,其他 AI伺服器供應鏈,PRIMARY,CORE,1.5,TRUE,PENDING_REVIEW,2026-08-24,,2026_NEW_TOPIC_ADDITION
TWO,3324,雙鴻,大型電子權值,PRIMARY,LEAD,1.5,TRUE,PENDING_REVIEW,2026-08-24,,2026_NEW_TOPIC_ADDITION
TWO,3339,泰谷,光通訊,PRIMARY,CORE,1.2,TRUE,PENDING_REVIEW,2026-08-24,,fixtures/research/topic_universe_mapping.v1.csv
TWO,3339,泰谷,矽光子,PRIMARY,CORE,1.2,TRUE,PENDING_REVIEW,2026-08-24,,fixtures/research/topic_universe_mapping.v1.csv
TWO,3339,泰谷,其他通訊光電,PRIMARY,RELATED,1.1,TRUE,PENDING_REVIEW,2026-08-24,,fixtures/research/topic_universe_mapping.v1.csv
TWO,3357,臺慶科,電感,PRIMARY,LEAD,1.4,TRUE,PENDING_REVIEW,2026-08-24,,2026_REVISED_MARKET_UPDATE
TWO,3357,臺慶科,其他被動元件,SECONDARY,CORE,1.1,TRUE,PENDING_REVIEW,2026-08-24,,fixtures/research/topic_universe_mapping.v1.csv
TWO,3362,先進光,機器視覺,PRIMARY,LEAD,1.4,TRUE,PENDING_REVIEW,2026-08-24,,2026_REVISED_MARKET_UPDATE
TWO,3362,先進光,ADAS,SECONDARY,RELATED,1.1,TRUE,PENDING_REVIEW,2026-08-24,,fixtures/research/topic_universe_mapping.v1.csv
TWO,3362,先進光,其他車用電子,SECONDARY,CORE,1.1,TRUE,PENDING_REVIEW,2026-08-24,,fixtures/research/topic_universe_mapping.v1.csv
TWO,3363,上詮,光通訊,PRIMARY,LEAD,1.6,TRUE,PENDING_REVIEW,2026-08-24,,2026_REVISED_MARKET_UPDATE
TWO,3363,上詮,矽光子,PRIMARY,LEAD,1.6,TRUE,PENDING_REVIEW,2026-08-24,,2026_REVISED_MARKET_UPDATE
TWO,3363,上詮,網通,PRIMARY,CORE,1.3,TRUE,PENDING_REVIEW,2026-08-24,,2026_REVISED_MARKET_UPDATE
TWO,3363,上詮,其他 AI伺服器供應鏈,SECONDARY,CORE,1.2,TRUE,PENDING_REVIEW,2026-08-24,,2026_NEW_TOPIC_ADDITION
TWO,3374,精材,一般封測,PRIMARY,LEAD,1.5,TRUE,PENDING_REVIEW,2026-08-24,,2026_REVISED_MARKET_UPDATE
TWO,3374,精材,Chiplet,PRIMARY,LEAD,1.5,TRUE,PENDING_REVIEW,2026-08-24,,2026_REVISED_MARKET_UPDATE
TWO,3374,精材,CoWoS,PRIMARY,LEAD,1.5,TRUE,PENDING_REVIEW,2026-08-24,,2026_NEW_TOPIC_ADDITION
TWO,3374,精材,其他半導體設備,SECONDARY,CORE,1.3,TRUE,PENDING_REVIEW,2026-08-24,,2026_NEW_TOPIC_ADDITION
TWO,3390,旭軟,傳統硬板與軟板,PRIMARY,CORE,1.1,TRUE,PENDING_REVIEW,2026-08-24,,fixtures/research/topic_universe_mapping.v1.csv
TPE,3406,玉晶光,邊緣運算與智慧影像 (Edge AI & Vision),PRIMARY,CORE,1.4,TRUE,PENDING_REVIEW,2026-08-24,,2026_NEW_TOPIC_ADDITION
TWO,3479,安勤,其他 AI伺服器供應鏈,PRIMARY,CORE,1.3,TRUE,PENDING_REVIEW,2026-08-24,,fixtures/research/topic_universe_mapping.v1.csv1
TWO,3483,力致,散熱零組件,PRIMARY,CORE,1.4,TRUE,PENDING_REVIEW,2026-08-24,,2026_REVISED_MARKET_UPDATE
TWO,3483,力致,液冷散熱,PRIMARY,CORE,1.4,TRUE,PENDING_REVIEW,2026-08-24,,2026_REVISED_MARKET_UPDATE
TWO,3483,力致,風冷散熱,PRIMARY,CORE,1.4,TRUE,PENDING_REVIEW,2026-08-24,,2026_REVISED_MARKET_UPDATE
TWO,3483,力致,其他 AI伺服器供應鏈,SECONDARY,CORE,1.2,TRUE,PENDING_REVIEW,2026-08-24,,2026_NEW_TOPIC_ADDITION
TWO,3484,崧騰,一般連接器,PRIMARY,CORE,1.2,TRUE,PENDING_REVIEW,2026-08-24,,fixtures/research/topic_universe_mapping.v1.csv
TWO,3484,崧騰,車用連接器,PRIMARY,CORE,1.2,TRUE,PENDING_REVIEW,2026-08-24,,fixtures/research/topic_universe_mapping.v1.csv
TWO,3491,昇達科,低軌衛星,PRIMARY,LEAD,1.6,TRUE,PENDING_REVIEW,2026-08-24,,2026_REVISED_MARKET_UPDATE
TWO,3491,昇達科,網通,PRIMARY,LEAD,1.5,TRUE,PENDING_REVIEW,2026-08-24,,2026_REVISED_MARKET_UPDATE
TWO,3498,陽程,工業自動化,PRIMARY,CORE,1.3,TRUE,PENDING_REVIEW,2026-08-24,,fixtures/research/topic_universe_mapping.v1.csv
TWO,3498,陽程,其他半導體設備,PRIMARY,CORE,1.2,TRUE,PENDING_REVIEW,2026-08-24,,fixtures/research/topic_universe_mapping.v1.csv
TWO,3526,凡甲,其他 AI伺服器供應鏈,PRIMARY,CORE,1.4,TRUE,PENDING_REVIEW,2026-08-24,,fixtures/research/topic_universe_mapping.v1.csv
TWO,3526,凡甲,高速連接器,PRIMARY,CORE,1.4,TRUE,PENDING_REVIEW,2026-08-24,,2026_NEW_TOPIC_ADDITION
TWO,3526,凡甲,車用連接器,PRIMARY,CORE,1.3,TRUE,PENDING_REVIEW,2026-08-24,,fixtures/research/topic_universe_mapping.v1.csv
TWO,3526,凡甲,一般連接器,SECONDARY,RELATED,0.7,TRUE,PENDING_REVIEW,2026-08-24,,fixtures/research/topic_universe_mapping.v1.csv
TWO,3527,聚積,其他 IC設計,PRIMARY,CORE,1.2,TRUE,PENDING_REVIEW,2026-08-24,,fixtures/research/topic_universe_mapping.v1.csv
TWO,3529,力旺,其他 IC設計,PRIMARY,LEAD,1.6,TRUE,PENDING_REVIEW,2026-08-24,,2026_REVISED_MARKET_UPDATE
TWO,3529,力旺,大型電子權值,PRIMARY,LEAD,1.6,TRUE,PENDING_REVIEW,2026-08-24,,2026_REVISED_MARKET_UPDATE
TWO,3529,力旺,ASIC,PRIMARY,LEAD,1.5,TRUE,PENDING_REVIEW,2026-08-24,,2026_NEW_TOPIC_ADDITION
TWO,3552,同致,ADAS,PRIMARY,LEAD,1.5,TRUE,PENDING_REVIEW,2026-08-24,,2026_NEW_TOPIC_ADDITION
TWO,3556,禾瑞亞,其他 IC設計,PRIMARY,CORE,1.2,TRUE,PENDING_REVIEW,2026-08-24,,fixtures/research/topic_universe_mapping.v1.csv
TWO,3558,神準,網通,PRIMARY,CORE,1.3,TRUE,PENDING_REVIEW,2026-08-24,,fixtures/research/topic_universe_mapping.v1.csv
TWO,3564,其陽,其他 AI伺服器供應鏈,PRIMARY,CORE,1.3,TRUE,PENDING_REVIEW,2026-08-24,,fixtures/research/topic_universe_mapping.v1.csv
TWO,3564,其陽,網路資安,PRIMARY,CORE,1.3,TRUE,PENDING_REVIEW,2026-08-24,,fixtures/research/topic_universe_mapping.v1.csv
TWO,3577,泓格,工業自動化,PRIMARY,RELATED,1.3,TRUE,PENDING_REVIEW,2026-08-24,,fixtures/research/topic_universe_mapping.v1.csv
TWO,3624,光頡,其他被動元件,PRIMARY,CORE,1.2,TRUE,PENDING_REVIEW,2026-08-24,,fixtures/research/topic_universe_mapping.v1.csv
TWO,3675,德微,功率二極體／整流器,PRIMARY,LEAD,1.4,TRUE,PENDING_REVIEW,2026-08-24,,2026_REVISED_MARKET_UPDATE
TWO,3675,德微,其他車用電子,SECONDARY,CORE,1.1,TRUE,PENDING_REVIEW,2026-08-24,,fixtures/research/topic_universe_mapping.v1.csv
TWO,3675,德微,車用功率半導體,PRIMARY,CORE,1.3,TRUE,PENDING_REVIEW,2026-08-24,,2026_NEW_TOPIC_ADDITION
TWO,3675,德微,SiC／GaN 功率元件,SECONDARY,CORE,1.2,TRUE,PENDING_REVIEW,2026-08-24,,2026_NEW_TOPIC_ADDITION
TWO,3689,湧德,高速連接器,PRIMARY,CORE,1.3,TRUE,PENDING_REVIEW,2026-08-24,,2026_NEW_TOPIC_ADDITION
TWO,3691,碩禾,太陽能,PRIMARY,CORE,1.1,TRUE,PENDING_REVIEW,2026-08-24,,fixtures/research/topic_universe_mapping.v1.csv
TWO,3693,營邦,AI伺服器整機／ODM,PRIMARY,LEAD,1.5,TRUE,PENDING_REVIEW,2026-08-24,,2026_REVISED_MARKET_UPDATE
TWO,3693,營邦,其他 AI伺服器供應鏈,PRIMARY,LEAD,1.5,TRUE,PENDING_REVIEW,2026-08-24,,2026_REVISED_MARKET_UPDATE
TWO,3693,營邦,液冷散熱,SECONDARY,LEAD,1.4,TRUE,PENDING_REVIEW,2026-08-24,,2026_NEW_TOPIC_ADDITION
TWO,3707,漢磊,SiC 晶圓／基板,PRIMARY,LEAD,1.5,TRUE,PENDING_REVIEW,2026-08-24,,2026_REVISED_MARKET_UPDATE
TWO,3707,漢磊,GaN 晶圓／GaN-on-Si,PRIMARY,LEAD,1.5,TRUE,PENDING_REVIEW,2026-08-24,,2026_REVISED_MARKET_UPDATE
TWO,3707,漢磊,特殊製程,PRIMARY,LEAD,1.5,TRUE,PENDING_REVIEW,2026-08-24,,2026_NEW_TOPIC_ADDITION
TWO,3707,漢磊,SiC／GaN 功率元件,PRIMARY,LEAD,1.4,TRUE,PENDING_REVIEW,2026-08-24,,2026_REVISED_MARKET_UPDATE
TPE,3707,漢磊,特殊製程,PRIMARY,LEAD,1.5,TRUE,PENDING_REVIEW,2026-08-24,,2026_NEW_TOPIC_ADDITION
TWO,4114,健喬,生技醫藥與CDMO (Biotech & CDMO),PRIMARY,CORE,1.3,TRUE,PENDING_REVIEW,2026-08-24,,2026_NEW_TOPIC_ADDITION
TWO,4123,晟德,生技醫藥與CDMO (Biotech & CDMO),PRIMARY,CORE,1.4,TRUE,PENDING_REVIEW,2026-08-24,,2026_NEW_TOPIC_ADDITION
TWO,4513,福裕,住宅營建,PRIMARY,CORE,1.3,TRUE,PENDING_REVIEW,2026-08-24,,2026_REVISED_MARKET_UPDATE
TWO,4513,福裕,營建工程,SECONDARY,CORE,1.1,TRUE,PENDING_REVIEW,2026-08-24,,2026_NEW_TOPIC_ADDITION
TWO,4513,福裕,工業自動化,SECONDARY,RELATED,0.6,TRUE,PENDING_REVIEW,2026-08-24,,fixtures/research/topic_universe_mapping.v1.csv
TWO,4541,晟田,航太零組件,PRIMARY,CORE,1.3,TRUE,PENDING_REVIEW,2026-08-24,,2026_REVISED_MARKET_UPDATE
TWO,4542,科嶠,其他半導體設備,PRIMARY,CORE,1.3,TRUE,PENDING_REVIEW,2026-08-24,,fixtures/research/topic_universe_mapping.v1.csv
TWO,4542,科嶠,CoWoS,SECONDARY,CORE,1.2,TRUE,PENDING_REVIEW,2026-08-24,,2026_NEW_TOPIC_ADDITION
TWO,4556,旭然,其他半導體設備,PRIMARY,CORE,1.3,TRUE,PENDING_REVIEW,2026-08-24,,fixtures/research/topic_universe_mapping.v1.csv
TWO,4556,旭然,液冷散熱,PRIMARY,CORE,1.3,TRUE,PENDING_REVIEW,2026-08-24,,fixtures/research/topic_universe_mapping.v1.csv
TWO,4577,達航科技,其他半導體設備,PRIMARY,CORE,1.2,TRUE,PENDING_REVIEW,2026-08-24,,fixtures/research/topic_universe_mapping.v1.csv
TWO,4707,磐亞,化工原料／塑化報價,PRIMARY,RELATED,1.0,TRUE,PENDING_REVIEW,2026-08-24,,fixtures/research/topic_universe_mapping.v1.csv
TWO,4716,大立,利基型特用化學 (Specialty Chemical Materials),PRIMARY,CORE,1.2,TRUE,PENDING_REVIEW,2026-08-24,,2026_NEW_TOPIC_ADDITION
TWO,4716,大立,電子化學材料,PRIMARY,CORE,1.2,TRUE,PENDING_REVIEW,2026-08-24,,2026_NEW_TOPIC_ADDITION
TWO,4716,大立,MLCC,SECONDARY,RELATED,0.6,TRUE,PENDING_REVIEW,2026-08-24,,2026_REVISED_MARKET_UPDATE
TWO,4927,泰鼎-KY,傳統硬板與軟板,PRIMARY,CORE,1.3,TRUE,PENDING_REVIEW,2026-08-24,,2026_REVISED_MARKET_UPDATE
TPE,4721,美琪瑪,電子化學材料,PRIMARY,CORE,1.3,TRUE,PENDING_REVIEW,2026-08-24,,2026_REVISED_MARKET_UPDATE
TPE,4721,美琪瑪,其他車用電子,SECONDARY,CORE,1.1,TRUE,PENDING_REVIEW,2026-08-24,,fixtures/research/topic_universe_mapping.v1.csv
TPE,4729,熒茂,其他國防,PRIMARY,CORE,1.1,TRUE,PENDING_REVIEW,2026-08-24,,2026_REVISED_MARKET_UPDATE
TPE,4760,勤凱,電子化學材料,PRIMARY,CORE,1.3,TRUE,PENDING_REVIEW,2026-08-24,,fixtures/research/topic_universe_mapping.v1.csv
TPE,4760,勤凱,MLCC,SECONDARY,CORE,1.2,TRUE,PENDING_REVIEW,2026-08-24,,2026_NEW_TOPIC_ADDITION
TPE,4903,聯光通,光通訊,PRIMARY,RELATED,1.1,TRUE,PENDING_REVIEW,2026-08-24,,fixtures/research/topic_universe_mapping.v1.csv
TPE,4908,前鼎,矽光子,PRIMARY,LEAD,1.5,TRUE,PENDING_REVIEW,2026-08-24,,2026_REVISED_MARKET_UPDATE
TPE,4908,前鼎,光通訊,PRIMARY,LEAD,1.5,TRUE,PENDING_REVIEW,2026-08-24,,fixtures/research/topic_universe_mapping.v1.csv
TPE,4908,前鼎,網通,SECONDARY,CORE,1.1,TRUE,PENDING_REVIEW,2026-08-24,,fixtures/research/topic_universe_mapping.v1.csv
TPE,4923,力士,功率 MOSFET,PRIMARY,CORE,1.2,TRUE,PENDING_REVIEW,2026-08-24,,fixtures/research/topic_universe_mapping.v1.csv
TPE,4931,新盛力,BBU,PRIMARY,LEAD,1.5,TRUE,PENDING_REVIEW,2026-08-24,,2026_REVISED_MARKET_UPDATE
TPE,4931,新盛力,儲能,PRIMARY,CORE,1.4,TRUE,PENDING_REVIEW,2026-08-24,,2026_REVISED_MARKET_UPDATE
TPE,4939,亞電,銅箔基板CCL,PRIMARY,RELATED,1.2,TRUE,PENDING_REVIEW,2026-08-24,,fixtures/research/topic_universe_mapping.v1.csv
TPE,4952,凌通,MCU,PRIMARY,CORE,1.2,TRUE,PENDING_REVIEW,2026-08-24,,2026_NEW_TOPIC_ADDITION
TPE,4952,凌通,其他 IC設計,PRIMARY,RELATED,1.1,TRUE,PENDING_REVIEW,2026-08-24,,2026_NEW_TOPIC_ADDITION
TPE,4966,譜瑞-KY,高速傳輸,PRIMARY,CORE,1.4,TRUE,PENDING_REVIEW,2026-08-24,,2026_REVISED_MARKET_UPDATE
TPE,4966,譜瑞-KY,高速介面,PRIMARY,RELATED,1.4,TRUE,PENDING_REVIEW,2026-08-24,,fixtures/research/topic_universe_mapping.v1.csv
TPE,4966,譜瑞-KY,其他 AI伺服器供應鏈,SECONDARY,CORE,1.3,TRUE,PENDING_REVIEW,2026-08-24,,2026_NEW_TOPIC_ADDITION
TPE,4966,譜瑞-KY,其他 IC設計,PRIMARY,CORE,1.4,TRUE,PENDING_REVIEW,2026-08-24,,2026_NEW_TOPIC_ADDITION
TWO,4971,IET-KY,利基型光電磊晶,PRIMARY,CORE,1.3,TRUE,PENDING_REVIEW,2026-08-24,,fixtures/research/topic_universe_mapping.v1.csv
TPE,4971,IET-KY,光通訊,SECONDARY,RELATED,0.7,TRUE,PENDING_REVIEW,2026-08-24,,fixtures/research/topic_universe_mapping.v1.csv
TPE,4973,廣穎,記憶體模組／通路,PRIMARY,CORE,1.2,TRUE,PENDING_REVIEW,2026-08-24,,fixtures/research/topic_universe_mapping.v1.csv
TPE,4973,廣穎,NAND Flash／SSD,SECONDARY,RELATED,0.6,TRUE,PENDING_REVIEW,2026-08-24,,fixtures/research/topic_universe_mapping.v1.csv
TPE,4976,佳凌,ADAS,PRIMARY,CORE,1.3,TRUE,PENDING_REVIEW,2026-08-24,,2026_NEW_TOPIC_ADDITION
TPE,4979,華星光,光通訊,PRIMARY,LEAD,1.6,TRUE,PENDING_REVIEW,2026-08-24,,2026_REVISED_MARKET_UPDATE
TPE,4979,華星光,矽光子,PRIMARY,LEAD,1.6,TRUE,PENDING_REVIEW,2026-08-24,,2026_REVISED_MARKET_UPDATE
TPE,4979,華星光,其他 AI伺服器供應鏈,PRIMARY,CORE,1.4,TRUE,PENDING_REVIEW,2026-08-24,,2026_REVISED_MARKET_UPDATE
TWO,4991,環宇-KY,利基型光電磊晶,PRIMARY,CORE,1.4,TRUE,PENDING_REVIEW,2026-08-24,,fixtures/research/topic_universe_mapping.v1.csv
TPE,4991,環宇-KY,晶圓代工,PRIMARY,CORE,1.4,TRUE,PENDING_REVIEW,2026-08-24,,fixtures/research/topic_universe_mapping.v1.csv
TPE,4991,環宇-KY,矽光子,SECONDARY,CORE,1.2,TRUE,PENDING_REVIEW,2026-08-24,,fixtures/research/topic_universe_mapping.v1.csv
TPE,4991,環宇-KY,網通,SECONDARY,RELATED,0.8,TRUE,PENDING_REVIEW,2026-08-24,,fixtures/research/topic_universe_mapping.v1.csv
TPE,5009,榮剛,軍工船舶,SECONDARY,CORE,1.3,TRUE,PENDING_REVIEW,2026-08-24,,2026_NEW_TOPIC_ADDITION
TPE,5009,榮剛,鋼鐵／不鏽鋼材料,PRIMARY,LEAD,1.4,TRUE,PENDING_REVIEW,2026-08-24,,2026_REVISED_MARKET_UPDATE
TPE,5009,榮剛,航太零組件,PRIMARY,CORE,1.3,TRUE,PENDING_REVIEW,2026-08-24,,2026_REVISED_MARKET_UPDATE
TPE,5011,久陽,鋼鐵／不鏽鋼材料,PRIMARY,RELATED,1.1,TRUE,PENDING_REVIEW,2026-08-24,,fixtures/research/topic_universe_mapping.v1.csv
TPE,5227,立凱-KY,儲能,PRIMARY,RELATED,1.1,TRUE,PENDING_REVIEW,2026-08-24,,fixtures/research/topic_universe_mapping.v1.csv
TPE,5227,立凱-KY,電動車／EV,SECONDARY,RELATED,0.7,TRUE,PENDING_REVIEW,2026-08-24,,fixtures/research/topic_universe_mapping.v1.csv
TPE,5228,鈺鎧,電感,PRIMARY,CORE,1.3,TRUE,PENDING_REVIEW,2026-08-24,,fixtures/research/topic_universe_mapping.v1.csv
TPE,5228,鈺鎧,其他被動元件,PRIMARY,CORE,1.3,TRUE,PENDING_REVIEW,2026-08-24,,fixtures/research/topic_universe_mapping.v1.csv
TPE,5228,鈺鎧,其他車用電子,SECONDARY,RELATED,0.8,TRUE,PENDING_REVIEW,2026-08-24,,fixtures/research/topic_universe_mapping.v1.csv
TPE,5228,鈺鎧,網通,SECONDARY,RELATED,0.8,TRUE,PENDING_REVIEW,2026-08-24,,fixtures/research/topic_universe_mapping.v1.csv
TWO,5274,信驊,Retimer／Redriver,SECONDARY,CORE,1.4,TRUE,PENDING_REVIEW,2026-08-24,,2026_NEW_TOPIC_ADDITION
TPE,5274,信驊,其他 IC設計,PRIMARY,LEAD,1.7,TRUE,PENDING_REVIEW,2026-08-24,,2026_REVISED_MARKET_UPDATE
TPE,5274,信驊,其他 AI伺服器供應鏈,PRIMARY,LEAD,1.7,TRUE,PENDING_REVIEW,2026-08-24,,2026_REVISED_MARKET_UPDATE
TPE,5274,信驊,大型電子權值,PRIMARY,LEAD,1.6,TRUE,PENDING_REVIEW,2026-08-24,,2026_REVISED_MARKET_UPDATE
TPE,5274,信驊,ASIC,SECONDARY,CORE,1.3,TRUE,PENDING_REVIEW,2026-08-24,,2026_NEW_TOPIC_ADDITION
TWO,5289,宜鼎,邊緣運算與智慧影像 (Edge AI & Vision),PRIMARY,LEAD,1.5,TRUE,PENDING_REVIEW,2026-08-24,,2026_NEW_TOPIC_ADDITION
TWO,5289,宜鼎,記憶體模組／通路,PRIMARY,LEAD,1.5,TRUE,PENDING_REVIEW,2026-08-24,,2026_REVISED_MARKET_UPDATE
TWO,5289,宜鼎,其他 AI伺服器供應鏈,PRIMARY,CORE,1.4,TRUE,PENDING_REVIEW,2026-08-24,,2026_REVISED_MARKET_UPDATE
TWO,5289,宜鼎,AI影像辨識,PRIMARY,LEAD,1.4,TRUE,PENDING_REVIEW,2026-08-24,,2026_NEW_TOPIC_ADDITION
TWO,5299,杰力,功率 MOSFET,PRIMARY,CORE,1.2,TRUE,PENDING_REVIEW,2026-08-24,,fixtures/research/topic_universe_mapping.v1.csv
TWO,5302,太欣,其他 IC設計,PRIMARY,RELATED,1.0,TRUE,PENDING_REVIEW,2026-08-24,,fixtures/research/topic_universe_mapping.v1.csv
TWO,5309,系統電,BBU,PRIMARY,CORE,1.3,TRUE,PENDING_REVIEW,2026-08-24,,2026_NEW_TOPIC_ADDITION
TWO,5328,華容,其他被動元件,PRIMARY,RELATED,1.0,TRUE,PENDING_REVIEW,2026-08-24,,fixtures/research/topic_universe_mapping.v1.csv
TWO,5340,建榮,玻纖布,PRIMARY,LEAD,1.4,TRUE,PENDING_REVIEW,2026-08-24,,2026_REVISED_MARKET_UPDATE
TWO,5340,建榮,銅箔基板CCL,SECONDARY,CORE,1.1,TRUE,PENDING_REVIEW,2026-08-24,,fixtures/research/topic_universe_mapping.v1.csv
TWO,5347,世界,成熟製程,PRIMARY,LEAD,1.5,TRUE,PENDING_REVIEW,2026-08-24,,2026_REVISED_MARKET_UPDATE
TWO,5347,世界,晶圓代工,PRIMARY,LEAD,1.5,TRUE,PENDING_REVIEW,2026-08-24,,2026_REVISED_MARKET_UPDATE
TWO,5347,世界,大型電子權值,PRIMARY,CORE,1.4,TRUE,PENDING_REVIEW,2026-08-24,,fixtures/research/topic_universe_mapping.v1.csv
TWO,5347,世界,特殊製程,PRIMARY,LEAD,1.5,TRUE,PENDING_REVIEW,2026-08-24,,2026_REVISED_MARKET_UPDATE
TWO,5351,鈺創,NOR Flash／利基型記憶體,PRIMARY,CORE,1.2,TRUE,PENDING_REVIEW,2026-08-24,,fixtures/research/topic_universe_mapping.v1.csv
TWO,5351,鈺創,其他 IC設計,PRIMARY,CORE,1.2,TRUE,PENDING_REVIEW,2026-08-24,,fixtures/research/topic_universe_mapping.v1.csv
TWO,5371,中光電,其他通訊光電,PRIMARY,CORE,1.3,TRUE,PENDING_REVIEW,2026-08-24,,2026_REVISED_MARKET_UPDATE
TWO,5371,中光電,無人機,SECONDARY,CORE,1.2,TRUE,PENDING_REVIEW,2026-08-24,,2026_REVISED_MARKET_UPDATE
TWO,5386,青雲,顯卡,PRIMARY,RELATED,1.2,TRUE,PENDING_REVIEW,2026-08-24,,fixtures/research/topic_universe_mapping.v1.csv
TWO,5386,青雲,其他 AI伺服器供應鏈,SECONDARY,RELATED,0.6,TRUE,PENDING_REVIEW,2026-08-24,,fixtures/research/topic_universe_mapping.v1.csv
TWO,5410,國眾,端點資安,PRIMARY,CORE,1.2,TRUE,PENDING_REVIEW,2026-08-24,,fixtures/research/topic_universe_mapping.v1.csv
TWO,5410,國眾,網路資安,PRIMARY,CORE,1.2,TRUE,PENDING_REVIEW,2026-08-24,,fixtures/research/topic_universe_mapping.v1.csv
TWO,5425,台半,功率二極體／整流器,PRIMARY,LEAD,1.4,TRUE,PENDING_REVIEW,2026-08-24,,2026_REVISED_MARKET_UPDATE
TWO,5425,台半,功率 MOSFET,PRIMARY,LEAD,1.4,TRUE,PENDING_REVIEW,2026-08-24,,2026_REVISED_MARKET_UPDATE
TWO,5425,台半,IGBT／功率模組,PRIMARY,CORE,1.3,TRUE,PENDING_REVIEW,2026-08-24,,fixtures/research/topic_universe_mapping.v1.csv
TWO,5425,台半,其他車用電子,SECONDARY,CORE,1.1,TRUE,PENDING_REVIEW,2026-08-24,,fixtures/research/topic_universe_mapping.v1.csv
TPE,5426,振發,其他 AI伺服器供應鏈,SECONDARY,RELATED,0.8,TRUE,PENDING_REVIEW,2026-08-24,,2026_REVISED_MARKET_UPDATE
TWO,5439,高技,AI PCB,PRIMARY,CORE,1.3,TRUE,PENDING_REVIEW,2026-08-24,,fixtures/research/topic_universe_mapping.v1.csv
TWO,5439,高技,其他車用電子,PRIMARY,CORE,1.3,TRUE,PENDING_REVIEW,2026-08-24,,fixtures/research/topic_universe_mapping.v1.csv
TWO,5443,均豪,先進封裝設備,PRIMARY,LEAD,1.5,TRUE,PENDING_REVIEW,2026-08-24,,2026_REVISED_MARKET_UPDATE
TWO,5443,均豪,視覺檢測,PRIMARY,LEAD,1.5,TRUE,PENDING_REVIEW,2026-08-24,,2026_NEW_TOPIC_ADDITION
TWO,5443,均豪,機器視覺,PRIMARY,LEAD,1.5,TRUE,PENDING_REVIEW,2026-08-24,,2026_NEW_TOPIC_ADDITION
TWO,5443,均豪,其他半導體設備,PRIMARY,CORE,1.4,TRUE,PENDING_REVIEW,2026-08-24,,2026_NEW_TOPIC_ADDITION
TWO,5443,均豪,工業自動化,PRIMARY,CORE,1.4,TRUE,PENDING_REVIEW,2026-08-24,,fixtures/research/topic_universe_mapping.v1.csv
TWO,5457,宣德,車用連接器,PRIMARY,CORE,1.3,TRUE,PENDING_REVIEW,2026-08-24,,fixtures/research/topic_universe_mapping.v1.csv
TWO,5457,宣德,高速連接器,PRIMARY,CORE,1.3,TRUE,PENDING_REVIEW,2026-08-24,,fixtures/research/topic_universe_mapping.v1.csv
TWO,5457,宣德,一般連接器,SECONDARY,RELATED,0.7,TRUE,PENDING_REVIEW,2026-08-24,,fixtures/research/topic_universe_mapping.v1.csv
TWO,5474,聰泰,邊緣運算與智慧影像 (Edge AI & Vision),PRIMARY,CORE,1.3,TRUE,PENDING_REVIEW,2026-08-24,,2026_NEW_TOPIC_ADDITION
TWO,5475,德宏,玻纖布,PRIMARY,RELATED,1.1,TRUE,PENDING_REVIEW,2026-08-24,,2026_REVISED_MARKET_UPDATE
TWO,5483,中美晶,太陽能,PRIMARY,LEAD,1.5,TRUE,PENDING_REVIEW,2026-08-24,,2026_REVISED_MARKET_UPDATE
TWO,5483,中美晶,12 吋矽晶圓,PRIMARY,CORE,1.4,TRUE,PENDING_REVIEW,2026-08-24,,fixtures/research/topic_universe_mapping.v1.csv
TWO,5483,中美晶,8 吋矽晶圓,PRIMARY,CORE,1.4,TRUE,PENDING_REVIEW,2026-08-24,,fixtures/research/topic_universe_mapping.v1.csv
TWO,5483,中美晶,AI電力基建,PRIMARY,CORE,1.4,TRUE,PENDING_REVIEW,2026-08-24,,2026_REVISED_MARKET_UPDATE
TWO,5483,中美晶,儲能,PRIMARY,LEAD,1.5,TRUE,PENDING_REVIEW,2026-08-24,,2026_REVISED_MARKET_UPDATE
TWO,5483,中美晶,大型電子權值,PRIMARY,CORE,1.4,TRUE,PENDING_REVIEW,2026-08-24,,2026_NEW_TOPIC_ADDITION
TWO,5488,松普,其他被動元件,PRIMARY,RELATED,1.0,TRUE,PENDING_REVIEW,2026-08-24,,2026_REVISED_MARKET_UPDATE
TPE,5489,彩富,其他 AI視覺,PRIMARY,CORE,1.1,TRUE,PENDING_REVIEW,2026-08-24,,2026_REVISED_MARKET_UPDATE
TWO,5498,凱威,其他半導體設備,PRIMARY,RELATED,1.3,TRUE,PENDING_REVIEW,2026-08-24,,fixtures/research/topic_universe_mapping.v1.csv
TWO,5536,聖暉*,其他半導體設備,PRIMARY,LEAD,1.5,TRUE,PENDING_REVIEW,2026-08-24,,2026_REVISED_MARKET_UPDATE
TWO,5536,聖暉*,營建工程,PRIMARY,LEAD,1.5,TRUE,PENDING_REVIEW,2026-08-24,,2026_NEW_TOPIC_ADDITION
TWO,6125,廣運,液冷散熱,PRIMARY,CORE,1.4,TRUE,PENDING_REVIEW,2026-08-24,,2026_NEW_TOPIC_ADDITION
TWO,6125,廣運,工業自動化,PRIMARY,CORE,1.3,TRUE,PENDING_REVIEW,2026-08-24,,fixtures/research/topic_universe_mapping.v1.csv
TWO,6127,九豪,保護元件,PRIMARY,CORE,1.2,TRUE,PENDING_REVIEW,2026-08-24,,2026_NEW_TOPIC_ADDITION
TWO,6129,普誠,其他 IC設計,PRIMARY,CORE,1.3,TRUE,PENDING_REVIEW,2026-08-24,,fixtures/research/topic_universe_mapping.v1.csv
TWO,6129,普誠,其他車用電子,SECONDARY,RELATED,0.7,TRUE,PENDING_REVIEW,2026-08-24,,fixtures/research/topic_universe_mapping.v1.csv
TWO,6138,茂達,其他 IC設計,PRIMARY,LEAD,1.5,TRUE,PENDING_REVIEW,2026-08-24,,2026_REVISED_MARKET_UPDATE
TWO,6138,茂達,其他 AI伺服器供應鏈,PRIMARY,LEAD,1.5,TRUE,PENDING_REVIEW,2026-08-24,,2026_REVISED_MARKET_UPDATE
TWO,6147,頎邦,一般封測,PRIMARY,LEAD,1.5,TRUE,PENDING_REVIEW,2026-08-24,,2026_REVISED_MARKET_UPDATE
TWO,6147,頎邦,大型電子權值,PRIMARY,CORE,1.4,TRUE,PENDING_REVIEW,2026-08-24,,fixtures/research/topic_universe_mapping.v1.csv
TWO,6150,撼訊,顯卡,PRIMARY,RELATED,1.2,TRUE,PENDING_REVIEW,2026-08-24,,fixtures/research/topic_universe_mapping.v1.csv
TWO,6156,松上,其他被動元件,PRIMARY,RELATED,1.1,TRUE,PENDING_REVIEW,2026-08-24,,2026_REVISED_MARKET_UPDATE
TWO,6173,信昌電,MLCC,PRIMARY,CORE,1.2,TRUE,APPROVED,2026-08-24,,CURRENT_TAXONOMY_RELATION_STRUCTURAL_ROLE
TWO,6173,信昌電,其他被動元件,SECONDARY,RELATED,0.5,TRUE,PENDING_REVIEW,2026-08-24,,fixtures/research/topic_universe_mapping.v1.csv
TWO,6174,安碁,石英元件,PRIMARY,CORE,1.3,TRUE,PENDING_REVIEW,2026-08-24,,fixtures/research/topic_universe_mapping.v1.csv
TWO,6174,安碁,其他車用電子,SECONDARY,RELATED,0.8,TRUE,PENDING_REVIEW,2026-08-24,,fixtures/research/topic_universe_mapping.v1.csv
TWO,6174,安碁,網通,SECONDARY,RELATED,0.8,TRUE,PENDING_REVIEW,2026-08-24,,fixtures/research/topic_universe_mapping.v1.csv
TWO,6175,立敦,鋁電容,PRIMARY,LEAD,1.4,TRUE,PENDING_REVIEW,2026-08-24,,fixtures/research/topic_universe_mapping.v1.csv
TWO,6175,立敦,其他被動元件,SECONDARY,RELATED,0.5,TRUE,PENDING_REVIEW,2026-08-24,,fixtures/research/topic_universe_mapping.v1.csv
TWO,6179,亞通,其他能源,PRIMARY,CORE,1.3,TRUE,PENDING_REVIEW,2026-08-24,,2026_REVISED_MARKET_UPDATE
TWO,6179,亞通,AI電力基建,SECONDARY,CORE,1.1,TRUE,PENDING_REVIEW,2026-08-24,,fixtures/research/topic_universe_mapping.v1.csv
TWO,6182,合晶,12 吋矽晶圓,PRIMARY,CORE,1.4,TRUE,PENDING_REVIEW,2026-08-24,,fixtures/research/topic_universe_mapping.v1.csv
TWO,6182,合晶,8 吋矽晶圓,PRIMARY,CORE,1.4,TRUE,PENDING_REVIEW,2026-08-24,,fixtures/research/topic_universe_mapping.v1.csv
TWO,6182,合晶,大型電子權值,SECONDARY,RELATED,0.7,TRUE,PENDING_REVIEW,2026-08-24,,fixtures/research/topic_universe_mapping.v1.csv
TWO,6187,萬潤,先進封裝設備,PRIMARY,LEAD,1.6,TRUE,PENDING_REVIEW,2026-08-24,,2026_REVISED_MARKET_UPDATE
TWO,6187,萬潤,CoWoS,PRIMARY,LEAD,1.6,TRUE,PENDING_REVIEW,2026-08-24,,2026_REVISED_MARKET_UPDATE
TWO,6187,萬潤,Chiplet,PRIMARY,LEAD,1.6,TRUE,PENDING_REVIEW,2026-08-24,,2026_REVISED_MARKET_UPDATE
TWO,6187,萬潤,FOPLP,PRIMARY,LEAD,1.5,TRUE,PENDING_REVIEW,2026-08-24,,2026_REVISED_MARKET_UPDATE
TWO,6187,萬潤,大型電子權值,PRIMARY,LEAD,1.5,TRUE,PENDING_REVIEW,2026-08-24,,2026_NEW_TOPIC_ADDITION
TWO,6188,廣明,機器人零組件,PRIMARY,LEAD,1.6,TRUE,PENDING_REVIEW,2026-08-24,,2026_REVISED_MARKET_UPDATE
TWO,6188,廣明,機器人系統整合,PRIMARY,LEAD,1.5,TRUE,PENDING_REVIEW,2026-08-24,,2026_REVISED_MARKET_UPDATE
TWO,6188,廣明,機器視覺,PRIMARY,LEAD,1.5,TRUE,PENDING_REVIEW,2026-08-24,,fixtures/research/topic_universe_mapping.v1.csv
TWO,6188,廣明,AI影像辨識,SECONDARY,LEAD,1.4,TRUE,PENDING_REVIEW,2026-08-24,,2026_NEW_TOPIC_ADDITION
TWO,6204,艾華,其他被動元件,PRIMARY,RELATED,1.0,TRUE,PENDING_REVIEW,2026-08-24,,fixtures/research/topic_universe_mapping.v1.csv
TWO,6207,雷科,其他被動元件,PRIMARY,LEAD,1.4,TRUE,PENDING_REVIEW,2026-08-24,,fixtures/research/topic_universe_mapping.v1.csv
TWO,6207,雷科,製程耗材與特料,PRIMARY,LEAD,1.4,TRUE,PENDING_REVIEW,2026-08-24,,2026_REVISED_MARKET_UPDATE
TWO,6207,雷科,其他半導體設備,PRIMARY,CORE,1.4,TRUE,PENDING_REVIEW,2026-08-24,,fixtures/research/topic_universe_mapping.v1.csv
TWO,6207,雷科,玻璃基板,SECONDARY,CORE,1.2,TRUE,PENDING_REVIEW,2026-08-24,,fixtures/research/topic_universe_mapping.v1.csv
TWO,6207,雷科,先進封裝設備,SECONDARY,CORE,1.2,TRUE,PENDING_REVIEW,2026-08-24,,2026_NEW_TOPIC_ADDITION
TWO,6217,中探針,高階測試介面與探針 (Advanced Testing Interfaces),PRIMARY,CORE,1.3,TRUE,PENDING_REVIEW,2026-08-24,,2026_NEW_TOPIC_ADDITION
TWO,6223,旺矽,高階測試介面與探針 (Advanced Testing Interfaces),PRIMARY,LEAD,1.6,TRUE,PENDING_REVIEW,2026-08-24,,2026_NEW_TOPIC_ADDITION
TWO,6223,旺矽,其他半導體設備,PRIMARY,LEAD,1.6,TRUE,PENDING_REVIEW,2026-08-24,,fixtures/research/topic_universe_mapping.v1.csv
TWO,6223,旺矽,先進封裝設備,PRIMARY,LEAD,1.6,TRUE,PENDING_REVIEW,2026-08-24,,2026_REVISED_MARKET_UPDATE
TWO,6223,旺矽,CoWoS,PRIMARY,LEAD,1.5,TRUE,PENDING_REVIEW,2026-08-24,,2026_NEW_TOPIC_ADDITION
TWO,6223,旺矽,Chiplet,PRIMARY,LEAD,1.5,TRUE,PENDING_REVIEW,2026-08-24,,2026_NEW_TOPIC_ADDITION
TWO,6241,鑫永洋,網通,PRIMARY,RELATED,1.1,TRUE,PENDING_REVIEW,2026-08-24,,fixtures/research/topic_universe_mapping.v1.csv
TWO,6244,茂迪,太陽能,PRIMARY,CORE,1.2,TRUE,PENDING_REVIEW,2026-08-24,,fixtures/research/topic_universe_mapping.v1.csv
TWO,6274,台燿,銅箔基板CCL,PRIMARY,LEAD,1.5,TRUE,PENDING_REVIEW,2026-08-24,,fixtures/research/topic_universe_mapping.v1.csv
TWO,6274,台燿,PCB供應鏈,PRIMARY,LEAD,1.5,TRUE,PENDING_REVIEW,2026-08-24,,fixtures/research/topic_universe_mapping.v1.csv
TWO,6274,台燿,其他 AI伺服器供應鏈,PRIMARY,CORE,1.4,TRUE,PENDING_REVIEW,2026-08-24,,2026_REVISED_MARKET_UPDATE
TWO,6275,元山,散熱零組件,PRIMARY,CORE,1.3,TRUE,PENDING_REVIEW,2026-08-24,,fixtures/research/topic_universe_mapping.v1.csv
TWO,6275,元山,風冷散熱,PRIMARY,CORE,1.3,TRUE,PENDING_REVIEW,2026-08-24,,fixtures/research/topic_universe_mapping.v1.csv
TWO,6275,元山,其他車用電子,SECONDARY,RELATED,0.7,TRUE,PENDING_REVIEW,2026-08-24,,fixtures/research/topic_universe_mapping.v1.csv
TWO,6279,胡連,車用連接器,PRIMARY,LEAD,1.4,TRUE,PENDING_REVIEW,2026-08-24,,fixtures/research/topic_universe_mapping.v1.csv
TWO,6279,胡連,其他車用電子,PRIMARY,LEAD,1.4,TRUE,PENDING_REVIEW,2026-08-24,,fixtures/research/topic_universe_mapping.v1.csv
TWO,6279,胡連,一般連接器,SECONDARY,RELATED,0.7,TRUE,PENDING_REVIEW,2026-08-24,,fixtures/research/topic_universe_mapping.v1.csv
TWO,6291,沛亨,其他 IC設計,PRIMARY,RELATED,1.1,TRUE,PENDING_REVIEW,2026-08-24,,fixtures/research/topic_universe_mapping.v1.csv
TWO,6419,京晨科,其他 AI視覺,PRIMARY,CORE,1.2,TRUE,PENDING_REVIEW,2026-08-24,,fixtures/research/topic_universe_mapping.v1.csv
TWO,6432,今展科,電感,PRIMARY,CORE,1.1,TRUE,PENDING_REVIEW,2026-08-24,,fixtures/research/topic_universe_mapping.v1.csv
TWO,6432,今展科,其他被動元件,SECONDARY,RELATED,0.5,TRUE,PENDING_REVIEW,2026-08-24,,fixtures/research/topic_universe_mapping.v1.csv
TWO,6435,大中,功率 MOSFET,PRIMARY,CORE,1.2,TRUE,PENDING_REVIEW,2026-08-24,,fixtures/research/topic_universe_mapping.v1.csv
TWO,6457,紘康,MCU,PRIMARY,CORE,1.2,TRUE,PENDING_REVIEW,2026-08-24,,2026_NEW_TOPIC_ADDITION
TWO,6457,紘康,其他 IC設計,PRIMARY,CORE,1.2,TRUE,PENDING_REVIEW,2026-08-24,,2026_NEW_TOPIC_ADDITION
TWO,6462,神盾,其他 IC設計,PRIMARY,LEAD,1.5,TRUE,PENDING_REVIEW,2026-08-24,,fixtures/research/topic_universe_mapping.v1.csv
TWO,6462,神盾,大型電子權值,PRIMARY,LEAD,1.4,TRUE,PENDING_REVIEW,2026-08-24,,fixtures/research/topic_universe_mapping.v1.csv
TWO,6462,神盾,ASIC,PRIMARY,LEAD,1.5,TRUE,PENDING_REVIEW,2026-08-24,,2026_NEW_TOPIC_ADDITION
TWO,6462,神盾,RISC-V,PRIMARY,LEAD,1.4,TRUE,PENDING_REVIEW,2026-08-24,,2026_NEW_TOPIC_ADDITION
TWO,6472,保瑞,生技醫藥與CDMO (Biotech & CDMO),PRIMARY,LEAD,1.5,TRUE,PENDING_REVIEW,2026-08-24,,2026_NEW_TOPIC_ADDITION
TWO,6488,環球晶,12 吋矽晶圓,PRIMARY,LEAD,1.6,TRUE,PENDING_REVIEW,2026-08-24,,fixtures/research/topic_universe_mapping.v1.csv
TWO,6488,環球晶,8 吋矽晶圓,PRIMARY,LEAD,1.6,TRUE,PENDING_REVIEW,2026-08-24,,fixtures/research/topic_universe_mapping.v1.csv
TWO,6488,環球晶,大型電子權值,PRIMARY,LEAD,1.5,TRUE,PENDING_REVIEW,2026-08-24,,fixtures/research/topic_universe_mapping.v1.csv
TWO,6488,環球晶,SiC 晶圓／基板,PRIMARY,CORE,1.4,TRUE,PENDING_REVIEW,2026-08-24,,2026_REVISED_MARKET_UPDATE
TWO,6494,九齊,MCU,PRIMARY,RELATED,1.1,TRUE,PENDING_REVIEW,2026-08-24,,2026_NEW_TOPIC_ADDITION
TWO,6494,九齊,其他 IC設計,PRIMARY,RELATED,1.1,TRUE,PENDING_REVIEW,2026-08-24,,2026_NEW_TOPIC_ADDITION
TWO,6510,精測,高階測試介面與探針 (Advanced Testing Interfaces),PRIMARY,CORE,1.4,TRUE,PENDING_REVIEW,2026-08-24,,2026_NEW_TOPIC_ADDITION
TWO,6510,精測,其他半導體設備,PRIMARY,CORE,1.4,TRUE,PENDING_REVIEW,2026-08-24,,fixtures/research/topic_universe_mapping.v1.csv
TWO,6510,精測,先進封裝設備,PRIMARY,CORE,1.4,TRUE,PENDING_REVIEW,2026-08-24,,2026_REVISED_MARKET_UPDATE
TWO,6510,精測,Chiplet,SECONDARY,CORE,1.2,TRUE,PENDING_REVIEW,2026-08-24,,2026_NEW_TOPIC_ADDITION
TWO,6517,保勝光學,其他國防,SECONDARY,CORE,1.2,TRUE,PENDING_REVIEW,2026-08-24,,2026_REVISED_MARKET_UPDATE
TWO,6517,保勝光學,無人機,SECONDARY,CORE,1.1,TRUE,PENDING_REVIEW,2026-08-24,,fixtures/research/topic_universe_mapping.v1.csv
TWO,6530,創威,光通訊,PRIMARY,CORE,1.2,TRUE,PENDING_REVIEW,2026-08-24,,fixtures/research/topic_universe_mapping.v1.csv
TWO,6533,晶心科,RISC-V,PRIMARY,LEAD,1.6,TRUE,PENDING_REVIEW,2026-08-24,,2026_NEW_TOPIC_ADDITION
TWO,6533,晶心科,ASIC,SECONDARY,CORE,1.4,TRUE,PENDING_REVIEW,2026-08-24,,2026_NEW_TOPIC_ADDITION
TWO,6533,晶心科,大型電子權值,PRIMARY,CORE,1.3,TRUE,PENDING_REVIEW,2026-08-24,,2026_NEW_TOPIC_ADDITION
TWO,6538,倉和,太陽能,PRIMARY,LEAD,1.5,TRUE,PENDING_REVIEW,2026-08-24,,2026_REVISED_MARKET_UPDATE
TWO,6548,長科*,其他車用電子,PRIMARY,CORE,1.3,TRUE,PENDING_REVIEW,2026-08-24,,fixtures/research/topic_universe_mapping.v1.csv
TWO,6548,長科*,特殊鋼／高性能合金,SECONDARY,RELATED,0.5,TRUE,PENDING_REVIEW,2026-08-24,,fixtures/research/topic_universe_mapping.v1.csv
TWO,6570,維田,工業自動化,PRIMARY,CORE,1.1,TRUE,PENDING_REVIEW,2026-08-24,,fixtures/research/topic_universe_mapping.v1.csv
TWO,6584,南俊國際,其他 AI伺服器供應鏈,PRIMARY,CORE,1.3,TRUE,PENDING_REVIEW,2026-08-24,,2026_NEW_TOPIC_ADDITION
TWO,6588,東典,光通訊,PRIMARY,CORE,1.2,TRUE,PENDING_REVIEW,2026-08-24,,fixtures/research/topic_universe_mapping.v1.csv
TWO,6603,富強鑫,工業自動化,PRIMARY,RELATED,1.1,TRUE,PENDING_REVIEW,2026-08-24,,fixtures/research/topic_universe_mapping.v1.csv
TWO,6613,朋億*,其他半導體設備,PRIMARY,CORE,1.4,TRUE,PENDING_REVIEW,2026-08-24,,fixtures/research/topic_universe_mapping.v1.csv
TWO,6640,均華,先進封裝設備,PRIMARY,LEAD,1.6,TRUE,PENDING_REVIEW,2026-08-24,,2026_REVISED_MARKET_UPDATE
TWO,6640,均華,CoWoS,PRIMARY,LEAD,1.6,TRUE,PENDING_REVIEW,2026-08-24,,2026_REVISED_MARKET_UPDATE
TWO,6640,均華,Chiplet,PRIMARY,LEAD,1.5,TRUE,PENDING_REVIEW,2026-08-24,,2026_REVISED_MARKET_UPDATE
TWO,6640,均華,FOPLP,PRIMARY,LEAD,1.5,TRUE,PENDING_REVIEW,2026-08-24,,2026_REVISED_MARKET_UPDATE
TWO,6640,均華,大型電子權值,PRIMARY,LEAD,1.5,TRUE,PENDING_REVIEW,2026-08-24,,2026_NEW_TOPIC_ADDITION
TWO,6642,富致,保護元件,PRIMARY,CORE,1.3,TRUE,PENDING_REVIEW,2026-08-24,,fixtures/research/topic_universe_mapping.v1.csv
TWO,6642,富致,其他 AI伺服器供應鏈,SECONDARY,CORE,1.1,TRUE,PENDING_REVIEW,2026-08-24,,fixtures/research/topic_universe_mapping.v1.csv
TWO,6642,富致,其他車用電子,SECONDARY,RELATED,0.7,TRUE,PENDING_REVIEW,2026-08-24,,fixtures/research/topic_universe_mapping.v1.csv
TWO,6643,M31,其他 IC設計,PRIMARY,LEAD,1.6,TRUE,PENDING_REVIEW,2026-08-24,,2026_REVISED_MARKET_UPDATE
TWO,6643,M31,大型電子權值,PRIMARY,LEAD,1.5,TRUE,PENDING_REVIEW,2026-08-24,,fixtures/research/topic_universe_mapping.v1.csv
TWO,6643,M31,高速傳輸,PRIMARY,LEAD,1.5,TRUE,PENDING_REVIEW,2026-08-24,,2026_NEW_TOPIC_ADDITION
TWO,6643,M31,ASIC,PRIMARY,LEAD,1.5,TRUE,PENDING_REVIEW,2026-08-24,,2026_NEW_TOPIC_ADDITION
TWO,6651,全宇昕,功率 MOSFET,PRIMARY,CORE,1.2,TRUE,PENDING_REVIEW,2026-08-24,,fixtures/research/topic_universe_mapping.v1.csv
TWO,6654,天正國際,其他半導體設備,PRIMARY,CORE,1.2,TRUE,PENDING_REVIEW,2026-08-24,,fixtures/research/topic_universe_mapping.v1.csv
TWO,6654,天正國際,MLCC,SECONDARY,CORE,1.1,TRUE,PENDING_REVIEW,2026-08-24,,2026_NEW_TOPIC_ADDITION
TWO,6667,信紘科,其他半導體設備,PRIMARY,LEAD,1.5,TRUE,PENDING_REVIEW,2026-08-24,,2026_REVISED_MARKET_UPDATE
TWO,6667,信紘科,半導體設備零組件,SECONDARY,CORE,1.3,TRUE,PENDING_REVIEW,2026-08-24,,2026_NEW_TOPIC_ADDITION
TWO,6667,信紘科,CoWoS,SECONDARY,CORE,1.3,TRUE,PENDING_REVIEW,2026-08-24,,2026_NEW_TOPIC_ADDITION
TWO,6683,雍智科技,其他半導體設備,PRIMARY,LEAD,1.5,TRUE,PENDING_REVIEW,2026-08-24,,2026_REVISED_MARKET_UPDATE
TWO,6683,雍智科技,先進封裝設備,PRIMARY,LEAD,1.5,TRUE,PENDING_REVIEW,2026-08-24,,2026_REVISED_MARKET_UPDATE
TWO,6683,雍智科技,CoWoS,SECONDARY,CORE,1.3,TRUE,PENDING_REVIEW,2026-08-24,,2026_NEW_TOPIC_ADDITION
TWO,6683,雍智科技,Chiplet,SECONDARY,CORE,1.3,TRUE,PENDING_REVIEW,2026-08-24,,2026_NEW_TOPIC_ADDITION
TWO,6684,安格,高速介面,PRIMARY,CORE,1.2,TRUE,PENDING_REVIEW,2026-08-24,,fixtures/research/topic_universe_mapping.v1.csv
TWO,6684,安格,Retimer／Redriver,PRIMARY,RELATED,1.2,TRUE,PENDING_REVIEW,2026-08-24,,2026_NEW_TOPIC_ADDITION
TWO,6690,安碁資訊,網路資安,PRIMARY,LEAD,1.5,TRUE,PENDING_REVIEW,2026-08-24,,2026_REVISED_MARKET_UPDATE
TWO,6690,安碁資訊,雲端資安,PRIMARY,LEAD,1.5,TRUE,PENDING_REVIEW,2026-08-24,,2026_REVISED_MARKET_UPDATE
TWO,6690,安碁資訊,端點資安,PRIMARY,LEAD,1.4,TRUE,PENDING_REVIEW,2026-08-24,,2026_REVISED_MARKET_UPDATE
TWO,6716,應廣,MCU,PRIMARY,CORE,1.3,TRUE,PENDING_REVIEW,2026-08-24,,2026_NEW_TOPIC_ADDITION
TWO,6716,應廣,其他 IC設計,PRIMARY,CORE,1.2,TRUE,PENDING_REVIEW,2026-08-24,,2026_NEW_TOPIC_ADDITION
TWO,6727,亞泰金屬,其他半導體設備,PRIMARY,CORE,1.4,TRUE,PENDING_REVIEW,2026-08-24,,fixtures/research/topic_universe_mapping.v1.csv
TWO,6752,叡揚,網路資安,PRIMARY,LEAD,1.5,TRUE,PENDING_REVIEW,2026-08-24,,2026_REVISED_MARKET_UPDATE
TWO,6752,叡揚,雲端資安,PRIMARY,LEAD,1.5,TRUE,PENDING_REVIEW,2026-08-24,,2026_REVISED_MARKET_UPDATE
TWO,6752,叡揚,端點資安,PRIMARY,CORE,1.4,TRUE,PENDING_REVIEW,2026-08-24,,fixtures/research/topic_universe_mapping.v1.csv
TWO,6803,崑鼎,其他能源,PRIMARY,CORE,1.3,TRUE,PENDING_REVIEW,2026-08-24,,fixtures/research/topic_universe_mapping.v1.csv
TWO,6803,崑鼎,太陽能,SECONDARY,RELATED,0.7,TRUE,PENDING_REVIEW,2026-08-24,,fixtures/research/topic_universe_mapping.v1.csv
TWO,6821,聯寶,電感,PRIMARY,CORE,1.3,TRUE,PENDING_REVIEW,2026-08-24,,fixtures/research/topic_universe_mapping.v1.csv
TWO,6821,聯寶,其他被動元件,PRIMARY,CORE,1.3,TRUE,PENDING_REVIEW,2026-08-24,,fixtures/research/topic_universe_mapping.v1.csv
TWO,6821,聯寶,網通,SECONDARY,RELATED,0.8,TRUE,PENDING_REVIEW,2026-08-24,,fixtures/research/topic_universe_mapping.v1.csv
TWO,6821,聯寶,其他 AI伺服器供應鏈,SECONDARY,RELATED,0.8,TRUE,PENDING_REVIEW,2026-08-24,,fixtures/research/topic_universe_mapping.v1.csv
TWO,6829,千附精密,航太零組件,PRIMARY,LEAD,1.5,TRUE,PENDING_REVIEW,2026-08-24,,2026_REVISED_MARKET_UPDATE
TWO,6829,千附精密,半導體設備零組件,PRIMARY,LEAD,1.5,TRUE,PENDING_REVIEW,2026-08-24,,2026_REVISED_MARKET_UPDATE
TWO,6829,千附精密,雷達與感測,PRIMARY,LEAD,1.4,TRUE,PENDING_REVIEW,2026-08-24,,2026_REVISED_MARKET_UPDATE
TWO,6829,千附精密,軍工船舶,SECONDARY,CORE,1.3,TRUE,PENDING_REVIEW,2026-08-24,,2026_NEW_TOPIC_ADDITION
TWO,6870,騰雲,工業自動化,PRIMARY,CORE,1.3,TRUE,PENDING_REVIEW,2026-08-24,,fixtures/research/topic_universe_mapping.v1.csv
TWO,6870,騰雲,AI影像辨識,PRIMARY,CORE,1.3,TRUE,PENDING_REVIEW,2026-08-24,,fixtures/research/topic_universe_mapping.v1.csv
TWO,6903,巨漢,其他半導體設備,PRIMARY,CORE,1.4,TRUE,PENDING_REVIEW,2026-08-24,,2026_REVISED_MARKET_UPDATE
TWO,6903,巨漢,營建工程,PRIMARY,CORE,1.3,TRUE,PENDING_REVIEW,2026-08-24,,2026_NEW_TOPIC_ADDITION
TWO,7402,邑錡,無人機,PRIMARY,LEAD,1.5,TRUE,PENDING_REVIEW,2026-08-24,,2026_REVISED_MARKET_UPDATE
TWO,7402,邑錡,雷達與感測,PRIMARY,LEAD,1.4,TRUE,PENDING_REVIEW,2026-08-24,,2026_REVISED_MARKET_UPDATE
TWO,7402,邑錡,機器視覺,PRIMARY,CORE,1.3,TRUE,PENDING_REVIEW,2026-08-24,,fixtures/research/topic_universe_mapping.v1.csv
TWO,7402,邑錡,其他國防,SECONDARY,CORE,1.1,TRUE,PENDING_REVIEW,2026-08-24,,fixtures/research/topic_universe_mapping.v1.csv
TWO,7402,邑錡,AI影像辨識,SECONDARY,CORE,1.1,TRUE,PENDING_REVIEW,2026-08-24,,2026_NEW_TOPIC_ADDITION
TWO,7709,榮田,工業自動化,PRIMARY,CORE,1.3,TRUE,PENDING_REVIEW,2026-08-24,,fixtures/research/topic_universe_mapping.v1.csv
TWO,7709,榮田,其他半導體設備,PRIMARY,RELATED,1.1,TRUE,PENDING_REVIEW,2026-08-24,,2026_REVISED_MARKET_UPDATE
TWO,7709,榮田,其他國防,SECONDARY,RELATED,0.8,TRUE,PENDING_REVIEW,2026-08-24,,fixtures/research/topic_universe_mapping.v1.csv
TWO,7709,榮田,航太零組件,SECONDARY,CORE,1.1,TRUE,PENDING_REVIEW,2026-08-24,,2026_REVISED_MARKET_UPDATE
TWO,7709,榮田,低軌衛星,SECONDARY,RELATED,0.8,TRUE,PENDING_REVIEW,2026-08-24,,fixtures/research/topic_universe_mapping.v1.csv
TWO,7714,創泓科,端點資安,PRIMARY,CORE,1.4,TRUE,PENDING_REVIEW,2026-08-24,,fixtures/research/topic_universe_mapping.v1.csv
TWO,7714,創泓科,網路資安,PRIMARY,CORE,1.4,TRUE,PENDING_REVIEW,2026-08-24,,fixtures/research/topic_universe_mapping.v1.csv
TWO,7714,創泓科,雲端資安,PRIMARY,CORE,1.4,TRUE,PENDING_REVIEW,2026-08-24,,fixtures/research/topic_universe_mapping.v1.csv
TWO,7714,創泓科,無人機,SECONDARY,RELATED,0.7,TRUE,PENDING_REVIEW,2026-08-24,,fixtures/research/topic_universe_mapping.v1.csv
TWO,7734,印能科技,先進封裝設備,PRIMARY,LEAD,1.6,TRUE,PENDING_REVIEW,2026-08-24,,2026_REVISED_MARKET_UPDATE
TWO,7734,印能科技,CoWoS,PRIMARY,LEAD,1.6,TRUE,PENDING_REVIEW,2026-08-24,,2026_REVISED_MARKET_UPDATE
TWO,7734,印能科技,FOPLP,PRIMARY,LEAD,1.5,TRUE,PENDING_REVIEW,2026-08-24,,2026_REVISED_MARKET_UPDATE
TWO,7734,印能科技,Chiplet,PRIMARY,LEAD,1.5,TRUE,PENDING_REVIEW,2026-08-24,,2026_NEW_TOPIC_ADDITION
TWO,7777,能率亞洲,其他大型權值,PRIMARY,CORE,1.2,TRUE,PENDING_REVIEW,2026-08-24,,fixtures/research/topic_universe_mapping.v1.csv
TWO,8024,佑華,其他 IC設計,PRIMARY,RELATED,1.1,TRUE,PENDING_REVIEW,2026-08-24,,fixtures/research/topic_universe_mapping.v1.csv
TWO,8027,鈦昇,先進封裝設備,PRIMARY,LEAD,1.6,TRUE,PENDING_REVIEW,2026-08-24,,2026_REVISED_MARKET_UPDATE
TWO,8027,鈦昇,CoWoS,PRIMARY,LEAD,1.6,TRUE,PENDING_REVIEW,2026-08-24,,2026_REVISED_MARKET_UPDATE
TWO,8027,鈦昇,FOPLP,PRIMARY,LEAD,1.5,TRUE,PENDING_REVIEW,2026-08-24,,2026_REVISED_MARKET_UPDATE
TWO,8027,鈦昇,玻璃基板,PRIMARY,LEAD,1.5,TRUE,PENDING_REVIEW,2026-08-24,,2026_REVISED_MARKET_UPDATE
TWO,8038,長園科,儲能,PRIMARY,RELATED,1.2,TRUE,PENDING_REVIEW,2026-08-24,,fixtures/research/topic_universe_mapping.v1.csv
TWO,8040,九暘,其他 IC設計,PRIMARY,CORE,1.3,TRUE,PENDING_REVIEW,2026-08-24,,fixtures/research/topic_universe_mapping.v1.csv
TWO,8040,九暘,其他 AI伺服器供應鏈,SECONDARY,CORE,1.1,TRUE,PENDING_REVIEW,2026-08-24,,fixtures/research/topic_universe_mapping.v1.csv
TWO,8042,金山電,固態電容,PRIMARY,CORE,1.3,TRUE,PENDING_REVIEW,2026-08-24,,fixtures/research/topic_universe_mapping.v1.csv
TWO,8042,金山電,鋁電容,PRIMARY,CORE,1.3,TRUE,PENDING_REVIEW,2026-08-24,,fixtures/research/topic_universe_mapping.v1.csv
TWO,8042,金山電,其他 AI伺服器供應鏈,SECONDARY,RELATED,0.7,TRUE,PENDING_REVIEW,2026-08-24,,fixtures/research/topic_universe_mapping.v1.csv
TWO,8043,蜜望實,MLCC,PRIMARY,LEAD,1.4,TRUE,APPROVED,2026-08-24,,2026_REVISED_MARKET_UPDATE
TWO,8048,德勝,網通,PRIMARY,CORE,1.2,TRUE,PENDING_REVIEW,2026-08-24,,fixtures/research/topic_universe_mapping.v1.csv
TWO,8054,安國,ASIC,PRIMARY,LEAD,1.5,TRUE,PENDING_REVIEW,2026-08-24,,2026_REVISED_MARKET_UPDATE
TWO,8054,安國,Retimer／Redriver,SECONDARY,RELATED,1.1,TRUE,PENDING_REVIEW,2026-08-24,,2026_NEW_TOPIC_ADDITION
TWO,8054,安國,RISC-V,SECONDARY,CORE,1.3,TRUE,PENDING_REVIEW,2026-08-24,,2026_REVISED_MARKET_UPDATE
TWO,8054,安國,大型電子權值,PRIMARY,CORE,1.4,TRUE,PENDING_REVIEW,2026-08-24,,fixtures/research/topic_universe_mapping.v1.csv
TWO,8054,安國,其他 IC設計,PRIMARY,CORE,1.4,TRUE,PENDING_REVIEW,2026-08-24,,2026_NEW_TOPIC_ADDITION
TWO,8064,東捷,FOPLP,PRIMARY,CORE,1.3,TRUE,PENDING_REVIEW,2026-08-24,,2026_REVISED_MARKET_UPDATE
TWO,8064,東捷,玻璃基板,PRIMARY,CORE,1.3,TRUE,PENDING_REVIEW,2026-08-24,,2026_REVISED_MARKET_UPDATE
TWO,8064,東捷,先進封裝設備,PRIMARY,CORE,1.2,TRUE,PENDING_REVIEW,2026-08-24,,2026_NEW_TOPIC_ADDITION
TWO,8069,元太,其他通訊光電,PRIMARY,LEAD,1.6,TRUE,PENDING_REVIEW,2026-08-24,,2026_REVISED_MARKET_UPDATE
TWO,8069,元太,大型電子權值,PRIMARY,LEAD,1.6,TRUE,PENDING_REVIEW,2026-08-24,,2026_REVISED_MARKET_UPDATE
TWO,8071,能率網通,其他被動元件,PRIMARY,RELATED,1.0,TRUE,PENDING_REVIEW,2026-08-24,,2026_REVISED_MARKET_UPDATE
TWO,8074,鉅橡,製程耗材與特料,PRIMARY,CORE,1.1,TRUE,PENDING_REVIEW,2026-08-24,,2026_NEW_TOPIC_ADDITION
TWO,8076,伍豐,其他 AI伺服器供應鏈,PRIMARY,RELATED,0.9,TRUE,PENDING_REVIEW,2026-08-24,,fixtures/research/topic_universe_mapping.v1.csv
TWO,8088,品安,記憶體模組／通路,PRIMARY,CORE,1.2,TRUE,PENDING_REVIEW,2026-08-24,,fixtures/research/topic_universe_mapping.v1.csv
TWO,8091,翔名,半導體設備零組件,PRIMARY,LEAD,1.5,TRUE,PENDING_REVIEW,2026-08-24,,2026_REVISED_MARKET_UPDATE
TWO,8092,建達,記憶體模組／通路,PRIMARY,RELATED,1.0,TRUE,PENDING_REVIEW,2026-08-24,,2026_REVISED_MARKET_UPDATE
TWO,8096,擎亞,記憶體模組／通路,PRIMARY,CORE,1.3,TRUE,PENDING_REVIEW,2026-08-24,,fixtures/research/topic_universe_mapping.v1.csv
TWO,8096,擎亞,DRAM／DDR,SECONDARY,CORE,1.1,TRUE,PENDING_REVIEW,2026-08-24,,fixtures/research/topic_universe_mapping.v1.csv
TWO,8096,擎亞,NAND Flash／SSD,SECONDARY,CORE,1.1,TRUE,PENDING_REVIEW,2026-08-24,,fixtures/research/topic_universe_mapping.v1.csv
TWO,8111,立碁,矽光子,PRIMARY,CORE,1.3,TRUE,PENDING_REVIEW,2026-08-24,,fixtures/research/topic_universe_mapping.v1.csv
TWO,8111,立碁,光通訊,SECONDARY,RELATED,0.7,TRUE,PENDING_REVIEW,2026-08-24,,fixtures/research/topic_universe_mapping.v1.csv
TWO,8111,立碁,其他 AI視覺,SECONDARY,RELATED,1.1,TRUE,PENDING_REVIEW,2026-08-24,,2026_NEW_TOPIC_ADDITION
TWO,8182,加高,石英元件,PRIMARY,CORE,1.2,TRUE,PENDING_REVIEW,2026-08-24,,fixtures/research/topic_universe_mapping.v1.csv
TWO,8227,巨有科技,ASIC,PRIMARY,CORE,1.4,TRUE,PENDING_REVIEW,2026-08-24,,2026_NEW_TOPIC_ADDITION
TWO,8240,華宏,PCB供應鏈,PRIMARY,RELATED,1.1,TRUE,PENDING_REVIEW,2026-08-24,,2026_REVISED_MARKET_UPDATE
TWO,8255,朋程,車用功率半導體,PRIMARY,LEAD,1.5,TRUE,PENDING_REVIEW,2026-08-24,,2026_REVISED_MARKET_UPDATE
TWO,8255,朋程,IGBT／功率模組,PRIMARY,LEAD,1.5,TRUE,PENDING_REVIEW,2026-08-24,,2026_REVISED_MARKET_UPDATE
TWO,8255,朋程,SiC／GaN 功率元件,PRIMARY,LEAD,1.4,TRUE,PENDING_REVIEW,2026-08-24,,2026_REVISED_MARKET_UPDATE
TWO,8277,商丞,記憶體模組／通路,PRIMARY,RELATED,1.0,TRUE,PENDING_REVIEW,2026-08-24,,2026_REVISED_MARKET_UPDATE
TWO,8299,群聯,記憶體模組／通路,PRIMARY,LEAD,1.6,TRUE,PENDING_REVIEW,2026-08-24,,2026_REVISED_MARKET_UPDATE
TWO,8299,群聯,Retimer／Redriver,PRIMARY,LEAD,1.5,TRUE,PENDING_REVIEW,2026-08-24,,2026_NEW_TOPIC_ADDITION
TWO,8299,群聯,大型電子權值,PRIMARY,LEAD,1.5,TRUE,PENDING_REVIEW,2026-08-24,,2026_REVISED_MARKET_UPDATE
TWO,8299,群聯,其他 AI伺服器供應鏈,PRIMARY,LEAD,1.5,TRUE,PENDING_REVIEW,2026-08-24,,2026_REVISED_MARKET_UPDATE
TWO,8299,群聯,RISC-V,PRIMARY,CORE,1.4,TRUE,PENDING_REVIEW,2026-08-24,,2026_NEW_TOPIC_ADDITION
TWO,8299,群聯,NAND Flash／SSD,PRIMARY,LEAD,1.5,TRUE,PENDING_REVIEW,2026-08-24,,2026_NEW_TOPIC_ADDITION
TWO,8358,金居,其他 AI伺服器供應鏈,SECONDARY,CORE,1.2,TRUE,PENDING_REVIEW,2026-08-24,,fixtures/research/topic_universe_mapping.v1.csv
TWO,8383,千附,其他 AI伺服器供應鏈,PRIMARY,RELATED,1.1,TRUE,PENDING_REVIEW,2026-08-24,,2026_REVISED_MARKET_UPDATE
