event_id,event_semantics,topic_id,topic_slug,topic_name,d0_date,previous_stage,candidate_stage,d0_lifecycle_stage,transition_decision,transition_reason,stage_entered_at,stage_trading_days,route,strong_jump,bootstrap_prior_state,candidate_onset_date,confirmed_transition_date,source_class,evaluation_mode,policy_version,calculation_version,publication_state,D-3_date,D-3_lifecycle_stage,D-3_available,D-3_transition_decision,D-3_lineage_status,D-3_data_status,raw_D-3_positive_breadth,raw_D-3_strong_breadth,raw_D-3_weak_ratio,raw_D-3_average_change_pct,raw_D-3_leader_change_pct,D-2_date,D-2_lifecycle_stage,D-2_available,D-2_transition_decision,D-2_lineage_status,D-2_data_status,raw_D-2_positive_breadth,raw_D-2_strong_breadth,raw_D-2_weak_ratio,raw_D-2_average_change_pct,raw_D-2_leader_change_pct,D-1_date,D-1_lifecycle_stage,D-1_available,D-1_transition_decision,D-1_lineage_status,D-1_data_status,raw_D-1_positive_breadth,raw_D-1_strong_breadth,raw_D-1_weak_ratio,raw_D-1_average_change_pct,raw_D-1_leader_change_pct,D0_available,D0_transition_decision,D0_lineage_status,D0_data_status,raw_D0_positive_breadth,raw_D0_strong_breadth,raw_D0_weak_ratio,raw_D0_average_change_pct,raw_D0_leader_change_pct,delta_D-2_minus_D-3_positive_breadth,delta_D-2_minus_D-3_strong_breadth,delta_D-2_minus_D-3_weak_ratio,delta_D-2_minus_D-3_average_change_pct,delta_D-2_minus_D-3_leader_change_pct,delta_D-1_minus_D-2_positive_breadth,delta_D-1_minus_D-2_strong_breadth,delta_D-1_minus_D-2_weak_ratio,delta_D-1_minus_D-2_average_change_pct,delta_D-1_minus_D-2_leader_change_pct,delta_D0_minus_D-1_positive_breadth,delta_D0_minus_D-1_strong_breadth,delta_D0_minus_D-1_weak_ratio,delta_D0_minus_D-1_average_change_pct,delta_D0_minus_D-1_leader_change_pct
99c5cc30402b95b7f335e64d7c9dadbbef33152af43978302f3b4131da51f13a,CANDIDATE_ONSET,16123e3c-95ec-4787-91ea-70418ec25102,太陽能,太陽能,2026-02-03,,MAIN_RISE,,HOLD_CONFIRMATION,ORDINARY_SIGNAL_PENDING_CONFIRMATION,,,BOOTSTRAP_PRIOR_STATE_UNKNOWN,False,True,2026-02-03,2026-02-04,CURRENT_TAXONOMY_HISTORICAL_RECONSTRUCTION,RETROSPECTIVE_RESEARCH_ONLY,topic-lifecycle-policy.provisional.1,topic-lifecycle-shadow.v1,UNPUBLISHED_RESEARCH_ARTIFACT,,,False,,,,,,,,,,,False,,,,,,,,,,,False,,,,,,,,,True,HOLD_CONFIRMATION,UNKNOWN,PENDING,0.928571,0.428571,0.0,4.2793,9.897611,,,,,,,,,,,,,,,
4a6da17d0a1872388fa9340491859cd8cadc3b406a85a081e28712bd28660b1a,CANDIDATE_ONSET,1f4b7ae7-fc93-4360-ad76-f34ab6f92a7a,散熱零組件,散熱零組件,2026-02-03,,MAIN_RISE,,HOLD_CONFIRMATION,ORDINARY_SIGNAL_PENDING_CONFIRMATION,,,BOOTSTRAP_PRIOR_STATE_UNKNOWN,False,True,2026-02-03,2026-03-05,CURRENT_TAXONOMY_HISTORICAL_RECONSTRUCTION,RETROSPECTIVE_RESEARCH_ONLY,topic-lifecycle-policy.provisional.1,topic-lifecycle-shadow.v1,UNPUBLISHED_RESEARCH_ARTIFACT,,,False,,,,,,,,,,,False,,,,,,,,,,,False,,,,,,,,,True,HOLD_CONFIRMATION,UNKNOWN,PENDING,1.0,0.416667,0.0,3.1347,9.252669,,,,,,,,,,,,,,,
b90baedd572636ca654fcf9461147b68e702e59a3f26479d97c833cfc94d21f9,CANDIDATE_ONSET,28a24a67-4e74-400e-8240-ef10183c0384,光通訊,光通訊,2026-02-03,,MAIN_RISE,,HOLD_CONFIRMATION,ORDINARY_SIGNAL_PENDING_CONFIRMATION,,,BOOTSTRAP_PRIOR_STATE_UNKNOWN,False,True,2026-02-03,2026-02-04,CURRENT_TAXONOMY_HISTORICAL_RECONSTRUCTION,RETROSPECTIVE_RESEARCH_ONLY,topic-lifecycle-policy.provisional.1,topic-lifecycle-shadow.v1,UNPUBLISHED_RESEARCH_ARTIFACT,,,False,,,,,,,,,,,False,,,,,,,,,,,False,,,,,,,,,True,HOLD_CONFIRMATION,UNKNOWN,PENDING,0.722222,0.388889,0.055556,2.7371,9.855072,,,,,,,,,,,,,,,
9f6affd1066fe3291ef57679fa262445d73149aa1ec0f8d23afdc0b543884a07,CANDIDATE_ONSET,3ef50eff-334f-4079-abe4-3daeb5f53de2,CCL,CCL,2026-02-03,,MAIN_RISE,,HOLD_CONFIRMATION,ORDINARY_SIGNAL_PENDING_CONFIRMATION,,,BOOTSTRAP_PRIOR_STATE_UNKNOWN,False,True,2026-02-03,2026-02-04,CURRENT_TAXONOMY_HISTORICAL_RECONSTRUCTION,RETROSPECTIVE_RESEARCH_ONLY,topic-lifecycle-policy.provisional.1,topic-lifecycle-shadow.v1,UNPUBLISHED_RESEARCH_ARTIFACT,,,False,,,,,,,,,,,False,,,,,,,,,,,False,,,,,,,,,True,HOLD_CONFIRMATION,UNKNOWN,PENDING,0.928571,0.357143,0.0,4.8032,10.0,,,,,,,,,,,,,,,
2eb453b6fd0436c1c1ba406167699e81bb0a9b4d426fe7cec3085728087fcaf4,CANDIDATE_ONSET,5f812a13-ba3b-4e80-86a2-f5de8dbb30ef,高速傳輸,高速傳輸,2026-02-03,,MAIN_RISE,,HOLD_CONFIRMATION,ORDINARY_SIGNAL_PENDING_CONFIRMATION,,,BOOTSTRAP_PRIOR_STATE_UNKNOWN,False,True,2026-02-03,2026-03-05,CURRENT_TAXONOMY_HISTORICAL_RECONSTRUCTION,RETROSPECTIVE_RESEARCH_ONLY,topic-lifecycle-policy.provisional.1,topic-lifecycle-shadow.v1,UNPUBLISHED_RESEARCH_ARTIFACT,,,False,,,,,,,,,,,False,,,,,,,,,,,False,,,,,,,,,True,HOLD_CONFIRMATION,UNKNOWN,PENDING,1.0,0.428571,0.0,4.0145,9.765625,,,,,,,,,,,,,,,
788d702eef3988d1d934c9f5fdd483537ef88bcb7dde05743c2064d0ceb31637,CANDIDATE_ONSET,6764d72a-9f42-4932-ad94-cab20a7f0d4f,PCB,PCB,2026-02-03,,MAIN_RISE,MAIN_RISE,JUMP_TRANSITION,STRONG_STRUCTURE_SIGNAL,2026-02-03,1,BOOTSTRAP_PRIOR_STATE_UNKNOWN,True,True,2026-02-03,2026-02-03,CURRENT_TAXONOMY_HISTORICAL_RECONSTRUCTION,RETROSPECTIVE_RESEARCH_ONLY,topic-lifecycle-policy.provisional.1,topic-lifecycle-shadow.v1,UNPUBLISHED_RESEARCH_ARTIFACT,,,False,,,,,,,,,,,False,,,,,,,,,,,False,,,,,,,,,True,JUMP_TRANSITION,UNKNOWN,RECONSTRUCTED_RESEARCH,0.857143,0.571429,0.0,4.8461,9.95935,,,,,,,,,,,,,,,
5901ceed53edb2c31bdd7ee58ee98be3772e921f68c9addb0f73aec9dc2b1b2c,CANDIDATE_ONSET,9bef33e9-4853-4a6d-9ded-477f69a0caf5,玻纖布,玻纖布,2026-02-03,,MAIN_RISE,,HOLD_CONFIRMATION,ORDINARY_SIGNAL_PENDING_CONFIRMATION,,,BOOTSTRAP_PRIOR_STATE_UNKNOWN,False,True,2026-02-03,2026-02-04,CURRENT_TAXONOMY_HISTORICAL_RECONSTRUCTION,RETROSPECTIVE_RESEARCH_ONLY,topic-lifecycle-policy.provisional.1,topic-lifecycle-shadow.v1,UNPUBLISHED_RESEARCH_ARTIFACT,,,False,,,,,,,,,,,False,,,,,,,,,,,False,,,,,,,,,True,HOLD_CONFIRMATION,UNKNOWN,PENDING,1.0,0.8,0.0,8.0674,10.0,,,,,,,,,,,,,,,
442dda88385bbfc64757c765a43a0f567afb94c26f500ea0be554f29d292b978,CANDIDATE_ONSET,9cfbbc4a-2ed5-44f2-939e-38085ea51375,液冷散熱,液冷散熱,2026-02-03,,MAIN_RISE,MAIN_RISE,JUMP_TRANSITION,STRONG_STRUCTURE_SIGNAL,2026-02-03,1,BOOTSTRAP_PRIOR_STATE_UNKNOWN,True,True,2026-02-03,2026-02-03,CURRENT_TAXONOMY_HISTORICAL_RECONSTRUCTION,RETROSPECTIVE_RESEARCH_ONLY,topic-lifecycle-policy.provisional.1,topic-lifecycle-shadow.v1,UNPUBLISHED_RESEARCH_ARTIFACT,,,False,,,,,,,,,,,False,,,,,,,,,,,False,,,,,,,,,True,JUMP_TRANSITION,UNKNOWN,RECONSTRUCTED_RESEARCH,0.923077,0.461538,0.0,3.5348,9.731544,,,,,,,,,,,,,,,
e34a670a10910da236089dabc8688caa0d57784036a947e3e1a1697e9ee275a0,CANDIDATE_ONSET,c6c49201-b9a1-45dc-9ef2-f7f1f72eadca,ABF載板,ABF載板,2026-02-03,,MAIN_RISE,,HOLD_CONFIRMATION,ORDINARY_SIGNAL_PENDING_CONFIRMATION,,,BOOTSTRAP_PRIOR_STATE_UNKNOWN,False,True,2026-02-03,2026-02-04,CURRENT_TAXONOMY_HISTORICAL_RECONSTRUCTION,RETROSPECTIVE_RESEARCH_ONLY,topic-lifecycle-policy.provisional.1,topic-lifecycle-shadow.v1,UNPUBLISHED_RESEARCH_ARTIFACT,,,False,,,,,,,,,,,False,,,,,,,,,,,False,,,,,,,,,True,HOLD_CONFIRMATION,UNKNOWN,PENDING,0.75,0.5,0.0,3.508,7.201087,,,,,,,,,,,,,,,
9512e4dc4013663971485437ece005d9d89a001cb9530050b7567eac75363bb5,CANDIDATE_ONSET,c7cc4440-8d50-4c48-a402-ad3b4baed46a,低軌衛星,低軌衛星,2026-02-03,,MAIN_RISE,,HOLD_CONFIRMATION,ORDINARY_SIGNAL_PENDING_CONFIRMATION,,,BOOTSTRAP_PRIOR_STATE_UNKNOWN,False,True,2026-02-03,2026-02-04,CURRENT_TAXONOMY_HISTORICAL_RECONSTRUCTION,RETROSPECTIVE_RESEARCH_ONLY,topic-lifecycle-policy.provisional.1,topic-lifecycle-shadow.v1,UNPUBLISHED_RESEARCH_ARTIFACT,,,False,,,,,,,,,,,False,,,,,,,,,,,False,,,,,,,,,True,HOLD_CONFIRMATION,UNKNOWN,PENDING,0.904762,0.428571,0.0,3.555,9.95935,,,,,,,,,,,,,,,
e29ca93df92ddf2c8084c7f90da032ac087a0b42ac923d396b5a2f6783460bda,CANDIDATE_ONSET,d91e7b4f-f6c3-4e46-a5a7-ee95a540d598,CoWoS,CoWoS,2026-02-03,,MAIN_RISE,,HOLD_CONFIRMATION,ORDINARY_SIGNAL_PENDING_CONFIRMATION,,,BOOTSTRAP_PRIOR_STATE_UNKNOWN,False,True,2026-02-03,2026-02-23,CURRENT_TAXONOMY_HISTORICAL_RECONSTRUCTION,RETROSPECTIVE_RESEARCH_ONLY,topic-lifecycle-policy.provisional.1,topic-lifecycle-shadow.v1,UNPUBLISHED_RESEARCH_ARTIFACT,,,False,,,,,,,,,,,False,,,,,,,,,,,False,,,,,,,,,True,HOLD_CONFIRMATION,UNKNOWN,PENDING,0.962963,0.407407,0.0,3.9709,10.0,,,,,,,,,,,,,,,
79731268d1ddd77cc90360d5c08c183c00ab52811d64027aa185a5613208d549,CANDIDATE_ONSET,f2ad60ed-20aa-4055-aff0-601eea1c7055,AI PCB,AI PCB,2026-02-03,,MAIN_RISE,,HOLD_CONFIRMATION,ORDINARY_SIGNAL_PENDING_CONFIRMATION,,,BOOTSTRAP_PRIOR_STATE_UNKNOWN,False,True,2026-02-03,2026-02-04,CURRENT_TAXONOMY_HISTORICAL_RECONSTRUCTION,RETROSPECTIVE_RESEARCH_ONLY,topic-lifecycle-policy.provisional.1,topic-lifecycle-shadow.v1,UNPUBLISHED_RESEARCH_ARTIFACT,,,False,,,,,,,,,,,False,,,,,,,,,,,False,,,,,,,,,True,HOLD_CONFIRMATION,UNKNOWN,PENDING,0.821429,0.392857,0.0,3.7915,10.0,,,,,,,,,,,,,,,
433392f80041949b137dd7b43f312b070eabae5feafabe3168351a349b15842f,CANDIDATE_ONSET,fc19cae5-4019-4190-88e5-1c1e29ffb567,高速連接器,高速連接器,2026-02-03,,MAIN_RISE,MAIN_RISE,JUMP_TRANSITION,STRONG_STRUCTURE_SIGNAL,2026-02-03,1,BOOTSTRAP_PRIOR_STATE_UNKNOWN,True,True,2026-02-03,2026-02-03,CURRENT_TAXONOMY_HISTORICAL_RECONSTRUCTION,RETROSPECTIVE_RESEARCH_ONLY,topic-lifecycle-policy.provisional.1,topic-lifecycle-shadow.v1,UNPUBLISHED_RESEARCH_ARTIFACT,,,False,,,,,,,,,,,False,,,,,,,,,,,False,,,,,,,,,True,JUMP_TRANSITION,UNKNOWN,RECONSTRUCTED_RESEARCH,1.0,0.5,0.0,4.6375,9.931507,,,,,,,,,,,,,,,
cd841020c1016e435613dbe12aa371a08128651e203f9677936ecae8f1097376,CANDIDATE_ONSET,445225d9-4f84-4ee2-8b84-2d823d3a0c21,玻璃基板,玻璃基板,2026-02-04,,MAIN_RISE,MAIN_RISE,JUMP_TRANSITION,STRONG_STRUCTURE_SIGNAL,2026-02-04,1,BOOTSTRAP_PRIOR_STATE_UNKNOWN,True,True,2026-02-04,2026-02-04,CURRENT_TAXONOMY_HISTORICAL_RECONSTRUCTION,RETROSPECTIVE_RESEARCH_ONLY,topic-lifecycle-policy.provisional.1,topic-lifecycle-shadow.v1,UNPUBLISHED_RESEARCH_ARTIFACT,,,False,,,,,,,,,,,False,,,,,,,,,2026-02-03,,True,HOLD_CONFIRMATION,UNKNOWN,PENDING,0.666667,0.2,0.0,1.944,9.899889,True,JUMP_TRANSITION,UNKNOWN,RECONSTRUCTED_RESEARCH,0.866667,0.466667,0.0,4.4496,9.785203,,,,,,,,,,,0.19999999999999996,0.266667,0.0,2.5056000000000003,-0.11468600000000073
6734b80a8c42f162f5cbdc7d18d98a0a428fc6302e82053f1249b000560d712f,CANDIDATE_ONSET,5f1868a2-5ccc-4b13-a027-3db3eca537f4,機器人零組件,機器人零組件,2026-02-04,,MAIN_RISE,,HOLD_CONFIRMATION,ORDINARY_SIGNAL_PENDING_CONFIRMATION,,,BOOTSTRAP_PRIOR_STATE_UNKNOWN,False,True,2026-02-04,2026-02-09,CURRENT_TAXONOMY_HISTORICAL_RECONSTRUCTION,RETROSPECTIVE_RESEARCH_ONLY,topic-lifecycle-policy.provisional.1,topic-lifecycle-shadow.v1,UNPUBLISHED_RESEARCH_ARTIFACT,,,False,,,,,,,,,,,False,,,,,,,,,2026-02-03,,True,HOLD,UNKNOWN,PENDING,1.0,0.0,0.0,1.5505,2.840909,True,HOLD_CONFIRMATION,UNKNOWN,PENDING,1.0,0.375,0.0,3.5635,6.332139,,,,,,,,,,,0.0,0.375,0.0,2.013,3.49123
6622a1cd3aa72886cc0cb7e833dc49b64c8371bc56080ba81f97a7b3ed7a0d8f,CANDIDATE_ONSET,53e45b3d-fba8-40d6-8a72-b93b3d45835e,矽光子,矽光子,2026-02-09,,MAIN_RISE,,HOLD_CONFIRMATION,ORDINARY_SIGNAL_PENDING_CONFIRMATION,,,BOOTSTRAP_PRIOR_STATE_UNKNOWN,False,True,2026-02-09,2026-02-24,CURRENT_TAXONOMY_HISTORICAL_RECONSTRUCTION,RETROSPECTIVE_RESEARCH_ONLY,topic-lifecycle-policy.provisional.1,topic-lifecycle-shadow.v1,UNPUBLISHED_RESEARCH_ARTIFACT,2026-02-04,,True,HOLD,UNKNOWN,PENDING,0.875,0.34375,0.0,3.3005,9.981851,2026-02-05,,True,HOLD_CONFIRMATION,UNKNOWN,PENDING,0.21875,0.15625,0.1875,-1.2846,9.981168,2026-02-06,,True,HOLD,UNKNOWN,PENDING,0.15625,0.0,0.3125,-3.0064,3.601695,True,HOLD_CONFIRMATION,UNKNOWN,PENDING,0.8125,0.46875,0.0,3.6441,10.0,-0.65625,-0.1875,0.1875,-4.5851,-0.0006830000000004333,-0.0625,-0.15625,0.125,-1.7218000000000002,-6.379473000000001,0.65625,0.46875,-0.3125,6.6505,6.398305000000001
dad56554bf9af990f9e32ebf6179a8d6ed79323d4f7ecce0896c6136d59079ca,CANDIDATE_ONSET,575f6003-8aa6-47c3-bc94-a01248460be6,記憶體模組／通路,記憶體模組／通路,2026-02-09,DECLINING,MAIN_RISE,DECLINING,HOLD_ILLEGAL_TRANSITION,JUMP_REQUIRES_STRONG_EVIDENCE,2026-02-03,5,OTHER_TO_MAIN_RISE,False,False,2026-02-09,2026-03-05,CURRENT_TAXONOMY_HISTORICAL_RECONSTRUCTION,RETROSPECTIVE_RESEARCH_ONLY,topic-lifecycle-policy.provisional.1,topic-lifecycle-shadow.v1,UNPUBLISHED_RESEARCH_ARTIFACT,2026-02-04,DECLINING,True,HOLD,UNKNOWN,RECONSTRUCTED_RESEARCH,0.833333,0.333333,0.0,2.3678,6.56,2026-02-05,DECLINING,True,HOLD,UNKNOWN,RECONSTRUCTED_RESEARCH,0.25,0.0,0.333333,-2.1322,3.740648,2026-02-06,DECLINING,True,HOLD_CURRENT_STAGE,UNKNOWN,RECONSTRUCTED_RESEARCH,0.166667,0.083333,0.416667,-3.4014,9.756098,True,HOLD_ILLEGAL_TRANSITION,UNKNOWN,RECONSTRUCTED_RESEARCH,0.75,0.416667,0.0,3.4854,9.985935,-0.583333,-0.333333,0.333333,-4.5,-2.8193519999999994,-0.08333299999999999,0.083333,0.08333400000000002,-1.2692,6.0154499999999995,0.583333,0.333334,-0.416667,6.8868,0.22983699999999985
36ad107b5b6fd68bfa916df6e5336314f7a7a7be899f9bbf790443e7f7a386ae,CANDIDATE_ONSET,64716fcd-3b4e-4ff9-8bbf-96cfeb85560e,先進封裝設備,先進封裝設備,2026-02-09,,MAIN_RISE,,HOLD_CONFIRMATION,ORDINARY_SIGNAL_PENDING_CONFIRMATION,,,BOOTSTRAP_PRIOR_STATE_UNKNOWN,False,True,2026-02-09,2026-03-11,CURRENT_TAXONOMY_HISTORICAL_RECONSTRUCTION,RETROSPECTIVE_RESEARCH_ONLY,topic-lifecycle-policy.provisional.1,topic-lifecycle-shadow.v1,UNPUBLISHED_RESEARCH_ARTIFACT,2026-02-04,,True,HOLD_CONFIRMATION,UNKNOWN,PENDING,0.5,0.333333,0.0,2.191,8.353222,2026-02-05,,True,HOLD,UNKNOWN,PENDING,0.166667,0.0,0.0,-1.7659,0.440529,2026-02-06,,True,HOLD,UNKNOWN,PENDING,0.0,0.0,0.166667,-2.5182,-0.404858,True,HOLD_CONFIRMATION,UNKNOWN,PENDING,0.833333,0.5,0.0,3.6962,9.90566,-0.333333,-0.333333,0.0,-3.9569,-7.912693000000001,-0.166667,0.0,0.166667,-0.7523000000000002,-0.845387,0.833333,0.5,-0.166667,6.2144,10.310518
e529119c71e280adbf21cf2933fbb47195c04c96fb2b520e318e60998c6f073e,CANDIDATE_ONSET,7182ebf1-e253-47f7-a4c0-bd66517792f4,機器人系統整合,機器人系統整合,2026-02-09,,MAIN_RISE,,HOLD_CONFIRMATION,ORDINARY_SIGNAL_PENDING_CONFIRMATION,,,BOOTSTRAP_PRIOR_STATE_UNKNOWN,False,True,2026-02-09,2026-06-01,CURRENT_TAXONOMY_HISTORICAL_RECONSTRUCTION,RETROSPECTIVE_RESEARCH_ONLY,topic-lifecycle-policy.provisional.1,topic-lifecycle-shadow.v1,UNPUBLISHED_RESEARCH_ARTIFACT,2026-02-04,,True,HOLD,UNKNOWN,PENDING,1.0,0.0,0.0,2.901,3.746398,2026-02-05,,True,HOLD,UNKNOWN,PENDING,0.0,0.0,0.25,-3.5571,-2.288022,2026-02-06,,True,HOLD,UNKNOWN,PENDING,0.25,0.0,0.25,-1.772,3.623188,True,HOLD_CONFIRMATION,UNKNOWN,PENDING,0.75,0.5,0.0,2.8306,5.660377,-1.0,0.0,0.25,-6.4581,-6.03442,0.25,0.0,0.0,1.7851000000000001,5.91121,0.5,0.5,-0.25,4.6026,2.0371890000000006
67ef08583bd9663625d14e1b5339d4e504c3dfc897cbb6ec6797dbdb46306da2,CANDIDATE_ONSET,d3353ada-918c-4074-9b19-031ca54be4ae,DRAM／DDR,DRAM／DDR,2026-02-09,DECLINING,MAIN_RISE,DECLINING,HOLD_ILLEGAL_TRANSITION,JUMP_REQUIRES_STRONG_EVIDENCE,2026-02-03,5,OTHER_TO_MAIN_RISE,False,False,2026-02-09,2026-02-23,CURRENT_TAXONOMY_HISTORICAL_RECONSTRUCTION,RETROSPECTIVE_RESEARCH_ONLY,topic-lifecycle-policy.provisional.1,topic-lifecycle-shadow.v1,UNPUBLISHED_RESEARCH_ARTIFACT,2026-02-04,DECLINING,True,HOLD,UNKNOWN,RECONSTRUCTED_RESEARCH,0.818182,0.272727,0.0,2.3742,6.56,2026-02-05,DECLINING,True,HOLD,UNKNOWN,RECONSTRUCTED_RESEARCH,0.272727,0.0,0.181818,-1.783,3.740648,2026-02-06,DECLINING,True,HOLD_CURRENT_STAGE,UNKNOWN,RECONSTRUCTED_RESEARCH,0.181818,0.090909,0.545455,-3.7453,9.756098,True,HOLD_ILLEGAL_TRANSITION,UNKNOWN,RECONSTRUCTED_RESEARCH,0.727273,0.363636,0.0,3.3661,9.985935,-0.545455,-0.272727,0.181818,-4.1572,-2.8193519999999994,-0.09090899999999999,0.090909,0.363637,-1.9623,6.0154499999999995,0.5454549999999999,0.272727,-0.545455,7.1114,0.22983699999999985
fab526ffe07f148f13bc58f14a8bcf1cd4a9187841e71ecf4db486c31d25296b,CANDIDATE_ONSET,f78232ec-790d-486b-bddd-b70ceece1623,NAND Flash／SSD,NAND Flash／SSD,2026-02-09,DECLINING,MAIN_RISE,MAIN_RISE,JUMP_TRANSITION,STRONG_STRUCTURE_SIGNAL,2026-02-09,1,OTHER_TO_MAIN_RISE,True,False,2026-02-09,2026-02-09,CURRENT_TAXONOMY_HISTORICAL_RECONSTRUCTION,RETROSPECTIVE_RESEARCH_ONLY,topic-lifecycle-policy.provisional.1,topic-lifecycle-shadow.v1,UNPUBLISHED_RESEARCH_ARTIFACT,2026-02-04,DECLINING,True,HOLD_ILLEGAL_TRANSITION,UNKNOWN,RECONSTRUCTED_RESEARCH,0.75,0.125,0.0,1.6627,6.56,2026-02-05,DECLINING,True,HOLD,UNKNOWN,RECONSTRUCTED_RESEARCH,0.25,0.0,0.25,-2.0947,1.542416,2026-02-06,DECLINING,True,HOLD_CURRENT_STAGE,UNKNOWN,RECONSTRUCTED_RESEARCH,0.25,0.125,0.5,-3.4178,9.756098,True,JUMP_TRANSITION,UNKNOWN,RECONSTRUCTED_RESEARCH,0.875,0.5,0.0,4.71,9.985935,-0.5,-0.125,0.25,-3.7574,-5.017583999999999,0.0,0.125,0.25,-1.3231000000000002,8.213682,0.625,0.375,-0.5,8.1278,0.22983699999999985
2476f6576e9281eadcb645c09c5a4fc1007b3e74d863bbca2b93b5cc36ecb48a,CANDIDATE_ONSET,08e6c331-a3f5-482c-9250-5ec2c8be0fdd,特殊金屬材料,特殊金屬材料,2026-02-10,,MAIN_RISE,,HOLD_CONFIRMATION,ORDINARY_SIGNAL_PENDING_CONFIRMATION,,,BOOTSTRAP_PRIOR_STATE_UNKNOWN,False,True,2026-02-10,2026-04-13,CURRENT_TAXONOMY_HISTORICAL_RECONSTRUCTION,RETROSPECTIVE_RESEARCH_ONLY,topic-lifecycle-policy.provisional.1,topic-lifecycle-shadow.v1,UNPUBLISHED_RESEARCH_ARTIFACT,2026-02-05,,True,HOLD,UNKNOWN,PENDING,0.2,0.0,0.0,-2.1609,0.330033,2026-02-06,,True,HOLD_CONFIRMATION,UNKNOWN,PENDING,0.2,0.2,0.2,-0.8784,7.073171,2026-02-09,,True,HOLD,UNKNOWN,PENDING,1.0,0.2,0.0,3.2373,9.794989,True,HOLD_CONFIRMATION,UNKNOWN,PENDING,0.8,0.6,0.0,3.8854,9.958506,0.0,0.2,0.2,1.2824999999999998,6.743138,0.8,0.0,-0.2,4.1156999999999995,2.721817999999999,-0.19999999999999996,0.39999999999999997,0.0,0.6481000000000003,0.16351700000000058
3640b2a1dabddf38cd21b76a63e0df088bfe071af8ba47469d4e7050340962b5,CANDIDATE_ONSET,0164c666-c39c-440a-ac20-f3180d5952e0,無人機,無人機,2026-02-23,,MAIN_RISE,MAIN_RISE,JUMP_TRANSITION,STRONG_STRUCTURE_SIGNAL,2026-02-23,1,BOOTSTRAP_PRIOR_STATE_UNKNOWN,True,True,2026-02-23,2026-02-23,CURRENT_TAXONOMY_HISTORICAL_RECONSTRUCTION,RETROSPECTIVE_RESEARCH_ONLY,topic-lifecycle-policy.provisional.1,topic-lifecycle-shadow.v1,UNPUBLISHED_RESEARCH_ARTIFACT,2026-02-09,,True,HOLD_CONFIRMATION,UNKNOWN,PENDING,0.6875,0.125,0.0,1.3646,8.372093,2026-02-10,,True,HOLD,UNKNOWN,PENDING,0.625,0.0,0.0625,-0.3845,2.136182,2026-02-11,,True,HOLD_CONFIRMATION,UNKNOWN,PENDING,0.75,0.125,0.0,1.6286,6.09319,True,JUMP_TRANSITION,UNKNOWN,RECONSTRUCTED_RESEARCH,1.0,0.5,0.0,4.5695,9.836066,-0.0625,-0.125,0.0625,-1.7491,-6.235911,0.125,0.125,-0.0625,2.0131,3.957008,0.25,0.375,0.0,2.9408999999999996,3.7428760000000008
59de62ff6d123853a417188fdddb6861145d295c4b5c68c8a56f9dcf974815dc,CANDIDATE_ONSET,1c05a0c9-e6ab-4ec1-9c19-3edfadb6fca8,顯卡,顯卡,2026-02-23,,MAIN_RISE,,HOLD_CONFIRMATION,ORDINARY_SIGNAL_PENDING_CONFIRMATION,,,BOOTSTRAP_PRIOR_STATE_UNKNOWN,False,True,2026-02-23,2026-03-11,CURRENT_TAXONOMY_HISTORICAL_RECONSTRUCTION,RETROSPECTIVE_RESEARCH_ONLY,topic-lifecycle-policy.provisional.1,topic-lifecycle-shadow.v1,UNPUBLISHED_RESEARCH_ARTIFACT,2026-02-09,,True,HOLD_CONFIRMATION,UNKNOWN,PENDING,0.285714,0.142857,0.0,0.5586,9.795918,2026-02-10,,True,HOLD_CONFIRMATION,UNKNOWN,PENDING,0.714286,0.285714,0.0,2.2162,7.806691,2026-02-11,,True,HOLD_CONFIRMATION,UNKNOWN,PENDING,0.428571,0.142857,0.142857,0.6388,10.0,True,HOLD_CONFIRMATION,UNKNOWN,PENDING,0.714286,0.428571,0.0,3.1314,9.717868,0.42857199999999995,0.142857,0.0,1.6576000000000002,-1.9892270000000005,-0.285715,-0.142857,0.142857,-1.5774000000000001,2.193309,0.285715,0.28571399999999997,-0.142857,2.4926000000000004,-0.2821320000000007
ac041c7f014ed218f6c5579d1ad7c615ccbec0125cf5bf7138cf1306090be063,CANDIDATE_ONSET,1f1d3a46-ee24-4e90-8eb0-0dbf319d7544,MCU,MCU,2026-02-23,FERMENTING,MAIN_RISE,FERMENTING,HOLD_CONFIRMATION,ORDINARY_SIGNAL_PENDING_CONFIRMATION,2026-02-10,3,FERMENTING_TO_MAIN_RISE,False,False,2026-02-23,,CURRENT_TAXONOMY_HISTORICAL_RECONSTRUCTION,RETROSPECTIVE_RESEARCH_ONLY,topic-lifecycle-policy.provisional.1,topic-lifecycle-shadow.v1,UNPUBLISHED_RESEARCH_ARTIFACT,2026-02-09,,True,HOLD_CONFIRMATION,UNKNOWN,PENDING,0.6,0.4,0.0,2.1013,5.280172,2026-02-10,FERMENTING,True,CONFIRMED_TRANSITION,UNKNOWN,RECONSTRUCTED_RESEARCH,0.6,0.4,0.0,2.8745,9.928352,2026-02-11,FERMENTING,True,HOLD_CONFIRMATION,UNKNOWN,RECONSTRUCTED_RESEARCH,0.4,0.2,0.0,0.8501,5.214153,True,HOLD_CONFIRMATION,UNKNOWN,RECONSTRUCTED_RESEARCH,0.8,0.6,0.0,5.6201,9.950249,0.0,0.0,0.0,0.7731999999999997,4.64818,-0.19999999999999996,-0.2,0.0,-2.0244,-4.714199000000001,0.4,0.39999999999999997,0.0,4.77,4.736096
35262af1f4fb1f38e2e3fc4b1c8ef7b5507a6b18239deb4980dd9e4b8481c27d,CANDIDATE_ONSET,3c7a1702-eb72-4779-920c-203536534510,半導體原料,半導體原料,2026-02-23,FERMENTING,MAIN_RISE,FERMENTING,HOLD_CONFIRMATION,ORDINARY_SIGNAL_PENDING_CONFIRMATION,2026-02-10,3,FERMENTING_TO_MAIN_RISE,False,False,2026-02-23,2026-02-24,CURRENT_TAXONOMY_HISTORICAL_RECONSTRUCTION,RETROSPECTIVE_RESEARCH_ONLY,topic-lifecycle-policy.provisional.1,topic-lifecycle-shadow.v1,UNPUBLISHED_RESEARCH_ARTIFACT,2026-02-09,,True,HOLD_CONFIRMATION,UNKNOWN,PENDING,0.75,0.1875,0.0,2.2033,8.163265,2026-02-10,FERMENTING,True,CONFIRMED_TRANSITION,UNKNOWN,RECONSTRUCTED_RESEARCH,0.5625,0.0625,0.0,0.8188,9.818182,2026-02-11,FERMENTING,True,HOLD,UNKNOWN,RECONSTRUCTED_RESEARCH,0.5625,0.0625,0.125,-0.6536,4.074074,True,HOLD_CONFIRMATION,UNKNOWN,RECONSTRUCTED_RESEARCH,0.75,0.5,0.0625,3.5372,10.0,-0.1875,-0.125,0.0,-1.3845,1.6549169999999993,0.0,0.0,0.125,-1.4724,-5.744108,0.1875,0.4375,-0.0625,4.190799999999999,5.925926
322565e33fd33054532c833642979e822de86dab4513b1c26dcf6173308b9c0b,CANDIDATE_ONSET,4a7b6805-9ede-49bc-8e89-b9a3c1ee652f,電感,電感,2026-02-23,,MAIN_RISE,,HOLD_CONFIRMATION,ORDINARY_SIGNAL_PENDING_CONFIRMATION,,,BOOTSTRAP_PRIOR_STATE_UNKNOWN,False,True,2026-02-23,2026-04-13,CURRENT_TAXONOMY_HISTORICAL_RECONSTRUCTION,RETROSPECTIVE_RESEARCH_ONLY,topic-lifecycle-policy.provisional.1,topic-lifecycle-shadow.v1,UNPUBLISHED_RESEARCH_ARTIFACT,2026-02-09,,True,HOLD,UNKNOWN,PENDING,1.0,0.166667,0.0,2.5466,5.444646,2026-02-10,,True,HOLD,UNKNOWN,PENDING,0.333333,0.0,0.0,-1.1898,1.6,2026-02-11,,True,HOLD,UNKNOWN,PENDING,0.833333,0.0,0.0,0.5505,3.190319,True,HOLD_CONFIRMATION,UNKNOWN,PENDING,1.0,0.833333,0.0,7.0095,9.960938,-0.666667,-0.166667,0.0,-3.7364,-3.8446459999999996,0.5,0.0,0.0,1.7403,1.590319,0.166667,0.833333,0.0,6.459,6.770619
0670f7ecbe58b44373ca0e0a190478419ed2fc9aa0042a617a50355e46ce0c94,CANDIDATE_ONSET,6009750c-61d5-4472-9bd1-ed4c75b1981c,FOPLP,FOPLP,2026-02-23,SPROUTING,MAIN_RISE,SPROUTING,HOLD_ILLEGAL_TRANSITION,JUMP_REQUIRES_STRONG_EVIDENCE,2026-02-10,3,SPROUTING_TO_MAIN_RISE,False,False,2026-02-23,2026-03-11,CURRENT_TAXONOMY_HISTORICAL_RECONSTRUCTION,RETROSPECTIVE_RESEARCH_ONLY,topic-lifecycle-policy.provisional.1,topic-lifecycle-shadow.v1,UNPUBLISHED_RESEARCH_ARTIFACT,2026-02-09,FERMENTING,True,HOLD_CONFIRMATION,UNKNOWN,RECONSTRUCTED_RESEARCH,0.444444,0.333333,0.222222,0.8264,9.825328,2026-02-10,SPROUTING,True,CONFIRMED_TRANSITION,UNKNOWN,RECONSTRUCTED_RESEARCH,0.111111,0.111111,0.222222,-1.5536,9.542744,2026-02-11,SPROUTING,True,HOLD,UNKNOWN,RECONSTRUCTED_RESEARCH,0.555556,0.111111,0.0,0.1352,4.275534,True,HOLD_ILLEGAL_TRANSITION,UNKNOWN,RECONSTRUCTED_RESEARCH,1.0,0.444444,0.0,4.3475,7.317073,-0.333333,-0.22222199999999998,0.0,-2.38,-0.28258399999999995,0.44444500000000003,0.0,-0.222222,1.6888,-5.26721,0.44444399999999995,0.333333,0.0,4.2123,3.0415389999999993
449d888baabcfa938d093d1b2ac07e8c355c6d640d1e1bed48195e054b17d95a,CANDIDATE_ONSET,8cd1db67-2825-4ce0-8d61-ae54ac157bb2,鋁電容,鋁電容,2026-02-23,,MAIN_RISE,MAIN_RISE,JUMP_TRANSITION,STRONG_STRUCTURE_SIGNAL,2026-02-23,1,BOOTSTRAP_PRIOR_STATE_UNKNOWN,True,True,2026-02-23,2026-02-23,CURRENT_TAXONOMY_HISTORICAL_RECONSTRUCTION,RETROSPECTIVE_RESEARCH_ONLY,topic-lifecycle-policy.provisional.1,topic-lifecycle-shadow.v1,UNPUBLISHED_RESEARCH_ARTIFACT,2026-02-09,,True,HOLD,UNKNOWN,PENDING,0.888889,0.333333,0.0,3.3753,9.961686,2026-02-10,,True,HOLD_CONFIRMATION,UNKNOWN,PENDING,0.444444,0.111111,0.0,0.4529,9.89011,2026-02-11,,True,HOLD_CONFIRMATION,UNKNOWN,PENDING,0.777778,0.222222,0.0,1.6852,5.856833,True,JUMP_TRANSITION,UNKNOWN,RECONSTRUCTED_RESEARCH,1.0,0.888889,0.0,5.4776,9.836066,-0.44444500000000003,-0.22222199999999998,0.0,-2.9224,-0.0715760000000003,0.33333399999999996,0.111111,0.0,1.2323,-4.033277,0.22222200000000003,0.666667,0.0,3.7923999999999998,3.9792330000000007
0cf71372d867021deca1f066cdd4d973d51eb521c837373f828cef630783b6f5,CANDIDATE_ONSET,b5f1865b-9a2b-4d65-a807-9d5af78025ea,MLCC,MLCC,2026-02-23,,MAIN_RISE,,HOLD_CONFIRMATION,ORDINARY_SIGNAL_PENDING_CONFIRMATION,,,BOOTSTRAP_PRIOR_STATE_UNKNOWN,False,True,2026-02-23,2026-02-24,CURRENT_TAXONOMY_HISTORICAL_RECONSTRUCTION,RETROSPECTIVE_RESEARCH_ONLY,topic-lifecycle-policy.provisional.1,topic-lifecycle-shadow.v1,UNPUBLISHED_RESEARCH_ARTIFACT,2026-02-09,,True,HOLD,UNKNOWN,PENDING,0.833333,0.0,0.0,1.5456,3.289474,2026-02-10,,True,HOLD,UNKNOWN,PENDING,0.5,0.0,0.0,-0.1095,1.6,2026-02-11,,True,HOLD,UNKNOWN,PENDING,0.5,0.0,0.0,-0.0061,0.787402,True,HOLD_CONFIRMATION,UNKNOWN,PENDING,1.0,0.833333,0.0,7.704,9.960938,-0.333333,0.0,0.0,-1.6551,-1.6894739999999997,0.0,0.0,0.0,0.1034,-0.812598,0.5,0.833333,0.0,7.7101,9.173536
204263ca494ba4303fa41af7b62a6cbb2baad97b85e0864f1e18b8720248c8fa,CANDIDATE_ONSET,bbe784aa-0fd2-4948-8081-bc5d3e4b9333,軍工船舶,軍工船舶,2026-02-23,,MAIN_RISE,,HOLD_CONFIRMATION,ORDINARY_SIGNAL_PENDING_CONFIRMATION,,,BOOTSTRAP_PRIOR_STATE_UNKNOWN,False,True,2026-02-23,,CURRENT_TAXONOMY_HISTORICAL_RECONSTRUCTION,RETROSPECTIVE_RESEARCH_ONLY,topic-lifecycle-policy.provisional.1,topic-lifecycle-shadow.v1,UNPUBLISHED_RESEARCH_ARTIFACT,2026-02-09,,True,HOLD_CONFIRMATION,UNKNOWN,PENDING,0.666667,0.0,0.0,1.4398,3.899083,2026-02-10,,True,HOLD,UNKNOWN,PENDING,1.0,0.0,0.0,1.0666,1.818182,2026-02-11,,True,HOLD_CONFIRMATION,UNKNOWN,PENDING,0.666667,0.0,0.0,1.5194,3.571429,True,HOLD_CONFIRMATION,UNKNOWN,PENDING,1.0,0.666667,0.0,5.4896,9.726444,0.333333,0.0,0.0,-0.3732,-2.080901,-0.333333,0.0,0.0,0.4528000000000001,1.7532470000000002,0.333333,0.666667,0.0,3.9702,6.155015000000001
f41086ab2bd7d33516f582b563ccb8aaddf43c44c2e3163df3b8cd4849443c3a,CANDIDATE_ONSET,bd6bd732-6afb-47f7-8257-69b7734a5b39,半導體設備零組件,半導體設備零組件,2026-02-23,,MAIN_RISE,,HOLD_CONFIRMATION,ORDINARY_SIGNAL_PENDING_CONFIRMATION,,,BOOTSTRAP_PRIOR_STATE_UNKNOWN,False,True,2026-02-23,2026-03-05,CURRENT_TAXONOMY_HISTORICAL_RECONSTRUCTION,RETROSPECTIVE_RESEARCH_ONLY,topic-lifecycle-policy.provisional.1,topic-lifecycle-shadow.v1,UNPUBLISHED_RESEARCH_ARTIFACT,2026-02-09,,True,HOLD_CONFIRMATION,PARTIAL,PENDING,0.777778,0.333333,0.0,3.5615,10.0,2026-02-10,,True,HOLD,PARTIAL,PENDING,0.444444,0.0,0.0,-0.1062,2.893891,2026-02-11,,True,HOLD,PARTIAL,PENDING,0.222222,0.0,0.0,-0.8319,0.179533,True,HOLD_CONFIRMATION,PARTIAL,PENDING,1.0,0.444444,0.0,4.2958,9.984399,-0.33333399999999996,-0.333333,0.0,-3.6677,-7.106109,-0.222222,0.0,0.0,-0.7257,-2.714358,0.777778,0.444444,0.0,5.1277,9.804866
44dff2d879c73ea06c00a2168854ae24760a915f4116e9f0000b4a15bd77cde0,CANDIDATE_ONSET,f6419395-741d-4947-a548-4603a7b59b4f,儲能,儲能,2026-02-23,FERMENTING,MAIN_RISE,FERMENTING,HOLD_CONFIRMATION,ORDINARY_SIGNAL_PENDING_CONFIRMATION,2026-02-04,7,FERMENTING_TO_MAIN_RISE,False,False,2026-02-23,2026-06-03,CURRENT_TAXONOMY_HISTORICAL_RECONSTRUCTION,RETROSPECTIVE_RESEARCH_ONLY,topic-lifecycle-policy.provisional.1,topic-lifecycle-shadow.v1,UNPUBLISHED_RESEARCH_ARTIFACT,2026-02-09,FERMENTING,True,HOLD_CURRENT_STAGE,UNKNOWN,RECONSTRUCTED_RESEARCH,0.636364,0.0,0.0,0.5305,3.842049,2026-02-10,FERMENTING,True,HOLD,UNKNOWN,RECONSTRUCTED_RESEARCH,0.5,0.0,0.090909,-0.4964,3.293413,2026-02-11,FERMENTING,True,HOLD,UNKNOWN,RECONSTRUCTED_RESEARCH,0.454545,0.045455,0.045455,0.1343,6.329114,True,HOLD_CONFIRMATION,UNKNOWN,RECONSTRUCTED_RESEARCH,0.909091,0.363636,0.0,3.4063,9.726444,-0.13636400000000004,0.0,0.090909,-1.0269,-0.5486359999999997,-0.04545500000000002,0.045455,-0.045454,0.6307,3.0357009999999995,0.454546,0.318181,-0.045455,3.272,3.397330000000001
1c5291ea8554e3883ba06d8736149a4891d70d51a3a9bb6450f3f4638a6ca5bc,CANDIDATE_ONSET,31b6da19-e75d-43a8-9cf6-21278194e3d3,成熟製程,成熟製程,2026-02-24,FERMENTING,MAIN_RISE,FERMENTING,HOLD_CONFIRMATION,ORDINARY_SIGNAL_PENDING_CONFIRMATION,2026-02-09,5,FERMENTING_TO_MAIN_RISE,False,False,2026-02-24,,CURRENT_TAXONOMY_HISTORICAL_RECONSTRUCTION,RETROSPECTIVE_RESEARCH_ONLY,topic-lifecycle-policy.provisional.1,topic-lifecycle-shadow.v1,UNPUBLISHED_RESEARCH_ARTIFACT,2026-02-10,FERMENTING,True,HOLD,UNKNOWN,RECONSTRUCTED_RESEARCH,0.5,0.0,0.0,-0.0612,0.783699,2026-02-11,FERMENTING,True,HOLD,UNKNOWN,RECONSTRUCTED_RESEARCH,0.5,0.0,0.0,-0.3287,1.204819,2026-02-23,FERMENTING,True,HOLD_CURRENT_STAGE,UNKNOWN,RECONSTRUCTED_RESEARCH,0.75,0.25,0.0,2.3584,6.180666,True,HOLD_CONFIRMATION,UNKNOWN,RECONSTRUCTED_RESEARCH,1.0,0.75,0.0,7.37,10.0,0.0,0.0,0.0,-0.2675,0.42112000000000005,0.25,0.25,0.0,2.6871,4.975847,0.25,0.5,0.0,5.0116,3.8193339999999996
567fcebdc12dad9a3326d9be3e5e2a2eca0a92b4a6f4fd67d8a3f852ff4f496c,CANDIDATE_ONSET,6fed881a-79d8-4265-aef5-5c1cd5902447,Chiplet,Chiplet,2026-02-24,FERMENTING,MAIN_RISE,FERMENTING,HOLD_CONFIRMATION,ORDINARY_SIGNAL_PENDING_CONFIRMATION,2026-02-10,4,FERMENTING_TO_MAIN_RISE,False,False,2026-02-24,2026-03-11,CURRENT_TAXONOMY_HISTORICAL_RECONSTRUCTION,RETROSPECTIVE_RESEARCH_ONLY,topic-lifecycle-policy.provisional.1,topic-lifecycle-shadow.v1,UNPUBLISHED_RESEARCH_ARTIFACT,2026-02-10,FERMENTING,True,CONFIRMED_TRANSITION,UNKNOWN,RECONSTRUCTED_RESEARCH,0.714286,0.285714,0.142857,1.4747,7.643312,2026-02-11,FERMENTING,True,HOLD,UNKNOWN,RECONSTRUCTED_RESEARCH,0.285714,0.0,0.142857,-1.351,3.052326,2026-02-23,FERMENTING,True,HOLD,UNKNOWN,RECONSTRUCTED_RESEARCH,0.285714,0.0,0.142857,-0.9985,2.777778,True,HOLD_CONFIRMATION,UNKNOWN,RECONSTRUCTED_RESEARCH,0.714286,0.428571,0.0,3.4832,9.312321,-0.42857199999999995,-0.285714,0.0,-2.8257,-4.590986,0.0,0.0,0.0,0.3524999999999999,-0.2745479999999998,0.42857199999999995,0.428571,-0.142857,4.4817,6.534543000000001
40e96dba326f44071f4dae9ad3a88952103c2469a7ea088e2881ba4147e3a47d,CANDIDATE_ONSET,cf69341b-5104-41d5-857a-e2827f511cb6,其他被動元件,其他被動元件,2026-02-24,,MAIN_RISE,,HOLD_CONFIRMATION,ORDINARY_SIGNAL_PENDING_CONFIRMATION,,,BOOTSTRAP_PRIOR_STATE_UNKNOWN,False,True,2026-02-24,2026-03-17,CURRENT_TAXONOMY_HISTORICAL_RECONSTRUCTION,RETROSPECTIVE_RESEARCH_ONLY,topic-lifecycle-policy.provisional.1,topic-lifecycle-shadow.v1,UNPUBLISHED_RESEARCH_ARTIFACT,2026-02-10,,True,HOLD,UNKNOWN,PENDING,0.5,0.1,0.1,0.4369,5.357143,2026-02-11,,True,HOLD,UNKNOWN,PENDING,0.6,0.0,0.1,-0.0997,2.581756,2026-02-23,,True,HOLD,UNKNOWN,PENDING,0.8,0.3,0.0,3.7,10.0,True,HOLD_CONFIRMATION,UNKNOWN,PENDING,0.7,0.5,0.0,3.8162,9.943182,0.09999999999999998,-0.1,0.0,-0.5366,-2.775387,0.20000000000000007,0.3,-0.1,3.7997,7.418244,-0.10000000000000009,0.2,0.0,0.11619999999999964,-0.05681799999999981
12224a1c2619ee8581cf0b0cc8b3d9a0381f78dd62a0df15e42405bf9fb50cd8,CANDIDATE_ONSET,e8b5f9c2-c4ac-4ee4-8bfc-8aa501a154a9,石英元件,石英元件,2026-02-24,,MAIN_RISE,,HOLD_CONFIRMATION,ORDINARY_SIGNAL_PENDING_CONFIRMATION,,,BOOTSTRAP_PRIOR_STATE_UNKNOWN,False,True,2026-02-24,2026-04-13,CURRENT_TAXONOMY_HISTORICAL_RECONSTRUCTION,RETROSPECTIVE_RESEARCH_ONLY,topic-lifecycle-policy.provisional.1,topic-lifecycle-shadow.v1,UNPUBLISHED_RESEARCH_ARTIFACT,2026-02-10,,True,HOLD,UNKNOWN,PENDING,0.4,0.0,0.2,-0.93,0.915332,2026-02-11,,True,HOLD,UNKNOWN,PENDING,0.2,0.0,0.0,-0.3429,0.380228,2026-02-23,,True,HOLD,UNKNOWN,PENDING,1.0,0.2,0.0,2.9685,7.19697,True,HOLD_CONFIRMATION,UNKNOWN,PENDING,1.0,0.4,0.0,3.8108,7.550645,-0.2,0.0,-0.2,0.5871000000000001,-0.535104,0.8,0.2,0.0,3.3114,6.8167420000000005,0.0,0.2,0.0,0.8422999999999998,0.35367499999999996
b14a7fc7457a4faba0062a06bf9ef1e0f90ae8564d992846284890c8cc27c774,CANDIDATE_ONSET,678b3fb9-7c3b-4c03-ba8b-ae11a76c9902,風冷散熱,風冷散熱,2026-02-25,FERMENTING,MAIN_RISE,FERMENTING,HOLD_CONFIRMATION,ORDINARY_SIGNAL_PENDING_CONFIRMATION,2026-02-24,2,FERMENTING_TO_MAIN_RISE,False,False,2026-02-25,,CURRENT_TAXONOMY_HISTORICAL_RECONSTRUCTION,RETROSPECTIVE_RESEARCH_ONLY,topic-lifecycle-policy.provisional.1,topic-lifecycle-shadow.v1,UNPUBLISHED_RESEARCH_ARTIFACT,2026-02-11,,True,HOLD_CONFIRMATION,UNKNOWN,PENDING,0.25,0.25,0.0,0.2521,4.536489,2026-02-23,,True,HOLD_CONFIRMATION,UNKNOWN,PENDING,0.75,0.0,0.0,0.6356,1.730104,2026-02-24,FERMENTING,True,CONFIRMED_TRANSITION,UNKNOWN,RECONSTRUCTED_RESEARCH,0.5,0.0,0.0,0.5895,2.654867,True,HOLD_CONFIRMATION,UNKNOWN,RECONSTRUCTED_RESEARCH,0.75,0.5,0.0,2.9575,6.681034,0.5,-0.25,0.0,0.38350000000000006,-2.8063850000000006,-0.25,0.0,0.0,-0.04610000000000003,0.9247629999999998,0.25,0.5,0.0,2.368,4.026167000000001
f60cc8a300995ae7892c9c51b2dfb2e4b8732147c9fd09b689cdd0c6f3ebd3c9,CANDIDATE_ONSET,c059001d-2320-491d-88a0-57316497c107,大型電子權值,大型電子權值,2026-02-25,,MAIN_RISE,MAIN_RISE,JUMP_TRANSITION,STRONG_STRUCTURE_SIGNAL,2026-02-25,1,BOOTSTRAP_PRIOR_STATE_UNKNOWN,True,True,2026-02-25,2026-02-25,CURRENT_TAXONOMY_HISTORICAL_RECONSTRUCTION,RETROSPECTIVE_RESEARCH_ONLY,topic-lifecycle-policy.provisional.1,topic-lifecycle-shadow.v1,UNPUBLISHED_RESEARCH_ARTIFACT,2026-02-11,,True,HOLD,UNKNOWN,PENDING,1.0,0.0,0.0,1.5281,3.052326,2026-02-23,,True,HOLD,UNKNOWN,PENDING,0.25,0.0,0.0,-0.7834,2.139037,2026-02-24,,True,HOLD,UNKNOWN,PENDING,1.0,0.125,0.0,2.2358,9.312321,True,JUMP_TRANSITION,UNKNOWN,RECONSTRUCTED_RESEARCH,1.0,0.5,0.0,4.052,6.25,-0.75,0.0,0.0,-2.3115,-0.9132889999999998,0.75,0.125,0.0,3.0191999999999997,7.173284000000001,0.0,0.375,0.0,1.8161999999999998,-3.0623210000000007
7510e814bf3d79572783c57519f9188c7de4a2670f9ccacf0e32fb87900285fc,CANDIDATE_ONSET,cd144cdb-c629-4ebb-9dd9-0bf3c6b21e7b,化工原料／塑化報價,化工原料／塑化報價,2026-02-25,,MAIN_RISE,,HOLD_CONFIRMATION,ORDINARY_SIGNAL_PENDING_CONFIRMATION,,,BOOTSTRAP_PRIOR_STATE_UNKNOWN,False,True,2026-02-25,2026-03-06,CURRENT_TAXONOMY_HISTORICAL_RECONSTRUCTION,RETROSPECTIVE_RESEARCH_ONLY,topic-lifecycle-policy.provisional.1,topic-lifecycle-shadow.v1,UNPUBLISHED_RESEARCH_ARTIFACT,2026-02-11,,True,HOLD_CONFIRMATION,UNKNOWN,PENDING,0.769231,0.0,0.0,1.1833,3.680982,2026-02-23,,True,HOLD,UNKNOWN,PENDING,0.846154,0.307692,0.0,3.4094,10.0,2026-02-24,,True,HOLD,UNKNOWN,PENDING,0.846154,0.153846,0.0,2.7157,9.803922,True,HOLD_CONFIRMATION,UNKNOWN,PENDING,0.769231,0.384615,0.0,3.2664,9.944134,0.07692299999999996,0.307692,0.0,2.2261,6.319018,0.0,-0.153846,0.0,-0.6937000000000002,-0.19607799999999997,-0.07692299999999996,0.23076899999999997,0.0,0.5507,0.140212
25601191323511adfee90d2f3892cdd5a0d143b273010e2d71620250a394cf6e,CANDIDATE_ONSET,11a022cb-f332-4b73-b821-dbe5c419229f,雲端資安,雲端資安,2026-02-26,,MAIN_RISE,,HOLD_CONFIRMATION,ORDINARY_SIGNAL_PENDING_CONFIRMATION,,,BOOTSTRAP_PRIOR_STATE_UNKNOWN,False,True,2026-02-26,,CURRENT_TAXONOMY_HISTORICAL_RECONSTRUCTION,RETROSPECTIVE_RESEARCH_ONLY,topic-lifecycle-policy.provisional.1,topic-lifecycle-shadow.v1,UNPUBLISHED_RESEARCH_ARTIFACT,2026-02-23,,True,HOLD,UNKNOWN,PENDING,0.8,0.2,0.0,1.2884,5.357143,2026-02-24,,True,HOLD,UNKNOWN,PENDING,0.0,0.0,0.0,-0.4947,0.0,2026-02-25,,True,HOLD,UNKNOWN,PENDING,0.4,0.0,0.0,-0.3394,0.917431,True,HOLD_CONFIRMATION,UNKNOWN,PENDING,1.0,0.8,0.0,5.9518,9.988649,-0.8,-0.2,0.0,-1.7831,-5.357143,0.4,0.0,0.0,0.1553,0.917431,0.6,0.8,0.0,6.291200000000001,9.071218
439769f9a46e365c20e4361787fddbb91a042c6f23f995eab883f32d488b88da,CANDIDATE_ONSET,138f9f09-70ca-46bc-9b94-5a069ec2ba19,SiC／GaN 功率元件,SiC／GaN 功率元件,2026-02-26,,MAIN_RISE,,HOLD_CONFIRMATION,ORDINARY_SIGNAL_PENDING_CONFIRMATION,,,BOOTSTRAP_PRIOR_STATE_UNKNOWN,False,True,2026-02-26,,CURRENT_TAXONOMY_HISTORICAL_RECONSTRUCTION,RETROSPECTIVE_RESEARCH_ONLY,topic-lifecycle-policy.provisional.1,topic-lifecycle-shadow.v1,UNPUBLISHED_RESEARCH_ARTIFACT,2026-02-23,,True,HOLD,UNKNOWN,PENDING,1.0,0.0,0.0,2.5786,3.444181,2026-02-24,,True,HOLD,UNKNOWN,PENDING,1.0,0.2,0.0,2.7861,5.185185,2026-02-25,,True,HOLD,UNKNOWN,PENDING,0.2,0.0,0.0,-1.2352,0.228571,True,HOLD_CONFIRMATION,UNKNOWN,PENDING,1.0,0.4,0.0,4.6222,9.874327,0.0,0.2,0.0,0.20750000000000002,1.7410039999999998,-0.8,-0.2,0.0,-4.0213,-4.956614,0.8,0.4,0.0,5.8574,9.645755999999999
f4813b27e8122f7c60bdf540411d8bae924ebdbf4f54b432d8e37b1776830814,CANDIDATE_ONSET,17957076-0c50-44b4-92f1-6ddd3eba40dd,網路資安,網路資安,2026-02-26,,MAIN_RISE,,HOLD_CONFIRMATION,ORDINARY_SIGNAL_PENDING_CONFIRMATION,,,BOOTSTRAP_PRIOR_STATE_UNKNOWN,False,True,2026-02-26,,CURRENT_TAXONOMY_HISTORICAL_RECONSTRUCTION,RETROSPECTIVE_RESEARCH_ONLY,topic-lifecycle-policy.provisional.1,topic-lifecycle-shadow.v1,UNPUBLISHED_RESEARCH_ARTIFACT,2026-02-23,,True,HOLD,UNKNOWN,PENDING,0.2,0.0,0.0,0.1759,3.004292,2026-02-24,,True,HOLD_CONFIRMATION,UNKNOWN,PENDING,0.6,0.4,0.0,2.8993,9.931034,2026-02-25,,True,HOLD,UNKNOWN,PENDING,0.6,0.0,0.2,-0.8842,2.390438,True,HOLD_CONFIRMATION,UNKNOWN,PENDING,0.8,0.4,0.0,2.3871,8.0,0.39999999999999997,0.4,0.0,2.7234000000000003,6.926742000000001,0.0,-0.4,0.2,-3.7835,-7.540596000000001,0.20000000000000007,0.4,-0.2,3.2713,5.609562
a347b9593990a02971abe414f895d1f1391ba5c3fddcf5ecf492d5fa65cffa87,CANDIDATE_ONSET,1c8f78e9-61e9-4676-b5ce-ffddd1391586,GaN 晶圓／GaN-on-Si,GaN 晶圓／GaN-on-Si,2026-02-26,,MAIN_RISE,,HOLD_CONFIRMATION,ORDINARY_SIGNAL_PENDING_CONFIRMATION,,,BOOTSTRAP_PRIOR_STATE_UNKNOWN,False,True,2026-02-26,2026-04-21,CURRENT_TAXONOMY_HISTORICAL_RECONSTRUCTION,RETROSPECTIVE_RESEARCH_ONLY,topic-lifecycle-policy.provisional.1,topic-lifecycle-shadow.v1,UNPUBLISHED_RESEARCH_ARTIFACT,2026-02-23,,True,HOLD_CONFIRMATION,UNKNOWN,PENDING,0.666667,0.333333,0.333333,0.8992,6.126126,2026-02-24,,True,HOLD,UNKNOWN,PENDING,1.0,0.333333,0.0,3.6335,4.705882,2026-02-25,,True,HOLD,UNKNOWN,PENDING,0.333333,0.0,0.0,-1.4654,1.685393,True,HOLD_CONFIRMATION,UNKNOWN,PENDING,1.0,0.666667,0.0,4.2262,7.508532,0.333333,0.0,-0.333333,2.7343,-1.4202440000000003,-0.666667,-0.333333,0.0,-5.0989,-3.020489,0.666667,0.666667,0.0,5.6916,5.823138999999999
a3c89266f20d4009ca9f81c38bd8a98f75a242fd419504bc15659a7948ce7a7f,CANDIDATE_ONSET,3036362e-e366-465e-83ff-35e8843bea59,一般封測,一般封測,2026-02-26,,MAIN_RISE,,HOLD_CONFIRMATION,ORDINARY_SIGNAL_PENDING_CONFIRMATION,,,BOOTSTRAP_PRIOR_STATE_UNKNOWN,False,True,2026-02-26,2026-03-05,CURRENT_TAXONOMY_HISTORICAL_RECONSTRUCTION,RETROSPECTIVE_RESEARCH_ONLY,topic-lifecycle-policy.provisional.1,topic-lifecycle-shadow.v1,UNPUBLISHED_RESEARCH_ARTIFACT,2026-02-23,,True,HOLD_CONFIRMATION,UNKNOWN,PENDING,0.75,0.083333,0.083333,1.1934,7.722772,2026-02-24,,True,HOLD,UNKNOWN,PENDING,0.916667,0.333333,0.0,3.1586,6.690141,2026-02-25,,True,HOLD_CONFIRMATION,UNKNOWN,PENDING,0.583333,0.333333,0.0,1.9866,9.98308,True,HOLD_CONFIRMATION,UNKNOWN,PENDING,0.833333,0.416667,0.083333,3.6013,10.0,0.166667,0.25,-0.083333,1.9651999999999998,-1.0326310000000003,-0.333334,0.0,0.0,-1.172,3.2929389999999996,0.25,0.08333400000000002,0.083333,1.6147000000000002,0.016920000000000712
5af135970361d398d0a63758fe4c712a6eb5016d993b767ca64ecaed3b5894b7,CANDIDATE_ONSET,0c309bf8-8ec3-44e5-8c87-67c3134c4cb6,其他半導體設備,其他半導體設備,2026-03-05,DECLINING,MAIN_RISE,MAIN_RISE,JUMP_TRANSITION,STRONG_STRUCTURE_SIGNAL,2026-03-05,1,OTHER_TO_MAIN_RISE,True,False,2026-03-05,2026-03-05,CURRENT_TAXONOMY_HISTORICAL_RECONSTRUCTION,RETROSPECTIVE_RESEARCH_ONLY,topic-lifecycle-policy.provisional.1,topic-lifecycle-shadow.v1,UNPUBLISHED_RESEARCH_ARTIFACT,2026-03-02,FERMENTING,True,HOLD_CURRENT_STAGE,UNKNOWN,RECONSTRUCTED_RESEARCH,0.461538,0.307692,0.153846,0.9868,9.803922,2026-03-03,FERMENTING,True,HOLD_CONFIRMATION,UNKNOWN,RECONSTRUCTED_RESEARCH,0.230769,0.076923,0.307692,-2.0955,7.990012,2026-03-04,DECLINING,True,JUMP_TRANSITION,UNKNOWN,RECONSTRUCTED_RESEARCH,0.076923,0.0,0.692308,-5.4417,1.587302,True,JUMP_TRANSITION,UNKNOWN,RECONSTRUCTED_RESEARCH,1.0,0.769231,0.0,5.0983,7.984791,-0.230769,-0.230769,0.153846,-3.0823,-1.81391,-0.15384599999999998,-0.076923,0.384616,-3.3462,-6.40271,0.923077,0.769231,-0.692308,10.54,6.397489
068a9365934254eb572a2ea8a4fbf08ced26742db3559505c7e23abdf3961a5e,CANDIDATE_ONSET,26faa0dd-c3d6-4e33-bf5a-0e4ba9ccb931,AI電力基建,AI電力基建,2026-03-05,DECLINING,MAIN_RISE,DECLINING,HOLD_ILLEGAL_TRANSITION,JUMP_REQUIRES_STRONG_EVIDENCE,2026-03-04,2,OTHER_TO_MAIN_RISE,False,False,2026-03-05,2026-06-03,CURRENT_TAXONOMY_HISTORICAL_RECONSTRUCTION,RETROSPECTIVE_RESEARCH_ONLY,topic-lifecycle-policy.provisional.1,topic-lifecycle-shadow.v1,UNPUBLISHED_RESEARCH_ARTIFACT,2026-03-02,FERMENTING,True,HOLD_CONFIRMATION,UNKNOWN,RECONSTRUCTED_RESEARCH,0.2,0.08,0.04,-0.8387,9.955423,2026-03-03,FERMENTING,True,HOLD_ILLEGAL_TRANSITION,UNKNOWN,RECONSTRUCTED_RESEARCH,0.04,0.0,0.36,-3.4362,3.783784,2026-03-04,DECLINING,True,JUMP_TRANSITION,UNKNOWN,RECONSTRUCTED_RESEARCH,0.0,0.0,0.92,-6.2524,-1.351351,True,HOLD_ILLEGAL_TRANSITION,UNKNOWN,RECONSTRUCTED_RESEARCH,0.92,0.36,0.0,3.2845,7.126949,-0.16,-0.08,0.32,-2.5975,-6.171639,-0.04,0.0,0.56,-2.8162,-5.135135,0.92,0.36,-0.92,9.5369,8.478299999999999
5cbc4320de60d2db3acc06d0f75a791281f67f2b059ee87acb6bbf63328d6dca,CANDIDATE_ONSET,390b351a-37b0-475a-9077-e19c0ec5760e,12 吋矽晶圓,12 吋矽晶圓,2026-03-05,,MAIN_RISE,,HOLD_CONFIRMATION,ORDINARY_SIGNAL_PENDING_CONFIRMATION,,,BOOTSTRAP_PRIOR_STATE_UNKNOWN,False,True,2026-03-05,2026-04-21,CURRENT_TAXONOMY_HISTORICAL_RECONSTRUCTION,RETROSPECTIVE_RESEARCH_ONLY,topic-lifecycle-policy.provisional.1,topic-lifecycle-shadow.v1,UNPUBLISHED_RESEARCH_ARTIFACT,2026-03-02,,True,HOLD,UNKNOWN,PENDING,0.0,0.0,0.0,-2.4249,-1.694915,2026-03-03,,True,HOLD,UNKNOWN,PENDING,0.0,0.0,0.25,-3.5332,-1.477273,2026-03-04,,True,HOLD_CONFIRMATION,UNKNOWN,PENDING,0.25,0.0,0.5,-1.7921,3.460208,True,HOLD_CONFIRMATION,UNKNOWN,PENDING,1.0,0.5,0.0,3.6486,4.90524,0.0,0.0,0.25,-1.1082999999999998,0.2176419999999999,0.25,0.0,0.25,1.7410999999999999,4.937481,0.75,0.5,-0.5,5.4407,1.4450319999999999
b5f425eb03a4054a7f391060c2768f4610e36e58fe111cb90ba2cf580496baee,CANDIDATE_ONSET,4bf1ec34-ee86-41f4-b304-385f32ca4fe1,8 吋矽晶圓,8 吋矽晶圓,2026-03-05,,MAIN_RISE,,HOLD_CONFIRMATION,ORDINARY_SIGNAL_PENDING_CONFIRMATION,,,BOOTSTRAP_PRIOR_STATE_UNKNOWN,False,True,2026-03-05,2026-05-04,CURRENT_TAXONOMY_HISTORICAL_RECONSTRUCTION,RETROSPECTIVE_RESEARCH_ONLY,topic-lifecycle-policy.provisional.1,topic-lifecycle-shadow.v1,UNPUBLISHED_RESEARCH_ARTIFACT,2026-03-02,,True,HOLD,UNKNOWN,PENDING,0.0,0.0,0.0,-3.0255,-1.811594,2026-03-03,,True,HOLD,UNKNOWN,PENDING,0.0,0.0,0.333333,-3.9993,-1.477273,2026-03-04,,True,HOLD,UNKNOWN,PENDING,0.333333,0.0,0.333333,-1.6719,3.460208,True,HOLD_CONFIRMATION,UNKNOWN,PENDING,1.0,0.666667,0.0,3.577,4.90524,0.0,0.0,0.333333,-0.9737999999999998,0.33432099999999987,0.333333,0.0,0.0,2.3274,4.937481,0.666667,0.666667,-0.333333,5.2489,1.4450319999999999
54e6d8d81d9f6ea906b3ca9fc6dce34d93919037cb61545a0eb744a3e1f412c2,CANDIDATE_ONSET,94b4ea55-baa4-4c8c-a59e-f367bcc4b648,ADAS,ADAS,2026-03-05,FERMENTING,MAIN_RISE,FERMENTING,HOLD_CONFIRMATION,ORDINARY_SIGNAL_PENDING_CONFIRMATION,2026-02-24,7,FERMENTING_TO_MAIN_RISE,False,False,2026-03-05,2026-05-22,CURRENT_TAXONOMY_HISTORICAL_RECONSTRUCTION,RETROSPECTIVE_RESEARCH_ONLY,topic-lifecycle-policy.provisional.1,topic-lifecycle-shadow.v1,UNPUBLISHED_RESEARCH_ARTIFACT,2026-03-02,FERMENTING,True,HOLD,UNKNOWN,RECONSTRUCTED_RESEARCH,0.5,0.0,0.0,-0.4491,1.978022,2026-03-03,FERMENTING,True,HOLD,UNKNOWN,RECONSTRUCTED_RESEARCH,0.0,0.0,0.25,-3.4507,-2.478448,2026-03-04,FERMENTING,True,HOLD_ILLEGAL_TRANSITION,UNKNOWN,RECONSTRUCTED_RESEARCH,0.0,0.0,0.5,-5.9705,-3.756906,True,HOLD_CONFIRMATION,UNKNOWN,RECONSTRUCTED_RESEARCH,1.0,0.5,0.0,3.2822,5.121951,-0.5,0.0,0.25,-3.0016,-4.45647,0.0,0.0,0.25,-2.5198000000000005,-1.2784579999999997,1.0,0.5,-0.5,9.2527,8.878857
e1890d5a60377d3db7ee3c7460df1cc8d82d3f6e2ea9e8a248382bb834e3c41c,CANDIDATE_ONSET,96ec0fc5-6124-4c7c-9602-ce3976129e54,視覺檢測,視覺檢測,2026-03-05,FERMENTING,MAIN_RISE,FERMENTING,HOLD_CONFIRMATION,ORDINARY_SIGNAL_PENDING_CONFIRMATION,2026-02-25,6,FERMENTING_TO_MAIN_RISE,False,False,2026-03-05,2026-03-11,CURRENT_TAXONOMY_HISTORICAL_RECONSTRUCTION,RETROSPECTIVE_RESEARCH_ONLY,topic-lifecycle-policy.provisional.1,topic-lifecycle-shadow.v1,UNPUBLISHED_RESEARCH_ARTIFACT,2026-03-02,FERMENTING,True,HOLD,UNKNOWN,RECONSTRUCTED_RESEARCH,0.5,0.0,0.0,-0.21,1.37931,2026-03-03,FERMENTING,True,HOLD,UNKNOWN,RECONSTRUCTED_RESEARCH,0.0,0.0,0.0,-2.8589,-1.486989,2026-03-04,FERMENTING,True,HOLD_ILLEGAL_TRANSITION,UNKNOWN,RECONSTRUCTED_RESEARCH,0.0,0.0,0.75,-6.1276,-3.070175,True,HOLD_CONFIRMATION,UNKNOWN,RECONSTRUCTED_RESEARCH,1.0,0.75,0.0,5.8734,9.897611,-0.5,0.0,0.0,-2.6489000000000003,-2.8662989999999997,0.0,0.0,0.75,-3.2687,-1.583186,1.0,0.75,-0.75,12.001000000000001,12.967786
f421e360ff12cf00821e388865be1e4f1fffee32080bbe4d7c63766019e83747,CANDIDATE_ONSET,9a40d7b3-4a33-4087-aa07-b734fffa4bf7,其他自動化,其他自動化,2026-03-05,DECLINING,MAIN_RISE,DECLINING,HOLD_ILLEGAL_TRANSITION,JUMP_REQUIRES_STRONG_EVIDENCE,2026-03-04,2,OTHER_TO_MAIN_RISE,False,False,2026-03-05,,CURRENT_TAXONOMY_HISTORICAL_RECONSTRUCTION,RETROSPECTIVE_RESEARCH_ONLY,topic-lifecycle-policy.provisional.1,topic-lifecycle-shadow.v1,UNPUBLISHED_RESEARCH_ARTIFACT,2026-03-02,,True,HOLD,UNKNOWN,PENDING,0.0,0.0,0.333333,-2.7744,0.0,2026-03-03,,True,HOLD_CONFIRMATION,UNKNOWN,PENDING,0.0,0.0,0.666667,-4.0212,-2.332362,2026-03-04,DECLINING,True,CONFIRMED_TRANSITION,UNKNOWN,RECONSTRUCTED_RESEARCH,0.0,0.0,1.0,-6.0211,-4.776119,True,HOLD_ILLEGAL_TRANSITION,UNKNOWN,RECONSTRUCTED_RESEARCH,1.0,0.666667,0.0,5.5993,9.717868,0.0,0.0,0.333334,-1.2468000000000004,-2.332362,0.0,0.0,0.333333,-1.9998999999999993,-2.4437569999999997,1.0,0.666667,-1.0,11.6204,14.493986999999999
48a5a9b5df0b98a3b61b58b6fe9398abac968969483c291e1ea392d6332ceaba,CANDIDATE_ONSET,a5e71356-ecf8-46c3-91be-66e5151b9d9e,AI影像辨識,AI影像辨識,2026-03-05,,MAIN_RISE,,HOLD_CONFIRMATION,ORDINARY_SIGNAL_PENDING_CONFIRMATION,,,BOOTSTRAP_PRIOR_STATE_UNKNOWN,False,True,2026-03-05,2026-05-22,CURRENT_TAXONOMY_HISTORICAL_RECONSTRUCTION,RETROSPECTIVE_RESEARCH_ONLY,topic-lifecycle-policy.provisional.1,topic-lifecycle-shadow.v1,UNPUBLISHED_RESEARCH_ARTIFACT,2026-03-02,,True,HOLD,UNKNOWN,PENDING,0.333333,0.0,0.0,-0.5866,1.37931,2026-03-03,,True,HOLD,UNKNOWN,PENDING,0.0,0.0,0.166667,-3.0256,-1.486989,2026-03-04,,True,HOLD_CONFIRMATION,UNKNOWN,PENDING,0.0,0.0,1.0,-6.4701,-4.8,True,HOLD_CONFIRMATION,UNKNOWN,PENDING,1.0,0.5,0.0,4.6351,9.897611,-0.333333,0.0,0.166667,-2.439,-2.8662989999999997,0.0,0.0,0.833333,-3.4445000000000006,-3.313011,1.0,0.5,-1.0,11.1052,14.697610999999998
87da84b20d5cb552676ad9bc7fb4976930a6f06fab8b59e7b294618a04eac965,CANDIDATE_ONSET,bd275e19-d849-43db-aa5c-7402d4923a46,AI伺服器整機／ODM,AI伺服器整機／ODM,2026-03-05,FERMENTING,MAIN_RISE,FERMENTING,HOLD_CONFIRMATION,ORDINARY_SIGNAL_PENDING_CONFIRMATION,2026-02-10,10,FERMENTING_TO_MAIN_RISE,False,False,2026-03-05,2026-03-12,CURRENT_TAXONOMY_HISTORICAL_RECONSTRUCTION,RETROSPECTIVE_RESEARCH_ONLY,topic-lifecycle-policy.provisional.1,topic-lifecycle-shadow.v1,UNPUBLISHED_RESEARCH_ARTIFACT,2026-03-02,FERMENTING,True,HOLD_CONFIRMATION,UNKNOWN,RECONSTRUCTED_RESEARCH,0.4,0.2,0.0,1.0685,7.838983,2026-03-03,FERMENTING,True,HOLD_ILLEGAL_TRANSITION,UNKNOWN,RECONSTRUCTED_RESEARCH,0.0,0.0,0.4,-3.4291,-1.529903,2026-03-04,FERMENTING,True,HOLD_ILLEGAL_TRANSITION,UNKNOWN,RECONSTRUCTED_RESEARCH,0.2,0.0,0.6,-4.9453,2.359109,True,HOLD_CONFIRMATION,UNKNOWN,RECONSTRUCTED_RESEARCH,1.0,0.4,0.0,3.3688,6.333333,-0.4,-0.2,0.4,-4.4976,-9.368886,0.2,0.0,0.19999999999999996,-1.5161999999999995,3.889012,0.8,0.4,-0.6,8.3141,3.9742239999999995
a37b58ced6acb932273f8d5917146f7c8c15f91d2c1bab7ea593fe2a931e20bb,CANDIDATE_ONSET,d8cfc63d-b857-45b0-90bc-990be97e7128,SiC 晶圓／基板,SiC 晶圓／基板,2026-03-05,,MAIN_RISE,,HOLD_CONFIRMATION,ORDINARY_SIGNAL_PENDING_CONFIRMATION,,,BOOTSTRAP_PRIOR_STATE_UNKNOWN,False,True,2026-03-05,2026-04-21,CURRENT_TAXONOMY_HISTORICAL_RECONSTRUCTION,RETROSPECTIVE_RESEARCH_ONLY,topic-lifecycle-policy.provisional.1,topic-lifecycle-shadow.v1,UNPUBLISHED_RESEARCH_ARTIFACT,2026-03-02,,True,HOLD,UNKNOWN,PENDING,0.0,0.0,0.0,-2.6294,-1.694915,2026-03-03,,True,HOLD,UNKNOWN,PENDING,0.0,0.0,0.0,-2.2508,-1.477273,2026-03-04,,True,HOLD_CONFIRMATION,UNKNOWN,PENDING,0.333333,0.0,0.666667,-2.1239,3.460208,True,HOLD_CONFIRMATION,UNKNOWN,PENDING,1.0,0.666667,0.0,4.4632,4.90524,0.0,0.0,0.0,0.37860000000000005,0.2176419999999999,0.333333,0.0,0.666667,0.1269,4.937481,0.666667,0.666667,-0.666667,6.5870999999999995,1.4450319999999999
16fb4de7b278a2346da140647d1f47ed059b291f222c76fd375b3f41985342a3,CANDIDATE_ONSET,e2213d4a-cddd-4727-bad7-3e171ac5bbeb,高速介面,高速介面,2026-03-05,,MAIN_RISE,,HOLD_CONFIRMATION,ORDINARY_SIGNAL_PENDING_CONFIRMATION,,,BOOTSTRAP_PRIOR_STATE_UNKNOWN,False,True,2026-03-05,,CURRENT_TAXONOMY_HISTORICAL_RECONSTRUCTION,RETROSPECTIVE_RESEARCH_ONLY,topic-lifecycle-policy.provisional.1,topic-lifecycle-shadow.v1,UNPUBLISHED_RESEARCH_ARTIFACT,2026-03-02,,True,HOLD,UNKNOWN,PENDING,0.0,0.0,0.0,-2.0297,-1.834862,2026-03-03,,True,HOLD,UNKNOWN,PENDING,0.0,0.0,0.0,-2.779,-2.056075,2026-03-04,,True,HOLD_CONFIRMATION,UNKNOWN,PENDING,0.0,0.0,1.0,-6.1016,-4.389313,True,HOLD_CONFIRMATION,UNKNOWN,PENDING,1.0,0.666667,0.0,6.3607,9.871245,0.0,0.0,0.0,-0.7492999999999999,-0.22121299999999988,0.0,0.0,1.0,-3.3226000000000004,-2.3332379999999997,1.0,0.666667,-1.0,12.462299999999999,14.260558
1e28a1d50957a562af849e20544f141902ea7ac8442e9c9351f0397387173b3f,CANDIDATE_ONSET,558380c3-554b-420c-bfb9-925a3d2e1004,BBU,BBU,2026-03-10,DECLINING,MAIN_RISE,DECLINING,HOLD_ILLEGAL_TRANSITION,JUMP_REQUIRES_STRONG_EVIDENCE,2026-03-04,5,OTHER_TO_MAIN_RISE,False,False,2026-03-10,2026-05-25,CURRENT_TAXONOMY_HISTORICAL_RECONSTRUCTION,RETROSPECTIVE_RESEARCH_ONLY,topic-lifecycle-policy.provisional.1,topic-lifecycle-shadow.v1,UNPUBLISHED_RESEARCH_ARTIFACT,2026-03-05,DECLINING,True,HOLD,UNKNOWN,RECONSTRUCTED_RESEARCH,1.0,0.307692,0.0,3.9426,9.931507,2026-03-06,DECLINING,True,HOLD_ILLEGAL_TRANSITION,UNKNOWN,RECONSTRUCTED_RESEARCH,0.538462,0.153846,0.0,1.0797,6.695939,2026-03-09,DECLINING,True,HOLD_CURRENT_STAGE,UNKNOWN,RECONSTRUCTED_RESEARCH,0.0,0.0,1.0,-7.0032,-4.424779,True,HOLD_ILLEGAL_TRANSITION,UNKNOWN,RECONSTRUCTED_RESEARCH,0.923077,0.384615,0.0,3.3384,7.963446,-0.461538,-0.153846,0.0,-2.8629,-3.2355679999999998,-0.538462,-0.153846,1.0,-8.0829,-11.120718,0.923077,0.384615,-1.0,10.3416,12.388225
ee4916c2240d413d2fa70f1696c9a74dc511e8fe1ed4b1e03198c0575cd93c50,CANDIDATE_ONSET,8813ecb9-3470-46ef-aff6-3f6a8bb9905c,工業自動化,工業自動化,2026-03-10,DECLINING,MAIN_RISE,DECLINING,HOLD_ILLEGAL_TRANSITION,JUMP_REQUIRES_STRONG_EVIDENCE,2026-03-04,5,OTHER_TO_MAIN_RISE,False,False,2026-03-10,2026-03-11,CURRENT_TAXONOMY_HISTORICAL_RECONSTRUCTION,RETROSPECTIVE_RESEARCH_ONLY,topic-lifecycle-policy.provisional.1,topic-lifecycle-shadow.v1,UNPUBLISHED_RESEARCH_ARTIFACT,2026-03-05,DECLINING,True,HOLD,UNKNOWN,RECONSTRUCTED_RESEARCH,0.8,0.25,0.05,2.5417,9.951846,2026-03-06,DECLINING,True,HOLD_ILLEGAL_TRANSITION,PARTIAL,RECONSTRUCTED_RESEARCH,0.263158,0.052632,0.105263,-0.6313,9.489051,2026-03-09,DECLINING,True,HOLD_CURRENT_STAGE,UNKNOWN,RECONSTRUCTED_RESEARCH,0.0,0.0,0.95,-6.4198,-3.153989,True,HOLD_ILLEGAL_TRANSITION,UNKNOWN,RECONSTRUCTED_RESEARCH,0.95,0.4,0.0,3.5076,9.927798,-0.536842,-0.197368,0.05526299999999999,-3.173,-0.46279499999999985,-0.263158,-0.052632,0.844737,-5.788500000000001,-12.64304,0.95,0.4,-0.95,9.9274,13.081786999999998
a162a4b7f545f3a999ed3f37ec6ff09c135fead5054acd55b69fb56ced7b5a72,CANDIDATE_ONSET,bd5e198e-d85e-4d8d-a688-f32663d59941,ASIC,ASIC,2026-03-10,DECLINING,MAIN_RISE,DECLINING,HOLD_ILLEGAL_TRANSITION,JUMP_REQUIRES_STRONG_EVIDENCE,2026-03-04,5,OTHER_TO_MAIN_RISE,False,False,2026-03-10,2026-03-11,CURRENT_TAXONOMY_HISTORICAL_RECONSTRUCTION,RETROSPECTIVE_RESEARCH_ONLY,topic-lifecycle-policy.provisional.1,topic-lifecycle-shadow.v1,UNPUBLISHED_RESEARCH_ARTIFACT,2026-03-05,DECLINING,True,HOLD,UNKNOWN,RECONSTRUCTED_RESEARCH,0.92,0.32,0.0,3.3247,9.034653,2026-03-06,DECLINING,True,HOLD_ILLEGAL_TRANSITION,UNKNOWN,RECONSTRUCTED_RESEARCH,0.36,0.04,0.0,-0.016,7.608696,2026-03-09,DECLINING,True,HOLD_CURRENT_STAGE,UNKNOWN,RECONSTRUCTED_RESEARCH,0.0,0.0,0.92,-7.0124,-0.904393,True,HOLD_ILLEGAL_TRANSITION,UNKNOWN,RECONSTRUCTED_RESEARCH,0.84,0.36,0.0,3.5911,9.774436,-0.56,-0.28,0.0,-3.3407,-1.4259570000000004,-0.36,-0.04,0.92,-6.9964,-8.513089,0.84,0.36,-0.92,10.6035,10.678829
994f353fa2f771f9e48e08a5675b601b22ec138cadf22f861a079eb24a2ae869,CANDIDATE_ONSET,44fb84f2-bd3a-458b-b303-9ffa62aeef68,車用功率半導體,車用功率半導體,2026-03-11,DECLINING,MAIN_RISE,DECLINING,HOLD_ILLEGAL_TRANSITION,JUMP_REQUIRES_STRONG_EVIDENCE,2026-03-04,6,OTHER_TO_MAIN_RISE,False,False,2026-03-11,2026-04-17,CURRENT_TAXONOMY_HISTORICAL_RECONSTRUCTION,RETROSPECTIVE_RESEARCH_ONLY,topic-lifecycle-policy.provisional.1,topic-lifecycle-shadow.v1,UNPUBLISHED_RESEARCH_ARTIFACT,2026-03-06,DECLINING,True,HOLD_ILLEGAL_TRANSITION,UNKNOWN,RECONSTRUCTED_RESEARCH,0.444444,0.111111,0.0,0.9054,4.340278,2026-03-09,DECLINING,True,HOLD_CURRENT_STAGE,UNKNOWN,RECONSTRUCTED_RESEARCH,0.0,0.0,0.666667,-5.4888,-2.682927,2026-03-10,DECLINING,True,HOLD,UNKNOWN,RECONSTRUCTED_RESEARCH,0.888889,0.111111,0.0,2.6295,8.369099,True,HOLD_ILLEGAL_TRANSITION,UNKNOWN,RECONSTRUCTED_RESEARCH,1.0,0.444444,0.0,3.8057,6.722689,-0.444444,-0.111111,0.666667,-6.3942000000000005,-7.023204999999999,0.888889,0.111111,-0.666667,8.118300000000001,11.052026,0.11111099999999996,0.333333,0.0,1.1761999999999997,-1.6464100000000004
257c697e2d08fb6caf31587d20e15507b87ff3751dc4bab9cad0cb2eaa3f6405,CANDIDATE_ONSET,492727af-03ba-4000-b115-d1cc1b64dd6b,其他 AI伺服器供應鏈,其他 AI伺服器供應鏈,2026-03-11,FERMENTING,MAIN_RISE,FERMENTING,HOLD_CONFIRMATION,ORDINARY_SIGNAL_PENDING_CONFIRMATION,2026-02-25,10,FERMENTING_TO_MAIN_RISE,False,False,2026-03-11,2026-05-22,CURRENT_TAXONOMY_HISTORICAL_RECONSTRUCTION,RETROSPECTIVE_RESEARCH_ONLY,topic-lifecycle-policy.provisional.1,topic-lifecycle-shadow.v1,UNPUBLISHED_RESEARCH_ARTIFACT,2026-03-06,FERMENTING,True,HOLD,UNKNOWN,RECONSTRUCTED_RESEARCH,0.785714,0.071429,0.0,0.9942,9.489051,2026-03-09,FERMENTING,True,HOLD_ILLEGAL_TRANSITION,UNKNOWN,RECONSTRUCTED_RESEARCH,0.0,0.0,0.5,-5.0053,-0.904393,2026-03-10,FERMENTING,True,HOLD_CURRENT_STAGE,UNKNOWN,RECONSTRUCTED_RESEARCH,0.714286,0.071429,0.0,1.4494,7.126949,True,HOLD_CONFIRMATION,UNKNOWN,RECONSTRUCTED_RESEARCH,1.0,0.357143,0.0,4.162,10.0,-0.785714,-0.071429,0.5,-5.9995,-10.393444,0.714286,0.071429,-0.5,6.4547,8.031342,0.285714,0.28571399999999997,0.0,2.7126,2.8730510000000002
3673f4d011a1d7029b4fd701a5fbbecf26bc5593de3da1026d0e201346628965,CANDIDATE_ONSET,6be55f86-6e50-499c-b543-2b420c51ba41,功率二極體／整流器,功率二極體／整流器,2026-03-11,DECLINING,MAIN_RISE,MAIN_RISE,JUMP_TRANSITION,STRONG_STRUCTURE_SIGNAL,2026-03-11,1,OTHER_TO_MAIN_RISE,True,False,2026-03-11,2026-03-11,CURRENT_TAXONOMY_HISTORICAL_RECONSTRUCTION,RETROSPECTIVE_RESEARCH_ONLY,topic-lifecycle-policy.provisional.1,topic-lifecycle-shadow.v1,UNPUBLISHED_RESEARCH_ARTIFACT,2026-03-06,DECLINING,True,HOLD,UNKNOWN,RECONSTRUCTED_RESEARCH,0.857143,0.285714,0.0,2.1363,5.444126,2026-03-09,DECLINING,True,HOLD_CURRENT_STAGE,UNKNOWN,RECONSTRUCTED_RESEARCH,0.0,0.0,0.714286,-6.6548,-0.666667,2026-03-10,DECLINING,True,HOLD,UNKNOWN,RECONSTRUCTED_RESEARCH,0.857143,0.142857,0.0,1.7074,4.559271,True,JUMP_TRANSITION,UNKNOWN,RECONSTRUCTED_RESEARCH,1.0,0.714286,0.0,6.3933,9.94012,-0.857143,-0.285714,0.714286,-8.7911,-6.110793,0.857143,0.142857,-0.714286,8.3622,5.225938,0.142857,0.571429,0.0,4.6859,5.380849
ccbb976231c8340722f61b9bde453abd01510a0afafa0217bc6350ee2c2e3aab,CANDIDATE_ONSET,82b5e80d-7709-41aa-8b27-5e9d37cb1357,機器視覺,機器視覺,2026-03-11,DECLINING,MAIN_RISE,MAIN_RISE,JUMP_TRANSITION,STRONG_STRUCTURE_SIGNAL,2026-03-11,1,OTHER_TO_MAIN_RISE,True,False,2026-03-11,2026-03-11,CURRENT_TAXONOMY_HISTORICAL_RECONSTRUCTION,RETROSPECTIVE_RESEARCH_ONLY,topic-lifecycle-policy.provisional.1,topic-lifecycle-shadow.v1,UNPUBLISHED_RESEARCH_ARTIFACT,2026-03-06,DECLINING,True,HOLD,UNKNOWN,RECONSTRUCTED_RESEARCH,0.428571,0.0,0.0,-0.1026,2.484472,2026-03-09,DECLINING,True,HOLD_CURRENT_STAGE,UNKNOWN,RECONSTRUCTED_RESEARCH,0.142857,0.0,0.714286,-4.424,1.066667,2026-03-10,DECLINING,True,HOLD,UNKNOWN,RECONSTRUCTED_RESEARCH,1.0,0.285714,0.0,3.7792,9.917355,True,JUMP_TRANSITION,UNKNOWN,RECONSTRUCTED_RESEARCH,1.0,0.714286,0.0,5.9991,9.774436,-0.28571399999999997,0.0,0.714286,-4.321400000000001,-1.4178049999999998,0.857143,0.285714,-0.714286,8.2032,8.850688,0.0,0.42857199999999995,0.0,2.2199000000000004,-0.1429190000000009
b5d69c62bdff7796eba955b62e4d21547041443ee9d36482edc33143075e5450,CANDIDATE_ONSET,87e77c56-72c2-43cd-8442-31a7d430d81d,網通,網通,2026-03-11,DECLINING,MAIN_RISE,DECLINING,HOLD_ILLEGAL_TRANSITION,JUMP_REQUIRES_STRONG_EVIDENCE,2026-03-04,6,OTHER_TO_MAIN_RISE,False,False,2026-03-11,2026-06-09,CURRENT_TAXONOMY_HISTORICAL_RECONSTRUCTION,RETROSPECTIVE_RESEARCH_ONLY,topic-lifecycle-policy.provisional.1,topic-lifecycle-shadow.v1,UNPUBLISHED_RESEARCH_ARTIFACT,2026-03-06,DECLINING,True,HOLD,UNKNOWN,RECONSTRUCTED_RESEARCH,0.55,0.025,0.05,0.2502,6.291391,2026-03-09,DECLINING,True,HOLD_CURRENT_STAGE,UNKNOWN,RECONSTRUCTED_RESEARCH,0.025,0.025,0.75,-5.7131,4.535637,2026-03-10,DECLINING,True,HOLD,UNKNOWN,RECONSTRUCTED_RESEARCH,0.875,0.125,0.025,2.1488,9.774436,True,HOLD_ILLEGAL_TRANSITION,UNKNOWN,RECONSTRUCTED_RESEARCH,0.925,0.425,0.0,3.8098,10.0,-0.525,0.0,0.7,-5.9633,-1.7557539999999996,0.85,0.1,-0.725,7.8619,5.238798999999999,0.050000000000000044,0.3,-0.025,1.661,0.22556400000000032
c1665c9a32e920f669fe9f9062f1f244d425c90f33a6001e723f48f22856a570,CANDIDATE_ONSET,96b8dd86-fac0-4ca2-8e97-d183bb9e63b6,其他 IC設計,其他 IC設計,2026-03-11,DECLINING,MAIN_RISE,DECLINING,HOLD_ILLEGAL_TRANSITION,JUMP_REQUIRES_STRONG_EVIDENCE,2026-03-04,6,OTHER_TO_MAIN_RISE,False,False,2026-03-11,2026-06-22,CURRENT_TAXONOMY_HISTORICAL_RECONSTRUCTION,RETROSPECTIVE_RESEARCH_ONLY,topic-lifecycle-policy.provisional.1,topic-lifecycle-shadow.v1,UNPUBLISHED_RESEARCH_ARTIFACT,2026-03-06,DECLINING,True,HOLD,PARTIAL,RECONSTRUCTED_RESEARCH,0.481481,0.0,0.0,-0.0076,3.401361,2026-03-09,DECLINING,True,HOLD_CURRENT_STAGE,PARTIAL,RECONSTRUCTED_RESEARCH,0.111111,0.074074,0.740741,-4.7223,4.538088,2026-03-10,DECLINING,True,HOLD,UNKNOWN,RECONSTRUCTED_RESEARCH,0.857143,0.142857,0.071429,1.8939,9.922481,True,HOLD_ILLEGAL_TRANSITION,UNKNOWN,RECONSTRUCTED_RESEARCH,0.928571,0.357143,0.0,3.4626,10.0,-0.37037,0.074074,0.740741,-4.7147,1.136727,0.746032,0.06878300000000001,-0.669312,6.616199999999999,5.384392999999999,0.07142800000000005,0.21428599999999998,-0.071429,1.5687000000000002,0.07751900000000056
f597d4335725a2b74a69a5466b967364817043a48ec6a582a4d2bffd8a143c49,CANDIDATE_ONSET,9b7c2886-bcdf-42f7-bb63-4df74f753c4e,功率 MOSFET,功率 MOSFET,2026-03-13,,MAIN_RISE,,HOLD_CONFIRMATION,ORDINARY_SIGNAL_PENDING_CONFIRMATION,,,BOOTSTRAP_PRIOR_STATE_UNKNOWN,False,True,2026-03-13,2026-05-26,CURRENT_TAXONOMY_HISTORICAL_RECONSTRUCTION,RETROSPECTIVE_RESEARCH_ONLY,topic-lifecycle-policy.provisional.1,topic-lifecycle-shadow.v1,UNPUBLISHED_RESEARCH_ARTIFACT,2026-03-10,,True,HOLD,UNKNOWN,PENDING,1.0,0.166667,0.0,3.1776,8.77193,2026-03-11,,True,HOLD,UNKNOWN,PENDING,1.0,0.333333,0.0,4.3075,9.94012,2026-03-12,,True,HOLD,UNKNOWN,PENDING,0.5,0.0,0.0,0.152,3.267974,True,HOLD_CONFIRMATION,UNKNOWN,PENDING,0.833333,0.666667,0.0,5.2976,9.90099,0.0,0.16666599999999998,0.0,1.1299000000000001,1.168190000000001,-0.5,-0.333333,0.0,-4.1555,-6.672146,0.333333,0.666667,0.0,5.1456,6.633016
6b3ee549d0ebccb9cb949c36bddcfcb66c8cb4a8c76d02bb0d5200feae3e4a31,CANDIDATE_ONSET,74f42955-4bba-44cd-8cb2-1a6816082825,雷達與感測,雷達與感測,2026-03-26,SPROUTING,MAIN_RISE,SPROUTING,HOLD_ILLEGAL_TRANSITION,JUMP_REQUIRES_STRONG_EVIDENCE,2026-03-24,3,SPROUTING_TO_MAIN_RISE,False,False,2026-03-26,,CURRENT_TAXONOMY_HISTORICAL_RECONSTRUCTION,RETROSPECTIVE_RESEARCH_ONLY,topic-lifecycle-policy.provisional.1,topic-lifecycle-shadow.v1,UNPUBLISHED_RESEARCH_ARTIFACT,2026-03-23,FERMENTING,True,HOLD_CONFIRMATION,UNKNOWN,RECONSTRUCTED_RESEARCH,0.333333,0.333333,0.333333,0.9779,9.975669,2026-03-24,SPROUTING,True,CONFIRMED_TRANSITION,UNKNOWN,RECONSTRUCTED_RESEARCH,0.333333,0.333333,0.0,2.5608,9.955752,2026-03-25,SPROUTING,True,HOLD_CONFIRMATION,UNKNOWN,RECONSTRUCTED_RESEARCH,0.666667,0.333333,0.0,1.0694,4.627767,True,HOLD_ILLEGAL_TRANSITION,UNKNOWN,RECONSTRUCTED_RESEARCH,1.0,0.666667,0.0,7.374,9.815951,0.0,0.0,-0.333333,1.5829,-0.01991699999999952,0.333334,0.0,0.0,-1.4914,-5.327985,0.333333,0.333334,0.0,6.3046,5.188184
d06ff6a5d552af016fc2b66701452e7f8f3a9057512d0dca907d1160c2b2516d,CANDIDATE_ONSET,f1c09841-4f04-4aa8-9674-08b238604bf9,重電,重電,2026-04-08,DECLINING,MAIN_RISE,MAIN_RISE,JUMP_TRANSITION,STRONG_STRUCTURE_SIGNAL,2026-04-08,1,OTHER_TO_MAIN_RISE,True,False,2026-04-08,2026-04-08,CURRENT_TAXONOMY_HISTORICAL_RECONSTRUCTION,RETROSPECTIVE_RESEARCH_ONLY,topic-lifecycle-policy.provisional.1,topic-lifecycle-shadow.v1,UNPUBLISHED_RESEARCH_ARTIFACT,2026-04-01,DECLINING,True,HOLD,UNKNOWN,RECONSTRUCTED_RESEARCH,0.833333,0.0,0.0,1.8373,3.833333,2026-04-02,DECLINING,True,HOLD,UNKNOWN,RECONSTRUCTED_RESEARCH,0.083333,0.0,0.083333,-1.4216,1.938611,2026-04-07,DECLINING,True,HOLD,UNKNOWN,RECONSTRUCTED_RESEARCH,0.333333,0.0,0.0,-0.4721,0.347222,True,JUMP_TRANSITION,UNKNOWN,RECONSTRUCTED_RESEARCH,1.0,0.5,0.0,3.7045,6.188925,-0.75,0.0,0.083333,-3.2588999999999997,-1.894722,0.25,0.0,-0.083333,0.9495,-1.5913890000000002,0.666667,0.5,0.0,4.1766,5.841703
0994ef7f7bcfdc1bddd775750d0f8100b43570bbbb151088df958fc47175b598,CANDIDATE_ONSET,4db46e99-a5c4-44ba-bc11-1c593131c755,營建工程,營建工程,2026-04-10,FERMENTING,MAIN_RISE,FERMENTING,HOLD_CONFIRMATION,ORDINARY_SIGNAL_PENDING_CONFIRMATION,2026-04-08,3,FERMENTING_TO_MAIN_RISE,False,False,2026-04-10,2026-06-15,CURRENT_TAXONOMY_HISTORICAL_RECONSTRUCTION,RETROSPECTIVE_RESEARCH_ONLY,topic-lifecycle-policy.provisional.1,topic-lifecycle-shadow.v1,UNPUBLISHED_RESEARCH_ARTIFACT,2026-04-07,,True,HOLD_CONFIRMATION,UNKNOWN,PENDING,0.5,0.0,0.0,0.682,3.457815,2026-04-08,FERMENTING,True,CONFIRMED_TRANSITION,UNKNOWN,RECONSTRUCTED_RESEARCH,0.75,0.0,0.0,1.6595,3.558719,2026-04-09,FERMENTING,True,HOLD_CURRENT_STAGE,UNKNOWN,RECONSTRUCTED_RESEARCH,0.5,0.25,0.25,1.2795,7.692308,True,HOLD_CONFIRMATION,UNKNOWN,RECONSTRUCTED_RESEARCH,1.0,0.5,0.0,3.8373,7.304117,0.25,0.0,0.0,0.9774999999999999,0.10090399999999988,-0.25,0.25,0.25,-0.3799999999999999,4.133589,0.5,0.25,-0.25,2.5578,-0.38819099999999995
bcc35e41c8caacd990c37ea01825b07cb67b3b3056b883b8b8fc4ac210a040e2,CANDIDATE_ONSET,40ed08cc-14b3-4e08-a7c8-ec16ebf3f3b9,其他國防,其他國防,2026-05-05,,MAIN_RISE,,HOLD_CONFIRMATION,ORDINARY_SIGNAL_PENDING_CONFIRMATION,,,BOOTSTRAP_PRIOR_STATE_UNKNOWN,False,True,2026-05-05,,CURRENT_TAXONOMY_HISTORICAL_RECONSTRUCTION,RETROSPECTIVE_RESEARCH_ONLY,topic-lifecycle-policy.provisional.1,topic-lifecycle-shadow.v1,UNPUBLISHED_RESEARCH_ARTIFACT,2026-04-29,,True,HOLD,UNKNOWN,PENDING,0.25,0.0,0.0,-0.6337,0.821355,2026-04-30,,True,HOLD,UNKNOWN,PENDING,0.25,0.0,0.0,-0.1723,0.869565,2026-05-04,,True,HOLD_CONFIRMATION,UNKNOWN,PENDING,0.75,0.0,0.0,0.828,1.913876,True,HOLD_CONFIRMATION,UNKNOWN,PENDING,0.75,0.5,0.0,3.9288,8.658009,0.0,0.0,0.0,0.46140000000000003,0.048210000000000086,0.5,0.0,0.0,1.0003,1.044311,0.0,0.5,0.0,3.1008,6.744133
5e00bc9142eca58c0e6e2892b5e694836e547118e248e29e5b1a316d55e888eb,CANDIDATE_ONSET,faffc4a8-4ea9-46ca-842e-b298aafa0e4e,航太零組件,航太零組件,2026-05-05,FERMENTING,MAIN_RISE,FERMENTING,HOLD_CONFIRMATION,ORDINARY_SIGNAL_PENDING_CONFIRMATION,2026-02-10,50,FERMENTING_TO_MAIN_RISE,False,False,2026-05-05,2026-06-30,CURRENT_TAXONOMY_HISTORICAL_RECONSTRUCTION,RETROSPECTIVE_RESEARCH_ONLY,topic-lifecycle-policy.provisional.1,topic-lifecycle-shadow.v1,UNPUBLISHED_RESEARCH_ARTIFACT,2026-04-29,FERMENTING,True,HOLD,UNKNOWN,RECONSTRUCTED_RESEARCH,0.285714,0.0,0.0,-0.4458,0.821355,2026-04-30,FERMENTING,True,HOLD,UNKNOWN,RECONSTRUCTED_RESEARCH,0.142857,0.0,0.0,-0.5227,0.107991,2026-05-04,FERMENTING,True,HOLD,UNKNOWN,RECONSTRUCTED_RESEARCH,0.857143,0.142857,0.0,2.46,4.259851,True,HOLD_CONFIRMATION,UNKNOWN,RECONSTRUCTED_RESEARCH,0.857143,0.428571,0.0,3.5083,8.658009,-0.142857,0.0,0.0,-0.07690000000000008,-0.7133639999999999,0.714286,0.142857,0.0,2.9827,4.15186,0.0,0.28571399999999997,0.0,1.0483000000000002,4.398158
9d695c87dcbd54f646512013a0e25e81e4339e633f3c62c37ecbbe5f82af27e0,CANDIDATE_ONSET,ff7a78f9-1199-489b-880e-ddd41bdcd6c8,其他原物料,其他原物料,2026-05-11,FERMENTING,MAIN_RISE,FERMENTING,HOLD_CONFIRMATION,ORDINARY_SIGNAL_PENDING_CONFIRMATION,2026-04-30,7,FERMENTING_TO_MAIN_RISE,False,False,2026-05-11,,CURRENT_TAXONOMY_HISTORICAL_RECONSTRUCTION,RETROSPECTIVE_RESEARCH_ONLY,topic-lifecycle-policy.provisional.1,topic-lifecycle-shadow.v1,UNPUBLISHED_RESEARCH_ARTIFACT,2026-05-06,FERMENTING,True,HOLD,UNKNOWN,RECONSTRUCTED_RESEARCH,0.5,0.0,0.0,-0.1375,1.337793,2026-05-07,FERMENTING,True,HOLD_CURRENT_STAGE,UNKNOWN,RECONSTRUCTED_RESEARCH,0.5,0.166667,0.0,1.4633,6.270627,2026-05-08,FERMENTING,True,HOLD,UNKNOWN,RECONSTRUCTED_RESEARCH,0.333333,0.0,0.166667,-1.1106,2.132701,True,HOLD_CONFIRMATION,UNKNOWN,RECONSTRUCTED_RESEARCH,0.833333,0.5,0.0,3.6881,9.976798,0.0,0.166667,0.0,1.6008,4.932834,-0.166667,-0.166667,0.166667,-2.5739,-4.137926,0.5,0.5,-0.166667,4.7987,7.8440970000000005
d0d09e3abdd78fb1e6ac8d90bebd326baec58c7fc2ec37381707486197c944af,CANDIDATE_ONSET,dbb3271c-4db1-4211-9876-f18cc063aa70,其他 AI視覺,其他 AI視覺,2026-05-14,DECLINING,MAIN_RISE,DECLINING,HOLD_ILLEGAL_TRANSITION,JUMP_REQUIRES_STRONG_EVIDENCE,2026-03-04,49,OTHER_TO_MAIN_RISE,False,False,2026-05-14,2026-05-21,CURRENT_TAXONOMY_HISTORICAL_RECONSTRUCTION,RETROSPECTIVE_RESEARCH_ONLY,topic-lifecycle-policy.provisional.1,topic-lifecycle-shadow.v1,UNPUBLISHED_RESEARCH_ARTIFACT,2026-05-11,DECLINING,True,HOLD,UNKNOWN,RECONSTRUCTED_RESEARCH,0.411765,0.0,0.117647,-0.3316,3.558719,2026-05-12,DECLINING,True,HOLD_ILLEGAL_TRANSITION,UNKNOWN,RECONSTRUCTED_RESEARCH,0.705882,0.235294,0.0,2.3087,9.965636,2026-05-13,DECLINING,True,HOLD_ILLEGAL_TRANSITION,UNKNOWN,RECONSTRUCTED_RESEARCH,0.352941,0.058824,0.058824,-1.0868,5.3125,True,HOLD_ILLEGAL_TRANSITION,UNKNOWN,RECONSTRUCTED_RESEARCH,0.705882,0.470588,0.176471,3.3672,10.0,0.294117,0.235294,-0.117647,2.6403,6.406917,-0.352941,-0.17647000000000002,0.058824,-3.3955,-4.653136,0.352941,0.411764,0.11764699999999999,4.454,4.6875
586fa48355596d6f5b014d526928e25e4ef4e56157cdbdfd19ce53abc8d9cc38,CANDIDATE_ONSET,8132adbf-8bdb-4116-bd4b-23a9f36c95a8,一般連接器,一般連接器,2026-05-22,DECLINING,MAIN_RISE,DECLINING,HOLD_ILLEGAL_TRANSITION,JUMP_REQUIRES_STRONG_EVIDENCE,2026-03-04,55,OTHER_TO_MAIN_RISE,False,False,2026-05-22,2026-07-31,CURRENT_TAXONOMY_HISTORICAL_RECONSTRUCTION,RETROSPECTIVE_RESEARCH_ONLY,topic-lifecycle-policy.provisional.1,topic-lifecycle-shadow.v1,UNPUBLISHED_RESEARCH_ARTIFACT,2026-05-19,DECLINING,True,HOLD_ILLEGAL_TRANSITION,UNKNOWN,RECONSTRUCTED_RESEARCH,0.272727,0.090909,0.090909,-0.8589,4.591837,2026-05-20,DECLINING,True,HOLD_ILLEGAL_TRANSITION,UNKNOWN,RECONSTRUCTED_RESEARCH,0.727273,0.181818,0.0,1.6133,9.345794,2026-05-21,DECLINING,True,HOLD,UNKNOWN,RECONSTRUCTED_RESEARCH,0.909091,0.181818,0.0,1.7339,5.276705,True,HOLD_ILLEGAL_TRANSITION,UNKNOWN,RECONSTRUCTED_RESEARCH,0.818182,0.363636,0.0,2.6467,9.94152,0.45454599999999995,0.090909,-0.090909,2.4722,4.753957,0.18181800000000004,0.0,0.0,0.12060000000000004,-4.069089,-0.09090900000000002,0.181818,0.0,0.9128000000000001,4.664815000000001
a52da1de4d471f0282c3ea90e55603d4dfdaeda454ef63e15166cbf651f0e5d2,CANDIDATE_ONSET,545bc443-e628-40fe-a844-65ba7b1aab83,鋼鐵／不鏽鋼材料,鋼鐵／不鏽鋼材料,2026-05-25,SPROUTING,MAIN_RISE,MAIN_RISE,JUMP_TRANSITION,STRONG_STRUCTURE_SIGNAL,2026-05-25,1,SPROUTING_TO_MAIN_RISE,True,False,2026-05-25,2026-05-25,CURRENT_TAXONOMY_HISTORICAL_RECONSTRUCTION,RETROSPECTIVE_RESEARCH_ONLY,topic-lifecycle-policy.provisional.1,topic-lifecycle-shadow.v1,UNPUBLISHED_RESEARCH_ARTIFACT,2026-05-20,SPROUTING,True,HOLD_CONFIRMATION,UNKNOWN,RECONSTRUCTED_RESEARCH,0.555556,0.0,0.0,0.6561,3.739445,2026-05-21,SPROUTING,True,HOLD,UNKNOWN,RECONSTRUCTED_RESEARCH,0.888889,0.222222,0.0,1.9963,7.250755,2026-05-22,SPROUTING,True,HOLD_CURRENT_STAGE,UNKNOWN,RECONSTRUCTED_RESEARCH,0.444444,0.111111,0.0,1.2619,6.437768,True,JUMP_TRANSITION,UNKNOWN,RECONSTRUCTED_RESEARCH,0.888889,0.555556,0.0,5.2679,9.937888,0.333333,0.222222,0.0,1.3401999999999998,3.51131,-0.44444500000000003,-0.111111,0.0,-0.7343999999999999,-0.8129869999999997,0.44444500000000003,0.44444500000000003,0.0,4.006,3.500119999999999
082e5d56560d11230c6918a539795c99ccee18ddc993eda2b6275f1be9ca3480,CANDIDATE_ONSET,61c1c9e3-ca31-486c-b327-bfbc13ef8db7,電動車／EV,電動車／EV,2026-05-29,DECLINING,MAIN_RISE,MAIN_RISE,JUMP_TRANSITION,STRONG_STRUCTURE_SIGNAL,2026-05-29,1,OTHER_TO_MAIN_RISE,True,False,2026-05-29,2026-05-29,CURRENT_TAXONOMY_HISTORICAL_RECONSTRUCTION,RETROSPECTIVE_RESEARCH_ONLY,topic-lifecycle-policy.provisional.1,topic-lifecycle-shadow.v1,UNPUBLISHED_RESEARCH_ARTIFACT,2026-05-26,DECLINING,True,HOLD_ILLEGAL_TRANSITION,UNKNOWN,RECONSTRUCTED_RESEARCH,0.388889,0.166667,0.0,1.117,10.0,2026-05-27,DECLINING,True,HOLD_ILLEGAL_TRANSITION,UNKNOWN,RECONSTRUCTED_RESEARCH,0.388889,0.222222,0.0,0.9161,9.907121,2026-05-28,DECLINING,True,HOLD_ILLEGAL_TRANSITION,UNKNOWN,RECONSTRUCTED_RESEARCH,0.555556,0.444444,0.055556,2.8888,10.0,True,JUMP_TRANSITION,UNKNOWN,RECONSTRUCTED_RESEARCH,0.833333,0.555556,0.055556,4.1521,10.0,0.0,0.05555499999999999,0.0,-0.20089999999999997,-0.09287899999999993,0.16666700000000007,0.222222,0.055556,1.9726999999999997,0.09287899999999993,0.27777699999999994,0.11111200000000004,0.0,1.2633,0.0
d26b57612ab740681317a3c15d93b5397d902025208d0fca179b19888898b2d1,CANDIDATE_ONSET,b6c0f4fd-c47e-40ba-bcd3-7f3343c61b9a,其他車用電子,其他車用電子,2026-05-29,FERMENTING,MAIN_RISE,FERMENTING,HOLD_CONFIRMATION,ORDINARY_SIGNAL_PENDING_CONFIRMATION,2026-04-14,33,FERMENTING_TO_MAIN_RISE,False,False,2026-05-29,,CURRENT_TAXONOMY_HISTORICAL_RECONSTRUCTION,RETROSPECTIVE_RESEARCH_ONLY,topic-lifecycle-policy.provisional.1,topic-lifecycle-shadow.v1,UNPUBLISHED_RESEARCH_ARTIFACT,2026-05-26,FERMENTING,True,HOLD_CURRENT_STAGE,UNKNOWN,RECONSTRUCTED_RESEARCH,0.666667,0.166667,0.0,2.0367,9.859155,2026-05-27,FERMENTING,True,HOLD_CONFIRMATION,UNKNOWN,RECONSTRUCTED_RESEARCH,0.333333,0.166667,0.0,0.2683,6.837607,2026-05-28,FERMENTING,True,HOLD,UNKNOWN,RECONSTRUCTED_RESEARCH,0.833333,0.333333,0.0,3.4997,10.0,True,HOLD_CONFIRMATION,UNKNOWN,RECONSTRUCTED_RESEARCH,1.0,0.5,0.0,4.879,9.939394,-0.333334,0.0,0.0,-1.7684000000000002,-3.0215479999999992,0.5,0.16666599999999998,0.0,3.2314,3.162393,0.166667,0.166667,0.0,1.3792999999999997,-0.06060599999999994
a5c9c39101205286e5b1ae1a7fbf3713140cd6d973e22c6a3f9d21fac0486698,CANDIDATE_ONSET,2e81e322-4675-4e20-8815-960a4a43c82f,商辦／都市更新,商辦／都市更新,2026-06-10,FERMENTING,MAIN_RISE,FERMENTING,HOLD_CONFIRMATION,ORDINARY_SIGNAL_PENDING_CONFIRMATION,2026-03-17,59,FERMENTING_TO_MAIN_RISE,False,False,2026-06-10,,CURRENT_TAXONOMY_HISTORICAL_RECONSTRUCTION,RETROSPECTIVE_RESEARCH_ONLY,topic-lifecycle-policy.provisional.1,topic-lifecycle-shadow.v1,UNPUBLISHED_RESEARCH_ARTIFACT,2026-06-05,FERMENTING,True,HOLD,UNKNOWN,RECONSTRUCTED_RESEARCH,1.0,0.25,0.0,2.6888,4.312668,2026-06-08,FERMENTING,True,HOLD,UNKNOWN,RECONSTRUCTED_RESEARCH,0.0,0.0,0.0,-1.6232,-0.775194,2026-06-09,FERMENTING,True,HOLD_CURRENT_STAGE,UNKNOWN,RECONSTRUCTED_RESEARCH,0.75,0.0,0.0,1.2161,3.020668,True,HOLD_CONFIRMATION,UNKNOWN,RECONSTRUCTED_RESEARCH,1.0,0.5,0.0,6.2382,9.876543,-1.0,-0.25,0.0,-4.312,-5.087862,0.75,0.0,0.0,2.8392999999999997,3.795862,0.25,0.5,0.0,5.0221,6.855874999999999
f0c6d8e852ec7e896f8e0c15f82ea372091670e3c6759337bd330d52e9b9ca04,CANDIDATE_ONSET,bd6131bc-938b-45a6-90b1-396c34a29cba,住宅營建,住宅營建,2026-06-10,FERMENTING,MAIN_RISE,MAIN_RISE,JUMP_TRANSITION,STRONG_STRUCTURE_SIGNAL,2026-06-10,1,FERMENTING_TO_MAIN_RISE,True,False,2026-06-10,2026-06-10,CURRENT_TAXONOMY_HISTORICAL_RECONSTRUCTION,RETROSPECTIVE_RESEARCH_ONLY,topic-lifecycle-policy.provisional.1,topic-lifecycle-shadow.v1,UNPUBLISHED_RESEARCH_ARTIFACT,2026-06-05,FERMENTING,True,HOLD_CURRENT_STAGE,UNKNOWN,RECONSTRUCTED_RESEARCH,0.642857,0.071429,0.0,0.7951,4.312668,2026-06-08,FERMENTING,True,HOLD,UNKNOWN,RECONSTRUCTED_RESEARCH,0.0,0.0,0.071429,-1.9085,-0.242718,2026-06-09,FERMENTING,True,HOLD,UNKNOWN,RECONSTRUCTED_RESEARCH,0.785714,0.0,0.071429,0.6294,3.102625,True,JUMP_TRANSITION,UNKNOWN,RECONSTRUCTED_RESEARCH,0.857143,0.571429,0.0,5.324,10.0,-0.642857,-0.071429,0.071429,-2.7036000000000002,-4.555386,0.785714,0.0,0.0,2.5379,3.345343,0.07142899999999996,0.571429,-0.071429,4.694599999999999,6.897375
66b44627d1d2370d7cd46f31edf26f8c2cc7180c8a6072b2e20d91aa74b727ae,CANDIDATE_ONSET,3b469e3d-ed8f-49bf-9478-9821926a5719,車用連接器,車用連接器,2026-06-18,FERMENTING,MAIN_RISE,FERMENTING,HOLD_CONFIRMATION,ORDINARY_SIGNAL_PENDING_CONFIRMATION,2026-02-25,78,FERMENTING_TO_MAIN_RISE,False,False,2026-06-18,,CURRENT_TAXONOMY_HISTORICAL_RECONSTRUCTION,RETROSPECTIVE_RESEARCH_ONLY,topic-lifecycle-policy.provisional.1,topic-lifecycle-shadow.v1,UNPUBLISHED_RESEARCH_ARTIFACT,2026-06-15,FERMENTING,True,HOLD_CURRENT_STAGE,UNKNOWN,RECONSTRUCTED_RESEARCH,0.666667,0.0,0.0,1.2329,2.73224,2026-06-16,FERMENTING,True,HOLD_CURRENT_STAGE,UNKNOWN,RECONSTRUCTED_RESEARCH,0.666667,0.333333,0.0,1.8104,6.141732,2026-06-17,FERMENTING,True,HOLD_CONFIRMATION,UNKNOWN,RECONSTRUCTED_RESEARCH,0.333333,0.333333,0.0,2.7815,8.93796,True,HOLD_CONFIRMATION,UNKNOWN,RECONSTRUCTED_RESEARCH,1.0,1.0,0.0,5.1105,6.370656,0.0,0.333333,0.0,0.5774999999999999,3.409492,-0.333334,0.0,0.0,0.9710999999999999,2.796228,0.666667,0.666667,0.0,2.329,-2.567304
26f16138480876734d0cf9caae965335b4f11a13a0dbf8977b53e5b9cf5b891d,CONFIRMED_TRANSITION,6764d72a-9f42-4932-ad94-cab20a7f0d4f,PCB,PCB,2026-02-03,,MAIN_RISE,MAIN_RISE,JUMP_TRANSITION,STRONG_STRUCTURE_SIGNAL,2026-02-03,1,BOOTSTRAP_PRIOR_STATE_UNKNOWN,True,True,2026-02-03,2026-02-03,CURRENT_TAXONOMY_HISTORICAL_RECONSTRUCTION,RETROSPECTIVE_RESEARCH_ONLY,topic-lifecycle-policy.provisional.1,topic-lifecycle-shadow.v1,UNPUBLISHED_RESEARCH_ARTIFACT,,,False,,,,,,,,,,,False,,,,,,,,,,,False,,,,,,,,,True,JUMP_TRANSITION,UNKNOWN,RECONSTRUCTED_RESEARCH,0.857143,0.571429,0.0,4.8461,9.95935,,,,,,,,,,,,,,,
b6cc57e17c8710f86a0b5094008f3a17a0e4331080c040d3f7acfb5593e55875,CONFIRMED_TRANSITION,9cfbbc4a-2ed5-44f2-939e-38085ea51375,液冷散熱,液冷散熱,2026-02-03,,MAIN_RISE,MAIN_RISE,JUMP_TRANSITION,STRONG_STRUCTURE_SIGNAL,2026-02-03,1,BOOTSTRAP_PRIOR_STATE_UNKNOWN,True,True,2026-02-03,2026-02-03,CURRENT_TAXONOMY_HISTORICAL_RECONSTRUCTION,RETROSPECTIVE_RESEARCH_ONLY,topic-lifecycle-policy.provisional.1,topic-lifecycle-shadow.v1,UNPUBLISHED_RESEARCH_ARTIFACT,,,False,,,,,,,,,,,False,,,,,,,,,,,False,,,,,,,,,True,JUMP_TRANSITION,UNKNOWN,RECONSTRUCTED_RESEARCH,0.923077,0.461538,0.0,3.5348,9.731544,,,,,,,,,,,,,,,
15c346930e6c77680c6248b76c6e460369449f85cb10244f8920aa6e5aaab28e,CONFIRMED_TRANSITION,fc19cae5-4019-4190-88e5-1c1e29ffb567,高速連接器,高速連接器,2026-02-03,,MAIN_RISE,MAIN_RISE,JUMP_TRANSITION,STRONG_STRUCTURE_SIGNAL,2026-02-03,1,BOOTSTRAP_PRIOR_STATE_UNKNOWN,True,True,2026-02-03,2026-02-03,CURRENT_TAXONOMY_HISTORICAL_RECONSTRUCTION,RETROSPECTIVE_RESEARCH_ONLY,topic-lifecycle-policy.provisional.1,topic-lifecycle-shadow.v1,UNPUBLISHED_RESEARCH_ARTIFACT,,,False,,,,,,,,,,,False,,,,,,,,,,,False,,,,,,,,,True,JUMP_TRANSITION,UNKNOWN,RECONSTRUCTED_RESEARCH,1.0,0.5,0.0,4.6375,9.931507,,,,,,,,,,,,,,,
0a345e68b58851df59fa7e9e0755eb10abffe9389c7139371a60f4dcf1a8ad6a,CONFIRMED_TRANSITION,16123e3c-95ec-4787-91ea-70418ec25102,太陽能,太陽能,2026-02-04,,MAIN_RISE,MAIN_RISE,JUMP_TRANSITION,STRONG_STRUCTURE_SIGNAL,2026-02-04,1,BOOTSTRAP_PRIOR_STATE_UNKNOWN,True,True,2026-02-03,2026-02-04,CURRENT_TAXONOMY_HISTORICAL_RECONSTRUCTION,RETROSPECTIVE_RESEARCH_ONLY,topic-lifecycle-policy.provisional.1,topic-lifecycle-shadow.v1,UNPUBLISHED_RESEARCH_ARTIFACT,,,False,,,,,,,,,,,False,,,,,,,,,2026-02-03,,True,HOLD_CONFIRMATION,UNKNOWN,PENDING,0.928571,0.428571,0.0,4.2793,9.897611,True,JUMP_TRANSITION,UNKNOWN,RECONSTRUCTED_RESEARCH,1.0,0.642857,0.0,5.5324,10.0,,,,,,,,,,,0.07142899999999996,0.21428600000000003,0.0,1.2530999999999999,0.10238900000000051
c2a0cfc16c7669425814c6fd566ce982c5e87d18a9e2906e141d6d54b85c9930,CONFIRMED_TRANSITION,28a24a67-4e74-400e-8240-ef10183c0384,光通訊,光通訊,2026-02-04,,MAIN_RISE,MAIN_RISE,CONFIRMED_TRANSITION,ADAPTIVE_CONFIRMATION_SATISFIED,2026-02-04,1,BOOTSTRAP_PRIOR_STATE_UNKNOWN,False,True,2026-02-03,2026-02-04,CURRENT_TAXONOMY_HISTORICAL_RECONSTRUCTION,RETROSPECTIVE_RESEARCH_ONLY,topic-lifecycle-policy.provisional.1,topic-lifecycle-shadow.v1,UNPUBLISHED_RESEARCH_ARTIFACT,,,False,,,,,,,,,,,False,,,,,,,,,2026-02-03,,True,HOLD_CONFIRMATION,UNKNOWN,PENDING,0.722222,0.388889,0.055556,2.7371,9.855072,True,CONFIRMED_TRANSITION,UNKNOWN,RECONSTRUCTED_RESEARCH,0.888889,0.444444,0.0,4.503,10.0,,,,,,,,,,,0.166667,0.05555500000000002,-0.055556,1.7659000000000002,0.14492800000000017
a6057e12af5f13bda883bb78eb7c4b562d672fc9d051d042f4f632ed3e3896a3,CONFIRMED_TRANSITION,3ef50eff-334f-4079-abe4-3daeb5f53de2,CCL,CCL,2026-02-04,,MAIN_RISE,MAIN_RISE,JUMP_TRANSITION,STRONG_STRUCTURE_SIGNAL,2026-02-04,1,BOOTSTRAP_PRIOR_STATE_UNKNOWN,True,True,2026-02-03,2026-02-04,CURRENT_TAXONOMY_HISTORICAL_RECONSTRUCTION,RETROSPECTIVE_RESEARCH_ONLY,topic-lifecycle-policy.provisional.1,topic-lifecycle-shadow.v1,UNPUBLISHED_RESEARCH_ARTIFACT,,,False,,,,,,,,,,,False,,,,,,,,,2026-02-03,,True,HOLD_CONFIRMATION,UNKNOWN,PENDING,0.928571,0.357143,0.0,4.8032,10.0,True,JUMP_TRANSITION,UNKNOWN,RECONSTRUCTED_RESEARCH,1.0,0.714286,0.0,6.1074,9.973046,,,,,,,,,,,0.07142899999999996,0.357143,0.0,1.3041999999999998,-0.026953999999999922
d8955b9ce27448fdc916015f3e7da014380935a6c4832d7f3be8aa1f01088a7d,CONFIRMED_TRANSITION,445225d9-4f84-4ee2-8b84-2d823d3a0c21,玻璃基板,玻璃基板,2026-02-04,,MAIN_RISE,MAIN_RISE,JUMP_TRANSITION,STRONG_STRUCTURE_SIGNAL,2026-02-04,1,BOOTSTRAP_PRIOR_STATE_UNKNOWN,True,True,2026-02-04,2026-02-04,CURRENT_TAXONOMY_HISTORICAL_RECONSTRUCTION,RETROSPECTIVE_RESEARCH_ONLY,topic-lifecycle-policy.provisional.1,topic-lifecycle-shadow.v1,UNPUBLISHED_RESEARCH_ARTIFACT,,,False,,,,,,,,,,,False,,,,,,,,,2026-02-03,,True,HOLD_CONFIRMATION,UNKNOWN,PENDING,0.666667,0.2,0.0,1.944,9.899889,True,JUMP_TRANSITION,UNKNOWN,RECONSTRUCTED_RESEARCH,0.866667,0.466667,0.0,4.4496,9.785203,,,,,,,,,,,0.19999999999999996,0.266667,0.0,2.5056000000000003,-0.11468600000000073
44c67e90d94d319da1d0ec7f8e99013a18c9509470b4fdb358f30fae440740ae,CONFIRMED_TRANSITION,9bef33e9-4853-4a6d-9ded-477f69a0caf5,玻纖布,玻纖布,2026-02-04,,MAIN_RISE,MAIN_RISE,CONFIRMED_TRANSITION,ADAPTIVE_CONFIRMATION_SATISFIED,2026-02-04,1,BOOTSTRAP_PRIOR_STATE_UNKNOWN,False,True,2026-02-03,2026-02-04,CURRENT_TAXONOMY_HISTORICAL_RECONSTRUCTION,RETROSPECTIVE_RESEARCH_ONLY,topic-lifecycle-policy.provisional.1,topic-lifecycle-shadow.v1,UNPUBLISHED_RESEARCH_ARTIFACT,,,False,,,,,,,,,,,False,,,,,,,,,2026-02-03,,True,HOLD_CONFIRMATION,UNKNOWN,PENDING,1.0,0.8,0.0,8.0674,10.0,True,CONFIRMED_TRANSITION,UNKNOWN,RECONSTRUCTED_RESEARCH,1.0,0.8,0.0,6.9042,9.756098,,,,,,,,,,,0.0,0.0,0.0,-1.163199999999999,-0.24390200000000029
8bd49fcbe893e1fefac0dea946f23c495f24ccce24e3c15901bf6688298df54c,CONFIRMED_TRANSITION,c6c49201-b9a1-45dc-9ef2-f7f1f72eadca,ABF載板,ABF載板,2026-02-04,,MAIN_RISE,MAIN_RISE,CONFIRMED_TRANSITION,ADAPTIVE_CONFIRMATION_SATISFIED,2026-02-04,1,BOOTSTRAP_PRIOR_STATE_UNKNOWN,False,True,2026-02-03,2026-02-04,CURRENT_TAXONOMY_HISTORICAL_RECONSTRUCTION,RETROSPECTIVE_RESEARCH_ONLY,topic-lifecycle-policy.provisional.1,topic-lifecycle-shadow.v1,UNPUBLISHED_RESEARCH_ARTIFACT,,,False,,,,,,,,,,,False,,,,,,,,,2026-02-03,,True,HOLD_CONFIRMATION,UNKNOWN,PENDING,0.75,0.5,0.0,3.508,7.201087,True,CONFIRMED_TRANSITION,UNKNOWN,RECONSTRUCTED_RESEARCH,1.0,0.5,0.0,6.1531,9.95935,,,,,,,,,,,0.25,0.0,0.0,2.6451000000000002,2.7582630000000004
fcd7088823dc586ca7127d27e827f0c774653c5148186c6ca1e9ccb636a3552d,CONFIRMED_TRANSITION,c7cc4440-8d50-4c48-a402-ad3b4baed46a,低軌衛星,低軌衛星,2026-02-04,,MAIN_RISE,MAIN_RISE,JUMP_TRANSITION,STRONG_STRUCTURE_SIGNAL,2026-02-04,1,BOOTSTRAP_PRIOR_STATE_UNKNOWN,True,True,2026-02-03,2026-02-04,CURRENT_TAXONOMY_HISTORICAL_RECONSTRUCTION,RETROSPECTIVE_RESEARCH_ONLY,topic-lifecycle-policy.provisional.1,topic-lifecycle-shadow.v1,UNPUBLISHED_RESEARCH_ARTIFACT,,,False,,,,,,,,,,,False,,,,,,,,,2026-02-03,,True,HOLD_CONFIRMATION,UNKNOWN,PENDING,0.904762,0.428571,0.0,3.555,9.95935,True,JUMP_TRANSITION,UNKNOWN,RECONSTRUCTED_RESEARCH,0.952381,0.47619,0.0,4.4966,9.981516,,,,,,,,,,,0.04761900000000008,0.04761900000000002,0.0,0.9415999999999998,0.022165999999998576
4feeae0eb6e59488524f2903ae1331a5a22792576bcc1d47586fcba25c916f93,CONFIRMED_TRANSITION,f2ad60ed-20aa-4055-aff0-601eea1c7055,AI PCB,AI PCB,2026-02-04,,MAIN_RISE,MAIN_RISE,JUMP_TRANSITION,STRONG_STRUCTURE_SIGNAL,2026-02-04,1,BOOTSTRAP_PRIOR_STATE_UNKNOWN,True,True,2026-02-03,2026-02-04,CURRENT_TAXONOMY_HISTORICAL_RECONSTRUCTION,RETROSPECTIVE_RESEARCH_ONLY,topic-lifecycle-policy.provisional.1,topic-lifecycle-shadow.v1,UNPUBLISHED_RESEARCH_ARTIFACT,,,False,,,,,,,,,,,False,,,,,,,,,2026-02-03,,True,HOLD_CONFIRMATION,UNKNOWN,PENDING,0.821429,0.392857,0.0,3.7915,10.0,True,JUMP_TRANSITION,UNKNOWN,RECONSTRUCTED_RESEARCH,0.892857,0.5,0.0,4.1088,9.981516,,,,,,,,,,,0.07142800000000005,0.10714299999999999,0.0,0.31729999999999947,-0.018484000000000833
c63fc22ced7e097455aa2bcbd23d6c9759df1be3757e409ee84cf79a94e72a55,CONFIRMED_TRANSITION,5f1868a2-5ccc-4b13-a027-3db3eca537f4,機器人零組件,機器人零組件,2026-02-09,DECLINING,MAIN_RISE,MAIN_RISE,JUMP_TRANSITION,STRONG_STRUCTURE_SIGNAL,2026-02-09,1,OTHER_TO_MAIN_RISE,True,False,2026-02-04,2026-02-09,CURRENT_TAXONOMY_HISTORICAL_RECONSTRUCTION,RETROSPECTIVE_RESEARCH_ONLY,topic-lifecycle-policy.provisional.1,topic-lifecycle-shadow.v1,UNPUBLISHED_RESEARCH_ARTIFACT,2026-02-04,,True,HOLD_CONFIRMATION,UNKNOWN,PENDING,1.0,0.375,0.0,3.5635,6.332139,2026-02-05,,True,HOLD_CONFIRMATION,UNKNOWN,PENDING,0.25,0.0,0.375,-2.1237,2.892562,2026-02-06,DECLINING,True,JUMP_TRANSITION,UNKNOWN,RECONSTRUCTED_RESEARCH,0.125,0.0,0.625,-3.576,0.335008,True,JUMP_TRANSITION,UNKNOWN,RECONSTRUCTED_RESEARCH,0.875,0.625,0.0,4.4791,9.162896,-0.75,-0.375,0.375,-5.6872,-3.439577,-0.125,0.0,0.25,-1.4523000000000001,-2.5575539999999997,0.75,0.625,-0.625,8.0551,8.827888
f2e240675e9e6c90249bdd99167c1d292bb115a7ca3643310b2b5046bba955c5,CONFIRMED_TRANSITION,f78232ec-790d-486b-bddd-b70ceece1623,NAND Flash／SSD,NAND Flash／SSD,2026-02-09,DECLINING,MAIN_RISE,MAIN_RISE,JUMP_TRANSITION,STRONG_STRUCTURE_SIGNAL,2026-02-09,1,OTHER_TO_MAIN_RISE,True,False,2026-02-09,2026-02-09,CURRENT_TAXONOMY_HISTORICAL_RECONSTRUCTION,RETROSPECTIVE_RESEARCH_ONLY,topic-lifecycle-policy.provisional.1,topic-lifecycle-shadow.v1,UNPUBLISHED_RESEARCH_ARTIFACT,2026-02-04,DECLINING,True,HOLD_ILLEGAL_TRANSITION,UNKNOWN,RECONSTRUCTED_RESEARCH,0.75,0.125,0.0,1.6627,6.56,2026-02-05,DECLINING,True,HOLD,UNKNOWN,RECONSTRUCTED_RESEARCH,0.25,0.0,0.25,-2.0947,1.542416,2026-02-06,DECLINING,True,HOLD_CURRENT_STAGE,UNKNOWN,RECONSTRUCTED_RESEARCH,0.25,0.125,0.5,-3.4178,9.756098,True,JUMP_TRANSITION,UNKNOWN,RECONSTRUCTED_RESEARCH,0.875,0.5,0.0,4.71,9.985935,-0.5,-0.125,0.25,-3.7574,-5.017583999999999,0.0,0.125,0.25,-1.3231000000000002,8.213682,0.625,0.375,-0.5,8.1278,0.22983699999999985
42e2df71de20624133e28da923a6382474956185abafb7c01948f3562315b740,CONFIRMED_TRANSITION,0164c666-c39c-440a-ac20-f3180d5952e0,無人機,無人機,2026-02-23,,MAIN_RISE,MAIN_RISE,JUMP_TRANSITION,STRONG_STRUCTURE_SIGNAL,2026-02-23,1,BOOTSTRAP_PRIOR_STATE_UNKNOWN,True,True,2026-02-23,2026-02-23,CURRENT_TAXONOMY_HISTORICAL_RECONSTRUCTION,RETROSPECTIVE_RESEARCH_ONLY,topic-lifecycle-policy.provisional.1,topic-lifecycle-shadow.v1,UNPUBLISHED_RESEARCH_ARTIFACT,2026-02-09,,True,HOLD_CONFIRMATION,UNKNOWN,PENDING,0.6875,0.125,0.0,1.3646,8.372093,2026-02-10,,True,HOLD,UNKNOWN,PENDING,0.625,0.0,0.0625,-0.3845,2.136182,2026-02-11,,True,HOLD_CONFIRMATION,UNKNOWN,PENDING,0.75,0.125,0.0,1.6286,6.09319,True,JUMP_TRANSITION,UNKNOWN,RECONSTRUCTED_RESEARCH,1.0,0.5,0.0,4.5695,9.836066,-0.0625,-0.125,0.0625,-1.7491,-6.235911,0.125,0.125,-0.0625,2.0131,3.957008,0.25,0.375,0.0,2.9408999999999996,3.7428760000000008
ca29d4e8f655043effa4cbda7c60507830afd0640b07d63afef747743b686edb,CONFIRMED_TRANSITION,8cd1db67-2825-4ce0-8d61-ae54ac157bb2,鋁電容,鋁電容,2026-02-23,,MAIN_RISE,MAIN_RISE,JUMP_TRANSITION,STRONG_STRUCTURE_SIGNAL,2026-02-23,1,BOOTSTRAP_PRIOR_STATE_UNKNOWN,True,True,2026-02-23,2026-02-23,CURRENT_TAXONOMY_HISTORICAL_RECONSTRUCTION,RETROSPECTIVE_RESEARCH_ONLY,topic-lifecycle-policy.provisional.1,topic-lifecycle-shadow.v1,UNPUBLISHED_RESEARCH_ARTIFACT,2026-02-09,,True,HOLD,UNKNOWN,PENDING,0.888889,0.333333,0.0,3.3753,9.961686,2026-02-10,,True,HOLD_CONFIRMATION,UNKNOWN,PENDING,0.444444,0.111111,0.0,0.4529,9.89011,2026-02-11,,True,HOLD_CONFIRMATION,UNKNOWN,PENDING,0.777778,0.222222,0.0,1.6852,5.856833,True,JUMP_TRANSITION,UNKNOWN,RECONSTRUCTED_RESEARCH,1.0,0.888889,0.0,5.4776,9.836066,-0.44444500000000003,-0.22222199999999998,0.0,-2.9224,-0.0715760000000003,0.33333399999999996,0.111111,0.0,1.2323,-4.033277,0.22222200000000003,0.666667,0.0,3.7923999999999998,3.9792330000000007
4ec4598610de4315e54327fb264f365b148e9e1ba503dd3fdf05cfb703aaac95,CONFIRMED_TRANSITION,d3353ada-918c-4074-9b19-031ca54be4ae,DRAM／DDR,DRAM／DDR,2026-02-23,DECLINING,MAIN_RISE,MAIN_RISE,JUMP_TRANSITION,STRONG_STRUCTURE_SIGNAL,2026-02-23,1,OTHER_TO_MAIN_RISE,True,False,2026-02-09,2026-02-23,CURRENT_TAXONOMY_HISTORICAL_RECONSTRUCTION,RETROSPECTIVE_RESEARCH_ONLY,topic-lifecycle-policy.provisional.1,topic-lifecycle-shadow.v1,UNPUBLISHED_RESEARCH_ARTIFACT,2026-02-09,DECLINING,True,HOLD_ILLEGAL_TRANSITION,UNKNOWN,RECONSTRUCTED_RESEARCH,0.727273,0.363636,0.0,3.3661,9.985935,2026-02-10,DECLINING,True,HOLD_CURRENT_STAGE,UNKNOWN,RECONSTRUCTED_RESEARCH,0.0,0.0,0.454545,-3.3962,-0.764192,2026-02-11,DECLINING,True,HOLD,UNKNOWN,RECONSTRUCTED_RESEARCH,0.363636,0.0,0.090909,-0.6336,2.816901,True,JUMP_TRANSITION,UNKNOWN,RECONSTRUCTED_RESEARCH,0.909091,0.454545,0.0,3.5124,6.03352,-0.727273,-0.363636,0.454545,-6.7623,-10.750126999999999,0.363636,0.0,-0.36363599999999996,2.7626,3.581093,0.545455,0.454545,-0.090909,4.146,3.216619
de3225ec1a3c0ca9c66fc76a18cf4b2b7f282174478cd7d617c1a9ec8ebf441c,CONFIRMED_TRANSITION,d91e7b4f-f6c3-4e46-a5a7-ee95a540d598,CoWoS,CoWoS,2026-02-23,,MAIN_RISE,MAIN_RISE,JUMP_TRANSITION,STRONG_STRUCTURE_SIGNAL,2026-02-23,1,BOOTSTRAP_PRIOR_STATE_UNKNOWN,True,True,2026-02-03,2026-02-23,CURRENT_TAXONOMY_HISTORICAL_RECONSTRUCTION,RETROSPECTIVE_RESEARCH_ONLY,topic-lifecycle-policy.provisional.1,topic-lifecycle-shadow.v1,UNPUBLISHED_RESEARCH_ARTIFACT,2026-02-09,,True,HOLD,UNKNOWN,PENDING,0.851852,0.296296,0.037037,2.5266,9.9631,2026-02-10,,True,HOLD_CONFIRMATION,UNKNOWN,PENDING,0.518519,0.148148,0.0,0.9099,9.960159,2026-02-11,,True,HOLD_CONFIRMATION,UNKNOWN,PENDING,0.444444,0.148148,0.111111,0.4489,9.874826,True,JUMP_TRANSITION,UNKNOWN,RECONSTRUCTED_RESEARCH,0.888889,0.555556,0.037037,4.4661,9.981168,-0.3333330000000001,-0.148148,-0.037037,-1.6167000000000002,-0.0029409999999998604,-0.07407499999999995,0.0,0.111111,-0.461,-0.08533300000000033,0.44444500000000003,0.40740800000000005,-0.074074,4.0172,0.10634199999999971
4d64793e8bcc5bc39e638d4fd1912761707037efd3692e9bdf4bc621bdb6ed52,CONFIRMED_TRANSITION,3c7a1702-eb72-4779-920c-203536534510,半導體原料,半導體原料,2026-02-24,FERMENTING,MAIN_RISE,MAIN_RISE,CONFIRMED_TRANSITION,ADAPTIVE_CONFIRMATION_SATISFIED,2026-02-24,1,FERMENTING_TO_MAIN_RISE,False,False,2026-02-23,2026-02-24,CURRENT_TAXONOMY_HISTORICAL_RECONSTRUCTION,RETROSPECTIVE_RESEARCH_ONLY,topic-lifecycle-policy.provisional.1,topic-lifecycle-shadow.v1,UNPUBLISHED_RESEARCH_ARTIFACT,2026-02-10,FERMENTING,True,CONFIRMED_TRANSITION,UNKNOWN,RECONSTRUCTED_RESEARCH,0.5625,0.0625,0.0,0.8188,9.818182,2026-02-11,FERMENTING,True,HOLD,UNKNOWN,RECONSTRUCTED_RESEARCH,0.5625,0.0625,0.125,-0.6536,4.074074,2026-02-23,FERMENTING,True,HOLD_CONFIRMATION,UNKNOWN,RECONSTRUCTED_RESEARCH,0.75,0.5,0.0625,3.5372,10.0,True,CONFIRMED_TRANSITION,UNKNOWN,RECONSTRUCTED_RESEARCH,0.875,0.375,0.0,3.488,9.881423,0.0,0.0,0.125,-1.4724,-5.744108,0.1875,0.4375,-0.0625,4.190799999999999,5.925926,0.125,-0.125,-0.0625,-0.04919999999999991,-0.11857700000000015
a8691d602f749edf111ed66e103352f4f1d9cb201c81a2151ae8041167138499,CONFIRMED_TRANSITION,53e45b3d-fba8-40d6-8a72-b93b3d45835e,矽光子,矽光子,2026-02-24,,MAIN_RISE,MAIN_RISE,JUMP_TRANSITION,STRONG_STRUCTURE_SIGNAL,2026-02-24,1,BOOTSTRAP_PRIOR_STATE_UNKNOWN,True,True,2026-02-09,2026-02-24,CURRENT_TAXONOMY_HISTORICAL_RECONSTRUCTION,RETROSPECTIVE_RESEARCH_ONLY,topic-lifecycle-policy.provisional.1,topic-lifecycle-shadow.v1,UNPUBLISHED_RESEARCH_ARTIFACT,2026-02-10,,True,HOLD_CONFIRMATION,UNKNOWN,PENDING,0.71875,0.28125,0.0,2.5764,9.82659,2026-02-11,,True,HOLD_CONFIRMATION,UNKNOWN,PENDING,0.34375,0.09375,0.125,-0.6968,10.0,2026-02-23,,True,HOLD_CONFIRMATION,UNKNOWN,PENDING,0.875,0.4375,0.0625,4.2384,10.0,True,JUMP_TRANSITION,UNKNOWN,RECONSTRUCTED_RESEARCH,0.875,0.5,0.03125,4.5418,10.0,-0.375,-0.1875,0.125,-3.2732,0.1734100000000005,0.53125,0.34375,-0.0625,4.9352,0.0,0.0,0.0625,-0.03125,0.3033999999999999,0.0
a344bbb1590004588b2ecb68c012ddf26610687214f568e97c692198a29f1104,CONFIRMED_TRANSITION,b5f1865b-9a2b-4d65-a807-9d5af78025ea,MLCC,MLCC,2026-02-24,,MAIN_RISE,MAIN_RISE,CONFIRMED_TRANSITION,ADAPTIVE_CONFIRMATION_SATISFIED,2026-02-24,1,BOOTSTRAP_PRIOR_STATE_UNKNOWN,False,True,2026-02-23,2026-02-24,CURRENT_TAXONOMY_HISTORICAL_RECONSTRUCTION,RETROSPECTIVE_RESEARCH_ONLY,topic-lifecycle-policy.provisional.1,topic-lifecycle-shadow.v1,UNPUBLISHED_RESEARCH_ARTIFACT,2026-02-10,,True,HOLD,UNKNOWN,PENDING,0.5,0.0,0.0,-0.1095,1.6,2026-02-11,,True,HOLD,UNKNOWN,PENDING,0.5,0.0,0.0,-0.0061,0.787402,2026-02-23,,True,HOLD_CONFIRMATION,UNKNOWN,PENDING,1.0,0.833333,0.0,7.704,9.960938,True,CONFIRMED_TRANSITION,UNKNOWN,RECONSTRUCTED_RESEARCH,0.833333,0.5,0.0,4.9633,9.9631,0.0,0.0,0.0,0.1034,-0.812598,0.5,0.833333,0.0,7.7101,9.173536,-0.166667,-0.333333,0.0,-2.7406999999999995,0.0021620000000002193
7d0739206bb21e878de6a45185adb7cba5de42479dfdc60f6cd8b8a9ef88185e,CONFIRMED_TRANSITION,c059001d-2320-491d-88a0-57316497c107,大型電子權值,大型電子權值,2026-02-25,,MAIN_RISE,MAIN_RISE,JUMP_TRANSITION,STRONG_STRUCTURE_SIGNAL,2026-02-25,1,BOOTSTRAP_PRIOR_STATE_UNKNOWN,True,True,2026-02-25,2026-02-25,CURRENT_TAXONOMY_HISTORICAL_RECONSTRUCTION,RETROSPECTIVE_RESEARCH_ONLY,topic-lifecycle-policy.provisional.1,topic-lifecycle-shadow.v1,UNPUBLISHED_RESEARCH_ARTIFACT,2026-02-11,,True,HOLD,UNKNOWN,PENDING,1.0,0.0,0.0,1.5281,3.052326,2026-02-23,,True,HOLD,UNKNOWN,PENDING,0.25,0.0,0.0,-0.7834,2.139037,2026-02-24,,True,HOLD,UNKNOWN,PENDING,1.0,0.125,0.0,2.2358,9.312321,True,JUMP_TRANSITION,UNKNOWN,RECONSTRUCTED_RESEARCH,1.0,0.5,0.0,4.052,6.25,-0.75,0.0,0.0,-2.3115,-0.9132889999999998,0.75,0.125,0.0,3.0191999999999997,7.173284000000001,0.0,0.375,0.0,1.8161999999999998,-3.0623210000000007
cbe41e7e4c1f5e2d0661df3f1d108eaa93d40f36e75bec1a790d3df53af1a094,CONFIRMED_TRANSITION,0c309bf8-8ec3-44e5-8c87-67c3134c4cb6,其他半導體設備,其他半導體設備,2026-03-05,DECLINING,MAIN_RISE,MAIN_RISE,JUMP_TRANSITION,STRONG_STRUCTURE_SIGNAL,2026-03-05,1,OTHER_TO_MAIN_RISE,True,False,2026-03-05,2026-03-05,CURRENT_TAXONOMY_HISTORICAL_RECONSTRUCTION,RETROSPECTIVE_RESEARCH_ONLY,topic-lifecycle-policy.provisional.1,topic-lifecycle-shadow.v1,UNPUBLISHED_RESEARCH_ARTIFACT,2026-03-02,FERMENTING,True,HOLD_CURRENT_STAGE,UNKNOWN,RECONSTRUCTED_RESEARCH,0.461538,0.307692,0.153846,0.9868,9.803922,2026-03-03,FERMENTING,True,HOLD_CONFIRMATION,UNKNOWN,RECONSTRUCTED_RESEARCH,0.230769,0.076923,0.307692,-2.0955,7.990012,2026-03-04,DECLINING,True,JUMP_TRANSITION,UNKNOWN,RECONSTRUCTED_RESEARCH,0.076923,0.0,0.692308,-5.4417,1.587302,True,JUMP_TRANSITION,UNKNOWN,RECONSTRUCTED_RESEARCH,1.0,0.769231,0.0,5.0983,7.984791,-0.230769,-0.230769,0.153846,-3.0823,-1.81391,-0.15384599999999998,-0.076923,0.384616,-3.3462,-6.40271,0.923077,0.769231,-0.692308,10.54,6.397489
7b3419939766ff11b5c96b5cb82cd277087b90cab1c0f38d88a37acf8f3a249b,CONFIRMED_TRANSITION,1f4b7ae7-fc93-4360-ad76-f34ab6f92a7a,散熱零組件,散熱零組件,2026-03-05,DECLINING,MAIN_RISE,MAIN_RISE,JUMP_TRANSITION,STRONG_STRUCTURE_SIGNAL,2026-03-05,1,OTHER_TO_MAIN_RISE,True,False,2026-02-03,2026-03-05,CURRENT_TAXONOMY_HISTORICAL_RECONSTRUCTION,RETROSPECTIVE_RESEARCH_ONLY,topic-lifecycle-policy.provisional.1,topic-lifecycle-shadow.v1,UNPUBLISHED_RESEARCH_ARTIFACT,2026-03-02,FERMENTING,True,HOLD,UNKNOWN,RECONSTRUCTED_RESEARCH,0.333333,0.0,0.0,-0.3751,2.046784,2026-03-03,FERMENTING,True,HOLD_CONFIRMATION,UNKNOWN,RECONSTRUCTED_RESEARCH,0.166667,0.083333,0.25,-1.8735,4.173913,2026-03-04,DECLINING,True,JUMP_TRANSITION,UNKNOWN,RECONSTRUCTED_RESEARCH,0.166667,0.083333,0.833333,-4.4831,8.013356,True,JUMP_TRANSITION,UNKNOWN,RECONSTRUCTED_RESEARCH,1.0,0.5,0.0,4.3752,9.027778,-0.16666599999999998,0.083333,0.25,-1.4984,2.1271289999999996,0.0,0.0,0.583333,-2.6096000000000004,3.839443,0.833333,0.416667,-0.833333,8.8583,1.0144219999999997
b373b059570c65d316a3358b58a5ba4ae566a9981d80bf9946c7d41f5db0f19a,CONFIRMED_TRANSITION,3036362e-e366-465e-83ff-35e8843bea59,一般封測,一般封測,2026-03-05,DECLINING,MAIN_RISE,MAIN_RISE,JUMP_TRANSITION,STRONG_STRUCTURE_SIGNAL,2026-03-05,1,OTHER_TO_MAIN_RISE,True,False,2026-02-26,2026-03-05,CURRENT_TAXONOMY_HISTORICAL_RECONSTRUCTION,RETROSPECTIVE_RESEARCH_ONLY,topic-lifecycle-policy.provisional.1,topic-lifecycle-shadow.v1,UNPUBLISHED_RESEARCH_ARTIFACT,2026-03-02,,True,HOLD_CONFIRMATION,UNKNOWN,PENDING,0.333333,0.166667,0.166667,-0.6027,9.94152,2026-03-03,,True,HOLD_CONFIRMATION,UNKNOWN,PENDING,0.0,0.0,0.5,-3.9115,-0.632911,2026-03-04,DECLINING,True,JUMP_TRANSITION,UNKNOWN,RECONSTRUCTED_RESEARCH,0.0,0.0,0.916667,-6.6323,-2.576687,True,JUMP_TRANSITION,UNKNOWN,RECONSTRUCTED_RESEARCH,1.0,0.75,0.0,5.5829,9.884679,-0.333333,-0.166667,0.333333,-3.3088,-10.574431,0.0,0.0,0.416667,-2.7207999999999997,-1.9437760000000002,1.0,0.75,-0.916667,12.2152,12.461366
56db083164bd74f8b40f28041bc36ca6484b75c70126a78547755d353fc206bb,CONFIRMED_TRANSITION,575f6003-8aa6-47c3-bc94-a01248460be6,記憶體模組／通路,記憶體模組／通路,2026-03-05,DECLINING,MAIN_RISE,MAIN_RISE,JUMP_TRANSITION,STRONG_STRUCTURE_SIGNAL,2026-03-05,1,OTHER_TO_MAIN_RISE,True,False,2026-02-09,2026-03-05,CURRENT_TAXONOMY_HISTORICAL_RECONSTRUCTION,RETROSPECTIVE_RESEARCH_ONLY,topic-lifecycle-policy.provisional.1,topic-lifecycle-shadow.v1,UNPUBLISHED_RESEARCH_ARTIFACT,2026-03-02,DECLINING,True,HOLD_ILLEGAL_TRANSITION,UNKNOWN,RECONSTRUCTED_RESEARCH,0.416667,0.166667,0.0,0.7569,9.884467,2026-03-03,DECLINING,True,HOLD_CURRENT_STAGE,UNKNOWN,RECONSTRUCTED_RESEARCH,0.083333,0.0,0.916667,-6.1405,0.335196,2026-03-04,DECLINING,True,HOLD_CURRENT_STAGE,UNKNOWN,RECONSTRUCTED_RESEARCH,0.0,0.0,0.666667,-5.3584,-1.728395,True,JUMP_TRANSITION,UNKNOWN,RECONSTRUCTED_RESEARCH,1.0,0.833333,0.0,6.2943,9.808102,-0.333334,-0.166667,0.916667,-6.8974,-9.549271000000001,-0.083333,0.0,-0.25,0.7821000000000007,-2.0635909999999997,1.0,0.833333,-0.666667,11.6527,11.536497
67468b8f59637a7b075eaec3c39d14b7864a6d74578af3972c640a1880e42a3d,CONFIRMED_TRANSITION,5f812a13-ba3b-4e80-86a2-f5de8dbb30ef,高速傳輸,高速傳輸,2026-03-05,SPROUTING,MAIN_RISE,MAIN_RISE,JUMP_TRANSITION,STRONG_STRUCTURE_SIGNAL,2026-03-05,1,SPROUTING_TO_MAIN_RISE,True,False,2026-02-03,2026-03-05,CURRENT_TAXONOMY_HISTORICAL_RECONSTRUCTION,RETROSPECTIVE_RESEARCH_ONLY,topic-lifecycle-policy.provisional.1,topic-lifecycle-shadow.v1,UNPUBLISHED_RESEARCH_ARTIFACT,2026-03-02,SPROUTING,True,HOLD_CONFIRMATION,UNKNOWN,RECONSTRUCTED_RESEARCH,0.714286,0.285714,0.0,2.4331,7.73639,2026-03-03,SPROUTING,True,HOLD_CURRENT_STAGE,UNKNOWN,RECONSTRUCTED_RESEARCH,0.428571,0.285714,0.0,1.5114,10.0,2026-03-04,SPROUTING,True,HOLD_ILLEGAL_TRANSITION,UNKNOWN,RECONSTRUCTED_RESEARCH,0.0,0.0,0.571429,-4.7581,-2.12766,True,JUMP_TRANSITION,UNKNOWN,RECONSTRUCTED_RESEARCH,0.857143,0.714286,0.0,5.2286,9.943182,-0.285715,0.0,0.0,-0.9217,2.26361,-0.428571,-0.285714,0.571429,-6.2695,-12.12766,0.857143,0.714286,-0.571429,9.986699999999999,12.070842
cf7c7854fe8c362c8ac1f47b4533e49bf32901eccbaa3d0db833e2c1085a223f,CONFIRMED_TRANSITION,bd6bd732-6afb-47f7-8257-69b7734a5b39,半導體設備零組件,半導體設備零組件,2026-03-05,DECLINING,MAIN_RISE,MAIN_RISE,JUMP_TRANSITION,STRONG_STRUCTURE_SIGNAL,2026-03-05,1,OTHER_TO_MAIN_RISE,True,False,2026-02-23,2026-03-05,CURRENT_TAXONOMY_HISTORICAL_RECONSTRUCTION,RETROSPECTIVE_RESEARCH_ONLY,topic-lifecycle-policy.provisional.1,topic-lifecycle-shadow.v1,UNPUBLISHED_RESEARCH_ARTIFACT,2026-03-02,FERMENTING,True,HOLD_CONFIRMATION,PARTIAL,RECONSTRUCTED_RESEARCH,0.444444,0.222222,0.222222,1.0127,10.0,2026-03-03,FERMENTING,True,HOLD,PARTIAL,RECONSTRUCTED_RESEARCH,0.111111,0.0,0.0,-1.3986,1.964286,2026-03-04,DECLINING,True,JUMP_TRANSITION,PARTIAL,RECONSTRUCTED_RESEARCH,0.111111,0.111111,0.777778,-4.2595,5.958132,True,JUMP_TRANSITION,PARTIAL,RECONSTRUCTED_RESEARCH,1.0,0.777778,0.0,7.1864,9.986505,-0.333333,-0.222222,-0.222222,-2.4112999999999998,-8.035714,0.0,0.111111,0.777778,-2.8609,3.993846,0.888889,0.666667,-0.777778,11.4459,4.028372999999999
d276407bd1b2bd57a331430c241481ae77a2e741b4943229c3fa4be69367ca9c,CONFIRMED_TRANSITION,cd144cdb-c629-4ebb-9dd9-0bf3c6b21e7b,化工原料／塑化報價,化工原料／塑化報價,2026-03-06,SPROUTING,MAIN_RISE,MAIN_RISE,JUMP_TRANSITION,STRONG_STRUCTURE_SIGNAL,2026-03-06,1,SPROUTING_TO_MAIN_RISE,True,False,2026-02-25,2026-03-06,CURRENT_TAXONOMY_HISTORICAL_RECONSTRUCTION,RETROSPECTIVE_RESEARCH_ONLY,topic-lifecycle-policy.provisional.1,topic-lifecycle-shadow.v1,UNPUBLISHED_RESEARCH_ARTIFACT,2026-03-03,SPROUTING,True,HOLD,UNKNOWN,RECONSTRUCTED_RESEARCH,0.461538,0.153846,0.0,0.1837,4.081633,2026-03-04,SPROUTING,True,HOLD_ILLEGAL_TRANSITION,UNKNOWN,RECONSTRUCTED_RESEARCH,0.076923,0.0,0.384615,-3.9331,2.55102,2026-03-05,SPROUTING,True,HOLD,UNKNOWN,RECONSTRUCTED_RESEARCH,0.692308,0.0,0.076923,-0.0002,3.198653,True,JUMP_TRANSITION,UNKNOWN,RECONSTRUCTED_RESEARCH,1.0,0.615385,0.0,5.6206,9.98767,-0.384615,-0.153846,0.384615,-4.1168000000000005,-1.5306130000000002,0.6153850000000001,0.0,-0.30769199999999997,3.9329,0.6476330000000003,0.30769199999999997,0.615385,-0.076923,5.6208,6.789016999999999
1a4ec63faa4fba2977d5efdf02888e0fe658bb898420895be5a29778a2de4782,CONFIRMED_TRANSITION,1c05a0c9-e6ab-4ec1-9c19-3edfadb6fca8,顯卡,顯卡,2026-03-11,DECLINING,MAIN_RISE,MAIN_RISE,JUMP_TRANSITION,STRONG_STRUCTURE_SIGNAL,2026-03-11,1,OTHER_TO_MAIN_RISE,True,False,2026-02-23,2026-03-11,CURRENT_TAXONOMY_HISTORICAL_RECONSTRUCTION,RETROSPECTIVE_RESEARCH_ONLY,topic-lifecycle-policy.provisional.1,topic-lifecycle-shadow.v1,UNPUBLISHED_RESEARCH_ARTIFACT,2026-03-06,DECLINING,True,HOLD_ILLEGAL_TRANSITION,UNKNOWN,RECONSTRUCTED_RESEARCH,0.714286,0.142857,0.0,1.7755,9.936575,2026-03-09,DECLINING,True,HOLD_CURRENT_STAGE,UNKNOWN,RECONSTRUCTED_RESEARCH,0.142857,0.142857,0.571429,-2.3623,10.0,2026-03-10,DECLINING,True,HOLD,UNKNOWN,RECONSTRUCTED_RESEARCH,0.857143,0.142857,0.0,3.3713,9.965035,True,JUMP_TRANSITION,UNKNOWN,RECONSTRUCTED_RESEARCH,1.0,0.714286,0.0,6.5383,9.981168,-0.571429,0.0,0.571429,-4.1378,0.06342500000000051,0.714286,0.0,-0.571429,5.7336,-0.03496499999999969,0.142857,0.571429,0.0,3.1669999999999994,0.016132999999999953
16339107cbaeab91796ee0501eb8a480fb8f10e442c2621354f407a445fe348d,CONFIRMED_TRANSITION,6009750c-61d5-4472-9bd1-ed4c75b1981c,FOPLP,FOPLP,2026-03-11,DECLINING,MAIN_RISE,MAIN_RISE,JUMP_TRANSITION,STRONG_STRUCTURE_SIGNAL,2026-03-11,1,OTHER_TO_MAIN_RISE,True,False,2026-02-23,2026-03-11,CURRENT_TAXONOMY_HISTORICAL_RECONSTRUCTION,RETROSPECTIVE_RESEARCH_ONLY,topic-lifecycle-policy.provisional.1,topic-lifecycle-shadow.v1,UNPUBLISHED_RESEARCH_ARTIFACT,2026-03-06,DECLINING,True,HOLD_ILLEGAL_TRANSITION,UNKNOWN,RECONSTRUCTED_RESEARCH,0.666667,0.444444,0.0,2.1029,6.274008,2026-03-09,DECLINING,True,HOLD_CURRENT_STAGE,UNKNOWN,RECONSTRUCTED_RESEARCH,0.111111,0.0,0.888889,-5.6374,1.090909,2026-03-10,DECLINING,True,HOLD_ILLEGAL_TRANSITION,UNKNOWN,RECONSTRUCTED_RESEARCH,0.777778,0.444444,0.0,2.8853,5.984252,True,JUMP_TRANSITION,UNKNOWN,RECONSTRUCTED_RESEARCH,1.0,0.666667,0.0,5.6981,9.981851,-0.555556,-0.444444,0.888889,-7.7403,-5.183099,0.666667,0.444444,-0.888889,8.5227,4.893343,0.22222200000000003,0.222223,0.0,2.8128,3.997599000000001
aafe3df62b2c7a0633c99051e66de431e59c4f5b83256f13fc762047f7c3b0f9,CONFIRMED_TRANSITION,64716fcd-3b4e-4ff9-8bbf-96cfeb85560e,先進封裝設備,先進封裝設備,2026-03-11,,MAIN_RISE,MAIN_RISE,CONFIRMED_TRANSITION,ADAPTIVE_CONFIRMATION_SATISFIED,2026-03-11,1,BOOTSTRAP_PRIOR_STATE_UNKNOWN,False,True,2026-02-09,2026-03-11,CURRENT_TAXONOMY_HISTORICAL_RECONSTRUCTION,RETROSPECTIVE_RESEARCH_ONLY,topic-lifecycle-policy.provisional.1,topic-lifecycle-shadow.v1,UNPUBLISHED_RESEARCH_ARTIFACT,2026-03-06,,True,HOLD_CONFIRMATION,UNKNOWN,PENDING,0.333333,0.166667,0.0,1.0278,9.325153,2026-03-09,,True,HOLD_CONFIRMATION,UNKNOWN,PENDING,0.0,0.0,1.0,-7.8626,-5.047319,2026-03-10,,True,HOLD_CONFIRMATION,UNKNOWN,PENDING,1.0,0.5,0.0,4.549,9.98767,True,CONFIRMED_TRANSITION,UNKNOWN,RECONSTRUCTED_RESEARCH,1.0,0.666667,0.0,5.7873,9.943715,-0.333333,-0.166667,1.0,-8.8904,-14.372472,1.0,0.5,-1.0,12.4116,15.034989,0.0,0.166667,0.0,1.2382999999999997,-0.04395500000000041
c37461a4c7b2f1bc5440945aa8a98a2516eb507fb2c46370adead0a61f4aecd2,CONFIRMED_TRANSITION,6be55f86-6e50-499c-b543-2b420c51ba41,功率二極體／整流器,功率二極體／整流器,2026-03-11,DECLINING,MAIN_RISE,MAIN_RISE,JUMP_TRANSITION,STRONG_STRUCTURE_SIGNAL,2026-03-11,1,OTHER_TO_MAIN_RISE,True,False,2026-03-11,2026-03-11,CURRENT_TAXONOMY_HISTORICAL_RECONSTRUCTION,RETROSPECTIVE_RESEARCH_ONLY,topic-lifecycle-policy.provisional.1,topic-lifecycle-shadow.v1,UNPUBLISHED_RESEARCH_ARTIFACT,2026-03-06,DECLINING,True,HOLD,UNKNOWN,RECONSTRUCTED_RESEARCH,0.857143,0.285714,0.0,2.1363,5.444126,2026-03-09,DECLINING,True,HOLD_CURRENT_STAGE,UNKNOWN,RECONSTRUCTED_RESEARCH,0.0,0.0,0.714286,-6.6548,-0.666667,2026-03-10,DECLINING,True,HOLD,UNKNOWN,RECONSTRUCTED_RESEARCH,0.857143,0.142857,0.0,1.7074,4.559271,True,JUMP_TRANSITION,UNKNOWN,RECONSTRUCTED_RESEARCH,1.0,0.714286,0.0,6.3933,9.94012,-0.857143,-0.285714,0.714286,-8.7911,-6.110793,0.857143,0.142857,-0.714286,8.3622,5.225938,0.142857,0.571429,0.0,4.6859,5.380849
5d669a9272349f3c566e9c81687ce8926341944d95b1b77b6dab0e853248a2aa,CONFIRMED_TRANSITION,6fed881a-79d8-4265-aef5-5c1cd5902447,Chiplet,Chiplet,2026-03-11,DECLINING,MAIN_RISE,MAIN_RISE,JUMP_TRANSITION,STRONG_STRUCTURE_SIGNAL,2026-03-11,1,OTHER_TO_MAIN_RISE,True,False,2026-02-24,2026-03-11,CURRENT_TAXONOMY_HISTORICAL_RECONSTRUCTION,RETROSPECTIVE_RESEARCH_ONLY,topic-lifecycle-policy.provisional.1,topic-lifecycle-shadow.v1,UNPUBLISHED_RESEARCH_ARTIFACT,2026-03-06,DECLINING,True,HOLD,UNKNOWN,RECONSTRUCTED_RESEARCH,0.285714,0.0,0.0,-0.6376,1.273885,2026-03-09,DECLINING,True,HOLD_CURRENT_STAGE,UNKNOWN,RECONSTRUCTED_RESEARCH,0.0,0.0,1.0,-8.1137,-6.432749,2026-03-10,DECLINING,True,HOLD_ILLEGAL_TRANSITION,UNKNOWN,RECONSTRUCTED_RESEARCH,1.0,0.428571,0.0,3.8613,6.826347,True,JUMP_TRANSITION,UNKNOWN,RECONSTRUCTED_RESEARCH,1.0,0.714286,0.0,5.6007,9.96732,-0.285714,0.0,1.0,-7.4761,-7.706634,1.0,0.428571,-1.0,11.975,13.259096,0.0,0.285715,0.0,1.7393999999999998,3.1409730000000007
67b495b0d579980962e96c2b7d5a4b457a46510f2c637bb3b723f248447d5b27,CONFIRMED_TRANSITION,82b5e80d-7709-41aa-8b27-5e9d37cb1357,機器視覺,機器視覺,2026-03-11,DECLINING,MAIN_RISE,MAIN_RISE,JUMP_TRANSITION,STRONG_STRUCTURE_SIGNAL,2026-03-11,1,OTHER_TO_MAIN_RISE,True,False,2026-03-11,2026-03-11,CURRENT_TAXONOMY_HISTORICAL_RECONSTRUCTION,RETROSPECTIVE_RESEARCH_ONLY,topic-lifecycle-policy.provisional.1,topic-lifecycle-shadow.v1,UNPUBLISHED_RESEARCH_ARTIFACT,2026-03-06,DECLINING,True,HOLD,UNKNOWN,RECONSTRUCTED_RESEARCH,0.428571,0.0,0.0,-0.1026,2.484472,2026-03-09,DECLINING,True,HOLD_CURRENT_STAGE,UNKNOWN,RECONSTRUCTED_RESEARCH,0.142857,0.0,0.714286,-4.424,1.066667,2026-03-10,DECLINING,True,HOLD,UNKNOWN,RECONSTRUCTED_RESEARCH,1.0,0.285714,0.0,3.7792,9.917355,True,JUMP_TRANSITION,UNKNOWN,RECONSTRUCTED_RESEARCH,1.0,0.714286,0.0,5.9991,9.774436,-0.28571399999999997,0.0,0.714286,-4.321400000000001,-1.4178049999999998,0.857143,0.285714,-0.714286,8.2032,8.850688,0.0,0.42857199999999995,0.0,2.2199000000000004,-0.1429190000000009
9ced35e1244f18a4da4eb4dd6bf4f9b241702597cabc2a8d530f74c9826dd0cf,CONFIRMED_TRANSITION,8813ecb9-3470-46ef-aff6-3f6a8bb9905c,工業自動化,工業自動化,2026-03-11,DECLINING,MAIN_RISE,MAIN_RISE,JUMP_TRANSITION,STRONG_STRUCTURE_SIGNAL,2026-03-11,1,OTHER_TO_MAIN_RISE,True,False,2026-03-10,2026-03-11,CURRENT_TAXONOMY_HISTORICAL_RECONSTRUCTION,RETROSPECTIVE_RESEARCH_ONLY,topic-lifecycle-policy.provisional.1,topic-lifecycle-shadow.v1,UNPUBLISHED_RESEARCH_ARTIFACT,2026-03-06,DECLINING,True,HOLD_ILLEGAL_TRANSITION,PARTIAL,RECONSTRUCTED_RESEARCH,0.263158,0.052632,0.105263,-0.6313,9.489051,2026-03-09,DECLINING,True,HOLD_CURRENT_STAGE,UNKNOWN,RECONSTRUCTED_RESEARCH,0.0,0.0,0.95,-6.4198,-3.153989,2026-03-10,DECLINING,True,HOLD_ILLEGAL_TRANSITION,UNKNOWN,RECONSTRUCTED_RESEARCH,0.95,0.4,0.0,3.5076,9.927798,True,JUMP_TRANSITION,UNKNOWN,RECONSTRUCTED_RESEARCH,1.0,0.45,0.0,4.1916,10.0,-0.263158,-0.052632,0.844737,-5.788500000000001,-12.64304,0.95,0.4,-0.95,9.9274,13.081786999999998,0.050000000000000044,0.04999999999999999,0.0,0.6840000000000002,0.07220200000000077
a96adef99357ee492c51dee7ef90238336aeefedd4cfd09db372bf9e6a7ce464,CONFIRMED_TRANSITION,96ec0fc5-6124-4c7c-9602-ce3976129e54,視覺檢測,視覺檢測,2026-03-11,FERMENTING,MAIN_RISE,MAIN_RISE,CONFIRMED_TRANSITION,ADAPTIVE_CONFIRMATION_SATISFIED,2026-03-11,1,FERMENTING_TO_MAIN_RISE,False,False,2026-03-05,2026-03-11,CURRENT_TAXONOMY_HISTORICAL_RECONSTRUCTION,RETROSPECTIVE_RESEARCH_ONLY,topic-lifecycle-policy.provisional.1,topic-lifecycle-shadow.v1,UNPUBLISHED_RESEARCH_ARTIFACT,2026-03-06,FERMENTING,True,HOLD_CURRENT_STAGE,UNKNOWN,RECONSTRUCTED_RESEARCH,0.75,0.0,0.0,0.9298,2.484472,2026-03-09,FERMENTING,True,HOLD_ILLEGAL_TRANSITION,UNKNOWN,RECONSTRUCTED_RESEARCH,0.0,0.0,0.75,-4.1602,-0.20202,2026-03-10,FERMENTING,True,HOLD_CONFIRMATION,UNKNOWN,RECONSTRUCTED_RESEARCH,1.0,0.5,0.0,5.7632,9.917355,True,CONFIRMED_TRANSITION,UNKNOWN,RECONSTRUCTED_RESEARCH,1.0,0.75,0.0,7.6132,9.774436,-0.75,0.0,0.75,-5.09,-2.686492,1.0,0.5,-0.75,9.9234,10.119375,0.0,0.25,0.0,1.8499999999999996,-0.1429190000000009
397e0cf907e71747dd3e163c6faa9a39853a13a3db6429634c02b94c47c09875,CONFIRMED_TRANSITION,bd5e198e-d85e-4d8d-a688-f32663d59941,ASIC,ASIC,2026-03-11,DECLINING,MAIN_RISE,MAIN_RISE,JUMP_TRANSITION,STRONG_STRUCTURE_SIGNAL,2026-03-11,1,OTHER_TO_MAIN_RISE,True,False,2026-03-10,2026-03-11,CURRENT_TAXONOMY_HISTORICAL_RECONSTRUCTION,RETROSPECTIVE_RESEARCH_ONLY,topic-lifecycle-policy.provisional.1,topic-lifecycle-shadow.v1,UNPUBLISHED_RESEARCH_ARTIFACT,2026-03-06,DECLINING,True,HOLD_ILLEGAL_TRANSITION,UNKNOWN,RECONSTRUCTED_RESEARCH,0.36,0.04,0.0,-0.016,7.608696,2026-03-09,DECLINING,True,HOLD_CURRENT_STAGE,UNKNOWN,RECONSTRUCTED_RESEARCH,0.0,0.0,0.92,-7.0124,-0.904393,2026-03-10,DECLINING,True,HOLD_ILLEGAL_TRANSITION,UNKNOWN,RECONSTRUCTED_RESEARCH,0.84,0.36,0.0,3.5911,9.774436,True,JUMP_TRANSITION,UNKNOWN,RECONSTRUCTED_RESEARCH,0.96,0.52,0.0,4.5597,9.977578,-0.36,-0.04,0.92,-6.9964,-8.513089,0.84,0.36,-0.92,10.6035,10.678829,0.12,0.16000000000000003,0.0,0.9686000000000003,0.2031419999999997
0e62593267e3b49fca91be6c6704c5642a41ee2c79ebdd0b75f152b44dac505f,CONFIRMED_TRANSITION,bd275e19-d849-43db-aa5c-7402d4923a46,AI伺服器整機／ODM,AI伺服器整機／ODM,2026-03-12,FERMENTING,MAIN_RISE,MAIN_RISE,CONFIRMED_TRANSITION,ADAPTIVE_CONFIRMATION_SATISFIED,2026-03-12,1,FERMENTING_TO_MAIN_RISE,False,False,2026-03-05,2026-03-12,CURRENT_TAXONOMY_HISTORICAL_RECONSTRUCTION,RETROSPECTIVE_RESEARCH_ONLY,topic-lifecycle-policy.provisional.1,topic-lifecycle-shadow.v1,UNPUBLISHED_RESEARCH_ARTIFACT,2026-03-09,FERMENTING,True,HOLD_ILLEGAL_TRANSITION,UNKNOWN,RECONSTRUCTED_RESEARCH,0.0,0.0,0.6,-6.1405,-2.112676,2026-03-10,FERMENTING,True,HOLD,UNKNOWN,RECONSTRUCTED_RESEARCH,0.8,0.2,0.0,2.9845,9.857143,2026-03-11,FERMENTING,True,HOLD_CONFIRMATION,UNKNOWN,RECONSTRUCTED_RESEARCH,0.8,0.4,0.0,3.3597,8.452536,True,CONFIRMED_TRANSITION,UNKNOWN,RECONSTRUCTED_RESEARCH,0.8,0.4,0.0,4.3665,9.985735,0.8,0.2,-0.6,9.125,11.969819000000001,0.0,0.2,0.0,0.3752,-1.4046070000000004,0.0,0.0,0.0,1.0068000000000001,1.5331989999999998
a82e55ab529cd74c4f0ca30bba473d414b74af7755e810e06ad6d49284a92df7,CONFIRMED_TRANSITION,cf69341b-5104-41d5-857a-e2827f511cb6,其他被動元件,其他被動元件,2026-03-17,DECLINING,MAIN_RISE,MAIN_RISE,JUMP_TRANSITION,STRONG_STRUCTURE_SIGNAL,2026-03-17,1,OTHER_TO_MAIN_RISE,True,False,2026-02-24,2026-03-17,CURRENT_TAXONOMY_HISTORICAL_RECONSTRUCTION,RETROSPECTIVE_RESEARCH_ONLY,topic-lifecycle-policy.provisional.1,topic-lifecycle-shadow.v1,UNPUBLISHED_RESEARCH_ARTIFACT,2026-03-12,DECLINING,True,HOLD,UNKNOWN,RECONSTRUCTED_RESEARCH,0.3,0.0,0.2,-1.323,1.960784,2026-03-13,DECLINING,True,HOLD,UNKNOWN,RECONSTRUCTED_RESEARCH,0.7,0.0,0.0,0.3699,1.704545,2026-03-16,DECLINING,True,HOLD,UNKNOWN,RECONSTRUCTED_RESEARCH,1.0,0.2,0.0,2.9678,9.88024,True,JUMP_TRANSITION,UNKNOWN,RECONSTRUCTED_RESEARCH,0.9,0.5,0.0,4.6101,9.951846,0.39999999999999997,0.0,-0.2,1.6928999999999998,-0.2562390000000001,0.30000000000000004,0.2,0.0,2.5979,8.175695000000001,-0.09999999999999998,0.3,0.0,1.6423,0.07160599999999917
3d294486f8f24734d4e264775215303d9ffaa9fc7289b34a09682c373b35eb0e,CONFIRMED_TRANSITION,f1c09841-4f04-4aa8-9674-08b238604bf9,重電,重電,2026-04-08,DECLINING,MAIN_RISE,MAIN_RISE,JUMP_TRANSITION,STRONG_STRUCTURE_SIGNAL,2026-04-08,1,OTHER_TO_MAIN_RISE,True,False,2026-04-08,2026-04-08,CURRENT_TAXONOMY_HISTORICAL_RECONSTRUCTION,RETROSPECTIVE_RESEARCH_ONLY,topic-lifecycle-policy.provisional.1,topic-lifecycle-shadow.v1,UNPUBLISHED_RESEARCH_ARTIFACT,2026-04-01,DECLINING,True,HOLD,UNKNOWN,RECONSTRUCTED_RESEARCH,0.833333,0.0,0.0,1.8373,3.833333,2026-04-02,DECLINING,True,HOLD,UNKNOWN,RECONSTRUCTED_RESEARCH,0.083333,0.0,0.083333,-1.4216,1.938611,2026-04-07,DECLINING,True,HOLD,UNKNOWN,RECONSTRUCTED_RESEARCH,0.333333,0.0,0.0,-0.4721,0.347222,True,JUMP_TRANSITION,UNKNOWN,RECONSTRUCTED_RESEARCH,1.0,0.5,0.0,3.7045,6.188925,-0.75,0.0,0.083333,-3.2588999999999997,-1.894722,0.25,0.0,-0.083333,0.9495,-1.5913890000000002,0.666667,0.5,0.0,4.1766,5.841703
16102a95c78bd2541c6ef683157c2741c0923f6d6b81d0a41291ad1095ee7d83,CONFIRMED_TRANSITION,08e6c331-a3f5-482c-9250-5ec2c8be0fdd,特殊金屬材料,特殊金屬材料,2026-04-13,FERMENTING,MAIN_RISE,MAIN_RISE,CONFIRMED_TRANSITION,ADAPTIVE_CONFIRMATION_SATISFIED,2026-04-13,1,FERMENTING_TO_MAIN_RISE,False,False,2026-02-10,2026-04-13,CURRENT_TAXONOMY_HISTORICAL_RECONSTRUCTION,RETROSPECTIVE_RESEARCH_ONLY,topic-lifecycle-policy.provisional.1,topic-lifecycle-shadow.v1,UNPUBLISHED_RESEARCH_ARTIFACT,2026-04-08,FERMENTING,True,HOLD_CONFIRMATION,UNKNOWN,RECONSTRUCTED_RESEARCH,0.8,0.4,0.0,3.1161,6.618532,2026-04-09,FERMENTING,True,HOLD_CURRENT_STAGE,UNKNOWN,RECONSTRUCTED_RESEARCH,0.6,0.2,0.0,2.4138,9.947644,2026-04-10,FERMENTING,True,HOLD_CONFIRMATION,UNKNOWN,RECONSTRUCTED_RESEARCH,0.8,0.4,0.0,4.113,10.0,True,CONFIRMED_TRANSITION,UNKNOWN,RECONSTRUCTED_RESEARCH,0.8,0.4,0.0,4.4519,9.95671,-0.20000000000000007,-0.2,0.0,-0.7022999999999997,3.3291120000000003,0.20000000000000007,0.2,0.0,1.6992000000000003,0.052355999999999625,0.0,0.0,0.0,0.33889999999999976,-0.04329000000000072
0505eb2a5eb6994fba32601afe7450ba1c92ad1ee4f6dfe86e110d8ae66fadfe,CONFIRMED_TRANSITION,4a7b6805-9ede-49bc-8e89-b9a3c1ee652f,電感,電感,2026-04-13,FERMENTING,MAIN_RISE,MAIN_RISE,CONFIRMED_TRANSITION,ADAPTIVE_CONFIRMATION_SATISFIED,2026-04-13,1,FERMENTING_TO_MAIN_RISE,False,False,2026-02-23,2026-04-13,CURRENT_TAXONOMY_HISTORICAL_RECONSTRUCTION,RETROSPECTIVE_RESEARCH_ONLY,topic-lifecycle-policy.provisional.1,topic-lifecycle-shadow.v1,UNPUBLISHED_RESEARCH_ARTIFACT,2026-04-08,FERMENTING,True,HOLD_CONFIRMATION,UNKNOWN,RECONSTRUCTED_RESEARCH,1.0,0.666667,0.0,4.2303,7.263923,2026-04-09,FERMENTING,True,HOLD_CURRENT_STAGE,UNKNOWN,RECONSTRUCTED_RESEARCH,0.5,0.166667,0.0,2.2427,9.825328,2026-04-10,FERMENTING,True,HOLD_CONFIRMATION,UNKNOWN,RECONSTRUCTED_RESEARCH,0.833333,0.5,0.0,3.4465,9.940358,True,CONFIRMED_TRANSITION,UNKNOWN,RECONSTRUCTED_RESEARCH,0.833333,0.833333,0.166667,4.9495,9.945355,-0.5,-0.5,0.0,-1.9875999999999996,2.5614050000000006,0.333333,0.333333,0.0,1.2037999999999998,0.11502999999999908,0.0,0.333333,0.166667,1.5029999999999997,0.004996999999999474
0d76c52416945a51c6b5b8ab5096e25c26723c927cfa1411abb43c20a83575b6,CONFIRMED_TRANSITION,e8b5f9c2-c4ac-4ee4-8bfc-8aa501a154a9,石英元件,石英元件,2026-04-13,FERMENTING,MAIN_RISE,MAIN_RISE,CONFIRMED_TRANSITION,ADAPTIVE_CONFIRMATION_SATISFIED,2026-04-13,1,FERMENTING_TO_MAIN_RISE,False,False,2026-02-24,2026-04-13,CURRENT_TAXONOMY_HISTORICAL_RECONSTRUCTION,RETROSPECTIVE_RESEARCH_ONLY,topic-lifecycle-policy.provisional.1,topic-lifecycle-shadow.v1,UNPUBLISHED_RESEARCH_ARTIFACT,2026-04-08,FERMENTING,True,HOLD,UNKNOWN,RECONSTRUCTED_RESEARCH,1.0,0.2,0.0,2.8731,4.255319,2026-04-09,FERMENTING,True,HOLD,UNKNOWN,RECONSTRUCTED_RESEARCH,0.8,0.2,0.2,2.2715,9.693878,2026-04-10,FERMENTING,True,HOLD_CONFIRMATION,UNKNOWN,RECONSTRUCTED_RESEARCH,1.0,0.8,0.0,4.6646,9.767442,True,CONFIRMED_TRANSITION,UNKNOWN,RECONSTRUCTED_RESEARCH,1.0,1.0,0.0,9.3799,9.972299,-0.19999999999999996,0.0,0.2,-0.6015999999999999,5.438559,0.19999999999999996,0.6000000000000001,-0.2,2.3931,0.07356400000000107,0.0,0.19999999999999996,0.0,4.715299999999999,0.20485699999999873
03981eada9f1df30f69451540bbc825dcae55d8f89257eb611d019bbfaa51aeb,CONFIRMED_TRANSITION,44fb84f2-bd3a-458b-b303-9ffa62aeef68,車用功率半導體,車用功率半導體,2026-04-17,DECLINING,MAIN_RISE,MAIN_RISE,JUMP_TRANSITION,STRONG_STRUCTURE_SIGNAL,2026-04-17,1,OTHER_TO_MAIN_RISE,True,False,2026-03-11,2026-04-17,CURRENT_TAXONOMY_HISTORICAL_RECONSTRUCTION,RETROSPECTIVE_RESEARCH_ONLY,topic-lifecycle-policy.provisional.1,topic-lifecycle-shadow.v1,UNPUBLISHED_RESEARCH_ARTIFACT,2026-04-14,DECLINING,True,HOLD,UNKNOWN,RECONSTRUCTED_RESEARCH,0.333333,0.0,0.0,0.0276,2.479339,2026-04-15,DECLINING,True,HOLD_ILLEGAL_TRANSITION,UNKNOWN,RECONSTRUCTED_RESEARCH,0.333333,0.111111,0.0,0.0411,4.020101,2026-04-16,DECLINING,True,HOLD,UNKNOWN,RECONSTRUCTED_RESEARCH,0.888889,0.333333,0.0,3.9426,10.0,True,JUMP_TRANSITION,UNKNOWN,RECONSTRUCTED_RESEARCH,0.888889,0.666667,0.0,5.5166,9.917355,0.0,0.111111,0.0,0.013499999999999998,1.5407620000000004,0.555556,0.22222199999999998,0.0,3.9015,5.979899,0.0,0.333334,0.0,1.5740000000000003,-0.08264499999999941
cbbb5ec78cd559b9961f1974e0f11691f0002ee1d769b78ff98e71ae7b42a00c,CONFIRMED_TRANSITION,1c8f78e9-61e9-4676-b5ce-ffddd1391586,GaN 晶圓／GaN-on-Si,GaN 晶圓／GaN-on-Si,2026-04-21,FERMENTING,MAIN_RISE,MAIN_RISE,CONFIRMED_TRANSITION,ADAPTIVE_CONFIRMATION_SATISFIED,2026-04-21,1,FERMENTING_TO_MAIN_RISE,False,False,2026-02-26,2026-04-21,CURRENT_TAXONOMY_HISTORICAL_RECONSTRUCTION,RETROSPECTIVE_RESEARCH_ONLY,topic-lifecycle-policy.provisional.1,topic-lifecycle-shadow.v1,UNPUBLISHED_RESEARCH_ARTIFACT,2026-04-16,FERMENTING,True,CONFIRMED_TRANSITION,UNKNOWN,RECONSTRUCTED_RESEARCH,0.666667,0.333333,0.0,1.8687,4.651163,2026-04-17,FERMENTING,True,HOLD,UNKNOWN,RECONSTRUCTED_RESEARCH,0.333333,0.0,0.333333,-2.9753,0.798722,2026-04-20,FERMENTING,True,HOLD_CONFIRMATION,UNKNOWN,RECONSTRUCTED_RESEARCH,1.0,1.0,0.0,7.8208,9.916201,True,CONFIRMED_TRANSITION,UNKNOWN,RECONSTRUCTED_RESEARCH,1.0,1.0,0.0,8.2109,9.911055,-0.333334,-0.333333,0.333333,-4.843999999999999,-3.8524410000000002,0.666667,1.0,-0.333333,10.7961,9.117479,0.0,0.0,0.0,0.39010000000000034,-0.005145999999999873
e896f95148c37e5a1cbe72ea300f1fa7120ac302251b38632ed3437e77b41cf0,CONFIRMED_TRANSITION,390b351a-37b0-475a-9077-e19c0ec5760e,12 吋矽晶圓,12 吋矽晶圓,2026-04-21,FERMENTING,MAIN_RISE,MAIN_RISE,CONFIRMED_TRANSITION,ADAPTIVE_CONFIRMATION_SATISFIED,2026-04-21,1,FERMENTING_TO_MAIN_RISE,False,False,2026-03-05,2026-04-21,CURRENT_TAXONOMY_HISTORICAL_RECONSTRUCTION,RETROSPECTIVE_RESEARCH_ONLY,topic-lifecycle-policy.provisional.1,topic-lifecycle-shadow.v1,UNPUBLISHED_RESEARCH_ARTIFACT,2026-04-16,FERMENTING,True,HOLD_CONFIRMATION,UNKNOWN,RECONSTRUCTED_RESEARCH,1.0,0.5,0.0,2.4907,4.651163,2026-04-17,FERMENTING,True,HOLD,UNKNOWN,RECONSTRUCTED_RESEARCH,0.0,0.0,0.25,-3.6321,-1.968504,2026-04-20,FERMENTING,True,HOLD_CONFIRMATION,UNKNOWN,RECONSTRUCTED_RESEARCH,0.75,0.75,0.0,5.8303,9.916201,True,CONFIRMED_TRANSITION,UNKNOWN,RECONSTRUCTED_RESEARCH,0.75,0.5,0.0,4.6648,9.911055,-1.0,-0.5,0.25,-6.1228,-6.619667000000001,0.75,0.75,-0.25,9.4624,11.884704999999999,0.0,-0.25,0.0,-1.1655000000000006,-0.005145999999999873
17bd2fdccccc9dd0c3d940c105f821129fdd37c492757e16d32ab162e6b0ee44,CONFIRMED_TRANSITION,d8cfc63d-b857-45b0-90bc-990be97e7128,SiC 晶圓／基板,SiC 晶圓／基板,2026-04-21,,MAIN_RISE,MAIN_RISE,CONFIRMED_TRANSITION,ADAPTIVE_CONFIRMATION_SATISFIED,2026-04-21,1,BOOTSTRAP_PRIOR_STATE_UNKNOWN,False,True,2026-03-05,2026-04-21,CURRENT_TAXONOMY_HISTORICAL_RECONSTRUCTION,RETROSPECTIVE_RESEARCH_ONLY,topic-lifecycle-policy.provisional.1,topic-lifecycle-shadow.v1,UNPUBLISHED_RESEARCH_ARTIFACT,2026-04-16,,True,HOLD_CONFIRMATION,UNKNOWN,PENDING,1.0,0.666667,0.0,3.2348,4.651163,2026-04-17,,True,HOLD,UNKNOWN,PENDING,0.0,0.0,0.333333,-3.8977,-1.968504,2026-04-20,,True,HOLD_CONFIRMATION,UNKNOWN,PENDING,1.0,1.0,0.0,8.2159,9.916201,True,CONFIRMED_TRANSITION,UNKNOWN,RECONSTRUCTED_RESEARCH,1.0,0.666667,0.0,6.847,9.911055,-1.0,-0.666667,0.333333,-7.1325,-6.619667000000001,1.0,1.0,-0.333333,12.1136,11.884704999999999,0.0,-0.333333,0.0,-1.3688999999999991,-0.005145999999999873
cc5b383cf8fa9d83432bc2d99131bfeef915ccb95781a116149a34888a6fbde0,CONFIRMED_TRANSITION,4bf1ec34-ee86-41f4-b304-385f32ca4fe1,8 吋矽晶圓,8 吋矽晶圓,2026-05-04,FERMENTING,MAIN_RISE,MAIN_RISE,CONFIRMED_TRANSITION,ADAPTIVE_CONFIRMATION_SATISFIED,2026-05-04,1,FERMENTING_TO_MAIN_RISE,False,False,2026-03-05,2026-05-04,CURRENT_TAXONOMY_HISTORICAL_RECONSTRUCTION,RETROSPECTIVE_RESEARCH_ONLY,topic-lifecycle-policy.provisional.1,topic-lifecycle-shadow.v1,UNPUBLISHED_RESEARCH_ARTIFACT,2026-04-28,FERMENTING,True,HOLD_CONFIRMATION,UNKNOWN,RECONSTRUCTED_RESEARCH,0.333333,0.333333,0.333333,0.4255,9.925926,2026-04-29,FERMENTING,True,HOLD_CURRENT_STAGE,UNKNOWN,RECONSTRUCTED_RESEARCH,0.666667,0.333333,0.333333,1.451,9.973046,2026-04-30,FERMENTING,True,HOLD_CONFIRMATION,UNKNOWN,RECONSTRUCTED_RESEARCH,1.0,1.0,0.0,7.4226,9.926471,True,CONFIRMED_TRANSITION,UNKNOWN,RECONSTRUCTED_RESEARCH,1.0,1.0,0.0,8.0644,9.921962,0.333334,0.0,0.0,1.0255,0.04711999999999961,0.333333,0.666667,-0.333333,5.9716000000000005,-0.0465750000000007,0.0,0.0,0.0,0.641799999999999,-0.004508999999998764
b98e5c736d9f43b80d82a0ca920affb13b0e9026038c98a2bf594e1fe28c549f,CONFIRMED_TRANSITION,dbb3271c-4db1-4211-9876-f18cc063aa70,其他 AI視覺,其他 AI視覺,2026-05-21,DECLINING,MAIN_RISE,MAIN_RISE,JUMP_TRANSITION,STRONG_STRUCTURE_SIGNAL,2026-05-21,1,OTHER_TO_MAIN_RISE,True,False,2026-05-14,2026-05-21,CURRENT_TAXONOMY_HISTORICAL_RECONSTRUCTION,RETROSPECTIVE_RESEARCH_ONLY,topic-lifecycle-policy.provisional.1,topic-lifecycle-shadow.v1,UNPUBLISHED_RESEARCH_ARTIFACT,2026-05-18,DECLINING,True,HOLD,UNKNOWN,RECONSTRUCTED_RESEARCH,0.529412,0.117647,0.117647,0.2268,7.828283,2026-05-19,DECLINING,True,HOLD_ILLEGAL_TRANSITION,UNKNOWN,RECONSTRUCTED_RESEARCH,0.411765,0.058824,0.117647,-0.3397,5.588235,2026-05-20,DECLINING,True,HOLD_ILLEGAL_TRANSITION,UNKNOWN,RECONSTRUCTED_RESEARCH,0.529412,0.235294,0.117647,1.5199,9.931507,True,JUMP_TRANSITION,UNKNOWN,RECONSTRUCTED_RESEARCH,0.941176,0.647059,0.0,5.1296,9.885932,-0.117647,-0.058823,0.0,-0.5665,-2.240048,0.117647,0.17647000000000002,0.0,1.8596,4.343272,0.411764,0.41176500000000005,-0.117647,3.6097,-0.04557499999999948
27a308e7998a97badee03d8c84339e86cfb06e21205282217871e82bbfc39fb4,CONFIRMED_TRANSITION,492727af-03ba-4000-b115-d1cc1b64dd6b,其他 AI伺服器供應鏈,其他 AI伺服器供應鏈,2026-05-22,FERMENTING,MAIN_RISE,MAIN_RISE,CONFIRMED_TRANSITION,ADAPTIVE_CONFIRMATION_SATISFIED,2026-05-22,1,FERMENTING_TO_MAIN_RISE,False,False,2026-03-11,2026-05-22,CURRENT_TAXONOMY_HISTORICAL_RECONSTRUCTION,RETROSPECTIVE_RESEARCH_ONLY,topic-lifecycle-policy.provisional.1,topic-lifecycle-shadow.v1,UNPUBLISHED_RESEARCH_ARTIFACT,2026-05-19,FERMENTING,True,HOLD,UNKNOWN,RECONSTRUCTED_RESEARCH,0.357143,0.0,0.142857,-1.3037,2.840909,2026-05-20,FERMENTING,True,HOLD_CURRENT_STAGE,UNKNOWN,RECONSTRUCTED_RESEARCH,0.571429,0.071429,0.071429,0.6249,9.950249,2026-05-21,FERMENTING,True,HOLD_CONFIRMATION,UNKNOWN,RECONSTRUCTED_RESEARCH,0.857143,0.428571,0.0,4.2716,9.920635,True,CONFIRMED_TRANSITION,UNKNOWN,RECONSTRUCTED_RESEARCH,0.928571,0.428571,0.0,3.8071,9.88806,0.21428599999999998,0.071429,-0.071428,1.9286,7.1093399999999995,0.285714,0.35714199999999996,-0.071429,3.6467,-0.029613999999998697,0.07142800000000005,0.0,0.0,-0.46450000000000014,-0.03257500000000135
84894f7afc8524edcb9d7228f054d4a7719286586f2e746dd7ce9317043cfb23,CONFIRMED_TRANSITION,94b4ea55-baa4-4c8c-a59e-f367bcc4b648,ADAS,ADAS,2026-05-22,FERMENTING,MAIN_RISE,MAIN_RISE,CONFIRMED_TRANSITION,ADAPTIVE_CONFIRMATION_SATISFIED,2026-05-22,1,FERMENTING_TO_MAIN_RISE,False,False,2026-03-05,2026-05-22,CURRENT_TAXONOMY_HISTORICAL_RECONSTRUCTION,RETROSPECTIVE_RESEARCH_ONLY,topic-lifecycle-policy.provisional.1,topic-lifecycle-shadow.v1,UNPUBLISHED_RESEARCH_ARTIFACT,2026-05-19,FERMENTING,True,HOLD_CURRENT_STAGE,UNKNOWN,RECONSTRUCTED_RESEARCH,0.75,0.25,0.0,2.8124,9.569378,2026-05-20,FERMENTING,True,HOLD,UNKNOWN,RECONSTRUCTED_RESEARCH,0.5,0.25,0.25,0.359,7.815631,2026-05-21,FERMENTING,True,HOLD_CONFIRMATION,UNKNOWN,RECONSTRUCTED_RESEARCH,1.0,0.5,0.0,5.2477,9.851301,True,CONFIRMED_TRANSITION,UNKNOWN,RECONSTRUCTED_RESEARCH,1.0,0.5,0.0,3.6541,9.821429,-0.25,0.0,0.25,-2.4534,-1.7537470000000006,0.5,0.25,-0.25,4.8887,2.0356699999999996,0.0,0.0,0.0,-1.5936,-0.029871999999999233
c0aa2874de3c8e86767a281a4661600e238159dc84cde37c9d6bb6171ece515a,CONFIRMED_TRANSITION,a5e71356-ecf8-46c3-91be-66e5151b9d9e,AI影像辨識,AI影像辨識,2026-05-22,FERMENTING,MAIN_RISE,MAIN_RISE,CONFIRMED_TRANSITION,ADAPTIVE_CONFIRMATION_SATISFIED,2026-05-22,1,FERMENTING_TO_MAIN_RISE,False,False,2026-03-05,2026-05-22,CURRENT_TAXONOMY_HISTORICAL_RECONSTRUCTION,RETROSPECTIVE_RESEARCH_ONLY,topic-lifecycle-policy.provisional.1,topic-lifecycle-shadow.v1,UNPUBLISHED_RESEARCH_ARTIFACT,2026-05-19,FERMENTING,True,HOLD_CURRENT_STAGE,UNKNOWN,RECONSTRUCTED_RESEARCH,0.5,0.166667,0.0,1.6131,9.894737,2026-05-20,FERMENTING,True,HOLD,UNKNOWN,RECONSTRUCTED_RESEARCH,0.5,0.333333,0.333333,0.1828,7.815631,2026-05-21,FERMENTING,True,HOLD_CONFIRMATION,UNKNOWN,RECONSTRUCTED_RESEARCH,0.833333,0.833333,0.0,6.5083,9.982175,True,CONFIRMED_TRANSITION,UNKNOWN,RECONSTRUCTED_RESEARCH,0.833333,0.666667,0.0,4.7505,9.958506,0.0,0.16666599999999998,0.333333,-1.4303,-2.0791059999999995,0.333333,0.5,-0.333333,6.3255,2.166544,0.0,-0.16666599999999998,0.0,-1.7578000000000005,-0.02366899999999994
f600f2c38ed087acc396b2aa20f4455ee7b6ee359c514a3ee6a50ce387cdcb7c,CONFIRMED_TRANSITION,545bc443-e628-40fe-a844-65ba7b1aab83,鋼鐵／不鏽鋼材料,鋼鐵／不鏽鋼材料,2026-05-25,SPROUTING,MAIN_RISE,MAIN_RISE,JUMP_TRANSITION,STRONG_STRUCTURE_SIGNAL,2026-05-25,1,SPROUTING_TO_MAIN_RISE,True,False,2026-05-25,2026-05-25,CURRENT_TAXONOMY_HISTORICAL_RECONSTRUCTION,RETROSPECTIVE_RESEARCH_ONLY,topic-lifecycle-policy.provisional.1,topic-lifecycle-shadow.v1,UNPUBLISHED_RESEARCH_ARTIFACT,2026-05-20,SPROUTING,True,HOLD_CONFIRMATION,UNKNOWN,RECONSTRUCTED_RESEARCH,0.555556,0.0,0.0,0.6561,3.739445,2026-05-21,SPROUTING,True,HOLD,UNKNOWN,RECONSTRUCTED_RESEARCH,0.888889,0.222222,0.0,1.9963,7.250755,2026-05-22,SPROUTING,True,HOLD_CURRENT_STAGE,UNKNOWN,RECONSTRUCTED_RESEARCH,0.444444,0.111111,0.0,1.2619,6.437768,True,JUMP_TRANSITION,UNKNOWN,RECONSTRUCTED_RESEARCH,0.888889,0.555556,0.0,5.2679,9.937888,0.333333,0.222222,0.0,1.3401999999999998,3.51131,-0.44444500000000003,-0.111111,0.0,-0.7343999999999999,-0.8129869999999997,0.44444500000000003,0.44444500000000003,0.0,4.006,3.500119999999999
606b249a5b48d587a86aef32047857e7292f5ce74d175cd77900e7ffb731ebbe,CONFIRMED_TRANSITION,558380c3-554b-420c-bfb9-925a3d2e1004,BBU,BBU,2026-05-25,DECLINING,MAIN_RISE,MAIN_RISE,JUMP_TRANSITION,STRONG_STRUCTURE_SIGNAL,2026-05-25,1,OTHER_TO_MAIN_RISE,True,False,2026-03-10,2026-05-25,CURRENT_TAXONOMY_HISTORICAL_RECONSTRUCTION,RETROSPECTIVE_RESEARCH_ONLY,topic-lifecycle-policy.provisional.1,topic-lifecycle-shadow.v1,UNPUBLISHED_RESEARCH_ARTIFACT,2026-05-20,DECLINING,True,HOLD,UNKNOWN,RECONSTRUCTED_RESEARCH,0.538462,0.076923,0.0,0.4841,9.815951,2026-05-21,DECLINING,True,HOLD,UNKNOWN,RECONSTRUCTED_RESEARCH,0.923077,0.307692,0.0,2.9559,9.869646,2026-05-22,DECLINING,True,HOLD,UNKNOWN,RECONSTRUCTED_RESEARCH,1.0,0.307692,0.0,3.6694,9.915014,True,JUMP_TRANSITION,UNKNOWN,RECONSTRUCTED_RESEARCH,0.846154,0.461538,0.0,3.6633,9.92268,0.38461500000000004,0.230769,0.0,2.4718,0.05369499999999938,0.07692299999999996,0.0,0.0,0.7134999999999998,0.04536799999999985,-0.15384600000000004,0.15384599999999998,0.0,-0.006099999999999994,0.007666000000000395
191b5729daee53cc68994bb12db6c395afa98f0f2d4c7bd4a63edf400df44a92,CONFIRMED_TRANSITION,9b7c2886-bcdf-42f7-bb63-4df74f753c4e,功率 MOSFET,功率 MOSFET,2026-05-26,FERMENTING,MAIN_RISE,MAIN_RISE,CONFIRMED_TRANSITION,ADAPTIVE_CONFIRMATION_SATISFIED,2026-05-26,1,FERMENTING_TO_MAIN_RISE,False,False,2026-03-13,2026-05-26,CURRENT_TAXONOMY_HISTORICAL_RECONSTRUCTION,RETROSPECTIVE_RESEARCH_ONLY,topic-lifecycle-policy.provisional.1,topic-lifecycle-shadow.v1,UNPUBLISHED_RESEARCH_ARTIFACT,2026-05-21,FERMENTING,True,HOLD_CURRENT_STAGE,UNKNOWN,RECONSTRUCTED_RESEARCH,0.666667,0.333333,0.0,1.9665,4.413793,2026-05-22,FERMENTING,True,HOLD,UNKNOWN,RECONSTRUCTED_RESEARCH,0.833333,0.166667,0.0,1.3987,6.666667,2026-05-25,FERMENTING,True,HOLD_CONFIRMATION,UNKNOWN,RECONSTRUCTED_RESEARCH,1.0,0.666667,0.0,6.2665,10.0,True,CONFIRMED_TRANSITION,UNKNOWN,RECONSTRUCTED_RESEARCH,0.833333,0.833333,0.0,8.1985,9.98782,0.16666599999999998,-0.16666599999999998,0.0,-0.5677999999999999,2.2528740000000003,0.166667,0.5,0.0,4.8678,3.3333329999999997,-0.166667,0.16666599999999998,0.0,1.9319999999999995,-0.012180000000000746
d4111f82d64c0fcbffce7b8c5f18355450b5c5ba5496422c5ee8a5d49f311847,CONFIRMED_TRANSITION,61c1c9e3-ca31-486c-b327-bfbc13ef8db7,電動車／EV,電動車／EV,2026-05-29,DECLINING,MAIN_RISE,MAIN_RISE,JUMP_TRANSITION,STRONG_STRUCTURE_SIGNAL,2026-05-29,1,OTHER_TO_MAIN_RISE,True,False,2026-05-29,2026-05-29,CURRENT_TAXONOMY_HISTORICAL_RECONSTRUCTION,RETROSPECTIVE_RESEARCH_ONLY,topic-lifecycle-policy.provisional.1,topic-lifecycle-shadow.v1,UNPUBLISHED_RESEARCH_ARTIFACT,2026-05-26,DECLINING,True,HOLD_ILLEGAL_TRANSITION,UNKNOWN,RECONSTRUCTED_RESEARCH,0.388889,0.166667,0.0,1.117,10.0,2026-05-27,DECLINING,True,HOLD_ILLEGAL_TRANSITION,UNKNOWN,RECONSTRUCTED_RESEARCH,0.388889,0.222222,0.0,0.9161,9.907121,2026-05-28,DECLINING,True,HOLD_ILLEGAL_TRANSITION,UNKNOWN,RECONSTRUCTED_RESEARCH,0.555556,0.444444,0.055556,2.8888,10.0,True,JUMP_TRANSITION,UNKNOWN,RECONSTRUCTED_RESEARCH,0.833333,0.555556,0.055556,4.1521,10.0,0.0,0.05555499999999999,0.0,-0.20089999999999997,-0.09287899999999993,0.16666700000000007,0.222222,0.055556,1.9726999999999997,0.09287899999999993,0.27777699999999994,0.11111200000000004,0.0,1.2633,0.0
9179389824e2e48c92a538c2549dbbba00690499c5a6e6b79887d059226f2d4b,CONFIRMED_TRANSITION,7182ebf1-e253-47f7-a4c0-bd66517792f4,機器人系統整合,機器人系統整合,2026-06-01,FERMENTING,MAIN_RISE,MAIN_RISE,CONFIRMED_TRANSITION,ADAPTIVE_CONFIRMATION_SATISFIED,2026-06-01,1,FERMENTING_TO_MAIN_RISE,False,False,2026-02-09,2026-06-01,CURRENT_TAXONOMY_HISTORICAL_RECONSTRUCTION,RETROSPECTIVE_RESEARCH_ONLY,topic-lifecycle-policy.provisional.1,topic-lifecycle-shadow.v1,UNPUBLISHED_RESEARCH_ARTIFACT,2026-05-27,FERMENTING,True,HOLD,UNKNOWN,RECONSTRUCTED_RESEARCH,0.25,0.0,0.0,-1.1037,2.017291,2026-05-28,FERMENTING,True,HOLD_ILLEGAL_TRANSITION,UNKNOWN,RECONSTRUCTED_RESEARCH,0.0,0.0,0.75,-4.4054,-2.50298,2026-05-29,FERMENTING,True,HOLD_CONFIRMATION,UNKNOWN,RECONSTRUCTED_RESEARCH,1.0,0.5,0.0,5.4264,9.821429,True,CONFIRMED_TRANSITION,UNKNOWN,RECONSTRUCTED_RESEARCH,1.0,0.5,0.0,4.5842,7.859079,-0.25,0.0,0.75,-3.3017000000000003,-4.520271,1.0,0.5,-0.75,9.831800000000001,12.324409,0.0,0.0,0.0,-0.8422000000000001,-1.9623499999999998
fb4df5b91f0a527c1fc7efd1600d9f4b5fe30b53b72598cf278cb7164d2719cf,CONFIRMED_TRANSITION,26faa0dd-c3d6-4e33-bf5a-0e4ba9ccb931,AI電力基建,AI電力基建,2026-06-03,DECLINING,MAIN_RISE,MAIN_RISE,JUMP_TRANSITION,STRONG_STRUCTURE_SIGNAL,2026-06-03,1,OTHER_TO_MAIN_RISE,True,False,2026-03-05,2026-06-03,CURRENT_TAXONOMY_HISTORICAL_RECONSTRUCTION,RETROSPECTIVE_RESEARCH_ONLY,topic-lifecycle-policy.provisional.1,topic-lifecycle-shadow.v1,UNPUBLISHED_RESEARCH_ARTIFACT,2026-05-29,DECLINING,True,HOLD,UNKNOWN,RECONSTRUCTED_RESEARCH,0.8,0.2,0.0,2.3353,10.0,2026-06-01,DECLINING,True,HOLD_ILLEGAL_TRANSITION,UNKNOWN,RECONSTRUCTED_RESEARCH,0.72,0.28,0.0,2.62,9.988249,2026-06-02,DECLINING,True,HOLD_ILLEGAL_TRANSITION,UNKNOWN,RECONSTRUCTED_RESEARCH,0.28,0.08,0.08,-1.1035,6.730769,True,JUMP_TRANSITION,UNKNOWN,RECONSTRUCTED_RESEARCH,0.84,0.56,0.0,5.2357,10.0,-0.08000000000000007,0.08000000000000002,0.0,0.28469999999999995,-0.011751000000000289,-0.43999999999999995,-0.2,0.08,-3.7235,-3.25748,0.5599999999999999,0.48000000000000004,-0.08,6.3392,3.2692310000000004
f9f7df8de0aa757e213141ffcb969792592add117925a65430a2fc389b2923f4,CONFIRMED_TRANSITION,f6419395-741d-4947-a548-4603a7b59b4f,儲能,儲能,2026-06-03,DECLINING,MAIN_RISE,MAIN_RISE,JUMP_TRANSITION,STRONG_STRUCTURE_SIGNAL,2026-06-03,1,OTHER_TO_MAIN_RISE,True,False,2026-02-23,2026-06-03,CURRENT_TAXONOMY_HISTORICAL_RECONSTRUCTION,RETROSPECTIVE_RESEARCH_ONLY,topic-lifecycle-policy.provisional.1,topic-lifecycle-shadow.v1,UNPUBLISHED_RESEARCH_ARTIFACT,2026-05-29,DECLINING,True,HOLD,UNKNOWN,RECONSTRUCTED_RESEARCH,0.818182,0.227273,0.0,2.4686,9.808612,2026-06-01,DECLINING,True,HOLD_ILLEGAL_TRANSITION,UNKNOWN,RECONSTRUCTED_RESEARCH,0.590909,0.090909,0.045455,1.1633,9.988249,2026-06-02,DECLINING,True,HOLD_ILLEGAL_TRANSITION,UNKNOWN,RECONSTRUCTED_RESEARCH,0.272727,0.045455,0.090909,-1.1924,6.730769,True,JUMP_TRANSITION,UNKNOWN,RECONSTRUCTED_RESEARCH,0.954545,0.545455,0.0,5.1562,10.0,-0.22727299999999995,-0.13636399999999999,0.045455,-1.3053,0.1796369999999996,-0.318182,-0.045454,0.045454,-2.3556999999999997,-3.25748,0.681818,0.5,-0.090909,6.3486,3.2692310000000004
3a7de97f05e517cfcd2cfb3ef21e7fb9fbcdcdcf573d528b3cfcfac9ab54c6d4,CONFIRMED_TRANSITION,87e77c56-72c2-43cd-8442-31a7d430d81d,網通,網通,2026-06-09,DECLINING,MAIN_RISE,MAIN_RISE,JUMP_TRANSITION,STRONG_STRUCTURE_SIGNAL,2026-06-09,1,OTHER_TO_MAIN_RISE,True,False,2026-03-11,2026-06-09,CURRENT_TAXONOMY_HISTORICAL_RECONSTRUCTION,RETROSPECTIVE_RESEARCH_ONLY,topic-lifecycle-policy.provisional.1,topic-lifecycle-shadow.v1,UNPUBLISHED_RESEARCH_ARTIFACT,2026-06-04,DECLINING,True,HOLD,UNKNOWN,RECONSTRUCTED_RESEARCH,0.15,0.0,0.3,-2.4594,3.050109,2026-06-05,DECLINING,True,HOLD_ILLEGAL_TRANSITION,UNKNOWN,RECONSTRUCTED_RESEARCH,0.275,0.1,0.075,-0.4225,9.98613,2026-06-08,DECLINING,True,HOLD_CURRENT_STAGE,UNKNOWN,RECONSTRUCTED_RESEARCH,0.05,0.025,0.725,-5.2989,4.610951,True,JUMP_TRANSITION,UNKNOWN,RECONSTRUCTED_RESEARCH,0.875,0.45,0.0,4.0154,10.0,0.12500000000000003,0.1,-0.22499999999999998,2.0369,6.936020999999999,-0.22500000000000003,-0.07500000000000001,0.65,-4.876399999999999,-5.375178999999999,0.825,0.425,-0.725,9.3143,5.389049
81f6d9abbd468e70b49fb5ff2877182fb637686f75ded5b7a19da9cbd24b24ab,CONFIRMED_TRANSITION,bd6131bc-938b-45a6-90b1-396c34a29cba,住宅營建,住宅營建,2026-06-10,FERMENTING,MAIN_RISE,MAIN_RISE,JUMP_TRANSITION,STRONG_STRUCTURE_SIGNAL,2026-06-10,1,FERMENTING_TO_MAIN_RISE,True,False,2026-06-10,2026-06-10,CURRENT_TAXONOMY_HISTORICAL_RECONSTRUCTION,RETROSPECTIVE_RESEARCH_ONLY,topic-lifecycle-policy.provisional.1,topic-lifecycle-shadow.v1,UNPUBLISHED_RESEARCH_ARTIFACT,2026-06-05,FERMENTING,True,HOLD_CURRENT_STAGE,UNKNOWN,RECONSTRUCTED_RESEARCH,0.642857,0.071429,0.0,0.7951,4.312668,2026-06-08,FERMENTING,True,HOLD,UNKNOWN,RECONSTRUCTED_RESEARCH,0.0,0.0,0.071429,-1.9085,-0.242718,2026-06-09,FERMENTING,True,HOLD,UNKNOWN,RECONSTRUCTED_RESEARCH,0.785714,0.0,0.071429,0.6294,3.102625,True,JUMP_TRANSITION,UNKNOWN,RECONSTRUCTED_RESEARCH,0.857143,0.571429,0.0,5.324,10.0,-0.642857,-0.071429,0.071429,-2.7036000000000002,-4.555386,0.785714,0.0,0.0,2.5379,3.345343,0.07142899999999996,0.571429,-0.071429,4.694599999999999,6.897375
75db9f76b4a066028504e83fcabf03a254774ccad62e81c660a8236fdbec381e,CONFIRMED_TRANSITION,4db46e99-a5c4-44ba-bc11-1c593131c755,營建工程,營建工程,2026-06-15,FERMENTING,MAIN_RISE,MAIN_RISE,CONFIRMED_TRANSITION,ADAPTIVE_CONFIRMATION_SATISFIED,2026-06-15,1,FERMENTING_TO_MAIN_RISE,False,False,2026-04-10,2026-06-15,CURRENT_TAXONOMY_HISTORICAL_RECONSTRUCTION,RETROSPECTIVE_RESEARCH_ONLY,topic-lifecycle-policy.provisional.1,topic-lifecycle-shadow.v1,UNPUBLISHED_RESEARCH_ARTIFACT,2026-06-10,FERMENTING,True,HOLD_CURRENT_STAGE,UNKNOWN,RECONSTRUCTED_RESEARCH,0.5,0.0,0.0,0.6537,3.614458,2026-06-11,FERMENTING,True,HOLD,UNKNOWN,RECONSTRUCTED_RESEARCH,1.0,0.0,0.0,1.3726,2.310231,2026-06-12,FERMENTING,True,HOLD_CONFIRMATION,UNKNOWN,RECONSTRUCTED_RESEARCH,1.0,0.5,0.0,3.5411,8.163265,True,CONFIRMED_TRANSITION,UNKNOWN,RECONSTRUCTED_RESEARCH,0.75,0.5,0.0,3.7871,9.869376,0.5,0.0,0.0,0.7189000000000001,-1.304227,0.0,0.5,0.0,2.1685,5.853034000000001,-0.25,0.0,0.0,0.246,1.706111
74412ac9157cfc05a0b98db7ff71658360deb233789516be112918a236616284,CONFIRMED_TRANSITION,96b8dd86-fac0-4ca2-8e97-d183bb9e63b6,其他 IC設計,其他 IC設計,2026-06-22,DECLINING,MAIN_RISE,MAIN_RISE,JUMP_TRANSITION,STRONG_STRUCTURE_SIGNAL,2026-06-22,1,OTHER_TO_MAIN_RISE,True,False,2026-03-11,2026-06-22,CURRENT_TAXONOMY_HISTORICAL_RECONSTRUCTION,RETROSPECTIVE_RESEARCH_ONLY,topic-lifecycle-policy.provisional.1,topic-lifecycle-shadow.v1,UNPUBLISHED_RESEARCH_ARTIFACT,2026-06-16,DECLINING,True,HOLD_ILLEGAL_TRANSITION,UNKNOWN,RECONSTRUCTED_RESEARCH,0.357143,0.142857,0.142857,-0.0023,9.95671,2026-06-17,DECLINING,True,HOLD_ILLEGAL_TRANSITION,UNKNOWN,RECONSTRUCTED_RESEARCH,0.642857,0.214286,0.035714,1.8188,9.882006,2026-06-18,DECLINING,True,HOLD_ILLEGAL_TRANSITION,UNKNOWN,RECONSTRUCTED_RESEARCH,0.785714,0.357143,0.071429,3.0975,9.969325,True,JUMP_TRANSITION,UNKNOWN,RECONSTRUCTED_RESEARCH,0.892857,0.714286,0.0,6.2626,9.983633,0.285714,0.07142899999999999,-0.10714300000000002,1.8211,-0.07470399999999877,0.142857,0.14285699999999998,0.035715000000000004,1.2787000000000002,0.08731899999999904,0.10714299999999999,0.357143,-0.071429,3.1651,0.014307999999999765
a96cf23441d4ff21a0d25e945174dcabfe6e9ed734429d378069fe1ea2f1821e,CONFIRMED_TRANSITION,faffc4a8-4ea9-46ca-842e-b298aafa0e4e,航太零組件,航太零組件,2026-06-30,FERMENTING,MAIN_RISE,MAIN_RISE,JUMP_TRANSITION,STRONG_STRUCTURE_SIGNAL,2026-06-30,1,FERMENTING_TO_MAIN_RISE,True,False,2026-05-05,2026-06-30,CURRENT_TAXONOMY_HISTORICAL_RECONSTRUCTION,RETROSPECTIVE_RESEARCH_ONLY,topic-lifecycle-policy.provisional.1,topic-lifecycle-shadow.v1,UNPUBLISHED_RESEARCH_ARTIFACT,2026-06-25,FERMENTING,True,HOLD,UNKNOWN,RECONSTRUCTED_RESEARCH,0.142857,0.0,0.0,-1.0098,0.57971,2026-06-26,FERMENTING,True,HOLD,UNKNOWN,RECONSTRUCTED_RESEARCH,0.142857,0.0,0.0,-1.1707,1.652893,2026-06-29,FERMENTING,True,HOLD_CURRENT_STAGE,UNKNOWN,RECONSTRUCTED_RESEARCH,0.714286,0.285714,0.0,2.1502,5.691057,True,JUMP_TRANSITION,UNKNOWN,RECONSTRUCTED_RESEARCH,1.0,0.714286,0.0,6.1713,9.957924,0.0,0.0,0.0,-0.16090000000000004,1.073183,0.571429,0.285714,0.0,3.3209,4.038164,0.285714,0.42857199999999995,0.0,4.0211,4.266867
218d8a61e12ff954c1f5cac9c29231216ee543d6667fdcb4ba75efcf3f83961c,CONFIRMED_TRANSITION,8132adbf-8bdb-4116-bd4b-23a9f36c95a8,一般連接器,一般連接器,2026-07-31,DECLINING,MAIN_RISE,MAIN_RISE,JUMP_TRANSITION,STRONG_STRUCTURE_SIGNAL,2026-07-31,1,OTHER_TO_MAIN_RISE,True,False,2026-05-22,2026-07-31,CURRENT_TAXONOMY_HISTORICAL_RECONSTRUCTION,RETROSPECTIVE_RESEARCH_ONLY,topic-lifecycle-policy.provisional.1,topic-lifecycle-shadow.v1,UNPUBLISHED_RESEARCH_ARTIFACT,2026-07-28,DECLINING,True,HOLD_CURRENT_STAGE,UNKNOWN,RECONSTRUCTED_RESEARCH,0.0,0.0,0.636364,-5.1085,-2.298851,2026-07-29,DECLINING,True,HOLD_CURRENT_STAGE,UNKNOWN,RECONSTRUCTED_RESEARCH,0.090909,0.0,0.454545,-4.0393,1.527778,2026-07-30,DECLINING,True,HOLD_CURRENT_STAGE,UNKNOWN,RECONSTRUCTED_RESEARCH,0.181818,0.0,0.454545,-3.5073,0.200803,True,JUMP_TRANSITION,UNKNOWN,RECONSTRUCTED_RESEARCH,1.0,0.545455,0.0,5.1561,10.0,0.090909,0.0,-0.18181900000000006,1.0692000000000004,3.826629,0.090909,0.0,0.0,0.532,-1.326975,0.818182,0.545455,-0.454545,8.6634,9.799197
