instrument_identity,instrument_code,market,listing_lifecycle_state,accepted_historical_row_count,first_accepted_session,last_accepted_session,required_warmup_availability,ma60_calculable,continuity_state,event_authority_status,event_lookup_state,pit_state,technical_result_status,technical_eligibility,availability_reason
TPE:1101,1101,TPE,ACTIVE_OR_CANONICAL_QUERY_ACCEPTED,485,2024-08-13,2026-08-13,True,True,CONTINUITY_UNKNOWN,LOOKUP_UNAVAILABLE,,PIT_SAFE,VALID,ELIGIBLE,EVENT_LOOKUP_UNAVAILABLE
TPE:1301,1301,TPE,ACTIVE_OR_CANONICAL_QUERY_ACCEPTED,486,2024-08-13,2026-08-13,True,True,CONTINUITY_UNKNOWN,LOOKUP_UNAVAILABLE,,PIT_SAFE,VALID,ELIGIBLE,EVENT_LOOKUP_UNAVAILABLE
TPE:1303,1303,TPE,ACTIVE_OR_CANONICAL_QUERY_ACCEPTED,486,2024-08-13,2026-08-13,True,False,CONTINUITY_UNKNOWN,KNOWN_EVENT,,PIT_SAFE,UNAVAILABLE,UNAVAILABLE,KNOWN_CONTINUITY_EVENT|KNOWN_VERIFIED_EVENT_REQUIRES_EVENT_AWARE_HANDLING
TPE:1304,1304,TPE,ACTIVE_OR_CANONICAL_QUERY_ACCEPTED,486,2024-08-13,2026-08-13,True,False,CONTINUITY_UNKNOWN,KNOWN_EVENT,,PIT_SAFE,UNAVAILABLE,UNAVAILABLE,KNOWN_CONTINUITY_EVENT|KNOWN_VERIFIED_EVENT_REQUIRES_EVENT_AWARE_HANDLING
TPE:1314,1314,TPE,ACTIVE_OR_CANONICAL_QUERY_ACCEPTED,485,2024-08-13,2026-08-13,True,True,CONTINUITY_UNKNOWN,LOOKUP_UNAVAILABLE,,PIT_SAFE,INELIGIBLE,INELIGIBLE,BELOW_MA60|TECHNICAL_V0_INELIGIBLE
TPE:1319,1319,TPE,ACTIVE_OR_CANONICAL_QUERY_ACCEPTED,486,2024-08-13,2026-08-13,True,False,CONTINUITY_UNKNOWN,KNOWN_EVENT,,PIT_SAFE,UNAVAILABLE,UNAVAILABLE,KNOWN_CONTINUITY_EVENT|KNOWN_VERIFIED_EVENT_REQUIRES_EVENT_AWARE_HANDLING
TPE:1326,1326,TPE,ACTIVE_OR_CANONICAL_QUERY_ACCEPTED,486,2024-08-13,2026-08-13,True,False,CONTINUITY_UNKNOWN,KNOWN_EVENT,,PIT_SAFE,UNAVAILABLE,UNAVAILABLE,KNOWN_CONTINUITY_EVENT|KNOWN_VERIFIED_EVENT_REQUIRES_EVENT_AWARE_HANDLING
TPE:1342,1342,TPE,ACTIVE_OR_CANONICAL_QUERY_ACCEPTED,486,2024-08-13,2026-08-13,True,True,CONTINUITY_UNKNOWN,KNOWN_EVENT,,PIT_SAFE,INELIGIBLE,INELIGIBLE,BELOW_MA60|TECHNICAL_V0_INELIGIBLE
TPE:1402,1402,TPE,ACTIVE_OR_CANONICAL_QUERY_ACCEPTED,486,2024-08-13,2026-08-13,True,True,CONTINUITY_UNKNOWN,LOOKUP_UNAVAILABLE,,PIT_SAFE,INELIGIBLE,INELIGIBLE,BELOW_MA60|TECHNICAL_V0_INELIGIBLE
TPE:1438,1438,TPE,ACTIVE_OR_CANONICAL_QUERY_ACCEPTED,486,2024-08-13,2026-08-13,True,True,CONTINUITY_UNKNOWN,LOOKUP_UNAVAILABLE,,PIT_SAFE,VALID,ELIGIBLE,EVENT_LOOKUP_UNAVAILABLE
TPE:1451,1451,TPE,ACTIVE_OR_CANONICAL_QUERY_ACCEPTED,486,2024-08-13,2026-08-13,True,True,CONTINUITY_UNKNOWN,KNOWN_EVENT,,PIT_SAFE,VALID,ELIGIBLE,KNOWN_EVENT_HANDLED
TPE:1474,1474,TPE,ACTIVE_OR_CANONICAL_QUERY_ACCEPTED,486,2024-08-13,2026-08-13,True,False,CONTINUITY_UNKNOWN,KNOWN_EVENT,,PIT_SAFE,UNAVAILABLE,UNAVAILABLE,KNOWN_CONTINUITY_EVENT|KNOWN_VERIFIED_EVENT_REQUIRES_EVENT_AWARE_HANDLING
TPE:1476,1476,TPE,ACTIVE_OR_CANONICAL_QUERY_ACCEPTED,486,2024-08-13,2026-08-13,True,False,CONTINUITY_UNKNOWN,KNOWN_EVENT,,PIT_SAFE,UNAVAILABLE,UNAVAILABLE,KNOWN_CONTINUITY_EVENT|KNOWN_VERIFIED_EVENT_REQUIRES_EVENT_AWARE_HANDLING
TPE:1477,1477,TPE,ACTIVE_OR_CANONICAL_QUERY_ACCEPTED,486,2024-08-13,2026-08-13,True,True,CONTINUITY_UNKNOWN,LOOKUP_UNAVAILABLE,,PIT_SAFE,INELIGIBLE,INELIGIBLE,BELOW_MA60|TECHNICAL_V0_INELIGIBLE
TPE:1503,1503,TPE,ACTIVE_OR_CANONICAL_QUERY_ACCEPTED,486,2024-08-13,2026-08-13,True,False,CONTINUITY_UNKNOWN,KNOWN_EVENT,,PIT_SAFE,UNAVAILABLE,UNAVAILABLE,KNOWN_CONTINUITY_EVENT|KNOWN_VERIFIED_EVENT_REQUIRES_EVENT_AWARE_HANDLING
TPE:1504,1504,TPE,ACTIVE_OR_CANONICAL_QUERY_ACCEPTED,485,2024-08-13,2026-08-13,True,False,CONTINUITY_UNKNOWN,KNOWN_EVENT,,PIT_SAFE,UNAVAILABLE,UNAVAILABLE,KNOWN_CONTINUITY_EVENT|KNOWN_VERIFIED_EVENT_REQUIRES_EVENT_AWARE_HANDLING
TPE:1513,1513,TPE,ACTIVE_OR_CANONICAL_QUERY_ACCEPTED,486,2024-08-13,2026-08-13,True,False,CONTINUITY_UNKNOWN,KNOWN_EVENT,,PIT_SAFE,UNAVAILABLE,UNAVAILABLE,KNOWN_CONTINUITY_EVENT|KNOWN_VERIFIED_EVENT_REQUIRES_EVENT_AWARE_HANDLING
TPE:1514,1514,TPE,ACTIVE_OR_CANONICAL_QUERY_ACCEPTED,486,2024-08-13,2026-08-13,True,True,CONTINUITY_UNKNOWN,LOOKUP_UNAVAILABLE,,PIT_SAFE,INELIGIBLE,INELIGIBLE,BELOW_MA60|TECHNICAL_V0_INELIGIBLE
TPE:1515,1515,TPE,ACTIVE_OR_CANONICAL_QUERY_ACCEPTED,486,2024-08-13,2026-08-13,True,True,CONTINUITY_UNKNOWN,LOOKUP_UNAVAILABLE,,PIT_SAFE,VALID,ELIGIBLE,EVENT_LOOKUP_UNAVAILABLE
TPE:1519,1519,TPE,ACTIVE_OR_CANONICAL_QUERY_ACCEPTED,486,2024-08-13,2026-08-13,True,True,CONTINUITY_UNKNOWN,LOOKUP_UNAVAILABLE,,PIT_SAFE,INELIGIBLE,INELIGIBLE,BELOW_MA60|TECHNICAL_V0_INELIGIBLE
TPE:1536,1536,TPE,ACTIVE_OR_CANONICAL_QUERY_ACCEPTED,486,2024-08-13,2026-08-13,True,True,CONTINUITY_UNKNOWN,LOOKUP_UNAVAILABLE,,PIT_SAFE,VALID,ELIGIBLE,EVENT_LOOKUP_UNAVAILABLE
TPE:1537,1537,TPE,ACTIVE_OR_CANONICAL_QUERY_ACCEPTED,486,2024-08-13,2026-08-13,True,True,CONTINUITY_UNKNOWN,LOOKUP_UNAVAILABLE,,PIT_SAFE,VALID,ELIGIBLE,EVENT_LOOKUP_UNAVAILABLE
TPE:1563,1563,TPE,ACTIVE_OR_CANONICAL_QUERY_ACCEPTED,486,2024-08-13,2026-08-13,True,False,CONTINUITY_UNKNOWN,KNOWN_EVENT,,PIT_SAFE,UNAVAILABLE,UNAVAILABLE,KNOWN_CONTINUITY_EVENT|KNOWN_VERIFIED_EVENT_REQUIRES_EVENT_AWARE_HANDLING
TPE:1568,1568,TPE,ACTIVE_OR_CANONICAL_QUERY_ACCEPTED,486,2024-08-13,2026-08-13,True,False,CONTINUITY_UNKNOWN,KNOWN_EVENT,,PIT_SAFE,UNAVAILABLE,UNAVAILABLE,KNOWN_CONTINUITY_EVENT|KNOWN_VERIFIED_EVENT_REQUIRES_EVENT_AWARE_HANDLING
TPE:1590,1590,TPE,ACTIVE_OR_CANONICAL_QUERY_ACCEPTED,486,2024-08-13,2026-08-13,True,False,CONTINUITY_UNKNOWN,KNOWN_EVENT,,PIT_SAFE,UNAVAILABLE,UNAVAILABLE,KNOWN_CONTINUITY_EVENT|KNOWN_VERIFIED_EVENT_REQUIRES_EVENT_AWARE_HANDLING
TPE:1597,1597,TPE,ACTIVE_OR_CANONICAL_QUERY_ACCEPTED,486,2024-08-13,2026-08-13,True,True,CONTINUITY_UNKNOWN,LOOKUP_UNAVAILABLE,,PIT_SAFE,VALID,ELIGIBLE,EVENT_LOOKUP_UNAVAILABLE
TPE:1605,1605,TPE,ACTIVE_OR_CANONICAL_QUERY_ACCEPTED,486,2024-08-13,2026-08-13,True,False,CONTINUITY_UNKNOWN,KNOWN_EVENT,,PIT_SAFE,UNAVAILABLE,UNAVAILABLE,KNOWN_CONTINUITY_EVENT|KNOWN_VERIFIED_EVENT_REQUIRES_EVENT_AWARE_HANDLING
TPE:1609,1609,TPE,ACTIVE_OR_CANONICAL_QUERY_ACCEPTED,486,2024-08-13,2026-08-13,True,False,CONTINUITY_UNKNOWN,KNOWN_EVENT,,PIT_SAFE,UNAVAILABLE,UNAVAILABLE,KNOWN_CONTINUITY_EVENT|KNOWN_VERIFIED_EVENT_REQUIRES_EVENT_AWARE_HANDLING
TPE:1611,1611,TPE,ACTIVE_OR_CANONICAL_QUERY_ACCEPTED,486,2024-08-13,2026-08-13,True,True,CONTINUITY_UNKNOWN,KNOWN_EVENT,,PIT_SAFE,INELIGIBLE,INELIGIBLE,BELOW_MA60|TECHNICAL_V0_INELIGIBLE
TPE:1612,1612,TPE,ACTIVE_OR_CANONICAL_QUERY_ACCEPTED,486,2024-08-13,2026-08-13,True,False,CONTINUITY_UNKNOWN,KNOWN_EVENT,,PIT_SAFE,UNAVAILABLE,UNAVAILABLE,KNOWN_CONTINUITY_EVENT|KNOWN_VERIFIED_EVENT_REQUIRES_EVENT_AWARE_HANDLING
TPE:1708,1708,TPE,ACTIVE_OR_CANONICAL_QUERY_ACCEPTED,486,2024-08-13,2026-08-13,True,False,CONTINUITY_UNKNOWN,KNOWN_EVENT,,PIT_SAFE,UNAVAILABLE,UNAVAILABLE,KNOWN_CONTINUITY_EVENT|KNOWN_VERIFIED_EVENT_REQUIRES_EVENT_AWARE_HANDLING
TPE:1709,1709,TPE,ACTIVE_OR_CANONICAL_QUERY_ACCEPTED,486,2024-08-13,2026-08-13,True,True,CONTINUITY_UNKNOWN,LOOKUP_UNAVAILABLE,,PIT_SAFE,VALID,ELIGIBLE,EVENT_LOOKUP_UNAVAILABLE
TPE:1711,1711,TPE,ACTIVE_OR_CANONICAL_QUERY_ACCEPTED,486,2024-08-13,2026-08-13,True,True,CONTINUITY_UNKNOWN,LOOKUP_UNAVAILABLE,,PIT_SAFE,INELIGIBLE,INELIGIBLE,BELOW_MA60|TECHNICAL_V0_INELIGIBLE
TPE:1714,1714,TPE,ACTIVE_OR_CANONICAL_QUERY_ACCEPTED,486,2024-08-13,2026-08-13,True,True,CONTINUITY_UNKNOWN,LOOKUP_UNAVAILABLE,,PIT_SAFE,VALID,ELIGIBLE,EVENT_LOOKUP_UNAVAILABLE
TPE:1717,1717,TPE,ACTIVE_OR_CANONICAL_QUERY_ACCEPTED,486,2024-08-13,2026-08-13,True,True,CONTINUITY_UNKNOWN,LOOKUP_UNAVAILABLE,,PIT_SAFE,VALID,ELIGIBLE,EVENT_LOOKUP_UNAVAILABLE
TPE:1718,1718,TPE,ACTIVE_OR_CANONICAL_QUERY_ACCEPTED,486,2024-08-13,2026-08-13,True,True,CONTINUITY_UNKNOWN,LOOKUP_UNAVAILABLE,,PIT_SAFE,VALID,ELIGIBLE,EVENT_LOOKUP_UNAVAILABLE
TPE:1723,1723,TPE,ACTIVE_OR_CANONICAL_QUERY_ACCEPTED,486,2024-08-13,2026-08-13,True,False,CONTINUITY_UNKNOWN,KNOWN_EVENT,,PIT_SAFE,UNAVAILABLE,UNAVAILABLE,KNOWN_CONTINUITY_EVENT|KNOWN_VERIFIED_EVENT_REQUIRES_EVENT_AWARE_HANDLING
TPE:1725,1725,TPE,ACTIVE_OR_CANONICAL_QUERY_ACCEPTED,486,2024-08-13,2026-08-13,True,False,CONTINUITY_UNKNOWN,KNOWN_EVENT,,PIT_SAFE,UNAVAILABLE,UNAVAILABLE,KNOWN_CONTINUITY_EVENT|KNOWN_VERIFIED_EVENT_REQUIRES_EVENT_AWARE_HANDLING
TPE:1727,1727,TPE,ACTIVE_OR_CANONICAL_QUERY_ACCEPTED,486,2024-08-13,2026-08-13,True,False,CONTINUITY_UNKNOWN,KNOWN_EVENT,,PIT_SAFE,UNAVAILABLE,UNAVAILABLE,KNOWN_CONTINUITY_EVENT|KNOWN_VERIFIED_EVENT_REQUIRES_EVENT_AWARE_HANDLING
TPE:1736,1736,TPE,ACTIVE_OR_CANONICAL_QUERY_ACCEPTED,486,2024-08-13,2026-08-13,True,True,CONTINUITY_UNKNOWN,LOOKUP_UNAVAILABLE,,PIT_SAFE,VALID,ELIGIBLE,EVENT_LOOKUP_UNAVAILABLE
TPE:1773,1773,TPE,ACTIVE_OR_CANONICAL_QUERY_ACCEPTED,486,2024-08-13,2026-08-13,True,False,CONTINUITY_UNKNOWN,KNOWN_EVENT,,PIT_SAFE,UNAVAILABLE,UNAVAILABLE,KNOWN_CONTINUITY_EVENT|KNOWN_VERIFIED_EVENT_REQUIRES_EVENT_AWARE_HANDLING
TPE:1802,1802,TPE,ACTIVE_OR_CANONICAL_QUERY_ACCEPTED,486,2024-08-13,2026-08-13,True,True,CONTINUITY_UNKNOWN,LOOKUP_UNAVAILABLE,,PIT_SAFE,INELIGIBLE,INELIGIBLE,BELOW_MA60|TECHNICAL_V0_INELIGIBLE
TPE:1809,1809,TPE,ACTIVE_OR_CANONICAL_QUERY_ACCEPTED,486,2024-08-13,2026-08-13,True,True,CONTINUITY_UNKNOWN,LOOKUP_UNAVAILABLE,,PIT_SAFE,INELIGIBLE,INELIGIBLE,BELOW_MA60|TECHNICAL_V0_INELIGIBLE
TPE:1810,1810,TPE,ACTIVE_OR_CANONICAL_QUERY_ACCEPTED,486,2024-08-13,2026-08-13,True,False,CONTINUITY_UNKNOWN,KNOWN_EVENT,,PIT_SAFE,UNAVAILABLE,UNAVAILABLE,KNOWN_CONTINUITY_EVENT|KNOWN_VERIFIED_EVENT_REQUIRES_EVENT_AWARE_HANDLING
TPE:1909,1909,TPE,ACTIVE_OR_CANONICAL_QUERY_ACCEPTED,485,2024-08-13,2026-08-13,True,True,CONTINUITY_UNKNOWN,LOOKUP_UNAVAILABLE,,PIT_SAFE,VALID,ELIGIBLE,EVENT_LOOKUP_UNAVAILABLE
TPE:2002,2002,TPE,ACTIVE_OR_CANONICAL_QUERY_ACCEPTED,486,2024-08-13,2026-08-13,True,False,CONTINUITY_UNKNOWN,KNOWN_EVENT,,PIT_SAFE,UNAVAILABLE,UNAVAILABLE,KNOWN_CONTINUITY_EVENT|KNOWN_VERIFIED_EVENT_REQUIRES_EVENT_AWARE_HANDLING
TPE:2007,2007,TPE,ACTIVE_OR_CANONICAL_QUERY_ACCEPTED,486,2024-08-13,2026-08-13,True,True,CONTINUITY_UNKNOWN,LOOKUP_UNAVAILABLE,,PIT_SAFE,INELIGIBLE,INELIGIBLE,BELOW_MA60|TECHNICAL_V0_INELIGIBLE
TPE:2009,2009,TPE,ACTIVE_OR_CANONICAL_QUERY_ACCEPTED,486,2024-08-13,2026-08-13,True,False,CONTINUITY_UNKNOWN,KNOWN_EVENT,,PIT_SAFE,UNAVAILABLE,UNAVAILABLE,KNOWN_CONTINUITY_EVENT|KNOWN_VERIFIED_EVENT_REQUIRES_EVENT_AWARE_HANDLING
TPE:2025,2025,TPE,ACTIVE_OR_CANONICAL_QUERY_ACCEPTED,481,2024-08-13,2026-08-13,True,True,CONTINUITY_UNKNOWN,LOOKUP_UNAVAILABLE,,PIT_SAFE,VALID,ELIGIBLE,EVENT_LOOKUP_UNAVAILABLE
TPE:2027,2027,TPE,ACTIVE_OR_CANONICAL_QUERY_ACCEPTED,486,2024-08-13,2026-08-13,True,False,CONTINUITY_UNKNOWN,KNOWN_EVENT,,PIT_SAFE,UNAVAILABLE,UNAVAILABLE,KNOWN_CONTINUITY_EVENT|KNOWN_VERIFIED_EVENT_REQUIRES_EVENT_AWARE_HANDLING
TPE:2031,2031,TPE,ACTIVE_OR_CANONICAL_QUERY_ACCEPTED,486,2024-08-13,2026-08-13,True,False,CONTINUITY_UNKNOWN,KNOWN_EVENT,,PIT_SAFE,UNAVAILABLE,UNAVAILABLE,KNOWN_CONTINUITY_EVENT|KNOWN_VERIFIED_EVENT_REQUIRES_EVENT_AWARE_HANDLING
TPE:2034,2034,TPE,ACTIVE_OR_CANONICAL_QUERY_ACCEPTED,486,2024-08-13,2026-08-13,True,False,CONTINUITY_UNKNOWN,KNOWN_EVENT,,PIT_SAFE,UNAVAILABLE,UNAVAILABLE,KNOWN_CONTINUITY_EVENT|KNOWN_VERIFIED_EVENT_REQUIRES_EVENT_AWARE_HANDLING
TPE:2049,2049,TPE,ACTIVE_OR_CANONICAL_QUERY_ACCEPTED,486,2024-08-13,2026-08-13,True,False,CONTINUITY_UNKNOWN,KNOWN_EVENT,,PIT_SAFE,UNAVAILABLE,UNAVAILABLE,KNOWN_CONTINUITY_EVENT|KNOWN_VERIFIED_EVENT_REQUIRES_EVENT_AWARE_HANDLING
TPE:2059,2059,TPE,ACTIVE_OR_CANONICAL_QUERY_ACCEPTED,486,2024-08-13,2026-08-13,True,True,CONTINUITY_UNKNOWN,LOOKUP_UNAVAILABLE,,PIT_SAFE,VALID,ELIGIBLE,EVENT_LOOKUP_UNAVAILABLE
TPE:2101,2101,TPE,ACTIVE_OR_CANONICAL_QUERY_ACCEPTED,479,2024-08-13,2026-08-13,True,True,CONTINUITY_UNKNOWN,LOOKUP_UNAVAILABLE,,PIT_SAFE,VALID,ELIGIBLE,EVENT_LOOKUP_UNAVAILABLE
TPE:2103,2103,TPE,ACTIVE_OR_CANONICAL_QUERY_ACCEPTED,486,2024-08-13,2026-08-13,True,False,CONTINUITY_UNKNOWN,KNOWN_EVENT,,PIT_SAFE,UNAVAILABLE,UNAVAILABLE,KNOWN_CONTINUITY_EVENT|KNOWN_VERIFIED_EVENT_REQUIRES_EVENT_AWARE_HANDLING
TPE:2104,2104,TPE,ACTIVE_OR_CANONICAL_QUERY_ACCEPTED,486,2024-08-13,2026-08-13,True,True,CONTINUITY_UNKNOWN,LOOKUP_UNAVAILABLE,,PIT_SAFE,INELIGIBLE,INELIGIBLE,BELOW_MA60|TECHNICAL_V0_INELIGIBLE
TPE:2108,2108,TPE,ACTIVE_OR_CANONICAL_QUERY_ACCEPTED,486,2024-08-13,2026-08-13,True,True,CONTINUITY_UNKNOWN,KNOWN_EVENT,,PIT_SAFE,VALID,ELIGIBLE,KNOWN_EVENT_HANDLED
TPE:2208,2208,TPE,ACTIVE_OR_CANONICAL_QUERY_ACCEPTED,486,2024-08-13,2026-08-13,True,True,CONTINUITY_UNKNOWN,LOOKUP_UNAVAILABLE,,PIT_SAFE,VALID,ELIGIBLE,EVENT_LOOKUP_UNAVAILABLE
TPE:2231,2231,TPE,ACTIVE_OR_CANONICAL_QUERY_ACCEPTED,486,2024-08-13,2026-08-13,True,True,CONTINUITY_UNKNOWN,LOOKUP_UNAVAILABLE,,PIT_SAFE,INELIGIBLE,INELIGIBLE,BELOW_MA60|TECHNICAL_V0_INELIGIBLE
TPE:2241,2241,TPE,ACTIVE_OR_CANONICAL_QUERY_ACCEPTED,486,2024-08-13,2026-08-13,True,True,CONTINUITY_UNKNOWN,LOOKUP_UNAVAILABLE,,PIT_SAFE,INELIGIBLE,INELIGIBLE,BELOW_MA60|TECHNICAL_V0_INELIGIBLE
TPE:2243,2243,TPE,ACTIVE_OR_CANONICAL_QUERY_ACCEPTED,486,2024-08-13,2026-08-13,True,True,CONTINUITY_UNKNOWN,LOOKUP_UNAVAILABLE,,PIT_SAFE,INELIGIBLE,INELIGIBLE,BELOW_MA60|TECHNICAL_V0_INELIGIBLE
TPE:2301,2301,TPE,ACTIVE_OR_CANONICAL_QUERY_ACCEPTED,486,2024-08-13,2026-08-13,True,True,CONTINUITY_UNKNOWN,KNOWN_EVENT,,PIT_SAFE,VALID,ELIGIBLE,KNOWN_EVENT_HANDLED
TPE:2302,2302,TPE,ACTIVE_OR_CANONICAL_QUERY_ACCEPTED,486,2024-08-13,2026-08-13,True,False,CONTINUITY_UNKNOWN,KNOWN_EVENT,,PIT_SAFE,UNAVAILABLE,UNAVAILABLE,KNOWN_CONTINUITY_EVENT|KNOWN_VERIFIED_EVENT_REQUIRES_EVENT_AWARE_HANDLING
TPE:2303,2303,TPE,ACTIVE_OR_CANONICAL_QUERY_ACCEPTED,486,2024-08-13,2026-08-13,True,False,CONTINUITY_UNKNOWN,KNOWN_EVENT,,PIT_SAFE,UNAVAILABLE,UNAVAILABLE,KNOWN_CONTINUITY_EVENT|KNOWN_VERIFIED_EVENT_REQUIRES_EVENT_AWARE_HANDLING
TPE:2305,2305,TPE,ACTIVE_OR_CANONICAL_QUERY_ACCEPTED,486,2024-08-13,2026-08-13,True,True,CONTINUITY_UNKNOWN,LOOKUP_UNAVAILABLE,,PIT_SAFE,VALID,ELIGIBLE,EVENT_LOOKUP_UNAVAILABLE
TPE:2308,2308,TPE,ACTIVE_OR_CANONICAL_QUERY_ACCEPTED,486,2024-08-13,2026-08-13,True,False,CONTINUITY_UNKNOWN,KNOWN_EVENT,,PIT_SAFE,UNAVAILABLE,UNAVAILABLE,KNOWN_CONTINUITY_EVENT|KNOWN_VERIFIED_EVENT_REQUIRES_EVENT_AWARE_HANDLING
TPE:2312,2312,TPE,ACTIVE_OR_CANONICAL_QUERY_ACCEPTED,486,2024-08-13,2026-08-13,True,False,CONTINUITY_UNKNOWN,KNOWN_EVENT,,PIT_SAFE,UNAVAILABLE,UNAVAILABLE,KNOWN_CONTINUITY_EVENT|KNOWN_VERIFIED_EVENT_REQUIRES_EVENT_AWARE_HANDLING
TPE:2313,2313,TPE,ACTIVE_OR_CANONICAL_QUERY_ACCEPTED,486,2024-08-13,2026-08-13,True,False,CONTINUITY_UNKNOWN,KNOWN_EVENT,,PIT_SAFE,UNAVAILABLE,UNAVAILABLE,KNOWN_CONTINUITY_EVENT|KNOWN_VERIFIED_EVENT_REQUIRES_EVENT_AWARE_HANDLING
TPE:2314,2314,TPE,ACTIVE_OR_CANONICAL_QUERY_ACCEPTED,479,2024-08-13,2026-08-13,True,True,CONTINUITY_UNKNOWN,LOOKUP_UNAVAILABLE,,PIT_SAFE,INELIGIBLE,INELIGIBLE,BELOW_MA60|TECHNICAL_V0_INELIGIBLE
TPE:2316,2316,TPE,ACTIVE_OR_CANONICAL_QUERY_ACCEPTED,486,2024-08-13,2026-08-13,True,False,CONTINUITY_UNKNOWN,KNOWN_EVENT,,PIT_SAFE,UNAVAILABLE,UNAVAILABLE,KNOWN_CONTINUITY_EVENT|KNOWN_VERIFIED_EVENT_REQUIRES_EVENT_AWARE_HANDLING
TPE:2317,2317,TPE,ACTIVE_OR_CANONICAL_QUERY_ACCEPTED,485,2024-08-13,2026-08-13,True,False,CONTINUITY_UNKNOWN,KNOWN_EVENT,,PIT_SAFE,UNAVAILABLE,UNAVAILABLE,KNOWN_CONTINUITY_EVENT|KNOWN_VERIFIED_EVENT_REQUIRES_EVENT_AWARE_HANDLING
TPE:2324,2324,TPE,ACTIVE_OR_CANONICAL_QUERY_ACCEPTED,486,2024-08-13,2026-08-13,True,True,CONTINUITY_UNKNOWN,KNOWN_EVENT,,PIT_SAFE,VALID,ELIGIBLE,KNOWN_EVENT_HANDLED
TPE:2327,2327,TPE,ACTIVE_OR_CANONICAL_QUERY_ACCEPTED,479,2024-08-13,2026-08-13,True,False,CONTINUITY_UNKNOWN,KNOWN_EVENT,,PIT_SAFE,UNAVAILABLE,UNAVAILABLE,KNOWN_CONTINUITY_EVENT|KNOWN_VERIFIED_EVENT_REQUIRES_EVENT_AWARE_HANDLING
TPE:2328,2328,TPE,ACTIVE_OR_CANONICAL_QUERY_ACCEPTED,486,2024-08-13,2026-08-13,True,True,CONTINUITY_UNKNOWN,LOOKUP_UNAVAILABLE,,PIT_SAFE,INELIGIBLE,INELIGIBLE,BELOW_MA60|TECHNICAL_V0_INELIGIBLE
TPE:2329,2329,TPE,ACTIVE_OR_CANONICAL_QUERY_ACCEPTED,486,2024-08-13,2026-08-13,True,True,CONTINUITY_UNKNOWN,LOOKUP_UNAVAILABLE,,PIT_SAFE,INELIGIBLE,INELIGIBLE,BELOW_MA60|TECHNICAL_V0_INELIGIBLE
TPE:2330,2330,TPE,ACTIVE_OR_CANONICAL_QUERY_ACCEPTED,486,2024-08-13,2026-08-13,True,False,CONTINUITY_UNKNOWN,KNOWN_EVENT,,PIT_SAFE,UNAVAILABLE,UNAVAILABLE,KNOWN_CONTINUITY_EVENT|KNOWN_VERIFIED_EVENT_REQUIRES_EVENT_AWARE_HANDLING
TPE:2331,2331,TPE,ACTIVE_OR_CANONICAL_QUERY_ACCEPTED,486,2024-08-13,2026-08-13,True,True,CONTINUITY_UNKNOWN,LOOKUP_UNAVAILABLE,,PIT_SAFE,INELIGIBLE,INELIGIBLE,BELOW_MA60|TECHNICAL_V0_INELIGIBLE
TPE:2332,2332,TPE,ACTIVE_OR_CANONICAL_QUERY_ACCEPTED,486,2024-08-13,2026-08-13,True,True,CONTINUITY_UNKNOWN,LOOKUP_UNAVAILABLE,,PIT_SAFE,VALID,ELIGIBLE,EVENT_LOOKUP_UNAVAILABLE
TPE:2337,2337,TPE,ACTIVE_OR_CANONICAL_QUERY_ACCEPTED,486,2024-08-13,2026-08-13,True,True,CONTINUITY_UNKNOWN,LOOKUP_UNAVAILABLE,,PIT_SAFE,INELIGIBLE,INELIGIBLE,BELOW_MA60|TECHNICAL_V0_INELIGIBLE
TPE:2342,2342,TPE,ACTIVE_OR_CANONICAL_QUERY_ACCEPTED,486,2024-08-13,2026-08-13,True,True,CONTINUITY_UNKNOWN,LOOKUP_UNAVAILABLE,,PIT_SAFE,INELIGIBLE,INELIGIBLE,BELOW_MA60|TECHNICAL_V0_INELIGIBLE
TPE:2344,2344,TPE,ACTIVE_OR_CANONICAL_QUERY_ACCEPTED,486,2024-08-13,2026-08-13,True,True,CONTINUITY_UNKNOWN,KNOWN_EVENT,,PIT_SAFE,VALID,ELIGIBLE,KNOWN_EVENT_HANDLED
TPE:2345,2345,TPE,ACTIVE_OR_CANONICAL_QUERY_ACCEPTED,486,2024-08-13,2026-08-13,True,False,CONTINUITY_UNKNOWN,KNOWN_EVENT,,PIT_SAFE,UNAVAILABLE,UNAVAILABLE,KNOWN_CONTINUITY_EVENT|KNOWN_VERIFIED_EVENT_REQUIRES_EVENT_AWARE_HANDLING
TPE:2348,2348,TPE,ACTIVE_OR_CANONICAL_QUERY_ACCEPTED,486,2024-08-13,2026-08-13,True,True,CONTINUITY_UNKNOWN,LOOKUP_UNAVAILABLE,,PIT_SAFE,INELIGIBLE,INELIGIBLE,BELOW_MA60|TECHNICAL_V0_INELIGIBLE
TPE:2349,2349,TPE,ACTIVE_OR_CANONICAL_QUERY_ACCEPTED,486,2024-08-13,2026-08-13,True,True,CONTINUITY_UNKNOWN,LOOKUP_UNAVAILABLE,,PIT_SAFE,INELIGIBLE,INELIGIBLE,BELOW_MA60|TECHNICAL_V0_INELIGIBLE
TPE:2351,2351,TPE,ACTIVE_OR_CANONICAL_QUERY_ACCEPTED,486,2024-08-13,2026-08-13,True,False,CONTINUITY_UNKNOWN,KNOWN_EVENT,,PIT_SAFE,UNAVAILABLE,UNAVAILABLE,KNOWN_CONTINUITY_EVENT|KNOWN_VERIFIED_EVENT_REQUIRES_EVENT_AWARE_HANDLING
TPE:2352,2352,TPE,ACTIVE_OR_CANONICAL_QUERY_ACCEPTED,480,2024-08-13,2026-08-13,True,False,CONTINUITY_UNKNOWN,KNOWN_EVENT,,PIT_SAFE,UNAVAILABLE,UNAVAILABLE,KNOWN_CONTINUITY_EVENT|KNOWN_VERIFIED_EVENT_REQUIRES_EVENT_AWARE_HANDLING
TPE:2353,2353,TPE,ACTIVE_OR_CANONICAL_QUERY_ACCEPTED,486,2024-08-13,2026-08-13,True,False,CONTINUITY_UNKNOWN,KNOWN_EVENT,,PIT_SAFE,UNAVAILABLE,UNAVAILABLE,KNOWN_CONTINUITY_EVENT|KNOWN_VERIFIED_EVENT_REQUIRES_EVENT_AWARE_HANDLING
TPE:2354,2354,TPE,ACTIVE_OR_CANONICAL_QUERY_ACCEPTED,486,2024-08-13,2026-08-13,True,True,CONTINUITY_UNKNOWN,LOOKUP_UNAVAILABLE,,PIT_SAFE,VALID,ELIGIBLE,EVENT_LOOKUP_UNAVAILABLE
TPE:2355,2355,TPE,ACTIVE_OR_CANONICAL_QUERY_ACCEPTED,486,2024-08-13,2026-08-13,True,False,CONTINUITY_UNKNOWN,KNOWN_EVENT,,PIT_SAFE,UNAVAILABLE,UNAVAILABLE,KNOWN_CONTINUITY_EVENT|KNOWN_VERIFIED_EVENT_REQUIRES_EVENT_AWARE_HANDLING
TPE:2356,2356,TPE,ACTIVE_OR_CANONICAL_QUERY_ACCEPTED,486,2024-08-13,2026-08-13,True,False,CONTINUITY_UNKNOWN,KNOWN_EVENT,,PIT_SAFE,UNAVAILABLE,UNAVAILABLE,KNOWN_CONTINUITY_EVENT|KNOWN_VERIFIED_EVENT_REQUIRES_EVENT_AWARE_HANDLING
TPE:2357,2357,TPE,ACTIVE_OR_CANONICAL_QUERY_ACCEPTED,486,2024-08-13,2026-08-13,True,False,CONTINUITY_UNKNOWN,KNOWN_EVENT,,PIT_SAFE,UNAVAILABLE,UNAVAILABLE,KNOWN_CONTINUITY_EVENT|KNOWN_VERIFIED_EVENT_REQUIRES_EVENT_AWARE_HANDLING
TPE:2359,2359,TPE,ACTIVE_OR_CANONICAL_QUERY_ACCEPTED,486,2024-08-13,2026-08-13,True,False,CONTINUITY_UNKNOWN,KNOWN_EVENT,,PIT_SAFE,UNAVAILABLE,UNAVAILABLE,KNOWN_CONTINUITY_EVENT|KNOWN_VERIFIED_EVENT_REQUIRES_EVENT_AWARE_HANDLING
TPE:2360,2360,TPE,ACTIVE_OR_CANONICAL_QUERY_ACCEPTED,486,2024-08-13,2026-08-13,True,False,CONTINUITY_UNKNOWN,KNOWN_EVENT,,PIT_SAFE,UNAVAILABLE,UNAVAILABLE,KNOWN_CONTINUITY_EVENT|KNOWN_VERIFIED_EVENT_REQUIRES_EVENT_AWARE_HANDLING
TPE:2367,2367,TPE,ACTIVE_OR_CANONICAL_QUERY_ACCEPTED,486,2024-08-13,2026-08-13,True,False,CONTINUITY_UNKNOWN,KNOWN_EVENT,,PIT_SAFE,UNAVAILABLE,UNAVAILABLE,KNOWN_CONTINUITY_EVENT|KNOWN_VERIFIED_EVENT_REQUIRES_EVENT_AWARE_HANDLING
TPE:2368,2368,TPE,ACTIVE_OR_CANONICAL_QUERY_ACCEPTED,486,2024-08-13,2026-08-13,True,False,CONTINUITY_UNKNOWN,KNOWN_EVENT,,PIT_SAFE,UNAVAILABLE,UNAVAILABLE,KNOWN_CONTINUITY_EVENT|KNOWN_VERIFIED_EVENT_REQUIRES_EVENT_AWARE_HANDLING
TPE:2369,2369,TPE,ACTIVE_OR_CANONICAL_QUERY_ACCEPTED,486,2024-08-13,2026-08-13,True,True,CONTINUITY_UNKNOWN,LOOKUP_UNAVAILABLE,,PIT_SAFE,INELIGIBLE,INELIGIBLE,BELOW_MA60|TECHNICAL_V0_INELIGIBLE
TPE:2371,2371,TPE,ACTIVE_OR_CANONICAL_QUERY_ACCEPTED,479,2024-08-13,2026-08-13,True,True,CONTINUITY_UNKNOWN,LOOKUP_UNAVAILABLE,,PIT_SAFE,INELIGIBLE,INELIGIBLE,BELOW_MA60|TECHNICAL_V0_INELIGIBLE
TPE:2375,2375,TPE,ACTIVE_OR_CANONICAL_QUERY_ACCEPTED,486,2024-08-13,2026-08-13,True,False,CONTINUITY_UNKNOWN,KNOWN_EVENT,,PIT_SAFE,UNAVAILABLE,UNAVAILABLE,KNOWN_CONTINUITY_EVENT|KNOWN_VERIFIED_EVENT_REQUIRES_EVENT_AWARE_HANDLING
TPE:2376,2376,TPE,ACTIVE_OR_CANONICAL_QUERY_ACCEPTED,486,2024-08-13,2026-08-13,True,False,CONTINUITY_UNKNOWN,KNOWN_EVENT,,PIT_SAFE,UNAVAILABLE,UNAVAILABLE,KNOWN_CONTINUITY_EVENT|KNOWN_VERIFIED_EVENT_REQUIRES_EVENT_AWARE_HANDLING
TPE:2377,2377,TPE,ACTIVE_OR_CANONICAL_QUERY_ACCEPTED,486,2024-08-13,2026-08-13,True,True,CONTINUITY_UNKNOWN,LOOKUP_UNAVAILABLE,,PIT_SAFE,VALID,ELIGIBLE,EVENT_LOOKUP_UNAVAILABLE
TPE:2379,2379,TPE,ACTIVE_OR_CANONICAL_QUERY_ACCEPTED,486,2024-08-13,2026-08-13,True,True,CONTINUITY_UNKNOWN,LOOKUP_UNAVAILABLE,,PIT_SAFE,VALID,ELIGIBLE,EVENT_LOOKUP_UNAVAILABLE
TPE:2382,2382,TPE,ACTIVE_OR_CANONICAL_QUERY_ACCEPTED,486,2024-08-13,2026-08-13,True,False,CONTINUITY_UNKNOWN,KNOWN_EVENT,,PIT_SAFE,UNAVAILABLE,UNAVAILABLE,KNOWN_CONTINUITY_EVENT|KNOWN_VERIFIED_EVENT_REQUIRES_EVENT_AWARE_HANDLING
TPE:2383,2383,TPE,ACTIVE_OR_CANONICAL_QUERY_ACCEPTED,486,2024-08-13,2026-08-13,True,True,CONTINUITY_UNKNOWN,LOOKUP_UNAVAILABLE,,PIT_SAFE,VALID,ELIGIBLE,EVENT_LOOKUP_UNAVAILABLE
TPE:2388,2388,TPE,ACTIVE_OR_CANONICAL_QUERY_ACCEPTED,486,2024-08-13,2026-08-13,True,False,CONTINUITY_UNKNOWN,KNOWN_EVENT,,PIT_SAFE,UNAVAILABLE,UNAVAILABLE,KNOWN_CONTINUITY_EVENT|KNOWN_VERIFIED_EVENT_REQUIRES_EVENT_AWARE_HANDLING
TPE:2395,2395,TPE,ACTIVE_OR_CANONICAL_QUERY_ACCEPTED,486,2024-08-13,2026-08-13,True,False,CONTINUITY_UNKNOWN,KNOWN_EVENT,,PIT_SAFE,UNAVAILABLE,UNAVAILABLE,KNOWN_CONTINUITY_EVENT|KNOWN_VERIFIED_EVENT_REQUIRES_EVENT_AWARE_HANDLING
TPE:2399,2399,TPE,ACTIVE_OR_CANONICAL_QUERY_ACCEPTED,486,2024-08-13,2026-08-13,True,True,CONTINUITY_UNKNOWN,LOOKUP_UNAVAILABLE,,PIT_SAFE,INELIGIBLE,INELIGIBLE,BELOW_MA60|TECHNICAL_V0_INELIGIBLE
TPE:2401,2401,TPE,ACTIVE_OR_CANONICAL_QUERY_ACCEPTED,486,2024-08-13,2026-08-13,True,True,CONTINUITY_UNKNOWN,LOOKUP_UNAVAILABLE,,PIT_SAFE,INELIGIBLE,INELIGIBLE,BELOW_MA60|TECHNICAL_V0_INELIGIBLE
TPE:2406,2406,TPE,ACTIVE_OR_CANONICAL_QUERY_ACCEPTED,486,2024-08-13,2026-08-13,True,True,CONTINUITY_UNKNOWN,LOOKUP_UNAVAILABLE,,PIT_SAFE,INELIGIBLE,INELIGIBLE,BELOW_MA60|TECHNICAL_V0_INELIGIBLE
TPE:2408,2408,TPE,ACTIVE_OR_CANONICAL_QUERY_ACCEPTED,486,2024-08-13,2026-08-13,True,False,CONTINUITY_UNKNOWN,KNOWN_EVENT,,PIT_SAFE,UNAVAILABLE,UNAVAILABLE,KNOWN_CONTINUITY_EVENT|KNOWN_VERIFIED_EVENT_REQUIRES_EVENT_AWARE_HANDLING
TPE:2409,2409,TPE,ACTIVE_OR_CANONICAL_QUERY_ACCEPTED,486,2024-08-13,2026-08-13,True,False,CONTINUITY_UNKNOWN,KNOWN_EVENT,,PIT_SAFE,UNAVAILABLE,UNAVAILABLE,KNOWN_CONTINUITY_EVENT|KNOWN_VERIFIED_EVENT_REQUIRES_EVENT_AWARE_HANDLING
TPE:2413,2413,TPE,ACTIVE_OR_CANONICAL_QUERY_ACCEPTED,486,2024-08-13,2026-08-13,True,True,CONTINUITY_UNKNOWN,LOOKUP_UNAVAILABLE,,PIT_SAFE,INELIGIBLE,INELIGIBLE,BELOW_MA60|TECHNICAL_V0_INELIGIBLE
TPE:2414,2414,TPE,ACTIVE_OR_CANONICAL_QUERY_ACCEPTED,486,2024-08-13,2026-08-13,True,False,CONTINUITY_UNKNOWN,KNOWN_EVENT,,PIT_SAFE,UNAVAILABLE,UNAVAILABLE,KNOWN_CONTINUITY_EVENT|KNOWN_VERIFIED_EVENT_REQUIRES_EVENT_AWARE_HANDLING
TPE:2421,2421,TPE,ACTIVE_OR_CANONICAL_QUERY_ACCEPTED,486,2024-08-13,2026-08-13,True,False,CONTINUITY_UNKNOWN,KNOWN_EVENT,,PIT_SAFE,UNAVAILABLE,UNAVAILABLE,KNOWN_CONTINUITY_EVENT|KNOWN_VERIFIED_EVENT_REQUIRES_EVENT_AWARE_HANDLING
TPE:2424,2424,TPE,ACTIVE_OR_CANONICAL_QUERY_ACCEPTED,479,2024-08-13,2026-08-13,True,True,CONTINUITY_UNKNOWN,LOOKUP_UNAVAILABLE,,PIT_SAFE,INELIGIBLE,INELIGIBLE,BELOW_MA60|TECHNICAL_V0_INELIGIBLE
TPE:2425,2425,TPE,ACTIVE_OR_CANONICAL_QUERY_ACCEPTED,486,2024-08-13,2026-08-13,True,False,CONTINUITY_UNKNOWN,KNOWN_EVENT,,PIT_SAFE,UNAVAILABLE,UNAVAILABLE,KNOWN_CONTINUITY_EVENT|KNOWN_VERIFIED_EVENT_REQUIRES_EVENT_AWARE_HANDLING
TPE:2426,2426,TPE,ACTIVE_OR_CANONICAL_QUERY_ACCEPTED,486,2024-08-13,2026-08-13,True,False,CONTINUITY_UNKNOWN,KNOWN_EVENT,,PIT_SAFE,UNAVAILABLE,UNAVAILABLE,KNOWN_CONTINUITY_EVENT|KNOWN_VERIFIED_EVENT_REQUIRES_EVENT_AWARE_HANDLING
TPE:2428,2428,TPE,ACTIVE_OR_CANONICAL_QUERY_ACCEPTED,486,2024-08-13,2026-08-13,True,True,CONTINUITY_UNKNOWN,LOOKUP_UNAVAILABLE,,PIT_SAFE,INELIGIBLE,INELIGIBLE,BELOW_MA60|TECHNICAL_V0_INELIGIBLE
TPE:2434,2434,TPE,ACTIVE_OR_CANONICAL_QUERY_ACCEPTED,486,2024-08-13,2026-08-13,True,True,CONTINUITY_UNKNOWN,LOOKUP_UNAVAILABLE,,PIT_SAFE,VALID,ELIGIBLE,EVENT_LOOKUP_UNAVAILABLE
TPE:2436,2436,TPE,ACTIVE_OR_CANONICAL_QUERY_ACCEPTED,485,2024-08-13,2026-08-13,True,True,CONTINUITY_UNKNOWN,LOOKUP_UNAVAILABLE,,PIT_SAFE,VALID,ELIGIBLE,EVENT_LOOKUP_UNAVAILABLE
TPE:2441,2441,TPE,ACTIVE_OR_CANONICAL_QUERY_ACCEPTED,486,2024-08-13,2026-08-13,True,True,CONTINUITY_UNKNOWN,LOOKUP_UNAVAILABLE,,PIT_SAFE,INELIGIBLE,INELIGIBLE,BELOW_MA60|TECHNICAL_V0_INELIGIBLE
TPE:2449,2449,TPE,ACTIVE_OR_CANONICAL_QUERY_ACCEPTED,486,2024-08-13,2026-08-13,True,True,CONTINUITY_UNKNOWN,LOOKUP_UNAVAILABLE,,PIT_SAFE,INELIGIBLE,INELIGIBLE,BELOW_MA60|TECHNICAL_V0_INELIGIBLE
TPE:2451,2451,TPE,ACTIVE_OR_CANONICAL_QUERY_ACCEPTED,486,2024-08-13,2026-08-13,True,False,CONTINUITY_UNKNOWN,KNOWN_EVENT,,PIT_SAFE,UNAVAILABLE,UNAVAILABLE,KNOWN_CONTINUITY_EVENT|KNOWN_VERIFIED_EVENT_REQUIRES_EVENT_AWARE_HANDLING
TPE:2454,2454,TPE,ACTIVE_OR_CANONICAL_QUERY_ACCEPTED,486,2024-08-13,2026-08-13,True,False,CONTINUITY_UNKNOWN,KNOWN_EVENT,,PIT_SAFE,UNAVAILABLE,UNAVAILABLE,KNOWN_CONTINUITY_EVENT|KNOWN_VERIFIED_EVENT_REQUIRES_EVENT_AWARE_HANDLING
TPE:2455,2455,TPE,ACTIVE_OR_CANONICAL_QUERY_ACCEPTED,486,2024-08-13,2026-08-13,True,False,CONTINUITY_UNKNOWN,KNOWN_EVENT,,PIT_SAFE,UNAVAILABLE,UNAVAILABLE,KNOWN_CONTINUITY_EVENT|KNOWN_VERIFIED_EVENT_REQUIRES_EVENT_AWARE_HANDLING
TPE:2457,2457,TPE,ACTIVE_OR_CANONICAL_QUERY_ACCEPTED,486,2024-08-13,2026-08-13,True,True,CONTINUITY_UNKNOWN,LOOKUP_UNAVAILABLE,,PIT_SAFE,INELIGIBLE,INELIGIBLE,BELOW_MA60|TECHNICAL_V0_INELIGIBLE
TPE:2460,2460,TPE,ACTIVE_OR_CANONICAL_QUERY_ACCEPTED,486,2024-08-13,2026-08-13,True,True,CONTINUITY_UNKNOWN,LOOKUP_UNAVAILABLE,,PIT_SAFE,INELIGIBLE,INELIGIBLE,BELOW_MA60|TECHNICAL_V0_INELIGIBLE
TPE:2464,2464,TPE,ACTIVE_OR_CANONICAL_QUERY_ACCEPTED,486,2024-08-13,2026-08-13,True,True,CONTINUITY_UNKNOWN,LOOKUP_UNAVAILABLE,,PIT_SAFE,VALID,ELIGIBLE,EVENT_LOOKUP_UNAVAILABLE
TPE:2465,2465,TPE,ACTIVE_OR_CANONICAL_QUERY_ACCEPTED,486,2024-08-13,2026-08-13,True,True,CONTINUITY_UNKNOWN,LOOKUP_UNAVAILABLE,,PIT_SAFE,VALID,ELIGIBLE,EVENT_LOOKUP_UNAVAILABLE
TPE:2466,2466,TPE,ACTIVE_OR_CANONICAL_QUERY_ACCEPTED,486,2024-08-13,2026-08-13,True,True,CONTINUITY_UNKNOWN,LOOKUP_UNAVAILABLE,,PIT_SAFE,VALID,ELIGIBLE,EVENT_LOOKUP_UNAVAILABLE
TPE:2467,2467,TPE,ACTIVE_OR_CANONICAL_QUERY_ACCEPTED,486,2024-08-13,2026-08-13,True,False,CONTINUITY_UNKNOWN,KNOWN_EVENT,,PIT_SAFE,UNAVAILABLE,UNAVAILABLE,KNOWN_CONTINUITY_EVENT|KNOWN_VERIFIED_EVENT_REQUIRES_EVENT_AWARE_HANDLING
TPE:2472,2472,TPE,ACTIVE_OR_CANONICAL_QUERY_ACCEPTED,486,2024-08-13,2026-08-13,True,True,CONTINUITY_UNKNOWN,LOOKUP_UNAVAILABLE,,PIT_SAFE,INELIGIBLE,INELIGIBLE,BELOW_MA60|TECHNICAL_V0_INELIGIBLE
TPE:2474,2474,TPE,ACTIVE_OR_CANONICAL_QUERY_ACCEPTED,486,2024-08-13,2026-08-13,True,False,CONTINUITY_UNKNOWN,KNOWN_EVENT,,PIT_SAFE,UNAVAILABLE,UNAVAILABLE,KNOWN_CONTINUITY_EVENT|KNOWN_VERIFIED_EVENT_REQUIRES_EVENT_AWARE_HANDLING
TPE:2478,2478,TPE,ACTIVE_OR_CANONICAL_QUERY_ACCEPTED,486,2024-08-13,2026-08-13,True,False,CONTINUITY_UNKNOWN,KNOWN_EVENT,,PIT_SAFE,UNAVAILABLE,UNAVAILABLE,KNOWN_CONTINUITY_EVENT|KNOWN_VERIFIED_EVENT_REQUIRES_EVENT_AWARE_HANDLING
TPE:2481,2481,TPE,ACTIVE_OR_CANONICAL_QUERY_ACCEPTED,486,2024-08-13,2026-08-13,True,True,CONTINUITY_UNKNOWN,KNOWN_EVENT,,PIT_SAFE,INELIGIBLE,INELIGIBLE,BELOW_MA60|TECHNICAL_V0_INELIGIBLE
TPE:2483,2483,TPE,ACTIVE_OR_CANONICAL_QUERY_ACCEPTED,486,2024-08-13,2026-08-13,True,True,CONTINUITY_UNKNOWN,KNOWN_EVENT,,PIT_SAFE,INELIGIBLE,INELIGIBLE,BELOW_MA60|TECHNICAL_V0_INELIGIBLE
TPE:2484,2484,TPE,ACTIVE_OR_CANONICAL_QUERY_ACCEPTED,486,2024-08-13,2026-08-13,True,True,CONTINUITY_UNKNOWN,LOOKUP_UNAVAILABLE,,PIT_SAFE,VALID,ELIGIBLE,EVENT_LOOKUP_UNAVAILABLE
TPE:2485,2485,TPE,ACTIVE_OR_CANONICAL_QUERY_ACCEPTED,486,2024-08-13,2026-08-13,True,True,CONTINUITY_UNKNOWN,LOOKUP_UNAVAILABLE,,PIT_SAFE,INELIGIBLE,INELIGIBLE,BELOW_MA60|TECHNICAL_V0_INELIGIBLE
TPE:2486,2486,TPE,ACTIVE_OR_CANONICAL_QUERY_ACCEPTED,486,2024-08-13,2026-08-13,True,False,CONTINUITY_UNKNOWN,KNOWN_EVENT,,PIT_SAFE,UNAVAILABLE,UNAVAILABLE,KNOWN_CONTINUITY_EVENT|KNOWN_VERIFIED_EVENT_REQUIRES_EVENT_AWARE_HANDLING
TPE:2491,2491,TPE,ACTIVE_OR_CANONICAL_QUERY_ACCEPTED,486,2024-08-13,2026-08-13,True,True,CONTINUITY_UNKNOWN,LOOKUP_UNAVAILABLE,,PIT_SAFE,VALID,ELIGIBLE,EVENT_LOOKUP_UNAVAILABLE
TPE:2492,2492,TPE,ACTIVE_OR_CANONICAL_QUERY_ACCEPTED,486,2024-08-13,2026-08-13,True,False,CONTINUITY_UNKNOWN,KNOWN_EVENT,,PIT_SAFE,UNAVAILABLE,UNAVAILABLE,KNOWN_CONTINUITY_EVENT|KNOWN_VERIFIED_EVENT_REQUIRES_EVENT_AWARE_HANDLING
TPE:2493,2493,TPE,ACTIVE_OR_CANONICAL_QUERY_ACCEPTED,486,2024-08-13,2026-08-13,True,False,CONTINUITY_UNKNOWN,KNOWN_EVENT,,PIT_SAFE,UNAVAILABLE,UNAVAILABLE,KNOWN_CONTINUITY_EVENT|KNOWN_VERIFIED_EVENT_REQUIRES_EVENT_AWARE_HANDLING
TPE:2498,2498,TPE,ACTIVE_OR_CANONICAL_QUERY_ACCEPTED,486,2024-08-13,2026-08-13,True,False,CONTINUITY_UNKNOWN,KNOWN_EVENT,,PIT_SAFE,UNAVAILABLE,UNAVAILABLE,KNOWN_CONTINUITY_EVENT|KNOWN_VERIFIED_EVENT_REQUIRES_EVENT_AWARE_HANDLING
TPE:2501,2501,TPE,ACTIVE_OR_CANONICAL_QUERY_ACCEPTED,486,2024-08-13,2026-08-13,True,False,CONTINUITY_UNKNOWN,KNOWN_EVENT,,PIT_SAFE,UNAVAILABLE,UNAVAILABLE,KNOWN_CONTINUITY_EVENT|KNOWN_VERIFIED_EVENT_REQUIRES_EVENT_AWARE_HANDLING
TPE:2511,2511,TPE,ACTIVE_OR_CANONICAL_QUERY_ACCEPTED,486,2024-08-13,2026-08-13,True,False,CONTINUITY_UNKNOWN,KNOWN_EVENT,,PIT_SAFE,UNAVAILABLE,UNAVAILABLE,KNOWN_CONTINUITY_EVENT|KNOWN_VERIFIED_EVENT_REQUIRES_EVENT_AWARE_HANDLING
TPE:2520,2520,TPE,ACTIVE_OR_CANONICAL_QUERY_ACCEPTED,486,2024-08-13,2026-08-13,True,False,CONTINUITY_UNKNOWN,KNOWN_EVENT,,PIT_SAFE,UNAVAILABLE,UNAVAILABLE,KNOWN_CONTINUITY_EVENT|KNOWN_VERIFIED_EVENT_REQUIRES_EVENT_AWARE_HANDLING
TPE:2527,2527,TPE,ACTIVE_OR_CANONICAL_QUERY_ACCEPTED,486,2024-08-13,2026-08-13,True,True,CONTINUITY_UNKNOWN,LOOKUP_UNAVAILABLE,,PIT_SAFE,VALID,ELIGIBLE,EVENT_LOOKUP_UNAVAILABLE
TPE:2535,2535,TPE,ACTIVE_OR_CANONICAL_QUERY_ACCEPTED,486,2024-08-13,2026-08-13,True,True,CONTINUITY_UNKNOWN,KNOWN_EVENT,,PIT_SAFE,INELIGIBLE,INELIGIBLE,BELOW_MA60|TECHNICAL_V0_INELIGIBLE
TPE:2536,2536,TPE,ACTIVE_OR_CANONICAL_QUERY_ACCEPTED,486,2024-08-13,2026-08-13,True,False,CONTINUITY_UNKNOWN,KNOWN_EVENT,,PIT_SAFE,UNAVAILABLE,UNAVAILABLE,KNOWN_CONTINUITY_EVENT|KNOWN_VERIFIED_EVENT_REQUIRES_EVENT_AWARE_HANDLING
TPE:2539,2539,TPE,ACTIVE_OR_CANONICAL_QUERY_ACCEPTED,486,2024-08-13,2026-08-13,True,True,CONTINUITY_UNKNOWN,LOOKUP_UNAVAILABLE,,PIT_SAFE,VALID,ELIGIBLE,EVENT_LOOKUP_UNAVAILABLE
TPE:2542,2542,TPE,ACTIVE_OR_CANONICAL_QUERY_ACCEPTED,486,2024-08-13,2026-08-13,True,True,CONTINUITY_UNKNOWN,LOOKUP_UNAVAILABLE,,PIT_SAFE,VALID,ELIGIBLE,EVENT_LOOKUP_UNAVAILABLE
TPE:2546,2546,TPE,ACTIVE_OR_CANONICAL_QUERY_ACCEPTED,486,2024-08-13,2026-08-13,True,True,CONTINUITY_UNKNOWN,LOOKUP_UNAVAILABLE,,PIT_SAFE,VALID,ELIGIBLE,EVENT_LOOKUP_UNAVAILABLE
TPE:2548,2548,TPE,ACTIVE_OR_CANONICAL_QUERY_ACCEPTED,486,2024-08-13,2026-08-13,True,False,CONTINUITY_UNKNOWN,KNOWN_EVENT,,PIT_SAFE,UNAVAILABLE,UNAVAILABLE,KNOWN_CONTINUITY_EVENT|KNOWN_VERIFIED_EVENT_REQUIRES_EVENT_AWARE_HANDLING
TPE:2601,2601,TPE,ACTIVE_OR_CANONICAL_QUERY_ACCEPTED,485,2024-08-13,2026-08-13,True,True,CONTINUITY_UNKNOWN,LOOKUP_UNAVAILABLE,,PIT_SAFE,VALID,ELIGIBLE,EVENT_LOOKUP_UNAVAILABLE
TPE:2603,2603,TPE,ACTIVE_OR_CANONICAL_QUERY_ACCEPTED,486,2024-08-13,2026-08-13,True,True,CONTINUITY_UNKNOWN,LOOKUP_UNAVAILABLE,,PIT_SAFE,VALID,ELIGIBLE,EVENT_LOOKUP_UNAVAILABLE
TPE:2605,2605,TPE,ACTIVE_OR_CANONICAL_QUERY_ACCEPTED,486,2024-08-13,2026-08-13,True,True,CONTINUITY_UNKNOWN,LOOKUP_UNAVAILABLE,,PIT_SAFE,VALID,ELIGIBLE,EVENT_LOOKUP_UNAVAILABLE
TPE:2606,2606,TPE,ACTIVE_OR_CANONICAL_QUERY_ACCEPTED,486,2024-08-13,2026-08-13,True,True,CONTINUITY_UNKNOWN,LOOKUP_UNAVAILABLE,,PIT_SAFE,VALID,ELIGIBLE,EVENT_LOOKUP_UNAVAILABLE
TPE:2609,2609,TPE,ACTIVE_OR_CANONICAL_QUERY_ACCEPTED,486,2024-08-13,2026-08-13,True,True,CONTINUITY_UNKNOWN,LOOKUP_UNAVAILABLE,,PIT_SAFE,INELIGIBLE,INELIGIBLE,BELOW_MA60|TECHNICAL_V0_INELIGIBLE
TPE:2610,2610,TPE,ACTIVE_OR_CANONICAL_QUERY_ACCEPTED,486,2024-08-13,2026-08-13,True,True,CONTINUITY_UNKNOWN,LOOKUP_UNAVAILABLE,,PIT_SAFE,INELIGIBLE,INELIGIBLE,BELOW_MA60|TECHNICAL_V0_INELIGIBLE
TPE:2611,2611,TPE,ACTIVE_OR_CANONICAL_QUERY_ACCEPTED,486,2024-08-13,2026-08-13,True,True,CONTINUITY_UNKNOWN,LOOKUP_UNAVAILABLE,,PIT_SAFE,VALID,ELIGIBLE,EVENT_LOOKUP_UNAVAILABLE
TPE:2613,2613,TPE,ACTIVE_OR_CANONICAL_QUERY_ACCEPTED,486,2024-08-13,2026-08-13,True,True,CONTINUITY_UNKNOWN,LOOKUP_UNAVAILABLE,,PIT_SAFE,INELIGIBLE,INELIGIBLE,BELOW_MA60|TECHNICAL_V0_INELIGIBLE
TPE:2615,2615,TPE,ACTIVE_OR_CANONICAL_QUERY_ACCEPTED,486,2024-08-13,2026-08-13,True,True,CONTINUITY_UNKNOWN,LOOKUP_UNAVAILABLE,,PIT_SAFE,VALID,ELIGIBLE,EVENT_LOOKUP_UNAVAILABLE
TPE:2617,2617,TPE,ACTIVE_OR_CANONICAL_QUERY_ACCEPTED,486,2024-08-13,2026-08-13,True,True,CONTINUITY_UNKNOWN,LOOKUP_UNAVAILABLE,,PIT_SAFE,INELIGIBLE,INELIGIBLE,BELOW_MA60|TECHNICAL_V0_INELIGIBLE
TPE:2630,2630,TPE,ACTIVE_OR_CANONICAL_QUERY_ACCEPTED,486,2024-08-13,2026-08-13,True,True,CONTINUITY_UNKNOWN,KNOWN_EVENT,,PIT_SAFE,VALID,ELIGIBLE,KNOWN_EVENT_HANDLED
TPE:2634,2634,TPE,ACTIVE_OR_CANONICAL_QUERY_ACCEPTED,486,2024-08-13,2026-08-13,True,False,CONTINUITY_UNKNOWN,KNOWN_EVENT,,PIT_SAFE,UNAVAILABLE,UNAVAILABLE,KNOWN_CONTINUITY_EVENT|KNOWN_VERIFIED_EVENT_REQUIRES_EVENT_AWARE_HANDLING
TPE:2636,2636,TPE,ACTIVE_OR_CANONICAL_QUERY_ACCEPTED,486,2024-08-13,2026-08-13,True,True,CONTINUITY_UNKNOWN,LOOKUP_UNAVAILABLE,,PIT_SAFE,INELIGIBLE,INELIGIBLE,BELOW_MA60|TECHNICAL_V0_INELIGIBLE
TPE:2645,2645,TPE,ACTIVE_OR_CANONICAL_QUERY_ACCEPTED,486,2024-08-13,2026-08-13,True,False,CONTINUITY_UNKNOWN,KNOWN_EVENT,,PIT_SAFE,UNAVAILABLE,UNAVAILABLE,KNOWN_CONTINUITY_EVENT|KNOWN_VERIFIED_EVENT_REQUIRES_EVENT_AWARE_HANDLING
TPE:2646,2646,TPE,ACTIVE_OR_CANONICAL_QUERY_ACCEPTED,437,2024-10-25,2026-08-13,True,True,CONTINUITY_UNKNOWN,LOOKUP_UNAVAILABLE,,PIT_SAFE,INELIGIBLE,INELIGIBLE,BELOW_MA60|TECHNICAL_V0_INELIGIBLE
TPE:2851,2851,TPE,ACTIVE_OR_CANONICAL_QUERY_ACCEPTED,486,2024-08-13,2026-08-13,True,True,CONTINUITY_UNKNOWN,LOOKUP_UNAVAILABLE,,PIT_SAFE,VALID,ELIGIBLE,EVENT_LOOKUP_UNAVAILABLE
TPE:3003,3003,TPE,ACTIVE_OR_CANONICAL_QUERY_ACCEPTED,486,2024-08-13,2026-08-13,True,False,CONTINUITY_UNKNOWN,KNOWN_EVENT,,PIT_SAFE,UNAVAILABLE,UNAVAILABLE,KNOWN_CONTINUITY_EVENT|KNOWN_VERIFIED_EVENT_REQUIRES_EVENT_AWARE_HANDLING
TPE:3004,3004,TPE,ACTIVE_OR_CANONICAL_QUERY_ACCEPTED,486,2024-08-13,2026-08-13,True,True,CONTINUITY_UNKNOWN,KNOWN_EVENT,,PIT_SAFE,INELIGIBLE,INELIGIBLE,BELOW_MA60|TECHNICAL_V0_INELIGIBLE
TPE:3005,3005,TPE,ACTIVE_OR_CANONICAL_QUERY_ACCEPTED,486,2024-08-13,2026-08-13,True,True,CONTINUITY_UNKNOWN,KNOWN_EVENT,,PIT_SAFE,VALID,ELIGIBLE,KNOWN_EVENT_HANDLED
TPE:3006,3006,TPE,ACTIVE_OR_CANONICAL_QUERY_ACCEPTED,486,2024-08-13,2026-08-13,True,False,CONTINUITY_UNKNOWN,KNOWN_EVENT,,PIT_SAFE,UNAVAILABLE,UNAVAILABLE,KNOWN_CONTINUITY_EVENT|KNOWN_VERIFIED_EVENT_REQUIRES_EVENT_AWARE_HANDLING
TPE:3008,3008,TPE,ACTIVE_OR_CANONICAL_QUERY_ACCEPTED,486,2024-08-13,2026-08-13,True,False,CONTINUITY_UNKNOWN,KNOWN_EVENT,,PIT_SAFE,UNAVAILABLE,UNAVAILABLE,KNOWN_CONTINUITY_EVENT|KNOWN_VERIFIED_EVENT_REQUIRES_EVENT_AWARE_HANDLING
TPE:3013,3013,TPE,ACTIVE_OR_CANONICAL_QUERY_ACCEPTED,486,2024-08-13,2026-08-13,True,False,CONTINUITY_UNKNOWN,KNOWN_EVENT,,PIT_SAFE,UNAVAILABLE,UNAVAILABLE,KNOWN_CONTINUITY_EVENT|KNOWN_VERIFIED_EVENT_REQUIRES_EVENT_AWARE_HANDLING
TPE:3015,3015,TPE,ACTIVE_OR_CANONICAL_QUERY_ACCEPTED,486,2024-08-13,2026-08-13,True,False,CONTINUITY_UNKNOWN,KNOWN_EVENT,,PIT_SAFE,UNAVAILABLE,UNAVAILABLE,KNOWN_CONTINUITY_EVENT|KNOWN_VERIFIED_EVENT_REQUIRES_EVENT_AWARE_HANDLING
TPE:3016,3016,TPE,ACTIVE_OR_CANONICAL_QUERY_ACCEPTED,486,2024-08-13,2026-08-13,True,False,CONTINUITY_UNKNOWN,KNOWN_EVENT,,PIT_SAFE,UNAVAILABLE,UNAVAILABLE,KNOWN_CONTINUITY_EVENT|KNOWN_VERIFIED_EVENT_REQUIRES_EVENT_AWARE_HANDLING
TPE:3017,3017,TPE,ACTIVE_OR_CANONICAL_QUERY_ACCEPTED,486,2024-08-13,2026-08-13,True,True,CONTINUITY_UNKNOWN,LOOKUP_UNAVAILABLE,,PIT_SAFE,VALID,ELIGIBLE,EVENT_LOOKUP_UNAVAILABLE
TPE:3021,3021,TPE,ACTIVE_OR_CANONICAL_QUERY_ACCEPTED,486,2024-08-13,2026-08-13,True,True,CONTINUITY_UNKNOWN,KNOWN_EVENT,,PIT_SAFE,INELIGIBLE,INELIGIBLE,BELOW_MA60|TECHNICAL_V0_INELIGIBLE
TPE:3022,3022,TPE,ACTIVE_OR_CANONICAL_QUERY_ACCEPTED,486,2024-08-13,2026-08-13,True,True,CONTINUITY_UNKNOWN,LOOKUP_UNAVAILABLE,,PIT_SAFE,VALID,ELIGIBLE,EVENT_LOOKUP_UNAVAILABLE
TPE:3023,3023,TPE,ACTIVE_OR_CANONICAL_QUERY_ACCEPTED,486,2024-08-13,2026-08-13,True,False,CONTINUITY_UNKNOWN,KNOWN_EVENT,,PIT_SAFE,UNAVAILABLE,UNAVAILABLE,KNOWN_CONTINUITY_EVENT|KNOWN_VERIFIED_EVENT_REQUIRES_EVENT_AWARE_HANDLING
TPE:3026,3026,TPE,ACTIVE_OR_CANONICAL_QUERY_ACCEPTED,486,2024-08-13,2026-08-13,True,False,CONTINUITY_UNKNOWN,KNOWN_EVENT,,PIT_SAFE,UNAVAILABLE,UNAVAILABLE,KNOWN_CONTINUITY_EVENT|KNOWN_VERIFIED_EVENT_REQUIRES_EVENT_AWARE_HANDLING
TPE:3029,3029,TPE,ACTIVE_OR_CANONICAL_QUERY_ACCEPTED,486,2024-08-13,2026-08-13,True,True,CONTINUITY_UNKNOWN,KNOWN_EVENT,,PIT_SAFE,VALID,ELIGIBLE,KNOWN_EVENT_HANDLED
TPE:3034,3034,TPE,ACTIVE_OR_CANONICAL_QUERY_ACCEPTED,486,2024-08-13,2026-08-13,True,False,CONTINUITY_UNKNOWN,KNOWN_EVENT,,PIT_SAFE,UNAVAILABLE,UNAVAILABLE,KNOWN_CONTINUITY_EVENT|KNOWN_VERIFIED_EVENT_REQUIRES_EVENT_AWARE_HANDLING
TPE:3035,3035,TPE,ACTIVE_OR_CANONICAL_QUERY_ACCEPTED,486,2024-08-13,2026-08-13,True,False,CONTINUITY_UNKNOWN,KNOWN_EVENT,,PIT_SAFE,UNAVAILABLE,UNAVAILABLE,KNOWN_CONTINUITY_EVENT|KNOWN_VERIFIED_EVENT_REQUIRES_EVENT_AWARE_HANDLING
TPE:3036,3036,TPE,ACTIVE_OR_CANONICAL_QUERY_ACCEPTED,485,2024-08-13,2026-08-13,True,True,CONTINUITY_UNKNOWN,LOOKUP_UNAVAILABLE,,PIT_SAFE,INELIGIBLE,INELIGIBLE,BELOW_MA60|TECHNICAL_V0_INELIGIBLE
TPE:3037,3037,TPE,ACTIVE_OR_CANONICAL_QUERY_ACCEPTED,486,2024-08-13,2026-08-13,True,False,CONTINUITY_UNKNOWN,KNOWN_EVENT,,PIT_SAFE,UNAVAILABLE,UNAVAILABLE,KNOWN_CONTINUITY_EVENT|KNOWN_VERIFIED_EVENT_REQUIRES_EVENT_AWARE_HANDLING
TPE:3042,3042,TPE,ACTIVE_OR_CANONICAL_QUERY_ACCEPTED,486,2024-08-13,2026-08-13,True,False,CONTINUITY_UNKNOWN,KNOWN_EVENT,,PIT_SAFE,UNAVAILABLE,UNAVAILABLE,KNOWN_CONTINUITY_EVENT|KNOWN_VERIFIED_EVENT_REQUIRES_EVENT_AWARE_HANDLING
TPE:3044,3044,TPE,ACTIVE_OR_CANONICAL_QUERY_ACCEPTED,486,2024-08-13,2026-08-13,True,False,CONTINUITY_UNKNOWN,KNOWN_EVENT,,PIT_SAFE,UNAVAILABLE,UNAVAILABLE,KNOWN_CONTINUITY_EVENT|KNOWN_VERIFIED_EVENT_REQUIRES_EVENT_AWARE_HANDLING
TPE:3048,3048,TPE,ACTIVE_OR_CANONICAL_QUERY_ACCEPTED,486,2024-08-13,2026-08-13,True,False,CONTINUITY_UNKNOWN,KNOWN_EVENT,,PIT_SAFE,UNAVAILABLE,UNAVAILABLE,KNOWN_CONTINUITY_EVENT|KNOWN_VERIFIED_EVENT_REQUIRES_EVENT_AWARE_HANDLING
TPE:3055,3055,TPE,ACTIVE_OR_CANONICAL_QUERY_ACCEPTED,486,2024-08-13,2026-08-13,True,False,CONTINUITY_UNKNOWN,KNOWN_EVENT,,PIT_SAFE,UNAVAILABLE,UNAVAILABLE,KNOWN_CONTINUITY_EVENT|KNOWN_VERIFIED_EVENT_REQUIRES_EVENT_AWARE_HANDLING
TPE:3058,3058,TPE,ACTIVE_OR_CANONICAL_QUERY_ACCEPTED,486,2024-08-13,2026-08-13,True,True,CONTINUITY_UNKNOWN,LOOKUP_UNAVAILABLE,,PIT_SAFE,INELIGIBLE,INELIGIBLE,BELOW_MA60|TECHNICAL_V0_INELIGIBLE
TPE:3060,3060,TPE,ACTIVE_OR_CANONICAL_QUERY_ACCEPTED,486,2024-08-13,2026-08-13,True,False,CONTINUITY_UNKNOWN,KNOWN_EVENT,,PIT_SAFE,UNAVAILABLE,UNAVAILABLE,KNOWN_CONTINUITY_EVENT|KNOWN_VERIFIED_EVENT_REQUIRES_EVENT_AWARE_HANDLING
TPE:3090,3090,TPE,ACTIVE_OR_CANONICAL_QUERY_ACCEPTED,485,2024-08-13,2026-08-13,True,False,CONTINUITY_UNKNOWN,KNOWN_EVENT,,PIT_SAFE,UNAVAILABLE,UNAVAILABLE,KNOWN_CONTINUITY_EVENT|KNOWN_VERIFIED_EVENT_REQUIRES_EVENT_AWARE_HANDLING
TPE:3094,3094,TPE,ACTIVE_OR_CANONICAL_QUERY_ACCEPTED,486,2024-08-13,2026-08-13,True,False,CONTINUITY_UNKNOWN,KNOWN_EVENT,,PIT_SAFE,UNAVAILABLE,UNAVAILABLE,KNOWN_CONTINUITY_EVENT|KNOWN_VERIFIED_EVENT_REQUIRES_EVENT_AWARE_HANDLING
TPE:3149,3149,TPE,ACTIVE_OR_CANONICAL_QUERY_ACCEPTED,486,2024-08-13,2026-08-13,True,True,CONTINUITY_UNKNOWN,LOOKUP_UNAVAILABLE,,PIT_SAFE,INELIGIBLE,INELIGIBLE,BELOW_MA60|TECHNICAL_V0_INELIGIBLE
TPE:3167,3167,TPE,ACTIVE_OR_CANONICAL_QUERY_ACCEPTED,486,2024-08-13,2026-08-13,True,False,CONTINUITY_UNKNOWN,KNOWN_EVENT,,PIT_SAFE,UNAVAILABLE,UNAVAILABLE,KNOWN_CONTINUITY_EVENT|KNOWN_VERIFIED_EVENT_REQUIRES_EVENT_AWARE_HANDLING
TPE:3189,3189,TPE,ACTIVE_OR_CANONICAL_QUERY_ACCEPTED,486,2024-08-13,2026-08-13,True,False,CONTINUITY_UNKNOWN,KNOWN_EVENT,,PIT_SAFE,UNAVAILABLE,UNAVAILABLE,KNOWN_CONTINUITY_EVENT|KNOWN_VERIFIED_EVENT_REQUIRES_EVENT_AWARE_HANDLING
TPE:3231,3231,TPE,ACTIVE_OR_CANONICAL_QUERY_ACCEPTED,486,2024-08-13,2026-08-13,True,False,CONTINUITY_UNKNOWN,KNOWN_EVENT,,PIT_SAFE,UNAVAILABLE,UNAVAILABLE,KNOWN_CONTINUITY_EVENT|KNOWN_VERIFIED_EVENT_REQUIRES_EVENT_AWARE_HANDLING
TPE:3257,3257,TPE,ACTIVE_OR_CANONICAL_QUERY_ACCEPTED,486,2024-08-13,2026-08-13,True,False,CONTINUITY_UNKNOWN,KNOWN_EVENT,,PIT_SAFE,UNAVAILABLE,UNAVAILABLE,KNOWN_CONTINUITY_EVENT|KNOWN_VERIFIED_EVENT_REQUIRES_EVENT_AWARE_HANDLING
TPE:3296,3296,TPE,ACTIVE_OR_CANONICAL_QUERY_ACCEPTED,486,2024-08-13,2026-08-13,True,True,CONTINUITY_UNKNOWN,LOOKUP_UNAVAILABLE,,PIT_SAFE,INELIGIBLE,INELIGIBLE,BELOW_MA60|TECHNICAL_V0_INELIGIBLE
TPE:3308,3308,TPE,ACTIVE_OR_CANONICAL_QUERY_ACCEPTED,486,2024-08-13,2026-08-13,True,True,CONTINUITY_UNKNOWN,LOOKUP_UNAVAILABLE,,PIT_SAFE,INELIGIBLE,INELIGIBLE,BELOW_MA60|TECHNICAL_V0_INELIGIBLE
TPE:3312,3312,TPE,ACTIVE_OR_CANONICAL_QUERY_ACCEPTED,486,2024-08-13,2026-08-13,True,True,CONTINUITY_UNKNOWN,LOOKUP_UNAVAILABLE,,PIT_SAFE,VALID,ELIGIBLE,EVENT_LOOKUP_UNAVAILABLE
TPE:3321,3321,TPE,ACTIVE_OR_CANONICAL_QUERY_ACCEPTED,481,2024-08-13,2026-08-13,True,True,CONTINUITY_UNKNOWN,LOOKUP_UNAVAILABLE,,PIT_SAFE,INELIGIBLE,INELIGIBLE,BELOW_MA60|TECHNICAL_V0_INELIGIBLE
TPE:3338,3338,TPE,ACTIVE_OR_CANONICAL_QUERY_ACCEPTED,486,2024-08-13,2026-08-13,True,False,CONTINUITY_UNKNOWN,KNOWN_EVENT,,PIT_SAFE,UNAVAILABLE,UNAVAILABLE,KNOWN_CONTINUITY_EVENT|KNOWN_VERIFIED_EVENT_REQUIRES_EVENT_AWARE_HANDLING
TPE:3346,3346,TPE,ACTIVE_OR_CANONICAL_QUERY_ACCEPTED,486,2024-08-13,2026-08-13,True,True,CONTINUITY_UNKNOWN,LOOKUP_UNAVAILABLE,,PIT_SAFE,INELIGIBLE,INELIGIBLE,BELOW_MA60|TECHNICAL_V0_INELIGIBLE
TPE:3406,3406,TPE,ACTIVE_OR_CANONICAL_QUERY_ACCEPTED,486,2024-08-13,2026-08-13,True,True,CONTINUITY_UNKNOWN,LOOKUP_UNAVAILABLE,,PIT_SAFE,VALID,ELIGIBLE,EVENT_LOOKUP_UNAVAILABLE
TPE:3413,3413,TPE,ACTIVE_OR_CANONICAL_QUERY_ACCEPTED,485,2024-08-13,2026-08-13,True,False,CONTINUITY_UNKNOWN,KNOWN_EVENT,,PIT_SAFE,UNAVAILABLE,UNAVAILABLE,KNOWN_CONTINUITY_EVENT|KNOWN_VERIFIED_EVENT_REQUIRES_EVENT_AWARE_HANDLING
TPE:3443,3443,TPE,ACTIVE_OR_CANONICAL_QUERY_ACCEPTED,486,2024-08-13,2026-08-13,True,False,CONTINUITY_UNKNOWN,KNOWN_EVENT,,PIT_SAFE,UNAVAILABLE,UNAVAILABLE,KNOWN_CONTINUITY_EVENT|KNOWN_VERIFIED_EVENT_REQUIRES_EVENT_AWARE_HANDLING
TPE:3450,3450,TPE,ACTIVE_OR_CANONICAL_QUERY_ACCEPTED,486,2024-08-13,2026-08-13,True,False,CONTINUITY_UNKNOWN,KNOWN_EVENT,,PIT_SAFE,UNAVAILABLE,UNAVAILABLE,KNOWN_CONTINUITY_EVENT|KNOWN_VERIFIED_EVENT_REQUIRES_EVENT_AWARE_HANDLING
TPE:3481,3481,TPE,ACTIVE_OR_CANONICAL_QUERY_ACCEPTED,479,2024-08-13,2026-08-13,True,False,CONTINUITY_UNKNOWN,KNOWN_EVENT,,PIT_SAFE,UNAVAILABLE,UNAVAILABLE,KNOWN_CONTINUITY_EVENT|KNOWN_VERIFIED_EVENT_REQUIRES_EVENT_AWARE_HANDLING
TPE:3504,3504,TPE,ACTIVE_OR_CANONICAL_QUERY_ACCEPTED,486,2024-08-13,2026-08-13,True,True,CONTINUITY_UNKNOWN,LOOKUP_UNAVAILABLE,,PIT_SAFE,INELIGIBLE,INELIGIBLE,BELOW_MA60|TECHNICAL_V0_INELIGIBLE
TPE:3528,3528,TPE,ACTIVE_OR_CANONICAL_QUERY_ACCEPTED,486,2024-08-13,2026-08-13,True,True,CONTINUITY_UNKNOWN,LOOKUP_UNAVAILABLE,,PIT_SAFE,INELIGIBLE,INELIGIBLE,BELOW_MA60|TECHNICAL_V0_INELIGIBLE
TPE:3532,3532,TPE,ACTIVE_OR_CANONICAL_QUERY_ACCEPTED,486,2024-08-13,2026-08-13,True,False,CONTINUITY_UNKNOWN,KNOWN_EVENT,,PIT_SAFE,UNAVAILABLE,UNAVAILABLE,KNOWN_CONTINUITY_EVENT|KNOWN_VERIFIED_EVENT_REQUIRES_EVENT_AWARE_HANDLING
TPE:3533,3533,TPE,ACTIVE_OR_CANONICAL_QUERY_ACCEPTED,486,2024-08-13,2026-08-13,True,True,CONTINUITY_UNKNOWN,LOOKUP_UNAVAILABLE,,PIT_SAFE,INELIGIBLE,INELIGIBLE,BELOW_MA60|TECHNICAL_V0_INELIGIBLE
TPE:3535,3535,TPE,ACTIVE_OR_CANONICAL_QUERY_ACCEPTED,486,2024-08-13,2026-08-13,True,True,CONTINUITY_UNKNOWN,LOOKUP_UNAVAILABLE,,PIT_SAFE,INELIGIBLE,INELIGIBLE,BELOW_MA60|TECHNICAL_V0_INELIGIBLE
TPE:3543,3543,TPE,ACTIVE_OR_CANONICAL_QUERY_ACCEPTED,486,2024-08-13,2026-08-13,True,False,CONTINUITY_UNKNOWN,KNOWN_EVENT,,PIT_SAFE,UNAVAILABLE,UNAVAILABLE,KNOWN_CONTINUITY_EVENT|KNOWN_VERIFIED_EVENT_REQUIRES_EVENT_AWARE_HANDLING
TPE:3550,3550,TPE,ACTIVE_OR_CANONICAL_QUERY_ACCEPTED,486,2024-08-13,2026-08-13,True,True,CONTINUITY_UNKNOWN,LOOKUP_UNAVAILABLE,,PIT_SAFE,INELIGIBLE,INELIGIBLE,BELOW_MA60|TECHNICAL_V0_INELIGIBLE
TPE:3576,3576,TPE,ACTIVE_OR_CANONICAL_QUERY_ACCEPTED,486,2024-08-13,2026-08-13,True,True,CONTINUITY_UNKNOWN,LOOKUP_UNAVAILABLE,,PIT_SAFE,VALID,ELIGIBLE,EVENT_LOOKUP_UNAVAILABLE
TPE:3583,3583,TPE,ACTIVE_OR_CANONICAL_QUERY_ACCEPTED,486,2024-08-13,2026-08-13,True,False,CONTINUITY_UNKNOWN,KNOWN_EVENT,,PIT_SAFE,UNAVAILABLE,UNAVAILABLE,KNOWN_CONTINUITY_EVENT|KNOWN_VERIFIED_EVENT_REQUIRES_EVENT_AWARE_HANDLING
TPE:3588,3588,TPE,ACTIVE_OR_CANONICAL_QUERY_ACCEPTED,486,2024-08-13,2026-08-13,True,False,CONTINUITY_UNKNOWN,KNOWN_EVENT,,PIT_SAFE,UNAVAILABLE,UNAVAILABLE,KNOWN_CONTINUITY_EVENT|KNOWN_VERIFIED_EVENT_REQUIRES_EVENT_AWARE_HANDLING
TPE:3596,3596,TPE,ACTIVE_OR_CANONICAL_QUERY_ACCEPTED,486,2024-08-13,2026-08-13,True,True,CONTINUITY_UNKNOWN,KNOWN_EVENT,,PIT_SAFE,INELIGIBLE,INELIGIBLE,BELOW_MA60|TECHNICAL_V0_INELIGIBLE
TPE:3605,3605,TPE,ACTIVE_OR_CANONICAL_QUERY_ACCEPTED,486,2024-08-13,2026-08-13,True,False,CONTINUITY_UNKNOWN,KNOWN_EVENT,,PIT_SAFE,UNAVAILABLE,UNAVAILABLE,KNOWN_CONTINUITY_EVENT|KNOWN_VERIFIED_EVENT_REQUIRES_EVENT_AWARE_HANDLING
TPE:3617,3617,TPE,ACTIVE_OR_CANONICAL_QUERY_ACCEPTED,486,2024-08-13,2026-08-13,True,False,CONTINUITY_UNKNOWN,KNOWN_EVENT,,PIT_SAFE,UNAVAILABLE,UNAVAILABLE,KNOWN_CONTINUITY_EVENT|KNOWN_VERIFIED_EVENT_REQUIRES_EVENT_AWARE_HANDLING
TPE:3622,3622,TPE,ACTIVE_OR_CANONICAL_QUERY_ACCEPTED,486,2024-08-13,2026-08-13,True,True,CONTINUITY_UNKNOWN,LOOKUP_UNAVAILABLE,,PIT_SAFE,INELIGIBLE,INELIGIBLE,BELOW_MA60|TECHNICAL_V0_INELIGIBLE
TPE:3652,3652,TPE,ACTIVE_OR_CANONICAL_QUERY_ACCEPTED,486,2024-08-13,2026-08-13,True,False,CONTINUITY_UNKNOWN,KNOWN_EVENT,,PIT_SAFE,UNAVAILABLE,UNAVAILABLE,KNOWN_CONTINUITY_EVENT|KNOWN_VERIFIED_EVENT_REQUIRES_EVENT_AWARE_HANDLING
TPE:3653,3653,TPE,ACTIVE_OR_CANONICAL_QUERY_ACCEPTED,486,2024-08-13,2026-08-13,True,False,CONTINUITY_UNKNOWN,KNOWN_EVENT,,PIT_SAFE,UNAVAILABLE,UNAVAILABLE,KNOWN_CONTINUITY_EVENT|KNOWN_VERIFIED_EVENT_REQUIRES_EVENT_AWARE_HANDLING
TPE:3661,3661,TPE,ACTIVE_OR_CANONICAL_QUERY_ACCEPTED,486,2024-08-13,2026-08-13,True,True,CONTINUITY_UNKNOWN,LOOKUP_UNAVAILABLE,,PIT_SAFE,VALID,ELIGIBLE,EVENT_LOOKUP_UNAVAILABLE
TPE:3665,3665,TPE,ACTIVE_OR_CANONICAL_QUERY_ACCEPTED,485,2024-08-13,2026-08-13,True,False,CONTINUITY_UNKNOWN,KNOWN_EVENT,,PIT_SAFE,UNAVAILABLE,UNAVAILABLE,KNOWN_CONTINUITY_EVENT|KNOWN_VERIFIED_EVENT_REQUIRES_EVENT_AWARE_HANDLING
TPE:3694,3694,TPE,ACTIVE_OR_CANONICAL_QUERY_ACCEPTED,486,2024-08-13,2026-08-13,True,False,CONTINUITY_UNKNOWN,KNOWN_EVENT,,PIT_SAFE,UNAVAILABLE,UNAVAILABLE,KNOWN_CONTINUITY_EVENT|KNOWN_VERIFIED_EVENT_REQUIRES_EVENT_AWARE_HANDLING
TPE:3702,3702,TPE,ACTIVE_OR_CANONICAL_QUERY_ACCEPTED,486,2024-08-13,2026-08-13,True,True,CONTINUITY_UNKNOWN,LOOKUP_UNAVAILABLE,,PIT_SAFE,VALID,ELIGIBLE,EVENT_LOOKUP_UNAVAILABLE
TPE:3704,3704,TPE,ACTIVE_OR_CANONICAL_QUERY_ACCEPTED,486,2024-08-13,2026-08-13,True,True,CONTINUITY_UNKNOWN,LOOKUP_UNAVAILABLE,,PIT_SAFE,INELIGIBLE,INELIGIBLE,BELOW_MA60|TECHNICAL_V0_INELIGIBLE
TPE:3706,3706,TPE,ACTIVE_OR_CANONICAL_QUERY_ACCEPTED,486,2024-08-13,2026-08-13,True,True,CONTINUITY_UNKNOWN,LOOKUP_UNAVAILABLE,,PIT_SAFE,VALID,ELIGIBLE,EVENT_LOOKUP_UNAVAILABLE
TPE:3708,3708,TPE,ACTIVE_OR_CANONICAL_QUERY_ACCEPTED,486,2024-08-13,2026-08-13,True,False,CONTINUITY_UNKNOWN,KNOWN_EVENT,,PIT_SAFE,UNAVAILABLE,UNAVAILABLE,KNOWN_CONTINUITY_EVENT|KNOWN_VERIFIED_EVENT_REQUIRES_EVENT_AWARE_HANDLING
TPE:3711,3711,TPE,ACTIVE_OR_CANONICAL_QUERY_ACCEPTED,486,2024-08-13,2026-08-13,True,False,CONTINUITY_UNKNOWN,KNOWN_EVENT,,PIT_SAFE,UNAVAILABLE,UNAVAILABLE,KNOWN_CONTINUITY_EVENT|KNOWN_VERIFIED_EVENT_REQUIRES_EVENT_AWARE_HANDLING
TPE:3715,3715,TPE,ACTIVE_OR_CANONICAL_QUERY_ACCEPTED,486,2024-08-13,2026-08-13,True,False,CONTINUITY_UNKNOWN,KNOWN_EVENT,,PIT_SAFE,UNAVAILABLE,UNAVAILABLE,KNOWN_CONTINUITY_EVENT|KNOWN_VERIFIED_EVENT_REQUIRES_EVENT_AWARE_HANDLING
TPE:4540,4540,TPE,ACTIVE_OR_CANONICAL_QUERY_ACCEPTED,486,2024-08-13,2026-08-13,True,True,CONTINUITY_UNKNOWN,LOOKUP_UNAVAILABLE,,PIT_SAFE,VALID,ELIGIBLE,EVENT_LOOKUP_UNAVAILABLE
TPE:4551,4551,TPE,ACTIVE_OR_CANONICAL_QUERY_ACCEPTED,486,2024-08-13,2026-08-13,True,False,CONTINUITY_UNKNOWN,KNOWN_EVENT,,PIT_SAFE,UNAVAILABLE,UNAVAILABLE,KNOWN_CONTINUITY_EVENT|KNOWN_VERIFIED_EVENT_REQUIRES_EVENT_AWARE_HANDLING
TPE:4562,4562,TPE,ACTIVE_OR_CANONICAL_QUERY_ACCEPTED,486,2024-08-13,2026-08-13,True,True,CONTINUITY_UNKNOWN,LOOKUP_UNAVAILABLE,,PIT_SAFE,INELIGIBLE,INELIGIBLE,BELOW_MA60|TECHNICAL_V0_INELIGIBLE
TPE:4564,4564,TPE,ACTIVE_OR_CANONICAL_QUERY_ACCEPTED,486,2024-08-13,2026-08-13,True,True,CONTINUITY_UNKNOWN,LOOKUP_UNAVAILABLE,,PIT_SAFE,VALID,ELIGIBLE,EVENT_LOOKUP_UNAVAILABLE
TPE:4566,4566,TPE,ACTIVE_OR_CANONICAL_QUERY_ACCEPTED,486,2024-08-13,2026-08-13,True,True,CONTINUITY_UNKNOWN,LOOKUP_UNAVAILABLE,,PIT_SAFE,VALID,ELIGIBLE,EVENT_LOOKUP_UNAVAILABLE
TPE:4572,4572,TPE,ACTIVE_OR_CANONICAL_QUERY_ACCEPTED,486,2024-08-13,2026-08-13,True,False,CONTINUITY_UNKNOWN,KNOWN_EVENT,,PIT_SAFE,UNAVAILABLE,UNAVAILABLE,KNOWN_CONTINUITY_EVENT|KNOWN_VERIFIED_EVENT_REQUIRES_EVENT_AWARE_HANDLING
TPE:4576,4576,TPE,ACTIVE_OR_CANONICAL_QUERY_ACCEPTED,486,2024-08-13,2026-08-13,True,False,CONTINUITY_UNKNOWN,KNOWN_EVENT,,PIT_SAFE,UNAVAILABLE,UNAVAILABLE,KNOWN_CONTINUITY_EVENT|KNOWN_VERIFIED_EVENT_REQUIRES_EVENT_AWARE_HANDLING
TPE:4585,4585,TPE,ACTIVE_OR_CANONICAL_QUERY_ACCEPTED,211,2025-09-26,2026-08-13,True,False,CONTINUITY_UNKNOWN,KNOWN_EVENT,,PIT_SAFE,UNAVAILABLE,UNAVAILABLE,KNOWN_CONTINUITY_EVENT|KNOWN_VERIFIED_EVENT_REQUIRES_EVENT_AWARE_HANDLING
TPE:4722,4722,TPE,ACTIVE_OR_CANONICAL_QUERY_ACCEPTED,486,2024-08-13,2026-08-13,True,False,CONTINUITY_UNKNOWN,KNOWN_EVENT,,PIT_SAFE,UNAVAILABLE,UNAVAILABLE,KNOWN_CONTINUITY_EVENT|KNOWN_VERIFIED_EVENT_REQUIRES_EVENT_AWARE_HANDLING
TPE:4739,4739,TPE,ACTIVE_OR_CANONICAL_QUERY_ACCEPTED,486,2024-08-13,2026-08-13,True,True,CONTINUITY_UNKNOWN,LOOKUP_UNAVAILABLE,,PIT_SAFE,INELIGIBLE,INELIGIBLE,BELOW_MA60|TECHNICAL_V0_INELIGIBLE
TPE:4764,4764,TPE,ACTIVE_OR_CANONICAL_QUERY_ACCEPTED,481,2024-08-13,2026-08-13,True,True,CONTINUITY_UNKNOWN,KNOWN_EVENT,,PIT_SAFE,INELIGIBLE,INELIGIBLE,BELOW_MA60|TECHNICAL_V0_INELIGIBLE
TPE:4807,4807,TPE,ACTIVE_OR_CANONICAL_QUERY_ACCEPTED,484,2024-08-13,2026-08-13,True,True,CONTINUITY_UNKNOWN,LOOKUP_UNAVAILABLE,,PIT_SAFE,INELIGIBLE,INELIGIBLE,BELOW_MA60|TECHNICAL_V0_INELIGIBLE
TPE:4906,4906,TPE,ACTIVE_OR_CANONICAL_QUERY_ACCEPTED,486,2024-08-13,2026-08-13,True,True,CONTINUITY_UNKNOWN,LOOKUP_UNAVAILABLE,,PIT_SAFE,INELIGIBLE,INELIGIBLE,BELOW_MA60|TECHNICAL_V0_INELIGIBLE
TPE:4916,4916,TPE,ACTIVE_OR_CANONICAL_QUERY_ACCEPTED,486,2024-08-13,2026-08-13,True,False,CONTINUITY_UNKNOWN,KNOWN_EVENT,,PIT_SAFE,UNAVAILABLE,UNAVAILABLE,KNOWN_CONTINUITY_EVENT|KNOWN_VERIFIED_EVENT_REQUIRES_EVENT_AWARE_HANDLING
TPE:4919,4919,TPE,ACTIVE_OR_CANONICAL_QUERY_ACCEPTED,486,2024-08-13,2026-08-13,True,True,CONTINUITY_UNKNOWN,LOOKUP_UNAVAILABLE,,PIT_SAFE,INELIGIBLE,INELIGIBLE,BELOW_MA60|TECHNICAL_V0_INELIGIBLE
TPE:4934,4934,TPE,ACTIVE_OR_CANONICAL_QUERY_ACCEPTED,486,2024-08-13,2026-08-13,True,True,CONTINUITY_UNKNOWN,LOOKUP_UNAVAILABLE,,PIT_SAFE,INELIGIBLE,INELIGIBLE,BELOW_MA60|TECHNICAL_V0_INELIGIBLE
TPE:4938,4938,TPE,ACTIVE_OR_CANONICAL_QUERY_ACCEPTED,486,2024-08-13,2026-08-13,True,False,CONTINUITY_UNKNOWN,KNOWN_EVENT,,PIT_SAFE,UNAVAILABLE,UNAVAILABLE,KNOWN_CONTINUITY_EVENT|KNOWN_VERIFIED_EVENT_REQUIRES_EVENT_AWARE_HANDLING
TPE:4958,4958,TPE,ACTIVE_OR_CANONICAL_QUERY_ACCEPTED,486,2024-08-13,2026-08-13,True,False,CONTINUITY_UNKNOWN,KNOWN_EVENT,,PIT_SAFE,UNAVAILABLE,UNAVAILABLE,KNOWN_CONTINUITY_EVENT|KNOWN_VERIFIED_EVENT_REQUIRES_EVENT_AWARE_HANDLING
TPE:4960,4960,TPE,ACTIVE_OR_CANONICAL_QUERY_ACCEPTED,486,2024-08-13,2026-08-13,True,True,CONTINUITY_UNKNOWN,LOOKUP_UNAVAILABLE,,PIT_SAFE,INELIGIBLE,INELIGIBLE,BELOW_MA60|TECHNICAL_V0_INELIGIBLE
TPE:4967,4967,TPE,ACTIVE_OR_CANONICAL_QUERY_ACCEPTED,486,2024-08-13,2026-08-13,True,True,CONTINUITY_UNKNOWN,LOOKUP_UNAVAILABLE,,PIT_SAFE,VALID,ELIGIBLE,EVENT_LOOKUP_UNAVAILABLE
TPE:4968,4968,TPE,ACTIVE_OR_CANONICAL_QUERY_ACCEPTED,486,2024-08-13,2026-08-13,True,True,CONTINUITY_UNKNOWN,LOOKUP_UNAVAILABLE,,PIT_SAFE,INELIGIBLE,INELIGIBLE,BELOW_MA60|TECHNICAL_V0_INELIGIBLE
TPE:4976,4976,TPE,ACTIVE_OR_CANONICAL_QUERY_ACCEPTED,486,2024-08-13,2026-08-13,True,True,CONTINUITY_UNKNOWN,LOOKUP_UNAVAILABLE,,PIT_SAFE,VALID,ELIGIBLE,EVENT_LOOKUP_UNAVAILABLE
TPE:4977,4977,TPE,ACTIVE_OR_CANONICAL_QUERY_ACCEPTED,485,2024-08-13,2026-08-13,True,False,CONTINUITY_UNKNOWN,KNOWN_EVENT,,PIT_SAFE,UNAVAILABLE,UNAVAILABLE,KNOWN_CONTINUITY_EVENT|KNOWN_VERIFIED_EVENT_REQUIRES_EVENT_AWARE_HANDLING
TPE:5222,5222,TPE,ACTIVE_OR_CANONICAL_QUERY_ACCEPTED,486,2024-08-13,2026-08-13,True,True,CONTINUITY_UNKNOWN,KNOWN_EVENT,,PIT_SAFE,VALID,ELIGIBLE,KNOWN_EVENT_HANDLED
TPE:5243,5243,TPE,ACTIVE_OR_CANONICAL_QUERY_ACCEPTED,486,2024-08-13,2026-08-13,True,True,CONTINUITY_UNKNOWN,LOOKUP_UNAVAILABLE,,PIT_SAFE,INELIGIBLE,INELIGIBLE,BELOW_MA60|TECHNICAL_V0_INELIGIBLE
TPE:5269,5269,TPE,ACTIVE_OR_CANONICAL_QUERY_ACCEPTED,486,2024-08-13,2026-08-13,True,False,CONTINUITY_UNKNOWN,KNOWN_EVENT,,PIT_SAFE,UNAVAILABLE,UNAVAILABLE,KNOWN_CONTINUITY_EVENT|KNOWN_VERIFIED_EVENT_REQUIRES_EVENT_AWARE_HANDLING
TPE:5285,5285,TPE,ACTIVE_OR_CANONICAL_QUERY_ACCEPTED,486,2024-08-13,2026-08-13,True,False,CONTINUITY_UNKNOWN,KNOWN_EVENT,,PIT_SAFE,UNAVAILABLE,UNAVAILABLE,KNOWN_CONTINUITY_EVENT|KNOWN_VERIFIED_EVENT_REQUIRES_EVENT_AWARE_HANDLING
TPE:5288,5288,TPE,ACTIVE_OR_CANONICAL_QUERY_ACCEPTED,486,2024-08-13,2026-08-13,True,False,CONTINUITY_UNKNOWN,KNOWN_EVENT,,PIT_SAFE,UNAVAILABLE,UNAVAILABLE,KNOWN_CONTINUITY_EVENT|KNOWN_VERIFIED_EVENT_REQUIRES_EVENT_AWARE_HANDLING
TPE:5388,5388,TPE,ACTIVE_OR_CANONICAL_QUERY_ACCEPTED,486,2024-08-13,2026-08-13,True,True,CONTINUITY_UNKNOWN,KNOWN_EVENT,,PIT_SAFE,INELIGIBLE,INELIGIBLE,BELOW_MA60|TECHNICAL_V0_INELIGIBLE
TPE:5434,5434,TPE,ACTIVE_OR_CANONICAL_QUERY_ACCEPTED,486,2024-08-13,2026-08-13,True,False,CONTINUITY_UNKNOWN,KNOWN_EVENT,,PIT_SAFE,UNAVAILABLE,UNAVAILABLE,KNOWN_CONTINUITY_EVENT|KNOWN_VERIFIED_EVENT_REQUIRES_EVENT_AWARE_HANDLING
TPE:5471,5471,TPE,ACTIVE_OR_CANONICAL_QUERY_ACCEPTED,486,2024-08-13,2026-08-13,True,False,CONTINUITY_UNKNOWN,KNOWN_EVENT,,PIT_SAFE,UNAVAILABLE,UNAVAILABLE,KNOWN_CONTINUITY_EVENT|KNOWN_VERIFIED_EVENT_REQUIRES_EVENT_AWARE_HANDLING
TPE:5515,5515,TPE,ACTIVE_OR_CANONICAL_QUERY_ACCEPTED,480,2024-08-13,2026-08-13,True,True,CONTINUITY_UNKNOWN,LOOKUP_UNAVAILABLE,,PIT_SAFE,VALID,ELIGIBLE,EVENT_LOOKUP_UNAVAILABLE
TPE:5519,5519,TPE,ACTIVE_OR_CANONICAL_QUERY_ACCEPTED,486,2024-08-13,2026-08-13,True,True,CONTINUITY_UNKNOWN,LOOKUP_UNAVAILABLE,,PIT_SAFE,INELIGIBLE,INELIGIBLE,BELOW_MA60|TECHNICAL_V0_INELIGIBLE
TPE:5534,5534,TPE,ACTIVE_OR_CANONICAL_QUERY_ACCEPTED,486,2024-08-13,2026-08-13,True,True,CONTINUITY_UNKNOWN,LOOKUP_UNAVAILABLE,,PIT_SAFE,INELIGIBLE,INELIGIBLE,BELOW_MA60|TECHNICAL_V0_INELIGIBLE
TPE:5607,5607,TPE,ACTIVE_OR_CANONICAL_QUERY_ACCEPTED,486,2024-08-13,2026-08-13,True,True,CONTINUITY_UNKNOWN,LOOKUP_UNAVAILABLE,,PIT_SAFE,VALID,ELIGIBLE,EVENT_LOOKUP_UNAVAILABLE
TPE:5608,5608,TPE,ACTIVE_OR_CANONICAL_QUERY_ACCEPTED,486,2024-08-13,2026-08-13,True,True,CONTINUITY_UNKNOWN,LOOKUP_UNAVAILABLE,,PIT_SAFE,INELIGIBLE,INELIGIBLE,BELOW_MA60|TECHNICAL_V0_INELIGIBLE
TPE:6108,6108,TPE,ACTIVE_OR_CANONICAL_QUERY_ACCEPTED,485,2024-08-13,2026-08-13,True,True,CONTINUITY_UNKNOWN,LOOKUP_UNAVAILABLE,,PIT_SAFE,VALID,ELIGIBLE,EVENT_LOOKUP_UNAVAILABLE
TPE:6112,6112,TPE,ACTIVE_OR_CANONICAL_QUERY_ACCEPTED,486,2024-08-13,2026-08-13,True,False,CONTINUITY_UNKNOWN,KNOWN_EVENT,,PIT_SAFE,UNAVAILABLE,UNAVAILABLE,KNOWN_CONTINUITY_EVENT|KNOWN_VERIFIED_EVENT_REQUIRES_EVENT_AWARE_HANDLING
TPE:6116,6116,TPE,ACTIVE_OR_CANONICAL_QUERY_ACCEPTED,486,2024-08-13,2026-08-13,True,True,CONTINUITY_UNKNOWN,LOOKUP_UNAVAILABLE,,PIT_SAFE,INELIGIBLE,INELIGIBLE,BELOW_MA60|TECHNICAL_V0_INELIGIBLE
TPE:6141,6141,TPE,ACTIVE_OR_CANONICAL_QUERY_ACCEPTED,486,2024-08-13,2026-08-13,True,True,CONTINUITY_UNKNOWN,LOOKUP_UNAVAILABLE,,PIT_SAFE,INELIGIBLE,INELIGIBLE,BELOW_MA60|TECHNICAL_V0_INELIGIBLE
TPE:6142,6142,TPE,ACTIVE_OR_CANONICAL_QUERY_ACCEPTED,486,2024-08-13,2026-08-13,True,True,CONTINUITY_UNKNOWN,LOOKUP_UNAVAILABLE,,PIT_SAFE,VALID,ELIGIBLE,EVENT_LOOKUP_UNAVAILABLE
TPE:6153,6153,TPE,ACTIVE_OR_CANONICAL_QUERY_ACCEPTED,486,2024-08-13,2026-08-13,True,True,CONTINUITY_UNKNOWN,LOOKUP_UNAVAILABLE,,PIT_SAFE,INELIGIBLE,INELIGIBLE,BELOW_MA60|TECHNICAL_V0_INELIGIBLE
TPE:6155,6155,TPE,ACTIVE_OR_CANONICAL_QUERY_ACCEPTED,486,2024-08-13,2026-08-13,True,False,CONTINUITY_UNKNOWN,KNOWN_EVENT,,PIT_SAFE,UNAVAILABLE,UNAVAILABLE,KNOWN_CONTINUITY_EVENT|KNOWN_VERIFIED_EVENT_REQUIRES_EVENT_AWARE_HANDLING
TPE:6166,6166,TPE,ACTIVE_OR_CANONICAL_QUERY_ACCEPTED,486,2024-08-13,2026-08-13,True,False,CONTINUITY_UNKNOWN,KNOWN_EVENT,,PIT_SAFE,UNAVAILABLE,UNAVAILABLE,KNOWN_CONTINUITY_EVENT|KNOWN_VERIFIED_EVENT_REQUIRES_EVENT_AWARE_HANDLING
TPE:6168,6168,TPE,ACTIVE_OR_CANONICAL_QUERY_ACCEPTED,486,2024-08-13,2026-08-13,True,True,CONTINUITY_UNKNOWN,LOOKUP_UNAVAILABLE,,PIT_SAFE,INELIGIBLE,INELIGIBLE,BELOW_MA60|TECHNICAL_V0_INELIGIBLE
TPE:6177,6177,TPE,ACTIVE_OR_CANONICAL_QUERY_ACCEPTED,486,2024-08-13,2026-08-13,True,True,CONTINUITY_UNKNOWN,LOOKUP_UNAVAILABLE,,PIT_SAFE,VALID,ELIGIBLE,EVENT_LOOKUP_UNAVAILABLE
TPE:6191,6191,TPE,ACTIVE_OR_CANONICAL_QUERY_ACCEPTED,485,2024-08-13,2026-08-13,True,False,CONTINUITY_UNKNOWN,KNOWN_EVENT,,PIT_SAFE,UNAVAILABLE,UNAVAILABLE,KNOWN_CONTINUITY_EVENT|KNOWN_VERIFIED_EVENT_REQUIRES_EVENT_AWARE_HANDLING
TPE:6196,6196,TPE,ACTIVE_OR_CANONICAL_QUERY_ACCEPTED,486,2024-08-13,2026-08-13,True,False,CONTINUITY_UNKNOWN,KNOWN_EVENT,,PIT_SAFE,UNAVAILABLE,UNAVAILABLE,KNOWN_CONTINUITY_EVENT|KNOWN_VERIFIED_EVENT_REQUIRES_EVENT_AWARE_HANDLING
TPE:6197,6197,TPE,ACTIVE_OR_CANONICAL_QUERY_ACCEPTED,486,2024-08-13,2026-08-13,True,False,CONTINUITY_UNKNOWN,KNOWN_EVENT,,PIT_SAFE,UNAVAILABLE,UNAVAILABLE,KNOWN_CONTINUITY_EVENT|KNOWN_VERIFIED_EVENT_REQUIRES_EVENT_AWARE_HANDLING
TPE:6202,6202,TPE,ACTIVE_OR_CANONICAL_QUERY_ACCEPTED,486,2024-08-13,2026-08-13,True,False,CONTINUITY_UNKNOWN,KNOWN_EVENT,,PIT_SAFE,UNAVAILABLE,UNAVAILABLE,KNOWN_CONTINUITY_EVENT|KNOWN_VERIFIED_EVENT_REQUIRES_EVENT_AWARE_HANDLING
TPE:6205,6205,TPE,ACTIVE_OR_CANONICAL_QUERY_ACCEPTED,486,2024-08-13,2026-08-13,True,False,CONTINUITY_UNKNOWN,KNOWN_EVENT,,PIT_SAFE,UNAVAILABLE,UNAVAILABLE,KNOWN_CONTINUITY_EVENT|KNOWN_VERIFIED_EVENT_REQUIRES_EVENT_AWARE_HANDLING
TPE:6209,6209,TPE,ACTIVE_OR_CANONICAL_QUERY_ACCEPTED,486,2024-08-13,2026-08-13,True,False,CONTINUITY_UNKNOWN,KNOWN_EVENT,,PIT_SAFE,UNAVAILABLE,UNAVAILABLE,KNOWN_CONTINUITY_EVENT|KNOWN_VERIFIED_EVENT_REQUIRES_EVENT_AWARE_HANDLING
TPE:6213,6213,TPE,ACTIVE_OR_CANONICAL_QUERY_ACCEPTED,486,2024-08-13,2026-08-13,True,False,CONTINUITY_UNKNOWN,KNOWN_EVENT,,PIT_SAFE,UNAVAILABLE,UNAVAILABLE,KNOWN_CONTINUITY_EVENT|KNOWN_VERIFIED_EVENT_REQUIRES_EVENT_AWARE_HANDLING
TPE:6214,6214,TPE,ACTIVE_OR_CANONICAL_QUERY_ACCEPTED,486,2024-08-13,2026-08-13,True,False,CONTINUITY_UNKNOWN,KNOWN_EVENT,,PIT_SAFE,UNAVAILABLE,UNAVAILABLE,KNOWN_CONTINUITY_EVENT|KNOWN_VERIFIED_EVENT_REQUIRES_EVENT_AWARE_HANDLING
TPE:6215,6215,TPE,ACTIVE_OR_CANONICAL_QUERY_ACCEPTED,486,2024-08-13,2026-08-13,True,False,CONTINUITY_UNKNOWN,KNOWN_EVENT,,PIT_SAFE,UNAVAILABLE,UNAVAILABLE,KNOWN_CONTINUITY_EVENT|KNOWN_VERIFIED_EVENT_REQUIRES_EVENT_AWARE_HANDLING
TPE:6226,6226,TPE,ACTIVE_OR_CANONICAL_QUERY_ACCEPTED,486,2024-08-13,2026-08-13,True,True,CONTINUITY_UNKNOWN,LOOKUP_UNAVAILABLE,,PIT_SAFE,VALID,ELIGIBLE,EVENT_LOOKUP_UNAVAILABLE
TPE:6239,6239,TPE,ACTIVE_OR_CANONICAL_QUERY_ACCEPTED,486,2024-08-13,2026-08-13,True,False,CONTINUITY_UNKNOWN,KNOWN_EVENT,,PIT_SAFE,UNAVAILABLE,UNAVAILABLE,KNOWN_CONTINUITY_EVENT|KNOWN_VERIFIED_EVENT_REQUIRES_EVENT_AWARE_HANDLING
TPE:6243,6243,TPE,ACTIVE_OR_CANONICAL_QUERY_ACCEPTED,486,2024-08-13,2026-08-13,True,True,CONTINUITY_UNKNOWN,LOOKUP_UNAVAILABLE,,PIT_SAFE,VALID,ELIGIBLE,EVENT_LOOKUP_UNAVAILABLE
TPE:6257,6257,TPE,ACTIVE_OR_CANONICAL_QUERY_ACCEPTED,486,2024-08-13,2026-08-13,True,False,CONTINUITY_UNKNOWN,KNOWN_EVENT,,PIT_SAFE,UNAVAILABLE,UNAVAILABLE,KNOWN_CONTINUITY_EVENT|KNOWN_VERIFIED_EVENT_REQUIRES_EVENT_AWARE_HANDLING
TPE:6269,6269,TPE,ACTIVE_OR_CANONICAL_QUERY_ACCEPTED,486,2024-08-13,2026-08-13,True,True,CONTINUITY_UNKNOWN,LOOKUP_UNAVAILABLE,,PIT_SAFE,VALID,ELIGIBLE,EVENT_LOOKUP_UNAVAILABLE
TPE:6271,6271,TPE,ACTIVE_OR_CANONICAL_QUERY_ACCEPTED,486,2024-08-13,2026-08-13,True,False,CONTINUITY_UNKNOWN,KNOWN_EVENT,,PIT_SAFE,UNAVAILABLE,UNAVAILABLE,KNOWN_CONTINUITY_EVENT|KNOWN_VERIFIED_EVENT_REQUIRES_EVENT_AWARE_HANDLING
TPE:6278,6278,TPE,ACTIVE_OR_CANONICAL_QUERY_ACCEPTED,486,2024-08-13,2026-08-13,True,True,CONTINUITY_UNKNOWN,LOOKUP_UNAVAILABLE,,PIT_SAFE,INELIGIBLE,INELIGIBLE,BELOW_MA60|TECHNICAL_V0_INELIGIBLE
TPE:6282,6282,TPE,ACTIVE_OR_CANONICAL_QUERY_ACCEPTED,486,2024-08-13,2026-08-13,True,True,CONTINUITY_UNKNOWN,LOOKUP_UNAVAILABLE,,PIT_SAFE,INELIGIBLE,INELIGIBLE,BELOW_MA60|TECHNICAL_V0_INELIGIBLE
TPE:6285,6285,TPE,ACTIVE_OR_CANONICAL_QUERY_ACCEPTED,486,2024-08-13,2026-08-13,True,False,CONTINUITY_UNKNOWN,KNOWN_EVENT,,PIT_SAFE,UNAVAILABLE,UNAVAILABLE,KNOWN_CONTINUITY_EVENT|KNOWN_VERIFIED_EVENT_REQUIRES_EVENT_AWARE_HANDLING
TPE:6405,6405,TPE,ACTIVE_OR_CANONICAL_QUERY_ACCEPTED,486,2024-08-13,2026-08-13,True,True,CONTINUITY_UNKNOWN,LOOKUP_UNAVAILABLE,,PIT_SAFE,INELIGIBLE,INELIGIBLE,BELOW_MA60|TECHNICAL_V0_INELIGIBLE
TPE:6409,6409,TPE,ACTIVE_OR_CANONICAL_QUERY_ACCEPTED,486,2024-08-13,2026-08-13,True,False,CONTINUITY_UNKNOWN,KNOWN_EVENT,,PIT_SAFE,UNAVAILABLE,UNAVAILABLE,KNOWN_CONTINUITY_EVENT|KNOWN_VERIFIED_EVENT_REQUIRES_EVENT_AWARE_HANDLING
TPE:6414,6414,TPE,ACTIVE_OR_CANONICAL_QUERY_ACCEPTED,486,2024-08-13,2026-08-13,True,False,CONTINUITY_UNKNOWN,KNOWN_EVENT,,PIT_SAFE,UNAVAILABLE,UNAVAILABLE,KNOWN_CONTINUITY_EVENT|KNOWN_VERIFIED_EVENT_REQUIRES_EVENT_AWARE_HANDLING
TPE:6415,6415,TPE,ACTIVE_OR_CANONICAL_QUERY_ACCEPTED,486,2024-08-13,2026-08-13,True,True,CONTINUITY_UNKNOWN,KNOWN_EVENT,,PIT_SAFE,INELIGIBLE,INELIGIBLE,BELOW_MA60|TECHNICAL_V0_INELIGIBLE
TPE:6416,6416,TPE,ACTIVE_OR_CANONICAL_QUERY_ACCEPTED,486,2024-08-13,2026-08-13,True,False,CONTINUITY_UNKNOWN,KNOWN_EVENT,,PIT_SAFE,UNAVAILABLE,UNAVAILABLE,KNOWN_CONTINUITY_EVENT|KNOWN_VERIFIED_EVENT_REQUIRES_EVENT_AWARE_HANDLING
TPE:6426,6426,TPE,ACTIVE_OR_CANONICAL_QUERY_ACCEPTED,486,2024-08-13,2026-08-13,True,True,CONTINUITY_UNKNOWN,LOOKUP_UNAVAILABLE,,PIT_SAFE,VALID,ELIGIBLE,EVENT_LOOKUP_UNAVAILABLE
TPE:6442,6442,TPE,ACTIVE_OR_CANONICAL_QUERY_ACCEPTED,486,2024-08-13,2026-08-13,True,False,CONTINUITY_UNKNOWN,KNOWN_EVENT,,PIT_SAFE,UNAVAILABLE,UNAVAILABLE,KNOWN_CONTINUITY_EVENT|KNOWN_VERIFIED_EVENT_REQUIRES_EVENT_AWARE_HANDLING
TPE:6443,6443,TPE,ACTIVE_OR_CANONICAL_QUERY_ACCEPTED,486,2024-08-13,2026-08-13,True,True,CONTINUITY_UNKNOWN,LOOKUP_UNAVAILABLE,,PIT_SAFE,INELIGIBLE,INELIGIBLE,BELOW_MA60|TECHNICAL_V0_INELIGIBLE
TPE:6449,6449,TPE,ACTIVE_OR_CANONICAL_QUERY_ACCEPTED,486,2024-08-13,2026-08-13,True,False,CONTINUITY_UNKNOWN,KNOWN_EVENT,,PIT_SAFE,UNAVAILABLE,UNAVAILABLE,KNOWN_CONTINUITY_EVENT|KNOWN_VERIFIED_EVENT_REQUIRES_EVENT_AWARE_HANDLING
TPE:6451,6451,TPE,ACTIVE_OR_CANONICAL_QUERY_ACCEPTED,486,2024-08-13,2026-08-13,True,False,CONTINUITY_UNKNOWN,KNOWN_EVENT,,PIT_SAFE,UNAVAILABLE,UNAVAILABLE,KNOWN_CONTINUITY_EVENT|KNOWN_VERIFIED_EVENT_REQUIRES_EVENT_AWARE_HANDLING
TPE:6477,6477,TPE,ACTIVE_OR_CANONICAL_QUERY_ACCEPTED,486,2024-08-13,2026-08-13,True,False,CONTINUITY_UNKNOWN,KNOWN_EVENT,,PIT_SAFE,UNAVAILABLE,UNAVAILABLE,KNOWN_CONTINUITY_EVENT|KNOWN_VERIFIED_EVENT_REQUIRES_EVENT_AWARE_HANDLING
TPE:6505,6505,TPE,ACTIVE_OR_CANONICAL_QUERY_ACCEPTED,486,2024-08-13,2026-08-13,True,False,CONTINUITY_UNKNOWN,KNOWN_EVENT,,PIT_SAFE,UNAVAILABLE,UNAVAILABLE,KNOWN_CONTINUITY_EVENT|KNOWN_VERIFIED_EVENT_REQUIRES_EVENT_AWARE_HANDLING
TPE:6515,6515,TPE,ACTIVE_OR_CANONICAL_QUERY_ACCEPTED,486,2024-08-13,2026-08-13,True,False,CONTINUITY_UNKNOWN,KNOWN_EVENT,,PIT_SAFE,UNAVAILABLE,UNAVAILABLE,KNOWN_CONTINUITY_EVENT|KNOWN_VERIFIED_EVENT_REQUIRES_EVENT_AWARE_HANDLING
TPE:6525,6525,TPE,ACTIVE_OR_CANONICAL_QUERY_ACCEPTED,486,2024-08-13,2026-08-13,True,False,CONTINUITY_UNKNOWN,KNOWN_EVENT,,PIT_SAFE,UNAVAILABLE,UNAVAILABLE,KNOWN_CONTINUITY_EVENT|KNOWN_VERIFIED_EVENT_REQUIRES_EVENT_AWARE_HANDLING
TPE:6526,6526,TPE,ACTIVE_OR_CANONICAL_QUERY_ACCEPTED,486,2024-08-13,2026-08-13,True,False,CONTINUITY_UNKNOWN,KNOWN_EVENT,,PIT_SAFE,UNAVAILABLE,UNAVAILABLE,KNOWN_CONTINUITY_EVENT|KNOWN_VERIFIED_EVENT_REQUIRES_EVENT_AWARE_HANDLING
TPE:6531,6531,TPE,ACTIVE_OR_CANONICAL_QUERY_ACCEPTED,486,2024-08-13,2026-08-13,True,False,CONTINUITY_UNKNOWN,KNOWN_EVENT,,PIT_SAFE,UNAVAILABLE,UNAVAILABLE,KNOWN_CONTINUITY_EVENT|KNOWN_VERIFIED_EVENT_REQUIRES_EVENT_AWARE_HANDLING
TPE:6573,6573,TPE,ACTIVE_OR_CANONICAL_QUERY_ACCEPTED,485,2024-08-13,2026-08-13,True,True,CONTINUITY_UNKNOWN,LOOKUP_UNAVAILABLE,,PIT_SAFE,INELIGIBLE,INELIGIBLE,BELOW_MA60|TECHNICAL_V0_INELIGIBLE
TPE:6585,6585,TPE,ACTIVE_OR_CANONICAL_QUERY_ACCEPTED,486,2024-08-13,2026-08-13,True,False,CONTINUITY_UNKNOWN,KNOWN_EVENT,,PIT_SAFE,UNAVAILABLE,UNAVAILABLE,KNOWN_CONTINUITY_EVENT|KNOWN_VERIFIED_EVENT_REQUIRES_EVENT_AWARE_HANDLING
TPE:6591,6591,TPE,ACTIVE_OR_CANONICAL_QUERY_ACCEPTED,486,2024-08-13,2026-08-13,True,False,CONTINUITY_UNKNOWN,KNOWN_EVENT,,PIT_SAFE,UNAVAILABLE,UNAVAILABLE,KNOWN_CONTINUITY_EVENT|KNOWN_VERIFIED_EVENT_REQUIRES_EVENT_AWARE_HANDLING
TPE:6605,6605,TPE,ACTIVE_OR_CANONICAL_QUERY_ACCEPTED,486,2024-08-13,2026-08-13,True,False,CONTINUITY_UNKNOWN,KNOWN_EVENT,,PIT_SAFE,UNAVAILABLE,UNAVAILABLE,KNOWN_CONTINUITY_EVENT|KNOWN_VERIFIED_EVENT_REQUIRES_EVENT_AWARE_HANDLING
TPE:6668,6668,TPE,ACTIVE_OR_CANONICAL_QUERY_ACCEPTED,486,2024-08-13,2026-08-13,True,True,CONTINUITY_UNKNOWN,LOOKUP_UNAVAILABLE,,PIT_SAFE,INELIGIBLE,INELIGIBLE,BELOW_MA60|TECHNICAL_V0_INELIGIBLE
TPE:6669,6669,TPE,ACTIVE_OR_CANONICAL_QUERY_ACCEPTED,486,2024-08-13,2026-08-13,True,False,CONTINUITY_UNKNOWN,KNOWN_EVENT,,PIT_SAFE,UNAVAILABLE,UNAVAILABLE,KNOWN_CONTINUITY_EVENT|KNOWN_VERIFIED_EVENT_REQUIRES_EVENT_AWARE_HANDLING
TPE:6672,6672,TPE,ACTIVE_OR_CANONICAL_QUERY_ACCEPTED,486,2024-08-13,2026-08-13,True,True,CONTINUITY_UNKNOWN,KNOWN_EVENT,,PIT_SAFE,VALID,ELIGIBLE,KNOWN_EVENT_HANDLED
TPE:6691,6691,TPE,ACTIVE_OR_CANONICAL_QUERY_ACCEPTED,486,2024-08-13,2026-08-13,True,True,CONTINUITY_UNKNOWN,LOOKUP_UNAVAILABLE,,PIT_SAFE,VALID,ELIGIBLE,EVENT_LOOKUP_UNAVAILABLE
TPE:6695,6695,TPE,ACTIVE_OR_CANONICAL_QUERY_ACCEPTED,486,2024-08-13,2026-08-13,True,True,CONTINUITY_UNKNOWN,LOOKUP_UNAVAILABLE,,PIT_SAFE,INELIGIBLE,INELIGIBLE,BELOW_MA60|TECHNICAL_V0_INELIGIBLE
TPE:6715,6715,TPE,ACTIVE_OR_CANONICAL_QUERY_ACCEPTED,486,2024-08-13,2026-08-13,True,False,CONTINUITY_UNKNOWN,KNOWN_EVENT,,PIT_SAFE,UNAVAILABLE,UNAVAILABLE,KNOWN_CONTINUITY_EVENT|KNOWN_VERIFIED_EVENT_REQUIRES_EVENT_AWARE_HANDLING
TPE:6719,6719,TPE,ACTIVE_OR_CANONICAL_QUERY_ACCEPTED,486,2024-08-13,2026-08-13,True,False,CONTINUITY_UNKNOWN,KNOWN_EVENT,,PIT_SAFE,UNAVAILABLE,UNAVAILABLE,KNOWN_CONTINUITY_EVENT|KNOWN_VERIFIED_EVENT_REQUIRES_EVENT_AWARE_HANDLING
TPE:6742,6742,TPE,ACTIVE_OR_CANONICAL_QUERY_ACCEPTED,486,2024-08-13,2026-08-13,True,True,CONTINUITY_UNKNOWN,LOOKUP_UNAVAILABLE,,PIT_SAFE,INELIGIBLE,INELIGIBLE,BELOW_MA60|TECHNICAL_V0_INELIGIBLE
TPE:6753,6753,TPE,ACTIVE_OR_CANONICAL_QUERY_ACCEPTED,486,2024-08-13,2026-08-13,True,True,CONTINUITY_UNKNOWN,LOOKUP_UNAVAILABLE,,PIT_SAFE,VALID,ELIGIBLE,EVENT_LOOKUP_UNAVAILABLE
TPE:6756,6756,TPE,ACTIVE_OR_CANONICAL_QUERY_ACCEPTED,486,2024-08-13,2026-08-13,True,True,CONTINUITY_UNKNOWN,KNOWN_EVENT,,PIT_SAFE,VALID,ELIGIBLE,KNOWN_EVENT_HANDLED
TPE:6770,6770,TPE,ACTIVE_OR_CANONICAL_QUERY_ACCEPTED,486,2024-08-13,2026-08-13,True,True,CONTINUITY_UNKNOWN,LOOKUP_UNAVAILABLE,,PIT_SAFE,VALID,ELIGIBLE,EVENT_LOOKUP_UNAVAILABLE
TPE:6781,6781,TPE,ACTIVE_OR_CANONICAL_QUERY_ACCEPTED,486,2024-08-13,2026-08-13,True,False,CONTINUITY_UNKNOWN,KNOWN_EVENT,,PIT_SAFE,UNAVAILABLE,UNAVAILABLE,KNOWN_CONTINUITY_EVENT|KNOWN_VERIFIED_EVENT_REQUIRES_EVENT_AWARE_HANDLING
TPE:6789,6789,TPE,ACTIVE_OR_CANONICAL_QUERY_ACCEPTED,486,2024-08-13,2026-08-13,True,False,CONTINUITY_UNKNOWN,KNOWN_EVENT,,PIT_SAFE,UNAVAILABLE,UNAVAILABLE,KNOWN_CONTINUITY_EVENT|KNOWN_VERIFIED_EVENT_REQUIRES_EVENT_AWARE_HANDLING
TPE:6799,6799,TPE,ACTIVE_OR_CANONICAL_QUERY_ACCEPTED,486,2024-08-13,2026-08-13,True,True,CONTINUITY_UNKNOWN,LOOKUP_UNAVAILABLE,,PIT_SAFE,INELIGIBLE,INELIGIBLE,BELOW_MA60|TECHNICAL_V0_INELIGIBLE
TPE:6805,6805,TPE,ACTIVE_OR_CANONICAL_QUERY_ACCEPTED,486,2024-08-13,2026-08-13,True,True,CONTINUITY_UNKNOWN,LOOKUP_UNAVAILABLE,,PIT_SAFE,VALID,ELIGIBLE,EVENT_LOOKUP_UNAVAILABLE
TPE:6806,6806,TPE,ACTIVE_OR_CANONICAL_QUERY_ACCEPTED,446,2024-08-13,2026-06-22,True,True,CONTINUITY_UNKNOWN,NO_KNOWN_EVENT_EVIDENCE,,PIT_SAFE,INELIGIBLE,INELIGIBLE,BELOW_MA60|TECHNICAL_V0_INELIGIBLE
TPE:6830,6830,TPE,ACTIVE_OR_CANONICAL_QUERY_ACCEPTED,486,2024-08-13,2026-08-13,True,True,CONTINUITY_UNKNOWN,KNOWN_EVENT,,PIT_SAFE,INELIGIBLE,INELIGIBLE,BELOW_MA60|TECHNICAL_V0_INELIGIBLE
TPE:6831,6831,TPE,ACTIVE_OR_CANONICAL_QUERY_ACCEPTED,173,2025-11-25,2026-08-13,True,True,CONTINUITY_UNKNOWN,KNOWN_EVENT,,PIT_SAFE,INELIGIBLE,INELIGIBLE,BELOW_MA60|TECHNICAL_V0_INELIGIBLE
TPE:6834,6834,TPE,ACTIVE_OR_CANONICAL_QUERY_ACCEPTED,486,2024-08-13,2026-08-13,True,False,CONTINUITY_UNKNOWN,KNOWN_EVENT,,PIT_SAFE,UNAVAILABLE,UNAVAILABLE,KNOWN_CONTINUITY_EVENT|KNOWN_VERIFIED_EVENT_REQUIRES_EVENT_AWARE_HANDLING
TPE:6861,6861,TPE,ACTIVE_OR_CANONICAL_QUERY_ACCEPTED,486,2024-08-13,2026-08-13,True,False,CONTINUITY_UNKNOWN,KNOWN_EVENT,,PIT_SAFE,UNAVAILABLE,UNAVAILABLE,KNOWN_CONTINUITY_EVENT|KNOWN_VERIFIED_EVENT_REQUIRES_EVENT_AWARE_HANDLING
TPE:6906,6906,TPE,ACTIVE_OR_CANONICAL_QUERY_ACCEPTED,486,2024-08-13,2026-08-13,True,False,CONTINUITY_UNKNOWN,KNOWN_EVENT,,PIT_SAFE,UNAVAILABLE,UNAVAILABLE,KNOWN_CONTINUITY_EVENT|KNOWN_VERIFIED_EVENT_REQUIRES_EVENT_AWARE_HANDLING
TPE:6909,6909,TPE,ACTIVE_OR_CANONICAL_QUERY_ACCEPTED,302,2025-05-21,2026-08-13,True,False,CONTINUITY_UNKNOWN,KNOWN_EVENT,,PIT_SAFE,UNAVAILABLE,UNAVAILABLE,KNOWN_CONTINUITY_EVENT|KNOWN_VERIFIED_EVENT_REQUIRES_EVENT_AWARE_HANDLING
TPE:6937,6937,TPE,ACTIVE_OR_CANONICAL_QUERY_ACCEPTED,486,2024-08-13,2026-08-13,True,False,CONTINUITY_UNKNOWN,KNOWN_EVENT,,PIT_SAFE,UNAVAILABLE,UNAVAILABLE,KNOWN_CONTINUITY_EVENT|KNOWN_VERIFIED_EVENT_REQUIRES_EVENT_AWARE_HANDLING
TPE:7610,7610,TPE,ACTIVE_OR_CANONICAL_QUERY_ACCEPTED,224,2025-09-09,2026-08-13,True,True,CONTINUITY_UNKNOWN,LOOKUP_UNAVAILABLE,,PIT_SAFE,INELIGIBLE,INELIGIBLE,BELOW_MA60|TECHNICAL_V0_INELIGIBLE
TPE:7750,7750,TPE,ACTIVE_OR_CANONICAL_QUERY_ACCEPTED,218,2025-09-17,2026-08-13,True,True,CONTINUITY_UNKNOWN,KNOWN_EVENT,,PIT_SAFE,VALID,ELIGIBLE,KNOWN_EVENT_HANDLED
TPE:7769,7769,TPE,ACTIVE_OR_CANONICAL_QUERY_ACCEPTED,171,2025-11-27,2026-08-13,True,False,CONTINUITY_UNKNOWN,KNOWN_EVENT,,PIT_SAFE,UNAVAILABLE,UNAVAILABLE,KNOWN_CONTINUITY_EVENT|KNOWN_VERIFIED_EVENT_REQUIRES_EVENT_AWARE_HANDLING
TPE:7786,7786,TPE,ACTIVE_OR_CANONICAL_QUERY_ACCEPTED,178,2025-11-18,2026-08-13,True,False,CONTINUITY_UNKNOWN,KNOWN_EVENT,,PIT_SAFE,UNAVAILABLE,UNAVAILABLE,KNOWN_CONTINUITY_EVENT|KNOWN_VERIFIED_EVENT_REQUIRES_EVENT_AWARE_HANDLING
TPE:7788,7788,TPE,ACTIVE_OR_CANONICAL_QUERY_ACCEPTED,200,2025-10-16,2026-08-13,True,False,CONTINUITY_UNKNOWN,KNOWN_EVENT,,PIT_SAFE,UNAVAILABLE,UNAVAILABLE,KNOWN_CONTINUITY_EVENT|KNOWN_VERIFIED_EVENT_REQUIRES_EVENT_AWARE_HANDLING
TPE:8016,8016,TPE,ACTIVE_OR_CANONICAL_QUERY_ACCEPTED,486,2024-08-13,2026-08-13,True,False,CONTINUITY_UNKNOWN,KNOWN_EVENT,,PIT_SAFE,UNAVAILABLE,UNAVAILABLE,KNOWN_CONTINUITY_EVENT|KNOWN_VERIFIED_EVENT_REQUIRES_EVENT_AWARE_HANDLING
TPE:8021,8021,TPE,ACTIVE_OR_CANONICAL_QUERY_ACCEPTED,486,2024-08-13,2026-08-13,True,False,CONTINUITY_UNKNOWN,KNOWN_EVENT,,PIT_SAFE,UNAVAILABLE,UNAVAILABLE,KNOWN_CONTINUITY_EVENT|KNOWN_VERIFIED_EVENT_REQUIRES_EVENT_AWARE_HANDLING
TPE:8028,8028,TPE,ACTIVE_OR_CANONICAL_QUERY_ACCEPTED,486,2024-08-13,2026-08-13,True,False,CONTINUITY_UNKNOWN,KNOWN_EVENT,,PIT_SAFE,UNAVAILABLE,UNAVAILABLE,KNOWN_CONTINUITY_EVENT|KNOWN_VERIFIED_EVENT_REQUIRES_EVENT_AWARE_HANDLING
TPE:8033,8033,TPE,ACTIVE_OR_CANONICAL_QUERY_ACCEPTED,486,2024-08-13,2026-08-13,True,True,CONTINUITY_UNKNOWN,LOOKUP_UNAVAILABLE,,PIT_SAFE,VALID,ELIGIBLE,EVENT_LOOKUP_UNAVAILABLE
TPE:8039,8039,TPE,ACTIVE_OR_CANONICAL_QUERY_ACCEPTED,486,2024-08-13,2026-08-13,True,False,CONTINUITY_UNKNOWN,KNOWN_EVENT,,PIT_SAFE,UNAVAILABLE,UNAVAILABLE,KNOWN_CONTINUITY_EVENT|KNOWN_VERIFIED_EVENT_REQUIRES_EVENT_AWARE_HANDLING
TPE:8046,8046,TPE,ACTIVE_OR_CANONICAL_QUERY_ACCEPTED,486,2024-08-13,2026-08-13,True,False,CONTINUITY_UNKNOWN,KNOWN_EVENT,,PIT_SAFE,UNAVAILABLE,UNAVAILABLE,KNOWN_CONTINUITY_EVENT|KNOWN_VERIFIED_EVENT_REQUIRES_EVENT_AWARE_HANDLING
TPE:8103,8103,TPE,ACTIVE_OR_CANONICAL_QUERY_ACCEPTED,479,2024-08-13,2026-08-13,True,True,CONTINUITY_UNKNOWN,LOOKUP_UNAVAILABLE,,PIT_SAFE,INELIGIBLE,INELIGIBLE,BELOW_MA60|TECHNICAL_V0_INELIGIBLE
TPE:8104,8104,TPE,ACTIVE_OR_CANONICAL_QUERY_ACCEPTED,486,2024-08-13,2026-08-13,True,True,CONTINUITY_UNKNOWN,LOOKUP_UNAVAILABLE,,PIT_SAFE,INELIGIBLE,INELIGIBLE,BELOW_MA60|TECHNICAL_V0_INELIGIBLE
TPE:8110,8110,TPE,ACTIVE_OR_CANONICAL_QUERY_ACCEPTED,486,2024-08-13,2026-08-13,True,True,CONTINUITY_UNKNOWN,LOOKUP_UNAVAILABLE,,PIT_SAFE,INELIGIBLE,INELIGIBLE,BELOW_MA60|TECHNICAL_V0_INELIGIBLE
TPE:8112,8112,TPE,ACTIVE_OR_CANONICAL_QUERY_ACCEPTED,486,2024-08-13,2026-08-13,True,True,CONTINUITY_UNKNOWN,LOOKUP_UNAVAILABLE,,PIT_SAFE,VALID,ELIGIBLE,EVENT_LOOKUP_UNAVAILABLE
TPE:8131,8131,TPE,ACTIVE_OR_CANONICAL_QUERY_ACCEPTED,486,2024-08-13,2026-08-13,True,True,CONTINUITY_UNKNOWN,LOOKUP_UNAVAILABLE,,PIT_SAFE,INELIGIBLE,INELIGIBLE,BELOW_MA60|TECHNICAL_V0_INELIGIBLE
TPE:8150,8150,TPE,ACTIVE_OR_CANONICAL_QUERY_ACCEPTED,486,2024-08-13,2026-08-13,True,False,CONTINUITY_UNKNOWN,KNOWN_EVENT,,PIT_SAFE,UNAVAILABLE,UNAVAILABLE,KNOWN_CONTINUITY_EVENT|KNOWN_VERIFIED_EVENT_REQUIRES_EVENT_AWARE_HANDLING
TPE:8210,8210,TPE,ACTIVE_OR_CANONICAL_QUERY_ACCEPTED,486,2024-08-13,2026-08-13,True,False,CONTINUITY_UNKNOWN,KNOWN_EVENT,,PIT_SAFE,UNAVAILABLE,UNAVAILABLE,KNOWN_CONTINUITY_EVENT|KNOWN_VERIFIED_EVENT_REQUIRES_EVENT_AWARE_HANDLING
TPE:8222,8222,TPE,ACTIVE_OR_CANONICAL_QUERY_ACCEPTED,486,2024-08-13,2026-08-13,True,False,CONTINUITY_UNKNOWN,KNOWN_EVENT,,PIT_SAFE,UNAVAILABLE,UNAVAILABLE,KNOWN_CONTINUITY_EVENT|KNOWN_VERIFIED_EVENT_REQUIRES_EVENT_AWARE_HANDLING
TPE:8261,8261,TPE,ACTIVE_OR_CANONICAL_QUERY_ACCEPTED,486,2024-08-13,2026-08-13,True,False,CONTINUITY_UNKNOWN,KNOWN_EVENT,,PIT_SAFE,UNAVAILABLE,UNAVAILABLE,KNOWN_CONTINUITY_EVENT|KNOWN_VERIFIED_EVENT_REQUIRES_EVENT_AWARE_HANDLING
TPE:8271,8271,TPE,ACTIVE_OR_CANONICAL_QUERY_ACCEPTED,486,2024-08-13,2026-08-13,True,False,CONTINUITY_UNKNOWN,KNOWN_EVENT,,PIT_SAFE,UNAVAILABLE,UNAVAILABLE,KNOWN_CONTINUITY_EVENT|KNOWN_VERIFIED_EVENT_REQUIRES_EVENT_AWARE_HANDLING
TPE:8374,8374,TPE,ACTIVE_OR_CANONICAL_QUERY_ACCEPTED,486,2024-08-13,2026-08-13,True,False,CONTINUITY_UNKNOWN,KNOWN_EVENT,,PIT_SAFE,UNAVAILABLE,UNAVAILABLE,KNOWN_CONTINUITY_EVENT|KNOWN_VERIFIED_EVENT_REQUIRES_EVENT_AWARE_HANDLING
TPE:8996,8996,TPE,ACTIVE_OR_CANONICAL_QUERY_ACCEPTED,486,2024-08-13,2026-08-13,True,True,CONTINUITY_UNKNOWN,KNOWN_EVENT,,PIT_SAFE,VALID,ELIGIBLE,KNOWN_EVENT_HANDLED
TPE:9904,9904,TPE,ACTIVE_OR_CANONICAL_QUERY_ACCEPTED,486,2024-08-13,2026-08-13,True,True,CONTINUITY_UNKNOWN,LOOKUP_UNAVAILABLE,,PIT_SAFE,INELIGIBLE,INELIGIBLE,BELOW_MA60|TECHNICAL_V0_INELIGIBLE
TPE:9921,9921,TPE,ACTIVE_OR_CANONICAL_QUERY_ACCEPTED,486,2024-08-13,2026-08-13,True,True,CONTINUITY_UNKNOWN,LOOKUP_UNAVAILABLE,,PIT_SAFE,VALID,ELIGIBLE,EVENT_LOOKUP_UNAVAILABLE
TPE:9945,9945,TPE,ACTIVE_OR_CANONICAL_QUERY_ACCEPTED,486,2024-08-13,2026-08-13,True,True,CONTINUITY_UNKNOWN,LOOKUP_UNAVAILABLE,,PIT_SAFE,VALID,ELIGIBLE,EVENT_LOOKUP_UNAVAILABLE
TPE:9958,9958,TPE,ACTIVE_OR_CANONICAL_QUERY_ACCEPTED,486,2024-08-13,2026-08-13,True,False,CONTINUITY_UNKNOWN,KNOWN_EVENT,,PIT_SAFE,UNAVAILABLE,UNAVAILABLE,KNOWN_CONTINUITY_EVENT|KNOWN_VERIFIED_EVENT_REQUIRES_EVENT_AWARE_HANDLING
TWO:1569,1569,TWO,ACTIVE_OR_CANONICAL_QUERY_ACCEPTED,486,2024-08-13,2026-08-13,True,True,CONTINUITY_UNKNOWN,LOOKUP_UNAVAILABLE,,PIT_SAFE,INELIGIBLE,INELIGIBLE,BELOW_MA60|TECHNICAL_V0_INELIGIBLE
TWO:1584,1584,TWO,ACTIVE_OR_CANONICAL_QUERY_ACCEPTED,486,2024-08-13,2026-08-13,True,False,CONTINUITY_UNKNOWN,KNOWN_EVENT,,PIT_SAFE,UNAVAILABLE,UNAVAILABLE,KNOWN_CONTINUITY_EVENT|KNOWN_VERIFIED_EVENT_REQUIRES_EVENT_AWARE_HANDLING
TWO:1586,1586,TWO,ACTIVE_OR_CANONICAL_QUERY_ACCEPTED,486,2024-08-13,2026-08-13,True,True,CONTINUITY_UNKNOWN,LOOKUP_UNAVAILABLE,,PIT_SAFE,INELIGIBLE,INELIGIBLE,BELOW_MA60|TECHNICAL_V0_INELIGIBLE
TWO:1785,1785,TWO,ACTIVE_OR_CANONICAL_QUERY_ACCEPTED,486,2024-08-13,2026-08-13,True,False,CONTINUITY_UNKNOWN,KNOWN_EVENT,,PIT_SAFE,UNAVAILABLE,UNAVAILABLE,KNOWN_CONTINUITY_EVENT|KNOWN_VERIFIED_EVENT_REQUIRES_EVENT_AWARE_HANDLING
TWO:1815,1815,TWO,ACTIVE_OR_CANONICAL_QUERY_ACCEPTED,486,2024-08-13,2026-08-13,True,True,CONTINUITY_UNKNOWN,LOOKUP_UNAVAILABLE,,PIT_SAFE,INELIGIBLE,INELIGIBLE,BELOW_MA60|TECHNICAL_V0_INELIGIBLE
TWO:2061,2061,TWO,ACTIVE_OR_CANONICAL_QUERY_ACCEPTED,486,2024-08-13,2026-08-13,True,True,CONTINUITY_UNKNOWN,LOOKUP_UNAVAILABLE,,PIT_SAFE,VALID,ELIGIBLE,EVENT_LOOKUP_UNAVAILABLE
TWO:2070,2070,TWO,ACTIVE_OR_CANONICAL_QUERY_ACCEPTED,486,2024-08-13,2026-08-13,True,True,CONTINUITY_UNKNOWN,LOOKUP_UNAVAILABLE,,PIT_SAFE,VALID,ELIGIBLE,EVENT_LOOKUP_UNAVAILABLE
TWO:2221,2221,TWO,ACTIVE_OR_CANONICAL_QUERY_ACCEPTED,482,2024-08-13,2026-08-13,True,False,CONTINUITY_UNKNOWN,KNOWN_EVENT,,PIT_SAFE,UNAVAILABLE,UNAVAILABLE,KNOWN_CONTINUITY_EVENT|KNOWN_VERIFIED_EVENT_REQUIRES_EVENT_AWARE_HANDLING
TWO:2641,2641,TWO,ACTIVE_OR_CANONICAL_QUERY_ACCEPTED,486,2024-08-13,2026-08-13,True,True,CONTINUITY_UNKNOWN,LOOKUP_UNAVAILABLE,,PIT_SAFE,INELIGIBLE,INELIGIBLE,BELOW_MA60|TECHNICAL_V0_INELIGIBLE
TWO:3071,3071,TWO,ACTIVE_OR_CANONICAL_QUERY_ACCEPTED,486,2024-08-13,2026-08-13,True,False,CONTINUITY_UNKNOWN,KNOWN_EVENT,,PIT_SAFE,UNAVAILABLE,UNAVAILABLE,KNOWN_CONTINUITY_EVENT|KNOWN_VERIFIED_EVENT_REQUIRES_EVENT_AWARE_HANDLING
TWO:3081,3081,TWO,ACTIVE_OR_CANONICAL_QUERY_ACCEPTED,486,2024-08-13,2026-08-13,True,False,CONTINUITY_UNKNOWN,KNOWN_EVENT,,PIT_SAFE,UNAVAILABLE,UNAVAILABLE,KNOWN_CONTINUITY_EVENT|KNOWN_VERIFIED_EVENT_REQUIRES_EVENT_AWARE_HANDLING
TWO:3088,3088,TWO,ACTIVE_OR_CANONICAL_QUERY_ACCEPTED,486,2024-08-13,2026-08-13,True,True,CONTINUITY_UNKNOWN,LOOKUP_UNAVAILABLE,,PIT_SAFE,INELIGIBLE,INELIGIBLE,BELOW_MA60|TECHNICAL_V0_INELIGIBLE
TWO:3105,3105,TWO,ACTIVE_OR_CANONICAL_QUERY_ACCEPTED,486,2024-08-13,2026-08-13,True,False,CONTINUITY_UNKNOWN,KNOWN_EVENT,,PIT_SAFE,UNAVAILABLE,UNAVAILABLE,KNOWN_CONTINUITY_EVENT|KNOWN_VERIFIED_EVENT_REQUIRES_EVENT_AWARE_HANDLING
TWO:3114,3114,TWO,ACTIVE_OR_CANONICAL_QUERY_ACCEPTED,486,2024-08-13,2026-08-13,True,True,CONTINUITY_UNKNOWN,LOOKUP_UNAVAILABLE,,PIT_SAFE,INELIGIBLE,INELIGIBLE,BELOW_MA60|TECHNICAL_V0_INELIGIBLE
TWO:3131,3131,TWO,ACTIVE_OR_CANONICAL_QUERY_ACCEPTED,486,2024-08-13,2026-08-13,True,False,CONTINUITY_UNKNOWN,KNOWN_EVENT,,PIT_SAFE,UNAVAILABLE,UNAVAILABLE,KNOWN_CONTINUITY_EVENT|KNOWN_VERIFIED_EVENT_REQUIRES_EVENT_AWARE_HANDLING
TWO:3147,3147,TWO,ACTIVE_OR_CANONICAL_QUERY_ACCEPTED,486,2024-08-13,2026-08-13,True,True,CONTINUITY_UNKNOWN,LOOKUP_UNAVAILABLE,,PIT_SAFE,INELIGIBLE,INELIGIBLE,BELOW_MA60|TECHNICAL_V0_INELIGIBLE
TWO:3152,3152,TWO,ACTIVE_OR_CANONICAL_QUERY_ACCEPTED,481,2024-08-13,2026-08-13,True,False,CONTINUITY_UNKNOWN,KNOWN_EVENT,,PIT_SAFE,UNAVAILABLE,UNAVAILABLE,KNOWN_CONTINUITY_EVENT|KNOWN_VERIFIED_EVENT_REQUIRES_EVENT_AWARE_HANDLING
TWO:3163,3163,TWO,ACTIVE_OR_CANONICAL_QUERY_ACCEPTED,486,2024-08-13,2026-08-13,True,False,CONTINUITY_UNKNOWN,KNOWN_EVENT,,PIT_SAFE,UNAVAILABLE,UNAVAILABLE,KNOWN_CONTINUITY_EVENT|KNOWN_VERIFIED_EVENT_REQUIRES_EVENT_AWARE_HANDLING
TWO:3191,3191,TWO,ACTIVE_OR_CANONICAL_QUERY_ACCEPTED,428,2024-08-13,2026-08-13,True,True,CONTINUITY_UNKNOWN,LOOKUP_UNAVAILABLE,,PIT_SAFE,INELIGIBLE,INELIGIBLE,BELOW_MA60|TECHNICAL_V0_INELIGIBLE
TWO:3211,3211,TWO,ACTIVE_OR_CANONICAL_QUERY_ACCEPTED,486,2024-08-13,2026-08-13,True,False,CONTINUITY_UNKNOWN,KNOWN_EVENT,,PIT_SAFE,UNAVAILABLE,UNAVAILABLE,KNOWN_CONTINUITY_EVENT|KNOWN_VERIFIED_EVENT_REQUIRES_EVENT_AWARE_HANDLING
TWO:3213,3213,TWO,ACTIVE_OR_CANONICAL_QUERY_ACCEPTED,486,2024-08-13,2026-08-13,True,False,CONTINUITY_UNKNOWN,KNOWN_EVENT,,PIT_SAFE,UNAVAILABLE,UNAVAILABLE,KNOWN_CONTINUITY_EVENT|KNOWN_VERIFIED_EVENT_REQUIRES_EVENT_AWARE_HANDLING
TWO:3221,3221,TWO,ACTIVE_OR_CANONICAL_QUERY_ACCEPTED,486,2024-08-13,2026-08-13,True,False,CONTINUITY_UNKNOWN,KNOWN_EVENT,,PIT_SAFE,UNAVAILABLE,UNAVAILABLE,KNOWN_CONTINUITY_EVENT|KNOWN_VERIFIED_EVENT_REQUIRES_EVENT_AWARE_HANDLING
TWO:3227,3227,TWO,ACTIVE_OR_CANONICAL_QUERY_ACCEPTED,486,2024-08-13,2026-08-13,True,True,CONTINUITY_UNKNOWN,LOOKUP_UNAVAILABLE,,PIT_SAFE,INELIGIBLE,INELIGIBLE,BELOW_MA60|TECHNICAL_V0_INELIGIBLE
TWO:3230,3230,TWO,ACTIVE_OR_CANONICAL_QUERY_ACCEPTED,486,2024-08-13,2026-08-13,True,True,CONTINUITY_UNKNOWN,LOOKUP_UNAVAILABLE,,PIT_SAFE,VALID,ELIGIBLE,EVENT_LOOKUP_UNAVAILABLE
TWO:3234,3234,TWO,ACTIVE_OR_CANONICAL_QUERY_ACCEPTED,486,2024-08-13,2026-08-13,True,True,CONTINUITY_UNKNOWN,LOOKUP_UNAVAILABLE,,PIT_SAFE,VALID,ELIGIBLE,EVENT_LOOKUP_UNAVAILABLE
TWO:3236,3236,TWO,ACTIVE_OR_CANONICAL_QUERY_ACCEPTED,486,2024-08-13,2026-08-13,True,True,CONTINUITY_UNKNOWN,LOOKUP_UNAVAILABLE,,PIT_SAFE,INELIGIBLE,INELIGIBLE,BELOW_MA60|TECHNICAL_V0_INELIGIBLE
TWO:3260,3260,TWO,ACTIVE_OR_CANONICAL_QUERY_ACCEPTED,485,2024-08-13,2026-08-13,True,True,CONTINUITY_UNKNOWN,KNOWN_EVENT,,PIT_SAFE,VALID,ELIGIBLE,KNOWN_EVENT_HANDLED
TWO:3264,3264,TWO,ACTIVE_OR_CANONICAL_QUERY_ACCEPTED,486,2024-08-13,2026-08-13,True,False,CONTINUITY_UNKNOWN,KNOWN_EVENT,,PIT_SAFE,UNAVAILABLE,UNAVAILABLE,KNOWN_CONTINUITY_EVENT|KNOWN_VERIFIED_EVENT_REQUIRES_EVENT_AWARE_HANDLING
TWO:3265,3265,TWO,ACTIVE_OR_CANONICAL_QUERY_ACCEPTED,486,2024-08-13,2026-08-13,True,False,CONTINUITY_UNKNOWN,KNOWN_EVENT,,PIT_SAFE,UNAVAILABLE,UNAVAILABLE,KNOWN_CONTINUITY_EVENT|KNOWN_VERIFIED_EVENT_REQUIRES_EVENT_AWARE_HANDLING
TWO:3268,3268,TWO,ACTIVE_OR_CANONICAL_QUERY_ACCEPTED,485,2024-08-13,2026-08-13,True,True,CONTINUITY_UNKNOWN,LOOKUP_UNAVAILABLE,,PIT_SAFE,INELIGIBLE,INELIGIBLE,BELOW_MA60|TECHNICAL_V0_INELIGIBLE
TWO:3285,3285,TWO,ACTIVE_OR_CANONICAL_QUERY_ACCEPTED,483,2024-08-13,2026-08-13,True,False,CONTINUITY_UNKNOWN,KNOWN_EVENT,,PIT_SAFE,UNAVAILABLE,UNAVAILABLE,KNOWN_CONTINUITY_EVENT|KNOWN_VERIFIED_EVENT_REQUIRES_EVENT_AWARE_HANDLING
TWO:3288,3288,TWO,ACTIVE_OR_CANONICAL_QUERY_ACCEPTED,465,2024-08-13,2026-08-13,True,True,CONTINUITY_UNKNOWN,LOOKUP_UNAVAILABLE,,PIT_SAFE,INELIGIBLE,INELIGIBLE,BELOW_MA60|TECHNICAL_V0_INELIGIBLE
TWO:3290,3290,TWO,ACTIVE_OR_CANONICAL_QUERY_ACCEPTED,478,2024-08-13,2026-08-13,True,False,CONTINUITY_UNKNOWN,KNOWN_EVENT,,PIT_SAFE,UNAVAILABLE,UNAVAILABLE,KNOWN_CONTINUITY_EVENT|KNOWN_VERIFIED_EVENT_REQUIRES_EVENT_AWARE_HANDLING
TWO:3317,3317,TWO,ACTIVE_OR_CANONICAL_QUERY_ACCEPTED,486,2024-08-13,2026-08-13,True,True,CONTINUITY_UNKNOWN,LOOKUP_UNAVAILABLE,,PIT_SAFE,INELIGIBLE,INELIGIBLE,BELOW_MA60|TECHNICAL_V0_INELIGIBLE
TWO:3322,3322,TWO,ACTIVE_OR_CANONICAL_QUERY_ACCEPTED,486,2024-08-13,2026-08-13,True,True,CONTINUITY_UNKNOWN,KNOWN_EVENT,,PIT_SAFE,INELIGIBLE,INELIGIBLE,BELOW_MA60|TECHNICAL_V0_INELIGIBLE
TWO:3324,3324,TWO,ACTIVE_OR_CANONICAL_QUERY_ACCEPTED,486,2024-08-13,2026-08-13,True,False,CONTINUITY_UNKNOWN,KNOWN_EVENT,,PIT_SAFE,UNAVAILABLE,UNAVAILABLE,KNOWN_CONTINUITY_EVENT|KNOWN_VERIFIED_EVENT_REQUIRES_EVENT_AWARE_HANDLING
TWO:3339,3339,TWO,ACTIVE_OR_CANONICAL_QUERY_ACCEPTED,486,2024-08-13,2026-08-13,True,True,CONTINUITY_UNKNOWN,LOOKUP_UNAVAILABLE,,PIT_SAFE,INELIGIBLE,INELIGIBLE,BELOW_MA60|TECHNICAL_V0_INELIGIBLE
TWO:3357,3357,TWO,ACTIVE_OR_CANONICAL_QUERY_ACCEPTED,486,2024-08-13,2026-08-13,True,False,CONTINUITY_UNKNOWN,KNOWN_EVENT,,PIT_SAFE,UNAVAILABLE,UNAVAILABLE,KNOWN_CONTINUITY_EVENT|KNOWN_VERIFIED_EVENT_REQUIRES_EVENT_AWARE_HANDLING
TWO:3360,3360,TWO,ACTIVE_OR_CANONICAL_QUERY_ACCEPTED,486,2024-08-13,2026-08-13,True,True,CONTINUITY_UNKNOWN,LOOKUP_UNAVAILABLE,,PIT_SAFE,INELIGIBLE,INELIGIBLE,BELOW_MA60|TECHNICAL_V0_INELIGIBLE
TWO:3362,3362,TWO,ACTIVE_OR_CANONICAL_QUERY_ACCEPTED,486,2024-08-13,2026-08-13,True,True,CONTINUITY_UNKNOWN,KNOWN_EVENT,,PIT_SAFE,VALID,ELIGIBLE,KNOWN_EVENT_HANDLED
TWO:3363,3363,TWO,ACTIVE_OR_CANONICAL_QUERY_ACCEPTED,486,2024-08-13,2026-08-13,True,True,CONTINUITY_UNKNOWN,LOOKUP_UNAVAILABLE,,PIT_SAFE,INELIGIBLE,INELIGIBLE,BELOW_MA60|TECHNICAL_V0_INELIGIBLE
TWO:3374,3374,TWO,ACTIVE_OR_CANONICAL_QUERY_ACCEPTED,486,2024-08-13,2026-08-13,True,False,CONTINUITY_UNKNOWN,KNOWN_EVENT,,PIT_SAFE,UNAVAILABLE,UNAVAILABLE,KNOWN_CONTINUITY_EVENT|KNOWN_VERIFIED_EVENT_REQUIRES_EVENT_AWARE_HANDLING
TWO:3388,3388,TWO,ACTIVE_OR_CANONICAL_QUERY_ACCEPTED,486,2024-08-13,2026-08-13,True,True,CONTINUITY_UNKNOWN,LOOKUP_UNAVAILABLE,,PIT_SAFE,INELIGIBLE,INELIGIBLE,BELOW_MA60|TECHNICAL_V0_INELIGIBLE
TWO:3390,3390,TWO,ACTIVE_OR_CANONICAL_QUERY_ACCEPTED,486,2024-08-13,2026-08-13,True,False,CONTINUITY_UNKNOWN,KNOWN_EVENT,,PIT_SAFE,UNAVAILABLE,UNAVAILABLE,KNOWN_CONTINUITY_EVENT|KNOWN_VERIFIED_EVENT_REQUIRES_EVENT_AWARE_HANDLING
TWO:3441,3441,TWO,ACTIVE_OR_CANONICAL_QUERY_ACCEPTED,486,2024-08-13,2026-08-13,True,False,CONTINUITY_UNKNOWN,KNOWN_EVENT,,PIT_SAFE,UNAVAILABLE,UNAVAILABLE,KNOWN_CONTINUITY_EVENT|KNOWN_VERIFIED_EVENT_REQUIRES_EVENT_AWARE_HANDLING
TWO:3455,3455,TWO,ACTIVE_OR_CANONICAL_QUERY_ACCEPTED,486,2024-08-13,2026-08-13,True,True,CONTINUITY_UNKNOWN,LOOKUP_UNAVAILABLE,,PIT_SAFE,VALID,ELIGIBLE,EVENT_LOOKUP_UNAVAILABLE
TWO:3479,3479,TWO,ACTIVE_OR_CANONICAL_QUERY_ACCEPTED,486,2024-08-13,2026-08-13,True,False,CONTINUITY_UNKNOWN,KNOWN_EVENT,,PIT_SAFE,UNAVAILABLE,UNAVAILABLE,KNOWN_CONTINUITY_EVENT|KNOWN_VERIFIED_EVENT_REQUIRES_EVENT_AWARE_HANDLING
TWO:3483,3483,TWO,ACTIVE_OR_CANONICAL_QUERY_ACCEPTED,486,2024-08-13,2026-08-13,True,False,CONTINUITY_UNKNOWN,KNOWN_EVENT,,PIT_SAFE,UNAVAILABLE,UNAVAILABLE,KNOWN_CONTINUITY_EVENT|KNOWN_VERIFIED_EVENT_REQUIRES_EVENT_AWARE_HANDLING
TWO:3484,3484,TWO,ACTIVE_OR_CANONICAL_QUERY_ACCEPTED,486,2024-08-13,2026-08-13,True,True,CONTINUITY_UNKNOWN,LOOKUP_UNAVAILABLE,,PIT_SAFE,VALID,ELIGIBLE,EVENT_LOOKUP_UNAVAILABLE
TWO:3490,3490,TWO,ACTIVE_OR_CANONICAL_QUERY_ACCEPTED,486,2024-08-13,2026-08-13,True,True,CONTINUITY_UNKNOWN,LOOKUP_UNAVAILABLE,,PIT_SAFE,VALID,ELIGIBLE,EVENT_LOOKUP_UNAVAILABLE
TWO:3491,3491,TWO,ACTIVE_OR_CANONICAL_QUERY_ACCEPTED,485,2024-08-13,2026-08-13,True,False,CONTINUITY_UNKNOWN,KNOWN_EVENT,,PIT_SAFE,UNAVAILABLE,UNAVAILABLE,KNOWN_CONTINUITY_EVENT|KNOWN_VERIFIED_EVENT_REQUIRES_EVENT_AWARE_HANDLING
TWO:3498,3498,TWO,ACTIVE_OR_CANONICAL_QUERY_ACCEPTED,486,2024-08-13,2026-08-13,True,True,CONTINUITY_UNKNOWN,LOOKUP_UNAVAILABLE,,PIT_SAFE,VALID,ELIGIBLE,EVENT_LOOKUP_UNAVAILABLE
TWO:3508,3508,TWO,ACTIVE_OR_CANONICAL_QUERY_ACCEPTED,486,2024-08-13,2026-08-13,True,True,CONTINUITY_UNKNOWN,LOOKUP_UNAVAILABLE,,PIT_SAFE,INELIGIBLE,INELIGIBLE,BELOW_MA60|TECHNICAL_V0_INELIGIBLE
TWO:3526,3526,TWO,ACTIVE_OR_CANONICAL_QUERY_ACCEPTED,486,2024-08-13,2026-08-13,True,True,CONTINUITY_UNKNOWN,KNOWN_EVENT,,PIT_SAFE,INELIGIBLE,INELIGIBLE,BELOW_MA60|TECHNICAL_V0_INELIGIBLE
TWO:3527,3527,TWO,ACTIVE_OR_CANONICAL_QUERY_ACCEPTED,486,2024-08-13,2026-08-13,True,False,CONTINUITY_UNKNOWN,KNOWN_EVENT,,PIT_SAFE,UNAVAILABLE,UNAVAILABLE,KNOWN_CONTINUITY_EVENT|KNOWN_VERIFIED_EVENT_REQUIRES_EVENT_AWARE_HANDLING
TWO:3529,3529,TWO,ACTIVE_OR_CANONICAL_QUERY_ACCEPTED,486,2024-08-13,2026-08-13,True,False,CONTINUITY_UNKNOWN,KNOWN_EVENT,,PIT_SAFE,UNAVAILABLE,UNAVAILABLE,KNOWN_CONTINUITY_EVENT|KNOWN_VERIFIED_EVENT_REQUIRES_EVENT_AWARE_HANDLING
TWO:3537,3537,TWO,ACTIVE_OR_CANONICAL_QUERY_ACCEPTED,486,2024-08-13,2026-08-13,True,False,CONTINUITY_UNKNOWN,KNOWN_EVENT,,PIT_SAFE,UNAVAILABLE,UNAVAILABLE,KNOWN_CONTINUITY_EVENT|KNOWN_VERIFIED_EVENT_REQUIRES_EVENT_AWARE_HANDLING
TWO:3556,3556,TWO,ACTIVE_OR_CANONICAL_QUERY_ACCEPTED,486,2024-08-13,2026-08-13,True,False,CONTINUITY_UNKNOWN,KNOWN_EVENT,,PIT_SAFE,UNAVAILABLE,UNAVAILABLE,KNOWN_CONTINUITY_EVENT|KNOWN_VERIFIED_EVENT_REQUIRES_EVENT_AWARE_HANDLING
TWO:3558,3558,TWO,ACTIVE_OR_CANONICAL_QUERY_ACCEPTED,486,2024-08-13,2026-08-13,True,True,CONTINUITY_UNKNOWN,LOOKUP_UNAVAILABLE,,PIT_SAFE,INELIGIBLE,INELIGIBLE,BELOW_MA60|TECHNICAL_V0_INELIGIBLE
TWO:3564,3564,TWO,ACTIVE_OR_CANONICAL_QUERY_ACCEPTED,486,2024-08-13,2026-08-13,True,False,CONTINUITY_UNKNOWN,KNOWN_EVENT,,PIT_SAFE,UNAVAILABLE,UNAVAILABLE,KNOWN_CONTINUITY_EVENT|KNOWN_VERIFIED_EVENT_REQUIRES_EVENT_AWARE_HANDLING
TWO:3577,3577,TWO,ACTIVE_OR_CANONICAL_QUERY_ACCEPTED,486,2024-08-13,2026-08-13,True,False,CONTINUITY_UNKNOWN,KNOWN_EVENT,,PIT_SAFE,UNAVAILABLE,UNAVAILABLE,KNOWN_CONTINUITY_EVENT|KNOWN_VERIFIED_EVENT_REQUIRES_EVENT_AWARE_HANDLING
TWO:3587,3587,TWO,ACTIVE_OR_CANONICAL_QUERY_ACCEPTED,485,2024-08-13,2026-08-13,True,True,CONTINUITY_UNKNOWN,LOOKUP_UNAVAILABLE,,PIT_SAFE,INELIGIBLE,INELIGIBLE,BELOW_MA60|TECHNICAL_V0_INELIGIBLE
TWO:3597,3597,TWO,ACTIVE_OR_CANONICAL_QUERY_ACCEPTED,486,2024-08-13,2026-08-13,True,False,CONTINUITY_UNKNOWN,KNOWN_EVENT,,PIT_SAFE,UNAVAILABLE,UNAVAILABLE,KNOWN_CONTINUITY_EVENT|KNOWN_VERIFIED_EVENT_REQUIRES_EVENT_AWARE_HANDLING
TWO:3615,3615,TWO,ACTIVE_OR_CANONICAL_QUERY_ACCEPTED,486,2024-08-13,2026-08-13,True,False,CONTINUITY_UNKNOWN,KNOWN_EVENT,,PIT_SAFE,UNAVAILABLE,UNAVAILABLE,KNOWN_CONTINUITY_EVENT|KNOWN_VERIFIED_EVENT_REQUIRES_EVENT_AWARE_HANDLING
TWO:3624,3624,TWO,ACTIVE_OR_CANONICAL_QUERY_ACCEPTED,486,2024-08-13,2026-08-13,True,False,CONTINUITY_UNKNOWN,KNOWN_EVENT,,PIT_SAFE,UNAVAILABLE,UNAVAILABLE,KNOWN_CONTINUITY_EVENT|KNOWN_VERIFIED_EVENT_REQUIRES_EVENT_AWARE_HANDLING
TWO:3630,3630,TWO,ACTIVE_OR_CANONICAL_QUERY_ACCEPTED,485,2024-08-13,2026-08-13,True,True,CONTINUITY_UNKNOWN,LOOKUP_UNAVAILABLE,,PIT_SAFE,INELIGIBLE,INELIGIBLE,BELOW_MA60|TECHNICAL_V0_INELIGIBLE
TWO:3675,3675,TWO,ACTIVE_OR_CANONICAL_QUERY_ACCEPTED,486,2024-08-13,2026-08-13,True,True,CONTINUITY_UNKNOWN,LOOKUP_UNAVAILABLE,,PIT_SAFE,INELIGIBLE,INELIGIBLE,BELOW_MA60|TECHNICAL_V0_INELIGIBLE
TWO:3689,3689,TWO,ACTIVE_OR_CANONICAL_QUERY_ACCEPTED,486,2024-08-13,2026-08-13,True,True,CONTINUITY_UNKNOWN,LOOKUP_UNAVAILABLE,,PIT_SAFE,INELIGIBLE,INELIGIBLE,BELOW_MA60|TECHNICAL_V0_INELIGIBLE
TWO:3691,3691,TWO,ACTIVE_OR_CANONICAL_QUERY_ACCEPTED,486,2024-08-13,2026-08-13,True,True,CONTINUITY_UNKNOWN,LOOKUP_UNAVAILABLE,,PIT_SAFE,INELIGIBLE,INELIGIBLE,BELOW_MA60|TECHNICAL_V0_INELIGIBLE
TWO:3693,3693,TWO,ACTIVE_OR_CANONICAL_QUERY_ACCEPTED,486,2024-08-13,2026-08-13,True,True,CONTINUITY_UNKNOWN,LOOKUP_UNAVAILABLE,,PIT_SAFE,VALID,ELIGIBLE,EVENT_LOOKUP_UNAVAILABLE
TWO:3707,3707,TWO,ACTIVE_OR_CANONICAL_QUERY_ACCEPTED,486,2024-08-13,2026-08-13,True,True,CONTINUITY_UNKNOWN,LOOKUP_UNAVAILABLE,,PIT_SAFE,INELIGIBLE,INELIGIBLE,BELOW_MA60|TECHNICAL_V0_INELIGIBLE
TWO:3709,3709,TWO,ACTIVE_OR_CANONICAL_QUERY_ACCEPTED,486,2024-08-13,2026-08-13,True,False,CONTINUITY_UNKNOWN,KNOWN_EVENT,,PIT_SAFE,UNAVAILABLE,UNAVAILABLE,KNOWN_CONTINUITY_EVENT|KNOWN_VERIFIED_EVENT_REQUIRES_EVENT_AWARE_HANDLING
TWO:4114,4114,TWO,ACTIVE_OR_CANONICAL_QUERY_ACCEPTED,486,2024-08-13,2026-08-13,True,True,CONTINUITY_UNKNOWN,LOOKUP_UNAVAILABLE,,PIT_SAFE,INELIGIBLE,INELIGIBLE,BELOW_MA60|TECHNICAL_V0_INELIGIBLE
TWO:4123,4123,TWO,ACTIVE_OR_CANONICAL_QUERY_ACCEPTED,485,2024-08-13,2026-08-13,True,True,CONTINUITY_UNKNOWN,LOOKUP_UNAVAILABLE,,PIT_SAFE,INELIGIBLE,INELIGIBLE,BELOW_MA60|TECHNICAL_V0_INELIGIBLE
TWO:4127,4127,TWO,ACTIVE_OR_CANONICAL_QUERY_ACCEPTED,485,2024-08-13,2026-08-13,True,True,CONTINUITY_UNKNOWN,LOOKUP_UNAVAILABLE,,PIT_SAFE,VALID,ELIGIBLE,EVENT_LOOKUP_UNAVAILABLE
TWO:4416,4416,TWO,ACTIVE_OR_CANONICAL_QUERY_ACCEPTED,449,2024-08-13,2026-08-13,True,True,CONTINUITY_UNKNOWN,LOOKUP_UNAVAILABLE,,PIT_SAFE,INELIGIBLE,INELIGIBLE,BELOW_MA60|TECHNICAL_V0_INELIGIBLE
TWO:4513,4513,TWO,ACTIVE_OR_CANONICAL_QUERY_ACCEPTED,486,2024-08-13,2026-08-13,True,True,CONTINUITY_UNKNOWN,LOOKUP_UNAVAILABLE,,PIT_SAFE,INELIGIBLE,INELIGIBLE,BELOW_MA60|TECHNICAL_V0_INELIGIBLE
TWO:4533,4533,TWO,ACTIVE_OR_CANONICAL_QUERY_ACCEPTED,486,2024-08-13,2026-08-13,True,True,CONTINUITY_UNKNOWN,LOOKUP_UNAVAILABLE,,PIT_SAFE,INELIGIBLE,INELIGIBLE,BELOW_MA60|TECHNICAL_V0_INELIGIBLE
TWO:4541,4541,TWO,ACTIVE_OR_CANONICAL_QUERY_ACCEPTED,486,2024-08-13,2026-08-13,True,False,CONTINUITY_UNKNOWN,KNOWN_EVENT,,PIT_SAFE,UNAVAILABLE,UNAVAILABLE,KNOWN_CONTINUITY_EVENT|KNOWN_VERIFIED_EVENT_REQUIRES_EVENT_AWARE_HANDLING
TWO:4542,4542,TWO,ACTIVE_OR_CANONICAL_QUERY_ACCEPTED,486,2024-08-13,2026-08-13,True,True,CONTINUITY_UNKNOWN,KNOWN_EVENT,,PIT_SAFE,INELIGIBLE,INELIGIBLE,BELOW_MA60|TECHNICAL_V0_INELIGIBLE
TWO:4556,4556,TWO,ACTIVE_OR_CANONICAL_QUERY_ACCEPTED,468,2024-08-13,2026-08-13,True,False,CONTINUITY_UNKNOWN,KNOWN_EVENT,,PIT_SAFE,UNAVAILABLE,UNAVAILABLE,KNOWN_CONTINUITY_EVENT|KNOWN_VERIFIED_EVENT_REQUIRES_EVENT_AWARE_HANDLING
TWO:4561,4561,TWO,ACTIVE_OR_CANONICAL_QUERY_ACCEPTED,486,2024-08-13,2026-08-13,True,True,CONTINUITY_UNKNOWN,LOOKUP_UNAVAILABLE,,PIT_SAFE,VALID,ELIGIBLE,EVENT_LOOKUP_UNAVAILABLE
TWO:4577,4577,TWO,ACTIVE_OR_CANONICAL_QUERY_ACCEPTED,484,2024-08-13,2026-08-13,True,True,CONTINUITY_UNKNOWN,LOOKUP_UNAVAILABLE,,PIT_SAFE,INELIGIBLE,INELIGIBLE,BELOW_MA60|TECHNICAL_V0_INELIGIBLE
TWO:4707,4707,TWO,ACTIVE_OR_CANONICAL_QUERY_ACCEPTED,486,2024-08-13,2026-08-13,True,True,CONTINUITY_UNKNOWN,LOOKUP_UNAVAILABLE,,PIT_SAFE,VALID,ELIGIBLE,EVENT_LOOKUP_UNAVAILABLE
TWO:4716,4716,TWO,ACTIVE_OR_CANONICAL_QUERY_ACCEPTED,486,2024-08-13,2026-08-13,True,True,CONTINUITY_UNKNOWN,LOOKUP_UNAVAILABLE,,PIT_SAFE,INELIGIBLE,INELIGIBLE,BELOW_MA60|TECHNICAL_V0_INELIGIBLE
TWO:4721,4721,TWO,ACTIVE_OR_CANONICAL_QUERY_ACCEPTED,486,2024-08-13,2026-08-13,True,False,CONTINUITY_UNKNOWN,KNOWN_EVENT,,PIT_SAFE,UNAVAILABLE,UNAVAILABLE,KNOWN_CONTINUITY_EVENT|KNOWN_VERIFIED_EVENT_REQUIRES_EVENT_AWARE_HANDLING
TWO:4729,4729,TWO,ACTIVE_OR_CANONICAL_QUERY_ACCEPTED,486,2024-08-13,2026-08-13,True,True,CONTINUITY_UNKNOWN,LOOKUP_UNAVAILABLE,,PIT_SAFE,INELIGIBLE,INELIGIBLE,BELOW_MA60|TECHNICAL_V0_INELIGIBLE
TWO:4760,4760,TWO,ACTIVE_OR_CANONICAL_QUERY_ACCEPTED,486,2024-08-13,2026-08-13,True,True,CONTINUITY_UNKNOWN,KNOWN_EVENT,,PIT_SAFE,INELIGIBLE,INELIGIBLE,BELOW_MA60|TECHNICAL_V0_INELIGIBLE
TWO:4903,4903,TWO,ACTIVE_OR_CANONICAL_QUERY_ACCEPTED,486,2024-08-13,2026-08-13,True,True,CONTINUITY_UNKNOWN,LOOKUP_UNAVAILABLE,,PIT_SAFE,INELIGIBLE,INELIGIBLE,BELOW_MA60|TECHNICAL_V0_INELIGIBLE
TWO:4908,4908,TWO,ACTIVE_OR_CANONICAL_QUERY_ACCEPTED,486,2024-08-13,2026-08-13,True,True,CONTINUITY_UNKNOWN,LOOKUP_UNAVAILABLE,,PIT_SAFE,INELIGIBLE,INELIGIBLE,BELOW_MA60|TECHNICAL_V0_INELIGIBLE
TWO:4923,4923,TWO,ACTIVE_OR_CANONICAL_QUERY_ACCEPTED,486,2024-08-13,2026-08-13,True,True,CONTINUITY_UNKNOWN,LOOKUP_UNAVAILABLE,,PIT_SAFE,VALID,ELIGIBLE,EVENT_LOOKUP_UNAVAILABLE
TWO:4931,4931,TWO,ACTIVE_OR_CANONICAL_QUERY_ACCEPTED,486,2024-08-13,2026-08-13,True,False,CONTINUITY_UNKNOWN,KNOWN_EVENT,,PIT_SAFE,UNAVAILABLE,UNAVAILABLE,KNOWN_CONTINUITY_EVENT|KNOWN_VERIFIED_EVENT_REQUIRES_EVENT_AWARE_HANDLING
TWO:4939,4939,TWO,ACTIVE_OR_CANONICAL_QUERY_ACCEPTED,485,2024-08-13,2026-08-13,True,False,CONTINUITY_UNKNOWN,KNOWN_EVENT,,PIT_SAFE,UNAVAILABLE,UNAVAILABLE,KNOWN_CONTINUITY_EVENT|KNOWN_VERIFIED_EVENT_REQUIRES_EVENT_AWARE_HANDLING
TWO:4946,4946,TWO,ACTIVE_OR_CANONICAL_QUERY_ACCEPTED,473,2024-08-13,2026-08-13,True,True,CONTINUITY_UNKNOWN,LOOKUP_UNAVAILABLE,,PIT_SAFE,INELIGIBLE,INELIGIBLE,BELOW_MA60|TECHNICAL_V0_INELIGIBLE
TWO:4966,4966,TWO,ACTIVE_OR_CANONICAL_QUERY_ACCEPTED,486,2024-08-13,2026-08-13,True,True,CONTINUITY_UNKNOWN,KNOWN_EVENT,,PIT_SAFE,INELIGIBLE,INELIGIBLE,BELOW_MA60|TECHNICAL_V0_INELIGIBLE
TWO:4971,4971,TWO,ACTIVE_OR_CANONICAL_QUERY_ACCEPTED,486,2024-08-13,2026-08-13,True,False,CONTINUITY_UNKNOWN,KNOWN_EVENT,,PIT_SAFE,UNAVAILABLE,UNAVAILABLE,KNOWN_CONTINUITY_EVENT|KNOWN_VERIFIED_EVENT_REQUIRES_EVENT_AWARE_HANDLING
TWO:4973,4973,TWO,ACTIVE_OR_CANONICAL_QUERY_ACCEPTED,486,2024-08-13,2026-08-13,True,True,CONTINUITY_UNKNOWN,KNOWN_EVENT,,PIT_SAFE,VALID,ELIGIBLE,KNOWN_EVENT_HANDLED
TWO:4979,4979,TWO,ACTIVE_OR_CANONICAL_QUERY_ACCEPTED,486,2024-08-13,2026-08-13,True,False,CONTINUITY_UNKNOWN,KNOWN_EVENT,,PIT_SAFE,UNAVAILABLE,UNAVAILABLE,KNOWN_CONTINUITY_EVENT|KNOWN_VERIFIED_EVENT_REQUIRES_EVENT_AWARE_HANDLING
TWO:4991,4991,TWO,ACTIVE_OR_CANONICAL_QUERY_ACCEPTED,486,2024-08-13,2026-08-13,True,True,CONTINUITY_UNKNOWN,LOOKUP_UNAVAILABLE,,PIT_SAFE,INELIGIBLE,INELIGIBLE,BELOW_MA60|TECHNICAL_V0_INELIGIBLE
TWO:5009,5009,TWO,ACTIVE_OR_CANONICAL_QUERY_ACCEPTED,486,2024-08-13,2026-08-13,True,False,CONTINUITY_UNKNOWN,KNOWN_EVENT,,PIT_SAFE,UNAVAILABLE,UNAVAILABLE,KNOWN_CONTINUITY_EVENT|KNOWN_VERIFIED_EVENT_REQUIRES_EVENT_AWARE_HANDLING
TWO:5011,5011,TWO,ACTIVE_OR_CANONICAL_QUERY_ACCEPTED,486,2024-08-13,2026-08-13,True,True,CONTINUITY_UNKNOWN,LOOKUP_UNAVAILABLE,,PIT_SAFE,INELIGIBLE,INELIGIBLE,BELOW_MA60|TECHNICAL_V0_INELIGIBLE
TWO:5227,5227,TWO,ACTIVE_OR_CANONICAL_QUERY_ACCEPTED,479,2024-08-13,2026-08-13,True,False,CONTINUITY_UNKNOWN,KNOWN_EVENT,,PIT_SAFE,UNAVAILABLE,UNAVAILABLE,KNOWN_CONTINUITY_EVENT|KNOWN_VERIFIED_EVENT_REQUIRES_EVENT_AWARE_HANDLING
TWO:5228,5228,TWO,ACTIVE_OR_CANONICAL_QUERY_ACCEPTED,449,2024-08-13,2026-08-13,True,True,CONTINUITY_UNKNOWN,LOOKUP_UNAVAILABLE,,PIT_SAFE,INELIGIBLE,INELIGIBLE,BELOW_MA60|TECHNICAL_V0_INELIGIBLE
TWO:5274,5274,TWO,ACTIVE_OR_CANONICAL_QUERY_ACCEPTED,486,2024-08-13,2026-08-13,True,False,CONTINUITY_UNKNOWN,KNOWN_EVENT,,PIT_SAFE,UNAVAILABLE,UNAVAILABLE,KNOWN_CONTINUITY_EVENT|KNOWN_VERIFIED_EVENT_REQUIRES_EVENT_AWARE_HANDLING
TWO:5289,5289,TWO,ACTIVE_OR_CANONICAL_QUERY_ACCEPTED,486,2024-08-13,2026-08-13,True,True,CONTINUITY_UNKNOWN,LOOKUP_UNAVAILABLE,,PIT_SAFE,INELIGIBLE,INELIGIBLE,BELOW_MA60|TECHNICAL_V0_INELIGIBLE
TWO:5291,5291,TWO,ACTIVE_OR_CANONICAL_QUERY_ACCEPTED,486,2024-08-13,2026-08-13,True,True,CONTINUITY_UNKNOWN,LOOKUP_UNAVAILABLE,,PIT_SAFE,INELIGIBLE,INELIGIBLE,BELOW_MA60|TECHNICAL_V0_INELIGIBLE
TWO:5299,5299,TWO,ACTIVE_OR_CANONICAL_QUERY_ACCEPTED,486,2024-08-13,2026-08-13,True,False,CONTINUITY_UNKNOWN,KNOWN_EVENT,,PIT_SAFE,UNAVAILABLE,UNAVAILABLE,KNOWN_CONTINUITY_EVENT|KNOWN_VERIFIED_EVENT_REQUIRES_EVENT_AWARE_HANDLING
TWO:5302,5302,TWO,ACTIVE_OR_CANONICAL_QUERY_ACCEPTED,486,2024-08-13,2026-08-13,True,True,CONTINUITY_UNKNOWN,LOOKUP_UNAVAILABLE,,PIT_SAFE,INELIGIBLE,INELIGIBLE,BELOW_MA60|TECHNICAL_V0_INELIGIBLE
TWO:5309,5309,TWO,ACTIVE_OR_CANONICAL_QUERY_ACCEPTED,486,2024-08-13,2026-08-13,True,True,CONTINUITY_UNKNOWN,LOOKUP_UNAVAILABLE,,PIT_SAFE,INELIGIBLE,INELIGIBLE,BELOW_MA60|TECHNICAL_V0_INELIGIBLE
TWO:5321,5321,TWO,ACTIVE_OR_CANONICAL_QUERY_ACCEPTED,486,2024-08-13,2026-08-13,True,True,CONTINUITY_UNKNOWN,LOOKUP_UNAVAILABLE,,PIT_SAFE,VALID,ELIGIBLE,EVENT_LOOKUP_UNAVAILABLE
TWO:5328,5328,TWO,ACTIVE_OR_CANONICAL_QUERY_ACCEPTED,486,2024-08-13,2026-08-13,True,True,CONTINUITY_UNKNOWN,LOOKUP_UNAVAILABLE,,PIT_SAFE,VALID,ELIGIBLE,EVENT_LOOKUP_UNAVAILABLE
TWO:5340,5340,TWO,ACTIVE_OR_CANONICAL_QUERY_ACCEPTED,486,2024-08-13,2026-08-13,True,False,CONTINUITY_UNKNOWN,KNOWN_EVENT,,PIT_SAFE,UNAVAILABLE,UNAVAILABLE,KNOWN_CONTINUITY_EVENT|KNOWN_VERIFIED_EVENT_REQUIRES_EVENT_AWARE_HANDLING
TWO:5347,5347,TWO,ACTIVE_OR_CANONICAL_QUERY_ACCEPTED,486,2024-08-13,2026-08-13,True,False,CONTINUITY_UNKNOWN,KNOWN_EVENT,,PIT_SAFE,UNAVAILABLE,UNAVAILABLE,KNOWN_CONTINUITY_EVENT|KNOWN_VERIFIED_EVENT_REQUIRES_EVENT_AWARE_HANDLING
TWO:5351,5351,TWO,ACTIVE_OR_CANONICAL_QUERY_ACCEPTED,486,2024-08-13,2026-08-13,True,True,CONTINUITY_UNKNOWN,LOOKUP_UNAVAILABLE,,PIT_SAFE,VALID,ELIGIBLE,EVENT_LOOKUP_UNAVAILABLE
TWO:5371,5371,TWO,ACTIVE_OR_CANONICAL_QUERY_ACCEPTED,486,2024-08-13,2026-08-13,True,False,CONTINUITY_UNKNOWN,KNOWN_EVENT,,PIT_SAFE,UNAVAILABLE,UNAVAILABLE,KNOWN_CONTINUITY_EVENT|KNOWN_VERIFIED_EVENT_REQUIRES_EVENT_AWARE_HANDLING
TWO:5386,5386,TWO,ACTIVE_OR_CANONICAL_QUERY_ACCEPTED,486,2024-08-13,2026-08-13,True,False,CONTINUITY_UNKNOWN,KNOWN_EVENT,,PIT_SAFE,UNAVAILABLE,UNAVAILABLE,KNOWN_CONTINUITY_EVENT|KNOWN_VERIFIED_EVENT_REQUIRES_EVENT_AWARE_HANDLING
TWO:5410,5410,TWO,ACTIVE_OR_CANONICAL_QUERY_ACCEPTED,486,2024-08-13,2026-08-13,True,False,CONTINUITY_UNKNOWN,KNOWN_EVENT,,PIT_SAFE,UNAVAILABLE,UNAVAILABLE,KNOWN_CONTINUITY_EVENT|KNOWN_VERIFIED_EVENT_REQUIRES_EVENT_AWARE_HANDLING
TWO:5425,5425,TWO,ACTIVE_OR_CANONICAL_QUERY_ACCEPTED,486,2024-08-13,2026-08-13,True,False,CONTINUITY_UNKNOWN,KNOWN_EVENT,,PIT_SAFE,UNAVAILABLE,UNAVAILABLE,KNOWN_CONTINUITY_EVENT|KNOWN_VERIFIED_EVENT_REQUIRES_EVENT_AWARE_HANDLING
TWO:5426,5426,TWO,ACTIVE_OR_CANONICAL_QUERY_ACCEPTED,486,2024-08-13,2026-08-13,True,True,CONTINUITY_UNKNOWN,LOOKUP_UNAVAILABLE,,PIT_SAFE,VALID,ELIGIBLE,EVENT_LOOKUP_UNAVAILABLE
TWO:5439,5439,TWO,ACTIVE_OR_CANONICAL_QUERY_ACCEPTED,486,2024-08-13,2026-08-13,True,False,CONTINUITY_UNKNOWN,KNOWN_EVENT,,PIT_SAFE,UNAVAILABLE,UNAVAILABLE,KNOWN_CONTINUITY_EVENT|KNOWN_VERIFIED_EVENT_REQUIRES_EVENT_AWARE_HANDLING
TWO:5443,5443,TWO,ACTIVE_OR_CANONICAL_QUERY_ACCEPTED,486,2024-08-13,2026-08-13,True,False,CONTINUITY_UNKNOWN,KNOWN_EVENT,,PIT_SAFE,UNAVAILABLE,UNAVAILABLE,KNOWN_CONTINUITY_EVENT|KNOWN_VERIFIED_EVENT_REQUIRES_EVENT_AWARE_HANDLING
TWO:5457,5457,TWO,ACTIVE_OR_CANONICAL_QUERY_ACCEPTED,486,2024-08-13,2026-08-13,True,False,CONTINUITY_UNKNOWN,KNOWN_EVENT,,PIT_SAFE,UNAVAILABLE,UNAVAILABLE,KNOWN_CONTINUITY_EVENT|KNOWN_VERIFIED_EVENT_REQUIRES_EVENT_AWARE_HANDLING
TWO:5464,5464,TWO,ACTIVE_OR_CANONICAL_QUERY_ACCEPTED,485,2024-08-13,2026-08-13,True,True,CONTINUITY_UNKNOWN,LOOKUP_UNAVAILABLE,,PIT_SAFE,INELIGIBLE,INELIGIBLE,BELOW_MA60|TECHNICAL_V0_INELIGIBLE
TWO:5468,5468,TWO,ACTIVE_OR_CANONICAL_QUERY_ACCEPTED,477,2024-08-13,2026-08-13,True,True,CONTINUITY_UNKNOWN,LOOKUP_UNAVAILABLE,,PIT_SAFE,VALID,ELIGIBLE,EVENT_LOOKUP_UNAVAILABLE
TWO:5474,5474,TWO,ACTIVE_OR_CANONICAL_QUERY_ACCEPTED,486,2024-08-13,2026-08-13,True,True,CONTINUITY_UNKNOWN,LOOKUP_UNAVAILABLE,,PIT_SAFE,INELIGIBLE,INELIGIBLE,BELOW_MA60|TECHNICAL_V0_INELIGIBLE
TWO:5475,5475,TWO,ACTIVE_OR_CANONICAL_QUERY_ACCEPTED,486,2024-08-13,2026-08-13,True,True,CONTINUITY_UNKNOWN,LOOKUP_UNAVAILABLE,,PIT_SAFE,INELIGIBLE,INELIGIBLE,BELOW_MA60|TECHNICAL_V0_INELIGIBLE
TWO:5483,5483,TWO,ACTIVE_OR_CANONICAL_QUERY_ACCEPTED,486,2024-08-13,2026-08-13,True,False,CONTINUITY_UNKNOWN,KNOWN_EVENT,,PIT_SAFE,UNAVAILABLE,UNAVAILABLE,KNOWN_CONTINUITY_EVENT|KNOWN_VERIFIED_EVENT_REQUIRES_EVENT_AWARE_HANDLING
TWO:5488,5488,TWO,ACTIVE_OR_CANONICAL_QUERY_ACCEPTED,486,2024-08-13,2026-08-13,True,False,CONTINUITY_UNKNOWN,KNOWN_EVENT,,PIT_SAFE,UNAVAILABLE,UNAVAILABLE,KNOWN_CONTINUITY_EVENT|KNOWN_VERIFIED_EVENT_REQUIRES_EVENT_AWARE_HANDLING
TWO:5489,5489,TWO,ACTIVE_OR_CANONICAL_QUERY_ACCEPTED,484,2024-08-13,2026-08-13,True,True,CONTINUITY_UNKNOWN,LOOKUP_UNAVAILABLE,,PIT_SAFE,INELIGIBLE,INELIGIBLE,BELOW_MA60|TECHNICAL_V0_INELIGIBLE
TWO:5498,5498,TWO,ACTIVE_OR_CANONICAL_QUERY_ACCEPTED,486,2024-08-13,2026-08-13,True,True,CONTINUITY_UNKNOWN,LOOKUP_UNAVAILABLE,,PIT_SAFE,INELIGIBLE,INELIGIBLE,BELOW_MA60|TECHNICAL_V0_INELIGIBLE
TWO:5536,5536,TWO,ACTIVE_OR_CANONICAL_QUERY_ACCEPTED,486,2024-08-13,2026-08-13,True,False,CONTINUITY_UNKNOWN,KNOWN_EVENT,,PIT_SAFE,UNAVAILABLE,UNAVAILABLE,KNOWN_CONTINUITY_EVENT|KNOWN_VERIFIED_EVENT_REQUIRES_EVENT_AWARE_HANDLING
TWO:6016,6016,TWO,ACTIVE_OR_CANONICAL_QUERY_ACCEPTED,486,2024-08-13,2026-08-13,True,True,CONTINUITY_UNKNOWN,LOOKUP_UNAVAILABLE,,PIT_SAFE,INELIGIBLE,INELIGIBLE,BELOW_MA60|TECHNICAL_V0_INELIGIBLE
TWO:6125,6125,TWO,ACTIVE_OR_CANONICAL_QUERY_ACCEPTED,52,2026-06-01,2026-08-13,True,False,CONTINUITY_UNKNOWN,LOOKUP_UNAVAILABLE,,PIT_SAFE,UNAVAILABLE,UNAVAILABLE,UNAVAILABLE|UNAVAILABLE_INSUFFICIENT_HISTORY
TWO:6127,6127,TWO,ACTIVE_OR_CANONICAL_QUERY_ACCEPTED,486,2024-08-13,2026-08-13,True,True,CONTINUITY_UNKNOWN,LOOKUP_UNAVAILABLE,,PIT_SAFE,INELIGIBLE,INELIGIBLE,BELOW_MA60|TECHNICAL_V0_INELIGIBLE
TWO:6129,6129,TWO,ACTIVE_OR_CANONICAL_QUERY_ACCEPTED,486,2024-08-13,2026-08-13,True,True,CONTINUITY_UNKNOWN,LOOKUP_UNAVAILABLE,,PIT_SAFE,INELIGIBLE,INELIGIBLE,BELOW_MA60|TECHNICAL_V0_INELIGIBLE
TWO:6138,6138,TWO,ACTIVE_OR_CANONICAL_QUERY_ACCEPTED,486,2024-08-13,2026-08-13,True,False,CONTINUITY_UNKNOWN,KNOWN_EVENT,,PIT_SAFE,UNAVAILABLE,UNAVAILABLE,KNOWN_CONTINUITY_EVENT|KNOWN_VERIFIED_EVENT_REQUIRES_EVENT_AWARE_HANDLING
TWO:6147,6147,TWO,ACTIVE_OR_CANONICAL_QUERY_ACCEPTED,486,2024-08-13,2026-08-13,True,False,CONTINUITY_UNKNOWN,KNOWN_EVENT,,PIT_SAFE,UNAVAILABLE,UNAVAILABLE,KNOWN_CONTINUITY_EVENT|KNOWN_VERIFIED_EVENT_REQUIRES_EVENT_AWARE_HANDLING
TWO:6150,6150,TWO,ACTIVE_OR_CANONICAL_QUERY_ACCEPTED,486,2024-08-13,2026-08-13,True,False,CONTINUITY_UNKNOWN,KNOWN_EVENT,,PIT_SAFE,UNAVAILABLE,UNAVAILABLE,KNOWN_CONTINUITY_EVENT|KNOWN_VERIFIED_EVENT_REQUIRES_EVENT_AWARE_HANDLING
TWO:6156,6156,TWO,ACTIVE_OR_CANONICAL_QUERY_ACCEPTED,486,2024-08-13,2026-08-13,True,False,CONTINUITY_UNKNOWN,KNOWN_EVENT,,PIT_SAFE,UNAVAILABLE,UNAVAILABLE,KNOWN_CONTINUITY_EVENT|KNOWN_VERIFIED_EVENT_REQUIRES_EVENT_AWARE_HANDLING
TWO:6173,6173,TWO,ACTIVE_OR_CANONICAL_QUERY_ACCEPTED,486,2024-08-13,2026-08-13,True,False,CONTINUITY_UNKNOWN,KNOWN_EVENT,,PIT_SAFE,UNAVAILABLE,UNAVAILABLE,KNOWN_CONTINUITY_EVENT|KNOWN_VERIFIED_EVENT_REQUIRES_EVENT_AWARE_HANDLING
TWO:6174,6174,TWO,ACTIVE_OR_CANONICAL_QUERY_ACCEPTED,486,2024-08-13,2026-08-13,True,False,CONTINUITY_UNKNOWN,KNOWN_EVENT,,PIT_SAFE,UNAVAILABLE,UNAVAILABLE,KNOWN_CONTINUITY_EVENT|KNOWN_VERIFIED_EVENT_REQUIRES_EVENT_AWARE_HANDLING
TWO:6175,6175,TWO,ACTIVE_OR_CANONICAL_QUERY_ACCEPTED,486,2024-08-13,2026-08-13,True,False,CONTINUITY_UNKNOWN,KNOWN_EVENT,,PIT_SAFE,UNAVAILABLE,UNAVAILABLE,KNOWN_CONTINUITY_EVENT|KNOWN_VERIFIED_EVENT_REQUIRES_EVENT_AWARE_HANDLING
TWO:6179,6179,TWO,ACTIVE_OR_CANONICAL_QUERY_ACCEPTED,486,2024-08-13,2026-08-13,True,True,CONTINUITY_UNKNOWN,KNOWN_EVENT,,PIT_SAFE,VALID,ELIGIBLE,KNOWN_EVENT_HANDLED
TWO:6182,6182,TWO,ACTIVE_OR_CANONICAL_QUERY_ACCEPTED,486,2024-08-13,2026-08-13,True,True,CONTINUITY_UNKNOWN,KNOWN_EVENT,,PIT_SAFE,VALID,ELIGIBLE,KNOWN_EVENT_HANDLED
TWO:6187,6187,TWO,ACTIVE_OR_CANONICAL_QUERY_ACCEPTED,486,2024-08-13,2026-08-13,True,False,CONTINUITY_UNKNOWN,KNOWN_EVENT,,PIT_SAFE,UNAVAILABLE,UNAVAILABLE,KNOWN_CONTINUITY_EVENT|KNOWN_VERIFIED_EVENT_REQUIRES_EVENT_AWARE_HANDLING
TWO:6188,6188,TWO,ACTIVE_OR_CANONICAL_QUERY_ACCEPTED,486,2024-08-13,2026-08-13,True,True,CONTINUITY_UNKNOWN,KNOWN_EVENT,,PIT_SAFE,INELIGIBLE,INELIGIBLE,BELOW_MA60|TECHNICAL_V0_INELIGIBLE
TWO:6190,6190,TWO,ACTIVE_OR_CANONICAL_QUERY_ACCEPTED,486,2024-08-13,2026-08-13,True,True,CONTINUITY_UNKNOWN,LOOKUP_UNAVAILABLE,,PIT_SAFE,INELIGIBLE,INELIGIBLE,BELOW_MA60|TECHNICAL_V0_INELIGIBLE
TWO:6199,6199,TWO,ACTIVE_OR_CANONICAL_QUERY_ACCEPTED,486,2024-08-13,2026-08-13,True,True,CONTINUITY_UNKNOWN,LOOKUP_UNAVAILABLE,,PIT_SAFE,INELIGIBLE,INELIGIBLE,BELOW_MA60|TECHNICAL_V0_INELIGIBLE
TWO:6204,6204,TWO,ACTIVE_OR_CANONICAL_QUERY_ACCEPTED,486,2024-08-13,2026-08-13,True,True,CONTINUITY_UNKNOWN,LOOKUP_UNAVAILABLE,,PIT_SAFE,INELIGIBLE,INELIGIBLE,BELOW_MA60|TECHNICAL_V0_INELIGIBLE
TWO:6207,6207,TWO,ACTIVE_OR_CANONICAL_QUERY_ACCEPTED,486,2024-08-13,2026-08-13,True,False,CONTINUITY_UNKNOWN,KNOWN_EVENT,,PIT_SAFE,UNAVAILABLE,UNAVAILABLE,KNOWN_CONTINUITY_EVENT|KNOWN_VERIFIED_EVENT_REQUIRES_EVENT_AWARE_HANDLING
TWO:6217,6217,TWO,ACTIVE_OR_CANONICAL_QUERY_ACCEPTED,486,2024-08-13,2026-08-13,True,True,CONTINUITY_UNKNOWN,LOOKUP_UNAVAILABLE,,PIT_SAFE,INELIGIBLE,INELIGIBLE,BELOW_MA60|TECHNICAL_V0_INELIGIBLE
TWO:6218,6218,TWO,ACTIVE_OR_CANONICAL_QUERY_ACCEPTED,486,2024-08-13,2026-08-13,True,True,CONTINUITY_UNKNOWN,LOOKUP_UNAVAILABLE,,PIT_SAFE,INELIGIBLE,INELIGIBLE,BELOW_MA60|TECHNICAL_V0_INELIGIBLE
TWO:6223,6223,TWO,ACTIVE_OR_CANONICAL_QUERY_ACCEPTED,486,2024-08-13,2026-08-13,True,False,CONTINUITY_UNKNOWN,KNOWN_EVENT,,PIT_SAFE,UNAVAILABLE,UNAVAILABLE,KNOWN_CONTINUITY_EVENT|KNOWN_VERIFIED_EVENT_REQUIRES_EVENT_AWARE_HANDLING
TWO:6241,6241,TWO,ACTIVE_OR_CANONICAL_QUERY_ACCEPTED,486,2024-08-13,2026-08-13,True,True,CONTINUITY_UNKNOWN,LOOKUP_UNAVAILABLE,,PIT_SAFE,VALID,ELIGIBLE,EVENT_LOOKUP_UNAVAILABLE
TWO:6244,6244,TWO,ACTIVE_OR_CANONICAL_QUERY_ACCEPTED,486,2024-08-13,2026-08-13,True,False,CONTINUITY_UNKNOWN,KNOWN_EVENT,,PIT_SAFE,UNAVAILABLE,UNAVAILABLE,KNOWN_CONTINUITY_EVENT|KNOWN_VERIFIED_EVENT_REQUIRES_EVENT_AWARE_HANDLING
TWO:6259,6259,TWO,ACTIVE_OR_CANONICAL_QUERY_ACCEPTED,480,2024-08-13,2026-08-13,True,False,CONTINUITY_UNKNOWN,KNOWN_EVENT,,PIT_SAFE,UNAVAILABLE,UNAVAILABLE,KNOWN_CONTINUITY_EVENT|KNOWN_VERIFIED_EVENT_REQUIRES_EVENT_AWARE_HANDLING
TWO:6265,6265,TWO,ACTIVE_OR_CANONICAL_QUERY_ACCEPTED,486,2024-08-13,2026-08-13,True,True,CONTINUITY_UNKNOWN,LOOKUP_UNAVAILABLE,,PIT_SAFE,VALID,ELIGIBLE,EVENT_LOOKUP_UNAVAILABLE
TWO:6270,6270,TWO,ACTIVE_OR_CANONICAL_QUERY_ACCEPTED,486,2024-08-13,2026-08-13,True,False,CONTINUITY_UNKNOWN,KNOWN_EVENT,,PIT_SAFE,UNAVAILABLE,UNAVAILABLE,KNOWN_CONTINUITY_EVENT|KNOWN_VERIFIED_EVENT_REQUIRES_EVENT_AWARE_HANDLING
TWO:6274,6274,TWO,ACTIVE_OR_CANONICAL_QUERY_ACCEPTED,486,2024-08-13,2026-08-13,True,True,CONTINUITY_UNKNOWN,KNOWN_EVENT,,PIT_SAFE,VALID,ELIGIBLE,KNOWN_EVENT_HANDLED
TWO:6275,6275,TWO,ACTIVE_OR_CANONICAL_QUERY_ACCEPTED,485,2024-08-13,2026-08-13,True,False,CONTINUITY_UNKNOWN,KNOWN_EVENT,,PIT_SAFE,UNAVAILABLE,UNAVAILABLE,KNOWN_CONTINUITY_EVENT|KNOWN_VERIFIED_EVENT_REQUIRES_EVENT_AWARE_HANDLING
TWO:6279,6279,TWO,ACTIVE_OR_CANONICAL_QUERY_ACCEPTED,486,2024-08-13,2026-08-13,True,True,CONTINUITY_UNKNOWN,LOOKUP_UNAVAILABLE,,PIT_SAFE,VALID,ELIGIBLE,EVENT_LOOKUP_UNAVAILABLE
TWO:6284,6284,TWO,ACTIVE_OR_CANONICAL_QUERY_ACCEPTED,486,2024-08-13,2026-08-13,True,True,CONTINUITY_UNKNOWN,LOOKUP_UNAVAILABLE,,PIT_SAFE,INELIGIBLE,INELIGIBLE,BELOW_MA60|TECHNICAL_V0_INELIGIBLE
TWO:6290,6290,TWO,ACTIVE_OR_CANONICAL_QUERY_ACCEPTED,486,2024-08-13,2026-08-13,True,True,CONTINUITY_UNKNOWN,LOOKUP_UNAVAILABLE,,PIT_SAFE,INELIGIBLE,INELIGIBLE,BELOW_MA60|TECHNICAL_V0_INELIGIBLE
TWO:6291,6291,TWO,ACTIVE_OR_CANONICAL_QUERY_ACCEPTED,486,2024-08-13,2026-08-13,True,True,CONTINUITY_UNKNOWN,KNOWN_EVENT,,PIT_SAFE,INELIGIBLE,INELIGIBLE,BELOW_MA60|TECHNICAL_V0_INELIGIBLE
TWO:6419,6419,TWO,ACTIVE_OR_CANONICAL_QUERY_ACCEPTED,486,2024-08-13,2026-08-13,True,True,CONTINUITY_UNKNOWN,LOOKUP_UNAVAILABLE,,PIT_SAFE,VALID,ELIGIBLE,EVENT_LOOKUP_UNAVAILABLE
TWO:6432,6432,TWO,ACTIVE_OR_CANONICAL_QUERY_ACCEPTED,485,2024-08-13,2026-08-13,True,True,CONTINUITY_UNKNOWN,LOOKUP_UNAVAILABLE,,PIT_SAFE,VALID,ELIGIBLE,EVENT_LOOKUP_UNAVAILABLE
TWO:6435,6435,TWO,ACTIVE_OR_CANONICAL_QUERY_ACCEPTED,486,2024-08-13,2026-08-13,True,False,CONTINUITY_UNKNOWN,KNOWN_EVENT,,PIT_SAFE,UNAVAILABLE,UNAVAILABLE,KNOWN_CONTINUITY_EVENT|KNOWN_VERIFIED_EVENT_REQUIRES_EVENT_AWARE_HANDLING
TWO:6462,6462,TWO,ACTIVE_OR_CANONICAL_QUERY_ACCEPTED,486,2024-08-13,2026-08-13,True,True,CONTINUITY_UNKNOWN,LOOKUP_UNAVAILABLE,,PIT_SAFE,INELIGIBLE,INELIGIBLE,BELOW_MA60|TECHNICAL_V0_INELIGIBLE
TWO:6488,6488,TWO,ACTIVE_OR_CANONICAL_QUERY_ACCEPTED,486,2024-08-13,2026-08-13,True,False,CONTINUITY_UNKNOWN,KNOWN_EVENT,,PIT_SAFE,UNAVAILABLE,UNAVAILABLE,KNOWN_CONTINUITY_EVENT|KNOWN_VERIFIED_EVENT_REQUIRES_EVENT_AWARE_HANDLING
TWO:6510,6510,TWO,ACTIVE_OR_CANONICAL_QUERY_ACCEPTED,486,2024-08-13,2026-08-13,True,False,CONTINUITY_UNKNOWN,KNOWN_EVENT,,PIT_SAFE,UNAVAILABLE,UNAVAILABLE,KNOWN_CONTINUITY_EVENT|KNOWN_VERIFIED_EVENT_REQUIRES_EVENT_AWARE_HANDLING
TWO:6517,6517,TWO,ACTIVE_OR_CANONICAL_QUERY_ACCEPTED,486,2024-08-13,2026-08-13,True,False,CONTINUITY_UNKNOWN,KNOWN_EVENT,,PIT_SAFE,UNAVAILABLE,UNAVAILABLE,KNOWN_CONTINUITY_EVENT|KNOWN_VERIFIED_EVENT_REQUIRES_EVENT_AWARE_HANDLING
TWO:6530,6530,TWO,ACTIVE_OR_CANONICAL_QUERY_ACCEPTED,486,2024-08-13,2026-08-13,True,False,CONTINUITY_UNKNOWN,KNOWN_EVENT,,PIT_SAFE,UNAVAILABLE,UNAVAILABLE,KNOWN_CONTINUITY_EVENT|KNOWN_VERIFIED_EVENT_REQUIRES_EVENT_AWARE_HANDLING
TWO:6532,6532,TWO,ACTIVE_OR_CANONICAL_QUERY_ACCEPTED,486,2024-08-13,2026-08-13,True,True,CONTINUITY_UNKNOWN,LOOKUP_UNAVAILABLE,,PIT_SAFE,VALID,ELIGIBLE,EVENT_LOOKUP_UNAVAILABLE
TWO:6538,6538,TWO,ACTIVE_OR_CANONICAL_QUERY_ACCEPTED,486,2024-08-13,2026-08-13,True,False,CONTINUITY_UNKNOWN,KNOWN_EVENT,,PIT_SAFE,UNAVAILABLE,UNAVAILABLE,KNOWN_CONTINUITY_EVENT|KNOWN_VERIFIED_EVENT_REQUIRES_EVENT_AWARE_HANDLING
TWO:6548,6548,TWO,ACTIVE_OR_CANONICAL_QUERY_ACCEPTED,486,2024-08-13,2026-08-13,True,False,CONTINUITY_UNKNOWN,KNOWN_EVENT,,PIT_SAFE,UNAVAILABLE,UNAVAILABLE,KNOWN_CONTINUITY_EVENT|KNOWN_VERIFIED_EVENT_REQUIRES_EVENT_AWARE_HANDLING
TWO:6570,6570,TWO,ACTIVE_OR_CANONICAL_QUERY_ACCEPTED,486,2024-08-13,2026-08-13,True,False,CONTINUITY_UNKNOWN,KNOWN_EVENT,,PIT_SAFE,UNAVAILABLE,UNAVAILABLE,KNOWN_CONTINUITY_EVENT|KNOWN_VERIFIED_EVENT_REQUIRES_EVENT_AWARE_HANDLING
TWO:6584,6584,TWO,ACTIVE_OR_CANONICAL_QUERY_ACCEPTED,486,2024-08-13,2026-08-13,True,True,CONTINUITY_UNKNOWN,LOOKUP_UNAVAILABLE,,PIT_SAFE,INELIGIBLE,INELIGIBLE,BELOW_MA60|TECHNICAL_V0_INELIGIBLE
TWO:6588,6588,TWO,ACTIVE_OR_CANONICAL_QUERY_ACCEPTED,486,2024-08-13,2026-08-13,True,True,CONTINUITY_UNKNOWN,LOOKUP_UNAVAILABLE,,PIT_SAFE,INELIGIBLE,INELIGIBLE,BELOW_MA60|TECHNICAL_V0_INELIGIBLE
TWO:6603,6603,TWO,ACTIVE_OR_CANONICAL_QUERY_ACCEPTED,486,2024-08-13,2026-08-13,True,True,CONTINUITY_UNKNOWN,LOOKUP_UNAVAILABLE,,PIT_SAFE,VALID,ELIGIBLE,EVENT_LOOKUP_UNAVAILABLE
TWO:6613,6613,TWO,ACTIVE_OR_CANONICAL_QUERY_ACCEPTED,486,2024-08-13,2026-08-13,True,False,CONTINUITY_UNKNOWN,KNOWN_EVENT,,PIT_SAFE,UNAVAILABLE,UNAVAILABLE,KNOWN_CONTINUITY_EVENT|KNOWN_VERIFIED_EVENT_REQUIRES_EVENT_AWARE_HANDLING
TWO:6640,6640,TWO,ACTIVE_OR_CANONICAL_QUERY_ACCEPTED,486,2024-08-13,2026-08-13,True,False,CONTINUITY_UNKNOWN,KNOWN_EVENT,,PIT_SAFE,UNAVAILABLE,UNAVAILABLE,KNOWN_CONTINUITY_EVENT|KNOWN_VERIFIED_EVENT_REQUIRES_EVENT_AWARE_HANDLING
TWO:6642,6642,TWO,ACTIVE_OR_CANONICAL_QUERY_ACCEPTED,486,2024-08-13,2026-08-13,True,True,CONTINUITY_UNKNOWN,KNOWN_EVENT,,PIT_SAFE,VALID,ELIGIBLE,KNOWN_EVENT_HANDLED
TWO:6643,6643,TWO,ACTIVE_OR_CANONICAL_QUERY_ACCEPTED,486,2024-08-13,2026-08-13,True,False,CONTINUITY_UNKNOWN,KNOWN_EVENT,,PIT_SAFE,UNAVAILABLE,UNAVAILABLE,KNOWN_CONTINUITY_EVENT|KNOWN_VERIFIED_EVENT_REQUIRES_EVENT_AWARE_HANDLING
TWO:6651,6651,TWO,ACTIVE_OR_CANONICAL_QUERY_ACCEPTED,486,2024-08-13,2026-08-13,True,True,CONTINUITY_UNKNOWN,KNOWN_EVENT,,PIT_SAFE,VALID,ELIGIBLE,KNOWN_EVENT_HANDLED
TWO:6654,6654,TWO,ACTIVE_OR_CANONICAL_QUERY_ACCEPTED,473,2024-08-13,2026-08-13,True,True,CONTINUITY_UNKNOWN,LOOKUP_UNAVAILABLE,,PIT_SAFE,VALID,ELIGIBLE,EVENT_LOOKUP_UNAVAILABLE
TWO:6667,6667,TWO,ACTIVE_OR_CANONICAL_QUERY_ACCEPTED,486,2024-08-13,2026-08-13,True,False,CONTINUITY_UNKNOWN,KNOWN_EVENT,,PIT_SAFE,UNAVAILABLE,UNAVAILABLE,KNOWN_CONTINUITY_EVENT|KNOWN_VERIFIED_EVENT_REQUIRES_EVENT_AWARE_HANDLING
TWO:6683,6683,TWO,ACTIVE_OR_CANONICAL_QUERY_ACCEPTED,486,2024-08-13,2026-08-13,True,False,CONTINUITY_UNKNOWN,KNOWN_EVENT,,PIT_SAFE,UNAVAILABLE,UNAVAILABLE,KNOWN_CONTINUITY_EVENT|KNOWN_VERIFIED_EVENT_REQUIRES_EVENT_AWARE_HANDLING
TWO:6684,6684,TWO,ACTIVE_OR_CANONICAL_QUERY_ACCEPTED,486,2024-08-13,2026-08-13,True,True,CONTINUITY_UNKNOWN,LOOKUP_UNAVAILABLE,,PIT_SAFE,INELIGIBLE,INELIGIBLE,BELOW_MA60|TECHNICAL_V0_INELIGIBLE
TWO:6690,6690,TWO,ACTIVE_OR_CANONICAL_QUERY_ACCEPTED,486,2024-08-13,2026-08-13,True,False,CONTINUITY_UNKNOWN,KNOWN_EVENT,,PIT_SAFE,UNAVAILABLE,UNAVAILABLE,KNOWN_CONTINUITY_EVENT|KNOWN_VERIFIED_EVENT_REQUIRES_EVENT_AWARE_HANDLING
TWO:6693,6693,TWO,ACTIVE_OR_CANONICAL_QUERY_ACCEPTED,486,2024-08-13,2026-08-13,True,False,CONTINUITY_UNKNOWN,KNOWN_EVENT,,PIT_SAFE,UNAVAILABLE,UNAVAILABLE,KNOWN_CONTINUITY_EVENT|KNOWN_VERIFIED_EVENT_REQUIRES_EVENT_AWARE_HANDLING
TWO:6727,6727,TWO,ACTIVE_OR_CANONICAL_QUERY_ACCEPTED,486,2024-08-13,2026-08-13,True,False,CONTINUITY_UNKNOWN,KNOWN_EVENT,,PIT_SAFE,UNAVAILABLE,UNAVAILABLE,KNOWN_CONTINUITY_EVENT|KNOWN_VERIFIED_EVENT_REQUIRES_EVENT_AWARE_HANDLING
TWO:6752,6752,TWO,ACTIVE_OR_CANONICAL_QUERY_ACCEPTED,486,2024-08-13,2026-08-13,True,True,CONTINUITY_UNKNOWN,KNOWN_EVENT,,PIT_SAFE,VALID,ELIGIBLE,KNOWN_EVENT_HANDLED
TWO:6803,6803,TWO,ACTIVE_OR_CANONICAL_QUERY_ACCEPTED,486,2024-08-13,2026-08-13,True,False,CONTINUITY_UNKNOWN,KNOWN_EVENT,,PIT_SAFE,UNAVAILABLE,UNAVAILABLE,KNOWN_CONTINUITY_EVENT|KNOWN_VERIFIED_EVENT_REQUIRES_EVENT_AWARE_HANDLING
TWO:6821,6821,TWO,ACTIVE_OR_CANONICAL_QUERY_ACCEPTED,486,2024-08-13,2026-08-13,True,True,CONTINUITY_UNKNOWN,KNOWN_EVENT,,PIT_SAFE,INELIGIBLE,INELIGIBLE,BELOW_MA60|TECHNICAL_V0_INELIGIBLE
TWO:6829,6829,TWO,ACTIVE_OR_CANONICAL_QUERY_ACCEPTED,486,2024-08-13,2026-08-13,True,False,CONTINUITY_UNKNOWN,KNOWN_EVENT,,PIT_SAFE,UNAVAILABLE,UNAVAILABLE,KNOWN_CONTINUITY_EVENT|KNOWN_VERIFIED_EVENT_REQUIRES_EVENT_AWARE_HANDLING
TWO:6870,6870,TWO,ACTIVE_OR_CANONICAL_QUERY_ACCEPTED,486,2024-08-13,2026-08-13,True,False,CONTINUITY_UNKNOWN,KNOWN_EVENT,,PIT_SAFE,UNAVAILABLE,UNAVAILABLE,KNOWN_CONTINUITY_EVENT|KNOWN_VERIFIED_EVENT_REQUIRES_EVENT_AWARE_HANDLING
TWO:6903,6903,TWO,ACTIVE_OR_CANONICAL_QUERY_ACCEPTED,486,2024-08-13,2026-08-13,True,False,CONTINUITY_UNKNOWN,KNOWN_EVENT,,PIT_SAFE,UNAVAILABLE,UNAVAILABLE,KNOWN_CONTINUITY_EVENT|KNOWN_VERIFIED_EVENT_REQUIRES_EVENT_AWARE_HANDLING
TWO:7402,7402,TWO,ACTIVE_OR_CANONICAL_QUERY_ACCEPTED,486,2024-08-13,2026-08-13,True,False,CONTINUITY_UNKNOWN,KNOWN_EVENT,,PIT_SAFE,UNAVAILABLE,UNAVAILABLE,KNOWN_CONTINUITY_EVENT|KNOWN_VERIFIED_EVENT_REQUIRES_EVENT_AWARE_HANDLING
TWO:7709,7709,TWO,ACTIVE_OR_CANONICAL_QUERY_ACCEPTED,345,2025-03-03,2026-08-13,True,False,CONTINUITY_UNKNOWN,KNOWN_EVENT,,PIT_SAFE,UNAVAILABLE,UNAVAILABLE,KNOWN_CONTINUITY_EVENT|KNOWN_VERIFIED_EVENT_REQUIRES_EVENT_AWARE_HANDLING
TWO:7714,7714,TWO,ACTIVE_OR_CANONICAL_QUERY_ACCEPTED,375,2025-02-03,2026-08-13,True,True,CONTINUITY_UNKNOWN,KNOWN_EVENT,,PIT_SAFE,VALID,ELIGIBLE,KNOWN_EVENT_HANDLED
TWO:7734,7734,TWO,ACTIVE_OR_CANONICAL_QUERY_ACCEPTED,356,2025-03-03,2026-08-13,True,False,CONTINUITY_UNKNOWN,KNOWN_EVENT,,PIT_SAFE,UNAVAILABLE,UNAVAILABLE,KNOWN_CONTINUITY_EVENT|KNOWN_VERIFIED_EVENT_REQUIRES_EVENT_AWARE_HANDLING
TWO:7777,7777,TWO,ACTIVE_OR_CANONICAL_QUERY_ACCEPTED,147,2026-01-02,2026-08-13,True,False,CONTINUITY_UNKNOWN,KNOWN_EVENT,,PIT_SAFE,UNAVAILABLE,UNAVAILABLE,KNOWN_CONTINUITY_EVENT|KNOWN_VERIFIED_EVENT_REQUIRES_EVENT_AWARE_HANDLING
TWO:7792,7792,TWO,ACTIVE_OR_CANONICAL_QUERY_ACCEPTED,126,2026-02-02,2026-08-13,True,True,CONTINUITY_UNKNOWN,LOOKUP_UNAVAILABLE,,PIT_SAFE,INELIGIBLE,INELIGIBLE,BELOW_MA60|TECHNICAL_V0_INELIGIBLE
TWO:8024,8024,TWO,ACTIVE_OR_CANONICAL_QUERY_ACCEPTED,485,2024-08-13,2026-08-13,True,True,CONTINUITY_UNKNOWN,LOOKUP_UNAVAILABLE,,PIT_SAFE,INELIGIBLE,INELIGIBLE,BELOW_MA60|TECHNICAL_V0_INELIGIBLE
TWO:8027,8027,TWO,ACTIVE_OR_CANONICAL_QUERY_ACCEPTED,486,2024-08-13,2026-08-13,True,True,CONTINUITY_UNKNOWN,LOOKUP_UNAVAILABLE,,PIT_SAFE,INELIGIBLE,INELIGIBLE,BELOW_MA60|TECHNICAL_V0_INELIGIBLE
TWO:8038,8038,TWO,ACTIVE_OR_CANONICAL_QUERY_ACCEPTED,486,2024-08-13,2026-08-13,True,True,CONTINUITY_UNKNOWN,LOOKUP_UNAVAILABLE,,PIT_SAFE,INELIGIBLE,INELIGIBLE,BELOW_MA60|TECHNICAL_V0_INELIGIBLE
TWO:8040,8040,TWO,ACTIVE_OR_CANONICAL_QUERY_ACCEPTED,486,2024-08-13,2026-08-13,True,True,CONTINUITY_UNKNOWN,LOOKUP_UNAVAILABLE,,PIT_SAFE,INELIGIBLE,INELIGIBLE,BELOW_MA60|TECHNICAL_V0_INELIGIBLE
TWO:8042,8042,TWO,ACTIVE_OR_CANONICAL_QUERY_ACCEPTED,486,2024-08-13,2026-08-13,True,False,CONTINUITY_UNKNOWN,KNOWN_EVENT,,PIT_SAFE,UNAVAILABLE,UNAVAILABLE,KNOWN_CONTINUITY_EVENT|KNOWN_VERIFIED_EVENT_REQUIRES_EVENT_AWARE_HANDLING
TWO:8043,8043,TWO,ACTIVE_OR_CANONICAL_QUERY_ACCEPTED,486,2024-08-13,2026-08-13,True,True,CONTINUITY_UNKNOWN,LOOKUP_UNAVAILABLE,,PIT_SAFE,INELIGIBLE,INELIGIBLE,BELOW_MA60|TECHNICAL_V0_INELIGIBLE
TWO:8048,8048,TWO,ACTIVE_OR_CANONICAL_QUERY_ACCEPTED,486,2024-08-13,2026-08-13,True,False,CONTINUITY_UNKNOWN,KNOWN_EVENT,,PIT_SAFE,UNAVAILABLE,UNAVAILABLE,KNOWN_CONTINUITY_EVENT|KNOWN_VERIFIED_EVENT_REQUIRES_EVENT_AWARE_HANDLING
TWO:8054,8054,TWO,ACTIVE_OR_CANONICAL_QUERY_ACCEPTED,486,2024-08-13,2026-08-13,True,False,CONTINUITY_UNKNOWN,KNOWN_EVENT,,PIT_SAFE,UNAVAILABLE,UNAVAILABLE,KNOWN_CONTINUITY_EVENT|KNOWN_VERIFIED_EVENT_REQUIRES_EVENT_AWARE_HANDLING
TWO:8064,8064,TWO,ACTIVE_OR_CANONICAL_QUERY_ACCEPTED,486,2024-08-13,2026-08-13,True,False,CONTINUITY_UNKNOWN,KNOWN_EVENT,,PIT_SAFE,UNAVAILABLE,UNAVAILABLE,KNOWN_CONTINUITY_EVENT|KNOWN_VERIFIED_EVENT_REQUIRES_EVENT_AWARE_HANDLING
TWO:8069,8069,TWO,ACTIVE_OR_CANONICAL_QUERY_ACCEPTED,486,2024-08-13,2026-08-13,True,False,CONTINUITY_UNKNOWN,KNOWN_EVENT,,PIT_SAFE,UNAVAILABLE,UNAVAILABLE,KNOWN_CONTINUITY_EVENT|KNOWN_VERIFIED_EVENT_REQUIRES_EVENT_AWARE_HANDLING
TWO:8071,8071,TWO,ACTIVE_OR_CANONICAL_QUERY_ACCEPTED,486,2024-08-13,2026-08-13,True,True,CONTINUITY_UNKNOWN,LOOKUP_UNAVAILABLE,,PIT_SAFE,VALID,ELIGIBLE,EVENT_LOOKUP_UNAVAILABLE
TWO:8074,8074,TWO,ACTIVE_OR_CANONICAL_QUERY_ACCEPTED,486,2024-08-13,2026-08-13,True,True,CONTINUITY_UNKNOWN,KNOWN_EVENT,,PIT_SAFE,INELIGIBLE,INELIGIBLE,BELOW_MA60|TECHNICAL_V0_INELIGIBLE
TWO:8076,8076,TWO,ACTIVE_OR_CANONICAL_QUERY_ACCEPTED,486,2024-08-13,2026-08-13,True,True,CONTINUITY_UNKNOWN,LOOKUP_UNAVAILABLE,,PIT_SAFE,INELIGIBLE,INELIGIBLE,BELOW_MA60|TECHNICAL_V0_INELIGIBLE
TWO:8086,8086,TWO,ACTIVE_OR_CANONICAL_QUERY_ACCEPTED,486,2024-08-13,2026-08-13,True,True,CONTINUITY_UNKNOWN,LOOKUP_UNAVAILABLE,,PIT_SAFE,INELIGIBLE,INELIGIBLE,BELOW_MA60|TECHNICAL_V0_INELIGIBLE
TWO:8088,8088,TWO,ACTIVE_OR_CANONICAL_QUERY_ACCEPTED,486,2024-08-13,2026-08-13,True,False,CONTINUITY_UNKNOWN,KNOWN_EVENT,,PIT_SAFE,UNAVAILABLE,UNAVAILABLE,KNOWN_CONTINUITY_EVENT|KNOWN_VERIFIED_EVENT_REQUIRES_EVENT_AWARE_HANDLING
TWO:8091,8091,TWO,ACTIVE_OR_CANONICAL_QUERY_ACCEPTED,486,2024-08-13,2026-08-13,True,False,CONTINUITY_UNKNOWN,KNOWN_EVENT,,PIT_SAFE,UNAVAILABLE,UNAVAILABLE,KNOWN_CONTINUITY_EVENT|KNOWN_VERIFIED_EVENT_REQUIRES_EVENT_AWARE_HANDLING
TWO:8092,8092,TWO,ACTIVE_OR_CANONICAL_QUERY_ACCEPTED,486,2024-08-13,2026-08-13,True,True,CONTINUITY_UNKNOWN,LOOKUP_UNAVAILABLE,,PIT_SAFE,INELIGIBLE,INELIGIBLE,BELOW_MA60|TECHNICAL_V0_INELIGIBLE
TWO:8096,8096,TWO,ACTIVE_OR_CANONICAL_QUERY_ACCEPTED,486,2024-08-13,2026-08-13,True,True,CONTINUITY_UNKNOWN,LOOKUP_UNAVAILABLE,,PIT_SAFE,INELIGIBLE,INELIGIBLE,BELOW_MA60|TECHNICAL_V0_INELIGIBLE
TWO:8109,8109,TWO,ACTIVE_OR_CANONICAL_QUERY_ACCEPTED,486,2024-08-13,2026-08-13,True,True,CONTINUITY_UNKNOWN,LOOKUP_UNAVAILABLE,,PIT_SAFE,VALID,ELIGIBLE,EVENT_LOOKUP_UNAVAILABLE
TWO:8111,8111,TWO,ACTIVE_OR_CANONICAL_QUERY_ACCEPTED,486,2024-08-13,2026-08-13,True,False,CONTINUITY_UNKNOWN,KNOWN_EVENT,,PIT_SAFE,UNAVAILABLE,UNAVAILABLE,KNOWN_CONTINUITY_EVENT|KNOWN_VERIFIED_EVENT_REQUIRES_EVENT_AWARE_HANDLING
TWO:8121,8121,TWO,ACTIVE_OR_CANONICAL_QUERY_ACCEPTED,486,2024-08-13,2026-08-13,True,True,CONTINUITY_UNKNOWN,LOOKUP_UNAVAILABLE,,PIT_SAFE,INELIGIBLE,INELIGIBLE,BELOW_MA60|TECHNICAL_V0_INELIGIBLE
TWO:8182,8182,TWO,ACTIVE_OR_CANONICAL_QUERY_ACCEPTED,486,2024-08-13,2026-08-13,True,False,CONTINUITY_UNKNOWN,KNOWN_EVENT,,PIT_SAFE,UNAVAILABLE,UNAVAILABLE,KNOWN_CONTINUITY_EVENT|KNOWN_VERIFIED_EVENT_REQUIRES_EVENT_AWARE_HANDLING
TWO:8234,8234,TWO,ACTIVE_OR_CANONICAL_QUERY_ACCEPTED,486,2024-08-13,2026-08-13,True,True,CONTINUITY_UNKNOWN,LOOKUP_UNAVAILABLE,,PIT_SAFE,VALID,ELIGIBLE,EVENT_LOOKUP_UNAVAILABLE
TWO:8240,8240,TWO,ACTIVE_OR_CANONICAL_QUERY_ACCEPTED,486,2024-08-13,2026-08-13,True,False,CONTINUITY_UNKNOWN,KNOWN_EVENT,,PIT_SAFE,UNAVAILABLE,UNAVAILABLE,KNOWN_CONTINUITY_EVENT|KNOWN_VERIFIED_EVENT_REQUIRES_EVENT_AWARE_HANDLING
TWO:8255,8255,TWO,ACTIVE_OR_CANONICAL_QUERY_ACCEPTED,486,2024-08-13,2026-08-13,True,False,CONTINUITY_UNKNOWN,KNOWN_EVENT,,PIT_SAFE,UNAVAILABLE,UNAVAILABLE,KNOWN_CONTINUITY_EVENT|KNOWN_VERIFIED_EVENT_REQUIRES_EVENT_AWARE_HANDLING
TWO:8277,8277,TWO,ACTIVE_OR_CANONICAL_QUERY_ACCEPTED,486,2024-08-13,2026-08-13,True,True,CONTINUITY_UNKNOWN,LOOKUP_UNAVAILABLE,,PIT_SAFE,INELIGIBLE,INELIGIBLE,BELOW_MA60|TECHNICAL_V0_INELIGIBLE
TWO:8299,8299,TWO,ACTIVE_OR_CANONICAL_QUERY_ACCEPTED,486,2024-08-13,2026-08-13,True,False,CONTINUITY_UNKNOWN,KNOWN_EVENT,,PIT_SAFE,UNAVAILABLE,UNAVAILABLE,KNOWN_CONTINUITY_EVENT|KNOWN_VERIFIED_EVENT_REQUIRES_EVENT_AWARE_HANDLING
TWO:8358,8358,TWO,ACTIVE_OR_CANONICAL_QUERY_ACCEPTED,486,2024-08-13,2026-08-13,True,False,CONTINUITY_UNKNOWN,KNOWN_EVENT,,PIT_SAFE,UNAVAILABLE,UNAVAILABLE,KNOWN_CONTINUITY_EVENT|KNOWN_VERIFIED_EVENT_REQUIRES_EVENT_AWARE_HANDLING
TWO:8383,8383,TWO,ACTIVE_OR_CANONICAL_QUERY_ACCEPTED,486,2024-08-13,2026-08-13,True,False,CONTINUITY_UNKNOWN,KNOWN_EVENT,,PIT_SAFE,UNAVAILABLE,UNAVAILABLE,KNOWN_CONTINUITY_EVENT|KNOWN_VERIFIED_EVENT_REQUIRES_EVENT_AWARE_HANDLING
TWO:8932,8932,TWO,ACTIVE_OR_CANONICAL_QUERY_ACCEPTED,472,2024-08-13,2026-08-13,True,True,CONTINUITY_UNKNOWN,LOOKUP_UNAVAILABLE,,PIT_SAFE,INELIGIBLE,INELIGIBLE,BELOW_MA60|TECHNICAL_V0_INELIGIBLE
