instrument_code,market,instrument_identity,instrument_id,as_of,observation_count,real_data_available,latest_close,ma60_value,ma60_calculable,above_ma60,technical_result_status,technical_eligibility,technical_v0_eligible,event_authority_status,event_lookup_state,publication_disposition,publication_status,publication_state,published_indicator_count,reason_code,reason_codes,limitation_reasons,ma60_publication_state,ma60_availability_reason,ma60_continuity_state,source_authority,publication_error
1303,TPE,TPE:1303,7508fdb6-8054-4410-814f-2f645d1c40e0,2026-08-13,126,True,189.000000000000000000,,False,False,UNAVAILABLE,UNAVAILABLE,False,KNOWN_EVENT,KNOWN_VERIFIED_BREAKING_EVENT_FOUND,PUBLICATION_BLOCKED,BLOCKED,UNAVAILABLE,14,KNOWN_CONTINUITY_EVENT,"[""KNOWN_CONTINUITY_EVENT"", ""KNOWN_VERIFIED_EVENT_REQUIRES_EVENT_AWARE_HANDLING""]",[],UNAVAILABLE,KNOWN_VERIFIED_EVENT_REQUIRES_EVENT_AWARE_HANDLING,CONTINUITY_UNKNOWN,"[""TWSE_OFFICIAL_DAILY""]",False
1304,TPE,TPE:1304,89d4d7dc-8bf5-4d64-b4d9-911242a810a0,2026-08-13,126,True,12.200000000000000000,,False,False,UNAVAILABLE,UNAVAILABLE,False,KNOWN_EVENT,KNOWN_VERIFIED_BREAKING_EVENT_FOUND,PUBLICATION_BLOCKED,BLOCKED,UNAVAILABLE,14,KNOWN_CONTINUITY_EVENT,"[""KNOWN_CONTINUITY_EVENT"", ""KNOWN_VERIFIED_EVENT_REQUIRES_EVENT_AWARE_HANDLING""]",[],UNAVAILABLE,KNOWN_VERIFIED_EVENT_REQUIRES_EVENT_AWARE_HANDLING,CONTINUITY_UNKNOWN,"[""TWSE_OFFICIAL_DAILY""]",False
1314,TPE,TPE:1314,bc17866c-7ae0-4e7f-a460-3ffd5a07be16,2026-08-13,125,True,7.660000000000000000,8.0278333333333333333333333333333333333333333333333,True,False,INELIGIBLE,INELIGIBLE,False,LOOKUP_UNAVAILABLE,EVENT_LOOKUP_UNAVAILABLE,PUBLICATION_BLOCKED,BLOCKED,UNAVAILABLE,14,BELOW_MA60,"[""BELOW_MA60"", ""TECHNICAL_V0_INELIGIBLE""]","[""EVENT_LOOKUP_UNAVAILABLE""]",FORMAL_WITH_LIMITATION,,CONTINUITY_UNKNOWN,"[""TWSE_OFFICIAL_DAILY""]",False
1319,TPE,TPE:1319,1ef13579-9403-4ea9-9ba1-bd5973d5fe97,2026-08-13,126,True,79.200000000000000000,,False,False,UNAVAILABLE,UNAVAILABLE,False,KNOWN_EVENT,KNOWN_VERIFIED_BREAKING_EVENT_FOUND,PUBLICATION_BLOCKED,BLOCKED,UNAVAILABLE,14,KNOWN_CONTINUITY_EVENT,"[""KNOWN_CONTINUITY_EVENT"", ""KNOWN_VERIFIED_EVENT_REQUIRES_EVENT_AWARE_HANDLING""]",[],UNAVAILABLE,KNOWN_VERIFIED_EVENT_REQUIRES_EVENT_AWARE_HANDLING,CONTINUITY_UNKNOWN,"[""TWSE_OFFICIAL_DAILY""]",False
1326,TPE,TPE:1326,d7dbc5fa-267f-4ac4-9a65-cd9d8373376b,2026-08-13,126,True,59.500000000000000000,,False,False,UNAVAILABLE,UNAVAILABLE,False,KNOWN_EVENT,KNOWN_VERIFIED_BREAKING_EVENT_FOUND,PUBLICATION_BLOCKED,BLOCKED,UNAVAILABLE,14,KNOWN_CONTINUITY_EVENT,"[""KNOWN_CONTINUITY_EVENT"", ""KNOWN_VERIFIED_EVENT_REQUIRES_EVENT_AWARE_HANDLING""]",[],UNAVAILABLE,KNOWN_VERIFIED_EVENT_REQUIRES_EVENT_AWARE_HANDLING,CONTINUITY_UNKNOWN,"[""TWSE_OFFICIAL_DAILY""]",False
1342,TPE,TPE:1342,893418f1-4f80-4665-9799-a4d123b1022e,2026-08-13,126,True,104.000000000000000000,106.84333333333333333333333333333333333333333333333,True,False,INELIGIBLE,INELIGIBLE,False,KNOWN_EVENT,NO_KNOWN_VERIFIED_BREAKING_EVENT_FOUND,PUBLICATION_BLOCKED,BLOCKED,UNAVAILABLE,11,BELOW_MA60,"[""BELOW_MA60"", ""TECHNICAL_V0_INELIGIBLE""]",[],FORMAL,,CONTINUITY_UNKNOWN,"[""TWSE_OFFICIAL_DAILY""]",False
1438,TPE,TPE:1438,455f5813-265f-42bf-ac2b-11bb255c32fc,2026-08-13,126,True,22.400000000000000000,21.820000000000000000,True,True,VALID,ELIGIBLE,True,LOOKUP_UNAVAILABLE,EVENT_LOOKUP_UNAVAILABLE,PUBLICATION_AVAILABLE_WITH_LIMITATION,AVAILABLE_WITH_LIMITATION,FORMAL_WITH_LIMITATION,14,EVENT_LOOKUP_UNAVAILABLE,"[""EVENT_LOOKUP_UNAVAILABLE""]","[""EVENT_LOOKUP_UNAVAILABLE""]",FORMAL_WITH_LIMITATION,,CONTINUITY_UNKNOWN,"[""TWSE_OFFICIAL_DAILY""]",False
1451,TPE,TPE:1451,83af1068-0909-4a49-b47b-43b4030c15c3,2026-08-13,126,True,17.400000000000000000,17.062500000000000000,True,True,VALID,ELIGIBLE,True,KNOWN_EVENT,NO_KNOWN_VERIFIED_BREAKING_EVENT_FOUND,PUBLICATION_AVAILABLE_WITH_LIMITATION,AVAILABLE_WITH_LIMITATION,FORMAL_WITH_LIMITATION,14,KNOWN_EVENT_HANDLED,"[""KNOWN_EVENT_HANDLED""]","[""KNOWN_EVENT_HANDLED""]",FORMAL,,CONTINUITY_UNKNOWN,"[""TWSE_OFFICIAL_DAILY""]",False
1474,TPE,TPE:1474,bd7e54f8-b3bd-4db8-834e-02a8a1c0ca23,2026-08-13,126,True,10.100000000000000000,,False,False,UNAVAILABLE,UNAVAILABLE,False,KNOWN_EVENT,KNOWN_VERIFIED_BREAKING_EVENT_FOUND,PUBLICATION_BLOCKED,BLOCKED,UNAVAILABLE,14,KNOWN_CONTINUITY_EVENT,"[""KNOWN_CONTINUITY_EVENT"", ""KNOWN_VERIFIED_EVENT_REQUIRES_EVENT_AWARE_HANDLING""]",[],UNAVAILABLE,KNOWN_VERIFIED_EVENT_REQUIRES_EVENT_AWARE_HANDLING,CONTINUITY_UNKNOWN,"[""TWSE_OFFICIAL_DAILY""]",False
1476,TPE,TPE:1476,88c391ed-eba4-475b-b5bc-41bdfd9bd2f9,2026-08-13,126,True,326.500000000000000000,,False,False,UNAVAILABLE,UNAVAILABLE,False,KNOWN_EVENT,KNOWN_VERIFIED_BREAKING_EVENT_FOUND,PUBLICATION_BLOCKED,BLOCKED,UNAVAILABLE,14,KNOWN_CONTINUITY_EVENT,"[""KNOWN_CONTINUITY_EVENT"", ""KNOWN_VERIFIED_EVENT_REQUIRES_EVENT_AWARE_HANDLING""]",[],UNAVAILABLE,KNOWN_VERIFIED_EVENT_REQUIRES_EVENT_AWARE_HANDLING,CONTINUITY_UNKNOWN,"[""TWSE_OFFICIAL_DAILY""]",False
1503,TPE,TPE:1503,fd788e6d-d70c-4eda-8504-4d8a3ca29435,2026-08-13,126,True,201.500000000000000000,,False,False,UNAVAILABLE,UNAVAILABLE,False,KNOWN_EVENT,KNOWN_VERIFIED_BREAKING_EVENT_FOUND,PUBLICATION_BLOCKED,BLOCKED,UNAVAILABLE,14,KNOWN_CONTINUITY_EVENT,"[""KNOWN_CONTINUITY_EVENT"", ""KNOWN_VERIFIED_EVENT_REQUIRES_EVENT_AWARE_HANDLING""]",[],UNAVAILABLE,KNOWN_VERIFIED_EVENT_REQUIRES_EVENT_AWARE_HANDLING,CONTINUITY_UNKNOWN,"[""TWSE_OFFICIAL_DAILY""]",False
1504,TPE,TPE:1504,ee2c4035-6171-4be1-88b3-2c0bf5672a57,2026-08-13,126,True,70.400000000000000000,,False,False,UNAVAILABLE,UNAVAILABLE,False,KNOWN_EVENT,KNOWN_VERIFIED_BREAKING_EVENT_FOUND,PUBLICATION_BLOCKED,BLOCKED,UNAVAILABLE,14,KNOWN_CONTINUITY_EVENT,"[""KNOWN_CONTINUITY_EVENT"", ""KNOWN_VERIFIED_EVENT_REQUIRES_EVENT_AWARE_HANDLING""]",[],UNAVAILABLE,KNOWN_VERIFIED_EVENT_REQUIRES_EVENT_AWARE_HANDLING,CONTINUITY_UNKNOWN,"[""TWSE_OFFICIAL_DAILY""]",False
1513,TPE,TPE:1513,41c6d706-b323-4490-93ce-6831f9a86d82,2026-08-13,126,True,171.000000000000000000,,False,False,UNAVAILABLE,UNAVAILABLE,False,KNOWN_EVENT,KNOWN_VERIFIED_BREAKING_EVENT_FOUND,PUBLICATION_BLOCKED,BLOCKED,UNAVAILABLE,14,KNOWN_CONTINUITY_EVENT,"[""KNOWN_CONTINUITY_EVENT"", ""KNOWN_VERIFIED_EVENT_REQUIRES_EVENT_AWARE_HANDLING""]",[],UNAVAILABLE,KNOWN_VERIFIED_EVENT_REQUIRES_EVENT_AWARE_HANDLING,CONTINUITY_UNKNOWN,"[""TWSE_OFFICIAL_DAILY""]",False
1514,TPE,TPE:1514,2c71acb0-e907-4961-82b4-3fee3548859b,2026-08-13,126,True,102.500000000000000000,115.86166666666666666666666666666666666666666666667,True,False,INELIGIBLE,INELIGIBLE,False,LOOKUP_UNAVAILABLE,EVENT_LOOKUP_UNAVAILABLE,PUBLICATION_BLOCKED,BLOCKED,UNAVAILABLE,14,BELOW_MA60,"[""BELOW_MA60"", ""TECHNICAL_V0_INELIGIBLE""]","[""EVENT_LOOKUP_UNAVAILABLE""]",FORMAL_WITH_LIMITATION,,CONTINUITY_UNKNOWN,"[""TWSE_OFFICIAL_DAILY""]",False
1519,TPE,TPE:1519,229fc513-3bdf-48e0-b185-b14334c32c31,2026-08-13,126,True,720.000000000000000000,763.03333333333333333333333333333333333333333333333,True,False,INELIGIBLE,INELIGIBLE,False,LOOKUP_UNAVAILABLE,EVENT_LOOKUP_UNAVAILABLE,PUBLICATION_BLOCKED,BLOCKED,UNAVAILABLE,14,BELOW_MA60,"[""BELOW_MA60"", ""TECHNICAL_V0_INELIGIBLE""]","[""EVENT_LOOKUP_UNAVAILABLE""]",FORMAL_WITH_LIMITATION,,CONTINUITY_UNKNOWN,"[""TWSE_OFFICIAL_DAILY""]",False
1536,TPE,TPE:1536,6ef66f9b-8c55-4b0b-960c-c42b4441d3df,2026-08-13,126,True,51.100000000000000000,50.367500000000000000,True,True,VALID,ELIGIBLE,True,LOOKUP_UNAVAILABLE,EVENT_LOOKUP_UNAVAILABLE,PUBLICATION_AVAILABLE_WITH_LIMITATION,AVAILABLE_WITH_LIMITATION,FORMAL_WITH_LIMITATION,14,EVENT_LOOKUP_UNAVAILABLE,"[""EVENT_LOOKUP_UNAVAILABLE""]","[""EVENT_LOOKUP_UNAVAILABLE""]",FORMAL_WITH_LIMITATION,,CONTINUITY_UNKNOWN,"[""TWSE_OFFICIAL_DAILY""]",False
1537,TPE,TPE:1537,ef2d53b2-693e-4fc7-8ada-1001935278ad,2026-08-13,126,True,128.000000000000000000,126.29166666666666666666666666666666666666666666667,True,True,VALID,ELIGIBLE,True,LOOKUP_UNAVAILABLE,EVENT_LOOKUP_UNAVAILABLE,PUBLICATION_AVAILABLE_WITH_LIMITATION,AVAILABLE_WITH_LIMITATION,FORMAL_WITH_LIMITATION,14,EVENT_LOOKUP_UNAVAILABLE,"[""EVENT_LOOKUP_UNAVAILABLE""]","[""EVENT_LOOKUP_UNAVAILABLE""]",FORMAL_WITH_LIMITATION,,CONTINUITY_UNKNOWN,"[""TWSE_OFFICIAL_DAILY""]",False
1563,TPE,TPE:1563,b37722f3-572d-4324-976e-860e6b602c59,2026-08-13,126,True,63.000000000000000000,,False,False,UNAVAILABLE,UNAVAILABLE,False,KNOWN_EVENT,KNOWN_VERIFIED_BREAKING_EVENT_FOUND,PUBLICATION_BLOCKED,BLOCKED,UNAVAILABLE,14,KNOWN_CONTINUITY_EVENT,"[""KNOWN_CONTINUITY_EVENT"", ""KNOWN_VERIFIED_EVENT_REQUIRES_EVENT_AWARE_HANDLING""]",[],UNAVAILABLE,KNOWN_VERIFIED_EVENT_REQUIRES_EVENT_AWARE_HANDLING,CONTINUITY_UNKNOWN,"[""TWSE_OFFICIAL_DAILY""]",False
1568,TPE,TPE:1568,16d5852e-db8c-444d-b4dc-c60aec314e60,2026-08-13,126,True,30.100000000000000000,,False,False,UNAVAILABLE,UNAVAILABLE,False,KNOWN_EVENT,KNOWN_VERIFIED_BREAKING_EVENT_FOUND,PUBLICATION_BLOCKED,BLOCKED,UNAVAILABLE,14,KNOWN_CONTINUITY_EVENT,"[""KNOWN_CONTINUITY_EVENT"", ""KNOWN_VERIFIED_EVENT_REQUIRES_EVENT_AWARE_HANDLING""]",[],UNAVAILABLE,KNOWN_VERIFIED_EVENT_REQUIRES_EVENT_AWARE_HANDLING,CONTINUITY_UNKNOWN,"[""TWSE_OFFICIAL_DAILY""]",False
1590,TPE,TPE:1590,5601eb79-e658-4601-95a7-d9f69a6c3aa2,2026-08-13,126,True,1470.000000000000000000,,False,False,UNAVAILABLE,UNAVAILABLE,False,KNOWN_EVENT,KNOWN_VERIFIED_BREAKING_EVENT_FOUND,PUBLICATION_BLOCKED,BLOCKED,UNAVAILABLE,14,KNOWN_CONTINUITY_EVENT,"[""KNOWN_CONTINUITY_EVENT"", ""KNOWN_VERIFIED_EVENT_REQUIRES_EVENT_AWARE_HANDLING""]",[],UNAVAILABLE,KNOWN_VERIFIED_EVENT_REQUIRES_EVENT_AWARE_HANDLING,CONTINUITY_UNKNOWN,"[""TWSE_OFFICIAL_DAILY""]",False
1597,TPE,TPE:1597,35d31c37-7336-4a9d-8e5e-1ea4ebcc24b9,2026-08-13,126,True,150.000000000000000000,149.100000000000000000,True,True,VALID,ELIGIBLE,True,LOOKUP_UNAVAILABLE,EVENT_LOOKUP_UNAVAILABLE,PUBLICATION_AVAILABLE_WITH_LIMITATION,AVAILABLE_WITH_LIMITATION,FORMAL_WITH_LIMITATION,14,EVENT_LOOKUP_UNAVAILABLE,"[""EVENT_LOOKUP_UNAVAILABLE""]","[""EVENT_LOOKUP_UNAVAILABLE""]",FORMAL_WITH_LIMITATION,,CONTINUITY_UNKNOWN,"[""TWSE_OFFICIAL_DAILY""]",False
1605,TPE,TPE:1605,d4eacbb4-dc0c-4f12-9db4-d40dbae91fae,2026-08-13,126,True,39.300000000000000000,,False,False,UNAVAILABLE,UNAVAILABLE,False,KNOWN_EVENT,KNOWN_VERIFIED_BREAKING_EVENT_FOUND,PUBLICATION_BLOCKED,BLOCKED,UNAVAILABLE,14,KNOWN_CONTINUITY_EVENT,"[""KNOWN_CONTINUITY_EVENT"", ""KNOWN_VERIFIED_EVENT_REQUIRES_EVENT_AWARE_HANDLING""]",[],UNAVAILABLE,KNOWN_VERIFIED_EVENT_REQUIRES_EVENT_AWARE_HANDLING,CONTINUITY_UNKNOWN,"[""TWSE_OFFICIAL_DAILY""]",False
1609,TPE,TPE:1609,3ce3135b-f367-41ed-affa-6b831e8552c2,2026-08-13,126,True,37.750000000000000000,,False,False,UNAVAILABLE,UNAVAILABLE,False,KNOWN_EVENT,KNOWN_VERIFIED_BREAKING_EVENT_FOUND,PUBLICATION_BLOCKED,BLOCKED,UNAVAILABLE,14,KNOWN_CONTINUITY_EVENT,"[""KNOWN_CONTINUITY_EVENT"", ""KNOWN_VERIFIED_EVENT_REQUIRES_EVENT_AWARE_HANDLING""]",[],UNAVAILABLE,KNOWN_VERIFIED_EVENT_REQUIRES_EVENT_AWARE_HANDLING,CONTINUITY_UNKNOWN,"[""TWSE_OFFICIAL_DAILY""]",False
1611,TPE,TPE:1611,3f9bd117-b5ce-47cc-bc74-5ee3a26a9086,2026-08-13,126,True,12.050000000000000000,12.581666666666666666666666666666666666666666666667,True,False,INELIGIBLE,INELIGIBLE,False,KNOWN_EVENT,NO_KNOWN_VERIFIED_BREAKING_EVENT_FOUND,PUBLICATION_BLOCKED,BLOCKED,UNAVAILABLE,12,BELOW_MA60,"[""BELOW_MA60"", ""TECHNICAL_V0_INELIGIBLE""]",[],FORMAL,,CONTINUITY_UNKNOWN,"[""TWSE_OFFICIAL_DAILY""]",False
1612,TPE,TPE:1612,cdff5218-4d69-4ef6-b80a-eb0e277231f2,2026-08-13,126,True,34.300000000000000000,,False,False,UNAVAILABLE,UNAVAILABLE,False,KNOWN_EVENT,KNOWN_VERIFIED_BREAKING_EVENT_FOUND,PUBLICATION_BLOCKED,BLOCKED,UNAVAILABLE,14,KNOWN_CONTINUITY_EVENT,"[""KNOWN_CONTINUITY_EVENT"", ""KNOWN_VERIFIED_EVENT_REQUIRES_EVENT_AWARE_HANDLING""]",[],UNAVAILABLE,KNOWN_VERIFIED_EVENT_REQUIRES_EVENT_AWARE_HANDLING,CONTINUITY_UNKNOWN,"[""TWSE_OFFICIAL_DAILY""]",False
1708,TPE,TPE:1708,22cf4554-08ed-4adf-84c0-6aed60a214af,2026-08-13,126,True,49.300000000000000000,,False,False,UNAVAILABLE,UNAVAILABLE,False,KNOWN_EVENT,KNOWN_VERIFIED_BREAKING_EVENT_FOUND,PUBLICATION_BLOCKED,BLOCKED,UNAVAILABLE,14,KNOWN_CONTINUITY_EVENT,"[""KNOWN_CONTINUITY_EVENT"", ""KNOWN_VERIFIED_EVENT_REQUIRES_EVENT_AWARE_HANDLING""]",[],UNAVAILABLE,KNOWN_VERIFIED_EVENT_REQUIRES_EVENT_AWARE_HANDLING,CONTINUITY_UNKNOWN,"[""TWSE_OFFICIAL_DAILY""]",False
1711,TPE,TPE:1711,3b1a54aa-0246-4280-89a5-530b55784017,2026-08-13,126,True,39.700000000000000000,42.502500000000000000,True,False,INELIGIBLE,INELIGIBLE,False,LOOKUP_UNAVAILABLE,EVENT_LOOKUP_UNAVAILABLE,PUBLICATION_BLOCKED,BLOCKED,UNAVAILABLE,14,BELOW_MA60,"[""BELOW_MA60"", ""TECHNICAL_V0_INELIGIBLE""]","[""EVENT_LOOKUP_UNAVAILABLE""]",FORMAL_WITH_LIMITATION,,CONTINUITY_UNKNOWN,"[""TWSE_OFFICIAL_DAILY""]",False
1714,TPE,TPE:1714,728f1c66-9190-4893-9395-d5149c650866,2026-08-13,126,True,16.700000000000000000,15.179666666666666666666666666666666666666666666667,True,True,VALID,ELIGIBLE,True,LOOKUP_UNAVAILABLE,EVENT_LOOKUP_UNAVAILABLE,PUBLICATION_AVAILABLE_WITH_LIMITATION,AVAILABLE_WITH_LIMITATION,FORMAL_WITH_LIMITATION,14,EVENT_LOOKUP_UNAVAILABLE,"[""EVENT_LOOKUP_UNAVAILABLE""]","[""EVENT_LOOKUP_UNAVAILABLE""]",FORMAL_WITH_LIMITATION,,CONTINUITY_UNKNOWN,"[""TWSE_OFFICIAL_DAILY""]",False
1723,TPE,TPE:1723,421210f8-3987-40f5-8cec-25d94c875277,2026-08-13,126,True,83.600000000000000000,,False,False,UNAVAILABLE,UNAVAILABLE,False,KNOWN_EVENT,KNOWN_VERIFIED_BREAKING_EVENT_FOUND,PUBLICATION_BLOCKED,BLOCKED,UNAVAILABLE,14,KNOWN_CONTINUITY_EVENT,"[""KNOWN_CONTINUITY_EVENT"", ""KNOWN_VERIFIED_EVENT_REQUIRES_EVENT_AWARE_HANDLING""]",[],UNAVAILABLE,KNOWN_VERIFIED_EVENT_REQUIRES_EVENT_AWARE_HANDLING,CONTINUITY_UNKNOWN,"[""TWSE_OFFICIAL_DAILY""]",False
1725,TPE,TPE:1725,d6f41257-2315-428c-9fe4-391536bbe6d8,2026-08-13,126,True,31.100000000000000000,,False,False,UNAVAILABLE,UNAVAILABLE,False,KNOWN_EVENT,KNOWN_VERIFIED_BREAKING_EVENT_FOUND,PUBLICATION_BLOCKED,BLOCKED,UNAVAILABLE,14,KNOWN_CONTINUITY_EVENT,"[""KNOWN_CONTINUITY_EVENT"", ""KNOWN_VERIFIED_EVENT_REQUIRES_EVENT_AWARE_HANDLING""]",[],UNAVAILABLE,KNOWN_VERIFIED_EVENT_REQUIRES_EVENT_AWARE_HANDLING,CONTINUITY_UNKNOWN,"[""TWSE_OFFICIAL_DAILY""]",False
1727,TPE,TPE:1727,e99eb870-4d74-4a0a-8c89-edb236038033,2026-08-13,126,True,76.400000000000000000,,False,False,UNAVAILABLE,UNAVAILABLE,False,KNOWN_EVENT,KNOWN_VERIFIED_BREAKING_EVENT_FOUND,PUBLICATION_BLOCKED,BLOCKED,UNAVAILABLE,14,KNOWN_CONTINUITY_EVENT,"[""KNOWN_CONTINUITY_EVENT"", ""KNOWN_VERIFIED_EVENT_REQUIRES_EVENT_AWARE_HANDLING""]",[],UNAVAILABLE,KNOWN_VERIFIED_EVENT_REQUIRES_EVENT_AWARE_HANDLING,CONTINUITY_UNKNOWN,"[""TWSE_OFFICIAL_DAILY""]",False
1773,TPE,TPE:1773,8654c6e7-cf99-41c6-944f-6a3c51fefb3a,2026-08-13,126,True,160.500000000000000000,,False,False,UNAVAILABLE,UNAVAILABLE,False,KNOWN_EVENT,KNOWN_VERIFIED_BREAKING_EVENT_FOUND,PUBLICATION_BLOCKED,BLOCKED,UNAVAILABLE,14,KNOWN_CONTINUITY_EVENT,"[""KNOWN_CONTINUITY_EVENT"", ""KNOWN_VERIFIED_EVENT_REQUIRES_EVENT_AWARE_HANDLING""]",[],UNAVAILABLE,KNOWN_VERIFIED_EVENT_REQUIRES_EVENT_AWARE_HANDLING,CONTINUITY_UNKNOWN,"[""TWSE_OFFICIAL_DAILY""]",False
1802,TPE,TPE:1802,22ae42fc-f5b0-4fef-b182-6491e10f7734,2026-08-13,126,True,56.900000000000000000,62.722500000000000000,True,False,INELIGIBLE,INELIGIBLE,False,LOOKUP_UNAVAILABLE,EVENT_LOOKUP_UNAVAILABLE,PUBLICATION_BLOCKED,BLOCKED,UNAVAILABLE,14,BELOW_MA60,"[""BELOW_MA60"", ""TECHNICAL_V0_INELIGIBLE""]","[""EVENT_LOOKUP_UNAVAILABLE""]",FORMAL_WITH_LIMITATION,,CONTINUITY_UNKNOWN,"[""TWSE_OFFICIAL_DAILY""]",False
1810,TPE,TPE:1810,f3ef1da3-6431-4e46-aa45-aa0b5a01bd32,2026-08-13,126,True,25.050000000000000000,,False,False,UNAVAILABLE,UNAVAILABLE,False,KNOWN_EVENT,KNOWN_VERIFIED_BREAKING_EVENT_FOUND,PUBLICATION_BLOCKED,BLOCKED,UNAVAILABLE,14,KNOWN_CONTINUITY_EVENT,"[""KNOWN_CONTINUITY_EVENT"", ""KNOWN_VERIFIED_EVENT_REQUIRES_EVENT_AWARE_HANDLING""]",[],UNAVAILABLE,KNOWN_VERIFIED_EVENT_REQUIRES_EVENT_AWARE_HANDLING,CONTINUITY_UNKNOWN,"[""TWSE_OFFICIAL_DAILY""]",False
2002,TPE,TPE:2002,972c465c-3bcd-424a-b92c-8935510d61cd,2026-08-13,126,True,19.200000000000000000,,False,False,UNAVAILABLE,UNAVAILABLE,False,KNOWN_EVENT,KNOWN_VERIFIED_BREAKING_EVENT_FOUND,PUBLICATION_BLOCKED,BLOCKED,UNAVAILABLE,14,KNOWN_CONTINUITY_EVENT,"[""KNOWN_CONTINUITY_EVENT"", ""KNOWN_VERIFIED_EVENT_REQUIRES_EVENT_AWARE_HANDLING""]",[],UNAVAILABLE,KNOWN_VERIFIED_EVENT_REQUIRES_EVENT_AWARE_HANDLING,CONTINUITY_UNKNOWN,"[""TWSE_OFFICIAL_DAILY""]",False
2007,TPE,TPE:2007,93f14253-7e40-4d3c-95a4-fb1c18e755f9,2026-08-13,126,True,7.010000000000000000,7.2756666666666666666666666666666666666666666666667,True,False,INELIGIBLE,INELIGIBLE,False,LOOKUP_UNAVAILABLE,EVENT_LOOKUP_UNAVAILABLE,PUBLICATION_BLOCKED,BLOCKED,UNAVAILABLE,14,BELOW_MA60,"[""BELOW_MA60"", ""TECHNICAL_V0_INELIGIBLE""]","[""EVENT_LOOKUP_UNAVAILABLE""]",FORMAL_WITH_LIMITATION,,CONTINUITY_UNKNOWN,"[""TWSE_OFFICIAL_DAILY""]",False
2009,TPE,TPE:2009,de2050e6-668c-428d-ba51-4dd90ee2e9bd,2026-08-13,126,True,39.700000000000000000,,False,False,UNAVAILABLE,UNAVAILABLE,False,KNOWN_EVENT,KNOWN_VERIFIED_BREAKING_EVENT_FOUND,PUBLICATION_BLOCKED,BLOCKED,UNAVAILABLE,14,KNOWN_CONTINUITY_EVENT,"[""KNOWN_CONTINUITY_EVENT"", ""KNOWN_VERIFIED_EVENT_REQUIRES_EVENT_AWARE_HANDLING""]",[],UNAVAILABLE,KNOWN_VERIFIED_EVENT_REQUIRES_EVENT_AWARE_HANDLING,CONTINUITY_UNKNOWN,"[""TWSE_OFFICIAL_DAILY""]",False
2025,TPE,TPE:2025,4869d4c0-c5e7-4c36-81a7-16f550afb121,2026-08-13,126,True,12.700000000000000000,12.680000000000000000,True,True,VALID,ELIGIBLE,True,LOOKUP_UNAVAILABLE,EVENT_LOOKUP_UNAVAILABLE,PUBLICATION_AVAILABLE_WITH_LIMITATION,AVAILABLE_WITH_LIMITATION,FORMAL_WITH_LIMITATION,14,EVENT_LOOKUP_UNAVAILABLE,"[""EVENT_LOOKUP_UNAVAILABLE""]","[""EVENT_LOOKUP_UNAVAILABLE""]",FORMAL_WITH_LIMITATION,,CONTINUITY_UNKNOWN,"[""TWSE_OFFICIAL_DAILY""]",False
2027,TPE,TPE:2027,f5a328c7-4dfc-45da-befb-bab6c3af3f22,2026-08-13,126,True,50.400000000000000000,,False,False,UNAVAILABLE,UNAVAILABLE,False,KNOWN_EVENT,KNOWN_VERIFIED_BREAKING_EVENT_FOUND,PUBLICATION_BLOCKED,BLOCKED,UNAVAILABLE,14,KNOWN_CONTINUITY_EVENT,"[""KNOWN_CONTINUITY_EVENT"", ""KNOWN_VERIFIED_EVENT_REQUIRES_EVENT_AWARE_HANDLING""]",[],UNAVAILABLE,KNOWN_VERIFIED_EVENT_REQUIRES_EVENT_AWARE_HANDLING,CONTINUITY_UNKNOWN,"[""TWSE_OFFICIAL_DAILY""]",False
2031,TPE,TPE:2031,4c8d8f5f-269d-4e4d-85ec-c3d1b66d5bda,2026-08-13,126,True,45.950000000000000000,,False,False,UNAVAILABLE,UNAVAILABLE,False,KNOWN_EVENT,KNOWN_VERIFIED_BREAKING_EVENT_FOUND,PUBLICATION_BLOCKED,BLOCKED,UNAVAILABLE,14,KNOWN_CONTINUITY_EVENT,"[""KNOWN_CONTINUITY_EVENT"", ""KNOWN_VERIFIED_EVENT_REQUIRES_EVENT_AWARE_HANDLING""]",[],UNAVAILABLE,KNOWN_VERIFIED_EVENT_REQUIRES_EVENT_AWARE_HANDLING,CONTINUITY_UNKNOWN,"[""TWSE_OFFICIAL_DAILY""]",False
2034,TPE,TPE:2034,753fcc63-203d-4e68-9746-2cc859b2ba12,2026-08-13,126,True,20.050000000000000000,,False,False,UNAVAILABLE,UNAVAILABLE,False,KNOWN_EVENT,KNOWN_VERIFIED_BREAKING_EVENT_FOUND,PUBLICATION_BLOCKED,BLOCKED,UNAVAILABLE,14,KNOWN_CONTINUITY_EVENT,"[""KNOWN_CONTINUITY_EVENT"", ""KNOWN_VERIFIED_EVENT_REQUIRES_EVENT_AWARE_HANDLING""]",[],UNAVAILABLE,KNOWN_VERIFIED_EVENT_REQUIRES_EVENT_AWARE_HANDLING,CONTINUITY_UNKNOWN,"[""TWSE_OFFICIAL_DAILY""]",False
2049,TPE,TPE:2049,d26bc5f0-5515-48eb-9d20-4d83391f883a,2026-08-13,126,True,381.000000000000000000,,False,False,UNAVAILABLE,UNAVAILABLE,False,KNOWN_EVENT,KNOWN_VERIFIED_BREAKING_EVENT_FOUND,PUBLICATION_BLOCKED,BLOCKED,UNAVAILABLE,14,KNOWN_CONTINUITY_EVENT,"[""KNOWN_CONTINUITY_EVENT"", ""KNOWN_VERIFIED_EVENT_REQUIRES_EVENT_AWARE_HANDLING""]",[],UNAVAILABLE,KNOWN_VERIFIED_EVENT_REQUIRES_EVENT_AWARE_HANDLING,CONTINUITY_UNKNOWN,"[""TWSE_OFFICIAL_DAILY""]",False
2059,TPE,TPE:2059,47e2cebd-23f0-43d2-b8d8-a917d4875ba1,2026-08-13,126,True,12235.000000000000000000,7480.8333333333333333333333333333333333333333333333,True,True,VALID,ELIGIBLE,True,LOOKUP_UNAVAILABLE,EVENT_LOOKUP_UNAVAILABLE,PUBLICATION_AVAILABLE_WITH_LIMITATION,AVAILABLE_WITH_LIMITATION,FORMAL_WITH_LIMITATION,14,EVENT_LOOKUP_UNAVAILABLE,"[""EVENT_LOOKUP_UNAVAILABLE""]","[""EVENT_LOOKUP_UNAVAILABLE""]",FORMAL_WITH_LIMITATION,,CONTINUITY_UNKNOWN,"[""TWSE_OFFICIAL_DAILY""]",False
2103,TPE,TPE:2103,75c6808b-f617-420a-8ea2-f8b22fae199f,2026-08-13,126,True,28.100000000000000000,,False,False,UNAVAILABLE,UNAVAILABLE,False,KNOWN_EVENT,KNOWN_VERIFIED_BREAKING_EVENT_FOUND,PUBLICATION_BLOCKED,BLOCKED,UNAVAILABLE,14,KNOWN_CONTINUITY_EVENT,"[""KNOWN_CONTINUITY_EVENT"", ""KNOWN_VERIFIED_EVENT_REQUIRES_EVENT_AWARE_HANDLING""]",[],UNAVAILABLE,KNOWN_VERIFIED_EVENT_REQUIRES_EVENT_AWARE_HANDLING,CONTINUITY_UNKNOWN,"[""TWSE_OFFICIAL_DAILY""]",False
2104,TPE,TPE:2104,a9e267f5-106f-4a7d-bbcc-40eb4b2d6fae,2026-08-13,126,True,10.200000000000000000,10.333333333333333333333333333333333333333333333333,True,False,INELIGIBLE,INELIGIBLE,False,LOOKUP_UNAVAILABLE,EVENT_LOOKUP_UNAVAILABLE,PUBLICATION_BLOCKED,BLOCKED,UNAVAILABLE,14,BELOW_MA60,"[""BELOW_MA60"", ""TECHNICAL_V0_INELIGIBLE""]","[""EVENT_LOOKUP_UNAVAILABLE""]",FORMAL_WITH_LIMITATION,,CONTINUITY_UNKNOWN,"[""TWSE_OFFICIAL_DAILY""]",False
2108,TPE,TPE:2108,22aaacce-f30c-485e-a125-eb8c73bd3a9f,2026-08-13,126,True,30.300000000000000000,28.451666666666666666666666666666666666666666666667,True,True,VALID,ELIGIBLE,True,KNOWN_EVENT,NO_KNOWN_VERIFIED_BREAKING_EVENT_FOUND,PUBLICATION_AVAILABLE_WITH_LIMITATION,AVAILABLE_WITH_LIMITATION,FORMAL_WITH_LIMITATION,12,KNOWN_EVENT_HANDLED,"[""KNOWN_EVENT_HANDLED""]","[""KNOWN_EVENT_HANDLED""]",FORMAL,,CONTINUITY_UNKNOWN,"[""TWSE_OFFICIAL_DAILY""]",False
2241,TPE,TPE:2241,5a894201-0c59-487f-8e10-915acbfdb897,2026-08-13,126,True,33.300000000000000000,38.686666666666666666666666666666666666666666666667,True,False,INELIGIBLE,INELIGIBLE,False,LOOKUP_UNAVAILABLE,EVENT_LOOKUP_UNAVAILABLE,PUBLICATION_BLOCKED,BLOCKED,UNAVAILABLE,14,BELOW_MA60,"[""BELOW_MA60"", ""TECHNICAL_V0_INELIGIBLE""]","[""EVENT_LOOKUP_UNAVAILABLE""]",FORMAL_WITH_LIMITATION,,CONTINUITY_UNKNOWN,"[""TWSE_OFFICIAL_DAILY""]",False
2243,TPE,TPE:2243,7ac47933-0f95-486e-bc90-7879ba8f6e8b,2026-08-13,126,True,39.700000000000000000,42.871666666666666666666666666666666666666666666667,True,False,INELIGIBLE,INELIGIBLE,False,LOOKUP_UNAVAILABLE,EVENT_LOOKUP_UNAVAILABLE,PUBLICATION_BLOCKED,BLOCKED,UNAVAILABLE,14,BELOW_MA60,"[""BELOW_MA60"", ""TECHNICAL_V0_INELIGIBLE""]","[""EVENT_LOOKUP_UNAVAILABLE""]",FORMAL_WITH_LIMITATION,,CONTINUITY_UNKNOWN,"[""TWSE_OFFICIAL_DAILY""]",False
2301,TPE,TPE:2301,ec3ac1e5-4926-4555-b25b-79d0b8eb85db,2026-08-13,126,True,269.500000000000000000,222.53333333333333333333333333333333333333333333333,True,True,VALID,ELIGIBLE,True,KNOWN_EVENT,NO_KNOWN_VERIFIED_BREAKING_EVENT_FOUND,PUBLICATION_AVAILABLE_WITH_LIMITATION,AVAILABLE_WITH_LIMITATION,FORMAL_WITH_LIMITATION,11,KNOWN_EVENT_HANDLED,"[""KNOWN_EVENT_HANDLED""]","[""KNOWN_EVENT_HANDLED""]",FORMAL,,CONTINUITY_UNKNOWN,"[""TWSE_OFFICIAL_DAILY""]",False
2302,TPE,TPE:2302,7fcb8319-f332-4bb6-ac93-fdaa63a99ee2,2026-08-13,126,True,45.200000000000000000,,False,False,UNAVAILABLE,UNAVAILABLE,False,KNOWN_EVENT,KNOWN_VERIFIED_BREAKING_EVENT_FOUND,PUBLICATION_BLOCKED,BLOCKED,UNAVAILABLE,14,KNOWN_CONTINUITY_EVENT,"[""KNOWN_CONTINUITY_EVENT"", ""KNOWN_VERIFIED_EVENT_REQUIRES_EVENT_AWARE_HANDLING""]",[],UNAVAILABLE,KNOWN_VERIFIED_EVENT_REQUIRES_EVENT_AWARE_HANDLING,CONTINUITY_UNKNOWN,"[""TWSE_OFFICIAL_DAILY""]",False
2303,TPE,TPE:2303,c8ed9530-ea9e-46b3-9f0b-a6bcea91ae89,2026-08-13,126,True,124.500000000000000000,,False,False,UNAVAILABLE,UNAVAILABLE,False,KNOWN_EVENT,KNOWN_VERIFIED_BREAKING_EVENT_FOUND,PUBLICATION_BLOCKED,BLOCKED,UNAVAILABLE,14,KNOWN_CONTINUITY_EVENT,"[""KNOWN_CONTINUITY_EVENT"", ""KNOWN_VERIFIED_EVENT_REQUIRES_EVENT_AWARE_HANDLING""]",[],UNAVAILABLE,KNOWN_VERIFIED_EVENT_REQUIRES_EVENT_AWARE_HANDLING,CONTINUITY_UNKNOWN,"[""TWSE_OFFICIAL_DAILY""]",False
2305,TPE,TPE:2305,1d20f11f-9f03-4a66-ab9b-b654e7c5b0dc,2026-08-13,126,True,30.550000000000000000,29.945833333333333333333333333333333333333333333333,True,True,VALID,ELIGIBLE,True,LOOKUP_UNAVAILABLE,EVENT_LOOKUP_UNAVAILABLE,PUBLICATION_AVAILABLE_WITH_LIMITATION,AVAILABLE_WITH_LIMITATION,FORMAL_WITH_LIMITATION,14,EVENT_LOOKUP_UNAVAILABLE,"[""EVENT_LOOKUP_UNAVAILABLE""]","[""EVENT_LOOKUP_UNAVAILABLE""]",FORMAL_WITH_LIMITATION,,CONTINUITY_UNKNOWN,"[""TWSE_OFFICIAL_DAILY""]",False
2308,TPE,TPE:2308,9fd838f0-cb23-420d-a03a-a46b600d8e48,2026-08-13,126,True,1885.000000000000000000,,False,False,UNAVAILABLE,UNAVAILABLE,False,KNOWN_EVENT,KNOWN_VERIFIED_BREAKING_EVENT_FOUND,PUBLICATION_BLOCKED,BLOCKED,UNAVAILABLE,14,KNOWN_CONTINUITY_EVENT,"[""KNOWN_CONTINUITY_EVENT"", ""KNOWN_VERIFIED_EVENT_REQUIRES_EVENT_AWARE_HANDLING""]",[],UNAVAILABLE,KNOWN_VERIFIED_EVENT_REQUIRES_EVENT_AWARE_HANDLING,CONTINUITY_UNKNOWN,"[""TWSE_OFFICIAL_DAILY""]",False
2312,TPE,TPE:2312,00db1c22-a918-4c93-a0ee-228dd78e2a65,2026-08-13,126,True,33.150000000000000000,,False,False,UNAVAILABLE,UNAVAILABLE,False,KNOWN_EVENT,KNOWN_VERIFIED_BREAKING_EVENT_FOUND,PUBLICATION_BLOCKED,BLOCKED,UNAVAILABLE,14,KNOWN_CONTINUITY_EVENT,"[""KNOWN_CONTINUITY_EVENT"", ""KNOWN_VERIFIED_EVENT_REQUIRES_EVENT_AWARE_HANDLING""]",[],UNAVAILABLE,KNOWN_VERIFIED_EVENT_REQUIRES_EVENT_AWARE_HANDLING,CONTINUITY_UNKNOWN,"[""TWSE_OFFICIAL_DAILY""]",False
2313,TPE,TPE:2313,edfce0ac-d65a-47aa-a0b4-b29d10bb7cbf,2026-08-13,126,True,212.000000000000000000,,False,False,UNAVAILABLE,UNAVAILABLE,False,KNOWN_EVENT,KNOWN_VERIFIED_BREAKING_EVENT_FOUND,PUBLICATION_BLOCKED,BLOCKED,UNAVAILABLE,14,KNOWN_CONTINUITY_EVENT,"[""KNOWN_CONTINUITY_EVENT"", ""KNOWN_VERIFIED_EVENT_REQUIRES_EVENT_AWARE_HANDLING""]",[],UNAVAILABLE,KNOWN_VERIFIED_EVENT_REQUIRES_EVENT_AWARE_HANDLING,CONTINUITY_UNKNOWN,"[""TWSE_OFFICIAL_DAILY""]",False
2314,TPE,TPE:2314,e5c5479b-e877-475c-9710-19e33d583966,2026-08-13,126,True,11.400000000000000000,14.000833333333333333333333333333333333333333333333,True,False,INELIGIBLE,INELIGIBLE,False,LOOKUP_UNAVAILABLE,EVENT_LOOKUP_UNAVAILABLE,PUBLICATION_BLOCKED,BLOCKED,UNAVAILABLE,14,BELOW_MA60,"[""BELOW_MA60"", ""TECHNICAL_V0_INELIGIBLE""]","[""EVENT_LOOKUP_UNAVAILABLE""]",FORMAL_WITH_LIMITATION,,CONTINUITY_UNKNOWN,"[""TWSE_OFFICIAL_DAILY""]",False
2316,TPE,TPE:2316,5008cfd2-8c73-4dea-98b8-27193b38888e,2026-08-13,126,True,164.000000000000000000,,False,False,UNAVAILABLE,UNAVAILABLE,False,KNOWN_EVENT,KNOWN_VERIFIED_BREAKING_EVENT_FOUND,PUBLICATION_BLOCKED,BLOCKED,UNAVAILABLE,14,KNOWN_CONTINUITY_EVENT,"[""KNOWN_CONTINUITY_EVENT"", ""KNOWN_VERIFIED_EVENT_REQUIRES_EVENT_AWARE_HANDLING""]",[],UNAVAILABLE,KNOWN_VERIFIED_EVENT_REQUIRES_EVENT_AWARE_HANDLING,CONTINUITY_UNKNOWN,"[""TWSE_OFFICIAL_DAILY""]",False
2317,TPE,TPE:2317,b7a2ab30-4972-4fa6-978b-6efea96c61c2,2026-08-13,126,True,262.000000000000000000,,False,False,UNAVAILABLE,UNAVAILABLE,False,KNOWN_EVENT,KNOWN_VERIFIED_BREAKING_EVENT_FOUND,PUBLICATION_BLOCKED,BLOCKED,UNAVAILABLE,14,KNOWN_CONTINUITY_EVENT,"[""KNOWN_CONTINUITY_EVENT"", ""KNOWN_VERIFIED_EVENT_REQUIRES_EVENT_AWARE_HANDLING""]",[],UNAVAILABLE,KNOWN_VERIFIED_EVENT_REQUIRES_EVENT_AWARE_HANDLING,CONTINUITY_UNKNOWN,"[""TWSE_OFFICIAL_DAILY""]",False
2324,TPE,TPE:2324,41a45fd3-9ca7-4c4e-bf12-11a9580c6eed,2026-08-13,126,True,39.300000000000000000,36.459166666666666666666666666666666666666666666667,True,True,VALID,ELIGIBLE,True,KNOWN_EVENT,NO_KNOWN_VERIFIED_BREAKING_EVENT_FOUND,PUBLICATION_AVAILABLE_WITH_LIMITATION,AVAILABLE_WITH_LIMITATION,FORMAL_WITH_LIMITATION,12,KNOWN_EVENT_HANDLED,"[""KNOWN_EVENT_HANDLED""]","[""KNOWN_EVENT_HANDLED""]",FORMAL,,CONTINUITY_UNKNOWN,"[""TWSE_OFFICIAL_DAILY""]",False
2327,TPE,TPE:2327,80a598d5-f77b-4659-9272-24b59744fe4b,2026-08-13,126,True,662.000000000000000000,,False,False,UNAVAILABLE,UNAVAILABLE,False,KNOWN_EVENT,KNOWN_VERIFIED_BREAKING_EVENT_FOUND,PUBLICATION_BLOCKED,BLOCKED,UNAVAILABLE,14,KNOWN_CONTINUITY_EVENT,"[""KNOWN_CONTINUITY_EVENT"", ""KNOWN_VERIFIED_EVENT_REQUIRES_EVENT_AWARE_HANDLING""]",[],UNAVAILABLE,KNOWN_VERIFIED_EVENT_REQUIRES_EVENT_AWARE_HANDLING,CONTINUITY_UNKNOWN,"[""TWSE_OFFICIAL_DAILY""]",False
2330,TPE,TPE:2330,42525429-3938-43d2-b9c5-3217b6853076,2026-08-13,126,True,2435.000000000000000000,,False,False,UNAVAILABLE,UNAVAILABLE,False,KNOWN_EVENT,KNOWN_VERIFIED_BREAKING_EVENT_FOUND,PUBLICATION_BLOCKED,BLOCKED,UNAVAILABLE,10,KNOWN_CONTINUITY_EVENT,"[""KNOWN_CONTINUITY_EVENT"", ""KNOWN_VERIFIED_EVENT_REQUIRES_EVENT_AWARE_HANDLING""]",[],UNAVAILABLE,KNOWN_VERIFIED_EVENT_REQUIRES_EVENT_AWARE_HANDLING,CONTINUITY_UNKNOWN,"[""TWSE_OFFICIAL_DAILY""]",False
2332,TPE,TPE:2332,8cf9f3a9-0a9d-44e7-aaf5-a0e17a406138,2026-08-13,126,True,22.650000000000000000,19.519166666666666666666666666666666666666666666667,True,True,VALID,ELIGIBLE,True,LOOKUP_UNAVAILABLE,EVENT_LOOKUP_UNAVAILABLE,PUBLICATION_AVAILABLE_WITH_LIMITATION,AVAILABLE_WITH_LIMITATION,FORMAL_WITH_LIMITATION,14,EVENT_LOOKUP_UNAVAILABLE,"[""EVENT_LOOKUP_UNAVAILABLE""]","[""EVENT_LOOKUP_UNAVAILABLE""]",FORMAL_WITH_LIMITATION,,CONTINUITY_UNKNOWN,"[""TWSE_OFFICIAL_DAILY""]",False
2337,TPE,TPE:2337,86571306-b5a2-48ee-b6fb-04cc6e637c8e,2026-08-13,126,True,136.500000000000000000,142.59666666666666666666666666666666666666666666667,True,False,INELIGIBLE,INELIGIBLE,False,LOOKUP_UNAVAILABLE,EVENT_LOOKUP_UNAVAILABLE,PUBLICATION_BLOCKED,BLOCKED,UNAVAILABLE,14,BELOW_MA60,"[""BELOW_MA60"", ""TECHNICAL_V0_INELIGIBLE""]","[""EVENT_LOOKUP_UNAVAILABLE""]",FORMAL_WITH_LIMITATION,,CONTINUITY_UNKNOWN,"[""TWSE_OFFICIAL_DAILY""]",False
2342,TPE,TPE:2342,0f3a4455-74ab-42b0-9570-7763bea56c45,2026-08-13,126,True,39.250000000000000000,44.192500000000000000,True,False,INELIGIBLE,INELIGIBLE,False,LOOKUP_UNAVAILABLE,EVENT_LOOKUP_UNAVAILABLE,PUBLICATION_BLOCKED,BLOCKED,UNAVAILABLE,14,BELOW_MA60,"[""BELOW_MA60"", ""TECHNICAL_V0_INELIGIBLE""]","[""EVENT_LOOKUP_UNAVAILABLE""]",FORMAL_WITH_LIMITATION,,CONTINUITY_UNKNOWN,"[""TWSE_OFFICIAL_DAILY""]",False
2344,TPE,TPE:2344,6d541c04-046b-43cf-b5e9-7784bcb8cd45,2026-08-13,126,True,177.000000000000000000,168.475000000000000000,True,True,VALID,ELIGIBLE,True,KNOWN_EVENT,NO_KNOWN_VERIFIED_BREAKING_EVENT_FOUND,PUBLICATION_AVAILABLE_WITH_LIMITATION,AVAILABLE_WITH_LIMITATION,FORMAL_WITH_LIMITATION,12,KNOWN_EVENT_HANDLED,"[""KNOWN_EVENT_HANDLED""]","[""KNOWN_EVENT_HANDLED""]",FORMAL,,CONTINUITY_UNKNOWN,"[""TWSE_OFFICIAL_DAILY""]",False
2345,TPE,TPE:2345,9e8a09e0-bd71-4044-966d-e75059c09efd,2026-08-13,126,True,2270.000000000000000000,,False,False,UNAVAILABLE,UNAVAILABLE,False,KNOWN_EVENT,KNOWN_VERIFIED_BREAKING_EVENT_FOUND,PUBLICATION_BLOCKED,BLOCKED,UNAVAILABLE,14,KNOWN_CONTINUITY_EVENT,"[""KNOWN_CONTINUITY_EVENT"", ""KNOWN_VERIFIED_EVENT_REQUIRES_EVENT_AWARE_HANDLING""]",[],UNAVAILABLE,KNOWN_VERIFIED_EVENT_REQUIRES_EVENT_AWARE_HANDLING,CONTINUITY_UNKNOWN,"[""TWSE_OFFICIAL_DAILY""]",False
2348,TPE,TPE:2348,05097e4b-5729-4f9b-974f-c58e0b07a78d,2026-08-13,126,True,69.800000000000000000,73.228333333333333333333333333333333333333333333333,True,False,INELIGIBLE,INELIGIBLE,False,LOOKUP_UNAVAILABLE,EVENT_LOOKUP_UNAVAILABLE,PUBLICATION_BLOCKED,BLOCKED,UNAVAILABLE,14,BELOW_MA60,"[""BELOW_MA60"", ""TECHNICAL_V0_INELIGIBLE""]","[""EVENT_LOOKUP_UNAVAILABLE""]",FORMAL_WITH_LIMITATION,,CONTINUITY_UNKNOWN,"[""TWSE_OFFICIAL_DAILY""]",False
2351,TPE,TPE:2351,b032f806-24a2-4595-b138-0dae26254ff7,2026-08-13,126,True,173.000000000000000000,,False,False,UNAVAILABLE,UNAVAILABLE,False,KNOWN_EVENT,KNOWN_VERIFIED_BREAKING_EVENT_FOUND,PUBLICATION_BLOCKED,BLOCKED,UNAVAILABLE,14,KNOWN_CONTINUITY_EVENT,"[""KNOWN_CONTINUITY_EVENT"", ""KNOWN_VERIFIED_EVENT_REQUIRES_EVENT_AWARE_HANDLING""]",[],UNAVAILABLE,KNOWN_VERIFIED_EVENT_REQUIRES_EVENT_AWARE_HANDLING,CONTINUITY_UNKNOWN,"[""TWSE_OFFICIAL_DAILY""]",False
2352,TPE,TPE:2352,afa9c5ad-044c-441e-992c-059f5dce5f00,2026-08-13,126,True,28.700000000000000000,,False,False,UNAVAILABLE,UNAVAILABLE,False,KNOWN_EVENT,KNOWN_VERIFIED_BREAKING_EVENT_FOUND,PUBLICATION_BLOCKED,BLOCKED,UNAVAILABLE,14,KNOWN_CONTINUITY_EVENT,"[""KNOWN_CONTINUITY_EVENT"", ""KNOWN_VERIFIED_EVENT_REQUIRES_EVENT_AWARE_HANDLING""]",[],UNAVAILABLE,KNOWN_VERIFIED_EVENT_REQUIRES_EVENT_AWARE_HANDLING,CONTINUITY_UNKNOWN,"[""TWSE_OFFICIAL_DAILY""]",False
2353,TPE,TPE:2353,735802c9-a221-494c-8485-0380b358cdf0,2026-08-13,126,True,31.550000000000000000,,False,False,UNAVAILABLE,UNAVAILABLE,False,KNOWN_EVENT,KNOWN_VERIFIED_BREAKING_EVENT_FOUND,PUBLICATION_BLOCKED,BLOCKED,UNAVAILABLE,14,KNOWN_CONTINUITY_EVENT,"[""KNOWN_CONTINUITY_EVENT"", ""KNOWN_VERIFIED_EVENT_REQUIRES_EVENT_AWARE_HANDLING""]",[],UNAVAILABLE,KNOWN_VERIFIED_EVENT_REQUIRES_EVENT_AWARE_HANDLING,CONTINUITY_UNKNOWN,"[""TWSE_OFFICIAL_DAILY""]",False
2355,TPE,TPE:2355,010416e4-0f88-470a-900d-d8fb7f78abf3,2026-08-13,126,True,43.100000000000000000,,False,False,UNAVAILABLE,UNAVAILABLE,False,KNOWN_EVENT,KNOWN_VERIFIED_BREAKING_EVENT_FOUND,PUBLICATION_BLOCKED,BLOCKED,UNAVAILABLE,14,KNOWN_CONTINUITY_EVENT,"[""KNOWN_CONTINUITY_EVENT"", ""KNOWN_VERIFIED_EVENT_REQUIRES_EVENT_AWARE_HANDLING""]",[],UNAVAILABLE,KNOWN_VERIFIED_EVENT_REQUIRES_EVENT_AWARE_HANDLING,CONTINUITY_UNKNOWN,"[""TWSE_OFFICIAL_DAILY""]",False
2356,TPE,TPE:2356,af99328e-710c-43d6-a9b0-4471567e8d7f,2026-08-13,126,True,68.800000000000000000,,False,False,UNAVAILABLE,UNAVAILABLE,False,KNOWN_EVENT,KNOWN_VERIFIED_BREAKING_EVENT_FOUND,PUBLICATION_BLOCKED,BLOCKED,UNAVAILABLE,14,KNOWN_CONTINUITY_EVENT,"[""KNOWN_CONTINUITY_EVENT"", ""KNOWN_VERIFIED_EVENT_REQUIRES_EVENT_AWARE_HANDLING""]",[],UNAVAILABLE,KNOWN_VERIFIED_EVENT_REQUIRES_EVENT_AWARE_HANDLING,CONTINUITY_UNKNOWN,"[""TWSE_OFFICIAL_DAILY""]",False
2357,TPE,TPE:2357,98c1a0fc-9d1a-492e-999e-2e8a20098971,2026-08-13,126,True,937.000000000000000000,,False,False,UNAVAILABLE,UNAVAILABLE,False,KNOWN_EVENT,KNOWN_VERIFIED_BREAKING_EVENT_FOUND,PUBLICATION_BLOCKED,BLOCKED,UNAVAILABLE,14,KNOWN_CONTINUITY_EVENT,"[""KNOWN_CONTINUITY_EVENT"", ""KNOWN_VERIFIED_EVENT_REQUIRES_EVENT_AWARE_HANDLING""]",[],UNAVAILABLE,KNOWN_VERIFIED_EVENT_REQUIRES_EVENT_AWARE_HANDLING,CONTINUITY_UNKNOWN,"[""TWSE_OFFICIAL_DAILY""]",False
2359,TPE,TPE:2359,0073de92-08ed-44dc-9ed8-42fe9cc8d4f5,2026-08-13,126,True,157.000000000000000000,,False,False,UNAVAILABLE,UNAVAILABLE,False,KNOWN_EVENT,KNOWN_VERIFIED_BREAKING_EVENT_FOUND,PUBLICATION_BLOCKED,BLOCKED,UNAVAILABLE,14,KNOWN_CONTINUITY_EVENT,"[""KNOWN_CONTINUITY_EVENT"", ""KNOWN_VERIFIED_EVENT_REQUIRES_EVENT_AWARE_HANDLING""]",[],UNAVAILABLE,KNOWN_VERIFIED_EVENT_REQUIRES_EVENT_AWARE_HANDLING,CONTINUITY_UNKNOWN,"[""TWSE_OFFICIAL_DAILY""]",False
2360,TPE,TPE:2360,c6108081-00ad-4b7b-b90b-c3a7a5edfe69,2026-08-13,126,True,2300.000000000000000000,,False,False,UNAVAILABLE,UNAVAILABLE,False,KNOWN_EVENT,KNOWN_VERIFIED_BREAKING_EVENT_FOUND,PUBLICATION_BLOCKED,BLOCKED,UNAVAILABLE,14,KNOWN_CONTINUITY_EVENT,"[""KNOWN_CONTINUITY_EVENT"", ""KNOWN_VERIFIED_EVENT_REQUIRES_EVENT_AWARE_HANDLING""]",[],UNAVAILABLE,KNOWN_VERIFIED_EVENT_REQUIRES_EVENT_AWARE_HANDLING,CONTINUITY_UNKNOWN,"[""TWSE_OFFICIAL_DAILY""]",False
2367,TPE,TPE:2367,a59f5323-1d55-4421-92bc-42d43b0cebe1,2026-08-13,126,True,45.000000000000000000,,False,False,UNAVAILABLE,UNAVAILABLE,False,KNOWN_EVENT,KNOWN_VERIFIED_BREAKING_EVENT_FOUND,PUBLICATION_BLOCKED,BLOCKED,UNAVAILABLE,14,KNOWN_CONTINUITY_EVENT,"[""KNOWN_CONTINUITY_EVENT"", ""KNOWN_VERIFIED_EVENT_REQUIRES_EVENT_AWARE_HANDLING""]",[],UNAVAILABLE,KNOWN_VERIFIED_EVENT_REQUIRES_EVENT_AWARE_HANDLING,CONTINUITY_UNKNOWN,"[""TWSE_OFFICIAL_DAILY""]",False
2368,TPE,TPE:2368,b7f4d7e5-4e68-476b-ae11-fe9c76d822fb,2026-08-13,126,True,1010.000000000000000000,,False,False,UNAVAILABLE,UNAVAILABLE,False,KNOWN_EVENT,KNOWN_VERIFIED_BREAKING_EVENT_FOUND,PUBLICATION_BLOCKED,BLOCKED,UNAVAILABLE,14,KNOWN_CONTINUITY_EVENT,"[""KNOWN_CONTINUITY_EVENT"", ""KNOWN_VERIFIED_EVENT_REQUIRES_EVENT_AWARE_HANDLING""]",[],UNAVAILABLE,KNOWN_VERIFIED_EVENT_REQUIRES_EVENT_AWARE_HANDLING,CONTINUITY_UNKNOWN,"[""TWSE_OFFICIAL_DAILY""]",False
2369,TPE,TPE:2369,69791437-8e7b-4ce5-a587-6d2e2ccd69c6,2026-08-13,126,True,32.950000000000000000,35.956666666666666666666666666666666666666666666667,True,False,INELIGIBLE,INELIGIBLE,False,LOOKUP_UNAVAILABLE,EVENT_LOOKUP_UNAVAILABLE,PUBLICATION_BLOCKED,BLOCKED,UNAVAILABLE,14,BELOW_MA60,"[""BELOW_MA60"", ""TECHNICAL_V0_INELIGIBLE""]","[""EVENT_LOOKUP_UNAVAILABLE""]",FORMAL_WITH_LIMITATION,,CONTINUITY_UNKNOWN,"[""TWSE_OFFICIAL_DAILY""]",False
2375,TPE,TPE:2375,e8fd425a-296c-4a73-86fc-6798bc39d4c0,2026-08-13,126,True,139.500000000000000000,,False,False,UNAVAILABLE,UNAVAILABLE,False,KNOWN_EVENT,KNOWN_VERIFIED_BREAKING_EVENT_FOUND,PUBLICATION_BLOCKED,BLOCKED,UNAVAILABLE,14,KNOWN_CONTINUITY_EVENT,"[""KNOWN_CONTINUITY_EVENT"", ""KNOWN_VERIFIED_EVENT_REQUIRES_EVENT_AWARE_HANDLING""]",[],UNAVAILABLE,KNOWN_VERIFIED_EVENT_REQUIRES_EVENT_AWARE_HANDLING,CONTINUITY_UNKNOWN,"[""TWSE_OFFICIAL_DAILY""]",False
2376,TPE,TPE:2376,43083870-9658-4030-9d0a-7f40bab4f092,2026-08-13,126,True,393.500000000000000000,,False,False,UNAVAILABLE,UNAVAILABLE,False,KNOWN_EVENT,KNOWN_VERIFIED_BREAKING_EVENT_FOUND,PUBLICATION_BLOCKED,BLOCKED,UNAVAILABLE,14,KNOWN_CONTINUITY_EVENT,"[""KNOWN_CONTINUITY_EVENT"", ""KNOWN_VERIFIED_EVENT_REQUIRES_EVENT_AWARE_HANDLING""]",[],UNAVAILABLE,KNOWN_VERIFIED_EVENT_REQUIRES_EVENT_AWARE_HANDLING,CONTINUITY_UNKNOWN,"[""TWSE_OFFICIAL_DAILY""]",False
2377,TPE,TPE:2377,a5882aa1-f6f5-442e-b465-c568a5fbb507,2026-08-13,126,True,168.000000000000000000,140.775000000000000000,True,True,VALID,ELIGIBLE,True,LOOKUP_UNAVAILABLE,EVENT_LOOKUP_UNAVAILABLE,PUBLICATION_AVAILABLE_WITH_LIMITATION,AVAILABLE_WITH_LIMITATION,FORMAL_WITH_LIMITATION,14,EVENT_LOOKUP_UNAVAILABLE,"[""EVENT_LOOKUP_UNAVAILABLE""]","[""EVENT_LOOKUP_UNAVAILABLE""]",FORMAL_WITH_LIMITATION,,CONTINUITY_UNKNOWN,"[""TWSE_OFFICIAL_DAILY""]",False
2379,TPE,TPE:2379,9520477e-ffe5-4814-a930-552aa9fb5958,2026-08-13,126,True,758.000000000000000000,715.76666666666666666666666666666666666666666666667,True,True,VALID,ELIGIBLE,True,LOOKUP_UNAVAILABLE,EVENT_LOOKUP_UNAVAILABLE,PUBLICATION_AVAILABLE_WITH_LIMITATION,AVAILABLE_WITH_LIMITATION,FORMAL_WITH_LIMITATION,14,EVENT_LOOKUP_UNAVAILABLE,"[""EVENT_LOOKUP_UNAVAILABLE""]","[""EVENT_LOOKUP_UNAVAILABLE""]",FORMAL_WITH_LIMITATION,,CONTINUITY_UNKNOWN,"[""TWSE_OFFICIAL_DAILY""]",False
2382,TPE,TPE:2382,c19aad4e-c6b7-4042-a446-664444b795aa,2026-08-13,126,True,325.000000000000000000,,False,False,UNAVAILABLE,UNAVAILABLE,False,KNOWN_EVENT,KNOWN_VERIFIED_BREAKING_EVENT_FOUND,PUBLICATION_BLOCKED,BLOCKED,UNAVAILABLE,14,KNOWN_CONTINUITY_EVENT,"[""KNOWN_CONTINUITY_EVENT"", ""KNOWN_VERIFIED_EVENT_REQUIRES_EVENT_AWARE_HANDLING""]",[],UNAVAILABLE,KNOWN_VERIFIED_EVENT_REQUIRES_EVENT_AWARE_HANDLING,CONTINUITY_UNKNOWN,"[""TWSE_OFFICIAL_DAILY""]",False
2383,TPE,TPE:2383,bc054530-6e9c-4f50-93ec-031842e2e361,2026-08-13,126,True,5690.000000000000000000,5121.4166666666666666666666666666666666666666666667,True,True,VALID,ELIGIBLE,True,LOOKUP_UNAVAILABLE,EVENT_LOOKUP_UNAVAILABLE,PUBLICATION_AVAILABLE_WITH_LIMITATION,AVAILABLE_WITH_LIMITATION,FORMAL_WITH_LIMITATION,14,EVENT_LOOKUP_UNAVAILABLE,"[""EVENT_LOOKUP_UNAVAILABLE""]","[""EVENT_LOOKUP_UNAVAILABLE""]",FORMAL_WITH_LIMITATION,,CONTINUITY_UNKNOWN,"[""TWSE_OFFICIAL_DAILY""]",False
2388,TPE,TPE:2388,6d6a87ce-8cfd-4cd2-9d0f-faec3dd89557,2026-08-13,126,True,76.100000000000000000,,False,False,UNAVAILABLE,UNAVAILABLE,False,KNOWN_EVENT,KNOWN_VERIFIED_BREAKING_EVENT_FOUND,PUBLICATION_BLOCKED,BLOCKED,UNAVAILABLE,14,KNOWN_CONTINUITY_EVENT,"[""KNOWN_CONTINUITY_EVENT"", ""KNOWN_VERIFIED_EVENT_REQUIRES_EVENT_AWARE_HANDLING""]",[],UNAVAILABLE,KNOWN_VERIFIED_EVENT_REQUIRES_EVENT_AWARE_HANDLING,CONTINUITY_UNKNOWN,"[""TWSE_OFFICIAL_DAILY""]",False
2395,TPE,TPE:2395,245fd0de-0daa-40e2-81fa-60428b0e9b5f,2026-08-13,126,True,698.000000000000000000,,False,False,UNAVAILABLE,UNAVAILABLE,False,KNOWN_EVENT,KNOWN_VERIFIED_BREAKING_EVENT_FOUND,PUBLICATION_BLOCKED,BLOCKED,UNAVAILABLE,14,KNOWN_CONTINUITY_EVENT,"[""KNOWN_CONTINUITY_EVENT"", ""KNOWN_VERIFIED_EVENT_REQUIRES_EVENT_AWARE_HANDLING""]",[],UNAVAILABLE,KNOWN_VERIFIED_EVENT_REQUIRES_EVENT_AWARE_HANDLING,CONTINUITY_UNKNOWN,"[""TWSE_OFFICIAL_DAILY""]",False
2399,TPE,TPE:2399,396afaa4-cf35-45de-9588-339e6229d970,2026-08-13,126,True,44.400000000000000000,45.020000000000000000,True,False,INELIGIBLE,INELIGIBLE,False,LOOKUP_UNAVAILABLE,EVENT_LOOKUP_UNAVAILABLE,PUBLICATION_BLOCKED,BLOCKED,UNAVAILABLE,14,BELOW_MA60,"[""BELOW_MA60"", ""TECHNICAL_V0_INELIGIBLE""]","[""EVENT_LOOKUP_UNAVAILABLE""]",FORMAL_WITH_LIMITATION,,CONTINUITY_UNKNOWN,"[""TWSE_OFFICIAL_DAILY""]",False
2401,TPE,TPE:2401,d3d66042-af1d-4a15-99f1-bce2a926d873,2026-08-13,126,True,27.200000000000000000,29.380833333333333333333333333333333333333333333333,True,False,INELIGIBLE,INELIGIBLE,False,LOOKUP_UNAVAILABLE,EVENT_LOOKUP_UNAVAILABLE,PUBLICATION_BLOCKED,BLOCKED,UNAVAILABLE,14,BELOW_MA60,"[""BELOW_MA60"", ""TECHNICAL_V0_INELIGIBLE""]","[""EVENT_LOOKUP_UNAVAILABLE""]",FORMAL_WITH_LIMITATION,,CONTINUITY_UNKNOWN,"[""TWSE_OFFICIAL_DAILY""]",False
2406,TPE,TPE:2406,48c143f0-a8a7-4e79-bdb3-fe14f8935e5b,2026-08-13,126,True,31.500000000000000000,34.683333333333333333333333333333333333333333333333,True,False,INELIGIBLE,INELIGIBLE,False,LOOKUP_UNAVAILABLE,EVENT_LOOKUP_UNAVAILABLE,PUBLICATION_BLOCKED,BLOCKED,UNAVAILABLE,14,BELOW_MA60,"[""BELOW_MA60"", ""TECHNICAL_V0_INELIGIBLE""]","[""EVENT_LOOKUP_UNAVAILABLE""]",FORMAL_WITH_LIMITATION,,CONTINUITY_UNKNOWN,"[""TWSE_OFFICIAL_DAILY""]",False
2408,TPE,TPE:2408,0a322e9b-e195-4f20-a921-5923c9c1e5e1,2026-08-13,126,True,514.000000000000000000,,False,False,UNAVAILABLE,UNAVAILABLE,False,KNOWN_EVENT,KNOWN_VERIFIED_BREAKING_EVENT_FOUND,PUBLICATION_BLOCKED,BLOCKED,UNAVAILABLE,14,KNOWN_CONTINUITY_EVENT,"[""KNOWN_CONTINUITY_EVENT"", ""KNOWN_VERIFIED_EVENT_REQUIRES_EVENT_AWARE_HANDLING""]",[],UNAVAILABLE,KNOWN_VERIFIED_EVENT_REQUIRES_EVENT_AWARE_HANDLING,CONTINUITY_UNKNOWN,"[""TWSE_OFFICIAL_DAILY""]",False
2409,TPE,TPE:2409,851095b6-9aaf-47a9-bfd2-3566d9a6f5fa,2026-08-13,126,True,25.750000000000000000,,False,False,UNAVAILABLE,UNAVAILABLE,False,KNOWN_EVENT,KNOWN_VERIFIED_BREAKING_EVENT_FOUND,PUBLICATION_BLOCKED,BLOCKED,UNAVAILABLE,14,KNOWN_CONTINUITY_EVENT,"[""KNOWN_CONTINUITY_EVENT"", ""KNOWN_VERIFIED_EVENT_REQUIRES_EVENT_AWARE_HANDLING""]",[],UNAVAILABLE,KNOWN_VERIFIED_EVENT_REQUIRES_EVENT_AWARE_HANDLING,CONTINUITY_UNKNOWN,"[""TWSE_OFFICIAL_DAILY""]",False
2413,TPE,TPE:2413,1accf586-68d7-4634-863b-08176d7a75bc,2026-08-13,126,True,45.400000000000000000,47.871666666666666666666666666666666666666666666667,True,False,INELIGIBLE,INELIGIBLE,False,LOOKUP_UNAVAILABLE,EVENT_LOOKUP_UNAVAILABLE,PUBLICATION_BLOCKED,BLOCKED,UNAVAILABLE,14,BELOW_MA60,"[""BELOW_MA60"", ""TECHNICAL_V0_INELIGIBLE""]","[""EVENT_LOOKUP_UNAVAILABLE""]",FORMAL_WITH_LIMITATION,,CONTINUITY_UNKNOWN,"[""TWSE_OFFICIAL_DAILY""]",False
2414,TPE,TPE:2414,45aa8bc4-c6bf-48f3-b5a9-f44f32da8641,2026-08-13,126,True,52.800000000000000000,,False,False,UNAVAILABLE,UNAVAILABLE,False,KNOWN_EVENT,KNOWN_VERIFIED_BREAKING_EVENT_FOUND,PUBLICATION_BLOCKED,BLOCKED,UNAVAILABLE,14,KNOWN_CONTINUITY_EVENT,"[""KNOWN_CONTINUITY_EVENT"", ""KNOWN_VERIFIED_EVENT_REQUIRES_EVENT_AWARE_HANDLING""]",[],UNAVAILABLE,KNOWN_VERIFIED_EVENT_REQUIRES_EVENT_AWARE_HANDLING,CONTINUITY_UNKNOWN,"[""TWSE_OFFICIAL_DAILY""]",False
2421,TPE,TPE:2421,adbe4483-aa89-4915-91d7-23b558ded86e,2026-08-13,126,True,149.500000000000000000,,False,False,UNAVAILABLE,UNAVAILABLE,False,KNOWN_EVENT,KNOWN_VERIFIED_BREAKING_EVENT_FOUND,PUBLICATION_BLOCKED,BLOCKED,UNAVAILABLE,14,KNOWN_CONTINUITY_EVENT,"[""KNOWN_CONTINUITY_EVENT"", ""KNOWN_VERIFIED_EVENT_REQUIRES_EVENT_AWARE_HANDLING""]",[],UNAVAILABLE,KNOWN_VERIFIED_EVENT_REQUIRES_EVENT_AWARE_HANDLING,CONTINUITY_UNKNOWN,"[""TWSE_OFFICIAL_DAILY""]",False
2424,TPE,TPE:2424,c3e932eb-c3a8-4d69-bbd7-ecfb5f8ada68,2026-08-13,126,True,8.980000000000000000,10.447666666666666666666666666666666666666666666667,True,False,INELIGIBLE,INELIGIBLE,False,LOOKUP_UNAVAILABLE,EVENT_LOOKUP_UNAVAILABLE,PUBLICATION_BLOCKED,BLOCKED,UNAVAILABLE,14,BELOW_MA60,"[""BELOW_MA60"", ""TECHNICAL_V0_INELIGIBLE""]","[""EVENT_LOOKUP_UNAVAILABLE""]",FORMAL_WITH_LIMITATION,,CONTINUITY_UNKNOWN,"[""TWSE_OFFICIAL_DAILY""]",False
2425,TPE,TPE:2425,45f0e7ec-5529-46b6-9014-2bb2e838b20b,2026-08-13,126,True,41.950000000000000000,,False,False,UNAVAILABLE,UNAVAILABLE,False,KNOWN_EVENT,KNOWN_VERIFIED_BREAKING_EVENT_FOUND,PUBLICATION_BLOCKED,BLOCKED,UNAVAILABLE,14,KNOWN_CONTINUITY_EVENT,"[""KNOWN_CONTINUITY_EVENT"", ""KNOWN_VERIFIED_EVENT_REQUIRES_EVENT_AWARE_HANDLING""]",[],UNAVAILABLE,KNOWN_VERIFIED_EVENT_REQUIRES_EVENT_AWARE_HANDLING,CONTINUITY_UNKNOWN,"[""TWSE_OFFICIAL_DAILY""]",False
2426,TPE,TPE:2426,90c6081d-2bbc-45cc-a350-738685e9c52f,2026-08-13,126,True,68.600000000000000000,,False,False,UNAVAILABLE,UNAVAILABLE,False,KNOWN_EVENT,KNOWN_VERIFIED_BREAKING_EVENT_FOUND,PUBLICATION_BLOCKED,BLOCKED,UNAVAILABLE,14,KNOWN_CONTINUITY_EVENT,"[""KNOWN_CONTINUITY_EVENT"", ""KNOWN_VERIFIED_EVENT_REQUIRES_EVENT_AWARE_HANDLING""]",[],UNAVAILABLE,KNOWN_VERIFIED_EVENT_REQUIRES_EVENT_AWARE_HANDLING,CONTINUITY_UNKNOWN,"[""TWSE_OFFICIAL_DAILY""]",False
2428,TPE,TPE:2428,71f3c6da-8fd1-406f-b9a4-3a7b44bb56e0,2026-08-13,126,True,259.500000000000000000,271.59166666666666666666666666666666666666666666667,True,False,INELIGIBLE,INELIGIBLE,False,LOOKUP_UNAVAILABLE,EVENT_LOOKUP_UNAVAILABLE,PUBLICATION_BLOCKED,BLOCKED,UNAVAILABLE,14,BELOW_MA60,"[""BELOW_MA60"", ""TECHNICAL_V0_INELIGIBLE""]","[""EVENT_LOOKUP_UNAVAILABLE""]",FORMAL_WITH_LIMITATION,,CONTINUITY_UNKNOWN,"[""TWSE_OFFICIAL_DAILY""]",False
2434,TPE,TPE:2434,67fa9b0d-3b8a-4ed0-9d72-cfe53cba108f,2026-08-13,126,True,55.200000000000000000,49.270833333333333333333333333333333333333333333333,True,True,VALID,ELIGIBLE,True,LOOKUP_UNAVAILABLE,EVENT_LOOKUP_UNAVAILABLE,PUBLICATION_AVAILABLE_WITH_LIMITATION,AVAILABLE_WITH_LIMITATION,FORMAL_WITH_LIMITATION,14,EVENT_LOOKUP_UNAVAILABLE,"[""EVENT_LOOKUP_UNAVAILABLE""]","[""EVENT_LOOKUP_UNAVAILABLE""]",FORMAL_WITH_LIMITATION,,CONTINUITY_UNKNOWN,"[""TWSE_OFFICIAL_DAILY""]",False
2441,TPE,TPE:2441,cb4ee954-08b8-4d13-981e-fce45ab1191b,2026-08-13,126,True,125.500000000000000000,127.58666666666666666666666666666666666666666666667,True,False,INELIGIBLE,INELIGIBLE,False,LOOKUP_UNAVAILABLE,EVENT_LOOKUP_UNAVAILABLE,PUBLICATION_BLOCKED,BLOCKED,UNAVAILABLE,14,BELOW_MA60,"[""BELOW_MA60"", ""TECHNICAL_V0_INELIGIBLE""]","[""EVENT_LOOKUP_UNAVAILABLE""]",FORMAL_WITH_LIMITATION,,CONTINUITY_UNKNOWN,"[""TWSE_OFFICIAL_DAILY""]",False
2449,TPE,TPE:2449,e12e25cf-9eeb-424b-87bc-05c87858e95c,2026-08-13,126,True,253.500000000000000000,291.400000000000000000,True,False,INELIGIBLE,INELIGIBLE,False,LOOKUP_UNAVAILABLE,EVENT_LOOKUP_UNAVAILABLE,PUBLICATION_BLOCKED,BLOCKED,UNAVAILABLE,14,BELOW_MA60,"[""BELOW_MA60"", ""TECHNICAL_V0_INELIGIBLE""]","[""EVENT_LOOKUP_UNAVAILABLE""]",FORMAL_WITH_LIMITATION,,CONTINUITY_UNKNOWN,"[""TWSE_OFFICIAL_DAILY""]",False
2451,TPE,TPE:2451,9700e20b-3519-40f2-9113-199fc3cd8973,2026-08-13,126,True,302.000000000000000000,,False,False,UNAVAILABLE,UNAVAILABLE,False,KNOWN_EVENT,KNOWN_VERIFIED_BREAKING_EVENT_FOUND,PUBLICATION_BLOCKED,BLOCKED,UNAVAILABLE,14,KNOWN_CONTINUITY_EVENT,"[""KNOWN_CONTINUITY_EVENT"", ""KNOWN_VERIFIED_EVENT_REQUIRES_EVENT_AWARE_HANDLING""]",[],UNAVAILABLE,KNOWN_VERIFIED_EVENT_REQUIRES_EVENT_AWARE_HANDLING,CONTINUITY_UNKNOWN,"[""TWSE_OFFICIAL_DAILY""]",False
2454,TPE,TPE:2454,17a2ebaf-a950-47d6-b80b-06727661c367,2026-08-13,126,True,4225.000000000000000000,,False,False,UNAVAILABLE,UNAVAILABLE,False,KNOWN_EVENT,KNOWN_VERIFIED_BREAKING_EVENT_FOUND,PUBLICATION_BLOCKED,BLOCKED,UNAVAILABLE,14,KNOWN_CONTINUITY_EVENT,"[""KNOWN_CONTINUITY_EVENT"", ""KNOWN_VERIFIED_EVENT_REQUIRES_EVENT_AWARE_HANDLING""]",[],UNAVAILABLE,KNOWN_VERIFIED_EVENT_REQUIRES_EVENT_AWARE_HANDLING,CONTINUITY_UNKNOWN,"[""TWSE_OFFICIAL_DAILY""]",False
2455,TPE,TPE:2455,ffeadd8b-1f01-4f4e-bcb1-852c8a1caf5b,2026-08-13,126,True,384.000000000000000000,,False,False,UNAVAILABLE,UNAVAILABLE,False,KNOWN_EVENT,KNOWN_VERIFIED_BREAKING_EVENT_FOUND,PUBLICATION_BLOCKED,BLOCKED,UNAVAILABLE,14,KNOWN_CONTINUITY_EVENT,"[""KNOWN_CONTINUITY_EVENT"", ""KNOWN_VERIFIED_EVENT_REQUIRES_EVENT_AWARE_HANDLING""]",[],UNAVAILABLE,KNOWN_VERIFIED_EVENT_REQUIRES_EVENT_AWARE_HANDLING,CONTINUITY_UNKNOWN,"[""TWSE_OFFICIAL_DAILY""]",False
2457,TPE,TPE:2457,79cd39e3-4ddc-4eb3-824a-6f1fe2f63304,2026-08-13,126,True,23.650000000000000000,26.544166666666666666666666666666666666666666666667,True,False,INELIGIBLE,INELIGIBLE,False,LOOKUP_UNAVAILABLE,EVENT_LOOKUP_UNAVAILABLE,PUBLICATION_BLOCKED,BLOCKED,UNAVAILABLE,14,BELOW_MA60,"[""BELOW_MA60"", ""TECHNICAL_V0_INELIGIBLE""]","[""EVENT_LOOKUP_UNAVAILABLE""]",FORMAL_WITH_LIMITATION,,CONTINUITY_UNKNOWN,"[""TWSE_OFFICIAL_DAILY""]",False
2460,TPE,TPE:2460,9449852f-983b-40ef-8296-eb6881a9b4c2,2026-08-13,126,True,30.400000000000000000,33.079166666666666666666666666666666666666666666667,True,False,INELIGIBLE,INELIGIBLE,False,LOOKUP_UNAVAILABLE,EVENT_LOOKUP_UNAVAILABLE,PUBLICATION_BLOCKED,BLOCKED,UNAVAILABLE,14,BELOW_MA60,"[""BELOW_MA60"", ""TECHNICAL_V0_INELIGIBLE""]","[""EVENT_LOOKUP_UNAVAILABLE""]",FORMAL_WITH_LIMITATION,,CONTINUITY_UNKNOWN,"[""TWSE_OFFICIAL_DAILY""]",False
2464,TPE,TPE:2464,ca25bf66-4469-48ee-a8b8-bf1183b70e85,2026-08-13,126,True,196.000000000000000000,161.68333333333333333333333333333333333333333333333,True,True,VALID,ELIGIBLE,True,LOOKUP_UNAVAILABLE,EVENT_LOOKUP_UNAVAILABLE,PUBLICATION_AVAILABLE_WITH_LIMITATION,AVAILABLE_WITH_LIMITATION,FORMAL_WITH_LIMITATION,14,EVENT_LOOKUP_UNAVAILABLE,"[""EVENT_LOOKUP_UNAVAILABLE""]","[""EVENT_LOOKUP_UNAVAILABLE""]",FORMAL_WITH_LIMITATION,,CONTINUITY_UNKNOWN,"[""TWSE_OFFICIAL_DAILY""]",False
2465,TPE,TPE:2465,c68ddcce-2c14-4d98-8ff2-fdd11f06d552,2026-08-13,126,True,105.000000000000000000,80.680000000000000000,True,True,VALID,ELIGIBLE,True,LOOKUP_UNAVAILABLE,EVENT_LOOKUP_UNAVAILABLE,PUBLICATION_AVAILABLE_WITH_LIMITATION,AVAILABLE_WITH_LIMITATION,FORMAL_WITH_LIMITATION,14,EVENT_LOOKUP_UNAVAILABLE,"[""EVENT_LOOKUP_UNAVAILABLE""]","[""EVENT_LOOKUP_UNAVAILABLE""]",FORMAL_WITH_LIMITATION,,CONTINUITY_UNKNOWN,"[""TWSE_OFFICIAL_DAILY""]",False
2466,TPE,TPE:2466,c4883573-c5e0-48a4-89ec-554d794c2af5,2026-08-13,126,True,92.600000000000000000,74.879166666666666666666666666666666666666666666667,True,True,VALID,ELIGIBLE,True,LOOKUP_UNAVAILABLE,EVENT_LOOKUP_UNAVAILABLE,PUBLICATION_AVAILABLE_WITH_LIMITATION,AVAILABLE_WITH_LIMITATION,FORMAL_WITH_LIMITATION,14,EVENT_LOOKUP_UNAVAILABLE,"[""EVENT_LOOKUP_UNAVAILABLE""]","[""EVENT_LOOKUP_UNAVAILABLE""]",FORMAL_WITH_LIMITATION,,CONTINUITY_UNKNOWN,"[""TWSE_OFFICIAL_DAILY""]",False
2467,TPE,TPE:2467,0f308f45-ca75-47b7-a032-000d0848e91a,2026-08-13,126,True,548.000000000000000000,,False,False,UNAVAILABLE,UNAVAILABLE,False,KNOWN_EVENT,KNOWN_VERIFIED_BREAKING_EVENT_FOUND,PUBLICATION_BLOCKED,BLOCKED,UNAVAILABLE,14,KNOWN_CONTINUITY_EVENT,"[""KNOWN_CONTINUITY_EVENT"", ""KNOWN_VERIFIED_EVENT_REQUIRES_EVENT_AWARE_HANDLING""]",[],UNAVAILABLE,KNOWN_VERIFIED_EVENT_REQUIRES_EVENT_AWARE_HANDLING,CONTINUITY_UNKNOWN,"[""TWSE_OFFICIAL_DAILY""]",False
2472,TPE,TPE:2472,af986c08-cf3a-4d34-8491-804e5b2f2b77,2026-08-13,126,True,253.000000000000000000,322.76666666666666666666666666666666666666666666667,True,False,INELIGIBLE,INELIGIBLE,False,LOOKUP_UNAVAILABLE,EVENT_LOOKUP_UNAVAILABLE,PUBLICATION_BLOCKED,BLOCKED,UNAVAILABLE,14,BELOW_MA60,"[""BELOW_MA60"", ""TECHNICAL_V0_INELIGIBLE""]","[""EVENT_LOOKUP_UNAVAILABLE""]",FORMAL_WITH_LIMITATION,,CONTINUITY_UNKNOWN,"[""TWSE_OFFICIAL_DAILY""]",False
2474,TPE,TPE:2474,52de10d7-674f-4736-9dff-9effd41ef4db,2026-08-13,126,True,203.000000000000000000,,False,False,UNAVAILABLE,UNAVAILABLE,False,KNOWN_EVENT,KNOWN_VERIFIED_BREAKING_EVENT_FOUND,PUBLICATION_BLOCKED,BLOCKED,UNAVAILABLE,14,KNOWN_CONTINUITY_EVENT,"[""KNOWN_CONTINUITY_EVENT"", ""KNOWN_VERIFIED_EVENT_REQUIRES_EVENT_AWARE_HANDLING""]",[],UNAVAILABLE,KNOWN_VERIFIED_EVENT_REQUIRES_EVENT_AWARE_HANDLING,CONTINUITY_UNKNOWN,"[""TWSE_OFFICIAL_DAILY""]",False
2478,TPE,TPE:2478,8dfa26df-aa72-41fe-aa9c-aaf278007939,2026-08-13,126,True,130.000000000000000000,,False,False,UNAVAILABLE,UNAVAILABLE,False,KNOWN_EVENT,KNOWN_VERIFIED_BREAKING_EVENT_FOUND,PUBLICATION_BLOCKED,BLOCKED,UNAVAILABLE,14,KNOWN_CONTINUITY_EVENT,"[""KNOWN_CONTINUITY_EVENT"", ""KNOWN_VERIFIED_EVENT_REQUIRES_EVENT_AWARE_HANDLING""]",[],UNAVAILABLE,KNOWN_VERIFIED_EVENT_REQUIRES_EVENT_AWARE_HANDLING,CONTINUITY_UNKNOWN,"[""TWSE_OFFICIAL_DAILY""]",False
2481,TPE,TPE:2481,40915b56-d668-4566-9528-67f43503d86e,2026-08-13,126,True,143.000000000000000000,156.63333333333333333333333333333333333333333333333,True,False,INELIGIBLE,INELIGIBLE,False,KNOWN_EVENT,NO_KNOWN_VERIFIED_BREAKING_EVENT_FOUND,PUBLICATION_BLOCKED,BLOCKED,UNAVAILABLE,14,BELOW_MA60,"[""BELOW_MA60"", ""TECHNICAL_V0_INELIGIBLE""]",[],FORMAL,,CONTINUITY_UNKNOWN,"[""TWSE_OFFICIAL_DAILY""]",False
2483,TPE,TPE:2483,aaf02086-b48e-49a5-9c1a-6849df0fc9c3,2026-08-13,126,True,40.050000000000000000,40.625833333333333333333333333333333333333333333333,True,False,INELIGIBLE,INELIGIBLE,False,KNOWN_EVENT,NO_KNOWN_VERIFIED_BREAKING_EVENT_FOUND,PUBLICATION_BLOCKED,BLOCKED,UNAVAILABLE,12,BELOW_MA60,"[""BELOW_MA60"", ""TECHNICAL_V0_INELIGIBLE""]",[],FORMAL,,CONTINUITY_UNKNOWN,"[""TWSE_OFFICIAL_DAILY""]",False
2484,TPE,TPE:2484,6d95aa51-6387-49d8-8103-4687f7e9b373,2026-08-13,126,True,75.900000000000000000,68.547500000000000000,True,True,VALID,ELIGIBLE,True,LOOKUP_UNAVAILABLE,EVENT_LOOKUP_UNAVAILABLE,PUBLICATION_AVAILABLE_WITH_LIMITATION,AVAILABLE_WITH_LIMITATION,FORMAL_WITH_LIMITATION,14,EVENT_LOOKUP_UNAVAILABLE,"[""EVENT_LOOKUP_UNAVAILABLE""]","[""EVENT_LOOKUP_UNAVAILABLE""]",FORMAL_WITH_LIMITATION,,CONTINUITY_UNKNOWN,"[""TWSE_OFFICIAL_DAILY""]",False
2485,TPE,TPE:2485,2ffb0652-01b9-4b5d-9034-88a0c1ac0a0a,2026-08-13,126,True,43.650000000000000000,54.340833333333333333333333333333333333333333333333,True,False,INELIGIBLE,INELIGIBLE,False,LOOKUP_UNAVAILABLE,EVENT_LOOKUP_UNAVAILABLE,PUBLICATION_BLOCKED,BLOCKED,UNAVAILABLE,14,BELOW_MA60,"[""BELOW_MA60"", ""TECHNICAL_V0_INELIGIBLE""]","[""EVENT_LOOKUP_UNAVAILABLE""]",FORMAL_WITH_LIMITATION,,CONTINUITY_UNKNOWN,"[""TWSE_OFFICIAL_DAILY""]",False
2486,TPE,TPE:2486,19e11f23-111e-4ff1-bd2c-726cd72801aa,2026-08-13,126,True,231.500000000000000000,,False,False,UNAVAILABLE,UNAVAILABLE,False,KNOWN_EVENT,KNOWN_VERIFIED_BREAKING_EVENT_FOUND,PUBLICATION_BLOCKED,BLOCKED,UNAVAILABLE,14,KNOWN_CONTINUITY_EVENT,"[""KNOWN_CONTINUITY_EVENT"", ""KNOWN_VERIFIED_EVENT_REQUIRES_EVENT_AWARE_HANDLING""]",[],UNAVAILABLE,KNOWN_VERIFIED_EVENT_REQUIRES_EVENT_AWARE_HANDLING,CONTINUITY_UNKNOWN,"[""TWSE_OFFICIAL_DAILY""]",False
2491,TPE,TPE:2491,3b9d5d3c-ece8-4ef0-8215-398594d3ad34,2026-08-13,126,True,34.900000000000000000,31.922500000000000000,True,True,VALID,ELIGIBLE,True,LOOKUP_UNAVAILABLE,EVENT_LOOKUP_UNAVAILABLE,PUBLICATION_AVAILABLE_WITH_LIMITATION,AVAILABLE_WITH_LIMITATION,FORMAL_WITH_LIMITATION,14,EVENT_LOOKUP_UNAVAILABLE,"[""EVENT_LOOKUP_UNAVAILABLE""]","[""EVENT_LOOKUP_UNAVAILABLE""]",FORMAL_WITH_LIMITATION,,CONTINUITY_UNKNOWN,"[""TWSE_OFFICIAL_DAILY""]",False
2492,TPE,TPE:2492,f9620168-7758-4e0f-aa5d-508a719587a2,2026-08-13,126,True,316.500000000000000000,,False,False,UNAVAILABLE,UNAVAILABLE,False,KNOWN_EVENT,KNOWN_VERIFIED_BREAKING_EVENT_FOUND,PUBLICATION_BLOCKED,BLOCKED,UNAVAILABLE,14,KNOWN_CONTINUITY_EVENT,"[""KNOWN_CONTINUITY_EVENT"", ""KNOWN_VERIFIED_EVENT_REQUIRES_EVENT_AWARE_HANDLING""]",[],UNAVAILABLE,KNOWN_VERIFIED_EVENT_REQUIRES_EVENT_AWARE_HANDLING,CONTINUITY_UNKNOWN,"[""TWSE_OFFICIAL_DAILY""]",False
2493,TPE,TPE:2493,46a40596-4b12-4f6c-9c6b-dae85d7c4194,2026-08-13,126,True,236.000000000000000000,,False,False,UNAVAILABLE,UNAVAILABLE,False,KNOWN_EVENT,KNOWN_VERIFIED_BREAKING_EVENT_FOUND,PUBLICATION_BLOCKED,BLOCKED,UNAVAILABLE,14,KNOWN_CONTINUITY_EVENT,"[""KNOWN_CONTINUITY_EVENT"", ""KNOWN_VERIFIED_EVENT_REQUIRES_EVENT_AWARE_HANDLING""]",[],UNAVAILABLE,KNOWN_VERIFIED_EVENT_REQUIRES_EVENT_AWARE_HANDLING,CONTINUITY_UNKNOWN,"[""TWSE_OFFICIAL_DAILY""]",False
2498,TPE,TPE:2498,a876f664-2e4a-464c-a998-515d0b9eb110,2026-08-13,126,True,40.100000000000000000,,False,False,UNAVAILABLE,UNAVAILABLE,False,KNOWN_EVENT,KNOWN_VERIFIED_BREAKING_EVENT_FOUND,PUBLICATION_BLOCKED,BLOCKED,UNAVAILABLE,14,KNOWN_CONTINUITY_EVENT,"[""KNOWN_CONTINUITY_EVENT"", ""KNOWN_VERIFIED_EVENT_REQUIRES_EVENT_AWARE_HANDLING""]",[],UNAVAILABLE,KNOWN_VERIFIED_EVENT_REQUIRES_EVENT_AWARE_HANDLING,CONTINUITY_UNKNOWN,"[""TWSE_OFFICIAL_DAILY""]",False
2501,TPE,TPE:2501,dcb4fff4-3420-41e6-b6a1-618ff53f68e7,2026-08-13,126,True,23.000000000000000000,,False,False,UNAVAILABLE,UNAVAILABLE,False,KNOWN_EVENT,KNOWN_VERIFIED_BREAKING_EVENT_FOUND,PUBLICATION_BLOCKED,BLOCKED,UNAVAILABLE,14,KNOWN_CONTINUITY_EVENT,"[""KNOWN_CONTINUITY_EVENT"", ""KNOWN_VERIFIED_EVENT_REQUIRES_EVENT_AWARE_HANDLING""]",[],UNAVAILABLE,KNOWN_VERIFIED_EVENT_REQUIRES_EVENT_AWARE_HANDLING,CONTINUITY_UNKNOWN,"[""TWSE_OFFICIAL_DAILY""]",False
2511,TPE,TPE:2511,ff20b9a7-4700-4ca9-9b32-5ec583733f80,2026-08-13,126,True,8.400000000000000000,,False,False,UNAVAILABLE,UNAVAILABLE,False,KNOWN_EVENT,KNOWN_VERIFIED_BREAKING_EVENT_FOUND,PUBLICATION_BLOCKED,BLOCKED,UNAVAILABLE,14,KNOWN_CONTINUITY_EVENT,"[""KNOWN_CONTINUITY_EVENT"", ""KNOWN_VERIFIED_EVENT_REQUIRES_EVENT_AWARE_HANDLING""]",[],UNAVAILABLE,KNOWN_VERIFIED_EVENT_REQUIRES_EVENT_AWARE_HANDLING,CONTINUITY_UNKNOWN,"[""TWSE_OFFICIAL_DAILY""]",False
2520,TPE,TPE:2520,ab11a566-4ec0-40d3-805c-6c10779ca02a,2026-08-13,126,True,35.300000000000000000,,False,False,UNAVAILABLE,UNAVAILABLE,False,KNOWN_EVENT,KNOWN_VERIFIED_BREAKING_EVENT_FOUND,PUBLICATION_BLOCKED,BLOCKED,UNAVAILABLE,14,KNOWN_CONTINUITY_EVENT,"[""KNOWN_CONTINUITY_EVENT"", ""KNOWN_VERIFIED_EVENT_REQUIRES_EVENT_AWARE_HANDLING""]",[],UNAVAILABLE,KNOWN_VERIFIED_EVENT_REQUIRES_EVENT_AWARE_HANDLING,CONTINUITY_UNKNOWN,"[""TWSE_OFFICIAL_DAILY""]",False
2527,TPE,TPE:2527,402730ac-64fb-4595-b705-41b35d65acfc,2026-08-13,126,True,45.800000000000000000,41.159166666666666666666666666666666666666666666667,True,True,VALID,ELIGIBLE,True,LOOKUP_UNAVAILABLE,EVENT_LOOKUP_UNAVAILABLE,PUBLICATION_AVAILABLE_WITH_LIMITATION,AVAILABLE_WITH_LIMITATION,FORMAL_WITH_LIMITATION,14,EVENT_LOOKUP_UNAVAILABLE,"[""EVENT_LOOKUP_UNAVAILABLE""]","[""EVENT_LOOKUP_UNAVAILABLE""]",FORMAL_WITH_LIMITATION,,CONTINUITY_UNKNOWN,"[""TWSE_OFFICIAL_DAILY""]",False
2535,TPE,TPE:2535,5fc47ff1-b8c4-40f7-837f-e7cde3a7f607,2026-08-13,126,True,87.500000000000000000,87.538333333333333333333333333333333333333333333333,True,False,INELIGIBLE,INELIGIBLE,False,KNOWN_EVENT,NO_KNOWN_VERIFIED_BREAKING_EVENT_FOUND,PUBLICATION_BLOCKED,BLOCKED,UNAVAILABLE,14,BELOW_MA60,"[""BELOW_MA60"", ""TECHNICAL_V0_INELIGIBLE""]",[],FORMAL,,CONTINUITY_UNKNOWN,"[""TWSE_OFFICIAL_DAILY""]",False
2536,TPE,TPE:2536,03ddef99-6419-4e4e-89e8-237c5c56c6c3,2026-08-13,126,True,21.450000000000000000,,False,False,UNAVAILABLE,UNAVAILABLE,False,KNOWN_EVENT,KNOWN_VERIFIED_BREAKING_EVENT_FOUND,PUBLICATION_BLOCKED,BLOCKED,UNAVAILABLE,14,KNOWN_CONTINUITY_EVENT,"[""KNOWN_CONTINUITY_EVENT"", ""KNOWN_VERIFIED_EVENT_REQUIRES_EVENT_AWARE_HANDLING""]",[],UNAVAILABLE,KNOWN_VERIFIED_EVENT_REQUIRES_EVENT_AWARE_HANDLING,CONTINUITY_UNKNOWN,"[""TWSE_OFFICIAL_DAILY""]",False
2539,TPE,TPE:2539,2b803a4d-05ca-476d-8370-1866d9ff5f98,2026-08-13,126,True,41.800000000000000000,39.465000000000000000,True,True,VALID,ELIGIBLE,True,LOOKUP_UNAVAILABLE,EVENT_LOOKUP_UNAVAILABLE,PUBLICATION_AVAILABLE_WITH_LIMITATION,AVAILABLE_WITH_LIMITATION,FORMAL_WITH_LIMITATION,14,EVENT_LOOKUP_UNAVAILABLE,"[""EVENT_LOOKUP_UNAVAILABLE""]","[""EVENT_LOOKUP_UNAVAILABLE""]",FORMAL_WITH_LIMITATION,,CONTINUITY_UNKNOWN,"[""TWSE_OFFICIAL_DAILY""]",False
2542,TPE,TPE:2542,5e4a6cc0-e547-46d2-a22d-b638c5182c0c,2026-08-13,126,True,46.400000000000000000,43.680833333333333333333333333333333333333333333333,True,True,VALID,ELIGIBLE,True,LOOKUP_UNAVAILABLE,EVENT_LOOKUP_UNAVAILABLE,PUBLICATION_AVAILABLE_WITH_LIMITATION,AVAILABLE_WITH_LIMITATION,FORMAL_WITH_LIMITATION,14,EVENT_LOOKUP_UNAVAILABLE,"[""EVENT_LOOKUP_UNAVAILABLE""]","[""EVENT_LOOKUP_UNAVAILABLE""]",FORMAL_WITH_LIMITATION,,CONTINUITY_UNKNOWN,"[""TWSE_OFFICIAL_DAILY""]",False
2546,TPE,TPE:2546,985eae41-8557-4398-87ae-f270a98aae8a,2026-08-13,126,True,104.000000000000000000,93.603333333333333333333333333333333333333333333333,True,True,VALID,ELIGIBLE,True,LOOKUP_UNAVAILABLE,EVENT_LOOKUP_UNAVAILABLE,PUBLICATION_AVAILABLE_WITH_LIMITATION,AVAILABLE_WITH_LIMITATION,FORMAL_WITH_LIMITATION,14,EVENT_LOOKUP_UNAVAILABLE,"[""EVENT_LOOKUP_UNAVAILABLE""]","[""EVENT_LOOKUP_UNAVAILABLE""]",FORMAL_WITH_LIMITATION,,CONTINUITY_UNKNOWN,"[""TWSE_OFFICIAL_DAILY""]",False
2548,TPE,TPE:2548,4bdeb474-4f9b-45e4-8995-1ffed59f7197,2026-08-13,126,True,93.400000000000000000,,False,False,UNAVAILABLE,UNAVAILABLE,False,KNOWN_EVENT,KNOWN_VERIFIED_BREAKING_EVENT_FOUND,PUBLICATION_BLOCKED,BLOCKED,UNAVAILABLE,14,KNOWN_CONTINUITY_EVENT,"[""KNOWN_CONTINUITY_EVENT"", ""KNOWN_VERIFIED_EVENT_REQUIRES_EVENT_AWARE_HANDLING""]",[],UNAVAILABLE,KNOWN_VERIFIED_EVENT_REQUIRES_EVENT_AWARE_HANDLING,CONTINUITY_UNKNOWN,"[""TWSE_OFFICIAL_DAILY""]",False
2630,TPE,TPE:2630,9cf2ca40-9032-4caa-a2f9-fdf9304bc44c,2026-08-13,126,True,48.300000000000000000,47.224166666666666666666666666666666666666666666667,True,True,VALID,ELIGIBLE,True,KNOWN_EVENT,NO_KNOWN_VERIFIED_BREAKING_EVENT_FOUND,PUBLICATION_AVAILABLE_WITH_LIMITATION,AVAILABLE_WITH_LIMITATION,FORMAL_WITH_LIMITATION,12,KNOWN_EVENT_HANDLED,"[""KNOWN_EVENT_HANDLED""]","[""KNOWN_EVENT_HANDLED""]",FORMAL,,CONTINUITY_UNKNOWN,"[""TWSE_OFFICIAL_DAILY""]",False
2634,TPE,TPE:2634,2bfefa5f-1b7e-41e3-ae8e-986204c4c7e8,2026-08-13,126,True,64.200000000000000000,,False,False,UNAVAILABLE,UNAVAILABLE,False,KNOWN_EVENT,KNOWN_VERIFIED_BREAKING_EVENT_FOUND,PUBLICATION_BLOCKED,BLOCKED,UNAVAILABLE,14,KNOWN_CONTINUITY_EVENT,"[""KNOWN_CONTINUITY_EVENT"", ""KNOWN_VERIFIED_EVENT_REQUIRES_EVENT_AWARE_HANDLING""]",[],UNAVAILABLE,KNOWN_VERIFIED_EVENT_REQUIRES_EVENT_AWARE_HANDLING,CONTINUITY_UNKNOWN,"[""TWSE_OFFICIAL_DAILY""]",False
2645,TPE,TPE:2645,d8bd3e94-8b29-4d95-844d-729ffb8692a1,2026-08-13,126,True,182.000000000000000000,,False,False,UNAVAILABLE,UNAVAILABLE,False,KNOWN_EVENT,KNOWN_VERIFIED_BREAKING_EVENT_FOUND,PUBLICATION_BLOCKED,BLOCKED,UNAVAILABLE,14,KNOWN_CONTINUITY_EVENT,"[""KNOWN_CONTINUITY_EVENT"", ""KNOWN_VERIFIED_EVENT_REQUIRES_EVENT_AWARE_HANDLING""]",[],UNAVAILABLE,KNOWN_VERIFIED_EVENT_REQUIRES_EVENT_AWARE_HANDLING,CONTINUITY_UNKNOWN,"[""TWSE_OFFICIAL_DAILY""]",False
3003,TPE,TPE:3003,60d0745a-cb76-4a64-a515-440c421e69e2,2026-08-13,126,True,69.300000000000000000,,False,False,UNAVAILABLE,UNAVAILABLE,False,KNOWN_EVENT,KNOWN_VERIFIED_BREAKING_EVENT_FOUND,PUBLICATION_BLOCKED,BLOCKED,UNAVAILABLE,14,KNOWN_CONTINUITY_EVENT,"[""KNOWN_CONTINUITY_EVENT"", ""KNOWN_VERIFIED_EVENT_REQUIRES_EVENT_AWARE_HANDLING""]",[],UNAVAILABLE,KNOWN_VERIFIED_EVENT_REQUIRES_EVENT_AWARE_HANDLING,CONTINUITY_UNKNOWN,"[""TWSE_OFFICIAL_DAILY""]",False
3004,TPE,TPE:3004,28c7dad3-eeca-4987-81af-0cf3ef757bfd,2026-08-13,126,True,128.000000000000000000,133.96666666666666666666666666666666666666666666667,True,False,INELIGIBLE,INELIGIBLE,False,KNOWN_EVENT,NO_KNOWN_VERIFIED_BREAKING_EVENT_FOUND,PUBLICATION_BLOCKED,BLOCKED,UNAVAILABLE,14,BELOW_MA60,"[""BELOW_MA60"", ""TECHNICAL_V0_INELIGIBLE""]",[],FORMAL,,CONTINUITY_UNKNOWN,"[""TWSE_OFFICIAL_DAILY""]",False
3005,TPE,TPE:3005,4323cbbc-48be-4af7-aeda-44538a4fa84d,2026-08-13,126,True,114.500000000000000000,107.795000000000000000,True,True,VALID,ELIGIBLE,True,KNOWN_EVENT,NO_KNOWN_VERIFIED_BREAKING_EVENT_FOUND,PUBLICATION_AVAILABLE_WITH_LIMITATION,AVAILABLE_WITH_LIMITATION,FORMAL_WITH_LIMITATION,12,KNOWN_EVENT_HANDLED,"[""KNOWN_EVENT_HANDLED""]","[""KNOWN_EVENT_HANDLED""]",FORMAL,,CONTINUITY_UNKNOWN,"[""TWSE_OFFICIAL_DAILY""]",False
3006,TPE,TPE:3006,4009cdfe-0e23-4b98-aaf3-c6ef326d1ec1,2026-08-13,126,True,277.500000000000000000,,False,False,UNAVAILABLE,UNAVAILABLE,False,KNOWN_EVENT,KNOWN_VERIFIED_BREAKING_EVENT_FOUND,PUBLICATION_BLOCKED,BLOCKED,UNAVAILABLE,14,KNOWN_CONTINUITY_EVENT,"[""KNOWN_CONTINUITY_EVENT"", ""KNOWN_VERIFIED_EVENT_REQUIRES_EVENT_AWARE_HANDLING""]",[],UNAVAILABLE,KNOWN_VERIFIED_EVENT_REQUIRES_EVENT_AWARE_HANDLING,CONTINUITY_UNKNOWN,"[""TWSE_OFFICIAL_DAILY""]",False
3008,TPE,TPE:3008,19e0cea9-69b0-4611-b620-6693771b442a,2026-08-13,126,True,4660.000000000000000000,,False,False,UNAVAILABLE,UNAVAILABLE,False,KNOWN_EVENT,KNOWN_VERIFIED_BREAKING_EVENT_FOUND,PUBLICATION_BLOCKED,BLOCKED,UNAVAILABLE,11,KNOWN_CONTINUITY_EVENT,"[""KNOWN_CONTINUITY_EVENT"", ""KNOWN_VERIFIED_EVENT_REQUIRES_EVENT_AWARE_HANDLING""]",[],UNAVAILABLE,KNOWN_VERIFIED_EVENT_REQUIRES_EVENT_AWARE_HANDLING,CONTINUITY_UNKNOWN,"[""TWSE_OFFICIAL_DAILY""]",False
3013,TPE,TPE:3013,81e53a2e-98c8-418e-aae6-fb9649896b1f,2026-08-13,126,True,87.000000000000000000,,False,False,UNAVAILABLE,UNAVAILABLE,False,KNOWN_EVENT,KNOWN_VERIFIED_BREAKING_EVENT_FOUND,PUBLICATION_BLOCKED,BLOCKED,UNAVAILABLE,14,KNOWN_CONTINUITY_EVENT,"[""KNOWN_CONTINUITY_EVENT"", ""KNOWN_VERIFIED_EVENT_REQUIRES_EVENT_AWARE_HANDLING""]",[],UNAVAILABLE,KNOWN_VERIFIED_EVENT_REQUIRES_EVENT_AWARE_HANDLING,CONTINUITY_UNKNOWN,"[""TWSE_OFFICIAL_DAILY""]",False
3015,TPE,TPE:3015,f52dbaf7-ab04-4378-aa3e-5ee5c0229182,2026-08-13,126,True,55.800000000000000000,,False,False,UNAVAILABLE,UNAVAILABLE,False,KNOWN_EVENT,KNOWN_VERIFIED_BREAKING_EVENT_FOUND,PUBLICATION_BLOCKED,BLOCKED,UNAVAILABLE,14,KNOWN_CONTINUITY_EVENT,"[""KNOWN_CONTINUITY_EVENT"", ""KNOWN_VERIFIED_EVENT_REQUIRES_EVENT_AWARE_HANDLING""]",[],UNAVAILABLE,KNOWN_VERIFIED_EVENT_REQUIRES_EVENT_AWARE_HANDLING,CONTINUITY_UNKNOWN,"[""TWSE_OFFICIAL_DAILY""]",False
3016,TPE,TPE:3016,9519bdfb-2c14-4897-93b6-2f83827cdfc8,2026-08-13,126,True,104.000000000000000000,,False,False,UNAVAILABLE,UNAVAILABLE,False,KNOWN_EVENT,KNOWN_VERIFIED_BREAKING_EVENT_FOUND,PUBLICATION_BLOCKED,BLOCKED,UNAVAILABLE,14,KNOWN_CONTINUITY_EVENT,"[""KNOWN_CONTINUITY_EVENT"", ""KNOWN_VERIFIED_EVENT_REQUIRES_EVENT_AWARE_HANDLING""]",[],UNAVAILABLE,KNOWN_VERIFIED_EVENT_REQUIRES_EVENT_AWARE_HANDLING,CONTINUITY_UNKNOWN,"[""TWSE_OFFICIAL_DAILY""]",False
3017,TPE,TPE:3017,3a70e7eb-02eb-4637-abd3-e52f6036e3b6,2026-08-13,126,True,3200.000000000000000000,2496.500000000000000000,True,True,VALID,ELIGIBLE,True,LOOKUP_UNAVAILABLE,EVENT_LOOKUP_UNAVAILABLE,PUBLICATION_AVAILABLE_WITH_LIMITATION,AVAILABLE_WITH_LIMITATION,FORMAL_WITH_LIMITATION,14,EVENT_LOOKUP_UNAVAILABLE,"[""EVENT_LOOKUP_UNAVAILABLE""]","[""EVENT_LOOKUP_UNAVAILABLE""]",FORMAL_WITH_LIMITATION,,CONTINUITY_UNKNOWN,"[""TWSE_OFFICIAL_DAILY""]",False
3021,TPE,TPE:3021,5f4b1c4a-5a5a-42ac-a68e-57a17500b27c,2026-08-13,126,True,20.850000000000000000,25.681666666666666666666666666666666666666666666667,True,False,INELIGIBLE,INELIGIBLE,False,KNOWN_EVENT,NO_KNOWN_VERIFIED_BREAKING_EVENT_FOUND,PUBLICATION_BLOCKED,BLOCKED,UNAVAILABLE,14,BELOW_MA60,"[""BELOW_MA60"", ""TECHNICAL_V0_INELIGIBLE""]",[],FORMAL,,CONTINUITY_UNKNOWN,"[""TWSE_OFFICIAL_DAILY""]",False
3022,TPE,TPE:3022,94963279-9320-4b23-8929-da4c0e502a52,2026-08-13,126,True,98.100000000000000000,85.510000000000000000,True,True,VALID,ELIGIBLE,True,LOOKUP_UNAVAILABLE,EVENT_LOOKUP_UNAVAILABLE,PUBLICATION_AVAILABLE_WITH_LIMITATION,AVAILABLE_WITH_LIMITATION,FORMAL_WITH_LIMITATION,14,EVENT_LOOKUP_UNAVAILABLE,"[""EVENT_LOOKUP_UNAVAILABLE""]","[""EVENT_LOOKUP_UNAVAILABLE""]",FORMAL_WITH_LIMITATION,,CONTINUITY_UNKNOWN,"[""TWSE_OFFICIAL_DAILY""]",False
3023,TPE,TPE:3023,056e58e0-82a1-4b05-8491-ce74844144ed,2026-08-13,126,True,312.000000000000000000,,False,False,UNAVAILABLE,UNAVAILABLE,False,KNOWN_EVENT,KNOWN_VERIFIED_BREAKING_EVENT_FOUND,PUBLICATION_BLOCKED,BLOCKED,UNAVAILABLE,14,KNOWN_CONTINUITY_EVENT,"[""KNOWN_CONTINUITY_EVENT"", ""KNOWN_VERIFIED_EVENT_REQUIRES_EVENT_AWARE_HANDLING""]",[],UNAVAILABLE,KNOWN_VERIFIED_EVENT_REQUIRES_EVENT_AWARE_HANDLING,CONTINUITY_UNKNOWN,"[""TWSE_OFFICIAL_DAILY""]",False
3026,TPE,TPE:3026,d1d5d2ba-48ed-4235-ac68-73eec47f93b6,2026-08-13,126,True,691.000000000000000000,,False,False,UNAVAILABLE,UNAVAILABLE,False,KNOWN_EVENT,KNOWN_VERIFIED_BREAKING_EVENT_FOUND,PUBLICATION_BLOCKED,BLOCKED,UNAVAILABLE,14,KNOWN_CONTINUITY_EVENT,"[""KNOWN_CONTINUITY_EVENT"", ""KNOWN_VERIFIED_EVENT_REQUIRES_EVENT_AWARE_HANDLING""]",[],UNAVAILABLE,KNOWN_VERIFIED_EVENT_REQUIRES_EVENT_AWARE_HANDLING,CONTINUITY_UNKNOWN,"[""TWSE_OFFICIAL_DAILY""]",False
3029,TPE,TPE:3029,7feb530a-d01d-42e5-9217-f366c3e61d28,2026-08-13,126,True,111.500000000000000000,103.06166666666666666666666666666666666666666666667,True,True,VALID,ELIGIBLE,True,KNOWN_EVENT,NO_KNOWN_VERIFIED_BREAKING_EVENT_FOUND,PUBLICATION_AVAILABLE_WITH_LIMITATION,AVAILABLE_WITH_LIMITATION,FORMAL_WITH_LIMITATION,11,KNOWN_EVENT_HANDLED,"[""KNOWN_EVENT_HANDLED""]","[""KNOWN_EVENT_HANDLED""]",FORMAL,,CONTINUITY_UNKNOWN,"[""TWSE_OFFICIAL_DAILY""]",False
3034,TPE,TPE:3034,528243f8-2153-411d-bc75-fa5f76158967,2026-08-13,126,True,538.000000000000000000,,False,False,UNAVAILABLE,UNAVAILABLE,False,KNOWN_EVENT,KNOWN_VERIFIED_BREAKING_EVENT_FOUND,PUBLICATION_BLOCKED,BLOCKED,UNAVAILABLE,14,KNOWN_CONTINUITY_EVENT,"[""KNOWN_CONTINUITY_EVENT"", ""KNOWN_VERIFIED_EVENT_REQUIRES_EVENT_AWARE_HANDLING""]",[],UNAVAILABLE,KNOWN_VERIFIED_EVENT_REQUIRES_EVENT_AWARE_HANDLING,CONTINUITY_UNKNOWN,"[""TWSE_OFFICIAL_DAILY""]",False
3035,TPE,TPE:3035,69952bfb-5dee-4497-9e46-50ab27c61309,2026-08-13,126,True,177.000000000000000000,,False,False,UNAVAILABLE,UNAVAILABLE,False,KNOWN_EVENT,KNOWN_VERIFIED_BREAKING_EVENT_FOUND,PUBLICATION_BLOCKED,BLOCKED,UNAVAILABLE,14,KNOWN_CONTINUITY_EVENT,"[""KNOWN_CONTINUITY_EVENT"", ""KNOWN_VERIFIED_EVENT_REQUIRES_EVENT_AWARE_HANDLING""]",[],UNAVAILABLE,KNOWN_VERIFIED_EVENT_REQUIRES_EVENT_AWARE_HANDLING,CONTINUITY_UNKNOWN,"[""TWSE_OFFICIAL_DAILY""]",False
3037,TPE,TPE:3037,8f7098f3-2603-4eb5-ae93-9b884e249688,2026-08-13,126,True,1000.000000000000000000,,False,False,UNAVAILABLE,UNAVAILABLE,False,KNOWN_EVENT,KNOWN_VERIFIED_BREAKING_EVENT_FOUND,PUBLICATION_BLOCKED,BLOCKED,UNAVAILABLE,14,KNOWN_CONTINUITY_EVENT,"[""KNOWN_CONTINUITY_EVENT"", ""KNOWN_VERIFIED_EVENT_REQUIRES_EVENT_AWARE_HANDLING""]",[],UNAVAILABLE,KNOWN_VERIFIED_EVENT_REQUIRES_EVENT_AWARE_HANDLING,CONTINUITY_UNKNOWN,"[""TWSE_OFFICIAL_DAILY""]",False
3042,TPE,TPE:3042,30b8cf53-cc54-479e-980c-d842458e4c22,2026-08-13,126,True,186.500000000000000000,,False,False,UNAVAILABLE,UNAVAILABLE,False,KNOWN_EVENT,KNOWN_VERIFIED_BREAKING_EVENT_FOUND,PUBLICATION_BLOCKED,BLOCKED,UNAVAILABLE,14,KNOWN_CONTINUITY_EVENT,"[""KNOWN_CONTINUITY_EVENT"", ""KNOWN_VERIFIED_EVENT_REQUIRES_EVENT_AWARE_HANDLING""]",[],UNAVAILABLE,KNOWN_VERIFIED_EVENT_REQUIRES_EVENT_AWARE_HANDLING,CONTINUITY_UNKNOWN,"[""TWSE_OFFICIAL_DAILY""]",False
3044,TPE,TPE:3044,e6a1dccf-5015-4b36-9933-f052310df0de,2026-08-13,126,True,495.000000000000000000,,False,False,UNAVAILABLE,UNAVAILABLE,False,KNOWN_EVENT,KNOWN_VERIFIED_BREAKING_EVENT_FOUND,PUBLICATION_BLOCKED,BLOCKED,UNAVAILABLE,14,KNOWN_CONTINUITY_EVENT,"[""KNOWN_CONTINUITY_EVENT"", ""KNOWN_VERIFIED_EVENT_REQUIRES_EVENT_AWARE_HANDLING""]",[],UNAVAILABLE,KNOWN_VERIFIED_EVENT_REQUIRES_EVENT_AWARE_HANDLING,CONTINUITY_UNKNOWN,"[""TWSE_OFFICIAL_DAILY""]",False
3048,TPE,TPE:3048,4af19706-22c6-4207-a287-e1de01978ebf,2026-08-13,126,True,60.700000000000000000,,False,False,UNAVAILABLE,UNAVAILABLE,False,KNOWN_EVENT,KNOWN_VERIFIED_BREAKING_EVENT_FOUND,PUBLICATION_BLOCKED,BLOCKED,UNAVAILABLE,14,KNOWN_CONTINUITY_EVENT,"[""KNOWN_CONTINUITY_EVENT"", ""KNOWN_VERIFIED_EVENT_REQUIRES_EVENT_AWARE_HANDLING""]",[],UNAVAILABLE,KNOWN_VERIFIED_EVENT_REQUIRES_EVENT_AWARE_HANDLING,CONTINUITY_UNKNOWN,"[""TWSE_OFFICIAL_DAILY""]",False
3055,TPE,TPE:3055,228152bc-1b09-448e-902b-462677756529,2026-08-13,126,True,118.500000000000000000,,False,False,UNAVAILABLE,UNAVAILABLE,False,KNOWN_EVENT,KNOWN_VERIFIED_BREAKING_EVENT_FOUND,PUBLICATION_BLOCKED,BLOCKED,UNAVAILABLE,14,KNOWN_CONTINUITY_EVENT,"[""KNOWN_CONTINUITY_EVENT"", ""KNOWN_VERIFIED_EVENT_REQUIRES_EVENT_AWARE_HANDLING""]",[],UNAVAILABLE,KNOWN_VERIFIED_EVENT_REQUIRES_EVENT_AWARE_HANDLING,CONTINUITY_UNKNOWN,"[""TWSE_OFFICIAL_DAILY""]",False
3058,TPE,TPE:3058,ed9c8b03-e637-49a9-928f-ff2cbc1bb0b1,2026-08-13,126,True,8.260000000000000000,8.900000000000000000,True,False,INELIGIBLE,INELIGIBLE,False,LOOKUP_UNAVAILABLE,EVENT_LOOKUP_UNAVAILABLE,PUBLICATION_BLOCKED,BLOCKED,UNAVAILABLE,14,BELOW_MA60,"[""BELOW_MA60"", ""TECHNICAL_V0_INELIGIBLE""]","[""EVENT_LOOKUP_UNAVAILABLE""]",FORMAL_WITH_LIMITATION,,CONTINUITY_UNKNOWN,"[""TWSE_OFFICIAL_DAILY""]",False
3060,TPE,TPE:3060,84e45882-aaa8-485b-8f4d-e551b10f3806,2026-08-13,126,True,28.800000000000000000,,False,False,UNAVAILABLE,UNAVAILABLE,False,KNOWN_EVENT,KNOWN_VERIFIED_BREAKING_EVENT_FOUND,PUBLICATION_BLOCKED,BLOCKED,UNAVAILABLE,14,KNOWN_CONTINUITY_EVENT,"[""KNOWN_CONTINUITY_EVENT"", ""KNOWN_VERIFIED_EVENT_REQUIRES_EVENT_AWARE_HANDLING""]",[],UNAVAILABLE,KNOWN_VERIFIED_EVENT_REQUIRES_EVENT_AWARE_HANDLING,CONTINUITY_UNKNOWN,"[""TWSE_OFFICIAL_DAILY""]",False
3090,TPE,TPE:3090,1292fd08-9901-4e2f-8a65-37a79c1b953c,2026-08-13,126,True,175.000000000000000000,,False,False,UNAVAILABLE,UNAVAILABLE,False,KNOWN_EVENT,KNOWN_VERIFIED_BREAKING_EVENT_FOUND,PUBLICATION_BLOCKED,BLOCKED,UNAVAILABLE,14,KNOWN_CONTINUITY_EVENT,"[""KNOWN_CONTINUITY_EVENT"", ""KNOWN_VERIFIED_EVENT_REQUIRES_EVENT_AWARE_HANDLING""]",[],UNAVAILABLE,KNOWN_VERIFIED_EVENT_REQUIRES_EVENT_AWARE_HANDLING,CONTINUITY_UNKNOWN,"[""TWSE_OFFICIAL_DAILY""]",False
3094,TPE,TPE:3094,e11c4c32-593c-4ce5-9a55-fff6da11d653,2026-08-13,126,True,38.800000000000000000,,False,False,UNAVAILABLE,UNAVAILABLE,False,KNOWN_EVENT,KNOWN_VERIFIED_BREAKING_EVENT_FOUND,PUBLICATION_BLOCKED,BLOCKED,UNAVAILABLE,14,KNOWN_CONTINUITY_EVENT,"[""KNOWN_CONTINUITY_EVENT"", ""KNOWN_VERIFIED_EVENT_REQUIRES_EVENT_AWARE_HANDLING""]",[],UNAVAILABLE,KNOWN_VERIFIED_EVENT_REQUIRES_EVENT_AWARE_HANDLING,CONTINUITY_UNKNOWN,"[""TWSE_OFFICIAL_DAILY""]",False
3149,TPE,TPE:3149,e3d22e18-5fe8-4ac3-96a9-aaeb9fa339a0,2026-08-13,126,True,68.300000000000000000,79.568333333333333333333333333333333333333333333333,True,False,INELIGIBLE,INELIGIBLE,False,LOOKUP_UNAVAILABLE,EVENT_LOOKUP_UNAVAILABLE,PUBLICATION_BLOCKED,BLOCKED,UNAVAILABLE,14,BELOW_MA60,"[""BELOW_MA60"", ""TECHNICAL_V0_INELIGIBLE""]","[""EVENT_LOOKUP_UNAVAILABLE""]",FORMAL_WITH_LIMITATION,,CONTINUITY_UNKNOWN,"[""TWSE_OFFICIAL_DAILY""]",False
3167,TPE,TPE:3167,81544d93-8d46-4594-8164-804f04ea71b6,2026-08-13,126,True,674.000000000000000000,,False,False,UNAVAILABLE,UNAVAILABLE,False,KNOWN_EVENT,KNOWN_VERIFIED_BREAKING_EVENT_FOUND,PUBLICATION_BLOCKED,BLOCKED,UNAVAILABLE,14,KNOWN_CONTINUITY_EVENT,"[""KNOWN_CONTINUITY_EVENT"", ""KNOWN_VERIFIED_EVENT_REQUIRES_EVENT_AWARE_HANDLING""]",[],UNAVAILABLE,KNOWN_VERIFIED_EVENT_REQUIRES_EVENT_AWARE_HANDLING,CONTINUITY_UNKNOWN,"[""TWSE_OFFICIAL_DAILY""]",False
3189,TPE,TPE:3189,5e641978-cfc3-4ea7-a3a3-3e74b38cfe14,2026-08-13,126,True,851.000000000000000000,,False,False,UNAVAILABLE,UNAVAILABLE,False,KNOWN_EVENT,KNOWN_VERIFIED_BREAKING_EVENT_FOUND,PUBLICATION_BLOCKED,BLOCKED,UNAVAILABLE,14,KNOWN_CONTINUITY_EVENT,"[""KNOWN_CONTINUITY_EVENT"", ""KNOWN_VERIFIED_EVENT_REQUIRES_EVENT_AWARE_HANDLING""]",[],UNAVAILABLE,KNOWN_VERIFIED_EVENT_REQUIRES_EVENT_AWARE_HANDLING,CONTINUITY_UNKNOWN,"[""TWSE_OFFICIAL_DAILY""]",False
3231,TPE,TPE:3231,197e93f5-6264-4cfb-9ac3-208fd63dccb3,2026-08-13,126,True,197.000000000000000000,,False,False,UNAVAILABLE,UNAVAILABLE,False,KNOWN_EVENT,KNOWN_VERIFIED_BREAKING_EVENT_FOUND,PUBLICATION_BLOCKED,BLOCKED,UNAVAILABLE,14,KNOWN_CONTINUITY_EVENT,"[""KNOWN_CONTINUITY_EVENT"", ""KNOWN_VERIFIED_EVENT_REQUIRES_EVENT_AWARE_HANDLING""]",[],UNAVAILABLE,KNOWN_VERIFIED_EVENT_REQUIRES_EVENT_AWARE_HANDLING,CONTINUITY_UNKNOWN,"[""TWSE_OFFICIAL_DAILY""]",False
3257,TPE,TPE:3257,84a428ca-94ae-4594-b19c-60384a8737aa,2026-08-13,126,True,51.300000000000000000,,False,False,UNAVAILABLE,UNAVAILABLE,False,KNOWN_EVENT,KNOWN_VERIFIED_BREAKING_EVENT_FOUND,PUBLICATION_BLOCKED,BLOCKED,UNAVAILABLE,14,KNOWN_CONTINUITY_EVENT,"[""KNOWN_CONTINUITY_EVENT"", ""KNOWN_VERIFIED_EVENT_REQUIRES_EVENT_AWARE_HANDLING""]",[],UNAVAILABLE,KNOWN_VERIFIED_EVENT_REQUIRES_EVENT_AWARE_HANDLING,CONTINUITY_UNKNOWN,"[""TWSE_OFFICIAL_DAILY""]",False
3296,TPE,TPE:3296,57bd9f79-c2d1-423a-9467-28386851d3a9,2026-08-13,126,True,23.700000000000000000,24.635000000000000000,True,False,INELIGIBLE,INELIGIBLE,False,LOOKUP_UNAVAILABLE,EVENT_LOOKUP_UNAVAILABLE,PUBLICATION_BLOCKED,BLOCKED,UNAVAILABLE,14,BELOW_MA60,"[""BELOW_MA60"", ""TECHNICAL_V0_INELIGIBLE""]","[""EVENT_LOOKUP_UNAVAILABLE""]",FORMAL_WITH_LIMITATION,,CONTINUITY_UNKNOWN,"[""TWSE_OFFICIAL_DAILY""]",False
3308,TPE,TPE:3308,93e30fd1-7dde-4212-a960-daa0872c4cbf,2026-08-13,126,True,19.500000000000000000,20.716666666666666666666666666666666666666666666667,True,False,INELIGIBLE,INELIGIBLE,False,LOOKUP_UNAVAILABLE,EVENT_LOOKUP_UNAVAILABLE,PUBLICATION_BLOCKED,BLOCKED,UNAVAILABLE,14,BELOW_MA60,"[""BELOW_MA60"", ""TECHNICAL_V0_INELIGIBLE""]","[""EVENT_LOOKUP_UNAVAILABLE""]",FORMAL_WITH_LIMITATION,,CONTINUITY_UNKNOWN,"[""TWSE_OFFICIAL_DAILY""]",False
3321,TPE,TPE:3321,368d6182-63d2-4a79-a51e-4223d183d417,2026-08-13,126,True,18.450000000000000000,20.506666666666666666666666666666666666666666666667,True,False,INELIGIBLE,INELIGIBLE,False,LOOKUP_UNAVAILABLE,EVENT_LOOKUP_UNAVAILABLE,PUBLICATION_BLOCKED,BLOCKED,UNAVAILABLE,14,BELOW_MA60,"[""BELOW_MA60"", ""TECHNICAL_V0_INELIGIBLE""]","[""EVENT_LOOKUP_UNAVAILABLE""]",FORMAL_WITH_LIMITATION,,CONTINUITY_UNKNOWN,"[""TWSE_OFFICIAL_DAILY""]",False
3338,TPE,TPE:3338,2808e1e0-6e95-430f-92a7-12bb4f8ef592,2026-08-13,126,True,64.600000000000000000,,False,False,UNAVAILABLE,UNAVAILABLE,False,KNOWN_EVENT,KNOWN_VERIFIED_BREAKING_EVENT_FOUND,PUBLICATION_BLOCKED,BLOCKED,UNAVAILABLE,14,KNOWN_CONTINUITY_EVENT,"[""KNOWN_CONTINUITY_EVENT"", ""KNOWN_VERIFIED_EVENT_REQUIRES_EVENT_AWARE_HANDLING""]",[],UNAVAILABLE,KNOWN_VERIFIED_EVENT_REQUIRES_EVENT_AWARE_HANDLING,CONTINUITY_UNKNOWN,"[""TWSE_OFFICIAL_DAILY""]",False
3346,TPE,TPE:3346,090ffa57-3150-4239-ab4c-9679da611924,2026-08-13,126,True,21.350000000000000000,22.446666666666666666666666666666666666666666666667,True,False,INELIGIBLE,INELIGIBLE,False,LOOKUP_UNAVAILABLE,EVENT_LOOKUP_UNAVAILABLE,PUBLICATION_BLOCKED,BLOCKED,UNAVAILABLE,14,BELOW_MA60,"[""BELOW_MA60"", ""TECHNICAL_V0_INELIGIBLE""]","[""EVENT_LOOKUP_UNAVAILABLE""]",FORMAL_WITH_LIMITATION,,CONTINUITY_UNKNOWN,"[""TWSE_OFFICIAL_DAILY""]",False
3413,TPE,TPE:3413,72cfd69d-e04e-48a7-8985-e3b589055a06,2026-08-13,126,True,302.000000000000000000,,False,False,UNAVAILABLE,UNAVAILABLE,False,KNOWN_EVENT,KNOWN_VERIFIED_BREAKING_EVENT_FOUND,PUBLICATION_BLOCKED,BLOCKED,UNAVAILABLE,14,KNOWN_CONTINUITY_EVENT,"[""KNOWN_CONTINUITY_EVENT"", ""KNOWN_VERIFIED_EVENT_REQUIRES_EVENT_AWARE_HANDLING""]",[],UNAVAILABLE,KNOWN_VERIFIED_EVENT_REQUIRES_EVENT_AWARE_HANDLING,CONTINUITY_UNKNOWN,"[""TWSE_OFFICIAL_DAILY""]",False
3443,TPE,TPE:3443,d78566a9-512a-4cba-b538-7420e3d8748c,2026-08-13,126,True,5540.000000000000000000,,False,False,UNAVAILABLE,UNAVAILABLE,False,KNOWN_EVENT,KNOWN_VERIFIED_BREAKING_EVENT_FOUND,PUBLICATION_BLOCKED,BLOCKED,UNAVAILABLE,14,KNOWN_CONTINUITY_EVENT,"[""KNOWN_CONTINUITY_EVENT"", ""KNOWN_VERIFIED_EVENT_REQUIRES_EVENT_AWARE_HANDLING""]",[],UNAVAILABLE,KNOWN_VERIFIED_EVENT_REQUIRES_EVENT_AWARE_HANDLING,CONTINUITY_UNKNOWN,"[""TWSE_OFFICIAL_DAILY""]",False
3450,TPE,TPE:3450,5c7f7b45-45f8-4d24-9716-f1728d992b2c,2026-08-13,126,True,527.000000000000000000,,False,False,UNAVAILABLE,UNAVAILABLE,False,KNOWN_EVENT,KNOWN_VERIFIED_BREAKING_EVENT_FOUND,PUBLICATION_BLOCKED,BLOCKED,UNAVAILABLE,14,KNOWN_CONTINUITY_EVENT,"[""KNOWN_CONTINUITY_EVENT"", ""KNOWN_VERIFIED_EVENT_REQUIRES_EVENT_AWARE_HANDLING""]",[],UNAVAILABLE,KNOWN_VERIFIED_EVENT_REQUIRES_EVENT_AWARE_HANDLING,CONTINUITY_UNKNOWN,"[""TWSE_OFFICIAL_DAILY""]",False
3481,TPE,TPE:3481,9ab2107b-34e3-4a4f-8857-74d90bc24bc8,2026-08-13,126,True,49.400000000000000000,,False,False,UNAVAILABLE,UNAVAILABLE,False,KNOWN_EVENT,KNOWN_VERIFIED_BREAKING_EVENT_FOUND,PUBLICATION_BLOCKED,BLOCKED,UNAVAILABLE,14,KNOWN_CONTINUITY_EVENT,"[""KNOWN_CONTINUITY_EVENT"", ""KNOWN_VERIFIED_EVENT_REQUIRES_EVENT_AWARE_HANDLING""]",[],UNAVAILABLE,KNOWN_VERIFIED_EVENT_REQUIRES_EVENT_AWARE_HANDLING,CONTINUITY_UNKNOWN,"[""TWSE_OFFICIAL_DAILY""]",False
3504,TPE,TPE:3504,d179f9c1-7cb0-467c-ac3b-f1e3456176ad,2026-08-13,126,True,76.000000000000000000,76.508333333333333333333333333333333333333333333333,True,False,INELIGIBLE,INELIGIBLE,False,LOOKUP_UNAVAILABLE,EVENT_LOOKUP_UNAVAILABLE,PUBLICATION_BLOCKED,BLOCKED,UNAVAILABLE,14,BELOW_MA60,"[""BELOW_MA60"", ""TECHNICAL_V0_INELIGIBLE""]","[""EVENT_LOOKUP_UNAVAILABLE""]",FORMAL_WITH_LIMITATION,,CONTINUITY_UNKNOWN,"[""TWSE_OFFICIAL_DAILY""]",False
3528,TPE,TPE:3528,038a8ff5-318c-4184-8394-c720b8c69759,2026-08-13,126,True,90.000000000000000000,100.680000000000000000,True,False,INELIGIBLE,INELIGIBLE,False,LOOKUP_UNAVAILABLE,EVENT_LOOKUP_UNAVAILABLE,PUBLICATION_BLOCKED,BLOCKED,UNAVAILABLE,14,BELOW_MA60,"[""BELOW_MA60"", ""TECHNICAL_V0_INELIGIBLE""]","[""EVENT_LOOKUP_UNAVAILABLE""]",FORMAL_WITH_LIMITATION,,CONTINUITY_UNKNOWN,"[""TWSE_OFFICIAL_DAILY""]",False
3532,TPE,TPE:3532,6a4bb525-ff0c-4ebf-bb1c-17304ac5a18f,2026-08-13,126,True,343.000000000000000000,,False,False,UNAVAILABLE,UNAVAILABLE,False,KNOWN_EVENT,KNOWN_VERIFIED_BREAKING_EVENT_FOUND,PUBLICATION_BLOCKED,BLOCKED,UNAVAILABLE,14,KNOWN_CONTINUITY_EVENT,"[""KNOWN_CONTINUITY_EVENT"", ""KNOWN_VERIFIED_EVENT_REQUIRES_EVENT_AWARE_HANDLING""]",[],UNAVAILABLE,KNOWN_VERIFIED_EVENT_REQUIRES_EVENT_AWARE_HANDLING,CONTINUITY_UNKNOWN,"[""TWSE_OFFICIAL_DAILY""]",False
3535,TPE,TPE:3535,4062fc71-02d5-44c2-b089-924f040f31c0,2026-08-13,126,True,92.300000000000000000,109.08833333333333333333333333333333333333333333333,True,False,INELIGIBLE,INELIGIBLE,False,LOOKUP_UNAVAILABLE,EVENT_LOOKUP_UNAVAILABLE,PUBLICATION_BLOCKED,BLOCKED,UNAVAILABLE,14,BELOW_MA60,"[""BELOW_MA60"", ""TECHNICAL_V0_INELIGIBLE""]","[""EVENT_LOOKUP_UNAVAILABLE""]",FORMAL_WITH_LIMITATION,,CONTINUITY_UNKNOWN,"[""TWSE_OFFICIAL_DAILY""]",False
3543,TPE,TPE:3543,dd1ada87-2337-47ba-a7d1-4920d1b4f339,2026-08-13,126,True,40.100000000000000000,,False,False,UNAVAILABLE,UNAVAILABLE,False,KNOWN_EVENT,KNOWN_VERIFIED_BREAKING_EVENT_FOUND,PUBLICATION_BLOCKED,BLOCKED,UNAVAILABLE,14,KNOWN_CONTINUITY_EVENT,"[""KNOWN_CONTINUITY_EVENT"", ""KNOWN_VERIFIED_EVENT_REQUIRES_EVENT_AWARE_HANDLING""]",[],UNAVAILABLE,KNOWN_VERIFIED_EVENT_REQUIRES_EVENT_AWARE_HANDLING,CONTINUITY_UNKNOWN,"[""TWSE_OFFICIAL_DAILY""]",False
3550,TPE,TPE:3550,e2159ef5-9b4b-4a30-afae-764553b6e885,2026-08-13,126,True,24.100000000000000000,25.685833333333333333333333333333333333333333333333,True,False,INELIGIBLE,INELIGIBLE,False,LOOKUP_UNAVAILABLE,EVENT_LOOKUP_UNAVAILABLE,PUBLICATION_BLOCKED,BLOCKED,UNAVAILABLE,14,BELOW_MA60,"[""BELOW_MA60"", ""TECHNICAL_V0_INELIGIBLE""]","[""EVENT_LOOKUP_UNAVAILABLE""]",FORMAL_WITH_LIMITATION,,CONTINUITY_UNKNOWN,"[""TWSE_OFFICIAL_DAILY""]",False
3576,TPE,TPE:3576,71675117-3716-4b31-9559-9ca4806860ee,2026-08-13,126,True,17.900000000000000000,17.677500000000000000,True,True,VALID,ELIGIBLE,True,LOOKUP_UNAVAILABLE,EVENT_LOOKUP_UNAVAILABLE,PUBLICATION_AVAILABLE_WITH_LIMITATION,AVAILABLE_WITH_LIMITATION,FORMAL_WITH_LIMITATION,14,EVENT_LOOKUP_UNAVAILABLE,"[""EVENT_LOOKUP_UNAVAILABLE""]","[""EVENT_LOOKUP_UNAVAILABLE""]",FORMAL_WITH_LIMITATION,,CONTINUITY_UNKNOWN,"[""TWSE_OFFICIAL_DAILY""]",False
3583,TPE,TPE:3583,dbbcde3a-731a-40a9-81e2-3ee6b6653b7c,2026-08-13,126,True,719.000000000000000000,,False,False,UNAVAILABLE,UNAVAILABLE,False,KNOWN_EVENT,KNOWN_VERIFIED_BREAKING_EVENT_FOUND,PUBLICATION_BLOCKED,BLOCKED,UNAVAILABLE,14,KNOWN_CONTINUITY_EVENT,"[""KNOWN_CONTINUITY_EVENT"", ""KNOWN_VERIFIED_EVENT_REQUIRES_EVENT_AWARE_HANDLING""]",[],UNAVAILABLE,KNOWN_VERIFIED_EVENT_REQUIRES_EVENT_AWARE_HANDLING,CONTINUITY_UNKNOWN,"[""TWSE_OFFICIAL_DAILY""]",False
3588,TPE,TPE:3588,c2a814c3-8561-4f89-a64b-0b65a289c5f1,2026-08-13,126,True,55.400000000000000000,,False,False,UNAVAILABLE,UNAVAILABLE,False,KNOWN_EVENT,KNOWN_VERIFIED_BREAKING_EVENT_FOUND,PUBLICATION_BLOCKED,BLOCKED,UNAVAILABLE,14,KNOWN_CONTINUITY_EVENT,"[""KNOWN_CONTINUITY_EVENT"", ""KNOWN_VERIFIED_EVENT_REQUIRES_EVENT_AWARE_HANDLING""]",[],UNAVAILABLE,KNOWN_VERIFIED_EVENT_REQUIRES_EVENT_AWARE_HANDLING,CONTINUITY_UNKNOWN,"[""TWSE_OFFICIAL_DAILY""]",False
3596,TPE,TPE:3596,f4747b72-5c98-498d-be96-e475a494301a,2026-08-13,126,True,166.000000000000000000,185.58333333333333333333333333333333333333333333333,True,False,INELIGIBLE,INELIGIBLE,False,KNOWN_EVENT,NO_KNOWN_VERIFIED_BREAKING_EVENT_FOUND,PUBLICATION_BLOCKED,BLOCKED,UNAVAILABLE,12,BELOW_MA60,"[""BELOW_MA60"", ""TECHNICAL_V0_INELIGIBLE""]",[],FORMAL,,CONTINUITY_UNKNOWN,"[""TWSE_OFFICIAL_DAILY""]",False
3605,TPE,TPE:3605,e4319a03-7f36-4cc8-bd5a-b56213eeb35d,2026-08-13,126,True,132.000000000000000000,,False,False,UNAVAILABLE,UNAVAILABLE,False,KNOWN_EVENT,KNOWN_VERIFIED_BREAKING_EVENT_FOUND,PUBLICATION_BLOCKED,BLOCKED,UNAVAILABLE,14,KNOWN_CONTINUITY_EVENT,"[""KNOWN_CONTINUITY_EVENT"", ""KNOWN_VERIFIED_EVENT_REQUIRES_EVENT_AWARE_HANDLING""]",[],UNAVAILABLE,KNOWN_VERIFIED_EVENT_REQUIRES_EVENT_AWARE_HANDLING,CONTINUITY_UNKNOWN,"[""TWSE_OFFICIAL_DAILY""]",False
3617,TPE,TPE:3617,a84b8ba4-0224-4542-abd0-5f1d6c0a6f30,2026-08-13,126,True,238.000000000000000000,,False,False,UNAVAILABLE,UNAVAILABLE,False,KNOWN_EVENT,KNOWN_VERIFIED_BREAKING_EVENT_FOUND,PUBLICATION_BLOCKED,BLOCKED,UNAVAILABLE,14,KNOWN_CONTINUITY_EVENT,"[""KNOWN_CONTINUITY_EVENT"", ""KNOWN_VERIFIED_EVENT_REQUIRES_EVENT_AWARE_HANDLING""]",[],UNAVAILABLE,KNOWN_VERIFIED_EVENT_REQUIRES_EVENT_AWARE_HANDLING,CONTINUITY_UNKNOWN,"[""TWSE_OFFICIAL_DAILY""]",False
3622,TPE,TPE:3622,a57d901a-805f-4c68-bd77-e294f1b80fe9,2026-08-13,126,True,55.200000000000000000,55.581666666666666666666666666666666666666666666667,True,False,INELIGIBLE,INELIGIBLE,False,LOOKUP_UNAVAILABLE,EVENT_LOOKUP_UNAVAILABLE,PUBLICATION_BLOCKED,BLOCKED,UNAVAILABLE,14,BELOW_MA60,"[""BELOW_MA60"", ""TECHNICAL_V0_INELIGIBLE""]","[""EVENT_LOOKUP_UNAVAILABLE""]",FORMAL_WITH_LIMITATION,,CONTINUITY_UNKNOWN,"[""TWSE_OFFICIAL_DAILY""]",False
3652,TPE,TPE:3652,4543b1de-9b1e-4230-b7b8-39ceb95ed035,2026-08-13,126,True,38.000000000000000000,,False,False,UNAVAILABLE,UNAVAILABLE,False,KNOWN_EVENT,KNOWN_VERIFIED_BREAKING_EVENT_FOUND,PUBLICATION_BLOCKED,BLOCKED,UNAVAILABLE,14,KNOWN_CONTINUITY_EVENT,"[""KNOWN_CONTINUITY_EVENT"", ""KNOWN_VERIFIED_EVENT_REQUIRES_EVENT_AWARE_HANDLING""]",[],UNAVAILABLE,KNOWN_VERIFIED_EVENT_REQUIRES_EVENT_AWARE_HANDLING,CONTINUITY_UNKNOWN,"[""TWSE_OFFICIAL_DAILY""]",False
3653,TPE,TPE:3653,abbca8b2-f6e3-49d6-a70a-f7e39147669b,2026-08-13,126,True,4635.000000000000000000,,False,False,UNAVAILABLE,UNAVAILABLE,False,KNOWN_EVENT,KNOWN_VERIFIED_BREAKING_EVENT_FOUND,PUBLICATION_BLOCKED,BLOCKED,UNAVAILABLE,14,KNOWN_CONTINUITY_EVENT,"[""KNOWN_CONTINUITY_EVENT"", ""KNOWN_VERIFIED_EVENT_REQUIRES_EVENT_AWARE_HANDLING""]",[],UNAVAILABLE,KNOWN_VERIFIED_EVENT_REQUIRES_EVENT_AWARE_HANDLING,CONTINUITY_UNKNOWN,"[""TWSE_OFFICIAL_DAILY""]",False
3661,TPE,TPE:3661,f050d8cd-0c0b-472b-893f-41f0e0d0bee1,2026-08-13,126,True,4190.000000000000000000,4042.750000000000000000,True,True,VALID,ELIGIBLE,True,LOOKUP_UNAVAILABLE,EVENT_LOOKUP_UNAVAILABLE,PUBLICATION_AVAILABLE_WITH_LIMITATION,AVAILABLE_WITH_LIMITATION,FORMAL_WITH_LIMITATION,14,EVENT_LOOKUP_UNAVAILABLE,"[""EVENT_LOOKUP_UNAVAILABLE""]","[""EVENT_LOOKUP_UNAVAILABLE""]",FORMAL_WITH_LIMITATION,,CONTINUITY_UNKNOWN,"[""TWSE_OFFICIAL_DAILY""]",False
3665,TPE,TPE:3665,ff93e8b3-cdc3-4d44-91c3-4c765d0e91e7,2026-08-13,125,True,2205.000000000000000000,,False,False,UNAVAILABLE,UNAVAILABLE,False,KNOWN_EVENT,KNOWN_VERIFIED_BREAKING_EVENT_FOUND,PUBLICATION_BLOCKED,BLOCKED,UNAVAILABLE,14,KNOWN_CONTINUITY_EVENT,"[""KNOWN_CONTINUITY_EVENT"", ""KNOWN_VERIFIED_EVENT_REQUIRES_EVENT_AWARE_HANDLING""]",[],UNAVAILABLE,KNOWN_VERIFIED_EVENT_REQUIRES_EVENT_AWARE_HANDLING,CONTINUITY_UNKNOWN,"[""TWSE_OFFICIAL_DAILY""]",False
3694,TPE,TPE:3694,6f2aa989-38dd-435d-b22d-9bc6d7454ba7,2026-08-13,126,True,53.300000000000000000,,False,False,UNAVAILABLE,UNAVAILABLE,False,KNOWN_EVENT,KNOWN_VERIFIED_BREAKING_EVENT_FOUND,PUBLICATION_BLOCKED,BLOCKED,UNAVAILABLE,14,KNOWN_CONTINUITY_EVENT,"[""KNOWN_CONTINUITY_EVENT"", ""KNOWN_VERIFIED_EVENT_REQUIRES_EVENT_AWARE_HANDLING""]",[],UNAVAILABLE,KNOWN_VERIFIED_EVENT_REQUIRES_EVENT_AWARE_HANDLING,CONTINUITY_UNKNOWN,"[""TWSE_OFFICIAL_DAILY""]",False
3706,TPE,TPE:3706,e7efd211-2b84-4dd9-823b-8a3a59678f4d,2026-08-13,126,True,91.700000000000000000,88.933333333333333333333333333333333333333333333333,True,True,VALID,ELIGIBLE,True,LOOKUP_UNAVAILABLE,EVENT_LOOKUP_UNAVAILABLE,PUBLICATION_AVAILABLE_WITH_LIMITATION,AVAILABLE_WITH_LIMITATION,FORMAL_WITH_LIMITATION,14,EVENT_LOOKUP_UNAVAILABLE,"[""EVENT_LOOKUP_UNAVAILABLE""]","[""EVENT_LOOKUP_UNAVAILABLE""]",FORMAL_WITH_LIMITATION,,CONTINUITY_UNKNOWN,"[""TWSE_OFFICIAL_DAILY""]",False
3708,TPE,TPE:3708,885f0b13-9379-44cb-94ac-d558dc7cb09e,2026-08-13,126,True,103.000000000000000000,,False,False,UNAVAILABLE,UNAVAILABLE,False,KNOWN_EVENT,KNOWN_VERIFIED_BREAKING_EVENT_FOUND,PUBLICATION_BLOCKED,BLOCKED,UNAVAILABLE,14,KNOWN_CONTINUITY_EVENT,"[""KNOWN_CONTINUITY_EVENT"", ""KNOWN_VERIFIED_EVENT_REQUIRES_EVENT_AWARE_HANDLING""]",[],UNAVAILABLE,KNOWN_VERIFIED_EVENT_REQUIRES_EVENT_AWARE_HANDLING,CONTINUITY_UNKNOWN,"[""TWSE_OFFICIAL_DAILY""]",False
3711,TPE,TPE:3711,60931130-dbb2-4c4a-a13f-2b651a48852f,2026-08-13,126,True,626.000000000000000000,,False,False,UNAVAILABLE,UNAVAILABLE,False,KNOWN_EVENT,KNOWN_VERIFIED_BREAKING_EVENT_FOUND,PUBLICATION_BLOCKED,BLOCKED,UNAVAILABLE,14,KNOWN_CONTINUITY_EVENT,"[""KNOWN_CONTINUITY_EVENT"", ""KNOWN_VERIFIED_EVENT_REQUIRES_EVENT_AWARE_HANDLING""]",[],UNAVAILABLE,KNOWN_VERIFIED_EVENT_REQUIRES_EVENT_AWARE_HANDLING,CONTINUITY_UNKNOWN,"[""TWSE_OFFICIAL_DAILY""]",False
3715,TPE,TPE:3715,ed19b8c7-4b64-46f9-bcc6-0591dbd8d171,2026-08-13,126,True,117.500000000000000000,,False,False,UNAVAILABLE,UNAVAILABLE,False,KNOWN_EVENT,KNOWN_VERIFIED_BREAKING_EVENT_FOUND,PUBLICATION_BLOCKED,BLOCKED,UNAVAILABLE,14,KNOWN_CONTINUITY_EVENT,"[""KNOWN_CONTINUITY_EVENT"", ""KNOWN_VERIFIED_EVENT_REQUIRES_EVENT_AWARE_HANDLING""]",[],UNAVAILABLE,KNOWN_VERIFIED_EVENT_REQUIRES_EVENT_AWARE_HANDLING,CONTINUITY_UNKNOWN,"[""TWSE_OFFICIAL_DAILY""]",False
4540,TPE,TPE:4540,f18baad1-25c2-4c3f-a87b-8e73afe7c0c8,2026-08-13,126,True,60.300000000000000000,59.753333333333333333333333333333333333333333333333,True,True,VALID,ELIGIBLE,True,LOOKUP_UNAVAILABLE,EVENT_LOOKUP_UNAVAILABLE,PUBLICATION_AVAILABLE_WITH_LIMITATION,AVAILABLE_WITH_LIMITATION,FORMAL_WITH_LIMITATION,14,EVENT_LOOKUP_UNAVAILABLE,"[""EVENT_LOOKUP_UNAVAILABLE""]","[""EVENT_LOOKUP_UNAVAILABLE""]",FORMAL_WITH_LIMITATION,,CONTINUITY_UNKNOWN,"[""TWSE_OFFICIAL_DAILY""]",False
4551,TPE,TPE:4551,54555091-8db1-4834-9af3-c95b3d7c720e,2026-08-13,126,True,174.000000000000000000,,False,False,UNAVAILABLE,UNAVAILABLE,False,KNOWN_EVENT,KNOWN_VERIFIED_BREAKING_EVENT_FOUND,PUBLICATION_BLOCKED,BLOCKED,UNAVAILABLE,14,KNOWN_CONTINUITY_EVENT,"[""KNOWN_CONTINUITY_EVENT"", ""KNOWN_VERIFIED_EVENT_REQUIRES_EVENT_AWARE_HANDLING""]",[],UNAVAILABLE,KNOWN_VERIFIED_EVENT_REQUIRES_EVENT_AWARE_HANDLING,CONTINUITY_UNKNOWN,"[""TWSE_OFFICIAL_DAILY""]",False
4562,TPE,TPE:4562,392edd31-d7bb-45f9-a01c-e90007f7648a,2026-08-13,126,True,33.050000000000000000,35.157500000000000000,True,False,INELIGIBLE,INELIGIBLE,False,LOOKUP_UNAVAILABLE,EVENT_LOOKUP_UNAVAILABLE,PUBLICATION_BLOCKED,BLOCKED,UNAVAILABLE,14,BELOW_MA60,"[""BELOW_MA60"", ""TECHNICAL_V0_INELIGIBLE""]","[""EVENT_LOOKUP_UNAVAILABLE""]",FORMAL_WITH_LIMITATION,,CONTINUITY_UNKNOWN,"[""TWSE_OFFICIAL_DAILY""]",False
4564,TPE,TPE:4564,f277b4ec-c712-46f6-b201-49f5e31ed530,2026-08-13,126,True,16.900000000000000000,16.815000000000000000,True,True,VALID,ELIGIBLE,True,LOOKUP_UNAVAILABLE,EVENT_LOOKUP_UNAVAILABLE,PUBLICATION_AVAILABLE_WITH_LIMITATION,AVAILABLE_WITH_LIMITATION,FORMAL_WITH_LIMITATION,14,EVENT_LOOKUP_UNAVAILABLE,"[""EVENT_LOOKUP_UNAVAILABLE""]","[""EVENT_LOOKUP_UNAVAILABLE""]",FORMAL_WITH_LIMITATION,,CONTINUITY_UNKNOWN,"[""TWSE_OFFICIAL_DAILY""]",False
4572,TPE,TPE:4572,b5576b35-50f4-41f4-a0e7-2b2c6de7327b,2026-08-13,126,True,139.000000000000000000,,False,False,UNAVAILABLE,UNAVAILABLE,False,KNOWN_EVENT,KNOWN_VERIFIED_BREAKING_EVENT_FOUND,PUBLICATION_BLOCKED,BLOCKED,UNAVAILABLE,14,KNOWN_CONTINUITY_EVENT,"[""KNOWN_CONTINUITY_EVENT"", ""KNOWN_VERIFIED_EVENT_REQUIRES_EVENT_AWARE_HANDLING""]",[],UNAVAILABLE,KNOWN_VERIFIED_EVENT_REQUIRES_EVENT_AWARE_HANDLING,CONTINUITY_UNKNOWN,"[""TWSE_OFFICIAL_DAILY""]",False
4576,TPE,TPE:4576,283240c0-a7d7-4f61-90fb-32caf79772b8,2026-08-13,126,True,224.000000000000000000,,False,False,UNAVAILABLE,UNAVAILABLE,False,KNOWN_EVENT,KNOWN_VERIFIED_BREAKING_EVENT_FOUND,PUBLICATION_BLOCKED,BLOCKED,UNAVAILABLE,14,KNOWN_CONTINUITY_EVENT,"[""KNOWN_CONTINUITY_EVENT"", ""KNOWN_VERIFIED_EVENT_REQUIRES_EVENT_AWARE_HANDLING""]",[],UNAVAILABLE,KNOWN_VERIFIED_EVENT_REQUIRES_EVENT_AWARE_HANDLING,CONTINUITY_UNKNOWN,"[""TWSE_OFFICIAL_DAILY""]",False
4585,TPE,TPE:4585,5f60b9fb-4c46-41ce-ab3a-d8cacb8f028a,2026-08-13,126,True,309.500000000000000000,,False,False,UNAVAILABLE,UNAVAILABLE,False,KNOWN_EVENT,KNOWN_VERIFIED_BREAKING_EVENT_FOUND,PUBLICATION_BLOCKED,BLOCKED,UNAVAILABLE,14,KNOWN_CONTINUITY_EVENT,"[""KNOWN_CONTINUITY_EVENT"", ""KNOWN_VERIFIED_EVENT_REQUIRES_EVENT_AWARE_HANDLING""]",[],UNAVAILABLE,KNOWN_VERIFIED_EVENT_REQUIRES_EVENT_AWARE_HANDLING,CONTINUITY_UNKNOWN,"[""TWSE_OFFICIAL_DAILY""]",False
4722,TPE,TPE:4722,09a2b6fa-74a9-402b-8ca2-c3ae90cacc5a,2026-08-13,126,True,208.000000000000000000,,False,False,UNAVAILABLE,UNAVAILABLE,False,KNOWN_EVENT,KNOWN_VERIFIED_BREAKING_EVENT_FOUND,PUBLICATION_BLOCKED,BLOCKED,UNAVAILABLE,14,KNOWN_CONTINUITY_EVENT,"[""KNOWN_CONTINUITY_EVENT"", ""KNOWN_VERIFIED_EVENT_REQUIRES_EVENT_AWARE_HANDLING""]",[],UNAVAILABLE,KNOWN_VERIFIED_EVENT_REQUIRES_EVENT_AWARE_HANDLING,CONTINUITY_UNKNOWN,"[""TWSE_OFFICIAL_DAILY""]",False
4764,TPE,TPE:4764,8b763dae-fe3a-432b-a95c-4c065e136808,2026-08-13,126,True,245.000000000000000000,293.35833333333333333333333333333333333333333333333,True,False,INELIGIBLE,INELIGIBLE,False,KNOWN_EVENT,NO_KNOWN_VERIFIED_BREAKING_EVENT_FOUND,PUBLICATION_BLOCKED,BLOCKED,UNAVAILABLE,14,BELOW_MA60,"[""BELOW_MA60"", ""TECHNICAL_V0_INELIGIBLE""]",[],FORMAL,,CONTINUITY_UNKNOWN,"[""TWSE_OFFICIAL_DAILY""]",False
4807,TPE,TPE:4807,050ea7a6-771f-49f1-bf1f-14d617d37f84,2026-08-13,126,True,31.500000000000000000,35.952500000000000000,True,False,INELIGIBLE,INELIGIBLE,False,LOOKUP_UNAVAILABLE,EVENT_LOOKUP_UNAVAILABLE,PUBLICATION_BLOCKED,BLOCKED,UNAVAILABLE,14,BELOW_MA60,"[""BELOW_MA60"", ""TECHNICAL_V0_INELIGIBLE""]","[""EVENT_LOOKUP_UNAVAILABLE""]",FORMAL_WITH_LIMITATION,,CONTINUITY_UNKNOWN,"[""TWSE_OFFICIAL_DAILY""]",False
4916,TPE,TPE:4916,d2182563-90b5-4670-bad0-6293a836a3b0,2026-08-13,126,True,101.500000000000000000,,False,False,UNAVAILABLE,UNAVAILABLE,False,KNOWN_EVENT,KNOWN_VERIFIED_BREAKING_EVENT_FOUND,PUBLICATION_BLOCKED,BLOCKED,UNAVAILABLE,14,KNOWN_CONTINUITY_EVENT,"[""KNOWN_CONTINUITY_EVENT"", ""KNOWN_VERIFIED_EVENT_REQUIRES_EVENT_AWARE_HANDLING""]",[],UNAVAILABLE,KNOWN_VERIFIED_EVENT_REQUIRES_EVENT_AWARE_HANDLING,CONTINUITY_UNKNOWN,"[""TWSE_OFFICIAL_DAILY""]",False
4919,TPE,TPE:4919,3df8ef0b-75c4-467c-99b1-0c2f807a7b65,2026-08-13,126,True,126.500000000000000000,163.95833333333333333333333333333333333333333333333,True,False,INELIGIBLE,INELIGIBLE,False,LOOKUP_UNAVAILABLE,EVENT_LOOKUP_UNAVAILABLE,PUBLICATION_BLOCKED,BLOCKED,UNAVAILABLE,14,BELOW_MA60,"[""BELOW_MA60"", ""TECHNICAL_V0_INELIGIBLE""]","[""EVENT_LOOKUP_UNAVAILABLE""]",FORMAL_WITH_LIMITATION,,CONTINUITY_UNKNOWN,"[""TWSE_OFFICIAL_DAILY""]",False
4934,TPE,TPE:4934,76e22be6-1df0-411a-9131-54338ed9b171,2026-08-13,126,True,14.650000000000000000,16.310000000000000000,True,False,INELIGIBLE,INELIGIBLE,False,LOOKUP_UNAVAILABLE,EVENT_LOOKUP_UNAVAILABLE,PUBLICATION_BLOCKED,BLOCKED,UNAVAILABLE,14,BELOW_MA60,"[""BELOW_MA60"", ""TECHNICAL_V0_INELIGIBLE""]","[""EVENT_LOOKUP_UNAVAILABLE""]",FORMAL_WITH_LIMITATION,,CONTINUITY_UNKNOWN,"[""TWSE_OFFICIAL_DAILY""]",False
4938,TPE,TPE:4938,56ef0091-839a-4567-a40a-bbc33c2eb71c,2026-08-13,126,True,94.800000000000000000,,False,False,UNAVAILABLE,UNAVAILABLE,False,KNOWN_EVENT,KNOWN_VERIFIED_BREAKING_EVENT_FOUND,PUBLICATION_BLOCKED,BLOCKED,UNAVAILABLE,14,KNOWN_CONTINUITY_EVENT,"[""KNOWN_CONTINUITY_EVENT"", ""KNOWN_VERIFIED_EVENT_REQUIRES_EVENT_AWARE_HANDLING""]",[],UNAVAILABLE,KNOWN_VERIFIED_EVENT_REQUIRES_EVENT_AWARE_HANDLING,CONTINUITY_UNKNOWN,"[""TWSE_OFFICIAL_DAILY""]",False
4958,TPE,TPE:4958,2fe5d821-3d78-4e27-aac0-d670d15a51e3,2026-08-13,126,True,477.500000000000000000,,False,False,UNAVAILABLE,UNAVAILABLE,False,KNOWN_EVENT,KNOWN_VERIFIED_BREAKING_EVENT_FOUND,PUBLICATION_BLOCKED,BLOCKED,UNAVAILABLE,14,KNOWN_CONTINUITY_EVENT,"[""KNOWN_CONTINUITY_EVENT"", ""KNOWN_VERIFIED_EVENT_REQUIRES_EVENT_AWARE_HANDLING""]",[],UNAVAILABLE,KNOWN_VERIFIED_EVENT_REQUIRES_EVENT_AWARE_HANDLING,CONTINUITY_UNKNOWN,"[""TWSE_OFFICIAL_DAILY""]",False
4967,TPE,TPE:4967,9d92194d-bfe2-41c6-afa8-d88392f9aa54,2026-08-13,126,True,280.500000000000000000,258.19166666666666666666666666666666666666666666667,True,True,VALID,ELIGIBLE,True,LOOKUP_UNAVAILABLE,EVENT_LOOKUP_UNAVAILABLE,PUBLICATION_AVAILABLE_WITH_LIMITATION,AVAILABLE_WITH_LIMITATION,FORMAL_WITH_LIMITATION,14,EVENT_LOOKUP_UNAVAILABLE,"[""EVENT_LOOKUP_UNAVAILABLE""]","[""EVENT_LOOKUP_UNAVAILABLE""]",FORMAL_WITH_LIMITATION,,CONTINUITY_UNKNOWN,"[""TWSE_OFFICIAL_DAILY""]",False
4976,TPE,TPE:4976,6fe5d8ed-e228-40cf-9951-a8672535ebc5,2026-08-13,126,True,37.050000000000000000,35.514166666666666666666666666666666666666666666667,True,True,VALID,ELIGIBLE,True,LOOKUP_UNAVAILABLE,EVENT_LOOKUP_UNAVAILABLE,PUBLICATION_AVAILABLE_WITH_LIMITATION,AVAILABLE_WITH_LIMITATION,FORMAL_WITH_LIMITATION,14,EVENT_LOOKUP_UNAVAILABLE,"[""EVENT_LOOKUP_UNAVAILABLE""]","[""EVENT_LOOKUP_UNAVAILABLE""]",FORMAL_WITH_LIMITATION,,CONTINUITY_UNKNOWN,"[""TWSE_OFFICIAL_DAILY""]",False
4977,TPE,TPE:4977,c3248e1c-11ff-47ce-8c0d-e86121a76399,2026-08-13,125,True,151.500000000000000000,,False,False,UNAVAILABLE,UNAVAILABLE,False,KNOWN_EVENT,KNOWN_VERIFIED_BREAKING_EVENT_FOUND,PUBLICATION_BLOCKED,BLOCKED,UNAVAILABLE,14,KNOWN_CONTINUITY_EVENT,"[""KNOWN_CONTINUITY_EVENT"", ""KNOWN_VERIFIED_EVENT_REQUIRES_EVENT_AWARE_HANDLING""]",[],UNAVAILABLE,KNOWN_VERIFIED_EVENT_REQUIRES_EVENT_AWARE_HANDLING,CONTINUITY_UNKNOWN,"[""TWSE_OFFICIAL_DAILY""]",False
5222,TPE,TPE:5222,e70ac1dc-4720-4a78-a83e-049fdea0c5a8,2026-08-13,126,True,122.000000000000000000,119.08333333333333333333333333333333333333333333333,True,True,VALID,ELIGIBLE,True,KNOWN_EVENT,NO_KNOWN_VERIFIED_BREAKING_EVENT_FOUND,PUBLICATION_AVAILABLE_WITH_LIMITATION,AVAILABLE_WITH_LIMITATION,FORMAL_WITH_LIMITATION,12,KNOWN_EVENT_HANDLED,"[""KNOWN_EVENT_HANDLED""]","[""KNOWN_EVENT_HANDLED""]",FORMAL,,CONTINUITY_UNKNOWN,"[""TWSE_OFFICIAL_DAILY""]",False
5243,TPE,TPE:5243,95b3f1df-f626-4afd-b0a8-00a6c864f654,2026-08-13,126,True,91.400000000000000000,101.53666666666666666666666666666666666666666666667,True,False,INELIGIBLE,INELIGIBLE,False,LOOKUP_UNAVAILABLE,EVENT_LOOKUP_UNAVAILABLE,PUBLICATION_BLOCKED,BLOCKED,UNAVAILABLE,14,BELOW_MA60,"[""BELOW_MA60"", ""TECHNICAL_V0_INELIGIBLE""]","[""EVENT_LOOKUP_UNAVAILABLE""]",FORMAL_WITH_LIMITATION,,CONTINUITY_UNKNOWN,"[""TWSE_OFFICIAL_DAILY""]",False
5269,TPE,TPE:5269,1ad65371-507c-44bf-936a-6dd79c2388b3,2026-08-13,126,True,1430.000000000000000000,,False,False,UNAVAILABLE,UNAVAILABLE,False,KNOWN_EVENT,KNOWN_VERIFIED_BREAKING_EVENT_FOUND,PUBLICATION_BLOCKED,BLOCKED,UNAVAILABLE,14,KNOWN_CONTINUITY_EVENT,"[""KNOWN_CONTINUITY_EVENT"", ""KNOWN_VERIFIED_EVENT_REQUIRES_EVENT_AWARE_HANDLING""]",[],UNAVAILABLE,KNOWN_VERIFIED_EVENT_REQUIRES_EVENT_AWARE_HANDLING,CONTINUITY_UNKNOWN,"[""TWSE_OFFICIAL_DAILY""]",False
5285,TPE,TPE:5285,437d7141-9609-44fd-90aa-2a98bd8c8e5d,2026-08-13,126,True,79.600000000000000000,,False,False,UNAVAILABLE,UNAVAILABLE,False,KNOWN_EVENT,KNOWN_VERIFIED_BREAKING_EVENT_FOUND,PUBLICATION_BLOCKED,BLOCKED,UNAVAILABLE,14,KNOWN_CONTINUITY_EVENT,"[""KNOWN_CONTINUITY_EVENT"", ""KNOWN_VERIFIED_EVENT_REQUIRES_EVENT_AWARE_HANDLING""]",[],UNAVAILABLE,KNOWN_VERIFIED_EVENT_REQUIRES_EVENT_AWARE_HANDLING,CONTINUITY_UNKNOWN,"[""TWSE_OFFICIAL_DAILY""]",False
5288,TPE,TPE:5288,2c94d7f9-017b-437c-8f50-2050078b2f2d,2026-08-13,126,True,189.500000000000000000,,False,False,UNAVAILABLE,UNAVAILABLE,False,KNOWN_EVENT,KNOWN_VERIFIED_BREAKING_EVENT_FOUND,PUBLICATION_BLOCKED,BLOCKED,UNAVAILABLE,14,KNOWN_CONTINUITY_EVENT,"[""KNOWN_CONTINUITY_EVENT"", ""KNOWN_VERIFIED_EVENT_REQUIRES_EVENT_AWARE_HANDLING""]",[],UNAVAILABLE,KNOWN_VERIFIED_EVENT_REQUIRES_EVENT_AWARE_HANDLING,CONTINUITY_UNKNOWN,"[""TWSE_OFFICIAL_DAILY""]",False
5388,TPE,TPE:5388,ab02c7fe-c63f-43c2-8c97-9d3d2636d02b,2026-08-13,126,True,81.100000000000000000,85.180000000000000000,True,False,INELIGIBLE,INELIGIBLE,False,KNOWN_EVENT,NO_KNOWN_VERIFIED_BREAKING_EVENT_FOUND,PUBLICATION_BLOCKED,BLOCKED,UNAVAILABLE,14,BELOW_MA60,"[""BELOW_MA60"", ""TECHNICAL_V0_INELIGIBLE""]",[],FORMAL,,CONTINUITY_UNKNOWN,"[""TWSE_OFFICIAL_DAILY""]",False
5434,TPE,TPE:5434,5c47d834-3def-4a45-816c-ef0ba5bac984,2026-08-13,126,True,527.000000000000000000,,False,False,UNAVAILABLE,UNAVAILABLE,False,KNOWN_EVENT,KNOWN_VERIFIED_BREAKING_EVENT_FOUND,PUBLICATION_BLOCKED,BLOCKED,UNAVAILABLE,14,KNOWN_CONTINUITY_EVENT,"[""KNOWN_CONTINUITY_EVENT"", ""KNOWN_VERIFIED_EVENT_REQUIRES_EVENT_AWARE_HANDLING""]",[],UNAVAILABLE,KNOWN_VERIFIED_EVENT_REQUIRES_EVENT_AWARE_HANDLING,CONTINUITY_UNKNOWN,"[""TWSE_OFFICIAL_DAILY""]",False
5471,TPE,TPE:5471,a20f3726-0c0d-42ed-b2c3-a72c3d696598,2026-08-13,126,True,58.100000000000000000,,False,False,UNAVAILABLE,UNAVAILABLE,False,KNOWN_EVENT,KNOWN_VERIFIED_BREAKING_EVENT_FOUND,PUBLICATION_BLOCKED,BLOCKED,UNAVAILABLE,14,KNOWN_CONTINUITY_EVENT,"[""KNOWN_CONTINUITY_EVENT"", ""KNOWN_VERIFIED_EVENT_REQUIRES_EVENT_AWARE_HANDLING""]",[],UNAVAILABLE,KNOWN_VERIFIED_EVENT_REQUIRES_EVENT_AWARE_HANDLING,CONTINUITY_UNKNOWN,"[""TWSE_OFFICIAL_DAILY""]",False
5519,TPE,TPE:5519,6ced414b-2163-4093-a41a-bbe8a685bfc5,2026-08-13,126,True,27.750000000000000000,31.275000000000000000,True,False,INELIGIBLE,INELIGIBLE,False,LOOKUP_UNAVAILABLE,EVENT_LOOKUP_UNAVAILABLE,PUBLICATION_BLOCKED,BLOCKED,UNAVAILABLE,14,BELOW_MA60,"[""BELOW_MA60"", ""TECHNICAL_V0_INELIGIBLE""]","[""EVENT_LOOKUP_UNAVAILABLE""]",FORMAL_WITH_LIMITATION,,CONTINUITY_UNKNOWN,"[""TWSE_OFFICIAL_DAILY""]",False
5534,TPE,TPE:5534,f768d9bf-7678-4b6c-9a79-9959e3bf2cef,2026-08-13,126,True,78.400000000000000000,78.578333333333333333333333333333333333333333333333,True,False,INELIGIBLE,INELIGIBLE,False,LOOKUP_UNAVAILABLE,EVENT_LOOKUP_UNAVAILABLE,PUBLICATION_BLOCKED,BLOCKED,UNAVAILABLE,14,BELOW_MA60,"[""BELOW_MA60"", ""TECHNICAL_V0_INELIGIBLE""]","[""EVENT_LOOKUP_UNAVAILABLE""]",FORMAL_WITH_LIMITATION,,CONTINUITY_UNKNOWN,"[""TWSE_OFFICIAL_DAILY""]",False
6112,TPE,TPE:6112,af1bca09-8ba7-4044-8c67-f97adf3430df,2026-08-13,126,True,46.550000000000000000,,False,False,UNAVAILABLE,UNAVAILABLE,False,KNOWN_EVENT,KNOWN_VERIFIED_BREAKING_EVENT_FOUND,PUBLICATION_BLOCKED,BLOCKED,UNAVAILABLE,14,KNOWN_CONTINUITY_EVENT,"[""KNOWN_CONTINUITY_EVENT"", ""KNOWN_VERIFIED_EVENT_REQUIRES_EVENT_AWARE_HANDLING""]",[],UNAVAILABLE,KNOWN_VERIFIED_EVENT_REQUIRES_EVENT_AWARE_HANDLING,CONTINUITY_UNKNOWN,"[""TWSE_OFFICIAL_DAILY""]",False
6116,TPE,TPE:6116,b20092f5-a219-488f-9ebe-39c5927a7941,2026-08-13,126,True,13.950000000000000000,15.869166666666666666666666666666666666666666666667,True,False,INELIGIBLE,INELIGIBLE,False,LOOKUP_UNAVAILABLE,EVENT_LOOKUP_UNAVAILABLE,PUBLICATION_BLOCKED,BLOCKED,UNAVAILABLE,14,BELOW_MA60,"[""BELOW_MA60"", ""TECHNICAL_V0_INELIGIBLE""]","[""EVENT_LOOKUP_UNAVAILABLE""]",FORMAL_WITH_LIMITATION,,CONTINUITY_UNKNOWN,"[""TWSE_OFFICIAL_DAILY""]",False
6141,TPE,TPE:6141,1859cad1-a2b6-48fd-b7bc-481d98b28c49,2026-08-13,126,True,36.600000000000000000,36.775833333333333333333333333333333333333333333333,True,False,INELIGIBLE,INELIGIBLE,False,LOOKUP_UNAVAILABLE,EVENT_LOOKUP_UNAVAILABLE,PUBLICATION_BLOCKED,BLOCKED,UNAVAILABLE,14,BELOW_MA60,"[""BELOW_MA60"", ""TECHNICAL_V0_INELIGIBLE""]","[""EVENT_LOOKUP_UNAVAILABLE""]",FORMAL_WITH_LIMITATION,,CONTINUITY_UNKNOWN,"[""TWSE_OFFICIAL_DAILY""]",False
6142,TPE,TPE:6142,5dce287a-d233-47f3-a4cd-10a84d6ebf93,2026-08-13,126,True,9.280000000000000000,9.230500000000000000,True,True,VALID,ELIGIBLE,True,LOOKUP_UNAVAILABLE,EVENT_LOOKUP_UNAVAILABLE,PUBLICATION_AVAILABLE_WITH_LIMITATION,AVAILABLE_WITH_LIMITATION,FORMAL_WITH_LIMITATION,14,EVENT_LOOKUP_UNAVAILABLE,"[""EVENT_LOOKUP_UNAVAILABLE""]","[""EVENT_LOOKUP_UNAVAILABLE""]",FORMAL_WITH_LIMITATION,,CONTINUITY_UNKNOWN,"[""TWSE_OFFICIAL_DAILY""]",False
6153,TPE,TPE:6153,2607f414-def7-4c3f-8941-cd6accbc1ce6,2026-08-13,126,True,17.250000000000000000,18.932500000000000000,True,False,INELIGIBLE,INELIGIBLE,False,LOOKUP_UNAVAILABLE,EVENT_LOOKUP_UNAVAILABLE,PUBLICATION_BLOCKED,BLOCKED,UNAVAILABLE,14,BELOW_MA60,"[""BELOW_MA60"", ""TECHNICAL_V0_INELIGIBLE""]","[""EVENT_LOOKUP_UNAVAILABLE""]",FORMAL_WITH_LIMITATION,,CONTINUITY_UNKNOWN,"[""TWSE_OFFICIAL_DAILY""]",False
6155,TPE,TPE:6155,1e295cce-276a-4221-901a-7af520193c46,2026-08-13,126,True,63.500000000000000000,,False,False,UNAVAILABLE,UNAVAILABLE,False,KNOWN_EVENT,KNOWN_VERIFIED_BREAKING_EVENT_FOUND,PUBLICATION_BLOCKED,BLOCKED,UNAVAILABLE,14,KNOWN_CONTINUITY_EVENT,"[""KNOWN_CONTINUITY_EVENT"", ""KNOWN_VERIFIED_EVENT_REQUIRES_EVENT_AWARE_HANDLING""]",[],UNAVAILABLE,KNOWN_VERIFIED_EVENT_REQUIRES_EVENT_AWARE_HANDLING,CONTINUITY_UNKNOWN,"[""TWSE_OFFICIAL_DAILY""]",False
6166,TPE,TPE:6166,7cc9345d-892d-4361-a862-a4298701501c,2026-08-13,126,True,137.000000000000000000,,False,False,UNAVAILABLE,UNAVAILABLE,False,KNOWN_EVENT,KNOWN_VERIFIED_BREAKING_EVENT_FOUND,PUBLICATION_BLOCKED,BLOCKED,UNAVAILABLE,14,KNOWN_CONTINUITY_EVENT,"[""KNOWN_CONTINUITY_EVENT"", ""KNOWN_VERIFIED_EVENT_REQUIRES_EVENT_AWARE_HANDLING""]",[],UNAVAILABLE,KNOWN_VERIFIED_EVENT_REQUIRES_EVENT_AWARE_HANDLING,CONTINUITY_UNKNOWN,"[""TWSE_OFFICIAL_DAILY""]",False
6168,TPE,TPE:6168,ac7a08d7-9bda-4aaa-9e47-5d4bbf4b6059,2026-08-13,126,True,25.200000000000000000,26.910000000000000000,True,False,INELIGIBLE,INELIGIBLE,False,LOOKUP_UNAVAILABLE,EVENT_LOOKUP_UNAVAILABLE,PUBLICATION_BLOCKED,BLOCKED,UNAVAILABLE,14,BELOW_MA60,"[""BELOW_MA60"", ""TECHNICAL_V0_INELIGIBLE""]","[""EVENT_LOOKUP_UNAVAILABLE""]",FORMAL_WITH_LIMITATION,,CONTINUITY_UNKNOWN,"[""TWSE_OFFICIAL_DAILY""]",False
6177,TPE,TPE:6177,8ce484a7-d355-44b5-8e0d-d54248e73005,2026-08-13,126,True,47.350000000000000000,46.186666666666666666666666666666666666666666666667,True,True,VALID,ELIGIBLE,True,LOOKUP_UNAVAILABLE,EVENT_LOOKUP_UNAVAILABLE,PUBLICATION_AVAILABLE_WITH_LIMITATION,AVAILABLE_WITH_LIMITATION,FORMAL_WITH_LIMITATION,14,EVENT_LOOKUP_UNAVAILABLE,"[""EVENT_LOOKUP_UNAVAILABLE""]","[""EVENT_LOOKUP_UNAVAILABLE""]",FORMAL_WITH_LIMITATION,,CONTINUITY_UNKNOWN,"[""TWSE_OFFICIAL_DAILY""]",False
6191,TPE,TPE:6191,9015128b-fb9e-41bf-be43-fae9ba3cc445,2026-08-13,126,True,86.800000000000000000,,False,False,UNAVAILABLE,UNAVAILABLE,False,KNOWN_EVENT,KNOWN_VERIFIED_BREAKING_EVENT_FOUND,PUBLICATION_BLOCKED,BLOCKED,UNAVAILABLE,14,KNOWN_CONTINUITY_EVENT,"[""KNOWN_CONTINUITY_EVENT"", ""KNOWN_VERIFIED_EVENT_REQUIRES_EVENT_AWARE_HANDLING""]",[],UNAVAILABLE,KNOWN_VERIFIED_EVENT_REQUIRES_EVENT_AWARE_HANDLING,CONTINUITY_UNKNOWN,"[""TWSE_OFFICIAL_DAILY""]",False
6196,TPE,TPE:6196,829d39ce-79a4-45bd-8cdf-358cda723d18,2026-08-13,126,True,511.000000000000000000,,False,False,UNAVAILABLE,UNAVAILABLE,False,KNOWN_EVENT,KNOWN_VERIFIED_BREAKING_EVENT_FOUND,PUBLICATION_BLOCKED,BLOCKED,UNAVAILABLE,14,KNOWN_CONTINUITY_EVENT,"[""KNOWN_CONTINUITY_EVENT"", ""KNOWN_VERIFIED_EVENT_REQUIRES_EVENT_AWARE_HANDLING""]",[],UNAVAILABLE,KNOWN_VERIFIED_EVENT_REQUIRES_EVENT_AWARE_HANDLING,CONTINUITY_UNKNOWN,"[""TWSE_OFFICIAL_DAILY""]",False
6197,TPE,TPE:6197,6379356e-67b0-4a22-96d5-573fe37f7f2e,2026-08-13,126,True,312.000000000000000000,,False,False,UNAVAILABLE,UNAVAILABLE,False,KNOWN_EVENT,KNOWN_VERIFIED_BREAKING_EVENT_FOUND,PUBLICATION_BLOCKED,BLOCKED,UNAVAILABLE,14,KNOWN_CONTINUITY_EVENT,"[""KNOWN_CONTINUITY_EVENT"", ""KNOWN_VERIFIED_EVENT_REQUIRES_EVENT_AWARE_HANDLING""]",[],UNAVAILABLE,KNOWN_VERIFIED_EVENT_REQUIRES_EVENT_AWARE_HANDLING,CONTINUITY_UNKNOWN,"[""TWSE_OFFICIAL_DAILY""]",False
6202,TPE,TPE:6202,6db0715b-4e7c-4529-9d39-2f528975c869,2026-08-13,126,True,62.000000000000000000,,False,False,UNAVAILABLE,UNAVAILABLE,False,KNOWN_EVENT,KNOWN_VERIFIED_BREAKING_EVENT_FOUND,PUBLICATION_BLOCKED,BLOCKED,UNAVAILABLE,14,KNOWN_CONTINUITY_EVENT,"[""KNOWN_CONTINUITY_EVENT"", ""KNOWN_VERIFIED_EVENT_REQUIRES_EVENT_AWARE_HANDLING""]",[],UNAVAILABLE,KNOWN_VERIFIED_EVENT_REQUIRES_EVENT_AWARE_HANDLING,CONTINUITY_UNKNOWN,"[""TWSE_OFFICIAL_DAILY""]",False
6205,TPE,TPE:6205,c8f6695f-438c-4d13-b0d4-c680024b6885,2026-08-13,126,True,63.300000000000000000,,False,False,UNAVAILABLE,UNAVAILABLE,False,KNOWN_EVENT,KNOWN_VERIFIED_BREAKING_EVENT_FOUND,PUBLICATION_BLOCKED,BLOCKED,UNAVAILABLE,14,KNOWN_CONTINUITY_EVENT,"[""KNOWN_CONTINUITY_EVENT"", ""KNOWN_VERIFIED_EVENT_REQUIRES_EVENT_AWARE_HANDLING""]",[],UNAVAILABLE,KNOWN_VERIFIED_EVENT_REQUIRES_EVENT_AWARE_HANDLING,CONTINUITY_UNKNOWN,"[""TWSE_OFFICIAL_DAILY""]",False
6209,TPE,TPE:6209,90b0d8c2-2f02-426e-83fc-976751e077d8,2026-08-13,126,True,70.600000000000000000,,False,False,UNAVAILABLE,UNAVAILABLE,False,KNOWN_EVENT,KNOWN_VERIFIED_BREAKING_EVENT_FOUND,PUBLICATION_BLOCKED,BLOCKED,UNAVAILABLE,14,KNOWN_CONTINUITY_EVENT,"[""KNOWN_CONTINUITY_EVENT"", ""KNOWN_VERIFIED_EVENT_REQUIRES_EVENT_AWARE_HANDLING""]",[],UNAVAILABLE,KNOWN_VERIFIED_EVENT_REQUIRES_EVENT_AWARE_HANDLING,CONTINUITY_UNKNOWN,"[""TWSE_OFFICIAL_DAILY""]",False
6213,TPE,TPE:6213,1b03faa6-add9-46d5-9bfd-b4e69ee8a108,2026-08-13,126,True,469.000000000000000000,,False,False,UNAVAILABLE,UNAVAILABLE,False,KNOWN_EVENT,KNOWN_VERIFIED_BREAKING_EVENT_FOUND,PUBLICATION_BLOCKED,BLOCKED,UNAVAILABLE,14,KNOWN_CONTINUITY_EVENT,"[""KNOWN_CONTINUITY_EVENT"", ""KNOWN_VERIFIED_EVENT_REQUIRES_EVENT_AWARE_HANDLING""]",[],UNAVAILABLE,KNOWN_VERIFIED_EVENT_REQUIRES_EVENT_AWARE_HANDLING,CONTINUITY_UNKNOWN,"[""TWSE_OFFICIAL_DAILY""]",False
6214,TPE,TPE:6214,1756ccb5-1024-408e-a749-0cf2fb20453f,2026-08-13,126,True,156.500000000000000000,,False,False,UNAVAILABLE,UNAVAILABLE,False,KNOWN_EVENT,KNOWN_VERIFIED_BREAKING_EVENT_FOUND,PUBLICATION_BLOCKED,BLOCKED,UNAVAILABLE,14,KNOWN_CONTINUITY_EVENT,"[""KNOWN_CONTINUITY_EVENT"", ""KNOWN_VERIFIED_EVENT_REQUIRES_EVENT_AWARE_HANDLING""]",[],UNAVAILABLE,KNOWN_VERIFIED_EVENT_REQUIRES_EVENT_AWARE_HANDLING,CONTINUITY_UNKNOWN,"[""TWSE_OFFICIAL_DAILY""]",False
6215,TPE,TPE:6215,5fd8e08d-839d-479c-ad95-de9b721ba912,2026-08-13,126,True,107.000000000000000000,,False,False,UNAVAILABLE,UNAVAILABLE,False,KNOWN_EVENT,KNOWN_VERIFIED_BREAKING_EVENT_FOUND,PUBLICATION_BLOCKED,BLOCKED,UNAVAILABLE,14,KNOWN_CONTINUITY_EVENT,"[""KNOWN_CONTINUITY_EVENT"", ""KNOWN_VERIFIED_EVENT_REQUIRES_EVENT_AWARE_HANDLING""]",[],UNAVAILABLE,KNOWN_VERIFIED_EVENT_REQUIRES_EVENT_AWARE_HANDLING,CONTINUITY_UNKNOWN,"[""TWSE_OFFICIAL_DAILY""]",False
6226,TPE,TPE:6226,bd613044-31ff-4170-9d3a-1292191b918d,2026-08-13,126,True,19.600000000000000000,18.166666666666666666666666666666666666666666666667,True,True,VALID,ELIGIBLE,True,LOOKUP_UNAVAILABLE,EVENT_LOOKUP_UNAVAILABLE,PUBLICATION_AVAILABLE_WITH_LIMITATION,AVAILABLE_WITH_LIMITATION,FORMAL_WITH_LIMITATION,14,EVENT_LOOKUP_UNAVAILABLE,"[""EVENT_LOOKUP_UNAVAILABLE""]","[""EVENT_LOOKUP_UNAVAILABLE""]",FORMAL_WITH_LIMITATION,,CONTINUITY_UNKNOWN,"[""TWSE_OFFICIAL_DAILY""]",False
6239,TPE,TPE:6239,9fb9a2e4-c03e-4bdc-829c-825d20f07544,2026-08-13,126,True,283.000000000000000000,,False,False,UNAVAILABLE,UNAVAILABLE,False,KNOWN_EVENT,KNOWN_VERIFIED_BREAKING_EVENT_FOUND,PUBLICATION_BLOCKED,BLOCKED,UNAVAILABLE,14,KNOWN_CONTINUITY_EVENT,"[""KNOWN_CONTINUITY_EVENT"", ""KNOWN_VERIFIED_EVENT_REQUIRES_EVENT_AWARE_HANDLING""]",[],UNAVAILABLE,KNOWN_VERIFIED_EVENT_REQUIRES_EVENT_AWARE_HANDLING,CONTINUITY_UNKNOWN,"[""TWSE_OFFICIAL_DAILY""]",False
6243,TPE,TPE:6243,1a19b207-ea85-48e1-b655-c8229410e4cb,2026-08-13,126,True,43.900000000000000000,40.545000000000000000,True,True,VALID,ELIGIBLE,True,LOOKUP_UNAVAILABLE,EVENT_LOOKUP_UNAVAILABLE,PUBLICATION_AVAILABLE_WITH_LIMITATION,AVAILABLE_WITH_LIMITATION,FORMAL_WITH_LIMITATION,14,EVENT_LOOKUP_UNAVAILABLE,"[""EVENT_LOOKUP_UNAVAILABLE""]","[""EVENT_LOOKUP_UNAVAILABLE""]",FORMAL_WITH_LIMITATION,,CONTINUITY_UNKNOWN,"[""TWSE_OFFICIAL_DAILY""]",False
6257,TPE,TPE:6257,d6b10d3b-b7bb-485e-9d31-a932e409e76b,2026-08-13,126,True,213.000000000000000000,,False,False,UNAVAILABLE,UNAVAILABLE,False,KNOWN_EVENT,KNOWN_VERIFIED_BREAKING_EVENT_FOUND,PUBLICATION_BLOCKED,BLOCKED,UNAVAILABLE,14,KNOWN_CONTINUITY_EVENT,"[""KNOWN_CONTINUITY_EVENT"", ""KNOWN_VERIFIED_EVENT_REQUIRES_EVENT_AWARE_HANDLING""]",[],UNAVAILABLE,KNOWN_VERIFIED_EVENT_REQUIRES_EVENT_AWARE_HANDLING,CONTINUITY_UNKNOWN,"[""TWSE_OFFICIAL_DAILY""]",False
6269,TPE,TPE:6269,e5d0d980-dbeb-4846-8b67-d054322c45f3,2026-08-13,126,True,65.000000000000000000,64.825000000000000000,True,True,VALID,ELIGIBLE,True,LOOKUP_UNAVAILABLE,EVENT_LOOKUP_UNAVAILABLE,PUBLICATION_AVAILABLE_WITH_LIMITATION,AVAILABLE_WITH_LIMITATION,FORMAL_WITH_LIMITATION,14,EVENT_LOOKUP_UNAVAILABLE,"[""EVENT_LOOKUP_UNAVAILABLE""]","[""EVENT_LOOKUP_UNAVAILABLE""]",FORMAL_WITH_LIMITATION,,CONTINUITY_UNKNOWN,"[""TWSE_OFFICIAL_DAILY""]",False
6271,TPE,TPE:6271,e88c20d1-1e6b-4c2d-9471-587b42c27a87,2026-08-13,126,True,199.000000000000000000,,False,False,UNAVAILABLE,UNAVAILABLE,False,KNOWN_EVENT,KNOWN_VERIFIED_BREAKING_EVENT_FOUND,PUBLICATION_BLOCKED,BLOCKED,UNAVAILABLE,14,KNOWN_CONTINUITY_EVENT,"[""KNOWN_CONTINUITY_EVENT"", ""KNOWN_VERIFIED_EVENT_REQUIRES_EVENT_AWARE_HANDLING""]",[],UNAVAILABLE,KNOWN_VERIFIED_EVENT_REQUIRES_EVENT_AWARE_HANDLING,CONTINUITY_UNKNOWN,"[""TWSE_OFFICIAL_DAILY""]",False
6282,TPE,TPE:6282,f79ea42a-676f-4948-a127-49922ba51c7e,2026-08-13,126,True,48.150000000000000000,54.880833333333333333333333333333333333333333333333,True,False,INELIGIBLE,INELIGIBLE,False,LOOKUP_UNAVAILABLE,EVENT_LOOKUP_UNAVAILABLE,PUBLICATION_BLOCKED,BLOCKED,UNAVAILABLE,14,BELOW_MA60,"[""BELOW_MA60"", ""TECHNICAL_V0_INELIGIBLE""]","[""EVENT_LOOKUP_UNAVAILABLE""]",FORMAL_WITH_LIMITATION,,CONTINUITY_UNKNOWN,"[""TWSE_OFFICIAL_DAILY""]",False
6285,TPE,TPE:6285,af715ec5-6c1f-4192-9b6a-89e3a3b36ebe,2026-08-13,126,True,246.500000000000000000,,False,False,UNAVAILABLE,UNAVAILABLE,False,KNOWN_EVENT,KNOWN_VERIFIED_BREAKING_EVENT_FOUND,PUBLICATION_BLOCKED,BLOCKED,UNAVAILABLE,14,KNOWN_CONTINUITY_EVENT,"[""KNOWN_CONTINUITY_EVENT"", ""KNOWN_VERIFIED_EVENT_REQUIRES_EVENT_AWARE_HANDLING""]",[],UNAVAILABLE,KNOWN_VERIFIED_EVENT_REQUIRES_EVENT_AWARE_HANDLING,CONTINUITY_UNKNOWN,"[""TWSE_OFFICIAL_DAILY""]",False
6405,TPE,TPE:6405,a089973d-0e07-4b47-9668-0fac965969b0,2026-08-13,126,True,40.650000000000000000,56.678333333333333333333333333333333333333333333333,True,False,INELIGIBLE,INELIGIBLE,False,LOOKUP_UNAVAILABLE,EVENT_LOOKUP_UNAVAILABLE,PUBLICATION_BLOCKED,BLOCKED,UNAVAILABLE,14,BELOW_MA60,"[""BELOW_MA60"", ""TECHNICAL_V0_INELIGIBLE""]","[""EVENT_LOOKUP_UNAVAILABLE""]",FORMAL_WITH_LIMITATION,,CONTINUITY_UNKNOWN,"[""TWSE_OFFICIAL_DAILY""]",False
6409,TPE,TPE:6409,96d7e0b7-bdf9-4a96-a419-c46d68cf4e4f,2026-08-13,126,True,972.000000000000000000,,False,False,UNAVAILABLE,UNAVAILABLE,False,KNOWN_EVENT,KNOWN_VERIFIED_BREAKING_EVENT_FOUND,PUBLICATION_BLOCKED,BLOCKED,UNAVAILABLE,14,KNOWN_CONTINUITY_EVENT,"[""KNOWN_CONTINUITY_EVENT"", ""KNOWN_VERIFIED_EVENT_REQUIRES_EVENT_AWARE_HANDLING""]",[],UNAVAILABLE,KNOWN_VERIFIED_EVENT_REQUIRES_EVENT_AWARE_HANDLING,CONTINUITY_UNKNOWN,"[""TWSE_OFFICIAL_DAILY""]",False
6414,TPE,TPE:6414,b7afaca0-5a1a-4144-8795-db5f9261f7f4,2026-08-13,126,True,451.000000000000000000,,False,False,UNAVAILABLE,UNAVAILABLE,False,KNOWN_EVENT,KNOWN_VERIFIED_BREAKING_EVENT_FOUND,PUBLICATION_BLOCKED,BLOCKED,UNAVAILABLE,14,KNOWN_CONTINUITY_EVENT,"[""KNOWN_CONTINUITY_EVENT"", ""KNOWN_VERIFIED_EVENT_REQUIRES_EVENT_AWARE_HANDLING""]",[],UNAVAILABLE,KNOWN_VERIFIED_EVENT_REQUIRES_EVENT_AWARE_HANDLING,CONTINUITY_UNKNOWN,"[""TWSE_OFFICIAL_DAILY""]",False
6415,TPE,TPE:6415,bb6e3c14-4b06-4687-9c98-31b5d16d4872,2026-08-13,126,True,465.000000000000000000,528.24166666666666666666666666666666666666666666667,True,False,INELIGIBLE,INELIGIBLE,False,KNOWN_EVENT,NO_KNOWN_VERIFIED_BREAKING_EVENT_FOUND,PUBLICATION_BLOCKED,BLOCKED,UNAVAILABLE,12,BELOW_MA60,"[""BELOW_MA60"", ""TECHNICAL_V0_INELIGIBLE""]",[],FORMAL,,CONTINUITY_UNKNOWN,"[""TWSE_OFFICIAL_DAILY""]",False
6416,TPE,TPE:6416,9a788c21-f9e0-45a0-8687-eca15bd5dff3,2026-08-13,126,True,97.800000000000000000,,False,False,UNAVAILABLE,UNAVAILABLE,False,KNOWN_EVENT,KNOWN_VERIFIED_BREAKING_EVENT_FOUND,PUBLICATION_BLOCKED,BLOCKED,UNAVAILABLE,14,KNOWN_CONTINUITY_EVENT,"[""KNOWN_CONTINUITY_EVENT"", ""KNOWN_VERIFIED_EVENT_REQUIRES_EVENT_AWARE_HANDLING""]",[],UNAVAILABLE,KNOWN_VERIFIED_EVENT_REQUIRES_EVENT_AWARE_HANDLING,CONTINUITY_UNKNOWN,"[""TWSE_OFFICIAL_DAILY""]",False
6426,TPE,TPE:6426,dc37b37e-f335-4ff3-90ee-cb327cac8419,2026-08-13,126,True,216.000000000000000000,203.475000000000000000,True,True,VALID,ELIGIBLE,True,LOOKUP_UNAVAILABLE,EVENT_LOOKUP_UNAVAILABLE,PUBLICATION_AVAILABLE_WITH_LIMITATION,AVAILABLE_WITH_LIMITATION,FORMAL_WITH_LIMITATION,14,EVENT_LOOKUP_UNAVAILABLE,"[""EVENT_LOOKUP_UNAVAILABLE""]","[""EVENT_LOOKUP_UNAVAILABLE""]",FORMAL_WITH_LIMITATION,,CONTINUITY_UNKNOWN,"[""TWSE_OFFICIAL_DAILY""]",False
6442,TPE,TPE:6442,a72c1837-b1ac-4733-8c79-88ddd836643a,2026-08-13,126,True,1565.000000000000000000,,False,False,UNAVAILABLE,UNAVAILABLE,False,KNOWN_EVENT,KNOWN_VERIFIED_BREAKING_EVENT_FOUND,PUBLICATION_BLOCKED,BLOCKED,UNAVAILABLE,14,KNOWN_CONTINUITY_EVENT,"[""KNOWN_CONTINUITY_EVENT"", ""KNOWN_VERIFIED_EVENT_REQUIRES_EVENT_AWARE_HANDLING""]",[],UNAVAILABLE,KNOWN_VERIFIED_EVENT_REQUIRES_EVENT_AWARE_HANDLING,CONTINUITY_UNKNOWN,"[""TWSE_OFFICIAL_DAILY""]",False
6443,TPE,TPE:6443,1feaf7a3-8dd1-4578-a7de-9efff7ab18d1,2026-08-13,126,True,27.700000000000000000,33.970000000000000000,True,False,INELIGIBLE,INELIGIBLE,False,LOOKUP_UNAVAILABLE,EVENT_LOOKUP_UNAVAILABLE,PUBLICATION_BLOCKED,BLOCKED,UNAVAILABLE,14,BELOW_MA60,"[""BELOW_MA60"", ""TECHNICAL_V0_INELIGIBLE""]","[""EVENT_LOOKUP_UNAVAILABLE""]",FORMAL_WITH_LIMITATION,,CONTINUITY_UNKNOWN,"[""TWSE_OFFICIAL_DAILY""]",False
6449,TPE,TPE:6449,834ed375-c6c5-414b-a9aa-8bca825cf277,2026-08-13,126,True,248.000000000000000000,,False,False,UNAVAILABLE,UNAVAILABLE,False,KNOWN_EVENT,KNOWN_VERIFIED_BREAKING_EVENT_FOUND,PUBLICATION_BLOCKED,BLOCKED,UNAVAILABLE,14,KNOWN_CONTINUITY_EVENT,"[""KNOWN_CONTINUITY_EVENT"", ""KNOWN_VERIFIED_EVENT_REQUIRES_EVENT_AWARE_HANDLING""]",[],UNAVAILABLE,KNOWN_VERIFIED_EVENT_REQUIRES_EVENT_AWARE_HANDLING,CONTINUITY_UNKNOWN,"[""TWSE_OFFICIAL_DAILY""]",False
6451,TPE,TPE:6451,c2231dec-7593-4399-86b7-dfb7c092e6a3,2026-08-13,126,True,436.000000000000000000,,False,False,UNAVAILABLE,UNAVAILABLE,False,KNOWN_EVENT,KNOWN_VERIFIED_BREAKING_EVENT_FOUND,PUBLICATION_BLOCKED,BLOCKED,UNAVAILABLE,14,KNOWN_CONTINUITY_EVENT,"[""KNOWN_CONTINUITY_EVENT"", ""KNOWN_VERIFIED_EVENT_REQUIRES_EVENT_AWARE_HANDLING""]",[],UNAVAILABLE,KNOWN_VERIFIED_EVENT_REQUIRES_EVENT_AWARE_HANDLING,CONTINUITY_UNKNOWN,"[""TWSE_OFFICIAL_DAILY""]",False
6477,TPE,TPE:6477,956f86fc-ff81-4a97-b0dd-b9ecd28d308f,2026-08-13,126,True,34.800000000000000000,,False,False,UNAVAILABLE,UNAVAILABLE,False,KNOWN_EVENT,KNOWN_VERIFIED_BREAKING_EVENT_FOUND,PUBLICATION_BLOCKED,BLOCKED,UNAVAILABLE,14,KNOWN_CONTINUITY_EVENT,"[""KNOWN_CONTINUITY_EVENT"", ""KNOWN_VERIFIED_EVENT_REQUIRES_EVENT_AWARE_HANDLING""]",[],UNAVAILABLE,KNOWN_VERIFIED_EVENT_REQUIRES_EVENT_AWARE_HANDLING,CONTINUITY_UNKNOWN,"[""TWSE_OFFICIAL_DAILY""]",False
6505,TPE,TPE:6505,8364eb8d-bf1a-4a02-8463-9176ba75ad48,2026-08-13,126,True,69.800000000000000000,,False,False,UNAVAILABLE,UNAVAILABLE,False,KNOWN_EVENT,KNOWN_VERIFIED_BREAKING_EVENT_FOUND,PUBLICATION_BLOCKED,BLOCKED,UNAVAILABLE,14,KNOWN_CONTINUITY_EVENT,"[""KNOWN_CONTINUITY_EVENT"", ""KNOWN_VERIFIED_EVENT_REQUIRES_EVENT_AWARE_HANDLING""]",[],UNAVAILABLE,KNOWN_VERIFIED_EVENT_REQUIRES_EVENT_AWARE_HANDLING,CONTINUITY_UNKNOWN,"[""TWSE_OFFICIAL_DAILY""]",False
6515,TPE,TPE:6515,e179fdd3-72ab-416d-8179-7878f4e630ae,2026-08-13,126,True,6745.000000000000000000,,False,False,UNAVAILABLE,UNAVAILABLE,False,KNOWN_EVENT,KNOWN_VERIFIED_BREAKING_EVENT_FOUND,PUBLICATION_BLOCKED,BLOCKED,UNAVAILABLE,14,KNOWN_CONTINUITY_EVENT,"[""KNOWN_CONTINUITY_EVENT"", ""KNOWN_VERIFIED_EVENT_REQUIRES_EVENT_AWARE_HANDLING""]",[],UNAVAILABLE,KNOWN_VERIFIED_EVENT_REQUIRES_EVENT_AWARE_HANDLING,CONTINUITY_UNKNOWN,"[""TWSE_OFFICIAL_DAILY""]",False
6525,TPE,TPE:6525,218bbfad-9b01-49ec-a9b9-59035362d929,2026-08-13,126,True,150.500000000000000000,,False,False,UNAVAILABLE,UNAVAILABLE,False,KNOWN_EVENT,KNOWN_VERIFIED_BREAKING_EVENT_FOUND,PUBLICATION_BLOCKED,BLOCKED,UNAVAILABLE,14,KNOWN_CONTINUITY_EVENT,"[""KNOWN_CONTINUITY_EVENT"", ""KNOWN_VERIFIED_EVENT_REQUIRES_EVENT_AWARE_HANDLING""]",[],UNAVAILABLE,KNOWN_VERIFIED_EVENT_REQUIRES_EVENT_AWARE_HANDLING,CONTINUITY_UNKNOWN,"[""TWSE_OFFICIAL_DAILY""]",False
6526,TPE,TPE:6526,57b9eaf6-dfda-4796-bd97-1279dd4260e2,2026-08-13,126,True,624.000000000000000000,,False,False,UNAVAILABLE,UNAVAILABLE,False,KNOWN_EVENT,KNOWN_VERIFIED_BREAKING_EVENT_FOUND,PUBLICATION_BLOCKED,BLOCKED,UNAVAILABLE,14,KNOWN_CONTINUITY_EVENT,"[""KNOWN_CONTINUITY_EVENT"", ""KNOWN_VERIFIED_EVENT_REQUIRES_EVENT_AWARE_HANDLING""]",[],UNAVAILABLE,KNOWN_VERIFIED_EVENT_REQUIRES_EVENT_AWARE_HANDLING,CONTINUITY_UNKNOWN,"[""TWSE_OFFICIAL_DAILY""]",False
6531,TPE,TPE:6531,5e866b70-63c6-46d1-b16c-c787bb1128b5,2026-08-13,126,True,865.000000000000000000,,False,False,UNAVAILABLE,UNAVAILABLE,False,KNOWN_EVENT,KNOWN_VERIFIED_BREAKING_EVENT_FOUND,PUBLICATION_BLOCKED,BLOCKED,UNAVAILABLE,14,KNOWN_CONTINUITY_EVENT,"[""KNOWN_CONTINUITY_EVENT"", ""KNOWN_VERIFIED_EVENT_REQUIRES_EVENT_AWARE_HANDLING""]",[],UNAVAILABLE,KNOWN_VERIFIED_EVENT_REQUIRES_EVENT_AWARE_HANDLING,CONTINUITY_UNKNOWN,"[""TWSE_OFFICIAL_DAILY""]",False
6573,TPE,TPE:6573,ede805c7-20a5-4a84-9ba4-04510dc2a528,2026-08-13,126,True,16.850000000000000000,18.397500000000000000,True,False,INELIGIBLE,INELIGIBLE,False,LOOKUP_UNAVAILABLE,EVENT_LOOKUP_UNAVAILABLE,PUBLICATION_BLOCKED,BLOCKED,UNAVAILABLE,14,BELOW_MA60,"[""BELOW_MA60"", ""TECHNICAL_V0_INELIGIBLE""]","[""EVENT_LOOKUP_UNAVAILABLE""]",FORMAL_WITH_LIMITATION,,CONTINUITY_UNKNOWN,"[""TWSE_OFFICIAL_DAILY""]",False
6585,TPE,TPE:6585,4c6b375f-be38-4bd2-a475-9f058415717f,2026-08-13,126,True,120.000000000000000000,,False,False,UNAVAILABLE,UNAVAILABLE,False,KNOWN_EVENT,KNOWN_VERIFIED_BREAKING_EVENT_FOUND,PUBLICATION_BLOCKED,BLOCKED,UNAVAILABLE,14,KNOWN_CONTINUITY_EVENT,"[""KNOWN_CONTINUITY_EVENT"", ""KNOWN_VERIFIED_EVENT_REQUIRES_EVENT_AWARE_HANDLING""]",[],UNAVAILABLE,KNOWN_VERIFIED_EVENT_REQUIRES_EVENT_AWARE_HANDLING,CONTINUITY_UNKNOWN,"[""TWSE_OFFICIAL_DAILY""]",False
6591,TPE,TPE:6591,f2fd3c43-64a3-4e20-b222-4ab2ca966332,2026-08-13,126,True,45.900000000000000000,,False,False,UNAVAILABLE,UNAVAILABLE,False,KNOWN_EVENT,KNOWN_VERIFIED_BREAKING_EVENT_FOUND,PUBLICATION_BLOCKED,BLOCKED,UNAVAILABLE,14,KNOWN_CONTINUITY_EVENT,"[""KNOWN_CONTINUITY_EVENT"", ""KNOWN_VERIFIED_EVENT_REQUIRES_EVENT_AWARE_HANDLING""]",[],UNAVAILABLE,KNOWN_VERIFIED_EVENT_REQUIRES_EVENT_AWARE_HANDLING,CONTINUITY_UNKNOWN,"[""TWSE_OFFICIAL_DAILY""]",False
6605,TPE,TPE:6605,34efda54-b640-472f-90a1-5739b85040a8,2026-08-13,126,True,136.500000000000000000,,False,False,UNAVAILABLE,UNAVAILABLE,False,KNOWN_EVENT,KNOWN_VERIFIED_BREAKING_EVENT_FOUND,PUBLICATION_BLOCKED,BLOCKED,UNAVAILABLE,14,KNOWN_CONTINUITY_EVENT,"[""KNOWN_CONTINUITY_EVENT"", ""KNOWN_VERIFIED_EVENT_REQUIRES_EVENT_AWARE_HANDLING""]",[],UNAVAILABLE,KNOWN_VERIFIED_EVENT_REQUIRES_EVENT_AWARE_HANDLING,CONTINUITY_UNKNOWN,"[""TWSE_OFFICIAL_DAILY""]",False
6668,TPE,TPE:6668,c7c33500-46b4-4942-8d5f-306a3be4be00,2026-08-13,126,True,36.400000000000000000,38.045833333333333333333333333333333333333333333333,True,False,INELIGIBLE,INELIGIBLE,False,LOOKUP_UNAVAILABLE,EVENT_LOOKUP_UNAVAILABLE,PUBLICATION_BLOCKED,BLOCKED,UNAVAILABLE,14,BELOW_MA60,"[""BELOW_MA60"", ""TECHNICAL_V0_INELIGIBLE""]","[""EVENT_LOOKUP_UNAVAILABLE""]",FORMAL_WITH_LIMITATION,,CONTINUITY_UNKNOWN,"[""TWSE_OFFICIAL_DAILY""]",False
6669,TPE,TPE:6669,febd9c46-1cbf-4d12-9177-556eca650f92,2026-08-13,126,True,6070.000000000000000000,,False,False,UNAVAILABLE,UNAVAILABLE,False,KNOWN_EVENT,KNOWN_VERIFIED_BREAKING_EVENT_FOUND,PUBLICATION_BLOCKED,BLOCKED,UNAVAILABLE,14,KNOWN_CONTINUITY_EVENT,"[""KNOWN_CONTINUITY_EVENT"", ""KNOWN_VERIFIED_EVENT_REQUIRES_EVENT_AWARE_HANDLING""]",[],UNAVAILABLE,KNOWN_VERIFIED_EVENT_REQUIRES_EVENT_AWARE_HANDLING,CONTINUITY_UNKNOWN,"[""TWSE_OFFICIAL_DAILY""]",False
6672,TPE,TPE:6672,9b8eb624-5b25-48e9-b9e8-a1648366195d,2026-08-13,126,True,264.500000000000000000,239.725000000000000000,True,True,VALID,ELIGIBLE,True,KNOWN_EVENT,NO_KNOWN_VERIFIED_BREAKING_EVENT_FOUND,PUBLICATION_AVAILABLE_WITH_LIMITATION,AVAILABLE_WITH_LIMITATION,FORMAL_WITH_LIMITATION,14,KNOWN_EVENT_HANDLED,"[""KNOWN_EVENT_HANDLED""]","[""KNOWN_EVENT_HANDLED""]",FORMAL,,CONTINUITY_UNKNOWN,"[""TWSE_OFFICIAL_DAILY""]",False
6691,TPE,TPE:6691,13640368-c6af-46c1-ba46-7e546a6a1112,2026-08-13,126,True,728.000000000000000000,697.08333333333333333333333333333333333333333333333,True,True,VALID,ELIGIBLE,True,LOOKUP_UNAVAILABLE,EVENT_LOOKUP_UNAVAILABLE,PUBLICATION_AVAILABLE_WITH_LIMITATION,AVAILABLE_WITH_LIMITATION,FORMAL_WITH_LIMITATION,14,EVENT_LOOKUP_UNAVAILABLE,"[""EVENT_LOOKUP_UNAVAILABLE""]","[""EVENT_LOOKUP_UNAVAILABLE""]",FORMAL_WITH_LIMITATION,,CONTINUITY_UNKNOWN,"[""TWSE_OFFICIAL_DAILY""]",False
6695,TPE,TPE:6695,fd11281c-a4b2-40f7-a495-8dd45c7cbaae,2026-08-13,126,True,51.500000000000000000,54.795833333333333333333333333333333333333333333333,True,False,INELIGIBLE,INELIGIBLE,False,LOOKUP_UNAVAILABLE,EVENT_LOOKUP_UNAVAILABLE,PUBLICATION_BLOCKED,BLOCKED,UNAVAILABLE,14,BELOW_MA60,"[""BELOW_MA60"", ""TECHNICAL_V0_INELIGIBLE""]","[""EVENT_LOOKUP_UNAVAILABLE""]",FORMAL_WITH_LIMITATION,,CONTINUITY_UNKNOWN,"[""TWSE_OFFICIAL_DAILY""]",False
6715,TPE,TPE:6715,fa78768b-14cf-4281-ae37-36ec1ca0b90d,2026-08-13,126,True,390.500000000000000000,,False,False,UNAVAILABLE,UNAVAILABLE,False,KNOWN_EVENT,KNOWN_VERIFIED_BREAKING_EVENT_FOUND,PUBLICATION_BLOCKED,BLOCKED,UNAVAILABLE,14,KNOWN_CONTINUITY_EVENT,"[""KNOWN_CONTINUITY_EVENT"", ""KNOWN_VERIFIED_EVENT_REQUIRES_EVENT_AWARE_HANDLING""]",[],UNAVAILABLE,KNOWN_VERIFIED_EVENT_REQUIRES_EVENT_AWARE_HANDLING,CONTINUITY_UNKNOWN,"[""TWSE_OFFICIAL_DAILY""]",False
6719,TPE,TPE:6719,33d3a81c-bbf4-4fdb-8f6f-f8ccd8b6a73c,2026-08-13,126,True,208.000000000000000000,,False,False,UNAVAILABLE,UNAVAILABLE,False,KNOWN_EVENT,KNOWN_VERIFIED_BREAKING_EVENT_FOUND,PUBLICATION_BLOCKED,BLOCKED,UNAVAILABLE,14,KNOWN_CONTINUITY_EVENT,"[""KNOWN_CONTINUITY_EVENT"", ""KNOWN_VERIFIED_EVENT_REQUIRES_EVENT_AWARE_HANDLING""]",[],UNAVAILABLE,KNOWN_VERIFIED_EVENT_REQUIRES_EVENT_AWARE_HANDLING,CONTINUITY_UNKNOWN,"[""TWSE_OFFICIAL_DAILY""]",False
6742,TPE,TPE:6742,a94f1c0c-f229-421d-8716-4b03f6274f8f,2026-08-13,126,True,43.900000000000000000,55.135833333333333333333333333333333333333333333333,True,False,INELIGIBLE,INELIGIBLE,False,LOOKUP_UNAVAILABLE,EVENT_LOOKUP_UNAVAILABLE,PUBLICATION_BLOCKED,BLOCKED,UNAVAILABLE,14,BELOW_MA60,"[""BELOW_MA60"", ""TECHNICAL_V0_INELIGIBLE""]","[""EVENT_LOOKUP_UNAVAILABLE""]",FORMAL_WITH_LIMITATION,,CONTINUITY_UNKNOWN,"[""TWSE_OFFICIAL_DAILY""]",False
6753,TPE,TPE:6753,e22db92c-6e99-4af6-8666-b7cf39ccacef,2026-08-13,126,True,144.000000000000000000,133.325000000000000000,True,True,VALID,ELIGIBLE,True,LOOKUP_UNAVAILABLE,EVENT_LOOKUP_UNAVAILABLE,PUBLICATION_AVAILABLE_WITH_LIMITATION,AVAILABLE_WITH_LIMITATION,FORMAL_WITH_LIMITATION,14,EVENT_LOOKUP_UNAVAILABLE,"[""EVENT_LOOKUP_UNAVAILABLE""]","[""EVENT_LOOKUP_UNAVAILABLE""]",FORMAL_WITH_LIMITATION,,CONTINUITY_UNKNOWN,"[""TWSE_OFFICIAL_DAILY""]",False
6756,TPE,TPE:6756,5d82f838-5e6b-42e0-b618-e2d015fd418b,2026-08-13,126,True,99.900000000000000000,98.226666666666666666666666666666666666666666666667,True,True,VALID,ELIGIBLE,True,KNOWN_EVENT,NO_KNOWN_VERIFIED_BREAKING_EVENT_FOUND,PUBLICATION_AVAILABLE_WITH_LIMITATION,AVAILABLE_WITH_LIMITATION,FORMAL_WITH_LIMITATION,14,KNOWN_EVENT_HANDLED,"[""KNOWN_EVENT_HANDLED""]","[""KNOWN_EVENT_HANDLED""]",FORMAL,,CONTINUITY_UNKNOWN,"[""TWSE_OFFICIAL_DAILY""]",False
6770,TPE,TPE:6770,eefb5a3b-211c-4bb0-b996-d659414b8b11,2026-08-13,126,True,74.900000000000000000,70.419166666666666666666666666666666666666666666667,True,True,VALID,ELIGIBLE,True,LOOKUP_UNAVAILABLE,EVENT_LOOKUP_UNAVAILABLE,PUBLICATION_AVAILABLE_WITH_LIMITATION,AVAILABLE_WITH_LIMITATION,FORMAL_WITH_LIMITATION,14,EVENT_LOOKUP_UNAVAILABLE,"[""EVENT_LOOKUP_UNAVAILABLE""]","[""EVENT_LOOKUP_UNAVAILABLE""]",FORMAL_WITH_LIMITATION,,CONTINUITY_UNKNOWN,"[""TWSE_OFFICIAL_DAILY""]",False
6781,TPE,TPE:6781,58ff243d-30ac-4932-b66c-de8b2d0455f5,2026-08-13,126,True,1125.000000000000000000,,False,False,UNAVAILABLE,UNAVAILABLE,False,KNOWN_EVENT,KNOWN_VERIFIED_BREAKING_EVENT_FOUND,PUBLICATION_BLOCKED,BLOCKED,UNAVAILABLE,14,KNOWN_CONTINUITY_EVENT,"[""KNOWN_CONTINUITY_EVENT"", ""KNOWN_VERIFIED_EVENT_REQUIRES_EVENT_AWARE_HANDLING""]",[],UNAVAILABLE,KNOWN_VERIFIED_EVENT_REQUIRES_EVENT_AWARE_HANDLING,CONTINUITY_UNKNOWN,"[""TWSE_OFFICIAL_DAILY""]",False
6789,TPE,TPE:6789,fefcaab1-3fe4-41fc-a10a-f61cdde8451d,2026-08-13,126,True,451.000000000000000000,,False,False,UNAVAILABLE,UNAVAILABLE,False,KNOWN_EVENT,KNOWN_VERIFIED_BREAKING_EVENT_FOUND,PUBLICATION_BLOCKED,BLOCKED,UNAVAILABLE,14,KNOWN_CONTINUITY_EVENT,"[""KNOWN_CONTINUITY_EVENT"", ""KNOWN_VERIFIED_EVENT_REQUIRES_EVENT_AWARE_HANDLING""]",[],UNAVAILABLE,KNOWN_VERIFIED_EVENT_REQUIRES_EVENT_AWARE_HANDLING,CONTINUITY_UNKNOWN,"[""TWSE_OFFICIAL_DAILY""]",False
6799,TPE,TPE:6799,3a123ec4-a309-4ac5-9e06-c033d6031916,2026-08-13,126,True,86.100000000000000000,93.336666666666666666666666666666666666666666666667,True,False,INELIGIBLE,INELIGIBLE,False,LOOKUP_UNAVAILABLE,EVENT_LOOKUP_UNAVAILABLE,PUBLICATION_BLOCKED,BLOCKED,UNAVAILABLE,14,BELOW_MA60,"[""BELOW_MA60"", ""TECHNICAL_V0_INELIGIBLE""]","[""EVENT_LOOKUP_UNAVAILABLE""]",FORMAL_WITH_LIMITATION,,CONTINUITY_UNKNOWN,"[""TWSE_OFFICIAL_DAILY""]",False
6805,TPE,TPE:6805,be6d36f0-cdfd-4b9b-abd0-af5c3d705c7c,2026-08-13,126,True,1830.000000000000000000,1658.8333333333333333333333333333333333333333333333,True,True,VALID,ELIGIBLE,True,LOOKUP_UNAVAILABLE,EVENT_LOOKUP_UNAVAILABLE,PUBLICATION_AVAILABLE_WITH_LIMITATION,AVAILABLE_WITH_LIMITATION,FORMAL_WITH_LIMITATION,14,EVENT_LOOKUP_UNAVAILABLE,"[""EVENT_LOOKUP_UNAVAILABLE""]","[""EVENT_LOOKUP_UNAVAILABLE""]",FORMAL_WITH_LIMITATION,,CONTINUITY_UNKNOWN,"[""TWSE_OFFICIAL_DAILY""]",False
6806,TPE,TPE:6806,e0e4c066-5540-4c73-be6a-8aecd8517942,2026-06-22,88,True,3.510000000000000000,18.084333333333333333333333333333333333333333333333,True,False,INELIGIBLE,INELIGIBLE,False,NO_KNOWN_EVENT_EVIDENCE,NO_KNOWN_VERIFIED_BREAKING_EVENT_FOUND,PUBLICATION_BLOCKED,BLOCKED,UNAVAILABLE,14,BELOW_MA60,"[""BELOW_MA60"", ""TECHNICAL_V0_INELIGIBLE""]",[],FORMAL,,CONTINUITY_UNKNOWN,"[""TWSE_OFFICIAL_DAILY""]",False
6830,TPE,TPE:6830,390a7312-4612-45ed-ad09-950b90ae487a,2026-08-13,126,True,420.500000000000000000,496.16666666666666666666666666666666666666666666667,True,False,INELIGIBLE,INELIGIBLE,False,KNOWN_EVENT,NO_KNOWN_VERIFIED_BREAKING_EVENT_FOUND,PUBLICATION_BLOCKED,BLOCKED,UNAVAILABLE,14,BELOW_MA60,"[""BELOW_MA60"", ""TECHNICAL_V0_INELIGIBLE""]",[],FORMAL,,CONTINUITY_UNKNOWN,"[""TWSE_OFFICIAL_DAILY""]",False
6831,TPE,TPE:6831,38bcca58-b569-4af9-8f34-973b975cc90f,2026-08-13,126,True,678.000000000000000000,721.69166666666666666666666666666666666666666666667,True,False,INELIGIBLE,INELIGIBLE,False,KNOWN_EVENT,NO_KNOWN_VERIFIED_BREAKING_EVENT_FOUND,PUBLICATION_BLOCKED,BLOCKED,UNAVAILABLE,14,BELOW_MA60,"[""BELOW_MA60"", ""TECHNICAL_V0_INELIGIBLE""]",[],FORMAL,,CONTINUITY_UNKNOWN,"[""TWSE_OFFICIAL_DAILY""]",False
6834,TPE,TPE:6834,87ee5550-1f1b-48f8-a9af-8b9df3da96ca,2026-08-13,126,True,107.500000000000000000,,False,False,UNAVAILABLE,UNAVAILABLE,False,KNOWN_EVENT,KNOWN_VERIFIED_BREAKING_EVENT_FOUND,PUBLICATION_BLOCKED,BLOCKED,UNAVAILABLE,14,KNOWN_CONTINUITY_EVENT,"[""KNOWN_CONTINUITY_EVENT"", ""KNOWN_VERIFIED_EVENT_REQUIRES_EVENT_AWARE_HANDLING""]",[],UNAVAILABLE,KNOWN_VERIFIED_EVENT_REQUIRES_EVENT_AWARE_HANDLING,CONTINUITY_UNKNOWN,"[""TWSE_OFFICIAL_DAILY""]",False
6861,TPE,TPE:6861,8f649aba-c035-4270-98f5-4a33f8bd43c5,2026-08-13,126,True,220.500000000000000000,,False,False,UNAVAILABLE,UNAVAILABLE,False,KNOWN_EVENT,KNOWN_VERIFIED_BREAKING_EVENT_FOUND,PUBLICATION_BLOCKED,BLOCKED,UNAVAILABLE,14,KNOWN_CONTINUITY_EVENT,"[""KNOWN_CONTINUITY_EVENT"", ""KNOWN_VERIFIED_EVENT_REQUIRES_EVENT_AWARE_HANDLING""]",[],UNAVAILABLE,KNOWN_VERIFIED_EVENT_REQUIRES_EVENT_AWARE_HANDLING,CONTINUITY_UNKNOWN,"[""TWSE_OFFICIAL_DAILY""]",False
6906,TPE,TPE:6906,bb787840-26db-4c49-a034-e91c148b2eab,2026-08-13,126,True,74.500000000000000000,,False,False,UNAVAILABLE,UNAVAILABLE,False,KNOWN_EVENT,KNOWN_VERIFIED_BREAKING_EVENT_FOUND,PUBLICATION_BLOCKED,BLOCKED,UNAVAILABLE,14,KNOWN_CONTINUITY_EVENT,"[""KNOWN_CONTINUITY_EVENT"", ""KNOWN_VERIFIED_EVENT_REQUIRES_EVENT_AWARE_HANDLING""]",[],UNAVAILABLE,KNOWN_VERIFIED_EVENT_REQUIRES_EVENT_AWARE_HANDLING,CONTINUITY_UNKNOWN,"[""TWSE_OFFICIAL_DAILY""]",False
6909,TPE,TPE:6909,00bc5278-f21e-4231-97af-b99803d933aa,2026-08-13,126,True,41.600000000000000000,,False,False,UNAVAILABLE,UNAVAILABLE,False,KNOWN_EVENT,KNOWN_VERIFIED_BREAKING_EVENT_FOUND,PUBLICATION_BLOCKED,BLOCKED,UNAVAILABLE,14,KNOWN_CONTINUITY_EVENT,"[""KNOWN_CONTINUITY_EVENT"", ""KNOWN_VERIFIED_EVENT_REQUIRES_EVENT_AWARE_HANDLING""]",[],UNAVAILABLE,KNOWN_VERIFIED_EVENT_REQUIRES_EVENT_AWARE_HANDLING,CONTINUITY_UNKNOWN,"[""TWSE_OFFICIAL_DAILY""]",False
6937,TPE,TPE:6937,f54df383-df07-47ae-b82a-b63b9556f443,2026-08-13,126,True,293.500000000000000000,,False,False,UNAVAILABLE,UNAVAILABLE,False,KNOWN_EVENT,KNOWN_VERIFIED_BREAKING_EVENT_FOUND,PUBLICATION_BLOCKED,BLOCKED,UNAVAILABLE,14,KNOWN_CONTINUITY_EVENT,"[""KNOWN_CONTINUITY_EVENT"", ""KNOWN_VERIFIED_EVENT_REQUIRES_EVENT_AWARE_HANDLING""]",[],UNAVAILABLE,KNOWN_VERIFIED_EVENT_REQUIRES_EVENT_AWARE_HANDLING,CONTINUITY_UNKNOWN,"[""TWSE_OFFICIAL_DAILY""]",False
7610,TPE,TPE:7610,16d273b6-7c57-4897-9c73-07530bf77ad2,2026-08-13,126,True,1810.000000000000000000,1868.3333333333333333333333333333333333333333333333,True,False,INELIGIBLE,INELIGIBLE,False,LOOKUP_UNAVAILABLE,EVENT_LOOKUP_UNAVAILABLE,PUBLICATION_BLOCKED,BLOCKED,UNAVAILABLE,14,BELOW_MA60,"[""BELOW_MA60"", ""TECHNICAL_V0_INELIGIBLE""]","[""EVENT_LOOKUP_UNAVAILABLE""]",FORMAL_WITH_LIMITATION,,CONTINUITY_UNKNOWN,"[""TWSE_OFFICIAL_DAILY""]",False
7750,TPE,TPE:7750,58f45f44-6684-4de9-a2a5-36c788c9d1ee,2026-08-13,126,True,2360.000000000000000000,2192.8333333333333333333333333333333333333333333333,True,True,VALID,ELIGIBLE,True,KNOWN_EVENT,NO_KNOWN_VERIFIED_BREAKING_EVENT_FOUND,PUBLICATION_AVAILABLE_WITH_LIMITATION,AVAILABLE_WITH_LIMITATION,FORMAL_WITH_LIMITATION,14,KNOWN_EVENT_HANDLED,"[""KNOWN_EVENT_HANDLED""]","[""KNOWN_EVENT_HANDLED""]",FORMAL,,CONTINUITY_UNKNOWN,"[""TWSE_OFFICIAL_DAILY""]",False
7769,TPE,TPE:7769,b7ad22b0-6d61-496f-8efe-c2fdd37ce484,2026-08-13,126,True,6770.000000000000000000,,False,False,UNAVAILABLE,UNAVAILABLE,False,KNOWN_EVENT,KNOWN_VERIFIED_BREAKING_EVENT_FOUND,PUBLICATION_BLOCKED,BLOCKED,UNAVAILABLE,14,KNOWN_CONTINUITY_EVENT,"[""KNOWN_CONTINUITY_EVENT"", ""KNOWN_VERIFIED_EVENT_REQUIRES_EVENT_AWARE_HANDLING""]",[],UNAVAILABLE,KNOWN_VERIFIED_EVENT_REQUIRES_EVENT_AWARE_HANDLING,CONTINUITY_UNKNOWN,"[""TWSE_OFFICIAL_DAILY""]",False
7786,TPE,TPE:7786,e77c4e69-f7a0-4404-abf4-d88b874987db,2026-08-13,126,True,126.000000000000000000,,False,False,UNAVAILABLE,UNAVAILABLE,False,KNOWN_EVENT,KNOWN_VERIFIED_BREAKING_EVENT_FOUND,PUBLICATION_BLOCKED,BLOCKED,UNAVAILABLE,14,KNOWN_CONTINUITY_EVENT,"[""KNOWN_CONTINUITY_EVENT"", ""KNOWN_VERIFIED_EVENT_REQUIRES_EVENT_AWARE_HANDLING""]",[],UNAVAILABLE,KNOWN_VERIFIED_EVENT_REQUIRES_EVENT_AWARE_HANDLING,CONTINUITY_UNKNOWN,"[""TWSE_OFFICIAL_DAILY""]",False
7788,TPE,TPE:7788,5b128fae-b257-4617-8bf9-1558a62d51cb,2026-08-13,126,True,275.500000000000000000,,False,False,UNAVAILABLE,UNAVAILABLE,False,KNOWN_EVENT,KNOWN_VERIFIED_BREAKING_EVENT_FOUND,PUBLICATION_BLOCKED,BLOCKED,UNAVAILABLE,14,KNOWN_CONTINUITY_EVENT,"[""KNOWN_CONTINUITY_EVENT"", ""KNOWN_VERIFIED_EVENT_REQUIRES_EVENT_AWARE_HANDLING""]",[],UNAVAILABLE,KNOWN_VERIFIED_EVENT_REQUIRES_EVENT_AWARE_HANDLING,CONTINUITY_UNKNOWN,"[""TWSE_OFFICIAL_DAILY""]",False
8016,TPE,TPE:8016,d23278fd-aa2f-4b09-aa47-253fb60b4e42,2026-08-13,126,True,315.500000000000000000,,False,False,UNAVAILABLE,UNAVAILABLE,False,KNOWN_EVENT,KNOWN_VERIFIED_BREAKING_EVENT_FOUND,PUBLICATION_BLOCKED,BLOCKED,UNAVAILABLE,14,KNOWN_CONTINUITY_EVENT,"[""KNOWN_CONTINUITY_EVENT"", ""KNOWN_VERIFIED_EVENT_REQUIRES_EVENT_AWARE_HANDLING""]",[],UNAVAILABLE,KNOWN_VERIFIED_EVENT_REQUIRES_EVENT_AWARE_HANDLING,CONTINUITY_UNKNOWN,"[""TWSE_OFFICIAL_DAILY""]",False
8021,TPE,TPE:8021,a1cb9a42-bc62-48e6-8d73-ebf253c380ba,2026-08-13,126,True,429.000000000000000000,,False,False,UNAVAILABLE,UNAVAILABLE,False,KNOWN_EVENT,KNOWN_VERIFIED_BREAKING_EVENT_FOUND,PUBLICATION_BLOCKED,BLOCKED,UNAVAILABLE,14,KNOWN_CONTINUITY_EVENT,"[""KNOWN_CONTINUITY_EVENT"", ""KNOWN_VERIFIED_EVENT_REQUIRES_EVENT_AWARE_HANDLING""]",[],UNAVAILABLE,KNOWN_VERIFIED_EVENT_REQUIRES_EVENT_AWARE_HANDLING,CONTINUITY_UNKNOWN,"[""TWSE_OFFICIAL_DAILY""]",False
8028,TPE,TPE:8028,01795e12-c66e-4d40-9351-baa1241a8e92,2026-08-13,126,True,267.500000000000000000,,False,False,UNAVAILABLE,UNAVAILABLE,False,KNOWN_EVENT,KNOWN_VERIFIED_BREAKING_EVENT_FOUND,PUBLICATION_BLOCKED,BLOCKED,UNAVAILABLE,14,KNOWN_CONTINUITY_EVENT,"[""KNOWN_CONTINUITY_EVENT"", ""KNOWN_VERIFIED_EVENT_REQUIRES_EVENT_AWARE_HANDLING""]",[],UNAVAILABLE,KNOWN_VERIFIED_EVENT_REQUIRES_EVENT_AWARE_HANDLING,CONTINUITY_UNKNOWN,"[""TWSE_OFFICIAL_DAILY""]",False
8033,TPE,TPE:8033,81a34b95-3883-47bf-97c1-b3ce69170a48,2026-08-13,126,True,183.500000000000000000,168.650000000000000000,True,True,VALID,ELIGIBLE,True,LOOKUP_UNAVAILABLE,EVENT_LOOKUP_UNAVAILABLE,PUBLICATION_AVAILABLE_WITH_LIMITATION,AVAILABLE_WITH_LIMITATION,FORMAL_WITH_LIMITATION,14,EVENT_LOOKUP_UNAVAILABLE,"[""EVENT_LOOKUP_UNAVAILABLE""]","[""EVENT_LOOKUP_UNAVAILABLE""]",FORMAL_WITH_LIMITATION,,CONTINUITY_UNKNOWN,"[""TWSE_OFFICIAL_DAILY""]",False
8039,TPE,TPE:8039,7b750592-6d49-4ca7-a3ab-f3991e10f8a8,2026-08-13,126,True,249.500000000000000000,,False,False,UNAVAILABLE,UNAVAILABLE,False,KNOWN_EVENT,KNOWN_VERIFIED_BREAKING_EVENT_FOUND,PUBLICATION_BLOCKED,BLOCKED,UNAVAILABLE,14,KNOWN_CONTINUITY_EVENT,"[""KNOWN_CONTINUITY_EVENT"", ""KNOWN_VERIFIED_EVENT_REQUIRES_EVENT_AWARE_HANDLING""]",[],UNAVAILABLE,KNOWN_VERIFIED_EVENT_REQUIRES_EVENT_AWARE_HANDLING,CONTINUITY_UNKNOWN,"[""TWSE_OFFICIAL_DAILY""]",False
8046,TPE,TPE:8046,f81686d1-b195-450c-9d64-23c4f181a8c6,2026-08-13,126,True,1215.000000000000000000,,False,False,UNAVAILABLE,UNAVAILABLE,False,KNOWN_EVENT,KNOWN_VERIFIED_BREAKING_EVENT_FOUND,PUBLICATION_BLOCKED,BLOCKED,UNAVAILABLE,14,KNOWN_CONTINUITY_EVENT,"[""KNOWN_CONTINUITY_EVENT"", ""KNOWN_VERIFIED_EVENT_REQUIRES_EVENT_AWARE_HANDLING""]",[],UNAVAILABLE,KNOWN_VERIFIED_EVENT_REQUIRES_EVENT_AWARE_HANDLING,CONTINUITY_UNKNOWN,"[""TWSE_OFFICIAL_DAILY""]",False
8104,TPE,TPE:8104,f9c116d4-86a9-4fd5-89f9-31dff21ec167,2026-08-13,126,True,31.600000000000000000,36.780833333333333333333333333333333333333333333333,True,False,INELIGIBLE,INELIGIBLE,False,LOOKUP_UNAVAILABLE,EVENT_LOOKUP_UNAVAILABLE,PUBLICATION_BLOCKED,BLOCKED,UNAVAILABLE,14,BELOW_MA60,"[""BELOW_MA60"", ""TECHNICAL_V0_INELIGIBLE""]","[""EVENT_LOOKUP_UNAVAILABLE""]",FORMAL_WITH_LIMITATION,,CONTINUITY_UNKNOWN,"[""TWSE_OFFICIAL_DAILY""]",False
8112,TPE,TPE:8112,98bc9c9c-6a01-4871-9f0f-8c964ab19e9f,2026-08-13,126,True,97.800000000000000000,89.365000000000000000,True,True,VALID,ELIGIBLE,True,LOOKUP_UNAVAILABLE,EVENT_LOOKUP_UNAVAILABLE,PUBLICATION_AVAILABLE_WITH_LIMITATION,AVAILABLE_WITH_LIMITATION,FORMAL_WITH_LIMITATION,14,EVENT_LOOKUP_UNAVAILABLE,"[""EVENT_LOOKUP_UNAVAILABLE""]","[""EVENT_LOOKUP_UNAVAILABLE""]",FORMAL_WITH_LIMITATION,,CONTINUITY_UNKNOWN,"[""TWSE_OFFICIAL_DAILY""]",False
8150,TPE,TPE:8150,344e7a2f-0a52-405b-a4a1-1f3853ede8a9,2026-08-13,126,True,92.900000000000000000,,False,False,UNAVAILABLE,UNAVAILABLE,False,KNOWN_EVENT,KNOWN_VERIFIED_BREAKING_EVENT_FOUND,PUBLICATION_BLOCKED,BLOCKED,UNAVAILABLE,14,KNOWN_CONTINUITY_EVENT,"[""KNOWN_CONTINUITY_EVENT"", ""KNOWN_VERIFIED_EVENT_REQUIRES_EVENT_AWARE_HANDLING""]",[],UNAVAILABLE,KNOWN_VERIFIED_EVENT_REQUIRES_EVENT_AWARE_HANDLING,CONTINUITY_UNKNOWN,"[""TWSE_OFFICIAL_DAILY""]",False
8210,TPE,TPE:8210,53081a40-9d66-413d-a6c6-614bd847e4fc,2026-08-13,126,True,990.000000000000000000,,False,False,UNAVAILABLE,UNAVAILABLE,False,KNOWN_EVENT,KNOWN_VERIFIED_BREAKING_EVENT_FOUND,PUBLICATION_BLOCKED,BLOCKED,UNAVAILABLE,14,KNOWN_CONTINUITY_EVENT,"[""KNOWN_CONTINUITY_EVENT"", ""KNOWN_VERIFIED_EVENT_REQUIRES_EVENT_AWARE_HANDLING""]",[],UNAVAILABLE,KNOWN_VERIFIED_EVENT_REQUIRES_EVENT_AWARE_HANDLING,CONTINUITY_UNKNOWN,"[""TWSE_OFFICIAL_DAILY""]",False
8222,TPE,TPE:8222,15f5f1ae-9950-4da4-89cd-e9fa5c62acd6,2026-08-13,126,True,39.550000000000000000,,False,False,UNAVAILABLE,UNAVAILABLE,False,KNOWN_EVENT,KNOWN_VERIFIED_BREAKING_EVENT_FOUND,PUBLICATION_BLOCKED,BLOCKED,UNAVAILABLE,14,KNOWN_CONTINUITY_EVENT,"[""KNOWN_CONTINUITY_EVENT"", ""KNOWN_VERIFIED_EVENT_REQUIRES_EVENT_AWARE_HANDLING""]",[],UNAVAILABLE,KNOWN_VERIFIED_EVENT_REQUIRES_EVENT_AWARE_HANDLING,CONTINUITY_UNKNOWN,"[""TWSE_OFFICIAL_DAILY""]",False
8261,TPE,TPE:8261,9099a229-096a-4bd6-888c-a8162d4521b7,2026-08-13,126,True,202.000000000000000000,,False,False,UNAVAILABLE,UNAVAILABLE,False,KNOWN_EVENT,KNOWN_VERIFIED_BREAKING_EVENT_FOUND,PUBLICATION_BLOCKED,BLOCKED,UNAVAILABLE,14,KNOWN_CONTINUITY_EVENT,"[""KNOWN_CONTINUITY_EVENT"", ""KNOWN_VERIFIED_EVENT_REQUIRES_EVENT_AWARE_HANDLING""]",[],UNAVAILABLE,KNOWN_VERIFIED_EVENT_REQUIRES_EVENT_AWARE_HANDLING,CONTINUITY_UNKNOWN,"[""TWSE_OFFICIAL_DAILY""]",False
8271,TPE,TPE:8271,373617a3-5f35-404c-a3ec-d73c84f06e00,2026-08-13,126,True,229.500000000000000000,,False,False,UNAVAILABLE,UNAVAILABLE,False,KNOWN_EVENT,KNOWN_VERIFIED_BREAKING_EVENT_FOUND,PUBLICATION_BLOCKED,BLOCKED,UNAVAILABLE,14,KNOWN_CONTINUITY_EVENT,"[""KNOWN_CONTINUITY_EVENT"", ""KNOWN_VERIFIED_EVENT_REQUIRES_EVENT_AWARE_HANDLING""]",[],UNAVAILABLE,KNOWN_VERIFIED_EVENT_REQUIRES_EVENT_AWARE_HANDLING,CONTINUITY_UNKNOWN,"[""TWSE_OFFICIAL_DAILY""]",False
8374,TPE,TPE:8374,c32a1ce8-6b3d-41a8-9e4b-cf938e806e49,2026-08-13,126,True,86.600000000000000000,,False,False,UNAVAILABLE,UNAVAILABLE,False,KNOWN_EVENT,KNOWN_VERIFIED_BREAKING_EVENT_FOUND,PUBLICATION_BLOCKED,BLOCKED,UNAVAILABLE,14,KNOWN_CONTINUITY_EVENT,"[""KNOWN_CONTINUITY_EVENT"", ""KNOWN_VERIFIED_EVENT_REQUIRES_EVENT_AWARE_HANDLING""]",[],UNAVAILABLE,KNOWN_VERIFIED_EVENT_REQUIRES_EVENT_AWARE_HANDLING,CONTINUITY_UNKNOWN,"[""TWSE_OFFICIAL_DAILY""]",False
8996,TPE,TPE:8996,a4558828-1863-4edb-9794-caf4847fac0a,2026-08-13,126,True,1285.000000000000000000,1187.100000000000000000,True,True,VALID,ELIGIBLE,True,KNOWN_EVENT,NO_KNOWN_VERIFIED_BREAKING_EVENT_FOUND,PUBLICATION_AVAILABLE_WITH_LIMITATION,AVAILABLE_WITH_LIMITATION,FORMAL_WITH_LIMITATION,12,KNOWN_EVENT_HANDLED,"[""KNOWN_EVENT_HANDLED""]","[""KNOWN_EVENT_HANDLED""]",FORMAL,,CONTINUITY_UNKNOWN,"[""TWSE_OFFICIAL_DAILY""]",False
9958,TPE,TPE:9958,81336671-63e8-4d64-8cc7-2930049329f3,2026-08-13,126,True,104.500000000000000000,,False,False,UNAVAILABLE,UNAVAILABLE,False,KNOWN_EVENT,KNOWN_VERIFIED_BREAKING_EVENT_FOUND,PUBLICATION_BLOCKED,BLOCKED,UNAVAILABLE,14,KNOWN_CONTINUITY_EVENT,"[""KNOWN_CONTINUITY_EVENT"", ""KNOWN_VERIFIED_EVENT_REQUIRES_EVENT_AWARE_HANDLING""]",[],UNAVAILABLE,KNOWN_VERIFIED_EVENT_REQUIRES_EVENT_AWARE_HANDLING,CONTINUITY_UNKNOWN,"[""TWSE_OFFICIAL_DAILY""]",False
1584,TWO,TWO:1584,0abbf3c0-1ccf-4662-a5a7-35d23532589c,2026-08-13,126,True,17.950000000000000000,,False,False,UNAVAILABLE,UNAVAILABLE,False,KNOWN_EVENT,KNOWN_VERIFIED_BREAKING_EVENT_FOUND,PUBLICATION_BLOCKED,BLOCKED,UNAVAILABLE,14,KNOWN_CONTINUITY_EVENT,"[""KNOWN_CONTINUITY_EVENT"", ""KNOWN_VERIFIED_EVENT_REQUIRES_EVENT_AWARE_HANDLING""]",[],UNAVAILABLE,KNOWN_VERIFIED_EVENT_REQUIRES_EVENT_AWARE_HANDLING,CONTINUITY_UNKNOWN,"[""TPEX_OFFICIAL_DAILY""]",False
1785,TWO,TWO:1785,8135b53d-01ce-4b4d-ab53-6963877c9843,2026-08-13,126,True,109.000000000000000000,,False,False,UNAVAILABLE,UNAVAILABLE,False,KNOWN_EVENT,KNOWN_VERIFIED_BREAKING_EVENT_FOUND,PUBLICATION_BLOCKED,BLOCKED,UNAVAILABLE,14,KNOWN_CONTINUITY_EVENT,"[""KNOWN_CONTINUITY_EVENT"", ""KNOWN_VERIFIED_EVENT_REQUIRES_EVENT_AWARE_HANDLING""]",[],UNAVAILABLE,KNOWN_VERIFIED_EVENT_REQUIRES_EVENT_AWARE_HANDLING,CONTINUITY_UNKNOWN,"[""TPEX_OFFICIAL_DAILY""]",False
1815,TWO,TWO:1815,7f68e890-13f9-48f1-ade1-7ddfd9307615,2026-08-13,126,True,89.900000000000000000,93.061666666666666666666666666666666666666666666667,True,False,INELIGIBLE,INELIGIBLE,False,LOOKUP_UNAVAILABLE,EVENT_LOOKUP_UNAVAILABLE,PUBLICATION_BLOCKED,BLOCKED,UNAVAILABLE,14,BELOW_MA60,"[""BELOW_MA60"", ""TECHNICAL_V0_INELIGIBLE""]","[""EVENT_LOOKUP_UNAVAILABLE""]",FORMAL_WITH_LIMITATION,,CONTINUITY_UNKNOWN,"[""TPEX_OFFICIAL_DAILY""]",False
2061,TWO,TWO:2061,cfb6b79d-8272-4cfd-8c99-8d68d2afb887,2026-08-13,126,True,56.300000000000000000,52.285000000000000000,True,True,VALID,ELIGIBLE,True,LOOKUP_UNAVAILABLE,EVENT_LOOKUP_UNAVAILABLE,PUBLICATION_AVAILABLE_WITH_LIMITATION,AVAILABLE_WITH_LIMITATION,FORMAL_WITH_LIMITATION,14,EVENT_LOOKUP_UNAVAILABLE,"[""EVENT_LOOKUP_UNAVAILABLE""]","[""EVENT_LOOKUP_UNAVAILABLE""]",FORMAL_WITH_LIMITATION,,CONTINUITY_UNKNOWN,"[""TPEX_OFFICIAL_DAILY""]",False
2221,TWO,TWO:2221,39f93559-75b3-4f65-828c-f0f27222912a,2026-08-13,126,True,53.700000000000000000,,False,False,UNAVAILABLE,UNAVAILABLE,False,KNOWN_EVENT,KNOWN_VERIFIED_BREAKING_EVENT_FOUND,PUBLICATION_BLOCKED,BLOCKED,UNAVAILABLE,14,KNOWN_CONTINUITY_EVENT,"[""KNOWN_CONTINUITY_EVENT"", ""KNOWN_VERIFIED_EVENT_REQUIRES_EVENT_AWARE_HANDLING""]",[],UNAVAILABLE,KNOWN_VERIFIED_EVENT_REQUIRES_EVENT_AWARE_HANDLING,CONTINUITY_UNKNOWN,"[""TPEX_OFFICIAL_DAILY""]",False
3071,TWO,TWO:3071,4e370241-2960-4f3c-84a0-c0076845cbf0,2026-08-13,126,True,25.200000000000000000,,False,False,UNAVAILABLE,UNAVAILABLE,False,KNOWN_EVENT,KNOWN_VERIFIED_BREAKING_EVENT_FOUND,PUBLICATION_BLOCKED,BLOCKED,UNAVAILABLE,14,KNOWN_CONTINUITY_EVENT,"[""KNOWN_CONTINUITY_EVENT"", ""KNOWN_VERIFIED_EVENT_REQUIRES_EVENT_AWARE_HANDLING""]",[],UNAVAILABLE,KNOWN_VERIFIED_EVENT_REQUIRES_EVENT_AWARE_HANDLING,CONTINUITY_UNKNOWN,"[""TPEX_OFFICIAL_DAILY""]",False
3081,TWO,TWO:3081,7bfd564f-e15b-4f4a-991c-e49e6f03104f,2026-08-13,126,True,2665.000000000000000000,,False,False,UNAVAILABLE,UNAVAILABLE,False,KNOWN_EVENT,KNOWN_VERIFIED_BREAKING_EVENT_FOUND,PUBLICATION_BLOCKED,BLOCKED,UNAVAILABLE,14,KNOWN_CONTINUITY_EVENT,"[""KNOWN_CONTINUITY_EVENT"", ""KNOWN_VERIFIED_EVENT_REQUIRES_EVENT_AWARE_HANDLING""]",[],UNAVAILABLE,KNOWN_VERIFIED_EVENT_REQUIRES_EVENT_AWARE_HANDLING,CONTINUITY_UNKNOWN,"[""TPEX_OFFICIAL_DAILY""]",False
3105,TWO,TWO:3105,080afe46-a9ef-4874-9017-deabfa5affe5,2026-08-13,126,True,387.000000000000000000,,False,False,UNAVAILABLE,UNAVAILABLE,False,KNOWN_EVENT,KNOWN_VERIFIED_BREAKING_EVENT_FOUND,PUBLICATION_BLOCKED,BLOCKED,UNAVAILABLE,14,KNOWN_CONTINUITY_EVENT,"[""KNOWN_CONTINUITY_EVENT"", ""KNOWN_VERIFIED_EVENT_REQUIRES_EVENT_AWARE_HANDLING""]",[],UNAVAILABLE,KNOWN_VERIFIED_EVENT_REQUIRES_EVENT_AWARE_HANDLING,CONTINUITY_UNKNOWN,"[""TPEX_OFFICIAL_DAILY""]",False
3114,TWO,TWO:3114,a5680976-afd5-48b2-81c2-15e93c691135,2026-08-13,126,True,35.000000000000000000,38.011666666666666666666666666666666666666666666667,True,False,INELIGIBLE,INELIGIBLE,False,LOOKUP_UNAVAILABLE,EVENT_LOOKUP_UNAVAILABLE,PUBLICATION_BLOCKED,BLOCKED,UNAVAILABLE,14,BELOW_MA60,"[""BELOW_MA60"", ""TECHNICAL_V0_INELIGIBLE""]","[""EVENT_LOOKUP_UNAVAILABLE""]",FORMAL_WITH_LIMITATION,,CONTINUITY_UNKNOWN,"[""TPEX_OFFICIAL_DAILY""]",False
3131,TWO,TWO:3131,4f8c2a40-2d79-4ed2-b34e-034d602aa5f4,2026-08-13,126,True,2635.000000000000000000,,False,False,UNAVAILABLE,UNAVAILABLE,False,KNOWN_EVENT,KNOWN_VERIFIED_BREAKING_EVENT_FOUND,PUBLICATION_BLOCKED,BLOCKED,UNAVAILABLE,14,KNOWN_CONTINUITY_EVENT,"[""KNOWN_CONTINUITY_EVENT"", ""KNOWN_VERIFIED_EVENT_REQUIRES_EVENT_AWARE_HANDLING""]",[],UNAVAILABLE,KNOWN_VERIFIED_EVENT_REQUIRES_EVENT_AWARE_HANDLING,CONTINUITY_UNKNOWN,"[""TPEX_OFFICIAL_DAILY""]",False
3147,TWO,TWO:3147,0e2de80f-a4e0-4ea9-a31c-74fc96f5b2f3,2026-08-13,126,True,234.000000000000000000,248.70833333333333333333333333333333333333333333333,True,False,INELIGIBLE,INELIGIBLE,False,LOOKUP_UNAVAILABLE,EVENT_LOOKUP_UNAVAILABLE,PUBLICATION_BLOCKED,BLOCKED,UNAVAILABLE,14,BELOW_MA60,"[""BELOW_MA60"", ""TECHNICAL_V0_INELIGIBLE""]","[""EVENT_LOOKUP_UNAVAILABLE""]",FORMAL_WITH_LIMITATION,,CONTINUITY_UNKNOWN,"[""TPEX_OFFICIAL_DAILY""]",False
3152,TWO,TWO:3152,2a748224-5f6e-4d4a-81f1-cce10e3aef98,2026-08-13,121,True,231.000000000000000000,,False,False,UNAVAILABLE,UNAVAILABLE,False,KNOWN_EVENT,KNOWN_VERIFIED_BREAKING_EVENT_FOUND,PUBLICATION_BLOCKED,BLOCKED,UNAVAILABLE,14,KNOWN_CONTINUITY_EVENT,"[""KNOWN_CONTINUITY_EVENT"", ""KNOWN_VERIFIED_EVENT_REQUIRES_EVENT_AWARE_HANDLING""]",[],UNAVAILABLE,KNOWN_VERIFIED_EVENT_REQUIRES_EVENT_AWARE_HANDLING,CONTINUITY_UNKNOWN,"[""TPEX_OFFICIAL_DAILY""]",False
3163,TWO,TWO:3163,e1e2909f-492a-431e-a374-2dfe05da08de,2026-08-13,126,True,717.000000000000000000,,False,False,UNAVAILABLE,UNAVAILABLE,False,KNOWN_EVENT,KNOWN_VERIFIED_BREAKING_EVENT_FOUND,PUBLICATION_BLOCKED,BLOCKED,UNAVAILABLE,14,KNOWN_CONTINUITY_EVENT,"[""KNOWN_CONTINUITY_EVENT"", ""KNOWN_VERIFIED_EVENT_REQUIRES_EVENT_AWARE_HANDLING""]",[],UNAVAILABLE,KNOWN_VERIFIED_EVENT_REQUIRES_EVENT_AWARE_HANDLING,CONTINUITY_UNKNOWN,"[""TPEX_OFFICIAL_DAILY""]",False
3191,TWO,TWO:3191,f0c0819a-6b2e-48b5-9cfc-ea1fdd8a5931,2026-08-13,123,True,18.550000000000000000,19.152500000000000000,True,False,INELIGIBLE,INELIGIBLE,False,LOOKUP_UNAVAILABLE,EVENT_LOOKUP_UNAVAILABLE,PUBLICATION_BLOCKED,BLOCKED,UNAVAILABLE,14,BELOW_MA60,"[""BELOW_MA60"", ""TECHNICAL_V0_INELIGIBLE""]","[""EVENT_LOOKUP_UNAVAILABLE""]",FORMAL_WITH_LIMITATION,,CONTINUITY_UNKNOWN,"[""TPEX_OFFICIAL_DAILY""]",False
3211,TWO,TWO:3211,712bf9cb-4eca-4c67-bf47-28690d891b0d,2026-08-13,126,True,406.500000000000000000,,False,False,UNAVAILABLE,UNAVAILABLE,False,KNOWN_EVENT,KNOWN_VERIFIED_BREAKING_EVENT_FOUND,PUBLICATION_BLOCKED,BLOCKED,UNAVAILABLE,14,KNOWN_CONTINUITY_EVENT,"[""KNOWN_CONTINUITY_EVENT"", ""KNOWN_VERIFIED_EVENT_REQUIRES_EVENT_AWARE_HANDLING""]",[],UNAVAILABLE,KNOWN_VERIFIED_EVENT_REQUIRES_EVENT_AWARE_HANDLING,CONTINUITY_UNKNOWN,"[""TPEX_OFFICIAL_DAILY""]",False
3213,TWO,TWO:3213,baaf6696-6ae3-42f8-a9d4-6ed0149e5563,2026-08-13,126,True,135.000000000000000000,,False,False,UNAVAILABLE,UNAVAILABLE,False,KNOWN_EVENT,KNOWN_VERIFIED_BREAKING_EVENT_FOUND,PUBLICATION_BLOCKED,BLOCKED,UNAVAILABLE,14,KNOWN_CONTINUITY_EVENT,"[""KNOWN_CONTINUITY_EVENT"", ""KNOWN_VERIFIED_EVENT_REQUIRES_EVENT_AWARE_HANDLING""]",[],UNAVAILABLE,KNOWN_VERIFIED_EVENT_REQUIRES_EVENT_AWARE_HANDLING,CONTINUITY_UNKNOWN,"[""TPEX_OFFICIAL_DAILY""]",False
3221,TWO,TWO:3221,05c59f4e-fe27-4686-af8b-d1b00f0fd93d,2026-08-13,126,True,49.350000000000000000,,False,False,UNAVAILABLE,UNAVAILABLE,False,KNOWN_EVENT,KNOWN_VERIFIED_BREAKING_EVENT_FOUND,PUBLICATION_BLOCKED,BLOCKED,UNAVAILABLE,14,KNOWN_CONTINUITY_EVENT,"[""KNOWN_CONTINUITY_EVENT"", ""KNOWN_VERIFIED_EVENT_REQUIRES_EVENT_AWARE_HANDLING""]",[],UNAVAILABLE,KNOWN_VERIFIED_EVENT_REQUIRES_EVENT_AWARE_HANDLING,CONTINUITY_UNKNOWN,"[""TPEX_OFFICIAL_DAILY""]",False
3234,TWO,TWO:3234,29421478-6de9-449a-aa1d-995efac7e45e,2026-08-13,126,True,141.000000000000000000,116.945000000000000000,True,True,VALID,ELIGIBLE,True,LOOKUP_UNAVAILABLE,EVENT_LOOKUP_UNAVAILABLE,PUBLICATION_AVAILABLE_WITH_LIMITATION,AVAILABLE_WITH_LIMITATION,FORMAL_WITH_LIMITATION,14,EVENT_LOOKUP_UNAVAILABLE,"[""EVENT_LOOKUP_UNAVAILABLE""]","[""EVENT_LOOKUP_UNAVAILABLE""]",FORMAL_WITH_LIMITATION,,CONTINUITY_UNKNOWN,"[""TPEX_OFFICIAL_DAILY""]",False
3236,TWO,TWO:3236,436aa16f-8d02-4363-9333-92fa5f93cc06,2026-08-13,126,True,47.300000000000000000,54.370000000000000000,True,False,INELIGIBLE,INELIGIBLE,False,LOOKUP_UNAVAILABLE,EVENT_LOOKUP_UNAVAILABLE,PUBLICATION_BLOCKED,BLOCKED,UNAVAILABLE,14,BELOW_MA60,"[""BELOW_MA60"", ""TECHNICAL_V0_INELIGIBLE""]","[""EVENT_LOOKUP_UNAVAILABLE""]",FORMAL_WITH_LIMITATION,,CONTINUITY_UNKNOWN,"[""TPEX_OFFICIAL_DAILY""]",False
3260,TWO,TWO:3260,4e7b8c2e-08b0-4747-a7a8-cdb3c230f70a,2026-08-13,126,True,409.000000000000000000,406.30833333333333333333333333333333333333333333333,True,True,VALID,ELIGIBLE,True,KNOWN_EVENT,NO_KNOWN_VERIFIED_BREAKING_EVENT_FOUND,PUBLICATION_AVAILABLE_WITH_LIMITATION,AVAILABLE_WITH_LIMITATION,FORMAL_WITH_LIMITATION,12,KNOWN_EVENT_HANDLED,"[""KNOWN_EVENT_HANDLED""]","[""KNOWN_EVENT_HANDLED""]",FORMAL,,CONTINUITY_UNKNOWN,"[""TPEX_OFFICIAL_DAILY""]",False
3264,TWO,TWO:3264,9b16bd52-e1e8-4cea-b8cf-db8cc19d546f,2026-08-13,126,True,230.500000000000000000,,False,False,UNAVAILABLE,UNAVAILABLE,False,KNOWN_EVENT,KNOWN_VERIFIED_BREAKING_EVENT_FOUND,PUBLICATION_BLOCKED,BLOCKED,UNAVAILABLE,14,KNOWN_CONTINUITY_EVENT,"[""KNOWN_CONTINUITY_EVENT"", ""KNOWN_VERIFIED_EVENT_REQUIRES_EVENT_AWARE_HANDLING""]",[],UNAVAILABLE,KNOWN_VERIFIED_EVENT_REQUIRES_EVENT_AWARE_HANDLING,CONTINUITY_UNKNOWN,"[""TPEX_OFFICIAL_DAILY""]",False
3265,TWO,TWO:3265,eecc1198-803c-43db-9d13-87940b69115f,2026-08-13,126,True,181.000000000000000000,,False,False,UNAVAILABLE,UNAVAILABLE,False,KNOWN_EVENT,KNOWN_VERIFIED_BREAKING_EVENT_FOUND,PUBLICATION_BLOCKED,BLOCKED,UNAVAILABLE,14,KNOWN_CONTINUITY_EVENT,"[""KNOWN_CONTINUITY_EVENT"", ""KNOWN_VERIFIED_EVENT_REQUIRES_EVENT_AWARE_HANDLING""]",[],UNAVAILABLE,KNOWN_VERIFIED_EVENT_REQUIRES_EVENT_AWARE_HANDLING,CONTINUITY_UNKNOWN,"[""TPEX_OFFICIAL_DAILY""]",False
3268,TWO,TWO:3268,6baa5dc6-dcf5-412f-ad0c-f14beb2bd1bb,2026-08-13,125,True,19.400000000000000000,20.200000000000000000,True,False,INELIGIBLE,INELIGIBLE,False,LOOKUP_UNAVAILABLE,EVENT_LOOKUP_UNAVAILABLE,PUBLICATION_BLOCKED,BLOCKED,UNAVAILABLE,14,BELOW_MA60,"[""BELOW_MA60"", ""TECHNICAL_V0_INELIGIBLE""]","[""EVENT_LOOKUP_UNAVAILABLE""]",FORMAL_WITH_LIMITATION,,CONTINUITY_UNKNOWN,"[""TPEX_OFFICIAL_DAILY""]",False
3285,TWO,TWO:3285,a871d680-a82a-4b59-8576-6d03e28aa73a,2026-08-13,126,True,38.150000000000000000,,False,False,UNAVAILABLE,UNAVAILABLE,False,KNOWN_EVENT,KNOWN_VERIFIED_BREAKING_EVENT_FOUND,PUBLICATION_BLOCKED,BLOCKED,UNAVAILABLE,14,KNOWN_CONTINUITY_EVENT,"[""KNOWN_CONTINUITY_EVENT"", ""KNOWN_VERIFIED_EVENT_REQUIRES_EVENT_AWARE_HANDLING""]",[],UNAVAILABLE,KNOWN_VERIFIED_EVENT_REQUIRES_EVENT_AWARE_HANDLING,CONTINUITY_UNKNOWN,"[""TPEX_OFFICIAL_DAILY""]",False
3288,TWO,TWO:3288,2bafc41b-de51-490d-ab19-0f886a8ab927,2026-08-13,123,True,21.000000000000000000,21.621666666666666666666666666666666666666666666667,True,False,INELIGIBLE,INELIGIBLE,False,LOOKUP_UNAVAILABLE,EVENT_LOOKUP_UNAVAILABLE,PUBLICATION_BLOCKED,BLOCKED,UNAVAILABLE,14,BELOW_MA60,"[""BELOW_MA60"", ""TECHNICAL_V0_INELIGIBLE""]","[""EVENT_LOOKUP_UNAVAILABLE""]",FORMAL_WITH_LIMITATION,,CONTINUITY_UNKNOWN,"[""TPEX_OFFICIAL_DAILY""]",False
3290,TWO,TWO:3290,327eb3dc-c443-4203-80a8-dd747260be28,2026-08-13,126,True,57.200000000000000000,,False,False,UNAVAILABLE,UNAVAILABLE,False,KNOWN_EVENT,KNOWN_VERIFIED_BREAKING_EVENT_FOUND,PUBLICATION_BLOCKED,BLOCKED,UNAVAILABLE,14,KNOWN_CONTINUITY_EVENT,"[""KNOWN_CONTINUITY_EVENT"", ""KNOWN_VERIFIED_EVENT_REQUIRES_EVENT_AWARE_HANDLING""]",[],UNAVAILABLE,KNOWN_VERIFIED_EVENT_REQUIRES_EVENT_AWARE_HANDLING,CONTINUITY_UNKNOWN,"[""TPEX_OFFICIAL_DAILY""]",False
3317,TWO,TWO:3317,7d2e219b-c4eb-4ab9-bb83-ce362590b413,2026-08-13,126,True,70.600000000000000000,81.020000000000000000,True,False,INELIGIBLE,INELIGIBLE,False,LOOKUP_UNAVAILABLE,EVENT_LOOKUP_UNAVAILABLE,PUBLICATION_BLOCKED,BLOCKED,UNAVAILABLE,14,BELOW_MA60,"[""BELOW_MA60"", ""TECHNICAL_V0_INELIGIBLE""]","[""EVENT_LOOKUP_UNAVAILABLE""]",FORMAL_WITH_LIMITATION,,CONTINUITY_UNKNOWN,"[""TPEX_OFFICIAL_DAILY""]",False
3322,TWO,TWO:3322,ad193cd7-7878-4c27-a185-020d8bffc26d,2026-08-13,126,True,11.600000000000000000,13.194166666666666666666666666666666666666666666667,True,False,INELIGIBLE,INELIGIBLE,False,KNOWN_EVENT,NO_KNOWN_VERIFIED_BREAKING_EVENT_FOUND,PUBLICATION_BLOCKED,BLOCKED,UNAVAILABLE,11,BELOW_MA60,"[""BELOW_MA60"", ""TECHNICAL_V0_INELIGIBLE""]",[],FORMAL,,CONTINUITY_UNKNOWN,"[""TPEX_OFFICIAL_DAILY""]",False
3324,TWO,TWO:3324,c1dd48fe-768c-4a05-bd41-9912ecb099f2,2026-08-13,126,True,1035.000000000000000000,,False,False,UNAVAILABLE,UNAVAILABLE,False,KNOWN_EVENT,KNOWN_VERIFIED_BREAKING_EVENT_FOUND,PUBLICATION_BLOCKED,BLOCKED,UNAVAILABLE,14,KNOWN_CONTINUITY_EVENT,"[""KNOWN_CONTINUITY_EVENT"", ""KNOWN_VERIFIED_EVENT_REQUIRES_EVENT_AWARE_HANDLING""]",[],UNAVAILABLE,KNOWN_VERIFIED_EVENT_REQUIRES_EVENT_AWARE_HANDLING,CONTINUITY_UNKNOWN,"[""TPEX_OFFICIAL_DAILY""]",False
3339,TWO,TWO:3339,9e4423b8-f16b-4048-852e-ef50d7e641d0,2026-08-13,126,True,38.050000000000000000,41.740833333333333333333333333333333333333333333333,True,False,INELIGIBLE,INELIGIBLE,False,LOOKUP_UNAVAILABLE,EVENT_LOOKUP_UNAVAILABLE,PUBLICATION_BLOCKED,BLOCKED,UNAVAILABLE,14,BELOW_MA60,"[""BELOW_MA60"", ""TECHNICAL_V0_INELIGIBLE""]","[""EVENT_LOOKUP_UNAVAILABLE""]",FORMAL_WITH_LIMITATION,,CONTINUITY_UNKNOWN,"[""TPEX_OFFICIAL_DAILY""]",False
3357,TWO,TWO:3357,cddd3606-b074-4440-bea6-dbd95a9261b8,2026-08-13,126,True,253.500000000000000000,,False,False,UNAVAILABLE,UNAVAILABLE,False,KNOWN_EVENT,KNOWN_VERIFIED_BREAKING_EVENT_FOUND,PUBLICATION_BLOCKED,BLOCKED,UNAVAILABLE,14,KNOWN_CONTINUITY_EVENT,"[""KNOWN_CONTINUITY_EVENT"", ""KNOWN_VERIFIED_EVENT_REQUIRES_EVENT_AWARE_HANDLING""]",[],UNAVAILABLE,KNOWN_VERIFIED_EVENT_REQUIRES_EVENT_AWARE_HANDLING,CONTINUITY_UNKNOWN,"[""TPEX_OFFICIAL_DAILY""]",False
3360,TWO,TWO:3360,55b313bf-d89c-4c0f-8d84-cf7d64f8f3d6,2026-08-13,126,True,17.100000000000000000,17.127500000000000000,True,False,INELIGIBLE,INELIGIBLE,False,LOOKUP_UNAVAILABLE,EVENT_LOOKUP_UNAVAILABLE,PUBLICATION_BLOCKED,BLOCKED,UNAVAILABLE,14,BELOW_MA60,"[""BELOW_MA60"", ""TECHNICAL_V0_INELIGIBLE""]","[""EVENT_LOOKUP_UNAVAILABLE""]",FORMAL_WITH_LIMITATION,,CONTINUITY_UNKNOWN,"[""TPEX_OFFICIAL_DAILY""]",False
3362,TWO,TWO:3362,77914f90-30d2-497a-aa57-78d8ffdf2b61,2026-08-13,126,True,181.000000000000000000,163.50833333333333333333333333333333333333333333333,True,True,VALID,ELIGIBLE,True,KNOWN_EVENT,NO_KNOWN_VERIFIED_BREAKING_EVENT_FOUND,PUBLICATION_AVAILABLE_WITH_LIMITATION,AVAILABLE_WITH_LIMITATION,FORMAL_WITH_LIMITATION,14,KNOWN_EVENT_HANDLED,"[""KNOWN_EVENT_HANDLED""]","[""KNOWN_EVENT_HANDLED""]",FORMAL,,CONTINUITY_UNKNOWN,"[""TPEX_OFFICIAL_DAILY""]",False
3363,TWO,TWO:3363,9a719014-cc21-483b-9463-20054183dde2,2026-08-13,126,True,600.000000000000000000,658.750000000000000000,True,False,INELIGIBLE,INELIGIBLE,False,LOOKUP_UNAVAILABLE,EVENT_LOOKUP_UNAVAILABLE,PUBLICATION_BLOCKED,BLOCKED,UNAVAILABLE,14,BELOW_MA60,"[""BELOW_MA60"", ""TECHNICAL_V0_INELIGIBLE""]","[""EVENT_LOOKUP_UNAVAILABLE""]",FORMAL_WITH_LIMITATION,,CONTINUITY_UNKNOWN,"[""TPEX_OFFICIAL_DAILY""]",False
3374,TWO,TWO:3374,f09637b7-eb34-429e-999f-b7cf8a47b222,2026-08-13,126,True,325.000000000000000000,,False,False,UNAVAILABLE,UNAVAILABLE,False,KNOWN_EVENT,KNOWN_VERIFIED_BREAKING_EVENT_FOUND,PUBLICATION_BLOCKED,BLOCKED,UNAVAILABLE,14,KNOWN_CONTINUITY_EVENT,"[""KNOWN_CONTINUITY_EVENT"", ""KNOWN_VERIFIED_EVENT_REQUIRES_EVENT_AWARE_HANDLING""]",[],UNAVAILABLE,KNOWN_VERIFIED_EVENT_REQUIRES_EVENT_AWARE_HANDLING,CONTINUITY_UNKNOWN,"[""TPEX_OFFICIAL_DAILY""]",False
3390,TWO,TWO:3390,9c1cec41-107e-4ee4-83c4-77a055be679b,2026-08-13,126,True,22.350000000000000000,,False,False,UNAVAILABLE,UNAVAILABLE,False,KNOWN_EVENT,KNOWN_VERIFIED_BREAKING_EVENT_FOUND,PUBLICATION_BLOCKED,BLOCKED,UNAVAILABLE,14,KNOWN_CONTINUITY_EVENT,"[""KNOWN_CONTINUITY_EVENT"", ""KNOWN_VERIFIED_EVENT_REQUIRES_EVENT_AWARE_HANDLING""]",[],UNAVAILABLE,KNOWN_VERIFIED_EVENT_REQUIRES_EVENT_AWARE_HANDLING,CONTINUITY_UNKNOWN,"[""TPEX_OFFICIAL_DAILY""]",False
3441,TWO,TWO:3441,95307920-3054-4ded-8e8b-69434ce420ae,2026-08-13,126,True,85.000000000000000000,,False,False,UNAVAILABLE,UNAVAILABLE,False,KNOWN_EVENT,KNOWN_VERIFIED_BREAKING_EVENT_FOUND,PUBLICATION_BLOCKED,BLOCKED,UNAVAILABLE,14,KNOWN_CONTINUITY_EVENT,"[""KNOWN_CONTINUITY_EVENT"", ""KNOWN_VERIFIED_EVENT_REQUIRES_EVENT_AWARE_HANDLING""]",[],UNAVAILABLE,KNOWN_VERIFIED_EVENT_REQUIRES_EVENT_AWARE_HANDLING,CONTINUITY_UNKNOWN,"[""TPEX_OFFICIAL_DAILY""]",False
3479,TWO,TWO:3479,e5f81e14-f8c4-4e3d-900b-679f8007d58c,2026-08-13,126,True,139.500000000000000000,,False,False,UNAVAILABLE,UNAVAILABLE,False,KNOWN_EVENT,KNOWN_VERIFIED_BREAKING_EVENT_FOUND,PUBLICATION_BLOCKED,BLOCKED,UNAVAILABLE,14,KNOWN_CONTINUITY_EVENT,"[""KNOWN_CONTINUITY_EVENT"", ""KNOWN_VERIFIED_EVENT_REQUIRES_EVENT_AWARE_HANDLING""]",[],UNAVAILABLE,KNOWN_VERIFIED_EVENT_REQUIRES_EVENT_AWARE_HANDLING,CONTINUITY_UNKNOWN,"[""TPEX_OFFICIAL_DAILY""]",False
3483,TWO,TWO:3483,59ea3dbb-bb5d-451a-b050-00a32edcc70f,2026-08-13,126,True,74.000000000000000000,,False,False,UNAVAILABLE,UNAVAILABLE,False,KNOWN_EVENT,KNOWN_VERIFIED_BREAKING_EVENT_FOUND,PUBLICATION_BLOCKED,BLOCKED,UNAVAILABLE,14,KNOWN_CONTINUITY_EVENT,"[""KNOWN_CONTINUITY_EVENT"", ""KNOWN_VERIFIED_EVENT_REQUIRES_EVENT_AWARE_HANDLING""]",[],UNAVAILABLE,KNOWN_VERIFIED_EVENT_REQUIRES_EVENT_AWARE_HANDLING,CONTINUITY_UNKNOWN,"[""TPEX_OFFICIAL_DAILY""]",False
3484,TWO,TWO:3484,505a4215-6b32-4a08-a344-b6daf9890376,2026-08-13,126,True,50.300000000000000000,48.497500000000000000,True,True,VALID,ELIGIBLE,True,LOOKUP_UNAVAILABLE,EVENT_LOOKUP_UNAVAILABLE,PUBLICATION_AVAILABLE_WITH_LIMITATION,AVAILABLE_WITH_LIMITATION,FORMAL_WITH_LIMITATION,14,EVENT_LOOKUP_UNAVAILABLE,"[""EVENT_LOOKUP_UNAVAILABLE""]","[""EVENT_LOOKUP_UNAVAILABLE""]",FORMAL_WITH_LIMITATION,,CONTINUITY_UNKNOWN,"[""TPEX_OFFICIAL_DAILY""]",False
3491,TWO,TWO:3491,4793afc4-4ad0-491b-a17c-8f2b838658cc,2026-08-13,125,True,1345.000000000000000000,,False,False,UNAVAILABLE,UNAVAILABLE,False,KNOWN_EVENT,KNOWN_VERIFIED_BREAKING_EVENT_FOUND,PUBLICATION_BLOCKED,BLOCKED,UNAVAILABLE,14,KNOWN_CONTINUITY_EVENT,"[""KNOWN_CONTINUITY_EVENT"", ""KNOWN_VERIFIED_EVENT_REQUIRES_EVENT_AWARE_HANDLING""]",[],UNAVAILABLE,KNOWN_VERIFIED_EVENT_REQUIRES_EVENT_AWARE_HANDLING,CONTINUITY_UNKNOWN,"[""TPEX_OFFICIAL_DAILY""]",False
3498,TWO,TWO:3498,ee8d639f-7f3a-4331-b8b6-47caab39acb0,2026-08-13,126,True,144.000000000000000000,123.53833333333333333333333333333333333333333333333,True,True,VALID,ELIGIBLE,True,LOOKUP_UNAVAILABLE,EVENT_LOOKUP_UNAVAILABLE,PUBLICATION_AVAILABLE_WITH_LIMITATION,AVAILABLE_WITH_LIMITATION,FORMAL_WITH_LIMITATION,14,EVENT_LOOKUP_UNAVAILABLE,"[""EVENT_LOOKUP_UNAVAILABLE""]","[""EVENT_LOOKUP_UNAVAILABLE""]",FORMAL_WITH_LIMITATION,,CONTINUITY_UNKNOWN,"[""TPEX_OFFICIAL_DAILY""]",False
3526,TWO,TWO:3526,514f0180-0f9c-4129-91a6-6381e392c563,2026-08-13,126,True,288.000000000000000000,324.325000000000000000,True,False,INELIGIBLE,INELIGIBLE,False,KNOWN_EVENT,NO_KNOWN_VERIFIED_BREAKING_EVENT_FOUND,PUBLICATION_BLOCKED,BLOCKED,UNAVAILABLE,14,BELOW_MA60,"[""BELOW_MA60"", ""TECHNICAL_V0_INELIGIBLE""]",[],FORMAL,,CONTINUITY_UNKNOWN,"[""TPEX_OFFICIAL_DAILY""]",False
3527,TWO,TWO:3527,174b02a0-a52b-4663-a5ca-78d41bbd64f9,2026-08-13,126,True,52.400000000000000000,,False,False,UNAVAILABLE,UNAVAILABLE,False,KNOWN_EVENT,KNOWN_VERIFIED_BREAKING_EVENT_FOUND,PUBLICATION_BLOCKED,BLOCKED,UNAVAILABLE,14,KNOWN_CONTINUITY_EVENT,"[""KNOWN_CONTINUITY_EVENT"", ""KNOWN_VERIFIED_EVENT_REQUIRES_EVENT_AWARE_HANDLING""]",[],UNAVAILABLE,KNOWN_VERIFIED_EVENT_REQUIRES_EVENT_AWARE_HANDLING,CONTINUITY_UNKNOWN,"[""TPEX_OFFICIAL_DAILY""]",False
3529,TWO,TWO:3529,76ddbc45-9196-44c9-8b78-8802ef6241a0,2026-08-13,126,True,2700.000000000000000000,,False,False,UNAVAILABLE,UNAVAILABLE,False,KNOWN_EVENT,KNOWN_VERIFIED_BREAKING_EVENT_FOUND,PUBLICATION_BLOCKED,BLOCKED,UNAVAILABLE,14,KNOWN_CONTINUITY_EVENT,"[""KNOWN_CONTINUITY_EVENT"", ""KNOWN_VERIFIED_EVENT_REQUIRES_EVENT_AWARE_HANDLING""]",[],UNAVAILABLE,KNOWN_VERIFIED_EVENT_REQUIRES_EVENT_AWARE_HANDLING,CONTINUITY_UNKNOWN,"[""TPEX_OFFICIAL_DAILY""]",False
3537,TWO,TWO:3537,9629f9d3-b1fe-4750-931f-10a35442ac25,2026-08-13,126,True,58.600000000000000000,,False,False,UNAVAILABLE,UNAVAILABLE,False,KNOWN_EVENT,KNOWN_VERIFIED_BREAKING_EVENT_FOUND,PUBLICATION_BLOCKED,BLOCKED,UNAVAILABLE,14,KNOWN_CONTINUITY_EVENT,"[""KNOWN_CONTINUITY_EVENT"", ""KNOWN_VERIFIED_EVENT_REQUIRES_EVENT_AWARE_HANDLING""]",[],UNAVAILABLE,KNOWN_VERIFIED_EVENT_REQUIRES_EVENT_AWARE_HANDLING,CONTINUITY_UNKNOWN,"[""TPEX_OFFICIAL_DAILY""]",False
3556,TWO,TWO:3556,9d249adc-a83d-4cc0-a3bc-ac7058daeb73,2026-08-13,126,True,64.900000000000000000,,False,False,UNAVAILABLE,UNAVAILABLE,False,KNOWN_EVENT,KNOWN_VERIFIED_BREAKING_EVENT_FOUND,PUBLICATION_BLOCKED,BLOCKED,UNAVAILABLE,14,KNOWN_CONTINUITY_EVENT,"[""KNOWN_CONTINUITY_EVENT"", ""KNOWN_VERIFIED_EVENT_REQUIRES_EVENT_AWARE_HANDLING""]",[],UNAVAILABLE,KNOWN_VERIFIED_EVENT_REQUIRES_EVENT_AWARE_HANDLING,CONTINUITY_UNKNOWN,"[""TPEX_OFFICIAL_DAILY""]",False
3558,TWO,TWO:3558,55537449-fe8b-492a-ace9-bf5772ac8ced,2026-08-13,126,True,131.000000000000000000,132.21666666666666666666666666666666666666666666667,True,False,INELIGIBLE,INELIGIBLE,False,LOOKUP_UNAVAILABLE,EVENT_LOOKUP_UNAVAILABLE,PUBLICATION_BLOCKED,BLOCKED,UNAVAILABLE,14,BELOW_MA60,"[""BELOW_MA60"", ""TECHNICAL_V0_INELIGIBLE""]","[""EVENT_LOOKUP_UNAVAILABLE""]",FORMAL_WITH_LIMITATION,,CONTINUITY_UNKNOWN,"[""TPEX_OFFICIAL_DAILY""]",False
3564,TWO,TWO:3564,4506865f-72a0-4601-9cb5-834569dc60e0,2026-08-13,126,True,48.350000000000000000,,False,False,UNAVAILABLE,UNAVAILABLE,False,KNOWN_EVENT,KNOWN_VERIFIED_BREAKING_EVENT_FOUND,PUBLICATION_BLOCKED,BLOCKED,UNAVAILABLE,14,KNOWN_CONTINUITY_EVENT,"[""KNOWN_CONTINUITY_EVENT"", ""KNOWN_VERIFIED_EVENT_REQUIRES_EVENT_AWARE_HANDLING""]",[],UNAVAILABLE,KNOWN_VERIFIED_EVENT_REQUIRES_EVENT_AWARE_HANDLING,CONTINUITY_UNKNOWN,"[""TPEX_OFFICIAL_DAILY""]",False
3577,TWO,TWO:3577,b40a9058-9e6e-4c12-a771-13ec09864ed8,2026-08-13,126,True,129.000000000000000000,,False,False,UNAVAILABLE,UNAVAILABLE,False,KNOWN_EVENT,KNOWN_VERIFIED_BREAKING_EVENT_FOUND,PUBLICATION_BLOCKED,BLOCKED,UNAVAILABLE,14,KNOWN_CONTINUITY_EVENT,"[""KNOWN_CONTINUITY_EVENT"", ""KNOWN_VERIFIED_EVENT_REQUIRES_EVENT_AWARE_HANDLING""]",[],UNAVAILABLE,KNOWN_VERIFIED_EVENT_REQUIRES_EVENT_AWARE_HANDLING,CONTINUITY_UNKNOWN,"[""TPEX_OFFICIAL_DAILY""]",False
3597,TWO,TWO:3597,5bfff16d-d0e8-4c4e-9fe6-9fadd57524db,2026-08-13,126,True,26.650000000000000000,,False,False,UNAVAILABLE,UNAVAILABLE,False,KNOWN_EVENT,KNOWN_VERIFIED_BREAKING_EVENT_FOUND,PUBLICATION_BLOCKED,BLOCKED,UNAVAILABLE,14,KNOWN_CONTINUITY_EVENT,"[""KNOWN_CONTINUITY_EVENT"", ""KNOWN_VERIFIED_EVENT_REQUIRES_EVENT_AWARE_HANDLING""]",[],UNAVAILABLE,KNOWN_VERIFIED_EVENT_REQUIRES_EVENT_AWARE_HANDLING,CONTINUITY_UNKNOWN,"[""TPEX_OFFICIAL_DAILY""]",False
3615,TWO,TWO:3615,eade16b0-f4e6-4db3-8e87-eac5903c9064,2026-08-13,126,True,37.050000000000000000,,False,False,UNAVAILABLE,UNAVAILABLE,False,KNOWN_EVENT,KNOWN_VERIFIED_BREAKING_EVENT_FOUND,PUBLICATION_BLOCKED,BLOCKED,UNAVAILABLE,14,KNOWN_CONTINUITY_EVENT,"[""KNOWN_CONTINUITY_EVENT"", ""KNOWN_VERIFIED_EVENT_REQUIRES_EVENT_AWARE_HANDLING""]",[],UNAVAILABLE,KNOWN_VERIFIED_EVENT_REQUIRES_EVENT_AWARE_HANDLING,CONTINUITY_UNKNOWN,"[""TPEX_OFFICIAL_DAILY""]",False
3624,TWO,TWO:3624,e71a219f-beec-45e1-80e8-818a5dbce697,2026-08-13,126,True,95.100000000000000000,,False,False,UNAVAILABLE,UNAVAILABLE,False,KNOWN_EVENT,KNOWN_VERIFIED_BREAKING_EVENT_FOUND,PUBLICATION_BLOCKED,BLOCKED,UNAVAILABLE,14,KNOWN_CONTINUITY_EVENT,"[""KNOWN_CONTINUITY_EVENT"", ""KNOWN_VERIFIED_EVENT_REQUIRES_EVENT_AWARE_HANDLING""]",[],UNAVAILABLE,KNOWN_VERIFIED_EVENT_REQUIRES_EVENT_AWARE_HANDLING,CONTINUITY_UNKNOWN,"[""TPEX_OFFICIAL_DAILY""]",False
3630,TWO,TWO:3630,24becf42-9779-427e-a305-20121372a242,2026-08-13,126,True,25.750000000000000000,28.073333333333333333333333333333333333333333333333,True,False,INELIGIBLE,INELIGIBLE,False,LOOKUP_UNAVAILABLE,EVENT_LOOKUP_UNAVAILABLE,PUBLICATION_BLOCKED,BLOCKED,UNAVAILABLE,14,BELOW_MA60,"[""BELOW_MA60"", ""TECHNICAL_V0_INELIGIBLE""]","[""EVENT_LOOKUP_UNAVAILABLE""]",FORMAL_WITH_LIMITATION,,CONTINUITY_UNKNOWN,"[""TPEX_OFFICIAL_DAILY""]",False
3675,TWO,TWO:3675,6ef69279-3e14-4fe2-9e6a-801904f1c218,2026-08-13,126,True,278.000000000000000000,326.21666666666666666666666666666666666666666666667,True,False,INELIGIBLE,INELIGIBLE,False,LOOKUP_UNAVAILABLE,EVENT_LOOKUP_UNAVAILABLE,PUBLICATION_BLOCKED,BLOCKED,UNAVAILABLE,14,BELOW_MA60,"[""BELOW_MA60"", ""TECHNICAL_V0_INELIGIBLE""]","[""EVENT_LOOKUP_UNAVAILABLE""]",FORMAL_WITH_LIMITATION,,CONTINUITY_UNKNOWN,"[""TPEX_OFFICIAL_DAILY""]",False
3691,TWO,TWO:3691,196f72c9-de70-4f35-9beb-e88cdd05a485,2026-08-13,126,True,122.000000000000000000,139.38666666666666666666666666666666666666666666667,True,False,INELIGIBLE,INELIGIBLE,False,LOOKUP_UNAVAILABLE,EVENT_LOOKUP_UNAVAILABLE,PUBLICATION_BLOCKED,BLOCKED,UNAVAILABLE,14,BELOW_MA60,"[""BELOW_MA60"", ""TECHNICAL_V0_INELIGIBLE""]","[""EVENT_LOOKUP_UNAVAILABLE""]",FORMAL_WITH_LIMITATION,,CONTINUITY_UNKNOWN,"[""TPEX_OFFICIAL_DAILY""]",False
3693,TWO,TWO:3693,1bb6b016-c742-49de-b78e-7cb2c375ab63,2026-08-13,126,True,552.000000000000000000,513.225000000000000000,True,True,VALID,ELIGIBLE,True,LOOKUP_UNAVAILABLE,EVENT_LOOKUP_UNAVAILABLE,PUBLICATION_AVAILABLE_WITH_LIMITATION,AVAILABLE_WITH_LIMITATION,FORMAL_WITH_LIMITATION,14,EVENT_LOOKUP_UNAVAILABLE,"[""EVENT_LOOKUP_UNAVAILABLE""]","[""EVENT_LOOKUP_UNAVAILABLE""]",FORMAL_WITH_LIMITATION,,CONTINUITY_UNKNOWN,"[""TPEX_OFFICIAL_DAILY""]",False
3707,TWO,TWO:3707,c158d401-e3b0-45ea-b847-2f0151488a22,2026-08-13,126,True,65.600000000000000000,75.147500000000000000,True,False,INELIGIBLE,INELIGIBLE,False,LOOKUP_UNAVAILABLE,EVENT_LOOKUP_UNAVAILABLE,PUBLICATION_BLOCKED,BLOCKED,UNAVAILABLE,14,BELOW_MA60,"[""BELOW_MA60"", ""TECHNICAL_V0_INELIGIBLE""]","[""EVENT_LOOKUP_UNAVAILABLE""]",FORMAL_WITH_LIMITATION,,CONTINUITY_UNKNOWN,"[""TPEX_OFFICIAL_DAILY""]",False
3709,TWO,TWO:3709,94895d79-816d-471e-8caa-415802998a20,2026-08-13,126,True,71.600000000000000000,,False,False,UNAVAILABLE,UNAVAILABLE,False,KNOWN_EVENT,KNOWN_VERIFIED_BREAKING_EVENT_FOUND,PUBLICATION_BLOCKED,BLOCKED,UNAVAILABLE,14,KNOWN_CONTINUITY_EVENT,"[""KNOWN_CONTINUITY_EVENT"", ""KNOWN_VERIFIED_EVENT_REQUIRES_EVENT_AWARE_HANDLING""]",[],UNAVAILABLE,KNOWN_VERIFIED_EVENT_REQUIRES_EVENT_AWARE_HANDLING,CONTINUITY_UNKNOWN,"[""TPEX_OFFICIAL_DAILY""]",False
4127,TWO,TWO:4127,75ea6920-3e7a-4417-abdb-61a0245c0c2b,2026-08-13,125,True,83.000000000000000000,72.263333333333333333333333333333333333333333333333,True,True,VALID,ELIGIBLE,True,LOOKUP_UNAVAILABLE,EVENT_LOOKUP_UNAVAILABLE,PUBLICATION_AVAILABLE_WITH_LIMITATION,AVAILABLE_WITH_LIMITATION,FORMAL_WITH_LIMITATION,14,EVENT_LOOKUP_UNAVAILABLE,"[""EVENT_LOOKUP_UNAVAILABLE""]","[""EVENT_LOOKUP_UNAVAILABLE""]",FORMAL_WITH_LIMITATION,,CONTINUITY_UNKNOWN,"[""TPEX_OFFICIAL_DAILY""]",False
4513,TWO,TWO:4513,927fed4f-f0b8-426a-84e0-f5e72a115852,2026-08-13,126,True,16.800000000000000000,17.101666666666666666666666666666666666666666666667,True,False,INELIGIBLE,INELIGIBLE,False,LOOKUP_UNAVAILABLE,EVENT_LOOKUP_UNAVAILABLE,PUBLICATION_BLOCKED,BLOCKED,UNAVAILABLE,14,BELOW_MA60,"[""BELOW_MA60"", ""TECHNICAL_V0_INELIGIBLE""]","[""EVENT_LOOKUP_UNAVAILABLE""]",FORMAL_WITH_LIMITATION,,CONTINUITY_UNKNOWN,"[""TPEX_OFFICIAL_DAILY""]",False
4541,TWO,TWO:4541,d5fa1b22-2034-4644-a47b-d8379f8dca85,2026-08-13,126,True,72.600000000000000000,,False,False,UNAVAILABLE,UNAVAILABLE,False,KNOWN_EVENT,KNOWN_VERIFIED_BREAKING_EVENT_FOUND,PUBLICATION_BLOCKED,BLOCKED,UNAVAILABLE,14,KNOWN_CONTINUITY_EVENT,"[""KNOWN_CONTINUITY_EVENT"", ""KNOWN_VERIFIED_EVENT_REQUIRES_EVENT_AWARE_HANDLING""]",[],UNAVAILABLE,KNOWN_VERIFIED_EVENT_REQUIRES_EVENT_AWARE_HANDLING,CONTINUITY_UNKNOWN,"[""TPEX_OFFICIAL_DAILY""]",False
4542,TWO,TWO:4542,459e9608-77e6-4ff2-a87f-28dca5c2660b,2026-08-13,126,True,282.000000000000000000,326.91666666666666666666666666666666666666666666667,True,False,INELIGIBLE,INELIGIBLE,False,KNOWN_EVENT,NO_KNOWN_VERIFIED_BREAKING_EVENT_FOUND,PUBLICATION_BLOCKED,BLOCKED,UNAVAILABLE,14,BELOW_MA60,"[""BELOW_MA60"", ""TECHNICAL_V0_INELIGIBLE""]",[],FORMAL,,CONTINUITY_UNKNOWN,"[""TPEX_OFFICIAL_DAILY""]",False
4556,TWO,TWO:4556,c8b5e19c-a5db-46a4-a016-7957b6095427,2026-08-13,126,True,90.900000000000000000,,False,False,UNAVAILABLE,UNAVAILABLE,False,KNOWN_EVENT,KNOWN_VERIFIED_BREAKING_EVENT_FOUND,PUBLICATION_BLOCKED,BLOCKED,UNAVAILABLE,14,KNOWN_CONTINUITY_EVENT,"[""KNOWN_CONTINUITY_EVENT"", ""KNOWN_VERIFIED_EVENT_REQUIRES_EVENT_AWARE_HANDLING""]",[],UNAVAILABLE,KNOWN_VERIFIED_EVENT_REQUIRES_EVENT_AWARE_HANDLING,CONTINUITY_UNKNOWN,"[""TPEX_OFFICIAL_DAILY""]",False
4577,TWO,TWO:4577,3704438e-af40-4283-941c-6d07e2a4e30a,2026-08-13,126,True,77.100000000000000000,89.965000000000000000,True,False,INELIGIBLE,INELIGIBLE,False,LOOKUP_UNAVAILABLE,EVENT_LOOKUP_UNAVAILABLE,PUBLICATION_BLOCKED,BLOCKED,UNAVAILABLE,14,BELOW_MA60,"[""BELOW_MA60"", ""TECHNICAL_V0_INELIGIBLE""]","[""EVENT_LOOKUP_UNAVAILABLE""]",FORMAL_WITH_LIMITATION,,CONTINUITY_UNKNOWN,"[""TPEX_OFFICIAL_DAILY""]",False
4707,TWO,TWO:4707,f2bc9ba4-9322-4a4b-9c1c-fb1ccebafc93,2026-08-13,126,True,32.450000000000000000,26.820833333333333333333333333333333333333333333333,True,True,VALID,ELIGIBLE,True,LOOKUP_UNAVAILABLE,EVENT_LOOKUP_UNAVAILABLE,PUBLICATION_AVAILABLE_WITH_LIMITATION,AVAILABLE_WITH_LIMITATION,FORMAL_WITH_LIMITATION,14,EVENT_LOOKUP_UNAVAILABLE,"[""EVENT_LOOKUP_UNAVAILABLE""]","[""EVENT_LOOKUP_UNAVAILABLE""]",FORMAL_WITH_LIMITATION,,CONTINUITY_UNKNOWN,"[""TPEX_OFFICIAL_DAILY""]",False
4716,TWO,TWO:4716,9558c23b-3b1b-4350-b1bd-fd240909f879,2026-08-13,126,True,17.350000000000000000,18.492500000000000000,True,False,INELIGIBLE,INELIGIBLE,False,LOOKUP_UNAVAILABLE,EVENT_LOOKUP_UNAVAILABLE,PUBLICATION_BLOCKED,BLOCKED,UNAVAILABLE,14,BELOW_MA60,"[""BELOW_MA60"", ""TECHNICAL_V0_INELIGIBLE""]","[""EVENT_LOOKUP_UNAVAILABLE""]",FORMAL_WITH_LIMITATION,,CONTINUITY_UNKNOWN,"[""TPEX_OFFICIAL_DAILY""]",False
4721,TWO,TWO:4721,2a84bcb2-8516-4d0c-a187-23651e6d03ab,2026-08-13,126,True,74.300000000000000000,,False,False,UNAVAILABLE,UNAVAILABLE,False,KNOWN_EVENT,KNOWN_VERIFIED_BREAKING_EVENT_FOUND,PUBLICATION_BLOCKED,BLOCKED,UNAVAILABLE,14,KNOWN_CONTINUITY_EVENT,"[""KNOWN_CONTINUITY_EVENT"", ""KNOWN_VERIFIED_EVENT_REQUIRES_EVENT_AWARE_HANDLING""]",[],UNAVAILABLE,KNOWN_VERIFIED_EVENT_REQUIRES_EVENT_AWARE_HANDLING,CONTINUITY_UNKNOWN,"[""TPEX_OFFICIAL_DAILY""]",False
4729,TWO,TWO:4729,d1e03dbc-74b7-4952-abd9-54aa1587824a,2026-08-13,126,True,19.800000000000000000,21.747500000000000000,True,False,INELIGIBLE,INELIGIBLE,False,LOOKUP_UNAVAILABLE,EVENT_LOOKUP_UNAVAILABLE,PUBLICATION_BLOCKED,BLOCKED,UNAVAILABLE,14,BELOW_MA60,"[""BELOW_MA60"", ""TECHNICAL_V0_INELIGIBLE""]","[""EVENT_LOOKUP_UNAVAILABLE""]",FORMAL_WITH_LIMITATION,,CONTINUITY_UNKNOWN,"[""TPEX_OFFICIAL_DAILY""]",False
4760,TWO,TWO:4760,62f9ce93-d96e-4312-af06-487a0fcda9b6,2026-08-13,126,True,283.000000000000000000,318.675000000000000000,True,False,INELIGIBLE,INELIGIBLE,False,KNOWN_EVENT,NO_KNOWN_VERIFIED_BREAKING_EVENT_FOUND,PUBLICATION_BLOCKED,BLOCKED,UNAVAILABLE,14,BELOW_MA60,"[""BELOW_MA60"", ""TECHNICAL_V0_INELIGIBLE""]",[],FORMAL,,CONTINUITY_UNKNOWN,"[""TPEX_OFFICIAL_DAILY""]",False
4903,TWO,TWO:4903,d357b8db-0f94-41cd-ba18-9bd122025229,2026-08-13,126,True,37.500000000000000000,40.113333333333333333333333333333333333333333333333,True,False,INELIGIBLE,INELIGIBLE,False,LOOKUP_UNAVAILABLE,EVENT_LOOKUP_UNAVAILABLE,PUBLICATION_BLOCKED,BLOCKED,UNAVAILABLE,14,BELOW_MA60,"[""BELOW_MA60"", ""TECHNICAL_V0_INELIGIBLE""]","[""EVENT_LOOKUP_UNAVAILABLE""]",FORMAL_WITH_LIMITATION,,CONTINUITY_UNKNOWN,"[""TPEX_OFFICIAL_DAILY""]",False
4908,TWO,TWO:4908,25196b70-3665-4720-9503-e0c48474fe27,2026-08-13,126,True,160.000000000000000000,185.375000000000000000,True,False,INELIGIBLE,INELIGIBLE,False,LOOKUP_UNAVAILABLE,EVENT_LOOKUP_UNAVAILABLE,PUBLICATION_BLOCKED,BLOCKED,UNAVAILABLE,14,BELOW_MA60,"[""BELOW_MA60"", ""TECHNICAL_V0_INELIGIBLE""]","[""EVENT_LOOKUP_UNAVAILABLE""]",FORMAL_WITH_LIMITATION,,CONTINUITY_UNKNOWN,"[""TPEX_OFFICIAL_DAILY""]",False
4923,TWO,TWO:4923,69f42d15-549a-4003-9158-d76473a649d4,2026-08-13,126,True,50.600000000000000000,49.741666666666666666666666666666666666666666666667,True,True,VALID,ELIGIBLE,True,LOOKUP_UNAVAILABLE,EVENT_LOOKUP_UNAVAILABLE,PUBLICATION_AVAILABLE_WITH_LIMITATION,AVAILABLE_WITH_LIMITATION,FORMAL_WITH_LIMITATION,14,EVENT_LOOKUP_UNAVAILABLE,"[""EVENT_LOOKUP_UNAVAILABLE""]","[""EVENT_LOOKUP_UNAVAILABLE""]",FORMAL_WITH_LIMITATION,,CONTINUITY_UNKNOWN,"[""TPEX_OFFICIAL_DAILY""]",False
4931,TWO,TWO:4931,3f3ebb32-9a86-4b6f-a6ef-43646f7fc2ad,2026-08-13,126,True,261.000000000000000000,,False,False,UNAVAILABLE,UNAVAILABLE,False,KNOWN_EVENT,KNOWN_VERIFIED_BREAKING_EVENT_FOUND,PUBLICATION_BLOCKED,BLOCKED,UNAVAILABLE,14,KNOWN_CONTINUITY_EVENT,"[""KNOWN_CONTINUITY_EVENT"", ""KNOWN_VERIFIED_EVENT_REQUIRES_EVENT_AWARE_HANDLING""]",[],UNAVAILABLE,KNOWN_VERIFIED_EVENT_REQUIRES_EVENT_AWARE_HANDLING,CONTINUITY_UNKNOWN,"[""TPEX_OFFICIAL_DAILY""]",False
4939,TWO,TWO:4939,ec10b55a-bab7-431d-b9f0-db04346351a2,2026-08-13,126,True,63.900000000000000000,,False,False,UNAVAILABLE,UNAVAILABLE,False,KNOWN_EVENT,KNOWN_VERIFIED_BREAKING_EVENT_FOUND,PUBLICATION_BLOCKED,BLOCKED,UNAVAILABLE,14,KNOWN_CONTINUITY_EVENT,"[""KNOWN_CONTINUITY_EVENT"", ""KNOWN_VERIFIED_EVENT_REQUIRES_EVENT_AWARE_HANDLING""]",[],UNAVAILABLE,KNOWN_VERIFIED_EVENT_REQUIRES_EVENT_AWARE_HANDLING,CONTINUITY_UNKNOWN,"[""TPEX_OFFICIAL_DAILY""]",False
4966,TWO,TWO:4966,b3fe3e2d-91eb-4a11-8155-f6f9ac410531,2026-08-13,126,True,586.000000000000000000,665.78333333333333333333333333333333333333333333333,True,False,INELIGIBLE,INELIGIBLE,False,KNOWN_EVENT,NO_KNOWN_VERIFIED_BREAKING_EVENT_FOUND,PUBLICATION_BLOCKED,BLOCKED,UNAVAILABLE,14,BELOW_MA60,"[""BELOW_MA60"", ""TECHNICAL_V0_INELIGIBLE""]",[],FORMAL,,CONTINUITY_UNKNOWN,"[""TPEX_OFFICIAL_DAILY""]",False
4971,TWO,TWO:4971,88b45243-1fe9-40ea-ba95-351f5e067060,2026-08-13,126,True,494.000000000000000000,,False,False,UNAVAILABLE,UNAVAILABLE,False,KNOWN_EVENT,KNOWN_VERIFIED_BREAKING_EVENT_FOUND,PUBLICATION_BLOCKED,BLOCKED,UNAVAILABLE,14,KNOWN_CONTINUITY_EVENT,"[""KNOWN_CONTINUITY_EVENT"", ""KNOWN_VERIFIED_EVENT_REQUIRES_EVENT_AWARE_HANDLING""]",[],UNAVAILABLE,KNOWN_VERIFIED_EVENT_REQUIRES_EVENT_AWARE_HANDLING,CONTINUITY_UNKNOWN,"[""TPEX_OFFICIAL_DAILY""]",False
4973,TWO,TWO:4973,be8a23ef-f2d1-47e5-822f-45a6cb603ec9,2026-08-13,126,True,163.500000000000000000,157.91666666666666666666666666666666666666666666667,True,True,VALID,ELIGIBLE,True,KNOWN_EVENT,NO_KNOWN_VERIFIED_BREAKING_EVENT_FOUND,PUBLICATION_AVAILABLE_WITH_LIMITATION,AVAILABLE_WITH_LIMITATION,FORMAL_WITH_LIMITATION,14,KNOWN_EVENT_HANDLED,"[""KNOWN_EVENT_HANDLED""]","[""KNOWN_EVENT_HANDLED""]",FORMAL,,CONTINUITY_UNKNOWN,"[""TPEX_OFFICIAL_DAILY""]",False
4979,TWO,TWO:4979,3935d2ae-1d4a-4979-b365-10447715a2d5,2026-08-13,126,True,564.000000000000000000,,False,False,UNAVAILABLE,UNAVAILABLE,False,KNOWN_EVENT,KNOWN_VERIFIED_BREAKING_EVENT_FOUND,PUBLICATION_BLOCKED,BLOCKED,UNAVAILABLE,14,KNOWN_CONTINUITY_EVENT,"[""KNOWN_CONTINUITY_EVENT"", ""KNOWN_VERIFIED_EVENT_REQUIRES_EVENT_AWARE_HANDLING""]",[],UNAVAILABLE,KNOWN_VERIFIED_EVENT_REQUIRES_EVENT_AWARE_HANDLING,CONTINUITY_UNKNOWN,"[""TPEX_OFFICIAL_DAILY""]",False
4991,TWO,TWO:4991,60130f36-1739-45dc-8b3b-16ce91840459,2026-08-13,126,True,478.000000000000000000,536.05833333333333333333333333333333333333333333333,True,False,INELIGIBLE,INELIGIBLE,False,LOOKUP_UNAVAILABLE,EVENT_LOOKUP_UNAVAILABLE,PUBLICATION_BLOCKED,BLOCKED,UNAVAILABLE,14,BELOW_MA60,"[""BELOW_MA60"", ""TECHNICAL_V0_INELIGIBLE""]","[""EVENT_LOOKUP_UNAVAILABLE""]",FORMAL_WITH_LIMITATION,,CONTINUITY_UNKNOWN,"[""TPEX_OFFICIAL_DAILY""]",False
5009,TWO,TWO:5009,1a831754-58b5-4db7-8771-f6a1649d3128,2026-08-13,126,True,32.900000000000000000,,False,False,UNAVAILABLE,UNAVAILABLE,False,KNOWN_EVENT,KNOWN_VERIFIED_BREAKING_EVENT_FOUND,PUBLICATION_BLOCKED,BLOCKED,UNAVAILABLE,14,KNOWN_CONTINUITY_EVENT,"[""KNOWN_CONTINUITY_EVENT"", ""KNOWN_VERIFIED_EVENT_REQUIRES_EVENT_AWARE_HANDLING""]",[],UNAVAILABLE,KNOWN_VERIFIED_EVENT_REQUIRES_EVENT_AWARE_HANDLING,CONTINUITY_UNKNOWN,"[""TPEX_OFFICIAL_DAILY""]",False
5011,TWO,TWO:5011,1e0910cd-5857-41c6-8061-b8f121ae96b0,2026-08-13,126,True,18.500000000000000000,20.074166666666666666666666666666666666666666666667,True,False,INELIGIBLE,INELIGIBLE,False,LOOKUP_UNAVAILABLE,EVENT_LOOKUP_UNAVAILABLE,PUBLICATION_BLOCKED,BLOCKED,UNAVAILABLE,14,BELOW_MA60,"[""BELOW_MA60"", ""TECHNICAL_V0_INELIGIBLE""]","[""EVENT_LOOKUP_UNAVAILABLE""]",FORMAL_WITH_LIMITATION,,CONTINUITY_UNKNOWN,"[""TPEX_OFFICIAL_DAILY""]",False
5227,TWO,TWO:5227,f5f06f0f-d6e9-4708-b93e-7fb8bbfd21c0,2026-08-13,126,True,34.400000000000000000,,False,False,UNAVAILABLE,UNAVAILABLE,False,KNOWN_EVENT,KNOWN_VERIFIED_BREAKING_EVENT_FOUND,PUBLICATION_BLOCKED,BLOCKED,UNAVAILABLE,14,KNOWN_CONTINUITY_EVENT,"[""KNOWN_CONTINUITY_EVENT"", ""KNOWN_VERIFIED_EVENT_REQUIRES_EVENT_AWARE_HANDLING""]",[],UNAVAILABLE,KNOWN_VERIFIED_EVENT_REQUIRES_EVENT_AWARE_HANDLING,CONTINUITY_UNKNOWN,"[""TPEX_OFFICIAL_DAILY""]",False
5228,TWO,TWO:5228,85aa1ae2-02e6-46cc-b4dc-90bc239c1409,2026-08-13,126,True,43.300000000000000000,55.650000000000000000,True,False,INELIGIBLE,INELIGIBLE,False,LOOKUP_UNAVAILABLE,EVENT_LOOKUP_UNAVAILABLE,PUBLICATION_BLOCKED,BLOCKED,UNAVAILABLE,14,BELOW_MA60,"[""BELOW_MA60"", ""TECHNICAL_V0_INELIGIBLE""]","[""EVENT_LOOKUP_UNAVAILABLE""]",FORMAL_WITH_LIMITATION,,CONTINUITY_UNKNOWN,"[""TPEX_OFFICIAL_DAILY""]",False
5274,TWO,TWO:5274,041c8036-7b16-4cad-a61b-3a40ecc4a489,2026-08-13,126,True,17490.000000000000000000,,False,False,UNAVAILABLE,UNAVAILABLE,False,KNOWN_EVENT,KNOWN_VERIFIED_BREAKING_EVENT_FOUND,PUBLICATION_BLOCKED,BLOCKED,UNAVAILABLE,14,KNOWN_CONTINUITY_EVENT,"[""KNOWN_CONTINUITY_EVENT"", ""KNOWN_VERIFIED_EVENT_REQUIRES_EVENT_AWARE_HANDLING""]",[],UNAVAILABLE,KNOWN_VERIFIED_EVENT_REQUIRES_EVENT_AWARE_HANDLING,CONTINUITY_UNKNOWN,"[""TPEX_OFFICIAL_DAILY""]",False
5289,TWO,TWO:5289,8a8f9dd0-3e20-49b5-8ceb-35925b7069d4,2026-08-13,126,True,1535.000000000000000000,1607.500000000000000000,True,False,INELIGIBLE,INELIGIBLE,False,LOOKUP_UNAVAILABLE,EVENT_LOOKUP_UNAVAILABLE,PUBLICATION_BLOCKED,BLOCKED,UNAVAILABLE,14,BELOW_MA60,"[""BELOW_MA60"", ""TECHNICAL_V0_INELIGIBLE""]","[""EVENT_LOOKUP_UNAVAILABLE""]",FORMAL_WITH_LIMITATION,,CONTINUITY_UNKNOWN,"[""TPEX_OFFICIAL_DAILY""]",False
5299,TWO,TWO:5299,3d506855-f9b2-4be6-8555-be52a97218db,2026-08-13,126,True,103.000000000000000000,,False,False,UNAVAILABLE,UNAVAILABLE,False,KNOWN_EVENT,KNOWN_VERIFIED_BREAKING_EVENT_FOUND,PUBLICATION_BLOCKED,BLOCKED,UNAVAILABLE,14,KNOWN_CONTINUITY_EVENT,"[""KNOWN_CONTINUITY_EVENT"", ""KNOWN_VERIFIED_EVENT_REQUIRES_EVENT_AWARE_HANDLING""]",[],UNAVAILABLE,KNOWN_VERIFIED_EVENT_REQUIRES_EVENT_AWARE_HANDLING,CONTINUITY_UNKNOWN,"[""TPEX_OFFICIAL_DAILY""]",False
5302,TWO,TWO:5302,8c548e22-a7da-4824-9847-97ef8bbdaefe,2026-08-13,126,True,11.350000000000000000,11.496166666666666666666666666666666666666666666667,True,False,INELIGIBLE,INELIGIBLE,False,LOOKUP_UNAVAILABLE,EVENT_LOOKUP_UNAVAILABLE,PUBLICATION_BLOCKED,BLOCKED,UNAVAILABLE,14,BELOW_MA60,"[""BELOW_MA60"", ""TECHNICAL_V0_INELIGIBLE""]","[""EVENT_LOOKUP_UNAVAILABLE""]",FORMAL_WITH_LIMITATION,,CONTINUITY_UNKNOWN,"[""TPEX_OFFICIAL_DAILY""]",False
5328,TWO,TWO:5328,0982ffab-8f59-44cb-850e-12edde60be38,2026-08-13,126,True,68.800000000000000000,56.874166666666666666666666666666666666666666666667,True,True,VALID,ELIGIBLE,True,LOOKUP_UNAVAILABLE,EVENT_LOOKUP_UNAVAILABLE,PUBLICATION_AVAILABLE_WITH_LIMITATION,AVAILABLE_WITH_LIMITATION,FORMAL_WITH_LIMITATION,14,EVENT_LOOKUP_UNAVAILABLE,"[""EVENT_LOOKUP_UNAVAILABLE""]","[""EVENT_LOOKUP_UNAVAILABLE""]",FORMAL_WITH_LIMITATION,,CONTINUITY_UNKNOWN,"[""TPEX_OFFICIAL_DAILY""]",False
5340,TWO,TWO:5340,81f81e86-fb46-4c36-ae50-17823ba9ee0c,2026-08-13,126,True,78.600000000000000000,,False,False,UNAVAILABLE,UNAVAILABLE,False,KNOWN_EVENT,KNOWN_VERIFIED_BREAKING_EVENT_FOUND,PUBLICATION_BLOCKED,BLOCKED,UNAVAILABLE,14,KNOWN_CONTINUITY_EVENT,"[""KNOWN_CONTINUITY_EVENT"", ""KNOWN_VERIFIED_EVENT_REQUIRES_EVENT_AWARE_HANDLING""]",[],UNAVAILABLE,KNOWN_VERIFIED_EVENT_REQUIRES_EVENT_AWARE_HANDLING,CONTINUITY_UNKNOWN,"[""TPEX_OFFICIAL_DAILY""]",False
5347,TWO,TWO:5347,0524c99f-562a-4a16-99e6-0c393571e3f4,2026-08-13,126,True,163.000000000000000000,,False,False,UNAVAILABLE,UNAVAILABLE,False,KNOWN_EVENT,KNOWN_VERIFIED_BREAKING_EVENT_FOUND,PUBLICATION_BLOCKED,BLOCKED,UNAVAILABLE,14,KNOWN_CONTINUITY_EVENT,"[""KNOWN_CONTINUITY_EVENT"", ""KNOWN_VERIFIED_EVENT_REQUIRES_EVENT_AWARE_HANDLING""]",[],UNAVAILABLE,KNOWN_VERIFIED_EVENT_REQUIRES_EVENT_AWARE_HANDLING,CONTINUITY_UNKNOWN,"[""TPEX_OFFICIAL_DAILY""]",False
5351,TWO,TWO:5351,06d8de0b-1811-4143-a871-5285fa0710f5,2026-08-13,126,True,129.000000000000000000,89.850000000000000000,True,True,VALID,ELIGIBLE,True,LOOKUP_UNAVAILABLE,EVENT_LOOKUP_UNAVAILABLE,PUBLICATION_AVAILABLE_WITH_LIMITATION,AVAILABLE_WITH_LIMITATION,FORMAL_WITH_LIMITATION,14,EVENT_LOOKUP_UNAVAILABLE,"[""EVENT_LOOKUP_UNAVAILABLE""]","[""EVENT_LOOKUP_UNAVAILABLE""]",FORMAL_WITH_LIMITATION,,CONTINUITY_UNKNOWN,"[""TPEX_OFFICIAL_DAILY""]",False
5371,TWO,TWO:5371,44d67d3b-f979-4dcc-b65f-9eb4455c26a2,2026-08-13,126,True,86.300000000000000000,,False,False,UNAVAILABLE,UNAVAILABLE,False,KNOWN_EVENT,KNOWN_VERIFIED_BREAKING_EVENT_FOUND,PUBLICATION_BLOCKED,BLOCKED,UNAVAILABLE,14,KNOWN_CONTINUITY_EVENT,"[""KNOWN_CONTINUITY_EVENT"", ""KNOWN_VERIFIED_EVENT_REQUIRES_EVENT_AWARE_HANDLING""]",[],UNAVAILABLE,KNOWN_VERIFIED_EVENT_REQUIRES_EVENT_AWARE_HANDLING,CONTINUITY_UNKNOWN,"[""TPEX_OFFICIAL_DAILY""]",False
5386,TWO,TWO:5386,d929890b-2bd1-4fda-ae88-7dbf4745ee09,2026-08-13,126,True,278.000000000000000000,,False,False,UNAVAILABLE,UNAVAILABLE,False,KNOWN_EVENT,KNOWN_VERIFIED_BREAKING_EVENT_FOUND,PUBLICATION_BLOCKED,BLOCKED,UNAVAILABLE,14,KNOWN_CONTINUITY_EVENT,"[""KNOWN_CONTINUITY_EVENT"", ""KNOWN_VERIFIED_EVENT_REQUIRES_EVENT_AWARE_HANDLING""]",[],UNAVAILABLE,KNOWN_VERIFIED_EVENT_REQUIRES_EVENT_AWARE_HANDLING,CONTINUITY_UNKNOWN,"[""TPEX_OFFICIAL_DAILY""]",False
5410,TWO,TWO:5410,3b1950c5-5e32-4367-9689-b759c9c7a2f1,2026-08-13,126,True,36.250000000000000000,,False,False,UNAVAILABLE,UNAVAILABLE,False,KNOWN_EVENT,KNOWN_VERIFIED_BREAKING_EVENT_FOUND,PUBLICATION_BLOCKED,BLOCKED,UNAVAILABLE,14,KNOWN_CONTINUITY_EVENT,"[""KNOWN_CONTINUITY_EVENT"", ""KNOWN_VERIFIED_EVENT_REQUIRES_EVENT_AWARE_HANDLING""]",[],UNAVAILABLE,KNOWN_VERIFIED_EVENT_REQUIRES_EVENT_AWARE_HANDLING,CONTINUITY_UNKNOWN,"[""TPEX_OFFICIAL_DAILY""]",False
5425,TWO,TWO:5425,cff2deb3-02f5-4346-9880-64cf9223cd5b,2026-08-13,126,True,88.800000000000000000,,False,False,UNAVAILABLE,UNAVAILABLE,False,KNOWN_EVENT,KNOWN_VERIFIED_BREAKING_EVENT_FOUND,PUBLICATION_BLOCKED,BLOCKED,UNAVAILABLE,14,KNOWN_CONTINUITY_EVENT,"[""KNOWN_CONTINUITY_EVENT"", ""KNOWN_VERIFIED_EVENT_REQUIRES_EVENT_AWARE_HANDLING""]",[],UNAVAILABLE,KNOWN_VERIFIED_EVENT_REQUIRES_EVENT_AWARE_HANDLING,CONTINUITY_UNKNOWN,"[""TPEX_OFFICIAL_DAILY""]",False
5426,TWO,TWO:5426,f54aebb5-7d39-49bb-ba3c-aae3968b022f,2026-08-13,126,True,28.800000000000000000,28.127500000000000000,True,True,VALID,ELIGIBLE,True,LOOKUP_UNAVAILABLE,EVENT_LOOKUP_UNAVAILABLE,PUBLICATION_AVAILABLE_WITH_LIMITATION,AVAILABLE_WITH_LIMITATION,FORMAL_WITH_LIMITATION,14,EVENT_LOOKUP_UNAVAILABLE,"[""EVENT_LOOKUP_UNAVAILABLE""]","[""EVENT_LOOKUP_UNAVAILABLE""]",FORMAL_WITH_LIMITATION,,CONTINUITY_UNKNOWN,"[""TPEX_OFFICIAL_DAILY""]",False
5439,TWO,TWO:5439,1129492d-f689-49d6-bb29-89e969c004f8,2026-08-13,126,True,250.000000000000000000,,False,False,UNAVAILABLE,UNAVAILABLE,False,KNOWN_EVENT,KNOWN_VERIFIED_BREAKING_EVENT_FOUND,PUBLICATION_BLOCKED,BLOCKED,UNAVAILABLE,14,KNOWN_CONTINUITY_EVENT,"[""KNOWN_CONTINUITY_EVENT"", ""KNOWN_VERIFIED_EVENT_REQUIRES_EVENT_AWARE_HANDLING""]",[],UNAVAILABLE,KNOWN_VERIFIED_EVENT_REQUIRES_EVENT_AWARE_HANDLING,CONTINUITY_UNKNOWN,"[""TPEX_OFFICIAL_DAILY""]",False
5443,TWO,TWO:5443,2d3f210c-d8cd-48c8-9467-e3f08cc916e8,2026-08-13,126,True,107.000000000000000000,,False,False,UNAVAILABLE,UNAVAILABLE,False,KNOWN_EVENT,KNOWN_VERIFIED_BREAKING_EVENT_FOUND,PUBLICATION_BLOCKED,BLOCKED,UNAVAILABLE,14,KNOWN_CONTINUITY_EVENT,"[""KNOWN_CONTINUITY_EVENT"", ""KNOWN_VERIFIED_EVENT_REQUIRES_EVENT_AWARE_HANDLING""]",[],UNAVAILABLE,KNOWN_VERIFIED_EVENT_REQUIRES_EVENT_AWARE_HANDLING,CONTINUITY_UNKNOWN,"[""TPEX_OFFICIAL_DAILY""]",False
5457,TWO,TWO:5457,08d6f8cf-caba-4c57-a23a-7cf3f46bed85,2026-08-13,126,True,27.700000000000000000,,False,False,UNAVAILABLE,UNAVAILABLE,False,KNOWN_EVENT,KNOWN_VERIFIED_BREAKING_EVENT_FOUND,PUBLICATION_BLOCKED,BLOCKED,UNAVAILABLE,14,KNOWN_CONTINUITY_EVENT,"[""KNOWN_CONTINUITY_EVENT"", ""KNOWN_VERIFIED_EVENT_REQUIRES_EVENT_AWARE_HANDLING""]",[],UNAVAILABLE,KNOWN_VERIFIED_EVENT_REQUIRES_EVENT_AWARE_HANDLING,CONTINUITY_UNKNOWN,"[""TPEX_OFFICIAL_DAILY""]",False
5464,TWO,TWO:5464,74f5c2ec-0353-4365-a170-7373ab3859f5,2026-08-13,126,True,74.200000000000000000,78.328333333333333333333333333333333333333333333333,True,False,INELIGIBLE,INELIGIBLE,False,LOOKUP_UNAVAILABLE,EVENT_LOOKUP_UNAVAILABLE,PUBLICATION_BLOCKED,BLOCKED,UNAVAILABLE,14,BELOW_MA60,"[""BELOW_MA60"", ""TECHNICAL_V0_INELIGIBLE""]","[""EVENT_LOOKUP_UNAVAILABLE""]",FORMAL_WITH_LIMITATION,,CONTINUITY_UNKNOWN,"[""TPEX_OFFICIAL_DAILY""]",False
5475,TWO,TWO:5475,65931351-cc10-46bb-a50d-e9fd679d8474,2026-08-13,126,True,163.000000000000000000,211.61666666666666666666666666666666666666666666667,True,False,INELIGIBLE,INELIGIBLE,False,LOOKUP_UNAVAILABLE,EVENT_LOOKUP_UNAVAILABLE,PUBLICATION_BLOCKED,BLOCKED,UNAVAILABLE,14,BELOW_MA60,"[""BELOW_MA60"", ""TECHNICAL_V0_INELIGIBLE""]","[""EVENT_LOOKUP_UNAVAILABLE""]",FORMAL_WITH_LIMITATION,,CONTINUITY_UNKNOWN,"[""TPEX_OFFICIAL_DAILY""]",False
5483,TWO,TWO:5483,76695cfa-e9cd-43a3-a929-07cf418f381a,2026-08-13,126,True,187.500000000000000000,,False,False,UNAVAILABLE,UNAVAILABLE,False,KNOWN_EVENT,KNOWN_VERIFIED_BREAKING_EVENT_FOUND,PUBLICATION_BLOCKED,BLOCKED,UNAVAILABLE,14,KNOWN_CONTINUITY_EVENT,"[""KNOWN_CONTINUITY_EVENT"", ""KNOWN_VERIFIED_EVENT_REQUIRES_EVENT_AWARE_HANDLING""]",[],UNAVAILABLE,KNOWN_VERIFIED_EVENT_REQUIRES_EVENT_AWARE_HANDLING,CONTINUITY_UNKNOWN,"[""TPEX_OFFICIAL_DAILY""]",False
5488,TWO,TWO:5488,3d43d9b9-f1bf-404d-8b8a-cb5b57034c0f,2026-08-13,126,True,13.050000000000000000,,False,False,UNAVAILABLE,UNAVAILABLE,False,KNOWN_EVENT,KNOWN_VERIFIED_BREAKING_EVENT_FOUND,PUBLICATION_BLOCKED,BLOCKED,UNAVAILABLE,14,KNOWN_CONTINUITY_EVENT,"[""KNOWN_CONTINUITY_EVENT"", ""KNOWN_VERIFIED_EVENT_REQUIRES_EVENT_AWARE_HANDLING""]",[],UNAVAILABLE,KNOWN_VERIFIED_EVENT_REQUIRES_EVENT_AWARE_HANDLING,CONTINUITY_UNKNOWN,"[""TPEX_OFFICIAL_DAILY""]",False
5489,TWO,TWO:5489,08f9e948-3f68-4d21-b889-76831be15380,2026-08-13,126,True,42.400000000000000000,46.859166666666666666666666666666666666666666666667,True,False,INELIGIBLE,INELIGIBLE,False,LOOKUP_UNAVAILABLE,EVENT_LOOKUP_UNAVAILABLE,PUBLICATION_BLOCKED,BLOCKED,UNAVAILABLE,14,BELOW_MA60,"[""BELOW_MA60"", ""TECHNICAL_V0_INELIGIBLE""]","[""EVENT_LOOKUP_UNAVAILABLE""]",FORMAL_WITH_LIMITATION,,CONTINUITY_UNKNOWN,"[""TPEX_OFFICIAL_DAILY""]",False
5498,TWO,TWO:5498,9e61d41a-a21f-4a36-8bda-d2aa5ca9cbd8,2026-08-13,126,True,53.300000000000000000,57.690833333333333333333333333333333333333333333333,True,False,INELIGIBLE,INELIGIBLE,False,LOOKUP_UNAVAILABLE,EVENT_LOOKUP_UNAVAILABLE,PUBLICATION_BLOCKED,BLOCKED,UNAVAILABLE,14,BELOW_MA60,"[""BELOW_MA60"", ""TECHNICAL_V0_INELIGIBLE""]","[""EVENT_LOOKUP_UNAVAILABLE""]",FORMAL_WITH_LIMITATION,,CONTINUITY_UNKNOWN,"[""TPEX_OFFICIAL_DAILY""]",False
5536,TWO,TWO:5536,b762e22c-942c-4309-b2e6-e59effa6a7f0,2026-08-13,126,True,903.000000000000000000,,False,False,UNAVAILABLE,UNAVAILABLE,False,KNOWN_EVENT,KNOWN_VERIFIED_BREAKING_EVENT_FOUND,PUBLICATION_BLOCKED,BLOCKED,UNAVAILABLE,14,KNOWN_CONTINUITY_EVENT,"[""KNOWN_CONTINUITY_EVENT"", ""KNOWN_VERIFIED_EVENT_REQUIRES_EVENT_AWARE_HANDLING""]",[],UNAVAILABLE,KNOWN_VERIFIED_EVENT_REQUIRES_EVENT_AWARE_HANDLING,CONTINUITY_UNKNOWN,"[""TPEX_OFFICIAL_DAILY""]",False
6127,TWO,TWO:6127,504e7f45-f9d5-42a3-bfdb-7292ec5017b0,2026-08-13,126,True,52.800000000000000000,67.407500000000000000,True,False,INELIGIBLE,INELIGIBLE,False,LOOKUP_UNAVAILABLE,EVENT_LOOKUP_UNAVAILABLE,PUBLICATION_BLOCKED,BLOCKED,UNAVAILABLE,14,BELOW_MA60,"[""BELOW_MA60"", ""TECHNICAL_V0_INELIGIBLE""]","[""EVENT_LOOKUP_UNAVAILABLE""]",FORMAL_WITH_LIMITATION,,CONTINUITY_UNKNOWN,"[""TPEX_OFFICIAL_DAILY""]",False
6129,TWO,TWO:6129,cad1dd80-c720-4dd6-adfa-234652d05336,2026-08-13,126,True,14.450000000000000000,16.205833333333333333333333333333333333333333333333,True,False,INELIGIBLE,INELIGIBLE,False,LOOKUP_UNAVAILABLE,EVENT_LOOKUP_UNAVAILABLE,PUBLICATION_BLOCKED,BLOCKED,UNAVAILABLE,14,BELOW_MA60,"[""BELOW_MA60"", ""TECHNICAL_V0_INELIGIBLE""]","[""EVENT_LOOKUP_UNAVAILABLE""]",FORMAL_WITH_LIMITATION,,CONTINUITY_UNKNOWN,"[""TPEX_OFFICIAL_DAILY""]",False
6138,TWO,TWO:6138,18eb7d0b-bfa0-48ab-ae13-6a322303551d,2026-08-13,126,True,301.500000000000000000,,False,False,UNAVAILABLE,UNAVAILABLE,False,KNOWN_EVENT,KNOWN_VERIFIED_BREAKING_EVENT_FOUND,PUBLICATION_BLOCKED,BLOCKED,UNAVAILABLE,14,KNOWN_CONTINUITY_EVENT,"[""KNOWN_CONTINUITY_EVENT"", ""KNOWN_VERIFIED_EVENT_REQUIRES_EVENT_AWARE_HANDLING""]",[],UNAVAILABLE,KNOWN_VERIFIED_EVENT_REQUIRES_EVENT_AWARE_HANDLING,CONTINUITY_UNKNOWN,"[""TPEX_OFFICIAL_DAILY""]",False
6147,TWO,TWO:6147,0f12d77b-25cb-4c0a-82ee-69ee92f7de5c,2026-08-13,126,True,164.500000000000000000,,False,False,UNAVAILABLE,UNAVAILABLE,False,KNOWN_EVENT,KNOWN_VERIFIED_BREAKING_EVENT_FOUND,PUBLICATION_BLOCKED,BLOCKED,UNAVAILABLE,14,KNOWN_CONTINUITY_EVENT,"[""KNOWN_CONTINUITY_EVENT"", ""KNOWN_VERIFIED_EVENT_REQUIRES_EVENT_AWARE_HANDLING""]",[],UNAVAILABLE,KNOWN_VERIFIED_EVENT_REQUIRES_EVENT_AWARE_HANDLING,CONTINUITY_UNKNOWN,"[""TPEX_OFFICIAL_DAILY""]",False
6150,TWO,TWO:6150,c76d6ab7-df5c-4f7c-bda6-d7e57e9c1b1c,2026-08-13,126,True,60.700000000000000000,,False,False,UNAVAILABLE,UNAVAILABLE,False,KNOWN_EVENT,KNOWN_VERIFIED_BREAKING_EVENT_FOUND,PUBLICATION_BLOCKED,BLOCKED,UNAVAILABLE,14,KNOWN_CONTINUITY_EVENT,"[""KNOWN_CONTINUITY_EVENT"", ""KNOWN_VERIFIED_EVENT_REQUIRES_EVENT_AWARE_HANDLING""]",[],UNAVAILABLE,KNOWN_VERIFIED_EVENT_REQUIRES_EVENT_AWARE_HANDLING,CONTINUITY_UNKNOWN,"[""TPEX_OFFICIAL_DAILY""]",False
6156,TWO,TWO:6156,55cd7b25-d223-4cc3-ab44-7b0d739fdce1,2026-08-13,126,True,22.200000000000000000,,False,False,UNAVAILABLE,UNAVAILABLE,False,KNOWN_EVENT,KNOWN_VERIFIED_BREAKING_EVENT_FOUND,PUBLICATION_BLOCKED,BLOCKED,UNAVAILABLE,14,KNOWN_CONTINUITY_EVENT,"[""KNOWN_CONTINUITY_EVENT"", ""KNOWN_VERIFIED_EVENT_REQUIRES_EVENT_AWARE_HANDLING""]",[],UNAVAILABLE,KNOWN_VERIFIED_EVENT_REQUIRES_EVENT_AWARE_HANDLING,CONTINUITY_UNKNOWN,"[""TPEX_OFFICIAL_DAILY""]",False
6173,TWO,TWO:6173,1ec4ef18-d868-486d-b151-cd3cbbcc55f9,2026-08-13,126,True,223.500000000000000000,,False,False,UNAVAILABLE,UNAVAILABLE,False,KNOWN_EVENT,KNOWN_VERIFIED_BREAKING_EVENT_FOUND,PUBLICATION_BLOCKED,BLOCKED,UNAVAILABLE,14,KNOWN_CONTINUITY_EVENT,"[""KNOWN_CONTINUITY_EVENT"", ""KNOWN_VERIFIED_EVENT_REQUIRES_EVENT_AWARE_HANDLING""]",[],UNAVAILABLE,KNOWN_VERIFIED_EVENT_REQUIRES_EVENT_AWARE_HANDLING,CONTINUITY_UNKNOWN,"[""TPEX_OFFICIAL_DAILY""]",False
6174,TWO,TWO:6174,bd245b9d-0278-4aff-a5c2-8151ea53d599,2026-08-13,126,True,47.500000000000000000,,False,False,UNAVAILABLE,UNAVAILABLE,False,KNOWN_EVENT,KNOWN_VERIFIED_BREAKING_EVENT_FOUND,PUBLICATION_BLOCKED,BLOCKED,UNAVAILABLE,14,KNOWN_CONTINUITY_EVENT,"[""KNOWN_CONTINUITY_EVENT"", ""KNOWN_VERIFIED_EVENT_REQUIRES_EVENT_AWARE_HANDLING""]",[],UNAVAILABLE,KNOWN_VERIFIED_EVENT_REQUIRES_EVENT_AWARE_HANDLING,CONTINUITY_UNKNOWN,"[""TPEX_OFFICIAL_DAILY""]",False
6175,TWO,TWO:6175,fee85b28-d0a5-452e-9c25-a46d65d9c19e,2026-08-13,126,True,80.500000000000000000,,False,False,UNAVAILABLE,UNAVAILABLE,False,KNOWN_EVENT,KNOWN_VERIFIED_BREAKING_EVENT_FOUND,PUBLICATION_BLOCKED,BLOCKED,UNAVAILABLE,14,KNOWN_CONTINUITY_EVENT,"[""KNOWN_CONTINUITY_EVENT"", ""KNOWN_VERIFIED_EVENT_REQUIRES_EVENT_AWARE_HANDLING""]",[],UNAVAILABLE,KNOWN_VERIFIED_EVENT_REQUIRES_EVENT_AWARE_HANDLING,CONTINUITY_UNKNOWN,"[""TPEX_OFFICIAL_DAILY""]",False
6179,TWO,TWO:6179,b52ff135-9b8f-4a87-a3dc-ab133e6ba912,2026-08-13,126,True,27.850000000000000000,25.500833333333333333333333333333333333333333333333,True,True,VALID,ELIGIBLE,True,KNOWN_EVENT,NO_KNOWN_VERIFIED_BREAKING_EVENT_FOUND,PUBLICATION_AVAILABLE_WITH_LIMITATION,AVAILABLE_WITH_LIMITATION,FORMAL_WITH_LIMITATION,10,KNOWN_EVENT_HANDLED,"[""KNOWN_EVENT_HANDLED""]","[""KNOWN_EVENT_HANDLED""]",FORMAL,,CONTINUITY_UNKNOWN,"[""TPEX_OFFICIAL_DAILY""]",False
6182,TWO,TWO:6182,5f138542-e2f3-4d17-8732-f149cf9e8fd6,2026-08-13,126,True,113.000000000000000000,112.490000000000000000,True,True,VALID,ELIGIBLE,True,KNOWN_EVENT,NO_KNOWN_VERIFIED_BREAKING_EVENT_FOUND,PUBLICATION_AVAILABLE_WITH_LIMITATION,AVAILABLE_WITH_LIMITATION,FORMAL_WITH_LIMITATION,14,KNOWN_EVENT_HANDLED,"[""KNOWN_EVENT_HANDLED""]","[""KNOWN_EVENT_HANDLED""]",FORMAL,,CONTINUITY_UNKNOWN,"[""TPEX_OFFICIAL_DAILY""]",False
6187,TWO,TWO:6187,be5f038c-c62f-4460-a058-8504e0c8f4ac,2026-08-13,126,True,1270.000000000000000000,,False,False,UNAVAILABLE,UNAVAILABLE,False,KNOWN_EVENT,KNOWN_VERIFIED_BREAKING_EVENT_FOUND,PUBLICATION_BLOCKED,BLOCKED,UNAVAILABLE,14,KNOWN_CONTINUITY_EVENT,"[""KNOWN_CONTINUITY_EVENT"", ""KNOWN_VERIFIED_EVENT_REQUIRES_EVENT_AWARE_HANDLING""]",[],UNAVAILABLE,KNOWN_VERIFIED_EVENT_REQUIRES_EVENT_AWARE_HANDLING,CONTINUITY_UNKNOWN,"[""TPEX_OFFICIAL_DAILY""]",False
6188,TWO,TWO:6188,508710ab-bf81-41aa-a38a-a23f35b4dc46,2026-08-13,126,True,72.200000000000000000,76.941666666666666666666666666666666666666666666667,True,False,INELIGIBLE,INELIGIBLE,False,KNOWN_EVENT,NO_KNOWN_VERIFIED_BREAKING_EVENT_FOUND,PUBLICATION_BLOCKED,BLOCKED,UNAVAILABLE,12,BELOW_MA60,"[""BELOW_MA60"", ""TECHNICAL_V0_INELIGIBLE""]",[],FORMAL,,CONTINUITY_UNKNOWN,"[""TPEX_OFFICIAL_DAILY""]",False
6204,TWO,TWO:6204,22ff13a6-384a-4908-bf12-cb09bc9f6560,2026-08-13,126,True,86.000000000000000000,94.516666666666666666666666666666666666666666666667,True,False,INELIGIBLE,INELIGIBLE,False,LOOKUP_UNAVAILABLE,EVENT_LOOKUP_UNAVAILABLE,PUBLICATION_BLOCKED,BLOCKED,UNAVAILABLE,14,BELOW_MA60,"[""BELOW_MA60"", ""TECHNICAL_V0_INELIGIBLE""]","[""EVENT_LOOKUP_UNAVAILABLE""]",FORMAL_WITH_LIMITATION,,CONTINUITY_UNKNOWN,"[""TPEX_OFFICIAL_DAILY""]",False
6207,TWO,TWO:6207,b7438f12-c1a1-4da8-99b4-5a3669849b82,2026-08-13,126,True,111.000000000000000000,,False,False,UNAVAILABLE,UNAVAILABLE,False,KNOWN_EVENT,KNOWN_VERIFIED_BREAKING_EVENT_FOUND,PUBLICATION_BLOCKED,BLOCKED,UNAVAILABLE,14,KNOWN_CONTINUITY_EVENT,"[""KNOWN_CONTINUITY_EVENT"", ""KNOWN_VERIFIED_EVENT_REQUIRES_EVENT_AWARE_HANDLING""]",[],UNAVAILABLE,KNOWN_VERIFIED_EVENT_REQUIRES_EVENT_AWARE_HANDLING,CONTINUITY_UNKNOWN,"[""TPEX_OFFICIAL_DAILY""]",False
6223,TWO,TWO:6223,74c0ac50-7f82-4952-af70-c1ae632beffa,2026-08-13,126,True,6495.000000000000000000,,False,False,UNAVAILABLE,UNAVAILABLE,False,KNOWN_EVENT,KNOWN_VERIFIED_BREAKING_EVENT_FOUND,PUBLICATION_BLOCKED,BLOCKED,UNAVAILABLE,14,KNOWN_CONTINUITY_EVENT,"[""KNOWN_CONTINUITY_EVENT"", ""KNOWN_VERIFIED_EVENT_REQUIRES_EVENT_AWARE_HANDLING""]",[],UNAVAILABLE,KNOWN_VERIFIED_EVENT_REQUIRES_EVENT_AWARE_HANDLING,CONTINUITY_UNKNOWN,"[""TPEX_OFFICIAL_DAILY""]",False
6241,TWO,TWO:6241,66798fcc-7e6e-4988-a505-d5af95b7a271,2026-08-13,126,True,14.300000000000000000,14.169166666666666666666666666666666666666666666667,True,True,VALID,ELIGIBLE,True,LOOKUP_UNAVAILABLE,EVENT_LOOKUP_UNAVAILABLE,PUBLICATION_AVAILABLE_WITH_LIMITATION,AVAILABLE_WITH_LIMITATION,FORMAL_WITH_LIMITATION,14,EVENT_LOOKUP_UNAVAILABLE,"[""EVENT_LOOKUP_UNAVAILABLE""]","[""EVENT_LOOKUP_UNAVAILABLE""]",FORMAL_WITH_LIMITATION,,CONTINUITY_UNKNOWN,"[""TPEX_OFFICIAL_DAILY""]",False
6244,TWO,TWO:6244,3f841cb8-514b-4d81-b5d7-f6508befaa0d,2026-08-13,126,True,25.700000000000000000,,False,False,UNAVAILABLE,UNAVAILABLE,False,KNOWN_EVENT,KNOWN_VERIFIED_BREAKING_EVENT_FOUND,PUBLICATION_BLOCKED,BLOCKED,UNAVAILABLE,14,KNOWN_CONTINUITY_EVENT,"[""KNOWN_CONTINUITY_EVENT"", ""KNOWN_VERIFIED_EVENT_REQUIRES_EVENT_AWARE_HANDLING""]",[],UNAVAILABLE,KNOWN_VERIFIED_EVENT_REQUIRES_EVENT_AWARE_HANDLING,CONTINUITY_UNKNOWN,"[""TPEX_OFFICIAL_DAILY""]",False
6259,TWO,TWO:6259,650ed659-975e-4e54-bc61-88604dc18ccc,2026-08-13,126,True,32.000000000000000000,,False,False,UNAVAILABLE,UNAVAILABLE,False,KNOWN_EVENT,KNOWN_VERIFIED_BREAKING_EVENT_FOUND,PUBLICATION_BLOCKED,BLOCKED,UNAVAILABLE,14,KNOWN_CONTINUITY_EVENT,"[""KNOWN_CONTINUITY_EVENT"", ""KNOWN_VERIFIED_EVENT_REQUIRES_EVENT_AWARE_HANDLING""]",[],UNAVAILABLE,KNOWN_VERIFIED_EVENT_REQUIRES_EVENT_AWARE_HANDLING,CONTINUITY_UNKNOWN,"[""TPEX_OFFICIAL_DAILY""]",False
6265,TWO,TWO:6265,ec56d7d9-491f-42e9-90b4-4c611f935e6b,2026-08-13,126,True,58.900000000000000000,52.440000000000000000,True,True,VALID,ELIGIBLE,True,LOOKUP_UNAVAILABLE,EVENT_LOOKUP_UNAVAILABLE,PUBLICATION_AVAILABLE_WITH_LIMITATION,AVAILABLE_WITH_LIMITATION,FORMAL_WITH_LIMITATION,14,EVENT_LOOKUP_UNAVAILABLE,"[""EVENT_LOOKUP_UNAVAILABLE""]","[""EVENT_LOOKUP_UNAVAILABLE""]",FORMAL_WITH_LIMITATION,,CONTINUITY_UNKNOWN,"[""TPEX_OFFICIAL_DAILY""]",False
6270,TWO,TWO:6270,f23dcbcf-1f4c-4592-aa71-29ef9107d30f,2026-08-13,126,True,30.800000000000000000,,False,False,UNAVAILABLE,UNAVAILABLE,False,KNOWN_EVENT,KNOWN_VERIFIED_BREAKING_EVENT_FOUND,PUBLICATION_BLOCKED,BLOCKED,UNAVAILABLE,14,KNOWN_CONTINUITY_EVENT,"[""KNOWN_CONTINUITY_EVENT"", ""KNOWN_VERIFIED_EVENT_REQUIRES_EVENT_AWARE_HANDLING""]",[],UNAVAILABLE,KNOWN_VERIFIED_EVENT_REQUIRES_EVENT_AWARE_HANDLING,CONTINUITY_UNKNOWN,"[""TPEX_OFFICIAL_DAILY""]",False
6274,TWO,TWO:6274,264a29cf-b29f-464b-b291-cc176ce3c892,2026-08-13,126,True,1600.000000000000000000,1500.000000000000000000,True,True,VALID,ELIGIBLE,True,KNOWN_EVENT,NO_KNOWN_VERIFIED_BREAKING_EVENT_FOUND,PUBLICATION_AVAILABLE_WITH_LIMITATION,AVAILABLE_WITH_LIMITATION,FORMAL_WITH_LIMITATION,14,KNOWN_EVENT_HANDLED,"[""KNOWN_EVENT_HANDLED""]","[""KNOWN_EVENT_HANDLED""]",FORMAL,,CONTINUITY_UNKNOWN,"[""TPEX_OFFICIAL_DAILY""]",False
6275,TWO,TWO:6275,422c3626-0048-42b8-bace-e8fcf5425ce1,2026-08-13,126,True,44.200000000000000000,,False,False,UNAVAILABLE,UNAVAILABLE,False,KNOWN_EVENT,KNOWN_VERIFIED_BREAKING_EVENT_FOUND,PUBLICATION_BLOCKED,BLOCKED,UNAVAILABLE,14,KNOWN_CONTINUITY_EVENT,"[""KNOWN_CONTINUITY_EVENT"", ""KNOWN_VERIFIED_EVENT_REQUIRES_EVENT_AWARE_HANDLING""]",[],UNAVAILABLE,KNOWN_VERIFIED_EVENT_REQUIRES_EVENT_AWARE_HANDLING,CONTINUITY_UNKNOWN,"[""TPEX_OFFICIAL_DAILY""]",False
6279,TWO,TWO:6279,792d986e-98a0-493b-89aa-237ca762a81b,2026-08-13,126,True,129.500000000000000000,119.73333333333333333333333333333333333333333333333,True,True,VALID,ELIGIBLE,True,LOOKUP_UNAVAILABLE,EVENT_LOOKUP_UNAVAILABLE,PUBLICATION_AVAILABLE_WITH_LIMITATION,AVAILABLE_WITH_LIMITATION,FORMAL_WITH_LIMITATION,14,EVENT_LOOKUP_UNAVAILABLE,"[""EVENT_LOOKUP_UNAVAILABLE""]","[""EVENT_LOOKUP_UNAVAILABLE""]",FORMAL_WITH_LIMITATION,,CONTINUITY_UNKNOWN,"[""TPEX_OFFICIAL_DAILY""]",False
6291,TWO,TWO:6291,1128c84c-64e6-4225-bff1-726ff8e594ff,2026-08-13,126,True,387.000000000000000000,484.29166666666666666666666666666666666666666666667,True,False,INELIGIBLE,INELIGIBLE,False,KNOWN_EVENT,NO_KNOWN_VERIFIED_BREAKING_EVENT_FOUND,PUBLICATION_BLOCKED,BLOCKED,UNAVAILABLE,14,BELOW_MA60,"[""BELOW_MA60"", ""TECHNICAL_V0_INELIGIBLE""]",[],FORMAL,,CONTINUITY_UNKNOWN,"[""TPEX_OFFICIAL_DAILY""]",False
6419,TWO,TWO:6419,3af3be61-189b-41a7-9842-4493efb8e689,2026-08-13,126,True,167.500000000000000000,141.93333333333333333333333333333333333333333333333,True,True,VALID,ELIGIBLE,True,LOOKUP_UNAVAILABLE,EVENT_LOOKUP_UNAVAILABLE,PUBLICATION_AVAILABLE_WITH_LIMITATION,AVAILABLE_WITH_LIMITATION,FORMAL_WITH_LIMITATION,14,EVENT_LOOKUP_UNAVAILABLE,"[""EVENT_LOOKUP_UNAVAILABLE""]","[""EVENT_LOOKUP_UNAVAILABLE""]",FORMAL_WITH_LIMITATION,,CONTINUITY_UNKNOWN,"[""TPEX_OFFICIAL_DAILY""]",False
6432,TWO,TWO:6432,b25f7ba0-d988-4008-b00a-90aab9f3ea96,2026-08-13,126,True,78.000000000000000000,71.491666666666666666666666666666666666666666666667,True,True,VALID,ELIGIBLE,True,LOOKUP_UNAVAILABLE,EVENT_LOOKUP_UNAVAILABLE,PUBLICATION_AVAILABLE_WITH_LIMITATION,AVAILABLE_WITH_LIMITATION,FORMAL_WITH_LIMITATION,14,EVENT_LOOKUP_UNAVAILABLE,"[""EVENT_LOOKUP_UNAVAILABLE""]","[""EVENT_LOOKUP_UNAVAILABLE""]",FORMAL_WITH_LIMITATION,,CONTINUITY_UNKNOWN,"[""TPEX_OFFICIAL_DAILY""]",False
6435,TWO,TWO:6435,a5a8968f-a040-40a3-97b9-45b857d49d74,2026-08-13,126,True,276.500000000000000000,,False,False,UNAVAILABLE,UNAVAILABLE,False,KNOWN_EVENT,KNOWN_VERIFIED_BREAKING_EVENT_FOUND,PUBLICATION_BLOCKED,BLOCKED,UNAVAILABLE,14,KNOWN_CONTINUITY_EVENT,"[""KNOWN_CONTINUITY_EVENT"", ""KNOWN_VERIFIED_EVENT_REQUIRES_EVENT_AWARE_HANDLING""]",[],UNAVAILABLE,KNOWN_VERIFIED_EVENT_REQUIRES_EVENT_AWARE_HANDLING,CONTINUITY_UNKNOWN,"[""TPEX_OFFICIAL_DAILY""]",False
6462,TWO,TWO:6462,ceeb6a15-6cef-4153-84c0-3bc87db9c191,2026-08-13,126,True,101.000000000000000000,112.30333333333333333333333333333333333333333333333,True,False,INELIGIBLE,INELIGIBLE,False,LOOKUP_UNAVAILABLE,EVENT_LOOKUP_UNAVAILABLE,PUBLICATION_BLOCKED,BLOCKED,UNAVAILABLE,14,BELOW_MA60,"[""BELOW_MA60"", ""TECHNICAL_V0_INELIGIBLE""]","[""EVENT_LOOKUP_UNAVAILABLE""]",FORMAL_WITH_LIMITATION,,CONTINUITY_UNKNOWN,"[""TPEX_OFFICIAL_DAILY""]",False
6488,TWO,TWO:6488,2417f16c-932f-447f-94cf-8a93330e15ae,2026-08-13,126,True,1025.000000000000000000,,False,False,UNAVAILABLE,UNAVAILABLE,False,KNOWN_EVENT,KNOWN_VERIFIED_BREAKING_EVENT_FOUND,PUBLICATION_BLOCKED,BLOCKED,UNAVAILABLE,14,KNOWN_CONTINUITY_EVENT,"[""KNOWN_CONTINUITY_EVENT"", ""KNOWN_VERIFIED_EVENT_REQUIRES_EVENT_AWARE_HANDLING""]",[],UNAVAILABLE,KNOWN_VERIFIED_EVENT_REQUIRES_EVENT_AWARE_HANDLING,CONTINUITY_UNKNOWN,"[""TPEX_OFFICIAL_DAILY""]",False
6510,TWO,TWO:6510,f5eedabc-6fe0-411d-a02b-9fcabea9d819,2026-08-13,126,True,2820.000000000000000000,,False,False,UNAVAILABLE,UNAVAILABLE,False,KNOWN_EVENT,KNOWN_VERIFIED_BREAKING_EVENT_FOUND,PUBLICATION_BLOCKED,BLOCKED,UNAVAILABLE,14,KNOWN_CONTINUITY_EVENT,"[""KNOWN_CONTINUITY_EVENT"", ""KNOWN_VERIFIED_EVENT_REQUIRES_EVENT_AWARE_HANDLING""]",[],UNAVAILABLE,KNOWN_VERIFIED_EVENT_REQUIRES_EVENT_AWARE_HANDLING,CONTINUITY_UNKNOWN,"[""TPEX_OFFICIAL_DAILY""]",False
6517,TWO,TWO:6517,cbfa7fc2-3a7e-4c22-b482-a5736295f5cf,2026-08-13,126,True,63.700000000000000000,,False,False,UNAVAILABLE,UNAVAILABLE,False,KNOWN_EVENT,KNOWN_VERIFIED_BREAKING_EVENT_FOUND,PUBLICATION_BLOCKED,BLOCKED,UNAVAILABLE,14,KNOWN_CONTINUITY_EVENT,"[""KNOWN_CONTINUITY_EVENT"", ""KNOWN_VERIFIED_EVENT_REQUIRES_EVENT_AWARE_HANDLING""]",[],UNAVAILABLE,KNOWN_VERIFIED_EVENT_REQUIRES_EVENT_AWARE_HANDLING,CONTINUITY_UNKNOWN,"[""TPEX_OFFICIAL_DAILY""]",False
6530,TWO,TWO:6530,df6aa862-dec4-4433-8770-b65a2932ea03,2026-08-13,126,True,85.800000000000000000,,False,False,UNAVAILABLE,UNAVAILABLE,False,KNOWN_EVENT,KNOWN_VERIFIED_BREAKING_EVENT_FOUND,PUBLICATION_BLOCKED,BLOCKED,UNAVAILABLE,14,KNOWN_CONTINUITY_EVENT,"[""KNOWN_CONTINUITY_EVENT"", ""KNOWN_VERIFIED_EVENT_REQUIRES_EVENT_AWARE_HANDLING""]",[],UNAVAILABLE,KNOWN_VERIFIED_EVENT_REQUIRES_EVENT_AWARE_HANDLING,CONTINUITY_UNKNOWN,"[""TPEX_OFFICIAL_DAILY""]",False
6538,TWO,TWO:6538,0bd3faab-822f-48e2-9cac-c80bc9493003,2026-08-13,126,True,177.500000000000000000,,False,False,UNAVAILABLE,UNAVAILABLE,False,KNOWN_EVENT,KNOWN_VERIFIED_BREAKING_EVENT_FOUND,PUBLICATION_BLOCKED,BLOCKED,UNAVAILABLE,14,KNOWN_CONTINUITY_EVENT,"[""KNOWN_CONTINUITY_EVENT"", ""KNOWN_VERIFIED_EVENT_REQUIRES_EVENT_AWARE_HANDLING""]",[],UNAVAILABLE,KNOWN_VERIFIED_EVENT_REQUIRES_EVENT_AWARE_HANDLING,CONTINUITY_UNKNOWN,"[""TPEX_OFFICIAL_DAILY""]",False
6548,TWO,TWO:6548,c3843c8c-f5c2-4cd4-bb16-134bf9de8e0d,2026-08-13,126,True,74.500000000000000000,,False,False,UNAVAILABLE,UNAVAILABLE,False,KNOWN_EVENT,KNOWN_VERIFIED_BREAKING_EVENT_FOUND,PUBLICATION_BLOCKED,BLOCKED,UNAVAILABLE,11,KNOWN_CONTINUITY_EVENT,"[""KNOWN_CONTINUITY_EVENT"", ""KNOWN_VERIFIED_EVENT_REQUIRES_EVENT_AWARE_HANDLING""]",[],UNAVAILABLE,KNOWN_VERIFIED_EVENT_REQUIRES_EVENT_AWARE_HANDLING,CONTINUITY_UNKNOWN,"[""TPEX_OFFICIAL_DAILY""]",False
6570,TWO,TWO:6570,8c2c13cd-b73a-4161-94c0-6d9ca81cddb7,2026-08-13,126,True,57.300000000000000000,,False,False,UNAVAILABLE,UNAVAILABLE,False,KNOWN_EVENT,KNOWN_VERIFIED_BREAKING_EVENT_FOUND,PUBLICATION_BLOCKED,BLOCKED,UNAVAILABLE,14,KNOWN_CONTINUITY_EVENT,"[""KNOWN_CONTINUITY_EVENT"", ""KNOWN_VERIFIED_EVENT_REQUIRES_EVENT_AWARE_HANDLING""]",[],UNAVAILABLE,KNOWN_VERIFIED_EVENT_REQUIRES_EVENT_AWARE_HANDLING,CONTINUITY_UNKNOWN,"[""TPEX_OFFICIAL_DAILY""]",False
6588,TWO,TWO:6588,660ca365-1ea6-4848-9f47-418833e9ce22,2026-08-13,126,True,93.700000000000000000,96.306666666666666666666666666666666666666666666667,True,False,INELIGIBLE,INELIGIBLE,False,LOOKUP_UNAVAILABLE,EVENT_LOOKUP_UNAVAILABLE,PUBLICATION_BLOCKED,BLOCKED,UNAVAILABLE,14,BELOW_MA60,"[""BELOW_MA60"", ""TECHNICAL_V0_INELIGIBLE""]","[""EVENT_LOOKUP_UNAVAILABLE""]",FORMAL_WITH_LIMITATION,,CONTINUITY_UNKNOWN,"[""TPEX_OFFICIAL_DAILY""]",False
6603,TWO,TWO:6603,6c8438dd-7aee-4bfe-9a6b-90dfbae179f1,2026-08-13,126,True,28.850000000000000000,24.445833333333333333333333333333333333333333333333,True,True,VALID,ELIGIBLE,True,LOOKUP_UNAVAILABLE,EVENT_LOOKUP_UNAVAILABLE,PUBLICATION_AVAILABLE_WITH_LIMITATION,AVAILABLE_WITH_LIMITATION,FORMAL_WITH_LIMITATION,14,EVENT_LOOKUP_UNAVAILABLE,"[""EVENT_LOOKUP_UNAVAILABLE""]","[""EVENT_LOOKUP_UNAVAILABLE""]",FORMAL_WITH_LIMITATION,,CONTINUITY_UNKNOWN,"[""TPEX_OFFICIAL_DAILY""]",False
6613,TWO,TWO:6613,46ea792b-f376-4f1a-8c6a-8434920f42a1,2026-08-13,126,True,270.500000000000000000,,False,False,UNAVAILABLE,UNAVAILABLE,False,KNOWN_EVENT,KNOWN_VERIFIED_BREAKING_EVENT_FOUND,PUBLICATION_BLOCKED,BLOCKED,UNAVAILABLE,14,KNOWN_CONTINUITY_EVENT,"[""KNOWN_CONTINUITY_EVENT"", ""KNOWN_VERIFIED_EVENT_REQUIRES_EVENT_AWARE_HANDLING""]",[],UNAVAILABLE,KNOWN_VERIFIED_EVENT_REQUIRES_EVENT_AWARE_HANDLING,CONTINUITY_UNKNOWN,"[""TPEX_OFFICIAL_DAILY""]",False
6640,TWO,TWO:6640,cc3d7029-9b3f-41e8-a7fc-fb486c09008d,2026-08-13,126,True,995.000000000000000000,,False,False,UNAVAILABLE,UNAVAILABLE,False,KNOWN_EVENT,KNOWN_VERIFIED_BREAKING_EVENT_FOUND,PUBLICATION_BLOCKED,BLOCKED,UNAVAILABLE,14,KNOWN_CONTINUITY_EVENT,"[""KNOWN_CONTINUITY_EVENT"", ""KNOWN_VERIFIED_EVENT_REQUIRES_EVENT_AWARE_HANDLING""]",[],UNAVAILABLE,KNOWN_VERIFIED_EVENT_REQUIRES_EVENT_AWARE_HANDLING,CONTINUITY_UNKNOWN,"[""TPEX_OFFICIAL_DAILY""]",False
6642,TWO,TWO:6642,dca85a86-3142-408d-8b60-c98708196166,2026-08-13,126,True,86.700000000000000000,81.663333333333333333333333333333333333333333333333,True,True,VALID,ELIGIBLE,True,KNOWN_EVENT,NO_KNOWN_VERIFIED_BREAKING_EVENT_FOUND,PUBLICATION_AVAILABLE_WITH_LIMITATION,AVAILABLE_WITH_LIMITATION,FORMAL_WITH_LIMITATION,12,KNOWN_EVENT_HANDLED,"[""KNOWN_EVENT_HANDLED""]","[""KNOWN_EVENT_HANDLED""]",FORMAL,,CONTINUITY_UNKNOWN,"[""TPEX_OFFICIAL_DAILY""]",False
6643,TWO,TWO:6643,e8cb7570-07fa-49ac-abae-89da8752331c,2026-08-13,126,True,447.500000000000000000,,False,False,UNAVAILABLE,UNAVAILABLE,False,KNOWN_EVENT,KNOWN_VERIFIED_BREAKING_EVENT_FOUND,PUBLICATION_BLOCKED,BLOCKED,UNAVAILABLE,14,KNOWN_CONTINUITY_EVENT,"[""KNOWN_CONTINUITY_EVENT"", ""KNOWN_VERIFIED_EVENT_REQUIRES_EVENT_AWARE_HANDLING""]",[],UNAVAILABLE,KNOWN_VERIFIED_EVENT_REQUIRES_EVENT_AWARE_HANDLING,CONTINUITY_UNKNOWN,"[""TPEX_OFFICIAL_DAILY""]",False
6651,TWO,TWO:6651,51f44642-109e-4d60-aa6e-d240800c3b6b,2026-08-13,126,True,142.000000000000000000,137.925000000000000000,True,True,VALID,ELIGIBLE,True,KNOWN_EVENT,NO_KNOWN_VERIFIED_BREAKING_EVENT_FOUND,PUBLICATION_AVAILABLE_WITH_LIMITATION,AVAILABLE_WITH_LIMITATION,FORMAL_WITH_LIMITATION,12,KNOWN_EVENT_HANDLED,"[""KNOWN_EVENT_HANDLED""]","[""KNOWN_EVENT_HANDLED""]",FORMAL,,CONTINUITY_UNKNOWN,"[""TPEX_OFFICIAL_DAILY""]",False
6654,TWO,TWO:6654,1f3b09d5-02af-441c-b9fd-bf4d478d7922,2026-08-13,125,True,181.000000000000000000,171.99333333333333333333333333333333333333333333333,True,True,VALID,ELIGIBLE,True,LOOKUP_UNAVAILABLE,EVENT_LOOKUP_UNAVAILABLE,PUBLICATION_AVAILABLE_WITH_LIMITATION,AVAILABLE_WITH_LIMITATION,FORMAL_WITH_LIMITATION,14,EVENT_LOOKUP_UNAVAILABLE,"[""EVENT_LOOKUP_UNAVAILABLE""]","[""EVENT_LOOKUP_UNAVAILABLE""]",FORMAL_WITH_LIMITATION,,CONTINUITY_UNKNOWN,"[""TPEX_OFFICIAL_DAILY""]",False
6667,TWO,TWO:6667,d05ec772-e2aa-4920-95a3-6216e3c35184,2026-08-13,126,True,225.500000000000000000,,False,False,UNAVAILABLE,UNAVAILABLE,False,KNOWN_EVENT,KNOWN_VERIFIED_BREAKING_EVENT_FOUND,PUBLICATION_BLOCKED,BLOCKED,UNAVAILABLE,14,KNOWN_CONTINUITY_EVENT,"[""KNOWN_CONTINUITY_EVENT"", ""KNOWN_VERIFIED_EVENT_REQUIRES_EVENT_AWARE_HANDLING""]",[],UNAVAILABLE,KNOWN_VERIFIED_EVENT_REQUIRES_EVENT_AWARE_HANDLING,CONTINUITY_UNKNOWN,"[""TPEX_OFFICIAL_DAILY""]",False
6683,TWO,TWO:6683,9cc5fdaa-58ef-4084-baf8-256566177012,2026-08-13,126,True,1395.000000000000000000,,False,False,UNAVAILABLE,UNAVAILABLE,False,KNOWN_EVENT,KNOWN_VERIFIED_BREAKING_EVENT_FOUND,PUBLICATION_BLOCKED,BLOCKED,UNAVAILABLE,14,KNOWN_CONTINUITY_EVENT,"[""KNOWN_CONTINUITY_EVENT"", ""KNOWN_VERIFIED_EVENT_REQUIRES_EVENT_AWARE_HANDLING""]",[],UNAVAILABLE,KNOWN_VERIFIED_EVENT_REQUIRES_EVENT_AWARE_HANDLING,CONTINUITY_UNKNOWN,"[""TPEX_OFFICIAL_DAILY""]",False
6684,TWO,TWO:6684,a0797654-9771-4804-9aff-2d6a3ec02afa,2026-08-13,126,True,49.950000000000000000,50.808333333333333333333333333333333333333333333333,True,False,INELIGIBLE,INELIGIBLE,False,LOOKUP_UNAVAILABLE,EVENT_LOOKUP_UNAVAILABLE,PUBLICATION_BLOCKED,BLOCKED,UNAVAILABLE,14,BELOW_MA60,"[""BELOW_MA60"", ""TECHNICAL_V0_INELIGIBLE""]","[""EVENT_LOOKUP_UNAVAILABLE""]",FORMAL_WITH_LIMITATION,,CONTINUITY_UNKNOWN,"[""TPEX_OFFICIAL_DAILY""]",False
6690,TWO,TWO:6690,2d21be3b-c61a-40e8-9f0c-ec5ed400bc67,2026-08-13,126,True,168.000000000000000000,,False,False,UNAVAILABLE,UNAVAILABLE,False,KNOWN_EVENT,KNOWN_VERIFIED_BREAKING_EVENT_FOUND,PUBLICATION_BLOCKED,BLOCKED,UNAVAILABLE,14,KNOWN_CONTINUITY_EVENT,"[""KNOWN_CONTINUITY_EVENT"", ""KNOWN_VERIFIED_EVENT_REQUIRES_EVENT_AWARE_HANDLING""]",[],UNAVAILABLE,KNOWN_VERIFIED_EVENT_REQUIRES_EVENT_AWARE_HANDLING,CONTINUITY_UNKNOWN,"[""TPEX_OFFICIAL_DAILY""]",False
6693,TWO,TWO:6693,ebcaa9f3-b347-44bb-9e88-5927e0c60595,2026-08-13,126,True,185.000000000000000000,,False,False,UNAVAILABLE,UNAVAILABLE,False,KNOWN_EVENT,KNOWN_VERIFIED_BREAKING_EVENT_FOUND,PUBLICATION_BLOCKED,BLOCKED,UNAVAILABLE,14,KNOWN_CONTINUITY_EVENT,"[""KNOWN_CONTINUITY_EVENT"", ""KNOWN_VERIFIED_EVENT_REQUIRES_EVENT_AWARE_HANDLING""]",[],UNAVAILABLE,KNOWN_VERIFIED_EVENT_REQUIRES_EVENT_AWARE_HANDLING,CONTINUITY_UNKNOWN,"[""TPEX_OFFICIAL_DAILY""]",False
6727,TWO,TWO:6727,d0f3d517-8e31-40cc-a1d7-cd592dacc01c,2026-08-13,126,True,393.000000000000000000,,False,False,UNAVAILABLE,UNAVAILABLE,False,KNOWN_EVENT,KNOWN_VERIFIED_BREAKING_EVENT_FOUND,PUBLICATION_BLOCKED,BLOCKED,UNAVAILABLE,14,KNOWN_CONTINUITY_EVENT,"[""KNOWN_CONTINUITY_EVENT"", ""KNOWN_VERIFIED_EVENT_REQUIRES_EVENT_AWARE_HANDLING""]",[],UNAVAILABLE,KNOWN_VERIFIED_EVENT_REQUIRES_EVENT_AWARE_HANDLING,CONTINUITY_UNKNOWN,"[""TPEX_OFFICIAL_DAILY""]",False
6752,TWO,TWO:6752,8bf34519-950c-4403-bf14-0d6852732c2b,2026-08-13,126,True,101.000000000000000000,99.908333333333333333333333333333333333333333333333,True,True,VALID,ELIGIBLE,True,KNOWN_EVENT,NO_KNOWN_VERIFIED_BREAKING_EVENT_FOUND,PUBLICATION_AVAILABLE_WITH_LIMITATION,AVAILABLE_WITH_LIMITATION,FORMAL_WITH_LIMITATION,12,KNOWN_EVENT_HANDLED,"[""KNOWN_EVENT_HANDLED""]","[""KNOWN_EVENT_HANDLED""]",FORMAL,,CONTINUITY_UNKNOWN,"[""TPEX_OFFICIAL_DAILY""]",False
6803,TWO,TWO:6803,935b678a-8271-45ea-85a3-e8128c9ef5b2,2026-08-13,126,True,268.500000000000000000,,False,False,UNAVAILABLE,UNAVAILABLE,False,KNOWN_EVENT,KNOWN_VERIFIED_BREAKING_EVENT_FOUND,PUBLICATION_BLOCKED,BLOCKED,UNAVAILABLE,14,KNOWN_CONTINUITY_EVENT,"[""KNOWN_CONTINUITY_EVENT"", ""KNOWN_VERIFIED_EVENT_REQUIRES_EVENT_AWARE_HANDLING""]",[],UNAVAILABLE,KNOWN_VERIFIED_EVENT_REQUIRES_EVENT_AWARE_HANDLING,CONTINUITY_UNKNOWN,"[""TPEX_OFFICIAL_DAILY""]",False
6821,TWO,TWO:6821,bc2ab259-765e-43e1-847f-5286bfc137a1,2026-08-13,126,True,43.000000000000000000,55.353333333333333333333333333333333333333333333333,True,False,INELIGIBLE,INELIGIBLE,False,KNOWN_EVENT,NO_KNOWN_VERIFIED_BREAKING_EVENT_FOUND,PUBLICATION_BLOCKED,BLOCKED,UNAVAILABLE,14,BELOW_MA60,"[""BELOW_MA60"", ""TECHNICAL_V0_INELIGIBLE""]",[],FORMAL,,CONTINUITY_UNKNOWN,"[""TPEX_OFFICIAL_DAILY""]",False
6829,TWO,TWO:6829,48040d4a-7944-4c06-9b06-712647d00f2f,2026-08-13,126,True,222.000000000000000000,,False,False,UNAVAILABLE,UNAVAILABLE,False,KNOWN_EVENT,KNOWN_VERIFIED_BREAKING_EVENT_FOUND,PUBLICATION_BLOCKED,BLOCKED,UNAVAILABLE,14,KNOWN_CONTINUITY_EVENT,"[""KNOWN_CONTINUITY_EVENT"", ""KNOWN_VERIFIED_EVENT_REQUIRES_EVENT_AWARE_HANDLING""]",[],UNAVAILABLE,KNOWN_VERIFIED_EVENT_REQUIRES_EVENT_AWARE_HANDLING,CONTINUITY_UNKNOWN,"[""TPEX_OFFICIAL_DAILY""]",False
6870,TWO,TWO:6870,d5a44ba7-e02a-4178-83ec-92b9cca68620,2026-08-13,126,True,261.500000000000000000,,False,False,UNAVAILABLE,UNAVAILABLE,False,KNOWN_EVENT,KNOWN_VERIFIED_BREAKING_EVENT_FOUND,PUBLICATION_BLOCKED,BLOCKED,UNAVAILABLE,14,KNOWN_CONTINUITY_EVENT,"[""KNOWN_CONTINUITY_EVENT"", ""KNOWN_VERIFIED_EVENT_REQUIRES_EVENT_AWARE_HANDLING""]",[],UNAVAILABLE,KNOWN_VERIFIED_EVENT_REQUIRES_EVENT_AWARE_HANDLING,CONTINUITY_UNKNOWN,"[""TPEX_OFFICIAL_DAILY""]",False
6903,TWO,TWO:6903,6c6dc798-5557-44d1-b003-e52d9c3d49e1,2026-08-13,126,True,320.500000000000000000,,False,False,UNAVAILABLE,UNAVAILABLE,False,KNOWN_EVENT,KNOWN_VERIFIED_BREAKING_EVENT_FOUND,PUBLICATION_BLOCKED,BLOCKED,UNAVAILABLE,14,KNOWN_CONTINUITY_EVENT,"[""KNOWN_CONTINUITY_EVENT"", ""KNOWN_VERIFIED_EVENT_REQUIRES_EVENT_AWARE_HANDLING""]",[],UNAVAILABLE,KNOWN_VERIFIED_EVENT_REQUIRES_EVENT_AWARE_HANDLING,CONTINUITY_UNKNOWN,"[""TPEX_OFFICIAL_DAILY""]",False
7402,TWO,TWO:7402,3e1c36f0-38be-4d2f-a055-8ae2ae68e0a3,2026-08-13,126,True,105.000000000000000000,,False,False,UNAVAILABLE,UNAVAILABLE,False,KNOWN_EVENT,KNOWN_VERIFIED_BREAKING_EVENT_FOUND,PUBLICATION_BLOCKED,BLOCKED,UNAVAILABLE,14,KNOWN_CONTINUITY_EVENT,"[""KNOWN_CONTINUITY_EVENT"", ""KNOWN_VERIFIED_EVENT_REQUIRES_EVENT_AWARE_HANDLING""]",[],UNAVAILABLE,KNOWN_VERIFIED_EVENT_REQUIRES_EVENT_AWARE_HANDLING,CONTINUITY_UNKNOWN,"[""TPEX_OFFICIAL_DAILY""]",False
7709,TWO,TWO:7709,80bac068-a2b0-4478-b41f-4dc5f2f04506,2026-08-13,126,True,72.600000000000000000,,False,False,UNAVAILABLE,UNAVAILABLE,False,KNOWN_EVENT,KNOWN_VERIFIED_BREAKING_EVENT_FOUND,PUBLICATION_BLOCKED,BLOCKED,UNAVAILABLE,14,KNOWN_CONTINUITY_EVENT,"[""KNOWN_CONTINUITY_EVENT"", ""KNOWN_VERIFIED_EVENT_REQUIRES_EVENT_AWARE_HANDLING""]",[],UNAVAILABLE,KNOWN_VERIFIED_EVENT_REQUIRES_EVENT_AWARE_HANDLING,CONTINUITY_UNKNOWN,"[""TPEX_OFFICIAL_DAILY""]",False
7714,TWO,TWO:7714,735f45ec-6946-4015-bd29-dc4900ab4383,2026-08-13,126,True,157.000000000000000000,146.10833333333333333333333333333333333333333333333,True,True,VALID,ELIGIBLE,True,KNOWN_EVENT,NO_KNOWN_VERIFIED_BREAKING_EVENT_FOUND,PUBLICATION_AVAILABLE_WITH_LIMITATION,AVAILABLE_WITH_LIMITATION,FORMAL_WITH_LIMITATION,14,KNOWN_EVENT_HANDLED,"[""KNOWN_EVENT_HANDLED""]","[""KNOWN_EVENT_HANDLED""]",FORMAL,,CONTINUITY_UNKNOWN,"[""TPEX_OFFICIAL_DAILY""]",False
7734,TWO,TWO:7734,c883327b-b239-4501-9023-9da7d8956678,2026-08-13,126,True,3250.000000000000000000,,False,False,UNAVAILABLE,UNAVAILABLE,False,KNOWN_EVENT,KNOWN_VERIFIED_BREAKING_EVENT_FOUND,PUBLICATION_BLOCKED,BLOCKED,UNAVAILABLE,14,KNOWN_CONTINUITY_EVENT,"[""KNOWN_CONTINUITY_EVENT"", ""KNOWN_VERIFIED_EVENT_REQUIRES_EVENT_AWARE_HANDLING""]",[],UNAVAILABLE,KNOWN_VERIFIED_EVENT_REQUIRES_EVENT_AWARE_HANDLING,CONTINUITY_UNKNOWN,"[""TPEX_OFFICIAL_DAILY""]",False
7777,TWO,TWO:7777,d64df4ab-01e9-4c15-a240-83703791fdcc,2026-08-13,126,True,40.050000000000000000,,False,False,UNAVAILABLE,UNAVAILABLE,False,KNOWN_EVENT,KNOWN_VERIFIED_BREAKING_EVENT_FOUND,PUBLICATION_BLOCKED,BLOCKED,UNAVAILABLE,14,KNOWN_CONTINUITY_EVENT,"[""KNOWN_CONTINUITY_EVENT"", ""KNOWN_VERIFIED_EVENT_REQUIRES_EVENT_AWARE_HANDLING""]",[],UNAVAILABLE,KNOWN_VERIFIED_EVENT_REQUIRES_EVENT_AWARE_HANDLING,CONTINUITY_UNKNOWN,"[""TPEX_OFFICIAL_DAILY""]",False
8024,TWO,TWO:8024,cf898a09-66f8-406b-b861-3f0b97601e10,2026-08-13,126,True,13.750000000000000000,14.181666666666666666666666666666666666666666666667,True,False,INELIGIBLE,INELIGIBLE,False,LOOKUP_UNAVAILABLE,EVENT_LOOKUP_UNAVAILABLE,PUBLICATION_BLOCKED,BLOCKED,UNAVAILABLE,14,BELOW_MA60,"[""BELOW_MA60"", ""TECHNICAL_V0_INELIGIBLE""]","[""EVENT_LOOKUP_UNAVAILABLE""]",FORMAL_WITH_LIMITATION,,CONTINUITY_UNKNOWN,"[""TPEX_OFFICIAL_DAILY""]",False
8027,TWO,TWO:8027,f0a8b4ee-42f4-49f1-a329-79f96cd33f6d,2026-08-13,126,True,190.000000000000000000,224.200000000000000000,True,False,INELIGIBLE,INELIGIBLE,False,LOOKUP_UNAVAILABLE,EVENT_LOOKUP_UNAVAILABLE,PUBLICATION_BLOCKED,BLOCKED,UNAVAILABLE,14,BELOW_MA60,"[""BELOW_MA60"", ""TECHNICAL_V0_INELIGIBLE""]","[""EVENT_LOOKUP_UNAVAILABLE""]",FORMAL_WITH_LIMITATION,,CONTINUITY_UNKNOWN,"[""TPEX_OFFICIAL_DAILY""]",False
8038,TWO,TWO:8038,d5e2af0a-5f1d-496d-8b50-23b9cfb50981,2026-08-13,126,True,32.000000000000000000,38.395000000000000000,True,False,INELIGIBLE,INELIGIBLE,False,LOOKUP_UNAVAILABLE,EVENT_LOOKUP_UNAVAILABLE,PUBLICATION_BLOCKED,BLOCKED,UNAVAILABLE,14,BELOW_MA60,"[""BELOW_MA60"", ""TECHNICAL_V0_INELIGIBLE""]","[""EVENT_LOOKUP_UNAVAILABLE""]",FORMAL_WITH_LIMITATION,,CONTINUITY_UNKNOWN,"[""TPEX_OFFICIAL_DAILY""]",False
8040,TWO,TWO:8040,c5df4455-0207-4c90-a818-802002e14531,2026-08-13,126,True,74.200000000000000000,92.335000000000000000,True,False,INELIGIBLE,INELIGIBLE,False,LOOKUP_UNAVAILABLE,EVENT_LOOKUP_UNAVAILABLE,PUBLICATION_BLOCKED,BLOCKED,UNAVAILABLE,14,BELOW_MA60,"[""BELOW_MA60"", ""TECHNICAL_V0_INELIGIBLE""]","[""EVENT_LOOKUP_UNAVAILABLE""]",FORMAL_WITH_LIMITATION,,CONTINUITY_UNKNOWN,"[""TPEX_OFFICIAL_DAILY""]",False
8042,TWO,TWO:8042,bd2c5315-ae95-4c15-ba1c-eb51cc1a2bfa,2026-08-13,126,True,116.500000000000000000,,False,False,UNAVAILABLE,UNAVAILABLE,False,KNOWN_EVENT,KNOWN_VERIFIED_BREAKING_EVENT_FOUND,PUBLICATION_BLOCKED,BLOCKED,UNAVAILABLE,14,KNOWN_CONTINUITY_EVENT,"[""KNOWN_CONTINUITY_EVENT"", ""KNOWN_VERIFIED_EVENT_REQUIRES_EVENT_AWARE_HANDLING""]",[],UNAVAILABLE,KNOWN_VERIFIED_EVENT_REQUIRES_EVENT_AWARE_HANDLING,CONTINUITY_UNKNOWN,"[""TPEX_OFFICIAL_DAILY""]",False
8043,TWO,TWO:8043,7a2c0010-ffc0-4263-b48e-686d2de4e981,2026-08-13,126,True,154.000000000000000000,161.18333333333333333333333333333333333333333333333,True,False,INELIGIBLE,INELIGIBLE,False,LOOKUP_UNAVAILABLE,EVENT_LOOKUP_UNAVAILABLE,PUBLICATION_BLOCKED,BLOCKED,UNAVAILABLE,14,BELOW_MA60,"[""BELOW_MA60"", ""TECHNICAL_V0_INELIGIBLE""]","[""EVENT_LOOKUP_UNAVAILABLE""]",FORMAL_WITH_LIMITATION,,CONTINUITY_UNKNOWN,"[""TPEX_OFFICIAL_DAILY""]",False
8048,TWO,TWO:8048,a2141e7e-e471-4a23-9ff1-bdb3b8ff0706,2026-08-13,126,True,52.400000000000000000,,False,False,UNAVAILABLE,UNAVAILABLE,False,KNOWN_EVENT,KNOWN_VERIFIED_BREAKING_EVENT_FOUND,PUBLICATION_BLOCKED,BLOCKED,UNAVAILABLE,14,KNOWN_CONTINUITY_EVENT,"[""KNOWN_CONTINUITY_EVENT"", ""KNOWN_VERIFIED_EVENT_REQUIRES_EVENT_AWARE_HANDLING""]",[],UNAVAILABLE,KNOWN_VERIFIED_EVENT_REQUIRES_EVENT_AWARE_HANDLING,CONTINUITY_UNKNOWN,"[""TPEX_OFFICIAL_DAILY""]",False
8054,TWO,TWO:8054,3611ee53-bc2b-4582-92ed-e81dfbea0541,2026-08-13,126,True,84.800000000000000000,,False,False,UNAVAILABLE,UNAVAILABLE,False,KNOWN_EVENT,KNOWN_VERIFIED_BREAKING_EVENT_FOUND,PUBLICATION_BLOCKED,BLOCKED,UNAVAILABLE,14,KNOWN_CONTINUITY_EVENT,"[""KNOWN_CONTINUITY_EVENT"", ""KNOWN_VERIFIED_EVENT_REQUIRES_EVENT_AWARE_HANDLING""]",[],UNAVAILABLE,KNOWN_VERIFIED_EVENT_REQUIRES_EVENT_AWARE_HANDLING,CONTINUITY_UNKNOWN,"[""TPEX_OFFICIAL_DAILY""]",False
8064,TWO,TWO:8064,f77c12f5-aeac-49ba-ae45-d0780cdccf3a,2026-08-13,126,True,105.500000000000000000,,False,False,UNAVAILABLE,UNAVAILABLE,False,KNOWN_EVENT,KNOWN_VERIFIED_BREAKING_EVENT_FOUND,PUBLICATION_BLOCKED,BLOCKED,UNAVAILABLE,14,KNOWN_CONTINUITY_EVENT,"[""KNOWN_CONTINUITY_EVENT"", ""KNOWN_VERIFIED_EVENT_REQUIRES_EVENT_AWARE_HANDLING""]",[],UNAVAILABLE,KNOWN_VERIFIED_EVENT_REQUIRES_EVENT_AWARE_HANDLING,CONTINUITY_UNKNOWN,"[""TPEX_OFFICIAL_DAILY""]",False
8069,TWO,TWO:8069,db5b2bba-919c-4e96-b378-44bcc488d5ef,2026-08-13,126,True,171.000000000000000000,,False,False,UNAVAILABLE,UNAVAILABLE,False,KNOWN_EVENT,KNOWN_VERIFIED_BREAKING_EVENT_FOUND,PUBLICATION_BLOCKED,BLOCKED,UNAVAILABLE,14,KNOWN_CONTINUITY_EVENT,"[""KNOWN_CONTINUITY_EVENT"", ""KNOWN_VERIFIED_EVENT_REQUIRES_EVENT_AWARE_HANDLING""]",[],UNAVAILABLE,KNOWN_VERIFIED_EVENT_REQUIRES_EVENT_AWARE_HANDLING,CONTINUITY_UNKNOWN,"[""TPEX_OFFICIAL_DAILY""]",False
8071,TWO,TWO:8071,c6a9462e-f501-4b44-bc7c-305012047c13,2026-08-13,126,True,25.150000000000000000,25.035833333333333333333333333333333333333333333333,True,True,VALID,ELIGIBLE,True,LOOKUP_UNAVAILABLE,EVENT_LOOKUP_UNAVAILABLE,PUBLICATION_AVAILABLE_WITH_LIMITATION,AVAILABLE_WITH_LIMITATION,FORMAL_WITH_LIMITATION,14,EVENT_LOOKUP_UNAVAILABLE,"[""EVENT_LOOKUP_UNAVAILABLE""]","[""EVENT_LOOKUP_UNAVAILABLE""]",FORMAL_WITH_LIMITATION,,CONTINUITY_UNKNOWN,"[""TPEX_OFFICIAL_DAILY""]",False
8074,TWO,TWO:8074,15e2058a-d484-4e52-bfff-45a98cb4cb80,2026-08-13,126,True,56.500000000000000000,65.360000000000000000,True,False,INELIGIBLE,INELIGIBLE,False,KNOWN_EVENT,NO_KNOWN_VERIFIED_BREAKING_EVENT_FOUND,PUBLICATION_BLOCKED,BLOCKED,UNAVAILABLE,14,BELOW_MA60,"[""BELOW_MA60"", ""TECHNICAL_V0_INELIGIBLE""]",[],FORMAL,,CONTINUITY_UNKNOWN,"[""TPEX_OFFICIAL_DAILY""]",False
8076,TWO,TWO:8076,24198fee-975c-448c-bcbd-78a4c903f3da,2026-08-13,126,True,23.700000000000000000,24.667500000000000000,True,False,INELIGIBLE,INELIGIBLE,False,LOOKUP_UNAVAILABLE,EVENT_LOOKUP_UNAVAILABLE,PUBLICATION_BLOCKED,BLOCKED,UNAVAILABLE,14,BELOW_MA60,"[""BELOW_MA60"", ""TECHNICAL_V0_INELIGIBLE""]","[""EVENT_LOOKUP_UNAVAILABLE""]",FORMAL_WITH_LIMITATION,,CONTINUITY_UNKNOWN,"[""TPEX_OFFICIAL_DAILY""]",False
8088,TWO,TWO:8088,bade8a90-9a46-40be-a57a-6084e2e4c94e,2026-08-13,126,True,49.000000000000000000,,False,False,UNAVAILABLE,UNAVAILABLE,False,KNOWN_EVENT,KNOWN_VERIFIED_BREAKING_EVENT_FOUND,PUBLICATION_BLOCKED,BLOCKED,UNAVAILABLE,14,KNOWN_CONTINUITY_EVENT,"[""KNOWN_CONTINUITY_EVENT"", ""KNOWN_VERIFIED_EVENT_REQUIRES_EVENT_AWARE_HANDLING""]",[],UNAVAILABLE,KNOWN_VERIFIED_EVENT_REQUIRES_EVENT_AWARE_HANDLING,CONTINUITY_UNKNOWN,"[""TPEX_OFFICIAL_DAILY""]",False
8091,TWO,TWO:8091,461fbbfe-154a-4d84-9b1b-5e8545d308e0,2026-08-13,126,True,233.000000000000000000,,False,False,UNAVAILABLE,UNAVAILABLE,False,KNOWN_EVENT,KNOWN_VERIFIED_BREAKING_EVENT_FOUND,PUBLICATION_BLOCKED,BLOCKED,UNAVAILABLE,14,KNOWN_CONTINUITY_EVENT,"[""KNOWN_CONTINUITY_EVENT"", ""KNOWN_VERIFIED_EVENT_REQUIRES_EVENT_AWARE_HANDLING""]",[],UNAVAILABLE,KNOWN_VERIFIED_EVENT_REQUIRES_EVENT_AWARE_HANDLING,CONTINUITY_UNKNOWN,"[""TPEX_OFFICIAL_DAILY""]",False
8092,TWO,TWO:8092,25c6bf52-eb50-479c-81da-be0f448e859e,2026-08-13,126,True,12.850000000000000000,14.665000000000000000,True,False,INELIGIBLE,INELIGIBLE,False,LOOKUP_UNAVAILABLE,EVENT_LOOKUP_UNAVAILABLE,PUBLICATION_BLOCKED,BLOCKED,UNAVAILABLE,14,BELOW_MA60,"[""BELOW_MA60"", ""TECHNICAL_V0_INELIGIBLE""]","[""EVENT_LOOKUP_UNAVAILABLE""]",FORMAL_WITH_LIMITATION,,CONTINUITY_UNKNOWN,"[""TPEX_OFFICIAL_DAILY""]",False
8096,TWO,TWO:8096,8d64ac07-e869-4525-805b-2e64d16d57e9,2026-08-13,126,True,125.500000000000000000,135.99166666666666666666666666666666666666666666667,True,False,INELIGIBLE,INELIGIBLE,False,LOOKUP_UNAVAILABLE,EVENT_LOOKUP_UNAVAILABLE,PUBLICATION_BLOCKED,BLOCKED,UNAVAILABLE,14,BELOW_MA60,"[""BELOW_MA60"", ""TECHNICAL_V0_INELIGIBLE""]","[""EVENT_LOOKUP_UNAVAILABLE""]",FORMAL_WITH_LIMITATION,,CONTINUITY_UNKNOWN,"[""TPEX_OFFICIAL_DAILY""]",False
8111,TWO,TWO:8111,6327b249-d093-4117-92f7-1e948fe54b3b,2026-08-13,126,True,58.100000000000000000,,False,False,UNAVAILABLE,UNAVAILABLE,False,KNOWN_EVENT,KNOWN_VERIFIED_BREAKING_EVENT_FOUND,PUBLICATION_BLOCKED,BLOCKED,UNAVAILABLE,14,KNOWN_CONTINUITY_EVENT,"[""KNOWN_CONTINUITY_EVENT"", ""KNOWN_VERIFIED_EVENT_REQUIRES_EVENT_AWARE_HANDLING""]",[],UNAVAILABLE,KNOWN_VERIFIED_EVENT_REQUIRES_EVENT_AWARE_HANDLING,CONTINUITY_UNKNOWN,"[""TPEX_OFFICIAL_DAILY""]",False
8182,TWO,TWO:8182,31e2e6f9-16ae-4e67-b28e-11d5df26b8ef,2026-08-13,126,True,42.300000000000000000,,False,False,UNAVAILABLE,UNAVAILABLE,False,KNOWN_EVENT,KNOWN_VERIFIED_BREAKING_EVENT_FOUND,PUBLICATION_BLOCKED,BLOCKED,UNAVAILABLE,14,KNOWN_CONTINUITY_EVENT,"[""KNOWN_CONTINUITY_EVENT"", ""KNOWN_VERIFIED_EVENT_REQUIRES_EVENT_AWARE_HANDLING""]",[],UNAVAILABLE,KNOWN_VERIFIED_EVENT_REQUIRES_EVENT_AWARE_HANDLING,CONTINUITY_UNKNOWN,"[""TPEX_OFFICIAL_DAILY""]",False
8240,TWO,TWO:8240,d20d54bf-9c3e-46c1-a175-398b8a61f604,2026-08-13,126,True,43.100000000000000000,,False,False,UNAVAILABLE,UNAVAILABLE,False,KNOWN_EVENT,KNOWN_VERIFIED_BREAKING_EVENT_FOUND,PUBLICATION_BLOCKED,BLOCKED,UNAVAILABLE,14,KNOWN_CONTINUITY_EVENT,"[""KNOWN_CONTINUITY_EVENT"", ""KNOWN_VERIFIED_EVENT_REQUIRES_EVENT_AWARE_HANDLING""]",[],UNAVAILABLE,KNOWN_VERIFIED_EVENT_REQUIRES_EVENT_AWARE_HANDLING,CONTINUITY_UNKNOWN,"[""TPEX_OFFICIAL_DAILY""]",False
8255,TWO,TWO:8255,054d56fd-182e-441b-a2f5-798dd10f1b3d,2026-08-13,126,True,152.000000000000000000,,False,False,UNAVAILABLE,UNAVAILABLE,False,KNOWN_EVENT,KNOWN_VERIFIED_BREAKING_EVENT_FOUND,PUBLICATION_BLOCKED,BLOCKED,UNAVAILABLE,14,KNOWN_CONTINUITY_EVENT,"[""KNOWN_CONTINUITY_EVENT"", ""KNOWN_VERIFIED_EVENT_REQUIRES_EVENT_AWARE_HANDLING""]",[],UNAVAILABLE,KNOWN_VERIFIED_EVENT_REQUIRES_EVENT_AWARE_HANDLING,CONTINUITY_UNKNOWN,"[""TPEX_OFFICIAL_DAILY""]",False
8277,TWO,TWO:8277,c27cb590-8393-4cee-ad9f-24130e7d8da5,2026-08-13,126,True,8.110000000000000000,8.9233333333333333333333333333333333333333333333333,True,False,INELIGIBLE,INELIGIBLE,False,LOOKUP_UNAVAILABLE,EVENT_LOOKUP_UNAVAILABLE,PUBLICATION_BLOCKED,BLOCKED,UNAVAILABLE,14,BELOW_MA60,"[""BELOW_MA60"", ""TECHNICAL_V0_INELIGIBLE""]","[""EVENT_LOOKUP_UNAVAILABLE""]",FORMAL_WITH_LIMITATION,,CONTINUITY_UNKNOWN,"[""TPEX_OFFICIAL_DAILY""]",False
8299,TWO,TWO:8299,13172c09-1cf5-452b-b925-21f1ccaad1e6,2026-08-13,126,True,2280.000000000000000000,,False,False,UNAVAILABLE,UNAVAILABLE,False,KNOWN_EVENT,KNOWN_VERIFIED_BREAKING_EVENT_FOUND,PUBLICATION_BLOCKED,BLOCKED,UNAVAILABLE,14,KNOWN_CONTINUITY_EVENT,"[""KNOWN_CONTINUITY_EVENT"", ""KNOWN_VERIFIED_EVENT_REQUIRES_EVENT_AWARE_HANDLING""]",[],UNAVAILABLE,KNOWN_VERIFIED_EVENT_REQUIRES_EVENT_AWARE_HANDLING,CONTINUITY_UNKNOWN,"[""TPEX_OFFICIAL_DAILY""]",False
8358,TWO,TWO:8358,7e3fd812-0aa2-4d3e-b246-e2f52392d341,2026-08-13,126,True,421.000000000000000000,,False,False,UNAVAILABLE,UNAVAILABLE,False,KNOWN_EVENT,KNOWN_VERIFIED_BREAKING_EVENT_FOUND,PUBLICATION_BLOCKED,BLOCKED,UNAVAILABLE,14,KNOWN_CONTINUITY_EVENT,"[""KNOWN_CONTINUITY_EVENT"", ""KNOWN_VERIFIED_EVENT_REQUIRES_EVENT_AWARE_HANDLING""]",[],UNAVAILABLE,KNOWN_VERIFIED_EVENT_REQUIRES_EVENT_AWARE_HANDLING,CONTINUITY_UNKNOWN,"[""TPEX_OFFICIAL_DAILY""]",False
8383,TWO,TWO:8383,547116a6-e8b9-4d6e-83c7-3ba397be0794,2026-08-13,126,True,70.800000000000000000,,False,False,UNAVAILABLE,UNAVAILABLE,False,KNOWN_EVENT,KNOWN_VERIFIED_BREAKING_EVENT_FOUND,PUBLICATION_BLOCKED,BLOCKED,UNAVAILABLE,14,KNOWN_CONTINUITY_EVENT,"[""KNOWN_CONTINUITY_EVENT"", ""KNOWN_VERIFIED_EVENT_REQUIRES_EVENT_AWARE_HANDLING""]",[],UNAVAILABLE,KNOWN_VERIFIED_EVENT_REQUIRES_EVENT_AWARE_HANDLING,CONTINUITY_UNKNOWN,"[""TPEX_OFFICIAL_DAILY""]",False
