topic_id,topic_slug,topic_name,instrument_code,instrument_name,proposed_importance_weight,proposed_status,structural_relevance,market_recognition,topic_sensitivity_participation,scale_influence,durability,rationale,evidence_types,evidence_summary,source_count,source_urls,source_publication_dates,confidence_level,ambiguity_notes,membership_review_needed,researched_at,leader_set_research_version
,12 吋矽晶圓,12 吋矽晶圓,3532,台勝科,0.75,CANDIDATE,HIGH,HIGH,NOT_USED_FOR_IDENTITY,HIGH,HIGH,"Formosa SUMCO Technology's exchange profile and official company disclosure identify 3532 as a silicon-wafer manufacturer with 8-inch production and a 12-inch wafer plant, directly matching the supplied topic.",official company product/IR; annual report or regulatory/industry source,"Formosa SUMCO Technology's exchange profile and official company disclosure identify 3532 as a silicon-wafer manufacturer with 8-inch production and a 12-inch wafer plant, directly matching the supplied topic.",3,https://wwwc.twse.com.tw/pdf/en/3532_en.pdf|https://www.fstech.com.tw/NAS/File.ashx?Id=57D4CE6A-A562-4D78-9048-4B0F4B5BACF3|https://www.sumcosi.com/english/csr/pdf/csr_rep24en.pdf,2025-06-13 exchange profile; 2023 annual report disclosure; 2024 SUMCO sustainability report,HIGH,The company is associated with SUMCO and has both 8-inch and 12-inch capacity; 0.75 avoids equating it with the broader global-leader tier without a current scale comparison.,false,2026-08-09,leader-set-research.v2
,12 吋矽晶圓,12 吋矽晶圓,6488,環球晶,1.00,CANDIDATE,HIGH,HIGH,NOT_USED_FOR_IDENTITY,HIGH,HIGH,GlobalWafers' official company and group profiles identify stock 6488 as a semiconductor ingot/wafer manufacturer with complete 3-to-12-inch silicon-wafer production capability and global scale.,official company product/IR; annual report or regulatory/industry source,GlobalWafers' official company and group profiles identify stock 6488 as a semiconductor ingot/wafer manufacturer with complete 3-to-12-inch silicon-wafer production capability and global scale.,3,https://www.sas-globalwafers.com/en/corporate-en/|https://www.sas-globalwafers.com/en/group-profile/|https://www.gw-semi.com/,current corporate governance/profile; current group profile; current wafer-technology site,HIGH,GlobalWafers is a broad wafer supplier across multiple diameters; 1.00 is specific to the supplied 12-inch membership and should not imply every product line has equal weight.,true,2026-08-09,leader-set-research.v2
,8 吋矽晶圓,8 吋矽晶圓,3532,台勝科,0.75,CANDIDATE,HIGH,HIGH,NOT_USED_FOR_IDENTITY,HIGH,HIGH,"Formosa SUMCO Technology's official/exchange profile identifies 8-inch silicon wafer as its primary production business, with a stated annual output and associated 12-inch plant investment.",official company product/IR; annual report or regulatory/industry source,"Formosa SUMCO Technology's official/exchange profile identifies 8-inch silicon wafer as its primary production business, with a stated annual output and associated 12-inch plant investment.",2,https://wwwc.twse.com.tw/pdf/en/3532_en.pdf|https://www.fstech.com.tw/NAS/File.ashx?Id=57D4CE6A-A562-4D78-9048-4B0F4B5BACF3,2025-06-13 exchange profile; 2023 annual report disclosure,HIGH,The exchange profile is a strong direct fit but older than a current annual report; retain 0.75 pending source refresh.,false,2026-08-09,leader-set-research.v2
,8 吋矽晶圓,8 吋矽晶圓,6488,環球晶,1.00,CANDIDATE,HIGH,HIGH,NOT_USED_FOR_IDENTITY,HIGH,HIGH,"GlobalWafers' official profiles document a complete 3-to-12-inch silicon-wafer manufacturing chain, including 8-inch and epitaxial-wafer capability, supporting a top-tier 8-inch wafer role.",official company product/IR; annual report or regulatory/industry source,"GlobalWafers' official profiles document a complete 3-to-12-inch silicon-wafer manufacturing chain, including 8-inch and epitaxial-wafer capability, supporting a top-tier 8-inch wafer role.",3,https://www.sas-globalwafers.com/en/group-profile/|https://www.sas-globalwafers.com/en/innovation%C2%B7service-en/|https://www.gw-semi.com/,current group profile; current innovation/capability page; current wafer-technology site,HIGH,Cross-topic reuse with 12-inch wafers is based on explicit diameter coverage; PM should decide whether the hierarchy wants one multi-diameter leader or separate diameter-specific leaders.,false,2026-08-09,leader-set-research.v2
,ABF載板,ABF載板,3037,欣興,1.00,CANDIDATE,HIGH,HIGH,NOT_USED_FOR_IDENTITY,HIGH,HIGH,"Unimicron's official exchange profile and product portfolio identify IC substrates and advanced interconnect products as core capabilities, providing a strong ABF/substrate representative in the supplied PRIMARY pool.",official company product/IR; annual report or regulatory/industry source,"Unimicron's official exchange profile and product portfolio identify IC substrates and advanced interconnect products as core capabilities, providing a strong ABF/substrate representative in the supplied PRIMARY pool.",2,https://www.twse.com.tw/pdf/en/3037_en.pdf|https://unimicron.de/product-portfolio.html,2026-05-10 exchange profile; current product portfolio,HIGH,Confirm the exact ABF product boundary in the latest company disclosure; do not infer all PCB revenue is ABF.,false,2026-08-09,leader-set-research.v2
,ABF載板,ABF載板,3189,景碩,0.75,CANDIDATE,HIGH,HIGH,NOT_USED_FOR_IDENTITY,HIGH,HIGH,"Kinsus' official milestones, exchange profile and annual-report index identify advanced IC-substrate manufacturing and high-end package-substrate capabilities as long-running core activities.",official company product/IR; annual report or regulatory/industry source,"Kinsus' official milestones, exchange profile and annual-report index identify advanced IC-substrate manufacturing and high-end package-substrate capabilities as long-running core activities.",3,https://www.kinsus.com.tw/en-global/milestones|https://www.twse.com.tw/pdf/en/3189_en.pdf|https://www.kinsus.com.tw/en-global/Download/annual-general-meeting/Index/annual-report,current milestones page; 2026-04-17 exchange profile; current annual-report index,MEDIUM_HIGH,ABF-specific mix should be confirmed from the latest annual report; this row is below Unimicron pending that check.,false,2026-08-09,leader-set-research.v2
,ABF載板,ABF載板,8046,南電,0.75,NEEDS_REVIEW,HIGH,MEDIUM_HIGH,NOT_USED_FOR_IDENTITY,HIGH,HIGH,"Nan Ya PCB's official annual-report material covers high-layer-count PCB, high-end communication substrates and advanced package-related capabilities, supporting an ABF/substrate role but with less direct ABF evidence than the leading candidates.",official company product/IR; annual report or regulatory/industry source,"Nan Ya PCB's official annual-report material covers high-layer-count PCB, high-end communication substrates and advanced package-related capabilities, supporting an ABF/substrate role but with less direct ABF evidence than the leading candidates.",2,https://www.nanyapcb.com.tw/nypcb/images/InvestorRelations/Report/113AnnualReportEN.pdf|https://www.nanyapcb.com.tw/nypcb/english/index.aspx,2024 annual report; current company site,MEDIUM,Refresh with the latest annual report and verify ABF revenue/product exposure before PM approval.,false,2026-08-09,leader-set-research.v2
,ADAS,ADAS,2367,燿華,1.00,CANDIDATE,HIGH,MEDIUM_HIGH,NOT_USED_FOR_IDENTITY,HIGH,HIGH,"A public issuance prospectus for Unitech states that automotive electronics demand is driving high-end PCB adoption and explicitly names ADAS, smart cockpit and connected-car applications; the company is a long-running automotive/high-density PCB supplier.",official company product/IR; annual report or regulatory/industry source,"A public issuance prospectus for Unitech states that automotive electronics demand is driving high-end PCB adoption and explicitly names ADAS, smart cockpit and connected-car applications; the company is a long-running automotive/high-density PCB supplier.",2,https://www.entrust.com.tw/upload/entrust/otherInfo/202207_2367_B04_20220801_084507.pdf|https://www.twse.com.tw/pdf/en/2367_en.pdf,2022 public issuance prospectus; current TWSE company profile,MEDIUM_HIGH,The strongest accessible ADAS evidence is a regulatory/public prospectus rather than a current product page; refresh the latest company annual report before approval.,false,2026-08-09,leader-set-research.v2
,ADAS,ADAS,3715,定穎投控,0.75,CANDIDATE,HIGH,MEDIUM_HIGH,NOT_USED_FOR_IDENTITY,HIGH,HIGH,"Dynamic Holding's public disclosure identifies automotive PCB as a major business and describes forward/side-imaging vehicle radar and cooperation with Tier-1 and chip companies, which is a durable ADAS-related structural role.",official company product/IR; annual report or regulatory/industry source,"Dynamic Holding's public disclosure identifies automotive PCB as a major business and describes forward/side-imaging vehicle radar and cooperation with Tier-1 and chip companies, which is a durable ADAS-related structural role.",3,https://www.dynaholding.com/file/2.pdf|https://based-cms.goodfinance.com/app/uploads/2026/01/%E5%AE%9A%E7%A9%8E%E6%8A%95%E6%8E%A7%E4%B8%80%E5%85%AC%E9%96%8B%E8%AA%AA%E6%98%8E%E6%9B%B8.pdf|https://www.twse.com.tw/pdf/en/3715_en.pdf,2023 annual report; 2026 public prospectus; current TWSE company profile,MEDIUM_HIGH,The company is a PCB group and the radar evidence includes subsidiary/project disclosure; PM should confirm whether this is sufficient for a 0.75 ADAS leader.,false,2026-08-09,leader-set-research.v2
,AI PCB,AI PCB,3037,欣興,1.00,CANDIDATE,HIGH,HIGH,NOT_USED_FOR_IDENTITY,HIGH,HIGH,"Unimicron is a dedicated PCB and substrate manufacturer with advanced HDI and high-speed interconnect capabilities, fitting AI-server and high-density PCB infrastructure structurally.",official company product/IR; annual report or regulatory/industry source,"Unimicron is a dedicated PCB and substrate manufacturer with advanced HDI and high-speed interconnect capabilities, fitting AI-server and high-density PCB infrastructure structurally.",2,https://www.twse.com.tw/pdf/en/3037_en.pdf|https://unimicron.de/product-portfolio.html,2026-05-10 exchange profile; undated product portfolio,HIGH,The supplied topic spans PCB and substrate; retain only if PM accepts both as one governed topic.,false,2026-08-09,leader-set-research.v2
,AI PCB,AI PCB,4958,臻鼎-KY,1.00,CANDIDATE,HIGH,HIGH,NOT_USED_FOR_IDENTITY,HIGH,HIGH,Zhen Ding's official investor materials describe a broad PCB platform and explicitly position the company for structural growth from AI and high-end PCB demand.,official company product/IR; annual report or regulatory/industry source,Zhen Ding's official investor materials describe a broad PCB platform and explicitly position the company for structural growth from AI and high-end PCB demand.,2,https://www.zdtco.com/public/index.php/en/investor|https://www.zdtco.com/download/2025AnnualReport_EN,current investor page; 2025 annual report,HIGH,Strong PCB representative; verify exact AI-server product mix in the detailed annual report before approval.,false,2026-08-09,leader-set-research.v2
,AI PCB,AI PCB,8046,南電,0.75,CANDIDATE,HIGH,MEDIUM_HIGH,NOT_USED_FOR_IDENTITY,HIGH,HIGH,"Nan Ya PCB's annual report describes high-layer-count and large-size PCB development, high-end communication substrates, advanced packaging and high-speed communication applications.",official company product/IR; annual report or regulatory/industry source,"Nan Ya PCB's annual report describes high-layer-count and large-size PCB development, high-end communication substrates, advanced packaging and high-speed communication applications.",2,https://www.nanyapcb.com.tw/nypcb/images/InvestorRelations/Report/113AnnualReportEN.pdf|https://www.nanyapcb.com.tw/nypcb/english/index.aspx,2024 annual report; current company site,MEDIUM_HIGH,The latest report source should be refreshed; 0.75 reflects strong but less directly AI-branded evidence than the top two.,false,2026-08-09,leader-set-research.v2
,AI伺服器整機／ODM,AI伺服器整機／ODM,2317,鴻海,0.75,CANDIDATE,HIGH,HIGH,NOT_USED_FOR_IDENTITY,HIGH,HIGH,"Foxconn officially describes AI-server vertical integration, rack-scale system integration, AI data-center solutions and a long-term NVIDIA/Intel infrastructure collaboration.",official company product/IR; annual report or regulatory/industry source,"Foxconn officially describes AI-server vertical integration, rack-scale system integration, AI data-center solutions and a long-term NVIDIA/Intel infrastructure collaboration.",3,https://www.foxconn.com/en-us/press-center/press-releases/latest-news/2054|https://www.foxconn.com/en-us/press-center/press-releases/latest-news/2052|https://www.foxconn.com/en-us/press-center/press-releases/latest-news/1350,2026-06-04; 2026-06-04; 2024-06-04,HIGH,Large diversified group; the AI-server identity is durable but may overlap with the separate large-cap topic.,false,2026-08-09,leader-set-research.v2
,AI伺服器整機／ODM,AI伺服器整機／ODM,2356,英業達,0.75,CANDIDATE,HIGH,MEDIUM_HIGH,NOT_USED_FOR_IDENTITY,HIGH,HIGH,"Inventec's official product and applications pages identify AI servers, rack solutions, server motherboards and cloud/enterprise data-center applications as core capabilities.",official company product/IR; annual report or regulatory/industry source,"Inventec's official product and applications pages identify AI servers, rack solutions, server motherboards and cloud/enterprise data-center applications as core capabilities.",3,https://www.inventec.com/en/products.htm|https://imis.inventec.com/en|https://esg.inventec.com/uploads/files/shares/annualreport/2023AnnualReport.pdf,undated current product pages; 2023 annual report,MEDIUM_HIGH,The company spans PCs and other businesses; verify AI-server revenue/materiality in the latest annual report before final approval.,false,2026-08-09,leader-set-research.v2
,AI伺服器整機／ODM,AI伺服器整機／ODM,2382,廣達,1.00,CANDIDATE,HIGH,HIGH,NOT_USED_FOR_IDENTITY,HIGH,HIGH,"Quanta's official server portfolio covers servers, storage and network switches for data-center customers and cloud operators; the company is a durable core system/ODM representative.",official company product/IR; annual report or regulatory/industry source,"Quanta's official server portfolio covers servers, storage and network switches for data-center customers and cloud operators; the company is a durable core system/ODM representative.",2,https://www.quantatw.com/Quanta/english/product/qci_es.aspx|https://www.quantatw.com/quanta/english/investment/annualreports.aspx,undated current product page; 2025 annual report,HIGH,Confirm the repository's AI-server membership is intended to include broad data-center ODMs rather than only GPU-server specialists.,true,2026-08-09,leader-set-research.v2
,AI伺服器整機／ODM,AI伺服器整機／ODM,3231,緯創,1.00,CANDIDATE,HIGH,HIGH,NOT_USED_FOR_IDENTITY,HIGH,HIGH,Wistron describes itself as a global ICT/AI-infrastructure provider and has disclosed sustained AI-server capacity expansion and a U.S. AI-supercomputer manufacturing facility.,official company product/IR; annual report or regulatory/industry source,Wistron describes itself as a global ICT/AI-infrastructure provider and has disclosed sustained AI-server capacity expansion and a U.S. AI-supercomputer manufacturing facility.,3,https://www.wistron.com/en/Newsroom/2026-07-22|https://www.wistron.com/en/Newsroom/2026-03-12|https://www.wistron.com/file/9eab2d8c-1f1a-4d5c-8c29-8295fe1cb1e8/2023_WistronAnnualReport_EN_02.pdf,2026-07-21; 2026-03-12; 2023 annual report,HIGH,The current topic label is broader than AI server manufacturing; retain only if PM accepts Wistron's AI infrastructure role as CORE.,false,2026-08-09,leader-set-research.v2
,AI伺服器整機／ODM,AI伺服器整機／ODM,6669,緯穎,0.75,CANDIDATE,HIGH,HIGH,NOT_USED_FOR_IDENTITY,HIGH,HIGH,"Wiwynn explicitly focuses on hyperscale cloud infrastructure, AI computing fabrics, cloud servers and rack integration, with a dedicated AI infrastructure offering.",official company product/IR; annual report or regulatory/industry source,"Wiwynn explicitly focuses on hyperscale cloud infrastructure, AI computing fabrics, cloud servers and rack integration, with a dedicated AI infrastructure offering.",4,https://www.wiwynn.com/about-wiwynn/company-info|https://www.wiwynn.com/solutions|https://www.wiwynn.com/products|https://www.wiwynn.com/hubfs/22200375/Investors/Shareholders_Services/2025_Annual_Report_EN.pdf,undated current pages; 2025 annual report,HIGH,Strong structural fit; 0.75 preserves room for the two broadest system-ODM representatives.,false,2026-08-09,leader-set-research.v2
,AI影像辨識,AI影像辨識,6419,京晨科,0.75,NEEDS_REVIEW,MEDIUM,LOW,NOT_USED_FOR_IDENTITY,MEDIUM,MEDIUM,"The supplied stock overview places 6419 in AI image recognition, but the reviewed public company sources did not yet provide sufficiently direct product and scale evidence to promote it; it remains a flagged candidate only.",official company product/IR; annual report or regulatory/industry source,"The supplied stock overview places 6419 in AI image recognition, but the reviewed public company sources did not yet provide sufficiently direct product and scale evidence to promote it; it remains a flagged candidate only.",1,https://www.twse.com.tw/pdf/en/6419_en.pdf,current TWSE company profile,LOW,Classification debt and direct-company evidence gap; keep NEEDS_REVIEW and do not infer leadership from market activity.,true,2026-08-09,leader-set-research.v2
,AI影像辨識,AI影像辨識,6695,芯鼎,1.00,CANDIDATE,HIGH,HIGH,NOT_USED_FOR_IDENTITY,MEDIUM_HIGH,HIGH,"iCatch's official site and investor materials center on AI image SoCs, vision-ASIC mass production, edge AI and smart-camera/video applications, making it the clearest supplied structural representative.",official company product/IR; annual report or regulatory/industry source,"iCatch's official site and investor materials center on AI image SoCs, vision-ASIC mass production, edge AI and smart-camera/video applications, making it the clearest supplied structural representative.",3,https://www.icatchtek.com/|https://www.icatchtek.com/ProductOverview?subID=c3a9fe191ac048ab90da381aa7e10b05|https://www.icatchtek.com/download/Investor_Conference.pdf,current company site; current product page; current investor presentation,HIGH,"Direct fit; the topic may also include software/solution names, but no membership change is made.",true,2026-08-09,leader-set-research.v2
,AI影像辨識,AI影像辨識,6870,騰雲,0.50,NEEDS_REVIEW,MEDIUM,LOW,NOT_USED_FOR_IDENTITY,MEDIUM,MEDIUM,"A current investor-forum presentation references AI roadmap and face-recognition applications for Turn Cloud, but the evidence is not yet sufficient to establish a durable, company-level AI-image-recognition leadership position.",official company product/IR; annual report or regulatory/industry source,"A current investor-forum presentation references AI roadmap and face-recognition applications for Turn Cloud, but the evidence is not yet sufficient to establish a durable, company-level AI-image-recognition leadership position.",2,https://www.turn2cloud.com/download/earningsCall/20250603_%E5%85%83%E5%AF%8C%E5%86%AC%E5%AD%A3%E6%8A%95%E8%B3%87%E8%AB%96%E5%A3%87.pdf|https://www.twse.com.tw/pdf/en/6870_en.pdf,2025-05-28 investor forum deck; current TWSE company profile,LOW,Do not promote without direct product/revenue evidence; current evidence is application-level and may be adjacent rather than core.,false,2026-08-09,leader-set-research.v2
,AI電力基建,AI電力基建,2301,光寶科,0.75,CANDIDATE,HIGH,MEDIUM_HIGH,NOT_USED_FOR_IDENTITY,HIGH,HIGH,"LITEON's official materials describe data-center power shelves, BBU, 800VDC rack power, liquid-cooling integration and AI cloud infrastructure; the company has expanded from power management into system-level data-center infrastructure.",official company product/IR; annual report or regulatory/industry source,"LITEON's official materials describe data-center power shelves, BBU, 800VDC rack power, liquid-cooling integration and AI cloud infrastructure; the company has expanded from power management into system-level data-center infrastructure.",3,https://www.liteon.com/en/news/press-center/content/liteon-computex-2026|https://www.liteon.com/en/news/press-center/content/annual-general-meeting-2025|https://www.liteon.com/en/news/press-center/content/liteon-computex-nv-2025,2026-06-02; 2025 annual general meeting; 2025-05-20,MEDIUM_HIGH,Diversified issuer and newer system-level positioning; retain at 0.75 pending confirmation of the latest segment materiality.,false,2026-08-09,leader-set-research.v2
,AI電力基建,AI電力基建,2308,台達電,1.00,CANDIDATE,HIGH,HIGH,NOT_USED_FOR_IDENTITY,HIGH,HIGH,"Delta's official data-center and power-solution pages cover AC/DC power, UPS, power distribution, 800V/HVDC, cooling and integrated AI data-center infrastructure; the role is explicit and durable rather than a short-term AI association.",official company product/IR; annual report or regulatory/industry source,"Delta's official data-center and power-solution pages cover AC/DC power, UPS, power distribution, 800V/HVDC, cooling and integrated AI data-center infrastructure; the role is explicit and durable rather than a short-term AI association.",3,https://www.deltaww.com/en-US/products/data-center/|https://www.deltaww.com/en-US/products/power-solutions|https://landing.deltaww.com/en-us/news/39729,current data-center page; current power-solutions page; 2025-05-21 AI data-center release,HIGH,Cross-topic reuse with `液冷散熱` is intentional; PM should decide whether the power-infrastructure topic is broad enough to include Delta's complete grid-to-chip offering.,false,2026-08-09,leader-set-research.v2
,AI電力基建,AI電力基建,6282,康舒,0.75,NEEDS_REVIEW,HIGH,MEDIUM,NOT_USED_FOR_IDENTITY,HIGH,MEDIUM_HIGH,"AcBel's sustainability disclosure identifies power-supply manufacturing, vehicle power and smart-energy services, while the OCP product record documents a 33kW power shelf designed for AI and HPC infrastructure.",official company product/IR; annual report or regulatory/industry source,"AcBel's sustainability disclosure identifies power-supply manufacturing, vehicle power and smart-energy services, while the OCP product record documents a 33kW power shelf designed for AI and HPC infrastructure.",2,https://stream.acbel.com/csr/2021_AcBel_Sustainability_Report_CN.pdf|https://www.opencompute.org/ai-marketplace/products/844/acbel-19-33kw-power-shelf,2021 sustainability report; current OCP product record,MEDIUM,The official company evidence is dated and the current product evidence is an industry registry; refresh with a current AcBel annual report or official product page before PM approval.,false,2026-08-09,leader-set-research.v2
,ASIC,ASIC,3035,智原,0.75,CANDIDATE,HIGH,HIGH,NOT_USED_FOR_IDENTITY,MEDIUM_HIGH,HIGH,"Faraday's official investor materials identify ASIC/SoC design service, turnkey production and silicon IP as its core business, with 2025 revenue still predominantly from ASIC and wafer products.",official company product/IR; annual report or regulatory/industry source,"Faraday's official investor materials identify ASIC/SoC design service, turnkey production and silicon IP as its core business, with 2025 revenue still predominantly from ASIC and wafer products.",2,https://www.faraday-tech.com/en/content/IR/InvestorRelations|https://www.faraday-tech.com/resources/PDFFile/IR/AnnualReport/Faraday_AnnualReport_2026_A4_eng.pdf,current investor-relations page; 2025 annual report,HIGH,Smaller scale than the two top high-performance ASIC names; 0.75 reflects structural fit without forcing a market-cap ranking.,false,2026-08-09,leader-set-research.v2
,ASIC,ASIC,3443,創意,1.00,CANDIDATE,HIGH,HIGH,NOT_USED_FOR_IDENTITY,HIGH,HIGH,"GUC's official materials describe advanced ASIC leadership, turnkey design services and SoC manufacturing services for high-performance and advanced-process applications; ASIC design is the company's structural identity.",official company product/IR; annual report or regulatory/industry source,"GUC's official materials describe advanced ASIC leadership, turnkey design services and SoC manufacturing services for high-performance and advanced-process applications; ASIC design is the company's structural identity.",2,https://www.guc-asic.com/en/news/PressRelease/PR_20260526|https://www.guc-asic.com/en/investor,2026-05-26 press release; current investor page,HIGH,The topic overlaps with `Chiplet` and advanced packaging; keep the ASIC identity separate from packaging-specific leadership.,false,2026-08-09,leader-set-research.v2
,ASIC,ASIC,3661,世芯-KY,1.00,CANDIDATE,HIGH,HIGH,NOT_USED_FOR_IDENTITY,HIGH,HIGH,"Alchip's official materials identify it as a high-performance ASIC provider for AI/HPC infrastructure, with ASIC/SoC design and production services, advanced packaging and long-running relationships with global system customers.",official company product/IR; annual report or regulatory/industry source,"Alchip's official materials identify it as a high-performance ASIC provider for AI/HPC infrastructure, with ASIC/SoC design and production services, advanced packaging and long-running relationships with global system customers.",3,https://www.alchip.com/en/Newsroom/Alchip_3DIC_ASIC|https://www.alchip.com/en/ASIC_Turnkey_Solutions/ASIC_Design_Services|https://www.alchip.com/en/Investors/financials,2025-01-16 release; current design-services page; current financials page,HIGH,Two 1.00 candidates are justified by distinct high-performance/advanced-ASIC and turnkey-design roles; PM should confirm whether the topic permits both.,false,2026-08-09,leader-set-research.v2
,BBU,BBU,3211,順達,0.75,CANDIDATE,HIGH,HIGH,NOT_USED_FOR_IDENTITY,HIGH,HIGH,"Company-produced investor and disclosure materials identify server BBU as a product line, state that a server BBU customer entered mass production, and describe continued development of server backup and UPS battery modules; this supports a major but not top-specialist BBU role.",official company product/IR; annual report or regulatory/industry source,"Company-produced investor and disclosure materials identify server BBU as a product line, state that a server BBU customer entered mass production, and describe continued development of server backup and UPS battery modules; this supports a major but not top-specialist BBU role.",3,https://m3.hocom.tw/Uploads/userfiles/files/095wyghvkq4dfgn.pdf|https://m3.hocom.tw/Uploads/userfiles/files/nwbwxik737ag2hf.pdf|https://m3.hocom.tw/Uploads/userfiles/files/1000167_r3iujagg5uqkqfi.pdf,2023-12-22 investor presentation; 2021 disclosure; 2024 company report mirror,MEDIUM_HIGH,The accessible company-produced evidence is hosted on a report mirror and the issuer also has a large legacy consumer-battery business; refresh against the latest direct IR package before final approval.,false,2026-08-09,leader-set-research.v2
,BBU,BBU,4931,新盛力,0.75,CANDIDATE,HIGH,MEDIUM_HIGH,NOT_USED_FOR_IDENTITY,MEDIUM,HIGH,"STL's official product catalog explicitly includes BESS/UPS/BBU for industrial and cloud data-center applications, and its latest annual report identifies high-power server backup battery modules as a continuing R&D program; the role is structurally direct but smaller-scale than AES-KY or Dynapack.",official company product/IR; annual report or regulatory/industry source,"STL's official product catalog explicitly includes BESS/UPS/BBU for industrial and cloud data-center applications, and its latest annual report identifies high-power server backup battery modules as a continuing R&D program; the role is structurally direct but smaller-scale than AES-KY or Dynapack.",4,https://www.stl-tech.com/product_list.asp|https://www.stl-tech.com/product_info.asp?id=89|https://www.stl-tech.com/upload/ckeditor/files/2024AnualReport_zh.pdf|https://www.stl-tech.com/investor.asp,current product catalog; current product detail; 2024 annual report; current investor page,MEDIUM_HIGH,The company serves multiple battery applications and the BBU revenue mix is not fully quantified in the public page; retain 0.75 until PM confirms materiality.,false,2026-08-09,leader-set-research.v2
,BBU,BBU,6781,AES-KY,1.00,CANDIDATE,HIGH,HIGH,NOT_USED_FOR_IDENTITY,HIGH,HIGH,"AES-KY's official basic-data and company materials explicitly identify data-center backup batteries and high-power backup systems as product applications, making it the clearest specialist BBU representative in the supplied PRIMARY pool.",official company product/IR; annual report or regulatory/industry source,"AES-KY's official basic-data and company materials explicitly identify data-center backup batteries and high-power backup systems as product applications, making it the clearest specialist BBU representative in the supplied PRIMARY pool.",3,https://www.advancedenergysolution.com.tw/article.php?lang=en&tb=1|https://www.advancedenergysolution.com.tw/article.php?cid=351&lang=cn&tb=3|https://www.advancedenergysolution.com.tw/,current investor/company profile; current basic-data page; current company site,HIGH,AES-KY also spans energy-storage and power applications; the 1.00 proposal is specific to explicit data-center backup-battery evidence.,false,2026-08-09,leader-set-research.v2
,CCL,CCL,1303,南亞,0.50,NEEDS_REVIEW,MEDIUM_HIGH,HIGH,NOT_USED_FOR_IDENTITY,HIGH,HIGH,"Nan Ya's electronic-materials division produces CCL, copper foil and high-frequency/high-speed materials, but the issuer is diversified across chemicals, plastics, fibers and electronics.",official company product/IR; annual report or regulatory/industry source,"Nan Ya's electronic-materials division produces CCL, copper foil and high-frequency/high-speed materials, but the issuer is diversified across chemicals, plastics, fibers and electronics.",3,https://cclqc.npc.com.tw/ccl/zh_TW/Index.do|https://www.npc.com.tw/j2npc/enus/prodcate/Electronic%20Material%20%20%20%20%20|https://www.fpg.com.tw/uploads/images/media-center/ebook-top/2026/2025%20EN%20annual.pdf,2026-06-26 product page; 2022-12-26 product index; 2025 annual report,MEDIUM,"Structural CCL evidence exists, but the broad corporate mix argues for 0.50/NEEDS_REVIEW rather than top-tier CCL leadership.",false,2026-08-09,leader-set-research.v2
,CCL,CCL,2383,台光電,1.00,CANDIDATE,HIGH,HIGH,NOT_USED_FOR_IDENTITY,HIGH,HIGH,"Elite Material is described in public offering/IR material as a CCL, prepreg and multilayer-laminate manufacturer and global leading supplier of halogen-free and high-speed/high-frequency substrate materials.",official company product/IR; annual report or regulatory/industry source,"Elite Material is described in public offering/IR material as a CCL, prepreg and multilayer-laminate manufacturer and global leading supplier of halogen-free and high-speed/high-frequency substrate materials.",2,https://www.kgi.com.tw/zh-tw/-/media/files/kgis/3_2_6_ipo/book-building/23836-2.pdf|https://www.jms21.co.jp/en/files/libs/777/202407251517076245.pdf,2024-01-17 public-offering material; 2024-07-25 industry report,HIGH,Official company IR link should be added during PM review; current evidence is filing/industry-source backed.,false,2026-08-09,leader-set-research.v2
,CCL,CCL,6213,聯茂,0.75,CANDIDATE,HIGH,HIGH,NOT_USED_FOR_IDENTITY,HIGH,HIGH,"ITEQ public disclosure identifies CCL, prepreg and mass lamination as its core manufacturing and sales activities; industry coverage describes high-end AI/server material expansion.",official company product/IR; annual report or regulatory/industry source,"ITEQ public disclosure identifies CCL, prepreg and mass lamination as its core manufacturing and sales activities; industry coverage describes high-end AI/server material expansion.",2,https://www.iteqcorp.com/wp-content/uploads/2016/08/1100726.pdf|https://ieknet.iek.org.tw/ieknews/news_more.aspx?nsl_id=8fe7c1bcdb4b471fabbe9a439276130e,2021-07-26 filing; 2025-11-17 industry publication,MEDIUM_HIGH,The official disclosure is older; refresh with the latest annual report before PM approval.,false,2026-08-09,leader-set-research.v2
,CCL,CCL,6274,台燿,0.75,CANDIDATE,HIGH,HIGH,NOT_USED_FOR_IDENTITY,HIGH,HIGH,"TUC's official company page states that CCL and prepreg became its core business, with global service capacity; industry research also identifies Taiwan CCL makers including TUC as high-speed-material beneficiaries.",official company product/IR; annual report or regulatory/industry source,"TUC's official company page states that CCL and prepreg became its core business, with global service capacity; industry research also identifies Taiwan CCL makers including TUC as high-speed-material beneficiaries.",2,https://www.tuc.com.tw/about.php|https://www.kgi.com.hk/en/-/media/files/kgishk/research-reports/tw-reports/2024/01/pcb-sector_24102024.pdf,undated company page; 2024-10-24 industry report,HIGH,Keep below the top CCL structural tier until current product mix and high-speed share are confirmed from the latest annual report.,false,2026-08-09,leader-set-research.v2
,Chiplet,Chiplet,3037,欣興,0.75,CANDIDATE,HIGH,MEDIUM_HIGH,NOT_USED_FOR_IDENTITY,HIGH,HIGH,TWSE company disclosure identifies Unimicron as a dedicated PCB and IC-substrate supplier with advanced HDI and substrate capabilities; it is a durable package/interconnect representative relevant to chiplet systems.,official company product/IR; annual report or regulatory/industry source,TWSE company disclosure identifies Unimicron as a dedicated PCB and IC-substrate supplier with advanced HDI and substrate capabilities; it is a durable package/interconnect representative relevant to chiplet systems.,2,https://www.twse.com.tw/pdf/en/3037_en.pdf|https://unimicron.de/product-portfolio.html,2026-05-10 exchange profile; undated product portfolio,MEDIUM_HIGH,"Chiplet relevance is at substrate/interconnect level, not chiplet IP or packaging ownership; keep below ASE and review topic definition.",false,2026-08-09,leader-set-research.v2
,Chiplet,Chiplet,3189,景碩,0.75,NEEDS_REVIEW,HIGH,MEDIUM_HIGH,NOT_USED_FOR_IDENTITY,HIGH,HIGH,"Kinsus is an IC-substrate supplier with BGA, flip-chip and high-end substrate capabilities and a stated leading IC-substrate position.",official company product/IR; annual report or regulatory/industry source,"Kinsus is an IC-substrate supplier with BGA, flip-chip and high-end substrate capabilities and a stated leading IC-substrate position.",3,https://www.kinsus.com.tw/en-global/milestones|https://www.twse.com.tw/pdf/en/3189_en.pdf|https://www.kinsus.com.tw/en-global/Download/annual-general-meeting/Index/annual-report,undated company milestone; 2026-04-17 exchange profile; current annual-report index,MEDIUM,Needs PM decision whether IC-substrate exposure is sufficient for Chiplet leadership or belongs only in substrate/ABF topics.,false,2026-08-09,leader-set-research.v2
,Chiplet,Chiplet,3711,日月光投控,1.00,CANDIDATE,HIGH,HIGH,NOT_USED_FOR_IDENTITY,HIGH,HIGH,"ASE explicitly identifies advanced interconnect, 2.5D/3D packaging, VIPack and chiplet integration as core capabilities, with current panel-level and AI-packaging expansion.",official company product/IR; annual report or regulatory/industry source,"ASE explicitly identifies advanced interconnect, 2.5D/3D packaging, VIPack and chiplet integration as core capabilities, with current panel-level and AI-packaging expansion.",3,https://www.aseglobal.com/press-room/advanced-interconnect-tech-for-chiplets|https://www.aseglobal.com/press-room/310x310/|https://ase.aseglobal.com/about-ase/,2024-03-20; 2026-05-26; undated company profile,HIGH,Strongest structural representative in the supplied Chiplet topic; do not infer that every advanced-packaging equipment name is equivalent.,false,2026-08-09,leader-set-research.v2
,CoWoS,CoWoS,2330,台積電,1.00,CANDIDATE,HIGH,HIGH,NOT_USED_FOR_IDENTITY,HIGH,HIGH,TSMC's official 3DFabric materials identify CoWoS as its leading 2.5D advanced-packaging service; the 2024 annual report describes multiple CoWoS variants in volume production and capacity expansion for AI/HPC.,official company product/IR; annual report or regulatory/industry source,TSMC's official 3DFabric materials identify CoWoS as its leading 2.5D advanced-packaging service; the 2024 annual report describes multiple CoWoS variants in volume production and capacity expansion for AI/HPC.,3,https://3dfabric.tsmc.com/english/dedicatedFoundry/technology/cowos.htm|https://investor.tsmc.com/static/annualReports/2024/english/ebook/files/basic-html/page100.html|https://investor.tsmc.com/static/annualReports/2024/english/ebook/files/basic-html/page102.html,current 3DFabric product page; 2024 annual report pages,HIGH,Direct structural fit and the only supplied PRIMARY member; weight is not inferred from recent AI-related price performance.,false,2026-08-09,leader-set-research.v2
,DRAM／DDR,DRAM／DDR,2344,華邦電,1.00,CANDIDATE,HIGH,HIGH,NOT_USED_FOR_IDENTITY,HIGH,HIGH,"Winbond's official innovation materials identify DRAM as a core memory business, including 20nm DDR4 and a 16nm DDR4 roadmap; its annual report also describes LPDDR4, DDR4 and memory-process development.",official company product/IR; annual report or regulatory/industry source,"Winbond's official innovation materials identify DRAM as a core memory business, including 20nm DDR4 and a 16nm DDR4 roadmap; its annual report also describes LPDDR4, DDR4 and memory-process development.",2,https://www.winbond.com/hq/about-winbond/csr-new/corporate-governance/innovation/index.html|https://www.winbond.com/export/sites/winbond/about-winbond/investor/financial-information/annual-report/report/2025-Winbond-Annual-Report_ZH.pdf,current innovation page; 2025 annual report,HIGH,Winbond is a specialty-memory rather than commodity-DRAM pure play; retain 1.00 because DRAM/DDR products and process development are explicit and durable.,false,2026-08-09,leader-set-research.v2
,DRAM／DDR,DRAM／DDR,2408,南亞科,1.00,CANDIDATE,HIGH,HIGH,NOT_USED_FOR_IDENTITY,HIGH,HIGH,"Nanya's official innovation page describes the company as a DRAM partner and reports 10nm-class DRAM, DDR4 and DDR5 qualification/production; its annual report documents long-running DRAM design and manufacturing.",official company product/IR; annual report or regulatory/industry source,"Nanya's official innovation page describes the company as a DRAM partner and reports 10nm-class DRAM, DDR4 and DDR5 qualification/production; its annual report documents long-running DRAM design and manufacturing.",3,https://www.nanya.com/en/Application|https://www.nanya.com/ESG/en/innovative_technology|https://www.nanya.com/ESG/dist/build2024/dl_files/2023_Annual_Report.pdf,current application page; current innovation page; 2023 annual report,HIGH,Two top-tier names are justified because the supplied topic contains both specialty-memory and dedicated-DRAM manufacturers; PM should still confirm whether 1.00 may be shared.,false,2026-08-09,leader-set-research.v2
,FOPLP,FOPLP,3481,群創,0.75,NEEDS_REVIEW,HIGH,MEDIUM,NOT_USED_FOR_IDENTITY,MEDIUM,MEDIUM_HIGH,"Innolux public annual-report and investor materials describe panel-level fan-out packaging development and display/semiconductor integration, giving a real structural link but less evidence of mature commercial scale than ASE.",official company product/IR; annual report or regulatory/industry source,"Innolux public annual-report and investor materials describe panel-level fan-out packaging development and display/semiconductor integration, giving a real structural link but less evidence of mature commercial scale than ASE.",2,https://www.innolux.com/Uploads/22/2023%E5%B9%B4%E5%A0%B1_5239e8.pdf|https://www.innolux.com/eng/investor,2023 annual report; current investor-relations page,MEDIUM,Current FOPLP production scale and revenue materiality need a refreshed official source before PM approval; do not promote solely because the company is a large panel maker.,false,2026-08-09,leader-set-research.v2
,FOPLP,FOPLP,3711,日月光投控,1.00,CANDIDATE,HIGH,HIGH,NOT_USED_FOR_IDENTITY,HIGH,HIGH,"ASE's official fan-out and panel-level packaging pages identify Panel FO/FOPLP as an in-house technology with 300 x 300 mm and 600 x 600 mm panel paths, and its 310 x 310 mm automated production line is described as an industry-first leadership platform.",official company product/IR; annual report or regulatory/industry source,"ASE's official fan-out and panel-level packaging pages identify Panel FO/FOPLP as an in-house technology with 300 x 300 mm and 600 x 600 mm panel paths, and its 310 x 310 mm automated production line is described as an industry-first leadership platform.",3,https://ase.aseglobal.com/fan-out-packaging/|https://ase.aseglobal.com/310x310/|https://ase.aseglobal.com/blog/technology/the-opportunities-and-challenges-of-foplp-technology/,current fan-out page; current panel-level page; 2025 FOPLP technology article,HIGH,The supplied label says FOPLP while ASE's product language also includes Panel FO and broader VIPack; retain the topic-specific mapping without changing membership.,true,2026-08-09,leader-set-research.v2
,GaN 晶圓／GaN-on-Si,GaN 晶圓／GaN-on-Si,3016,嘉晶,1.00,CANDIDATE,HIGH,HIGH,NOT_USED_FOR_IDENTITY,MEDIUM_HIGH,HIGH,"嘉晶's official company profile identifies Si/SiC/GaN epitaxial-material manufacturing; its current annual report and product pages describe GaN-on-Silicon epitaxy, mass production and qualified 8-inch GaN/Si wafer capability.",official company product/IR; annual report or regulatory/industry source,"嘉晶's official company profile identifies Si/SiC/GaN epitaxial-material manufacturing; its current annual report and product pages describe GaN-on-Silicon epitaxy, mass production and qualified 8-inch GaN/Si wafer capability.",3,https://www.epi.episil.com/Default/Company_Profile|https://www.epi.episil.com/|https://www.epi.episil.com/uploads/03_investment/Stockholder_Meeting/2026-Annual-Report%28EN%29.pdf,current company profile; current product page; 2026 annual report,HIGH,"Single supplied PRIMARY member; the weight reflects direct material identity, not market-cap ranking.",false,2026-08-09,leader-set-research.v2
,IGBT／功率模組,IGBT／功率模組,2342,茂矽,0.50,NEEDS_REVIEW,MEDIUM,LOW,NOT_USED_FOR_IDENTITY,MEDIUM,MEDIUM,"The supplied PRIMARY classification places 2342 in IGBT/power modules, but the reviewed public material did not yet establish current IGBT or module leadership; the row remains flagged rather than promoted.",official company product/IR; annual report or regulatory/industry source,"The supplied PRIMARY classification places 2342 in IGBT/power modules, but the reviewed public material did not yet establish current IGBT or module leadership; the row remains flagged rather than promoted.",2,https://www.twse.com.tw/pdf/en/2342_en.pdf|https://www.mospec.com.tw/,current TWSE company profile; current company site,LOW,Direct product and scale evidence required; likely topic-boundary/classification debt.,true,2026-08-09,leader-set-research.v2
,IGBT／功率模組,IGBT／功率模組,2481,強茂,0.75,CANDIDATE,HIGH,HIGH,NOT_USED_FOR_IDENTITY,HIGH,HIGH,"Panjit's official materials identify an integrated discrete-power platform spanning IGBT, MOSFET, SiC power devices, diodes and rectifiers, with applications including automotive and energy systems.",official company product/IR; annual report or regulatory/industry source,"Panjit's official materials identify an integrated discrete-power platform spanning IGBT, MOSFET, SiC power devices, diodes and rectifiers, with applications including automotive and energy systems.",2,https://www.panjit.com.tw/tw/News/Low_Profile_Bridge_Packages|https://www.panjit.com.tw/tw/News/Public%20Acquisition,current product/news page; 2022 official release,HIGH,Strong IGBT/device identity but the supplied label includes power modules; confirm module-level scope before final approval.,true,2026-08-09,leader-set-research.v2
,IGBT／功率模組,IGBT／功率模組,5425,台半,0.50,NEEDS_REVIEW,MEDIUM_HIGH,MEDIUM,NOT_USED_FOR_IDENTITY,MEDIUM_HIGH,HIGH,"Taiwan Semiconductor's public materials identify a durable discrete-power and rectifier platform, but direct current IGBT/module evidence was not sufficiently refreshed in this pass.",official company product/IR; annual report or regulatory/industry source,"Taiwan Semiconductor's public materials identify a durable discrete-power and rectifier platform, but direct current IGBT/module evidence was not sufficiently refreshed in this pass.",2,https://www.taiwansemi.com/|https://www.twse.com.tw/pdf/en/5425_en.pdf,current company site; current TWSE company profile,MEDIUM,Keep NEEDS_REVIEW until the current product catalogue confirms IGBT or packaged power-module materiality.,false,2026-08-09,leader-set-research.v2
,IGBT／功率模組,IGBT／功率模組,8255,朋程,1.00,CANDIDATE,HIGH,HIGH,NOT_USED_FOR_IDENTITY,MEDIUM_HIGH,HIGH,"Actron's official power-module page documents multiple 750V/1200V IGBT modules and automotive R&D for EV/e-mobility applications, making it the clearest direct IGBT/module representative in the supplied set.",official company product/IR; annual report or regulatory/industry source,"Actron's official power-module page documents multiple 750V/1200V IGBT modules and automotive R&D for EV/e-mobility applications, making it the clearest direct IGBT/module representative in the supplied set.",2,https://www.actron.com.tw/en/products/power_module|https://www.actron.com.tw/en/about,current power-module page; current company profile,HIGH,Direct product evidence; do not infer leader status from EV price momentum.,false,2026-08-09,leader-set-research.v2
,MCU,MCU,4919,新唐,1.00,CANDIDATE,HIGH,HIGH,NOT_USED_FOR_IDENTITY,HIGH,HIGH,"Nuvoton's official MCU portfolio identifies more than 600 MCUs from 8051 to Arm Cortex-M/A, with long product longevity, IDM capability, local R&D and global support, supporting a top-tier MCU identity.",official company product/IR; annual report or regulatory/industry source,"Nuvoton's official MCU portfolio identifies more than 600 MCUs from 8051 to Arm Cortex-M/A, with long product longevity, IDM capability, local R&D and global support, supporting a top-tier MCU identity.",3,https://www.nuvoton.com/products/microcontrollers/|https://direct.nuvoton.com/en/mcus/|https://www.nuvoton.com.cn/,current MCU product portfolio; current Nuvoton Direct MCU catalog; current company site,HIGH,"Nuvoton also has audio, security, cloud and computing ICs; 1.00 is specific to the supplied MCU membership and does not broaden membership.",true,2026-08-09,leader-set-research.v2
,MCU,MCU,5471,松翰,0.75,CANDIDATE,HIGH,HIGH,NOT_USED_FOR_IDENTITY,MEDIUM_HIGH,HIGH,"Sonix's official product catalog identifies Microcontrollers and VoiceMCUs as long-running product families, with multiple low-power, multi-interface MCU series for diverse embedded applications.",official company product/IR; annual report or regulatory/industry source,"Sonix's official product catalog identifies Microcontrollers and VoiceMCUs as long-running product families, with multiple low-power, multi-interface MCU series for diverse embedded applications.",3,https://www.sonix.com.tw/page/product-number/mcu|https://www.sonix.com.tw/|https://www.sonix.com.tw/page/about,current MCU catalog; current company site; current company profile page,HIGH,Sonix has a meaningful voice/video/image product mix in addition to MCU; 0.75 reflects a focused but narrower MCU representative.,false,2026-08-09,leader-set-research.v2
,MCU,MCU,6202,盛群,0.75,CANDIDATE,HIGH,HIGH,NOT_USED_FOR_IDENTITY,MEDIUM_HIGH,HIGH,"Holtek's official company profile identifies it as a professional MCU IC design leader whose products include 8-bit and 32-bit MCU ICs and peripherals; current product and application pages show durable MCU breadth across smart living, health, power and industrial use cases.",official company product/IR; annual report or regulatory/industry source,"Holtek's official company profile identifies it as a professional MCU IC design leader whose products include 8-bit and 32-bit MCU ICs and peripherals; current product and application pages show durable MCU breadth across smart living, health, power and industrial use cases.",3,https://www.holtek.com.tw/page/about_holtek/CompanyProfile/company_profile|https://www.holtek.com.tw/page/sitemap|https://mcu.holtek.com.tw/2025NPP/EN/index.aspx,current company profile; current product sitemap; 2025 product presentation,HIGH,Holtek is a strong MCU specialist but its product mix includes many peripheral and application-specific ICs; keep below Nuvoton pending a comparable current scale/market-recognition source.,false,2026-08-09,leader-set-research.v2
,MLCC,MLCC,2327,國巨,1.00,CANDIDATE,HIGH,HIGH,NOT_USED_FOR_IDENTITY,HIGH,HIGH,"YAGEO's official ESG material identifies the company as a leading global electronic-component provider and a top-three MLCC supplier, with continuing R&D in high-performance, high-reliability and automotive MLCC products.",official company product/IR; annual report or regulatory/industry source,"YAGEO's official ESG material identifies the company as a leading global electronic-component provider and a top-three MLCC supplier, with continuing R&D in high-performance, high-reliability and automotive MLCC products.",2,https://www.yageogroup.com/content/Resource%20Library/Compliance%20Report/YAGEO_ESG2022_en.pdf|https://www.yageogroup.com/content/Resource%20Library/Compliance%20Report/YAGEO_ESG2023_en.pdf,2022 ESG report; 2023 ESG report,HIGH,YAGEO is diversified across passive components; the top-tier weight relies on repeated official MLCC market-position disclosure rather than market capitalization alone.,false,2026-08-09,leader-set-research.v2
,MLCC,MLCC,2492,華新科,0.75,CANDIDATE,HIGH,HIGH,NOT_USED_FOR_IDENTITY,HIGH,HIGH,"Walsin Technology's official site identifies MLCC as a core product family, describes the company as a leading passive-component supplier and provides a broad MLCC portfolio for networking, automotive, industrial and power applications.",official company product/IR; annual report or regulatory/industry source,"Walsin Technology's official site identifies MLCC as a core product family, describes the company as a leading passive-component supplier and provides a broad MLCC portfolio for networking, automotive, industrial and power applications.",4,https://www.passivecomponent.com/|https://www.passivecomponent.com/about/|https://www.passivecomponent.com/products/capacitors/|https://www.passivecomponent.com/investor-relations/fundamentals/,current company page; current product page; current investor fundamentals,HIGH,Walsin is a broad passive-component supplier rather than an MLCC-only issuer; keep below YAGEO pending a current product-mix comparison.,false,2026-08-09,leader-set-research.v2
,NAND Flash／SSD,NAND Flash／SSD,2337,旺宏,1.00,CANDIDATE,HIGH,HIGH,NOT_USED_FOR_IDENTITY,HIGH,HIGH,"Macronix officially presents SLC NAND and Serial NAND product families, 19nm NAND/eMMC capability and in-house nonvolatile-memory manufacturing; its 2024 annual report reports NAND revenue and 3D NAND product progress.",official company product/IR; annual report or regulatory/industry source,"Macronix officially presents SLC NAND and Serial NAND product families, 19nm NAND/eMMC capability and in-house nonvolatile-memory manufacturing; its 2024 annual report reports NAND revenue and 3D NAND product progress.",3,https://www.macronix.com/en-us/products/NAND-Flash/Pages/default.aspx|https://www.macronix.com/en-us/about/Pages/company-overview.aspx|https://www.macronix.com/en-us/about/investor-relations/Documents/annualreport_2024_en.pdf,current NAND product page; current company overview; 2024 annual report,HIGH,Macronix is a nonvolatile-memory supplier rather than a NAND SSD controller vendor; the supplied topic is broader than controller-only exposure.,false,2026-08-09,leader-set-research.v2
,NAND Flash／SSD,NAND Flash／SSD,2344,華邦電,0.75,NEEDS_REVIEW,MEDIUM_HIGH,MEDIUM_HIGH,NOT_USED_FOR_IDENTITY,HIGH,HIGH,"Winbond's official milestones and innovation materials confirm NAND Flash mass production and a high-performance NAND portfolio, but the company remains primarily associated with specialty DRAM and NOR/secure memory rather than SSD systems.",official company product/IR; annual report or regulatory/industry source,"Winbond's official milestones and innovation materials confirm NAND Flash mass production and a high-performance NAND portfolio, but the company remains primarily associated with specialty DRAM and NOR/secure memory rather than SSD systems.",3,https://www.winbond.com/hq/about-winbond/company-profile/milestones/index.html|https://www.winbond.com/hq/about-winbond/csr-new/corporate-governance/innovation/index.html|https://www.winbond.com/export/sites/winbond/about-winbond/investor/financial-information/annual-report/report/2025-Winbond-Annual-Report_ZH.pdf,current milestones page; current innovation page; 2025 annual report,MEDIUM,Keep NEEDS_REVIEW until PM confirms whether the label is intended to include specialty NAND suppliers without SSD-controller/system integration.,false,2026-08-09,leader-set-research.v2
,NOR Flash／利基型記憶體,NOR Flash／利基型記憶體,2337,旺宏,1.00,CANDIDATE,HIGH,HIGH,NOT_USED_FOR_IDENTITY,HIGH,HIGH,"Macronix's official company profile identifies it as a leading NVM IDM and one of the few suppliers with a broad Serial NOR Flash range, backed by in-house design/manufacturing and automotive, industrial, communications and embedded applications.",official company product/IR; annual report or regulatory/industry source,"Macronix's official company profile identifies it as a leading NVM IDM and one of the few suppliers with a broad Serial NOR Flash range, backed by in-house design/manufacturing and automotive, industrial, communications and embedded applications.",3,https://www.macronix.com/en-us/about/Pages/company-overview.aspx|https://www.macronix.com/zh-tw/products/NOR-Flash/Pages/default.aspx|https://www.macronix.com/en-us/about/investor-relations/Documents/annualreport_2024_en.pdf,current company overview; current NOR product page; 2024 annual report,HIGH,"Macronix also has NAND, ROM and foundry businesses; 1.00 is specific to the supplied NOR Flash/topic membership and not a claim that every memory segment is equally dominant.",true,2026-08-09,leader-set-research.v2
,NOR Flash／利基型記憶體,NOR Flash／利基型記憶體,2344,華邦電,1.00,CANDIDATE,HIGH,HIGH,NOT_USED_FOR_IDENTITY,HIGH,HIGH,"Winbond's official materials identify Code Storage Flash/NOR Flash and Specialty DRAM as core products, and its company announcement describes it as a worldwide top NOR Flash supplier with in-house technology and 12-inch fabs.",official company product/IR; annual report or regulatory/industry source,"Winbond's official materials identify Code Storage Flash/NOR Flash and Specialty DRAM as core products, and its company announcement describes it as a worldwide top NOR Flash supplier with in-house technology and 12-inch fabs.",3,https://www.winbond.com.tw/hq/about-winbond/news-and-events/news/winbond-top-nor-flash-memory-supplier-worldwide.html?__locale=en|https://winbond.com/hq/about-winbond/csr-new/corporate-governance/innovation/?__locale=en|https://www.winbond.com.tw/,2020 company announcement; current innovation/company materials; current company site,HIGH,"Winbond spans NOR/Code Storage Flash, Specialty DRAM and Mobile DRAM; keep this row tied to the supplied NOR Flash topic and govern overlap with DRAM separately.",false,2026-08-09,leader-set-research.v2
,NOR Flash／利基型記憶體,NOR Flash／利基型記憶體,3006,晶豪科,0.50,NEEDS_REVIEW,MEDIUM,MEDIUM,NOT_USED_FOR_IDENTITY,MEDIUM,MEDIUM,"ESMT's official 2023 annual report discloses development and design of DRAM, pseudo-SRAM, NOR Flash and mixed-signal ICs, establishing structural relevance to the supplied topic but not a clear NOR-led identity.",official company product/IR; annual report or regulatory/industry source,"ESMT's official 2023 annual report discloses development and design of DRAM, pseudo-SRAM, NOR Flash and mixed-signal ICs, establishing structural relevance to the supplied topic but not a clear NOR-led identity.",2,https://www.esmt.com.tw/upload/FiannceEvents/%E8%82%A1%E6%9D%B1%E6%9C%83%E5%B9%B4%E5%A0%B1/%E8%8B%B1%E6%96%87/%E6%99%B6%E8%B1%AA112%E5%B9%B4%E5%A0%B1-%E8%8B%B1%E6%96%87-20240509-5.docx.pdf|https://www.esmt.com.tw/,2023 annual report; current company site,MEDIUM,The public disclosure is mixed-memory rather than NOR-specific; keep NEEDS_REVIEW and do not let a small NOR line dominate the topic.,false,2026-08-09,leader-set-research.v2
,PCB,PCB,2316,楠梓電,1.00,CANDIDATE,HIGH,MEDIUM_HIGH,NOT_USED_FOR_IDENTITY,HIGH,HIGH,"The TWSE company profile identifies 2316 as a PCB manufacturer; its supplied PRIMARY membership and exchange-level industry description provide a durable structural basis, subject to a later current product-page refresh.",official company product/IR; annual report or regulatory/industry source,"The TWSE company profile identifies 2316 as a PCB manufacturer; its supplied PRIMARY membership and exchange-level industry description provide a durable structural basis, subject to a later current product-page refresh.",1,https://www.twse.com.tw/pdf/en/2316_en.pdf,current TWSE company profile,MEDIUM_HIGH,Current product mix and high-end/AI PCB materiality should be refreshed before final approval.,false,2026-08-09,leader-set-research.v2
,PCB,PCB,3321,同泰,0.75,NEEDS_REVIEW,HIGH,MEDIUM,NOT_USED_FOR_IDENTITY,MEDIUM,HIGH,"The TWSE company profile provides a PCB-company identity for 3321, but the current product mix and scale evidence were not yet independently refreshed; retain as a supporting candidate pending direct IR review.",official company product/IR; annual report or regulatory/industry source,"The TWSE company profile provides a PCB-company identity for 3321, but the current product mix and scale evidence were not yet independently refreshed; retain as a supporting candidate pending direct IR review.",1,https://www.twse.com.tw/pdf/en/3321_en.pdf,current TWSE company profile,MEDIUM,Needs current company/annual-report evidence; do not elevate on price or liquidity.,false,2026-08-09,leader-set-research.v2
,PCB,PCB,3390,旭軟,0.75,NEEDS_REVIEW,HIGH,MEDIUM,NOT_USED_FOR_IDENTITY,MEDIUM,HIGH,"The TWSE company profile provides a PCB-company identity for 3390, but current application mix, scale and market recognition require a direct company-source refresh before promotion.",official company product/IR; annual report or regulatory/industry source,"The TWSE company profile provides a PCB-company identity for 3390, but current application mix, scale and market recognition require a direct company-source refresh before promotion.",1,https://www.twse.com.tw/pdf/en/3390_en.pdf,current TWSE company profile,MEDIUM,Evidence is structural but incomplete; keep NEEDS_REVIEW.,false,2026-08-09,leader-set-research.v2
,PCB,PCB,6153,嘉聯益,0.75,NEEDS_REVIEW,HIGH,MEDIUM,NOT_USED_FOR_IDENTITY,MEDIUM,HIGH,"The TWSE company profile provides a PCB-company identity for 6153, but current product applications and scale were not yet refreshed from a direct company source.",official company product/IR; annual report or regulatory/industry source,"The TWSE company profile provides a PCB-company identity for 6153, but current product applications and scale were not yet refreshed from a direct company source.",1,https://www.twse.com.tw/pdf/en/6153_en.pdf,current TWSE company profile,MEDIUM,Needs direct IR/product validation before approval.,false,2026-08-09,leader-set-research.v2
,PCB,PCB,6191,精成科,0.75,CANDIDATE,HIGH,MEDIUM_HIGH,NOT_USED_FOR_IDENTITY,HIGH,HIGH,The TWSE company profile identifies 6191 as a PCB manufacturer with a durable industry identity; it is retained below the more clearly evidenced high-end PCB names until current application mix is refreshed.,official company product/IR; annual report or regulatory/industry source,The TWSE company profile identifies 6191 as a PCB manufacturer with a durable industry identity; it is retained below the more clearly evidenced high-end PCB names until current application mix is refreshed.,1,https://www.twse.com.tw/pdf/en/6191_en.pdf,current TWSE company profile,MEDIUM_HIGH,Refresh direct product/IR evidence before PM approval; weight is intentionally capped at 0.75.,false,2026-08-09,leader-set-research.v2
,PCB,PCB,6269,台郡,0.75,CANDIDATE,HIGH,MEDIUM_HIGH,NOT_USED_FOR_IDENTITY,HIGH,HIGH,The TWSE company profile identifies 6269 as a PCB manufacturer with durable industry relevance; the row remains a supporting candidate pending a direct current product/annual-report refresh.,official company product/IR; annual report or regulatory/industry source,The TWSE company profile identifies 6269 as a PCB manufacturer with durable industry relevance; the row remains a supporting candidate pending a direct current product/annual-report refresh.,1,https://www.twse.com.tw/pdf/en/6269_en.pdf,current TWSE company profile,MEDIUM_HIGH,Product mix and application concentration require PM review before final approval.,false,2026-08-09,leader-set-research.v2
,RISC-V,RISC-V,2388,威盛,0.50,NEEDS_REVIEW,LOW,LOW,NOT_USED_FOR_IDENTITY,MEDIUM_HIGH,LOW,"VIA has durable fabless/embedded and edge-computing capabilities, but the reviewed official materials did not establish a direct RISC-V product or platform claim; this row is retained only as a flagged membership candidate.",official company product/IR; annual report or regulatory/industry source,"VIA has durable fabless/embedded and edge-computing capabilities, but the reviewed official materials did not establish a direct RISC-V product or platform claim; this row is retained only as a flagged membership candidate.",2,https://www.viatech.com/tw/company-overview-tw/investor-relations/ir-faq/|https://www.viatech.com/tw/company-overview-tw/,current investor FAQ; current company overview,LOW,Do not promote. Direct RISC-V evidence is missing; possible classification debt or topic-adjacent membership requires PM review.,true,2026-08-09,leader-set-research.v2
,RISC-V,RISC-V,3035,智原,1.00,CANDIDATE,HIGH,HIGH,NOT_USED_FOR_IDENTITY,MEDIUM_HIGH,HIGH,"Faraday's official release states that its RISC-V based ASIC platform achieved design and mass production for edge-AI and IoT SoCs, covering core-IP integration, verification and system-level design services.",official company product/IR; annual report or regulatory/industry source,"Faraday's official release states that its RISC-V based ASIC platform achieved design and mass production for edge-AI and IoT SoCs, covering core-IP integration, verification and system-level design services.",3,https://www.faraday-tech.com/html/News/pressRelease/ENG_01_0338.jsp|https://www.faraday-tech.com/en/content/Product/ASIC_Service/22RRAM|https://www.faraday-tech.com/resources/PDFFile/CSR/Faraday_CSR_Report_2020_en.pdf,2019-04-09 official release; current product page; 2020 CSR report,HIGH,Direct RISC-V evidence is older but describes mass production and a durable ASIC-service capability; refresh with the latest IR material before final approval.,false,2026-08-09,leader-set-research.v2
,Retimer／Redriver,Retimer／Redriver,4966,譜瑞-KY,0.75,NEEDS_REVIEW,HIGH,MEDIUM_HIGH,NOT_USED_FOR_IDENTITY,MEDIUM_HIGH,HIGH,"Parade's official release documents a 16-channel PCI Express redriver, providing direct product evidence for the supplied Retimer/Redriver topic; the source is older and current product continuity needs refresh.",official company product/IR; annual report or regulatory/industry source,"Parade's official release documents a 16-channel PCI Express redriver, providing direct product evidence for the supplied Retimer/Redriver topic; the source is older and current product continuity needs refresh.",2,https://www.paradetech.com/parade-technologies-introduces-16-channel-8gbs-pci-express-redriver/|https://www.paradetech.com/news/,official product release; current news index,MEDIUM,Keep NEEDS_REVIEW until a current retimer/redriver product or annual-report disclosure confirms ongoing materiality; do not infer from broader high-speed-transmission membership.,true,2026-08-09,leader-set-research.v2
,SiC 晶圓／基板,SiC 晶圓／基板,3016,嘉晶,1.00,CANDIDATE,HIGH,HIGH,NOT_USED_FOR_IDENTITY,MEDIUM_HIGH,HIGH,嘉晶 directly manufactures SiC epitaxial wafers and describes SiC epitaxy as a core product/material used in power devices; its public prospectus documents expansion of SiC epitaxial capacity.,official company product/IR; annual report or regulatory/industry source,嘉晶 directly manufactures SiC epitaxial wafers and describes SiC epitaxy as a core product/material used in power devices; its public prospectus documents expansion of SiC epitaxial capacity.,3,https://www.epi.episil.com/Default/Company_Profile|https://www.epi.episil.com/uploads/03_investment/Financial_Statements/2024-Prospectus.pdf|https://www.epi.episil.com/uploads/05_EHS/2024%E5%B9%B4%E6%B0%B8%E7%BA%8C%E5%A0%B1%E5%91%8A%E6%9B%B8.pdf,current company profile; 2024 prospectus; 2024 sustainability report,HIGH,The company is an epitaxy/material supplier rather than a finished substrate wafer producer in the narrowest sense; PM should confirm the topic boundary.,true,2026-08-09,leader-set-research.v2
,SiC 晶圓／基板,SiC 晶圓／基板,3707,漢磊,0.75,NEEDS_REVIEW,MEDIUM_HIGH,HIGH,NOT_USED_FOR_IDENTITY,MEDIUM_HIGH,HIGH,"Episil officially identifies SiC and GaN discrete-device foundry services and a 6-inch SiC production line, but the evidence is stronger for foundry/device manufacturing than for standalone SiC wafer/substrate leadership.",official company product/IR; annual report or regulatory/industry source,"Episil officially identifies SiC and GaN discrete-device foundry services and a 6-inch SiC production line, but the evidence is stronger for foundry/device manufacturing than for standalone SiC wafer/substrate leadership.",3,https://www.episil.com/en-US/about/about_overview|https://www.episil.com/en-US/about/about_milesstone|https://www.episil.com/zh-tw,current company overview; current milestone page; current company site,MEDIUM,Keep NEEDS_REVIEW because the label says wafer/substrate while the direct identity is compound-power foundry and device manufacturing.,false,2026-08-09,leader-set-research.v2
,SiC／GaN 功率元件,SiC／GaN 功率元件,3707,漢磊,1.00,CANDIDATE,HIGH,HIGH,NOT_USED_FOR_IDENTITY,HIGH,HIGH,"Episil's official company overview explicitly lists SiC and GaN discrete-device manufacturing, high-power MOSFET, FRD and TVS services; its milestone page records SiC MOSFET platform development and GaN supply-chain progress.",official company product/IR; annual report or regulatory/industry source,"Episil's official company overview explicitly lists SiC and GaN discrete-device manufacturing, high-power MOSFET, FRD and TVS services; its milestone page records SiC MOSFET platform development and GaN supply-chain progress.",2,https://www.episil.com/en-US/about/about_overview|https://www.episil.com/en-US/about/about_milesstone,current company overview; current milestone page,HIGH,Direct foundry/device fit; keep separate from 3016's upstream epitaxy/material role.,false,2026-08-09,leader-set-research.v2
,SiC／GaN 功率元件,SiC／GaN 功率元件,8255,朋程,0.75,CANDIDATE,HIGH,HIGH,NOT_USED_FOR_IDENTITY,MEDIUM_HIGH,HIGH,"Actron's official power-module materials list automotive SiC MOSFET, SiC diode, Si IGBT and GaN/SiC power-module products, providing direct packaged-device evidence.",official company product/IR; annual report or regulatory/industry source,"Actron's official power-module materials list automotive SiC MOSFET, SiC diode, Si IGBT and GaN/SiC power-module products, providing direct packaged-device evidence.",3,https://www.actron.com.tw/en/about|https://www.actron.com.tw/en/products/power_module|https://www.actron.com.tw/upfiles/pro01651204662.pdf,current company profile; current power-module page; current e-mobility brochure,HIGH,The supplied topic spans devices and modules; 0.75 reflects strong automotive/module fit while Episil remains the broader compound-power foundry anchor.,false,2026-08-09,leader-set-research.v2
,一般封測,一般封測,2449,京元電子,0.75,CANDIDATE,HIGH,HIGH,NOT_USED_FOR_IDENTITY,HIGH,HIGH,"KYEC's official company profile identifies wafer probing, final-product test, burn-in and backend turnkey services as its core business, and describes it as a large pure-play professional testing company with broad product coverage.",official company product/IR; annual report or regulatory/industry source,"KYEC's official company profile identifies wafer probing, final-product test, burn-in and backend turnkey services as its core business, and describes it as a large pure-play professional testing company with broad product coverage.",2,https://www.kyec.com.tw/en/About/company-profile|https://www.kyec.com.tw/en/Service/equipment-developing-capablity,current company profile; current service-capability page,HIGH,KYEC is testing-heavy rather than a full packaging leader; 0.75 preserves role separation from ASE's broader assembly/test platform.,false,2026-08-09,leader-set-research.v2
,一般封測,一般封測,3711,日月光投控,1.00,CANDIDATE,HIGH,HIGH,NOT_USED_FOR_IDENTITY,HIGH,HIGH,"ASE officially describes itself as a leading global provider of semiconductor packaging and test services, with broad assembly, wafer-probe, final-test and advanced-packaging capabilities; its 3711 identity is a durable OSAT anchor.",official company product/IR; annual report or regulatory/industry source,"ASE officially describes itself as a leading global provider of semiconductor packaging and test services, with broad assembly, wafer-probe, final-test and advanced-packaging capabilities; its 3711 identity is a durable OSAT anchor.",3,https://ase.aseglobal.com/about-ase/|https://ase.aseglobal.com/press-room/asem-launch-p5/|https://ase.aseglobal.com/test-services/,current company page; 2025-02-18 facility release; current service page,HIGH,ASE also has EMS and substrate exposure; this row is limited to the supplied 一般封測 membership and does not imply all group revenue is OSAT.,true,2026-08-09,leader-set-research.v2
,一般封測,一般封測,6239,力成,0.75,CANDIDATE,HIGH,HIGH,NOT_USED_FOR_IDENTITY,HIGH,HIGH,"PTI's official profile identifies it as a leading OSAT and a major memory packaging/testing provider, covering bumping, probing, assembly, final test, burn-in and system-level assembly.",official company product/IR; annual report or regulatory/industry source,"PTI's official profile identifies it as a leading OSAT and a major memory packaging/testing provider, covering bumping, probing, assembly, final test, burn-in and system-level assembly.",2,https://www.pti.com.tw/en/about/about|https://www.pti.com.tw/Handlers/CompanyAnnualReportDownload.ashx?id=42036d35-476d-4edd-85f0-493087790c67&lang=en,current company profile; latest available annual-report page,HIGH,Memory packaging is especially prominent; PM should confirm whether the general OSAT topic is intended to include this specialization at 0.75.,false,2026-08-09,leader-set-research.v2
,一般封測,一般封測,8150,南茂,0.75,CANDIDATE,HIGH,HIGH,NOT_USED_FOR_IDENTITY,MEDIUM_HIGH,HIGH,"ChipMOS's official company profile identifies TWSE 8150 as an industry-leading OSAT provider with memory, LCD-driver and mixed-signal assembly/test services, including bumping and package assembly.",official company product/IR; annual report or regulatory/industry source,"ChipMOS's official company profile identifies TWSE 8150 as an industry-leading OSAT provider with memory, LCD-driver and mixed-signal assembly/test services, including bumping and package assembly.",2,https://www.chipmos.com/ENGLISH/ir/company.aspx|https://www.chipmos.com/ENGLISH/news/news-detail.aspx?NID=226,current company profile; 2026-02-10 operating release,HIGH,The supplied stock name is 南茂; the company is structurally relevant to general封測 but product mix is concentrated in memory/LCDD and should not be generalized to advanced packaging leadership.,false,2026-08-09,leader-set-research.v2
,一般連接器,一般連接器,3322,建舜電,1.00,CANDIDATE,HIGH,MEDIUM_HIGH,NOT_USED_FOR_IDENTITY,MEDIUM,HIGH,"Joins oon official and annual-report materials identify computer, communications, consumer and medical connector/cable assemblies as core products, with durable customization and manufacturing capability.",official company product/IR; annual report or regulatory/industry source,"Joins oon official and annual-report materials identify computer, communications, consumer and medical connector/cable assemblies as core products, with durable customization and manufacturing capability.",2,https://www.jem.com.tw/en/webfiles/5071ca49-9151-446a-9375-9fc647a467d5.pdf|https://www.jem.com.tw/Investor.aspx?ID=%7B7121f158-e0ff-436c-a0f4-65a4e4d3e728%7D&Type=0,2024 annual report; current investor page,HIGH,Strong direct connector identity; automotive connector reuse is governed separately.,false,2026-08-09,leader-set-research.v2
,一般連接器,一般連接器,3484,崧騰,0.50,NEEDS_REVIEW,MEDIUM_HIGH,MEDIUM,NOT_USED_FOR_IDENTITY,MEDIUM,HIGH,"The supplied PRIMARY membership and exchange profile support a connector/electronic-component identity, but current direct product evidence was not refreshed sufficiently for promotion.",official company product/IR; annual report or regulatory/industry source,"The supplied PRIMARY membership and exchange profile support a connector/electronic-component identity, but current direct product evidence was not refreshed sufficiently for promotion.",1,https://www.twse.com.tw/pdf/en/3484_en.pdf,current TWSE company profile,MEDIUM,Keep NEEDS_REVIEW pending a current official connector catalogue or annual-report product mix.,false,2026-08-09,leader-set-research.v2
,一般連接器,一般連接器,3550,聯穎,0.75,CANDIDATE,HIGH,HIGH,NOT_USED_FOR_IDENTITY,HIGH,HIGH,"Copartner's official profile describes vertically integrated cable, connector and connectivity solutions across computing, communications, automotive, industrial and AI applications, with worldwide operations.",official company product/IR; annual report or regulatory/industry source,"Copartner's official profile describes vertically integrated cable, connector and connectivity solutions across computing, communications, automotive, industrial and AI applications, with worldwide operations.",2,https://www.copartner.com.tw/en/about/company|https://www.copartner.com.tw/tw/about/company,current English and Chinese company profiles,HIGH,Diversified cable/connectivity platform; keep below the most direct general-connector anchor.,false,2026-08-09,leader-set-research.v2
,一般連接器,一般連接器,3605,宏致,0.75,CANDIDATE,HIGH,MEDIUM_HIGH,NOT_USED_FOR_IDENTITY,HIGH,HIGH,"ACES official materials identify connector, precision electronic components and cable assemblies as core products used in industrial and consumer electronics, with a long-running connectivity platform.",official company product/IR; annual report or regulatory/industry source,"ACES official materials identify connector, precision electronic components and cable assemblies as core products used in industrial and consumer electronics, with a long-running connectivity platform.",2,https://www.acesconn.com/tw/news_detail?id=49|https://www.acesconn.com/tw/news_detail?id=52,current official news/company materials,MEDIUM_HIGH,Current product mix is broad; PM should decide whether 3605 is a general-connector leader or a supporting cross-topic name.,false,2026-08-09,leader-set-research.v2
,低軌衛星,低軌衛星,2313,華通,0.75,CANDIDATE,HIGH,HIGH,NOT_USED_FOR_IDENTITY,HIGH,HIGH,"Compeq's official annual report identifies satellite communications as a strategic product direction and names satellite, AI-server, data-center and optical-communication hard-board opportunities, supporting a durable satellite-PCB role.",official company product/IR; annual report or regulatory/industry source,"Compeq's official annual report identifies satellite communications as a strategic product direction and names satellite, AI-server, data-center and optical-communication hard-board opportunities, supporting a durable satellite-PCB role.",2,https://www.compeq.com.tw/doc/res_shareholder/79ad2ceb-03a0-11ef-a9ba-005056a9c86d/20250508_160621_cn_4.pdf|https://www.compeq.com.tw/,2025 annual report; current company site,MEDIUM_HIGH,The report establishes structural relevance but not a satellite-only revenue mix; 0.75 is provisional and should be revisited when current product-mix disclosure is available.,false,2026-08-09,leader-set-research.v2
,低軌衛星,低軌衛星,3491,昇達科,1.00,CANDIDATE,HIGH,HIGH,NOT_USED_FOR_IDENTITY,HIGH,HIGH,"UMT's official company profile identifies microwave/mmWave passive communications components and antennas as core products, with certified mass-production payload, ground-station and user-terminal products for low-earth-orbit satellite customers.",official company product/IR; annual report or regulatory/industry source,"UMT's official company profile identifies microwave/mmWave passive communications components and antennas as core products, with certified mass-production payload, ground-station and user-terminal products for low-earth-orbit satellite customers.",3,https://www.umt-tw.com/tw/about.php|https://www.umt-tw.com/tw/year_report.php|https://ic.tpex.org.tw/company_chain.php?stk_code=3491,current company profile; current annual-report portal; current TPEX value-chain profile,HIGH,UMT also serves terrestrial wireless backhaul and mobile communications; 1.00 is for its strong supplied low-earth-orbit membership and direct satellite product evidence.,true,2026-08-09,leader-set-research.v2
,低軌衛星,低軌衛星,6285,啟碁,0.75,CANDIDATE,HIGH,HIGH,NOT_USED_FOR_IDENTITY,HIGH,HIGH,"WNC's official company profile identifies satellite communications, wireless/network access and antenna/system integration as durable capabilities, including satellite products and large-scale shipment experience.",official company product/IR; annual report or regulatory/industry source,"WNC's official company profile identifies satellite communications, wireless/network access and antenna/system integration as durable capabilities, including satellite products and large-scale shipment experience.",3,https://www.wnc.com.tw/about/wnc|https://www.wnc.com.tw/investors/financial-information/annual-reports|https://www.wnc.com.tw/,current company profile; current annual-report portal; current company site,HIGH,"WNC is a diversified wireless/network equipment platform; low-earth-orbit is a meaningful but not exclusive business, so keep below the specialist 3491 tier.",false,2026-08-09,leader-set-research.v2
,住宅營建,住宅營建,2348,海悅,0.75,CANDIDATE,HIGH,MEDIUM_HIGH,NOT_USED_FOR_IDENTITY,MEDIUM_HIGH,HIGH,"Hiyes' official group materials describe a long-running building-sales and development platform, with subsidiaries conducting residential/building development and a current commercial-property project; the supplied membership supports a supporting housing-development role.",official company product/IR; annual report or regulatory/industry source,"Hiyes' official group materials describe a long-running building-sales and development platform, with subsidiaries conducting residential/building development and a current commercial-property project; the supplied membership supports a supporting housing-development role.",3,https://www.hiyesbuild.com.tw/about/|https://www.hiyes-group.com.tw/homeInvestor_04.aspx|https://www.hiyes-group.com.tw/upload/finance_report/f6699e8dbe17433990d6a3fe50ea936b.pdf,current group profile; current investor FAQ; financial report,MEDIUM_HIGH,Hiyes is historically a sales/marketing company with expanding development exposure; confirm current development materiality before final approval.,false,2026-08-09,leader-set-research.v2
,住宅營建,住宅營建,2542,興富發,0.75,CANDIDATE,HIGH,HIGH,NOT_USED_FOR_IDENTITY,HIGH,HIGH,"Highwealth's official company materials describe a large multi-city residential-development platform, broad land-development capability and repeated residential project execution; the identity is durable even though the group also develops commercial assets.",official company product/IR; annual report or regulatory/industry source,"Highwealth's official company materials describe a large multi-city residential-development platform, broad land-development capability and repeated residential project execution; the identity is durable even though the group also develops commercial assets.",3,https://www.highwealth.com.tw/about.php|https://esg.highwealth.com.tw/building/supply-chain|https://www.highwealth.com.tw/upload/stakeholder/infor/annual/105%E5%B9%B4_yearReport.pdf,current company profile; current ESG page; annual report,HIGH,Large diversified developer with urban-renewal and commercial exposure; 0.75 keeps the role below the strongest housing-focused representative.,false,2026-08-09,leader-set-research.v2
,住宅營建,住宅營建,2548,華固,1.00,CANDIDATE,HIGH,HIGH,NOT_USED_FOR_IDENTITY,HIGH,HIGH,"Huaku's official company profile and shareholder materials describe a long-running residential and commercial development platform, brand-led urban development and ongoing residential projects; housing development is a durable core identity.",official company product/IR; annual report or regulatory/industry source,"Huaku's official company profile and shareholder materials describe a long-running residential and commercial development platform, brand-led urban development and ongoing residential projects; housing development is a durable core identity.",3,https://www.huaku.com.tw/about|https://www.huaku.com.tw/files/uploads/investor_shareholder/2026_shareholder_C07.pdf|https://www.fabulousgroup.com.tw/uploads/file/20250602/20250602111223_58598.pdf,current company profile; 2026 shareholder material; 2025 company disclosure,HIGH,"Huaku spans residential, office and urban-renewal development; the proposed weight is topic-specific and should not be read as a pure residential-revenue ranking.",false,2026-08-09,leader-set-research.v2
,保護元件,保護元件,2428,興勤,1.00,CANDIDATE,HIGH,HIGH,NOT_USED_FOR_IDENTITY,HIGH,HIGH,"THINKING officially describes itself as a protective-component manufacturer with NTC/PTC thermistors, varistors, resettable fuses, TVS, ESD, gas-discharge and sensor products across automotive, communications and industrial applications.",official company product/IR; annual report or regulatory/industry source,"THINKING officially describes itself as a protective-component manufacturer with NTC/PTC thermistors, varistors, resettable fuses, TVS, ESD, gas-discharge and sensor products across automotive, communications and industrial applications.",3,https://www.thinking.com.tw/about.php|https://www.thinking.com.tw/search_list2.php|https://www.thinking.com.tw/upload/investor/files/115%E5%B9%B4%E8%AD%B0%E4%BA%8B%E6%89%8B%E5%86%8A_%E8%8B%B1%E6%96%87.pdf,current company profile; current product search; 2026 shareholder handbook,HIGH,Direct specialist identity and durable product breadth; no price-action evidence used.,false,2026-08-09,leader-set-research.v2
,保護元件,保護元件,2478,大毅,0.50,NEEDS_REVIEW,MEDIUM,LOW,NOT_USED_FOR_IDENTITY,MEDIUM,MEDIUM,"The supplied PRIMARY classification includes 2478, but a current direct protection-component product/annual-report source was not established in this pass.",official company product/IR; annual report or regulatory/industry source,"The supplied PRIMARY classification includes 2478, but a current direct protection-component product/annual-report source was not established in this pass.",1,https://www.twse.com.tw/pdf/en/2478_en.pdf,current TWSE company profile,LOW,Do not promote until direct product evidence confirms protection-component materiality.,false,2026-08-09,leader-set-research.v2
,保護元件,保護元件,6642,富致,0.75,CANDIDATE,HIGH,MEDIUM_HIGH,NOT_USED_FOR_IDENTITY,MEDIUM,HIGH,"Public company and government/SME materials identify Fuzetec as a protection-component provider, including semiconductor overvoltage protection components and automotive-related applications.",official company product/IR; annual report or regulatory/industry source,"Public company and government/SME materials identify Fuzetec as a protection-component provider, including semiconductor overvoltage protection components and automotive-related applications.",3,https://www.fuzetec.com/|https://www.fuzetec.com/filemanager/files/1/2024%E5%B9%B4%E7%AC%AC%E5%9B%9B%E5%AD%A3%E5%80%8B%E9%AB%94%E8%B2%A1%E5%8B%99%E5%A0%B1%E5%91%8A.pdf|https://www.sme.gov.tw/award/files/16689/B42C6E11-1465-48CA-930F-7B54A0F1CE0E,current company site; 2024 financial report; current government/SME profile,MEDIUM_HIGH,Direct structural fit but smaller scale and less broad product evidence than 2428.,false,2026-08-09,leader-set-research.v2
,保護元件,保護元件,7788,松川精密,0.50,NEEDS_REVIEW,LOW,LOW,NOT_USED_FOR_IDENTITY,MEDIUM,MEDIUM,松川精密's official exchange profile emphasizes relays and electromechanical products rather than classic protective components; the supplied membership is retained as a flagged classification candidate.,official company product/IR; annual report or regulatory/industry source,松川精密's official exchange profile emphasizes relays and electromechanical products rather than classic protective components; the supplied membership is retained as a flagged classification candidate.,2,https://wwwc.twse.com.tw/market_insights/zh/detail/8a8216d6993bf1510199a7f960ce01c9|https://www.twse.com.tw/pdf/en/7788_en.pdf,current TWSE market-insights profile; current TWSE company profile,LOW,Likely classification debt between relays and protection components; keep NEEDS_REVIEW.,true,2026-08-09,leader-set-research.v2
,儲能,儲能,3576,聯合再生,0.75,CANDIDATE,HIGH,HIGH,NOT_USED_FOR_IDENTITY,MEDIUM_HIGH,HIGH,"URE's official investor and product disclosures identify solar-plus-storage systems, industrial and residential ESS, UPS and grid applications; its 2026 release also identifies an industrial-storage container with UL 9540 certification.",official company product/IR; annual report or regulatory/industry source,"URE's official investor and product disclosures identify solar-plus-storage systems, industrial and residential ESS, UPS and grid applications; its 2026 release also identifies an industrial-storage container with UL 9540 certification.",4,https://www.urecorp.com/investors/abouture/66/|https://www.urecorp.com/en/investors_detail/315/|https://www.urecorp.com/news_detail/news20260708/|https://www.urecorp.com/investors_detail/171/,current company profile; 2019 ESS release; 2026-07-08 product/market release; 2022-09-21 project release,HIGH,Solar modules remain a major core business and storage evidence spans several years; use 0.75 until current storage revenue/materiality is confirmed.,false,2026-08-09,leader-set-research.v2
,儲能,儲能,3617,碩天,0.75,CANDIDATE,HIGH,HIGH,NOT_USED_FOR_IDENTITY,HIGH,HIGH,"CyberPower's official investor profile identifies TWSE 3617 as a global power-management provider with UPS, racks, PDUs, inverters, solar-energy systems and power-management software, supporting a durable backup/storage-adjacent role.",official company product/IR; annual report or regulatory/industry source,"CyberPower's official investor profile identifies TWSE 3617 as a global power-management provider with UPS, racks, PDUs, inverters, solar-energy systems and power-management software, supporting a durable backup/storage-adjacent role.",2,https://www.cyberpower.com/tw/en/investor/overview|https://www.cyberpower.com/tw/zh/investor/overview,current English investor profile; current Chinese investor profile,HIGH,The company is primarily a UPS/power-management provider rather than a grid-scale battery integrator; keep at 0.75 and avoid equating UPS with standalone ESS without PM approval.,false,2026-08-09,leader-set-research.v2
,先進封裝設備,先進封裝設備,3131,弘塑,1.00,CANDIDATE,HIGH,HIGH,NOT_USED_FOR_IDENTITY,HIGH,HIGH,"Grand Process officially positions itself as a semiconductor wet-process equipment leader; its product and application pages explicitly cover advanced packaging, bumping, 2.5D/3D, HBM and panel-level packaging processes.",official company product/IR; annual report or regulatory/industry source,"Grand Process officially positions itself as a semiconductor wet-process equipment leader; its product and application pages explicitly cover advanced packaging, bumping, 2.5D/3D, HBM and panel-level packaging processes.",3,https://www.gptc.com.tw/cn/|https://www.gptc.com.tw/about/esg/|https://www.gptc.com.tw/news-detail/584/,current product page; current company page; 2026-01-27 advanced-packaging collaboration release,HIGH,"The company serves front-end, compound-semiconductor and memory customers as well; the proposed weight is specific to the supplied advanced-packaging-equipment membership.",true,2026-08-09,leader-set-research.v2
,先進封裝設備,先進封裝設備,3583,辛耘,0.75,CANDIDATE,HIGH,MEDIUM_HIGH,NOT_USED_FOR_IDENTITY,MEDIUM_HIGH,HIGH,"Scientech's official product pages describe batch and single-wafer wet-process equipment, including tools used in 2.5D/3D IC, advanced packaging and bumping applications; the equipment identity is durable.",official company product/IR; annual report or regulatory/industry source,"Scientech's official product pages describe batch and single-wafer wet-process equipment, including tools used in 2.5D/3D IC, advanced packaging and bumping applications; the equipment identity is durable.",2,https://www.scientech.com.tw/zh-hant/Products/Scientech/WetProcessAndBakingSystem|https://expo.semi.org/taiwan2023/Public/eBooth.aspx?BoothID=546446&SSID=10591&Task=PressReleases,current product page; 2023-09 SEMICON exhibitor profile,MEDIUM_HIGH,"Current direct product evidence is strong, but the most explicit advanced-packaging application detail comes from an industry exhibitor profile; retain 0.75 pending latest annual-report mix.",false,2026-08-09,leader-set-research.v2
,先進封裝設備,先進封裝設備,6187,萬潤,0.75,CANDIDATE,HIGH,MEDIUM_HIGH,NOT_USED_FOR_IDENTITY,MEDIUM_HIGH,HIGH,"All Ring's official company page describes automated process equipment and high-reliability solutions for advanced packaging and optoelectronic integration, with global service support.",official company product/IR; annual report or regulatory/industry source,"All Ring's official company page describes automated process equipment and high-reliability solutions for advanced packaging and optoelectronic integration, with global service support.",2,https://www.allring-tech.com.tw/about1.htm|https://www.allring-tech.co.jp/,current company page; current group page,MEDIUM_HIGH,The public pages are product-focused and do not quantify current advanced-packaging revenue; keep below the strongest wet-process and packaging-equipment representatives.,false,2026-08-09,leader-set-research.v2
,先進封裝設備,先進封裝設備,6640,均華,0.75,CANDIDATE,HIGH,HIGH,NOT_USED_FOR_IDENTITY,MEDIUM_HIGH,HIGH,"GMM's official company page and annual-report material identify semiconductor process equipment and precision molds as its core business, including die pick/place, die bonding, molding, singulation and inspection equipment for advanced packaging.",official company product/IR; annual report or regulatory/industry source,"GMM's official company page and annual-report material identify semiconductor process equipment and precision molds as its core business, including die pick/place, die bonding, molding, singulation and inspection equipment for advanced packaging.",2,https://www.gmmcorp.com.tw/?page_id=579|https://www.gmmcorp.com.tw/upload-files/investor-zone/shareholder-area/2023/2023-annual-report.pdf,current company page; 2023 annual report,HIGH,The latest annual-report source should be refreshed before approval; 0.75 reflects clear structural fit without assuming top-tier scale.,false,2026-08-09,leader-set-research.v2
,光通訊,光通訊,3081,聯亞,0.75,CANDIDATE,HIGH,MEDIUM_HIGH,NOT_USED_FOR_IDENTITY,MEDIUM_HIGH,HIGH,LandMark Optoelectronics officially describes III-V GaAs/InP epitaxial-wafer production; its annual-report material links the business to next-generation high-speed optical transmission products.,official company product/IR; annual report or regulatory/industry source,LandMark Optoelectronics officially describes III-V GaAs/InP epitaxial-wafer production; its annual-report material links the business to next-generation high-speed optical transmission products.,2,https://www.lmoc.com.tw/|https://www.lmoc.com.tw/index.php?i=1&id=181&lang=chs&option=module&task=dfile,undated current company page; 2022 annual report,MEDIUM_HIGH,Upstream epitaxy rather than finished transceiver; 0.75 reflects important supply-chain influence but not a top end-product representative.,false,2026-08-09,leader-set-research.v2
,光通訊,光通訊,3363,上詮,1.00,CANDIDATE,HIGH,HIGH,NOT_USED_FOR_IDENTITY,MEDIUM_HIGH,HIGH,"FOCI's official site centers on active/passive optical products, coherent communications, silicon-photonics passive components and optical-communication applications.",official company product/IR; annual report or regulatory/industry source,"FOCI's official site centers on active/passive optical products, coherent communications, silicon-photonics passive components and optical-communication applications.",2,https://www.foci.com.tw/zh-tw/|https://www.tpex.org.tw/event/web/supervise_11411/1.3363上詮.pdf,undated current company page; 2025 supervisory document,HIGH,Strong optical-component fit; silicon-photonics identity is explicit on the official site but should remain separate from broad optical communications.,false,2026-08-09,leader-set-research.v2
,光通訊,光通訊,4979,華星光,0.75,CANDIDATE,HIGH,HIGH,NOT_USED_FOR_IDENTITY,MEDIUM_HIGH,HIGH,"Luxnet's official site identifies optical-engine, module and sub-assembly manufacturing services and optical products for data/telecom applications.",official company product/IR; annual report or regulatory/industry source,"Luxnet's official site identifies optical-engine, module and sub-assembly manufacturing services and optical products for data/telecom applications.",2,https://www.luxnetcorp.com.tw/|https://www.luxnetcorp.com.tw/storage/architecture/page~103/page~123/101.pdf,undated current company page; 2012 annual-report disclosure,HIGH,"Older filing evidence needs refresh, but the current company page confirms the durable optical-manufacturing identity.",false,2026-08-09,leader-set-research.v2
,其他 AI伺服器供應鏈,其他 AI伺服器供應鏈,2059,川湖,1.00,CANDIDATE,HIGH,HIGH,NOT_USED_FOR_IDENTITY,HIGH,HIGH,"King Slide's official company history and current server-rail product pages identify server rail kits and related mechanical solutions as a long-standing core business serving cloud/data-center equipment, with durable IT-sector design and manufacturing capability.",official company product/IR; annual report or regulatory/industry source,"King Slide's official company history and current server-rail product pages identify server rail kits and related mechanical solutions as a long-standing core business serving cloud/data-center equipment, with durable IT-sector design and manufacturing capability.",3,https://www.kingslide.com/about_intro/|https://www.kingslide.com/products_cloud?___from_store=default&___store=default|https://www.kingslide.com/media/wysiwyg/company/investor/document/205920250508E001.pdf,current company profile; current cloud/server product page; 2024 investor presentation,HIGH,Direct server-supply-chain anchor; the broad residual topic should not be allowed to duplicate 2059's more precise server-rail identity elsewhere without PM governance.,false,2026-08-09,leader-set-research.v2
,其他 AI伺服器供應鏈,其他 AI伺服器供應鏈,3003,健策,0.50,NEEDS_REVIEW,LOW,LOW,NOT_USED_FOR_IDENTITY,MEDIUM,LOW,"The supplied stock overview labels code 3003 as 健策, but external issuer references identify 3003 as K.S. Terminals and identify Jentech/健策 as code 3653; no leader identity is assigned until the source master-data mismatch is corrected.",official company product/IR; annual report or regulatory/industry source,"The supplied stock overview labels code 3003 as 健策, but external issuer references identify 3003 as K.S. Terminals and identify Jentech/健策 as code 3653; no leader identity is assigned until the source master-data mismatch is corrected.",3,https://ksterminals.com/investor-faqs/|https://www.jentech.com.tw/companyprofile|https://www.twse.com.tw/pdf/en/3003_en.pdf,current K.S. Terminals investor FAQ; current Jentech company profile; current TWSE profile,LOW,Critical supplied code/name mismatch. Do not use Jentech evidence for code 3003; membership_review_needed is true and PM/master-data correction is required.,true,2026-08-09,leader-set-research.v2
,其他 AI伺服器供應鏈,其他 AI伺服器供應鏈,3013,晟銘電,0.75,CANDIDATE,HIGH,HIGH,NOT_USED_FOR_IDENTITY,MEDIUM_HIGH,HIGH,"Chenming's official financial statements and company materials identify computer/server cases and server-chassis manufacturing as core activities; company disclosures also document AI-server chassis, liquid-cooling cabinets and high-density infrastructure development.",official company product/IR; annual report or regulatory/industry source,"Chenming's official financial statements and company materials identify computer/server cases and server-chassis manufacturing as core activities; company disclosures also document AI-server chassis, liquid-cooling cabinets and high-density infrastructure development.",3,https://www.uneec.com/Content/Upload/Financial%20Information/%E8%B2%A1%E5%A0%B1/%E6%99%9F%E9%8A%98113Q4_%E5%80%8B%E9%AB%94_%E5%AE%8C%E7%A8%BF%E8%8B%B1%E6%96%87%E8%B2%A1%E5%A0%B1.pdf|https://www.uneec.com.tw/cn/new_data/24060609433820|https://www.uneec.com/,2024 annual financial statements; 2024-04-10 official company article; current company site,HIGH,"Strong server-chassis fit; liquid-cooling/AI evidence supports topic sensitivity but the proposed weight rests on durable chassis manufacturing, not current order momentum.",false,2026-08-09,leader-set-research.v2
,其他 AI伺服器供應鏈,其他 AI伺服器供應鏈,3653,健策,0.75,CANDIDATE,HIGH,HIGH,NOT_USED_FOR_IDENTITY,HIGH,HIGH,"Jentech's official site identifies high-performance thermal and precision mechanical solutions for AI-driven data centers, high-power CPUs/GPUs and AI/HPC server sockets, cold plates and micro-channel lids.",official company product/IR; annual report or regulatory/industry source,"Jentech's official site identifies high-performance thermal and precision mechanical solutions for AI-driven data centers, high-power CPUs/GPUs and AI/HPC server sockets, cold plates and micro-channel lids.",4,https://www.jentech.com.tw/|https://www.jentech.com.tw/heatspreader|https://www.jentech.com.tw/ic-socket-loading-mechanism|https://www.jentech.com.tw/vapor-chamber-lid-2,current official company site; current heat-spreader page; current socket page; current micro-channel-lid page,HIGH,"Direct AI/HPC component fit; it overlaps more specific liquid-cooling, heat-spreader and high-speed-interface topics, so reuse requires topic-specific governance.",false,2026-08-09,leader-set-research.v2
,其他 AI伺服器供應鏈,其他 AI伺服器供應鏈,3665,貿聯-KY,0.75,CANDIDATE,HIGH,HIGH,NOT_USED_FOR_IDENTITY,HIGH,HIGH,"BizLink's official data-center materials identify high-speed copper/fiber interconnects, server cables, power busbars and rack connections up to 800 Gbit/s and beyond, directly supporting AI-server infrastructure participation.",official company product/IR; annual report or regulatory/industry source,"BizLink's official data-center materials identify high-speed copper/fiber interconnects, server cables, power busbars and rack connections up to 800 Gbit/s and beyond, directly supporting AI-server infrastructure participation.",4,https://www.bizlinktech.com/|https://telecom-networking.bizlinktech.com/applications/data-center/|https://telecom-networking.bizlinktech.com/applications/bizlink-data-center-solutions/|https://www.bizlinktech.com/products/sfp28-qsfp28-direct-attach-cable,current official company site; current data-center application page; current data-center solutions page; current product page,HIGH,"Direct interconnect fit, but BizLink is also a structural leader in high-speed, automotive and connector topics; the broad residual topic should not double-count the same role without PM approval.",false,2026-08-09,leader-set-research.v2
,其他 AI伺服器供應鏈,其他 AI伺服器供應鏈,6414,樺漢,0.50,NEEDS_REVIEW,MEDIUM,MEDIUM,NOT_USED_FOR_IDENTITY,HIGH,HIGH,"Ennoconn's official site and annual-report material document AIoT, edge computing, cloud integration, industrial computing and AI solutions, including AI/edge-computing platforms and server/rack-related group capabilities.",official company product/IR; annual report or regulatory/industry source,"Ennoconn's official site and annual-report material document AIoT, edge computing, cloud integration, industrial computing and AI solutions, including AI/edge-computing platforms and server/rack-related group capabilities.",3,https://www.ennoconn.com/solutions/|https://www.ennoconn.com/subsidiaries/|https://www.ennoconn.com/wp-content/uploads/2025/05/EN_%E6%A8%BA%E6%BC%A2%E7%A7%91%E6%8A%80%E9%98%BF%E8%82%A1%E6%9D%B1%E6%9C%83%E5%B9%B4%E5%A0%B1_%E8%8B%B1%E6%96%87%E4%B8%8A%E5%82%B3%E6%AA%94.pdf,current solutions page; current subsidiaries page; 2024 annual report,MEDIUM,"AI/edge and industrial-computing evidence is durable, but direct server-component materiality is less specific than 2059, 3013, 3653 or 3665; retain NEEDS_REVIEW.",false,2026-08-09,leader-set-research.v2
,其他 AI視覺,其他 AI視覺,6419,京晨科,0.50,NEEDS_REVIEW,MEDIUM,LOW,NOT_USED_FOR_IDENTITY,MEDIUM,MEDIUM,"The supplied universe assigns 6419 to the broad other-AI-vision bucket, but direct current public evidence is insufficient for promotion; the row is retained to expose the classification gap rather than silently omit it.",official company product/IR; annual report or regulatory/industry source,"The supplied universe assigns 6419 to the broad other-AI-vision bucket, but direct current public evidence is insufficient for promotion; the row is retained to expose the classification gap rather than silently omit it.",1,https://www.twse.com.tw/pdf/en/6419_en.pdf,current TWSE company profile,LOW,Needs direct company product evidence and PM boundary decision; not a production leader.,false,2026-08-09,leader-set-research.v2
,其他 IC設計,其他 IC設計,2379,瑞昱,1.00,CANDIDATE,HIGH,HIGH,NOT_USED_FOR_IDENTITY,HIGH,HIGH,"Realtek's official ESG and company materials identify it as an IC-design company whose core business covers IC R&D, design, testing and sales across communications-network, computer-peripheral, multimedia and smart-interconnect products.",official company product/IR; annual report or regulatory/industry source,"Realtek's official ESG and company materials identify it as an IC-design company whose core business covers IC R&D, design, testing and sales across communications-network, computer-peripheral, multimedia and smart-interconnect products.",3,https://www.realtek.com/images/csr/2024_ESG_Report__EN.pdf|https://www.realtek.com/images/csr/2019_CSR_Report.pdf|https://www.realtek.com/Article/Index?lang=zh-TW&menu_id=324,2024 ESG report; 2019 CSR company profile; current company/product page,HIGH,Realtek overlaps with 網通 and 高速介面; keep this row tied to the supplied broad IC-design membership and govern cross-topic reuse separately.,true,2026-08-09,leader-set-research.v2
,其他 IC設計,其他 IC設計,2454,聯發科,1.00,CANDIDATE,HIGH,HIGH,NOT_USED_FOR_IDENTITY,HIGH,HIGH,"MediaTek's official company profile identifies TWSE 2454 as a leading global fabless semiconductor company and a market leader in SoC design for mobile, home entertainment, connectivity and IoT products.",official company product/IR; annual report or regulatory/industry source,"MediaTek's official company profile identifies TWSE 2454 as a leading global fabless semiconductor company and a market leader in SoC design for mobile, home entertainment, connectivity and IoT products.",3,https://www.mediatek.com/company/discover|https://cdn-www.mediatek.com/posts/2020-MediaTek-Annual-Report0121.pdf|https://careers.mediatek.com/en/jobs/MSL120240229000,current company profile; 2020 annual report; current company/careers profile,HIGH,"The supplied label is a broad residual IC-design topic; PM should decide whether dedicated subtopics such as ASIC, MCU and RISC-V take precedence over this broad set.",false,2026-08-09,leader-set-research.v2
,其他半導體設備,其他半導體設備,2360,致茂,1.00,CANDIDATE,HIGH,HIGH,NOT_USED_FOR_IDENTITY,HIGH,HIGH,"Chroma's official semiconductor/IC test materials identify a broad test-and-measurement platform spanning ATE, IC sorting and PXI/PXIe systems from R&D through volume production; it is a durable equipment anchor in the supplied topic.",official company product/IR; annual report or regulatory/industry source,"Chroma's official semiconductor/IC test materials identify a broad test-and-measurement platform spanning ATE, IC sorting and PXI/PXIe systems from R&D through volume production; it is a durable equipment anchor in the supplied topic.",3,https://www.chroma.com.tw/tw/test_solutions/semiconductor_ic_test_solution|https://www.chromaate.com/tw/chroma/highlights|https://www.chromaate.com/tw/newsroom/news966,current semiconductor test page; current company profile; 2025 semiconductor-test release,HIGH,Chroma spans multiple test markets; the proposed weight is specific to semiconductor equipment and does not replace any separate testing or measurement topic.,false,2026-08-09,leader-set-research.v2
,其他半導體設備,其他半導體設備,6196,帆宣,0.75,CANDIDATE,HIGH,HIGH,NOT_USED_FOR_IDENTITY,HIGH,HIGH,"Marketech's official materials and exchange profile identify high-tech equipment/material sales, customized equipment manufacturing and fab-facility automation/integration as core business capabilities, directly supporting semiconductor-equipment leadership.",official company product/IR; annual report or regulatory/industry source,"Marketech's official materials and exchange profile identify high-tech equipment/material sales, customized equipment manufacturing and fab-facility automation/integration as core business capabilities, directly supporting semiconductor-equipment leadership.",2,https://www.micb2b.com/|https://wwwc.twse.com.tw/pdf/ch/6196_ch.pdf,current company site; 2025-11-26 exchange profile,HIGH,Marketech is an integrator/distributor as well as an equipment developer; 0.75 keeps its role distinct from dedicated test-equipment and probe-card specialists.,false,2026-08-09,leader-set-research.v2
,其他半導體設備,其他半導體設備,6223,旺矽,1.00,CANDIDATE,HIGH,HIGH,NOT_USED_FOR_IDENTITY,HIGH,HIGH,"MPI's official materials describe a global semiconductor-testing platform covering probe cards, engineering and production test equipment, RF/high-power analysis, optoelectronic automation and HBM test technology; its equipment identity is structural and multi-cycle.",official company product/IR; annual report or regulatory/industry source,"MPI's official materials describe a global semiconductor-testing platform covering probe cards, engineering and production test equipment, RF/high-power analysis, optoelectronic automation and HBM test technology; its equipment identity is structural and multi-cycle.",3,https://www.mpi.com.tw/about/|https://www.mpi.com.tw/ast/|https://www.mpi.com.tw/probecard/about-mpi-pc/,current company profile; current advanced-test page; current probe-card page,HIGH,MPI is also a probe-card and test-interface leader; PM should govern how broad `其他半導體設備` may be and how it overlaps with `半導體設備零組件`.,false,2026-08-09,leader-set-research.v2
,其他半導體設備,其他半導體設備,6510,精測,0.75,CANDIDATE,HIGH,HIGH,NOT_USED_FOR_IDENTITY,MEDIUM_HIGH,HIGH,Chunghwa Precision Test's official materials identify probe cards as a continuing core development area and document its position as a global semiconductor-test-interface supplier; it is a focused equipment/interface representative.,official company product/IR; annual report or regulatory/industry source,Chunghwa Precision Test's official materials identify probe cards as a continuing core development area and document its position as a global semiconductor-test-interface supplier; it is a focused equipment/interface representative.,3,https://www.cht-pt.com.tw/xmdoc/cont?sid=0L158502416391397096&xsmsid=0G328551704882485281|https://www.cht-pt.com.tw/xmeventsnews/cont?sid=0K107722751690371880&xsmsid=0G328584354524406609|https://www.cht-pt.com.tw/files/file_pool/1/0N125575987141613359/112%E4%B8%AD%E8%8F%AF%E7%B2%BE%E6%B8%AC%E8%AD%B0%E4%BA%8B%E6%89%8B%E5%86%8A_CN%28%E4%B8%8A%E5%82%B3%E7%94%A8%29_0505.pdf,current probe-card page; company-published ranking release; 2023 shareholder material,HIGH,The strongest evidence is for probe-card interfaces rather than complete semiconductor equipment; retain 0.75 and keep `半導體設備零組件` overlap explicit.,false,2026-08-09,leader-set-research.v2
,其他原物料,其他原物料,3708,上緯投控,0.50,NEEDS_REVIEW,MEDIUM_HIGH,MEDIUM,NOT_USED_FOR_IDENTITY,MEDIUM_HIGH,HIGH,"The supplied membership and public-company identity support a composite/materials holding-company role, but the reviewed evidence is group-level and not specific enough to define leadership for the broad raw-material bucket.",official company product/IR; annual report or regulatory/industry source,"The supplied membership and public-company identity support a composite/materials holding-company role, but the reviewed evidence is group-level and not specific enough to define leadership for the broad raw-material bucket.",2,https://www.twse.com.tw/pdf/en/3708_en.pdf|https://www.swancor.com.tw/,current TWSE company profile; current group site,MEDIUM,Group/subsidiary exposure and broad-topic overlap require PM review; do not promote.,false,2026-08-09,leader-set-research.v2
,其他原物料,其他原物料,4721,美琪瑪,0.75,NEEDS_REVIEW,HIGH,MEDIUM,NOT_USED_FOR_IDENTITY,MEDIUM,HIGH,"Mechema's official financial materials and company disclosures support a durable specialty-chemical/materials identity, but the supplied 'other raw materials' bucket is too broad to establish a clean leader tier without a PM boundary decision.",official company product/IR; annual report or regulatory/industry source,"Mechema's official financial materials and company disclosures support a durable specialty-chemical/materials identity, but the supplied 'other raw materials' bucket is too broad to establish a clean leader tier without a PM boundary decision.",2,https://www.mechema.com/|https://www.mechema.com/uploads/1/3/0/1/130113178/%E7%BE%8E%E7%90%AA%E7%91%AA110q3%E5%90%88%E4%BD%B5%E8%B2%A1%E5%A0%B1_%E7%94%A8%E5%8D%B0___v3_.pdf,current company site; official financial report,MEDIUM,Broad-bucket classification debt: exact material family and topic materiality need PM confirmation.,true,2026-08-09,leader-set-research.v2
,其他原物料,其他原物料,4764,雙鍵,0.75,NEEDS_REVIEW,HIGH,MEDIUM,NOT_USED_FOR_IDENTITY,MEDIUM,HIGH,"DBC's official investor site confirms a durable chemical-materials manufacturing identity, but the broad supplied bucket does not state which material sub-family should define leadership.",official company product/IR; annual report or regulatory/industry source,"DBC's official investor site confirms a durable chemical-materials manufacturing identity, but the broad supplied bucket does not state which material sub-family should define leadership.",2,https://www.dbc.com.tw/tw/invest5.php|https://www.twse.com.tw/pdf/en/4764_en.pdf,current investor page; current TWSE company profile,MEDIUM,Needs topic-description alignment and direct product-family review before promotion.,false,2026-08-09,leader-set-research.v2
,其他原物料,其他原物料,6585,鼎基,0.75,NEEDS_REVIEW,HIGH,MEDIUM,NOT_USED_FOR_IDENTITY,MEDIUM,HIGH,"DingZing's official investor page confirms a listed advanced-materials company, but the evidence reviewed does not yet distinguish whether its material platform is representative of this broad bucket or a narrower specialty.",official company product/IR; annual report or regulatory/industry source,"DingZing's official investor page confirms a listed advanced-materials company, but the evidence reviewed does not yet distinguish whether its material platform is representative of this broad bucket or a narrower specialty.",2,https://www.dingzing.com/cn/IRInvestor|https://www.twse.com.tw/pdf/en/6585_en.pdf,current investor page; current TWSE company profile,MEDIUM,Keep NEEDS_REVIEW; broad raw-material topic should not be led by generic industrial-material association alone.,false,2026-08-09,leader-set-research.v2
,其他國防,其他國防,2634,漢翔,1.00,CANDIDATE,HIGH,HIGH,NOT_USED_FOR_IDENTITY,HIGH,HIGH,AIDC's official company site supports a durable aerospace/defense-system and aircraft-manufacturing identity; it is the broadest structural defense representative in the supplied set.,official company product/IR; annual report or regulatory/industry source,AIDC's official company site supports a durable aerospace/defense-system and aircraft-manufacturing identity; it is the broadest structural defense representative in the supplied set.,2,https://www.aidc.com.tw/|https://www.twse.com.tw/pdf/en/2634_en.pdf,current company site; current TWSE profile,HIGH,"Broad defense-system role is clear, but its aerospace-heavy mix should remain distinct from the military-ship topic.",false,2026-08-09,leader-set-research.v2
,其他國防,其他國防,3005,神基,0.50,NEEDS_REVIEW,MEDIUM_HIGH,MEDIUM,NOT_USED_FOR_IDENTITY,HIGH,HIGH,"Getac/神基 public materials support rugged-computing and defense/field-use relevance, but the supplied broad-defense label needs current company-level defense materiality confirmation.",official company product/IR; annual report or regulatory/industry source,"Getac/神基 public materials support rugged-computing and defense/field-use relevance, but the supplied broad-defense label needs current company-level defense materiality confirmation.",2,https://www.getac.com/|https://www.twse.com.tw/pdf/en/3005_en.pdf,current company site; current TWSE profile,MEDIUM,Keep NEEDS_REVIEW because rugged commercial/industrial computing is not automatically defense leadership.,false,2026-08-09,leader-set-research.v2
,其他國防,其他國防,5222,全訊,0.75,CANDIDATE,HIGH,HIGH,NOT_USED_FOR_IDENTITY,MEDIUM_HIGH,HIGH,"Transcom's official annual report states that its microwave communication products are used in defense radar systems, satellites, aircraft communications and weather applications, with in-house device, IC, amplifier and subsystem capabilities.",official company product/IR; annual report or regulatory/industry source,"Transcom's official annual report states that its microwave communication products are used in defense radar systems, satellites, aircraft communications and weather applications, with in-house device, IC, amplifier and subsystem capabilities.",2,https://www.transcominc.com.tw/upload/ckfinder_upload/files/data/113%E5%B9%B4%E5%B9%B4%E5%A0%B1-%E4%B8%AD%E6%96%87.pdf|https://www.twse.com.tw/pdf/en/5222_en.pdf,2024 annual report; current TWSE profile,HIGH,Strong specialist defense/radar role but narrower than AIDC's broad system platform.,false,2026-08-09,leader-set-research.v2
,其他大型權值,其他大型權值,2352,佳世達,1.00,CANDIDATE,HIGH,HIGH,NOT_USED_FOR_IDENTITY,HIGH,HIGH,"Qisda's official company materials support a durable, diversified electronics and display/ICT platform with global operations; it is a structural broad-large-cap representative rather than a one-day market leader.",official company product/IR; annual report or regulatory/industry source,"Qisda's official company materials support a durable, diversified electronics and display/ICT platform with global operations; it is a structural broad-large-cap representative rather than a one-day market leader.",2,https://www.qisda.com/en/|https://www.twse.com.tw/pdf/en/2352_en.pdf,current company site; current TWSE profile,MEDIUM_HIGH,Broad bucket is governance-driven; weight should not be interpreted as a valuation or index weight.,false,2026-08-09,leader-set-research.v2
,其他大型權值,其他大型權值,2409,友達,0.75,CANDIDATE,HIGH,HIGH,NOT_USED_FOR_IDENTITY,HIGH,HIGH,AUO's official company materials support a durable large-scale display and smart-solution platform; it is a broad electronics representative in the supplied large-cap bucket.,official company product/IR; annual report or regulatory/industry source,AUO's official company materials support a durable large-scale display and smart-solution platform; it is a broad electronics representative in the supplied large-cap bucket.,2,https://www.auo.com/en-global/|https://www.twse.com.tw/pdf/en/2409_en.pdf,current company site; current TWSE profile,MEDIUM_HIGH,Broad diversified identity; do not let large-cap status alone determine leadership.,false,2026-08-09,leader-set-research.v2
,其他大型權值,其他大型權值,7777,能率亞洲,0.50,NEEDS_REVIEW,MEDIUM,LOW,NOT_USED_FOR_IDENTITY,MEDIUM,MEDIUM,"The supplied classification includes 7777 in the broad large-cap bucket, but direct durable business evidence was not sufficiently refreshed; retain only as a review row.",official company product/IR; annual report or regulatory/industry source,"The supplied classification includes 7777 in the broad large-cap bucket, but direct durable business evidence was not sufficiently refreshed; retain only as a review row.",1,https://www.twse.com.tw/pdf/en/7777_en.pdf,current TWSE company profile,LOW,Do not promote without direct company/IR evidence; no market-cap-only inference.,false,2026-08-09,leader-set-research.v2
,其他能源,其他能源,1611,中電,0.50,NEEDS_REVIEW,MEDIUM,LOW,NOT_USED_FOR_IDENTITY,MEDIUM,MEDIUM,"The supplied membership places 1611 in other energy, but current direct evidence was not sufficiently refreshed to establish a durable energy-leader role.",official company product/IR; annual report or regulatory/industry source,"The supplied membership places 1611 in other energy, but current direct evidence was not sufficiently refreshed to establish a durable energy-leader role.",1,https://www.twse.com.tw/pdf/en/1611_en.pdf,current TWSE company profile,LOW,Keep NEEDS_REVIEW; no promotion from sector label alone.,false,2026-08-09,leader-set-research.v2
,其他能源,其他能源,6803,崑鼎,0.75,CANDIDATE,HIGH,HIGH,NOT_USED_FOR_IDENTITY,HIGH,HIGH,"Ecov e/崑鼎's official profile describes energy-from-waste, utility-facility operations, electrical maintenance and resource-circulation services, supporting a durable infrastructure/energy role.",official company product/IR; annual report or regulatory/industry source,"Ecov e/崑鼎's official profile describes energy-from-waste, utility-facility operations, electrical maintenance and resource-circulation services, supporting a durable infrastructure/energy role.",2,https://www.ecove.com/?C=0900&L=CH|https://www.twse.com.tw/pdf/en/6803_en.pdf,current company profile; current TWSE profile,MEDIUM_HIGH,Energy definition is broad and includes environmental services; PM should confirm that this layer belongs in the topic.,false,2026-08-09,leader-set-research.v2
,其他能源,其他能源,6806,森崴能源,1.00,CANDIDATE,HIGH,HIGH,NOT_USED_FOR_IDENTITY,HIGH,HIGH,"Shinfox's official profile describes renewable-energy development, solar/offshore/onshore wind, power-plant EPC and O&M, energy trading, storage and marine engineering, making it the broadest direct energy-services representative in the supplied set.",official company product/IR; annual report or regulatory/industry source,"Shinfox's official profile describes renewable-energy development, solar/offshore/onshore wind, power-plant EPC and O&M, energy trading, storage and marine engineering, making it the broadest direct energy-services representative in the supplied set.",3,https://www.shinfox.com.tw/aboutus.html|https://www.shinfox.com.tw/offshore_wind_power.html|https://www.twse.com.tw/pdf/ch/6806_ch.pdf,current company profile; current offshore-wind page; current TWSE profile,HIGH,Broad energy-services identity; separate offshore-wind and solar topics retain topic-specific boundaries.,false,2026-08-09,leader-set-research.v2
,其他被動元件,其他被動元件,3624,光頡,0.75,NEEDS_REVIEW,HIGH,MEDIUM,NOT_USED_FOR_IDENTITY,MEDIUM,HIGH,"The supplied membership identifies 3624 in the broad passive-component bucket, but the reviewed evidence did not yet establish a single product family that should define leadership.",official company product/IR; annual report or regulatory/industry source,"The supplied membership identifies 3624 in the broad passive-component bucket, but the reviewed evidence did not yet establish a single product family that should define leadership.",2,https://www.twse.com.tw/pdf/en/3624_en.pdf|https://www.passivecomponents.com/,current TWSE profile; current passive-components industry source,MEDIUM,Broad passive-component classification requires product-family and materiality review.,true,2026-08-09,leader-set-research.v2
,其他被動元件,其他被動元件,6821,聯寶,0.75,NEEDS_REVIEW,HIGH,MEDIUM,NOT_USED_FOR_IDENTITY,MEDIUM,HIGH,"The supplied membership supports a passive-component identity, but current public product evidence was not sufficiently specific to distinguish an other-passive leader from an inductor/capacitor specialist.",official company product/IR; annual report or regulatory/industry source,"The supplied membership supports a passive-component identity, but current public product evidence was not sufficiently specific to distinguish an other-passive leader from an inductor/capacitor specialist.",1,https://www.twse.com.tw/pdf/en/6821_en.pdf,current TWSE company profile,MEDIUM,Keep NEEDS_REVIEW and resolve product-family boundary before approval.,false,2026-08-09,leader-set-research.v2
,其他車用電子,其他車用電子,1319,東陽,1.00,CANDIDATE,HIGH,HIGH,NOT_USED_FOR_IDENTITY,HIGH,HIGH,"Tong Yang's official annual report and investor materials describe a durable automotive body-parts platform, including major OEM plastic-part supply in Taiwan, global aftermarket scale and ongoing lightweighting/EV development.",official company product/IR; annual report or regulatory/industry source,"Tong Yang's official annual report and investor materials describe a durable automotive body-parts platform, including major OEM plastic-part supply in Taiwan, global aftermarket scale and ongoing lightweighting/EV development.",3,https://www.tyg.com.tw/assets/data/annual-report114.pdf|https://www.twse.com.tw/staticFiles/news/event/8a8216d6933460a401934d2cec1900a7.pdf|https://www.cieca.org.tw/v_comm/inc/download_file.asp?fid=39983&re_id=2998,2024 annual report; 2024-11 investor presentation; 2025 automotive-industry profile,HIGH,Tong Yang is a body/interior/aftermarket parts leader rather than a semiconductor-electronics specialist; PM should confirm the broad supplied `其他車用電子` label intentionally includes automotive components.,false,2026-08-09,leader-set-research.v2
,其他車用電子,其他車用電子,6279,胡連,0.75,CANDIDATE,HIGH,HIGH,NOT_USED_FOR_IDENTITY,MEDIUM_HIGH,HIGH,"Hulane's official company site identifies more than 50 years of automotive connector and terminal development, high-voltage EV connectors, high-frequency connectivity and ADAS-related solutions; this is a direct structural automotive-electronics representative.",official company product/IR; annual report or regulatory/industry source,"Hulane's official company site identifies more than 50 years of automotive connector and terminal development, high-voltage EV connectors, high-frequency connectivity and ADAS-related solutions; this is a direct structural automotive-electronics representative.",3,https://www.hulane.com.tw/|https://connector.hulane.com.tw/zh-cn|https://www.hulane.com.tw/product-search,current company site; current product/company page; current product-search page,HIGH,The company overlaps with the separate automotive-connector topic; retain a separate topic-specific weight and do not infer membership changes.,true,2026-08-09,leader-set-research.v2
,其他車用電子,其他車用電子,6605,帝寶,0.75,CANDIDATE,HIGH,HIGH,NOT_USED_FOR_IDENTITY,HIGH,HIGH,"DEPO's official company profile describes a durable international automotive-lamp manufacturing identity, broad global customer coverage and repeated brand/industry recognition; vehicle lighting is a clear representative automotive-electronics component.",official company product/IR; annual report or regulatory/industry source,"DEPO's official company profile describes a durable international automotive-lamp manufacturing identity, broad global customer coverage and repeated brand/industry recognition; vehicle lighting is a clear representative automotive-electronics component.",2,https://www.depo.com.tw/company_tw_1.php|https://www.depo.com.tw/faq_tw.php?id=2352,current company profile; current quality/FAQ page,HIGH,The role is automotive lighting rather than ADAS or power electronics; 0.75 reflects strong structural relevance without implying a single automotive-electronics taxonomy.,false,2026-08-09,leader-set-research.v2
,其他通訊光電,其他通訊光電,3339,泰谷,1.00,CANDIDATE,HIGH,HIGH,NOT_USED_FOR_IDENTITY,MEDIUM,HIGH,"Tekcore's official company profile identifies high-power laser-diode epitaxy and a strategic focus on optical communications and silicon photonics, directly supporting a communications-optoelectronics role.",official company product/IR; annual report or regulatory/industry source,"Tekcore's official company profile identifies high-power laser-diode epitaxy and a strategic focus on optical communications and silicon photonics, directly supporting a communications-optoelectronics role.",2,https://www.tekcore.com.tw/zh-TW/about|https://www.twse.com.tw/pdf/en/3339_en.pdf,current company profile; current TWSE profile,HIGH,Upstream optical-device role; keep distinct from finished optical-transceiver names.,false,2026-08-09,leader-set-research.v2
,其他通訊光電,其他通訊光電,3504,揚明光,0.75,NEEDS_REVIEW,MEDIUM_HIGH,MEDIUM,NOT_USED_FOR_IDENTITY,MEDIUM,HIGH,"Young Optics' official profile establishes precision optical components, lenses, coatings and measurement capabilities, but current communications-specific materiality remains unclear.",official company product/IR; annual report or regulatory/industry source,"Young Optics' official profile establishes precision optical components, lenses, coatings and measurement capabilities, but current communications-specific materiality remains unclear.",2,https://www.youngoptics.com/|https://www.twse.com.tw/pdf/en/3504_en.pdf,current company site; current TWSE profile,MEDIUM,Keep NEEDS_REVIEW until communications/optical-network applications are shown to be a core durable business.,false,2026-08-09,leader-set-research.v2
,其他通訊光電,其他通訊光電,5371,中光電,0.75,NEEDS_REVIEW,MEDIUM_HIGH,MEDIUM,NOT_USED_FOR_IDENTITY,HIGH,HIGH,"Coretronic's official materials support a durable optoelectronics/display and projection platform, but current communications-specific product materiality is not sufficiently isolated for promotion in this bucket.",official company product/IR; annual report or regulatory/industry source,"Coretronic's official materials support a durable optoelectronics/display and projection platform, but current communications-specific product materiality is not sufficiently isolated for promotion in this bucket.",2,https://www.coretronic.com/news/jW03Ny/detail|https://www.twse.com.tw/pdf/en/5371_en.pdf,current official news; current TWSE profile,MEDIUM,Broad optoelectronics exposure may be adjacent to communications; keep NEEDS_REVIEW.,false,2026-08-09,leader-set-research.v2
,其他連接器,其他連接器,3322,建舜電,1.00,CANDIDATE,HIGH,MEDIUM_HIGH,NOT_USED_FOR_IDENTITY,MEDIUM,HIGH,"Joins oon is the sole supplied PRIMARY member and has direct official evidence for connector/cable assemblies across computer, communication, consumer and medical applications.",official company product/IR; annual report or regulatory/industry source,"Joins oon is the sole supplied PRIMARY member and has direct official evidence for connector/cable assemblies across computer, communication, consumer and medical applications.",2,https://www.jem.com.tw/en/webfiles/5071ca49-9151-446a-9375-9fc647a467d5.pdf|https://www.jem.com.tw/Investor.aspx?ID=%7B7121f158-e0ff-436c-a0f4-65a4e4d3e728%7D&Type=0,2024 annual report; current investor page,HIGH,Single-name set reflects the supplied PRIMARY universe; no adjacent connector names were added.,false,2026-08-09,leader-set-research.v2
,功率 MOSFET,功率 MOSFET,2342,茂矽,1.00,CANDIDATE,HIGH,HIGH,NOT_USED_FOR_IDENTITY,HIGH,HIGH,"Mosel Vitelic's official company profile and latest available annual report identify Trench Power MOSFET, IGBT, diodes and power-semiconductor wafer foundry as long-running core businesses, with automotive, industrial and green-energy applications.",official company product/IR; annual report or regulatory/industry source,"Mosel Vitelic's official company profile and latest available annual report identify Trench Power MOSFET, IGBT, diodes and power-semiconductor wafer foundry as long-running core businesses, with automotive, industrial and green-energy applications.",3,https://www.mosel.com.tw/eng/about_1.html|https://www.mosel.com.tw/eng/assets/Files/113%E5%B9%B4%E5%A0%B1-%E8%8B%B1%E6%96%87.pdf|https://www.mosel.com.tw/File_Upload/20250523105100.pdf,current English company profile; 2024 annual report; 2024 annual report Chinese source,HIGH,2342 also belongs to the supplied power-diode and IGBT-related universe; apply separate topic-specific weights if reused.,false,2026-08-09,leader-set-research.v2
,功率 MOSFET,功率 MOSFET,3317,尼克森,0.75,CANDIDATE,HIGH,MEDIUM_HIGH,NOT_USED_FOR_IDENTITY,MEDIUM,HIGH,"Niko Semiconductor's official product site centers on MOSFET, DrMOS, SiC MOSFET and SiC diode products; its annual report documents continued PowerFET product development and packaging technology.",official company product/IR; annual report or regulatory/industry source,"Niko Semiconductor's official product site centers on MOSFET, DrMOS, SiC MOSFET and SiC diode products; its annual report documents continued PowerFET product development and packaging technology.",2,https://www.niko-sem.com/|https://www.niko-sem.com/userfiles/nikosem/files/114AnnualReport.pdf,current product site; 2024 annual report,HIGH,Niko is a smaller specialist and has related SiC/diode exposure; 0.75 reflects strong fit without using size alone as a leadership claim.,false,2026-08-09,leader-set-research.v2
,功率 MOSFET,功率 MOSFET,5299,杰力,0.75,CANDIDATE,HIGH,MEDIUM_HIGH,NOT_USED_FOR_IDENTITY,MEDIUM,HIGH,"Excelliance MOS's official investor profile identifies TWSE 5299's main business as power devices and power-management ICs, providing a durable design-led representative of the supplied Power MOSFET topic.",official company product/IR; annual report or regulatory/industry source,"Excelliance MOS's official investor profile identifies TWSE 5299's main business as power devices and power-management ICs, providing a durable design-led representative of the supplied Power MOSFET topic.",3,https://www.excelliancemos.com/en/investors/|https://www.excelliancemos.com/investors/|https://file.excelliancemos.com/esg/ESGreport2022.pdf,current English investor profile; current Chinese investor profile; 2022 ESG report,HIGH,Public evidence confirms the power-device identity but is less product-specific than Mosel/Niko; keep at 0.75 pending current product-family disclosure.,false,2026-08-09,leader-set-research.v2
,功率二極體／整流器,功率二極體／整流器,2481,強茂,0.75,CANDIDATE,HIGH,HIGH,NOT_USED_FOR_IDENTITY,HIGH,HIGH,"Panjit's official milestone and product material identify TWSE 2481 as an international semiconductor supplier with discrete components, MOSFET and diode product development, including power applications.",official company product/IR; annual report or regulatory/industry source,"Panjit's official milestone and product material identify TWSE 2481 as an international semiconductor supplier with discrete components, MOSFET and diode product development, including power applications.",2,https://panjit.com.tw/tw/About/Milestone|https://panjit.com.tw/upload/2021_04_1612/2021041618202869j07ylgx1.pdf,current milestone page; company product/profile material,MEDIUM_HIGH,The available public material is less detailed on current rectifier mix than Taiwan Semiconductor; keep at 0.75 pending a current annual report/product-family refresh.,false,2026-08-09,leader-set-research.v2
,功率二極體／整流器,功率二極體／整流器,5425,台半,1.00,CANDIDATE,HIGH,HIGH,NOT_USED_FOR_IDENTITY,HIGH,HIGH,"Taiwan Semiconductor's official company profile identifies decades-long core competence in discrete power rectifiers, with Trench Schottky, MOSFET, power transistor, LED-driver, analog IC and ESD product families.",official company product/IR; annual report or regulatory/industry source,"Taiwan Semiconductor's official company profile identifies decades-long core competence in discrete power rectifiers, with Trench Schottky, MOSFET, power transistor, LED-driver, analog IC and ESD product families.",3,https://taiwansemi.com/en/company-profile/|https://www.taiwansemi.com/en/wp-content/uploads/2024/06/Annual-Report_TSC_2023.pdf|https://www.taiwansemi.com/zh_tw/company-profile/,current company profile; 2023 annual report; current Chinese profile,HIGH,5425 is also a MOSFET supplier; this 1.00 is specific to the supplied rectifier/diode topic where the company describes a long-standing core competence.,false,2026-08-09,leader-set-research.v2
,化工原料／塑化報價,化工原料／塑化報價,1304,台聚,0.75,NEEDS_REVIEW,HIGH,MEDIUM_HIGH,NOT_USED_FOR_IDENTITY,HIGH,HIGH,"USI's official company identity supports a durable petrochemical/materials role, but current product-price exposure and materiality for the supplied quotation topic require a direct latest annual-report review.",official company product/IR; annual report or regulatory/industry source,"USI's official company identity supports a durable petrochemical/materials role, but current product-price exposure and materiality for the supplied quotation topic require a direct latest annual-report review.",2,https://www.usife.com.tw/|https://www.twse.com.tw/pdf/en/1304_en.pdf,current company site; current TWSE profile,MEDIUM,Keep NEEDS_REVIEW until current product mix and quotation sensitivity are refreshed; price moves are not leader evidence.,false,2026-08-09,leader-set-research.v2
,化工原料／塑化報價,化工原料／塑化報價,1326,台化,1.00,CANDIDATE,HIGH,HIGH,NOT_USED_FOR_IDENTITY,HIGH,HIGH,"Formosa Chemicals' official company profile and annual-report materials establish a large integrated petrochemical platform spanning basic/intermediate raw materials, plastics and synthetic fibers, directly matching the supplied chemical/plastics quotation topic.",official company product/IR; annual report or regulatory/industry source,"Formosa Chemicals' official company profile and annual-report materials establish a large integrated petrochemical platform spanning basic/intermediate raw materials, plastics and synthetic fibers, directly matching the supplied chemical/plastics quotation topic.",2,https://www.fcfc.com.tw/|https://www.twse.com.tw/pdf/en/1326_en.pdf,current company site; current TWSE profile,HIGH,"Integrated group spans many chemical chains; weight reflects structural industry representation, not commodity-price timing.",false,2026-08-09,leader-set-research.v2
,化工原料／塑化報價,化工原料／塑化報價,6505,台塑化,0.75,CANDIDATE,HIGH,HIGH,NOT_USED_FOR_IDENTITY,HIGH,HIGH,"FPCC's official annual report identifies petroleum refining, basic petrochemicals and plastics-related materials as core operations, supporting a durable upstream chemical/quotation representative.",official company product/IR; annual report or regulatory/industry source,"FPCC's official annual report identifies petroleum refining, basic petrochemicals and plastics-related materials as core operations, supporting a durable upstream chemical/quotation representative.",2,https://www.fpcc.com.tw/uploads/images/ir/%E5%8F%B0%E5%A1%91%E7%9F%B3%E5%8C%96113%E5%B9%B4%E8%82%A1%E6%9D%B1%E6%9C%83%E5%B9%B4%E5%A0%B1.pdf|https://www.fpcc.com.tw/,2024 annual report; current company site,HIGH,Refining and petrochemical exposure overlap; PM should confirm whether the topic is intended to include integrated oil/petrochemical names.,false,2026-08-09,leader-set-research.v2
,半導體原料,半導體原料,2426,鼎元,0.50,NEEDS_REVIEW,MEDIUM_HIGH,MEDIUM_HIGH,NOT_USED_FOR_IDENTITY,MEDIUM,HIGH,"Tyntek's official materials identify compound-semiconductor devices, Si devices, LED/laser products and sensing components; this establishes semiconductor-material/device relevance but not a clear raw-material or wafer-supplier identity.",official company product/IR; annual report or regulatory/industry source,"Tyntek's official materials identify compound-semiconductor devices, Si devices, LED/laser products and sensing components; this establishes semiconductor-material/device relevance but not a clear raw-material or wafer-supplier identity.",3,https://www.tyntek.com.tw/en/about.php|https://www.tyntek.com.tw/products_top.php|https://www.tyntek.com.tw/investor.php?cs=1&sn=12,current company profile; current product catalog; current investor page,MEDIUM,Classification debt is material: the public evidence points to devices and optoelectronics rather than upstream raw materials. Keep NEEDS_REVIEW until the topic definition or membership is clarified.,true,2026-08-09,leader-set-research.v2
,半導體原料,半導體原料,4971,IET-KY,1.00,CANDIDATE,HIGH,HIGH,NOT_USED_FOR_IDENTITY,MEDIUM_HIGH,HIGH,"IntelliEPI's official materials identify III-V compound-semiconductor epitaxial wafers as the core business, covering InP, GaAs and GaSb for high-speed optical communication, wireless, defense sensing and quantum applications; this is a direct upstream-material representative.",official company product/IR; annual report or regulatory/industry source,"IntelliEPI's official materials identify III-V compound-semiconductor epitaxial wafers as the core business, covering InP, GaAs and GaSb for high-speed optical communication, wireless, defense sensing and quantum applications; this is a direct upstream-material representative.",4,https://www.intelliepi.com/tw/news.html|https://www.intelliepi.com.tw/profile.html|https://www.intelliepi.com.tw/investors.html|https://www.intelliepi.com/tw/doc/%E6%B0%B8%E7%BA%8C%E5%A0%B1%E5%91%8A%E4%B8%AD%E6%96%87%E7%89%88.pdf,current company news/profile; current investor page; 2025 sustainability report,HIGH,The supplied topic is broader than III-V epitaxy; this candidate is strongest if PM defines semiconductor raw material to include compound-semiconductor epi wafers.,false,2026-08-09,leader-set-research.v2
,半導體原料,半導體原料,4991,環宇-KY,0.75,CANDIDATE,HIGH,HIGH,NOT_USED_FOR_IDENTITY,MEDIUM_HIGH,HIGH,"GCS's official company profile and annual report identify a pure-play III-V compound-semiconductor wafer-foundry platform for GaAs, InP and GaN RF, power and optoelectronic devices; it is an upstream wafer/material influence but not a raw-material producer in the narrowest sense.",official company product/IR; annual report or regulatory/industry source,"GCS's official company profile and annual report identify a pure-play III-V compound-semiconductor wafer-foundry platform for GaAs, InP and GaN RF, power and optoelectronic devices; it is an upstream wafer/material influence but not a raw-material producer in the narrowest sense.",4,https://gcsincorp.com/tc/about/company_profile.php|https://www.gcsincorp.com/pdf/2023_Annual_Report.pdf|https://ic.tpex.org.tw/company_chain.php?stk_code=4991|https://gcsincorp.com/tc/,current company profile; 2023 annual report; current TPEx industry-chain record; current company site,HIGH,"This is a wafer-foundry/device platform, so 0.75 is conditional on PM accepting wafer manufacturing as part of the supplied `半導體原料` label.",false,2026-08-09,leader-set-research.v2
,半導體設備零組件,半導體設備零組件,3413,京鼎,1.00,CANDIDATE,HIGH,HIGH,NOT_USED_FOR_IDENTITY,HIGH,HIGH,"Foxsemicon's public disclosure identifies semiconductor and automation equipment, modules and key components as core businesses, with key-component revenue a material part of its operating structure.",official company product/IR; annual report or regulatory/industry source,"Foxsemicon's public disclosure identifies semiconductor and automation equipment, modules and key components as core businesses, with key-component revenue a material part of its operating structure.",3,https://www.megasec.com.tw/emega/upload/bulletin/160c522490e000000322.pdf|https://www.gudeng.com/|https://www.twse.com.tw/pdf/en/3413_en.pdf,public company disclosure; current company site; current TWSE profile,HIGH,Direct structural fit; confirm current product mix after the next IR refresh.,false,2026-08-09,leader-set-research.v2
,半導體設備零組件,半導體設備零組件,6830,汎銓,0.75,CANDIDATE,HIGH,HIGH,NOT_USED_FOR_IDENTITY,MEDIUM_HIGH,HIGH,"MA-tek's official site describes analytical services across IC design, manufacturing, packaging and testing, positioning the company as a semiconductor R&D/metrology partner and critical process-support supplier.",official company product/IR; annual report or regulatory/industry source,"MA-tek's official site describes analytical services across IC design, manufacturing, packaging and testing, positioning the company as a semiconductor R&D/metrology partner and critical process-support supplier.",3,https://www.matek.com/en/|https://www.msscorps.com/Default.asp?char_set=tw|https://www.twse.com.tw/pdf/en/6830_en.pdf,current official company site; current Chinese company site; current TWSE profile,HIGH,The role is analytical/metrology service rather than a hardware component; PM should confirm that the supplied broad equipment-component topic includes this process-support layer.,false,2026-08-09,leader-set-research.v2
,半導體設備零組件,半導體設備零組件,8091,翔名,0.75,CANDIDATE,HIGH,HIGH,NOT_USED_FOR_IDENTITY,MEDIUM,HIGH,"Feedback Technology's official profile states that it localizes critical semiconductor-equipment components made from graphite, molybdenum, tungsten, tantalum, SiC and silicon; this is a direct consumables/key-components identity.",official company product/IR; annual report or regulatory/industry source,"Feedback Technology's official profile states that it localizes critical semiconductor-equipment components made from graphite, molybdenum, tungsten, tantalum, SiC and silicon; this is a direct consumables/key-components identity.",3,https://www.feedback.com.tw/tw/about|https://www.feedback.com.tw/tw/investors/1212|https://www.twse.com.tw/pdf/en/8091_en.pdf,current company profile; current sustainability/IR page; current TWSE profile,HIGH,Direct key-component fit; its aerospace precision-material work should not be conflated with semiconductor-equipment leadership.,false,2026-08-09,leader-set-research.v2
,商辦／都市更新,商辦／都市更新,2348,海悅,0.75,CANDIDATE,HIGH,MEDIUM_HIGH,NOT_USED_FOR_IDENTITY,MEDIUM_HIGH,HIGH,"Hiyes' official group materials describe its first large commercial real-estate project, building development subsidiaries and an urban-renewal-related investment portfolio, supporting a clear but smaller commercial/renewal role.",official company product/IR; annual report or regulatory/industry source,"Hiyes' official group materials describe its first large commercial real-estate project, building development subsidiaries and an urban-renewal-related investment portfolio, supporting a clear but smaller commercial/renewal role.",3,https://www.hiyesbuild.com.tw/about/|https://www.hiyes-group.com.tw/upload/finance_report/f6699e8dbe17433990d6a3fe50ea936b.pdf|https://www.uiur.com.tw/news-202412021/,current group profile; financial report; 2024-12-02 urban-renewal industry article,MEDIUM_HIGH,Some urban-renewal evidence is subsidiary or project-level; retain 0.75 and verify current parent-company materiality before approval.,false,2026-08-09,leader-set-research.v2
,商辦／都市更新,商辦／都市更新,2542,興富發,0.75,CANDIDATE,HIGH,HIGH,NOT_USED_FOR_IDENTITY,HIGH,HIGH,"Highwealth's official urban-renewal page lists multiple renewal projects and its ESG material identifies participation in urban renewal and government-led redevelopment, supporting a major commercial/renewal representative.",official company product/IR; annual report or regulatory/industry source,"Highwealth's official urban-renewal page lists multiple renewal projects and its ESG material identifies participation in urban renewal and government-led redevelopment, supporting a major commercial/renewal representative.",3,https://www.highwealth.com.tw/renewal.php|https://esg.highwealth.com.tw/building/supply-chain|https://www.highwealth.com.tw/about.php,current urban-renewal page; current ESG page; current company profile,HIGH,The group's residential development remains large; 0.75 reflects clear renewal evidence without treating it as a pure commercial developer.,false,2026-08-09,leader-set-research.v2
,商辦／都市更新,商辦／都市更新,2548,華固,1.00,CANDIDATE,HIGH,HIGH,NOT_USED_FOR_IDENTITY,HIGH,HIGH,"Huaku's official disclosures explicitly describe office/commercial projects, ongoing urban-renewal strategy and simultaneous residential/office development, making it a durable structural representative of the supplied mixed commercial-renewal topic.",official company product/IR; annual report or regulatory/industry source,"Huaku's official disclosures explicitly describe office/commercial projects, ongoing urban-renewal strategy and simultaneous residential/office development, making it a durable structural representative of the supplied mixed commercial-renewal topic.",3,https://www.huaku.com.tw/files/uploads/investor_shareholder/2026_shareholder_C07.pdf|https://www.huaku.com.tw/about|https://www.twse.com.tw/,2026 shareholder material; current company profile; exchange/regulatory portal,HIGH,Commercial and renewal exposure is meaningful but mixed with residential development; retain topic-specific governance rather than reusing the residential weight automatically.,false,2026-08-09,leader-set-research.v2
,固態電容,固態電容,2472,立隆電,0.75,CANDIDATE,HIGH,HIGH,NOT_USED_FOR_IDENTITY,MEDIUM_HIGH,HIGH,"Lelon’s official product pages cover organic conductive-polymer solid capacitors, hybrid aluminum capacitors and a broad aluminum-electrolytic portfolio; its annual-report material identifies solid-state capacitor as a strategic product line.",official company product/IR; annual report or regulatory/industry source,"Lelon’s official product pages cover organic conductive-polymer solid capacitors, hybrid aluminum capacitors and a broad aluminum-electrolytic portfolio; its annual-report material identifies solid-state capacitor as a strategic product line.",3,https://www.lelon.com.tw/tw/product.php|https://www.lelon.com.tw/tw/|https://www.lelon.com.tw/upload/inves1/159005072669.pdf,current product page; current company site; official company report,HIGH,Broad aluminum-capacitor group; keep below APAQ for the solid-state-specific topic.,false,2026-08-09,leader-set-research.v2
,固態電容,固態電容,6449,鈺邦,1.00,CANDIDATE,HIGH,HIGH,NOT_USED_FOR_IDENTITY,MEDIUM_HIGH,HIGH,"APAQ's official company profile states that the company is a specialist conductive-polymer solid-state capacitor manufacturer with winding and chip-type solid capacitors, long production experience and ongoing R&D.",official company product/IR; annual report or regulatory/industry source,"APAQ's official company profile states that the company is a specialist conductive-polymer solid-state capacitor manufacturer with winding and chip-type solid capacitors, long production experience and ongoing R&D.",3,https://www.apaq.com.tw/zh-TW/page/company-profile.html|https://www.apaq.com.tw/zh-TW/news/APAQ-news-2023-03.html|https://www.apaq.com.tw/Templates/att/113-Annual-report.ch.pdf?lng=zh-TW,current company profile; 2023 official article; 2024 annual report,HIGH,"Direct specialist fit; weight reflects product identity, not market-cap status.",false,2026-08-09,leader-set-research.v2
,固態電容,固態電容,8042,金山電,0.50,NEEDS_REVIEW,MEDIUM_HIGH,MEDIUM,NOT_USED_FOR_IDENTITY,MEDIUM,HIGH,"The supplied membership and public company profile indicate an aluminum-capacitor manufacturer, but current solid-state-specific product evidence was not sufficiently refreshed.",official company product/IR; annual report or regulatory/industry source,"The supplied membership and public company profile indicate an aluminum-capacitor manufacturer, but current solid-state-specific product evidence was not sufficiently refreshed.",1,https://www.twse.com.tw/pdf/en/8042_en.pdf,current TWSE company profile,MEDIUM,Keep NEEDS_REVIEW until a current official catalogue separates solid-state from general aluminum capacitors.,false,2026-08-09,leader-set-research.v2
,大型電子權值,大型電子權值,2317,鴻海,0.75,CANDIDATE,HIGH,HIGH,NOT_USED_FOR_IDENTITY,HIGH,HIGH,"Foxconn's official releases describe AI-server vertical integration, rack-scale systems and data-center infrastructure within a global electronics-manufacturing platform, supporting a durable large-cap role.",official company product/IR; annual report or regulatory/industry source,"Foxconn's official releases describe AI-server vertical integration, rack-scale systems and data-center infrastructure within a global electronics-manufacturing platform, supporting a durable large-cap role.",3,https://www.foxconn.com/en-us/press-center/press-releases/latest-news/2054|https://www.foxconn.com/en-us/press-center/press-releases/latest-news/2052|https://www.twse.com.tw/pdf/en/2317_en.pdf,2026-06-04 official releases; current TWSE profile,HIGH,Diversified group and overlap with AI-server ODM; use separate topic-specific weights.,false,2026-08-09,leader-set-research.v2
,大型電子權值,大型電子權值,2330,台積電,1.00,CANDIDATE,HIGH,HIGH,NOT_USED_FOR_IDENTITY,HIGH,HIGH,"TSMC's official annual report and company materials document global foundry scale, technology leadership and AI/HPC packaging capacity, providing a durable structural anchor for this broad electronics-weight topic.",official company product/IR; annual report or regulatory/industry source,"TSMC's official annual report and company materials document global foundry scale, technology leadership and AI/HPC packaging capacity, providing a durable structural anchor for this broad electronics-weight topic.",2,https://investor.tsmc.com/static/annualReports/2024/english/index.html|https://www.twse.com.tw/pdf/en/2330_en.pdf,2024 annual report; current TWSE profile,HIGH,Broad large-cap topic overlaps with foundry and CoWoS; the candidate is topic-specific and does not change those sets.,false,2026-08-09,leader-set-research.v2
,大型電子權值,大型電子權值,2382,廣達,0.75,CANDIDATE,HIGH,HIGH,NOT_USED_FOR_IDENTITY,HIGH,HIGH,"Quanta's official server and annual-report materials document a global ICT/data-center system platform, supporting a durable large-cap electronics role in addition to its AI-server topic-specific candidate.",official company product/IR; annual report or regulatory/industry source,"Quanta's official server and annual-report materials document a global ICT/data-center system platform, supporting a durable large-cap electronics role in addition to its AI-server topic-specific candidate.",3,https://www.quantatw.com/Quanta/english/product/qci_es.aspx|https://www.quantatw.com/quanta/english/investment/annualreports.aspx|https://www.twse.com.tw/pdf/en/2382_en.pdf,current product page; current annual-report index; current TWSE profile,HIGH,Avoid double-counting: large-cap weight is not a substitute for the separate AI-server ODM decision.,false,2026-08-09,leader-set-research.v2
,太陽能,太陽能,3576,聯合再生,1.00,CANDIDATE,HIGH,HIGH,NOT_USED_FOR_IDENTITY,HIGH,HIGH,"URE's official company profile lists solar cells, modules, wafers and related systems as its principal businesses; current investor materials continue to position it as a solar-module and total renewable-energy solution provider.",official company product/IR; annual report or regulatory/industry source,"URE's official company profile lists solar cells, modules, wafers and related systems as its principal businesses; current investor materials continue to position it as a solar-module and total renewable-energy solution provider.",3,https://www.urecorp.com/investors/abouture/66/|https://www.urecorp.com/investors/|https://www.urecorp.com/news_detail/news20260708/,current company profile; current investor-relations page; 2026-07-08 market/product release,HIGH,The issuer has also pursued storage and other energy solutions; the 1.00 weight is for the supplied solar topic only and does not rank its storage role.,false,2026-08-09,leader-set-research.v2
,太陽能,太陽能,6244,茂迪,0.75,CANDIDATE,HIGH,HIGH,NOT_USED_FOR_IDENTITY,MEDIUM_HIGH,HIGH,"Motech's official investor and sustainability materials identify solar-cell and solar-module development and manufacturing as a durable core business, with long-standing photovoltaic production capability rather than a short-term thematic association.",official company product/IR; annual report or regulatory/industry source,"Motech's official investor and sustainability materials identify solar-cell and solar-module development and manufacturing as a durable core business, with long-standing photovoltaic production capability rather than a short-term thematic association.",3,https://www.motech.com.tw/investors/twse.php|https://www.motech.com.cn/doc/sd/Motech_ESG_report_2024.pdf|https://www.twse.com.tw/pdf/en/6244_en.pdf,current official investor page; 2024 sustainability report; current TWSE profile,HIGH,"Direct solar-cell/module fit; the broad topic includes both upstream and downstream solar names, so the weight should not be compared mechanically with wafer or system specialists.",false,2026-08-09,leader-set-research.v2
,太陽能,太陽能,6443,元晶,0.75,CANDIDATE,HIGH,HIGH,NOT_USED_FOR_IDENTITY,MEDIUM_HIGH,HIGH,"TSEC's official annual-report and operating-information materials identify solar-cell and module manufacturing as the company's core operating identity, including ongoing photovoltaic product and capacity disclosures.",official company product/IR; annual report or regulatory/industry source,"TSEC's official annual-report and operating-information materials identify solar-cell and module manufacturing as the company's core operating identity, including ongoing photovoltaic product and capacity disclosures.",4,https://www.tsecpv.com/|https://www.tsecpv.com/en/storage/2025/03/2023-%E8%8B%B1%E6%96%87%E7%89%88-%E8%82%A1%E6%9D%B1%E6%9C%83%E5%B9%B4%E5%A0%B1.pdf|https://www.tsecpv.com/monthly-operating-information/|https://www.twse.com.tw/pdf/en/6443_en.pdf,current company site; annual report; current operating-information page; current TWSE profile,HIGH,Direct solar manufacturing identity; keep separate from power-generation/developer names if the hierarchy later distinguishes manufacturing from project ownership.,false,2026-08-09,leader-set-research.v2
,太陽能,太陽能,6477,安集,0.75,CANDIDATE,HIGH,HIGH,NOT_USED_FOR_IDENTITY,MEDIUM,HIGH,"Anji's official company profile and product catalogue identify solar-module design and manufacturing, solar power-plant development and multiple current module families as durable core activities.",official company product/IR; annual report or regulatory/industry source,"Anji's official company profile and product catalogue identify solar-module design and manufacturing, solar power-plant development and multiple current module families as durable core activities.",4,https://www.anjitek.com/company-profile|https://www.anjitek.com/products|https://www.anjitek.com/pdf/387726/113%E8%82%A1%E6%9D%B1%E6%9C%83%E5%B9%B4%E5%A0%B1EN.pdf|https://www.twse.com.tw/pdf/ch/6477_ch.pdf,current company profile; current product catalogue; annual report; current TWSE profile,HIGH,"Direct module and project identity, but Anji is smaller and more diversified than the broadest cell/module anchors; retain 0.75 rather than infer top-tier status from price or liquidity.",false,2026-08-09,leader-set-research.v2
,工業自動化,工業自動化,1590,亞德客-KY,0.75,CANDIDATE,HIGH,HIGH,NOT_USED_FOR_IDENTITY,HIGH,HIGH,"AirTAC's official product portfolio and annual-report materials cover pneumatic control components, actuators, linear guides and applications in industrial automation, electronic manufacturing and robot arms.",official company product/IR; annual report or regulatory/industry source,"AirTAC's official product portfolio and annual-report materials cover pneumatic control components, actuators, linear guides and applications in industrial automation, electronic manufacturing and robot arms.",3,https://www.airtac.com/|https://us-en.airtac.com/upload/2025120309542350910.PDF|https://eu-en.airtac.com/upload/2025051209452319810.PDF,current company site; 2025 application material; 2025 annual-report material,HIGH,Pneumatic automation is a major subsegment rather than a complete automation-system provider; 0.75 preserves role separation.,false,2026-08-09,leader-set-research.v2
,工業自動化,工業自動化,2395,研華,1.00,CANDIDATE,HIGH,HIGH,NOT_USED_FOR_IDENTITY,HIGH,HIGH,"Advantech's official materials identify industrial computers, edge computing, industrial IoT and real-time industrial automation as durable business capabilities and applications.",official company product/IR; annual report or regulatory/industry source,"Advantech's official materials identify industrial computers, edge computing, industrial IoT and real-time industrial automation as durable business capabilities and applications.",3,https://www.advantech.com/|https://www.advantech.com/pt-br/resources/news/high-efficiency-edge-ai-solution-nxp-imx-95|https://advcloudfiles.advantech.com/investor/Shareholder-Annual-Report/113/1.pdf,current company site; 2026-02 release; 2023 annual report,HIGH,Broad industrial-computing platform; PM should confirm whether the topic intends to include industrial PCs and edge controllers alongside dedicated automation vendors.,false,2026-08-09,leader-set-research.v2
,成熟製程,成熟製程,2303,聯電,1.00,CANDIDATE,HIGH,HIGH,NOT_USED_FOR_IDENTITY,HIGH,HIGH,"UMC's official overview identifies stock 2303 as a global foundry with seven 8-inch fabs, multiple 12-inch fabs and a durable specialty-technology portfolio serving logic, mixed-signal, RF, high-voltage, embedded-memory and BCD applications.",official company product/IR; annual report or regulatory/industry source,"UMC's official overview identifies stock 2303 as a global foundry with seven 8-inch fabs, multiple 12-inch fabs and a durable specialty-technology portfolio serving logic, mixed-signal, RF, high-voltage, embedded-memory and BCD applications.",3,https://www.umc.com/en/About/about_overview|https://www.umc.com/en/Download/annual_reports|https://www.umc.com/en/home/,current company overview; current annual-report portal; current company site,HIGH,UMC is a broad pure-play foundry and also belongs to the supplied 晶圓代工 universe; this row is limited to the supplied 成熟製程 topic and does not change membership.,true,2026-08-09,leader-set-research.v2
,成熟製程,成熟製程,5347,世界,0.75,CANDIDATE,HIGH,HIGH,NOT_USED_FOR_IDENTITY,HIGH,HIGH,VIS's official and industry/industry-regulator materials identify it as a leading specialty IC foundry with five 8-inch fabs and long-running high-value specialty-technology manufacturing services.,official company product/IR; annual report or regulatory/industry source,VIS's official and industry/industry-regulator materials identify it as a leading specialty IC foundry with five 8-inch fabs and long-running high-value specialty-technology manufacturing services.,3,https://www.vis.com.tw/|https://www.semi.org/en/resources/member-directory/vanguard-international|https://aeepa.moenv.gov.tw/Page/Deeds/nation/6th/%E7%AC%AC6%E5%B1%86%E7%B8%BD%E5%9C%8B%E4%BC%81%E6%A5%AD%E7%92%B0%E4%BF%9D%E7%8D%8E%E5%84%AA%E8%89%AF%E4%BA%8B%E8%B9%9F%E5%BD%99%E7%B7%A8.pdf,current company site; 2024 SEMI member profile; 2024 environmental-award profile,HIGH,VIS is a specialty-foundry specialist rather than a broad scale peer of UMC; 0.75 reflects durable fit and role distinction.,false,2026-08-09,leader-set-research.v2
,成熟製程,成熟製程,6770,力積電,0.75,CANDIDATE,HIGH,HIGH,NOT_USED_FOR_IDENTITY,HIGH,HIGH,"PSMC's official profile and manufacturing-services pages identify open-foundry services in advanced memory, customized logic and discrete components, with long-running 8-inch and 12-inch wafer-fab operations.",official company product/IR; annual report or regulatory/industry source,"PSMC's official profile and manufacturing-services pages identify open-foundry services in advanced memory, customized logic and discrete components, with long-running 8-inch and 12-inch wafer-fab operations.",3,https://www.powerchip.com/en-global/staticpage/company-profile|https://www.powerchip.com/en-global/services/manufacturing-services-en|https://www.powerchip.com/en-global/services/foundry-services/high-voltage,current company profile; current manufacturing-services page; current high-voltage foundry page,HIGH,PSMC spans foundry and memory-oriented services; PM should keep this topic separate from DRAM/NAND and decide whether the supplied hierarchy's mature-process label is broad enough.,false,2026-08-09,leader-set-research.v2
,散熱零組件,散熱零組件,3017,奇鋐,1.00,CANDIDATE,HIGH,HIGH,NOT_USED_FOR_IDENTITY,HIGH,HIGH,"AVC's official company description calls it a leading global total thermal-solution provider, making it a durable structural representative of thermal components.",official company product/IR; annual report or regulatory/industry source,"AVC's official company description calls it a leading global total thermal-solution provider, making it a durable structural representative of thermal components.",1,https://www.avc.co/en-us/,undated current company page,HIGH,Use this broad thermal-components role separately from the more specific liquid-cooling role.,false,2026-08-09,leader-set-research.v2
,散熱零組件,散熱零組件,3324,雙鴻,1.00,CANDIDATE,HIGH,HIGH,NOT_USED_FOR_IDENTITY,MEDIUM_HIGH,HIGH,"Auras has a long-standing thermal-solution business spanning server, PC, VGA and automotive applications, with explicit liquid-cooling development.",official company product/IR; annual report or regulatory/industry source,"Auras has a long-standing thermal-solution business spanning server, PC, VGA and automotive applications, with explicit liquid-cooling development.",2,https://www.auras.com.tw/News/NewsContent/14-8|https://www.auras.com.tw/node/9,2025-05-19; undated company profile,HIGH,Cross-topic assignment is intentional because the source describes both broad thermal solutions and liquid cooling.,false,2026-08-09,leader-set-research.v2
,晶圓代工,晶圓代工,2330,台積電,1.00,CANDIDATE,HIGH,HIGH,NOT_USED_FOR_IDENTITY,HIGH,HIGH,"TSMC's official 2025 annual report and company materials identify the pure-play foundry model, advanced and specialty process manufacturing and a global customer base as the company's core business.",official company product/IR; annual report or regulatory/industry source,"TSMC's official 2025 annual report and company materials identify the pure-play foundry model, advanced and specialty process manufacturing and a global customer base as the company's core business.",2,https://investor.tsmc.com/static/annualReports/2025/english/index.html|https://www.tsmc.com/english/aboutTSMC/company_profile,2025 annual report; current company profile,HIGH,No material identity ambiguity; PM still needs to decide how broad `晶圓代工` should be relative to `成熟製程` and `記憶體製程`.,false,2026-08-09,leader-set-research.v2
,晶圓代工,晶圓代工,5347,世界,0.75,CANDIDATE,HIGH,MEDIUM_HIGH,NOT_USED_FOR_IDENTITY,HIGH,HIGH,"VIS is described in public company/partner materials as a leading specialty IC foundry service provider with manufacturing, packaging and testing capabilities; the specialty-foundry identity is durable but narrower than TSMC's.",official company product/IR; annual report or regulatory/industry source,"VIS is described in public company/partner materials as a leading specialty IC foundry service provider with manufacturing, packaging and testing capabilities; the specialty-foundry identity is durable but narrower than TSMC's.",2,https://www.vis.com.tw/en/|https://www.nxp.com/company/about-nxp/newsroom/NW-VSMC,current company site; 2024-06-05 NXP partnership release,MEDIUM_HIGH,Confirm whether the supplied topic expects specialty foundries such as VIS or only the largest pure-play foundries.,false,2026-08-09,leader-set-research.v2
,晶圓材料,晶圓材料,5434,崇越,0.75,NEEDS_REVIEW,HIGH,HIGH,NOT_USED_FOR_IDENTITY,MEDIUM_HIGH,HIGH,"Topco's official product and annual-report materials identify wafer, reclaim wafer, photoresist, specialty gases, CMP slurry, quartz and other front-end materials as a durable core semiconductor-materials platform, with distribution, technical service and local supply-chain integration.",official company product/IR; annual report or regulatory/industry source,"Topco's official product and annual-report materials identify wafer, reclaim wafer, photoresist, specialty gases, CMP slurry, quartz and other front-end materials as a durable core semiconductor-materials platform, with distribution, technical service and local supply-chain integration.",3,https://www.topco-global.com/en/archives/127672|https://www.topco-global.com/en/products/sic-gan-epi-substrate|https://www.topco-global.com/wp-content/uploads/2025/05/ANNUAL-113ENG.pdf,2024-07-10 official company release; current product page; 2024 annual report,MEDIUM,"The supplied `晶圓材料` label is absent from the hierarchy, so this is classification review only. Topco is a diversified integrated supplier/distributor rather than a single wafer manufacturer; PM should confirm the role before any approval.",true,2026-08-09,leader-set-research.v2
,核心 IC設計,核心 IC設計,3034,聯詠,1.00,NEEDS_REVIEW,HIGH,HIGH,NOT_USED_FOR_IDENTITY,HIGH,HIGH,"Novatek's official product pages and sustainability materials document a long-running, broad IC-design platform centered on display-driver ICs, TDDI, timing/control and multimedia SoC products, with global panel design wins and smart-display/image expertise.",official company product/IR; annual report or regulatory/industry source,"Novatek's official product pages and sustainability materials document a long-running, broad IC-design platform centered on display-driver ICs, TDDI, timing/control and multimedia SoC products, with global panel design wins and smart-display/image expertise.",3,https://www.novatek.com.tw/en-global/Product/product/Overview|https://www.novatek.com.tw/en-global/Product/product/Index/product2|https://esg.novatek.com.tw/upload/media/ESG-Report/2023/CH1_e.pdf,current official product overview; current product page; 2023 sustainability report,HIGH,"The supplied `核心 IC設計` label is absent from the hierarchy, so this is classification review only. Direct IC-design identity is strong, but the label is broad and the PRIMARY pool contains only 3034.",true,2026-08-09,leader-set-research.v2
,機器人零組件,機器人零組件,2049,上銀,1.00,CANDIDATE,HIGH,HIGH,NOT_USED_FOR_IDENTITY,HIGH,HIGH,"HIWIN's official product and ESG materials list ballscrews, linear guides, strain-wave gears, industrial robots and semiconductor subsystems; these are durable motion-control components used in robots and automation.",official company product/IR; annual report or regulatory/industry source,"HIWIN's official product and ESG materials list ballscrews, linear guides, strain-wave gears, industrial robots and semiconductor subsystems; these are durable motion-control components used in robots and automation.",3,https://www.hiwin.tw/|https://esg.hiwin.tw/en/ch3/ch3_1.aspx|https://www.hiwin.tw/news_content.aspx?newsID=25533,current company site; current ESG page; 2025-08-21 company-published report,HIGH,The company also operates in machine tools and semiconductor equipment; keep the robot-component identity grounded in the supplied topic membership.,true,2026-08-09,leader-set-research.v2
,機器人零組件,機器人零組件,4576,大銀微系統,0.75,NEEDS_REVIEW,HIGH,MEDIUM,NOT_USED_FOR_IDENTITY,MEDIUM,MEDIUM_HIGH,"HIWIN's official 2025 exhibition material identifies HIWIN Mikrosystem (4576) alongside HIWIN as a provider of robot key-component solutions, including motors, drives and encoders.",official company product/IR; annual report or regulatory/industry source,"HIWIN's official 2025 exhibition material identifies HIWIN Mikrosystem (4576) alongside HIWIN as a provider of robot key-component solutions, including motors, drives and encoders.",2,https://www.hiwin.tw/news_content.aspx?newsID=25499|https://www.hiwin.tw/,2025-03-03 company-published report; current company site,MEDIUM,Evidence is group-level and the standalone 4576 product boundary needs confirmation from its own current IR/product materials.,false,2026-08-09,leader-set-research.v2
,機器視覺,機器視覺,2359,所羅門,1.00,CANDIDATE,HIGH,HIGH,NOT_USED_FOR_IDENTITY,HIGH,HIGH,"Solomon's official product, sustainability and 3D-vision materials identify AI inspection, industrial 3D cameras, deep-learning software and vision-guided robotics as a durable core platform, with repeated external innovation recognition.",official company product/IR; annual report or regulatory/industry source,"Solomon's official product, sustainability and 3D-vision materials identify AI inspection, industrial 3D cameras, deep-learning software and vision-guided robotics as a durable core platform, with repeated external innovation recognition.",3,https://www.solomon.com.tw/products/|https://www.solomon-3d.com/company/|https://www.solomon.com.tw/wp-content/uploads/2025/02/2023-STC-Corporate-Sustainability-Report_EN-1230.pdf,current product catalog; current 3D-vision company profile; 2023 sustainability report,HIGH,"Solomon is diversified across automation, energy, components and other businesses; 1.00 is specific to the supplied machine-vision topic where direct product evidence is strong.",false,2026-08-09,leader-set-research.v2
,機器視覺,機器視覺,4585,達明,0.75,CANDIDATE,HIGH,HIGH,NOT_USED_FOR_IDENTITY,MEDIUM_HIGH,HIGH,"The TWSE company profile identifies Techman Robot as a collaborative-robot and automation-integration company with built-in AI vision for positioning, OCR, measurement and defect inspection across industrial applications.",official company product/IR; annual report or regulatory/industry source,"The TWSE company profile identifies Techman Robot as a collaborative-robot and automation-integration company with built-in AI vision for positioning, OCR, measurement and defect inspection across industrial applications.",3,https://www.twse.com.tw/market_insights/zh/preview/8a8216d6993bf15101994cc63360005d|https://www.tm-robot.com/zh-hant/about-us/|https://wwwc.twse.com.tw/pdf/ch/4585_ch.pdf,2026 TWSE company profile; current company profile; current TWSE security profile,HIGH,Machine vision is integrated into a broader collaborative-robot platform; 0.75 avoids treating the company as a pure vision-system vendor.,false,2026-08-09,leader-set-research.v2
,機器視覺,機器視覺,6188,廣明,0.50,NEEDS_REVIEW,MEDIUM,MEDIUM,NOT_USED_FOR_IDENTITY,MEDIUM,MEDIUM,"廣明's current financial disclosure confirms ownership of Techman Robot, whose products include industrial collaborative robots and vision-related automation; the evidence supports adjacency but not a standalone 6188 machine-vision identity.",official company product/IR; annual report or regulatory/industry source,"廣明's current financial disclosure confirms ownership of Techman Robot, whose products include industrial collaborative robots and vision-related automation; the evidence supports adjacency but not a standalone 6188 machine-vision identity.",3,https://www.qsitw.com/page/rs/download/fin_information/2025Q4.pdf|https://www2.tm-robot.com/zh-hant/company-profile/|https://www.qsitw.com/page/tw/fi/fi032025.html,2025 Q4 financial report; current Techman company profile; current 6188 financial-information page,MEDIUM,The vision capability sits in a subsidiary and the parent has other businesses; PM should decide whether indirect subsidiary exposure is eligible for the parent stock's Leader Set.,false,2026-08-09,leader-set-research.v2
,液冷散熱,液冷散熱,2308,台達電,1.00,CANDIDATE,HIGH,HIGH,NOT_USED_FOR_IDENTITY,HIGH,HIGH,"Delta's official data-center portfolio includes liquid-to-air, liquid-to-liquid CDU and immersion cooling for AI/HPC workloads; its annual report says liquid-cooling solutions entered production and were approved by leading CSPs/ODMs.",official company product/IR; annual report or regulatory/industry source,"Delta's official data-center portfolio includes liquid-to-air, liquid-to-liquid CDU and immersion cooling for AI/HPC workloads; its annual report says liquid-cooling solutions entered production and were approved by leading CSPs/ODMs.",2,https://www.deltaww.com/en-US/products/data-center-cooling|https://filecenter.deltaww.com/IR/download/annual_report/2024annual.pdf,undated current product page; 2024 annual report,HIGH,"Broad power/data-center supplier, but liquid cooling is an explicit product line with production evidence.",false,2026-08-09,leader-set-research.v2
,液冷散熱,液冷散熱,3017,奇鋐,0.75,CANDIDATE,HIGH,MEDIUM_HIGH,NOT_USED_FOR_IDENTITY,HIGH,HIGH,AVC identifies itself as a leading total thermal-solution provider and a Taiwan-listed company; its product identity is structurally aligned with data-center thermal management.,official company product/IR; annual report or regulatory/industry source,AVC identifies itself as a leading total thermal-solution provider and a Taiwan-listed company; its product identity is structurally aligned with data-center thermal management.,1,https://www.avc.co/en-us/,undated current company page,MEDIUM_HIGH,Need a current product/annual-report page that explicitly separates liquid cooling from general fan/thermal components before final PM approval.,false,2026-08-09,leader-set-research.v2
,液冷散熱,液冷散熱,3324,雙鴻,1.00,CANDIDATE,HIGH,HIGH,NOT_USED_FOR_IDENTITY,MEDIUM_HIGH,HIGH,Auras states that it has developed liquid-cooling and energy-saving thermal technology for over a decade and supplies server/cloud-data-center cooling solutions.,official company product/IR; annual report or regulatory/industry source,Auras states that it has developed liquid-cooling and energy-saving thermal technology for over a decade and supplies server/cloud-data-center cooling solutions.,2,https://www.auras.com.tw/News/NewsContent/14-8|https://www.auras.com.tw/node/9,2025-05-19; undated company profile,HIGH,Strongest pure-play thermal candidate in this topic; avoid using recent price action to elevate it.,false,2026-08-09,leader-set-research.v2
,無人機,無人機,7402,邑錡,0.50,NEEDS_REVIEW,LOW,LOW,NOT_USED_FOR_IDENTITY,MEDIUM,MEDIUM,"The supplied PRIMARY classification includes 7402, but current direct public evidence did not establish a durable UAV manufacturing or system role; retain as a classification-review candidate only.",official company product/IR; annual report or regulatory/industry source,"The supplied PRIMARY classification includes 7402, but current direct public evidence did not establish a durable UAV manufacturing or system role; retain as a classification-review candidate only.",1,https://www.twse.com.tw/pdf/en/7402_en.pdf,current TWSE company profile,LOW,Do not promote without direct company product evidence.,false,2026-08-09,leader-set-research.v2
,無人機,無人機,8033,雷虎,1.00,CANDIDATE,HIGH,HIGH,NOT_USED_FOR_IDENTITY,MEDIUM_HIGH,HIGH,"Thunder Tiger's official site and corporate materials identify UAV, ROV, USV and UGV design/manufacturing; its official product/news pages document drone and rescue-radar UAV products.",official company product/IR; annual report or regulatory/industry source,"Thunder Tiger's official site and corporate materials identify UAV, ROV, USV and UGV design/manufacturing; its official product/news pages document drone and rescue-radar UAV products.",3,https://ttg.thundertiger.com/index.php?lang=tw|https://ttg.thundertiger.com/news-detail.php?id=56&lang=tw|https://ttg.thundertiger.com/stock/file/year_report/112.pdf,current product site; official product news; 2023 annual report,HIGH,Direct UAV identity; no inference from military-news momentum.,false,2026-08-09,leader-set-research.v2
,營建工程,營建工程,2535,達欣工,1.00,CANDIDATE,HIGH,HIGH,NOT_USED_FOR_IDENTITY,HIGH,HIGH,"Dacin's official company profile identifies it as a Class-A contractor serving public works, factories, commercial offices and residential projects, with a durable construction-engineering platform and long operating history.",official company product/IR; annual report or regulatory/industry source,"Dacin's official company profile identifies it as a Class-A contractor serving public works, factories, commercial offices and residential projects, with a durable construction-engineering platform and long operating history.",3,https://www.dacin.com.tw/|https://www.dacin.com.tw/about/index.php?index_id=30|https://www.dacin.com.tw/about/winning.php,current company site; current company profile; current project/award page,HIGH,Dacin also has development-related activities; the proposed weight is limited to construction engineering and should not be merged with residential developers.,false,2026-08-09,leader-set-research.v2
,營建工程,營建工程,2546,根基,0.75,CANDIDATE,HIGH,HIGH,NOT_USED_FOR_IDENTITY,HIGH,HIGH,"Kedge's official company profile and annual report identify a long-running integrated-construction business covering civil, building, water and foundation engineering, with public, residential, medical and technology-factory projects.",official company product/IR; annual report or regulatory/industry source,"Kedge's official company profile and annual report identify a long-running integrated-construction business covering civil, building, water and foundation engineering, with public, residential, medical and technology-factory projects.",3,https://www.kedge.com.tw/%E5%85%AC%E5%8F%B8%E7%B0%A1%E4%BB%8B/|https://www.kedge.com.tw/%E5%B7%A5%E7%A8%8B%E5%AF%A6%E7%B8%BE/|https://www.kedge.com.tw/wp-content/uploads/2024/07/112%E5%B9%B4%E5%B9%B4%E5%A0%B1.pdf,current company profile; current project portfolio; 2023 annual report,HIGH,The company is closely linked to a residential-development group and has a large residential-project mix; 0.75 keeps engineering role distinct from developer leadership.,false,2026-08-09,leader-set-research.v2
,營建工程,營建工程,6691,洋基工程,0.50,NEEDS_REVIEW,MEDIUM_HIGH,HIGH,NOT_USED_FOR_IDENTITY,MEDIUM_HIGH,HIGH,"Yankey's official materials identify high-tech factory cleanroom, MEP, HVAC and EPC integration as a durable engineering platform serving semiconductor fabs and commercial offices; the evidence is strong for specialized facilities engineering but not for general construction.",official company product/IR; annual report or regulatory/industry source,"Yankey's official materials identify high-tech factory cleanroom, MEP, HVAC and EPC integration as a durable engineering platform serving semiconductor fabs and commercial offices; the evidence is strong for specialized facilities engineering but not for general construction.",3,https://www.yankey.com/chinese/|https://www.yankey.com/chinese/about/about-us/|https://www.twse.com.tw/staticFiles/news/event/ff8080817d22b9cb01802773b4110942.pdf,current company site; current company profile; 2022 TWSE company presentation,MEDIUM,"Classification debt is material: 6691 is a high-tech MEP/EPC specialist, not a conventional general contractor. Keep NEEDS_REVIEW until PM confirms the supplied broad topic includes this engineering layer.",true,2026-08-09,leader-set-research.v2
,特殊鋼／高性能合金,特殊鋼／高性能合金,1584,精剛,1.00,CANDIDATE,HIGH,MEDIUM_HIGH,NOT_USED_FOR_IDENTITY,MEDIUM,HIGH,"Precision's official product site presents specialty steel and high-performance alloy materials, directly supporting the supplied special-steel/high-performance-alloy topic.",official company product/IR; annual report or regulatory/industry source,"Precision's official product site presents specialty steel and high-performance alloy materials, directly supporting the supplied special-steel/high-performance-alloy topic.",2,https://www.s-tech.com.tw/zh-tw/product.html|https://www.twse.com.tw/pdf/en/1584_en.pdf,current product page; current TWSE profile,HIGH,Direct material identity; PM should confirm whether aerospace fasteners and specialty alloys share one governed topic.,false,2026-08-09,leader-set-research.v2
,特殊鋼／高性能合金,特殊鋼／高性能合金,3004,豐達科,0.75,NEEDS_REVIEW,HIGH,MEDIUM_HIGH,NOT_USED_FOR_IDENTITY,MEDIUM,HIGH,"Feng Hsin? public aerospace-material/fastener evidence supports a specialty-metal role, but the company is primarily an aerospace-component specialist and current alloy materiality needs a topic-specific refresh.",official company product/IR; annual report or regulatory/industry source,"Feng Hsin? public aerospace-material/fastener evidence supports a specialty-metal role, but the company is primarily an aerospace-component specialist and current alloy materiality needs a topic-specific refresh.",2,https://www.twse.com.tw/pdf/en/3004_en.pdf|https://www.fenghsin.com.tw/,current TWSE profile; current company site,MEDIUM,Keep NEEDS_REVIEW to avoid promoting an aerospace-component name solely into a generic specialty-alloy set.,false,2026-08-09,leader-set-research.v2
,玻璃基板,玻璃基板,6405,悅城,0.75,NEEDS_REVIEW,MEDIUM_HIGH,MEDIUM,NOT_USED_FOR_IDENTITY,MEDIUM,MEDIUM_HIGH,"The supplied PRIMARY classification places 6405 in glass substrates, but the current direct product and manufacturing-scale evidence was not sufficiently refreshed to support a leader promotion.",official company product/IR; annual report or regulatory/industry source,"The supplied PRIMARY classification places 6405 in glass substrates, but the current direct product and manufacturing-scale evidence was not sufficiently refreshed to support a leader promotion.",1,https://www.twse.com.tw/pdf/en/6405_en.pdf,current TWSE company profile,MEDIUM,Requires direct glass-substrate product evidence; do not use display-sector adjacency alone.,false,2026-08-09,leader-set-research.v2
,玻璃基板,玻璃基板,6742,澤米,0.50,NEEDS_REVIEW,MEDIUM,LOW,NOT_USED_FOR_IDENTITY,MEDIUM,MEDIUM,"The supplied PRIMARY classification includes 6742, but current durable glass-substrate product evidence was not established in this pass.",official company product/IR; annual report or regulatory/industry source,"The supplied PRIMARY classification includes 6742, but current durable glass-substrate product evidence was not established in this pass.",1,https://www.twse.com.tw/pdf/en/6742_en.pdf,current TWSE company profile,LOW,Keep NEEDS_REVIEW pending direct company catalogue or annual-report validation.,false,2026-08-09,leader-set-research.v2
,玻纖布,玻纖布,1303,南亞,0.50,NEEDS_REVIEW,MEDIUM,MEDIUM,NOT_USED_FOR_IDENTITY,HIGH,HIGH,"Nan Ya's official filing discloses high-strength and thin fiberglass-cloth products used in PCB/CCL and related applications, establishing structural relevance but within a highly diversified petrochemical/electronics-materials group.",official company product/IR; annual report or regulatory/industry source,"Nan Ya's official filing discloses high-strength and thin fiberglass-cloth products used in PCB/CCL and related applications, establishing structural relevance but within a highly diversified petrochemical/electronics-materials group.",2,https://www.npc.com.tw/npcfile/public/report/year/20210817160131650.pdf|https://www.npc.com.tw/,2020 annual-report disclosure; current company site,MEDIUM,The product evidence is real but older and group-level; keep NEEDS_REVIEW until current glass-cloth product mix and direct business importance are refreshed.,false,2026-08-09,leader-set-research.v2
,玻纖布,玻纖布,1802,台玻,0.75,CANDIDATE,HIGH,HIGH,NOT_USED_FOR_IDENTITY,HIGH,HIGH,"Taiwan Glass's official annual report documents a long-running fiberglass-fabric business and dedicated fiberglass-fabric/reinforced-material plants, supporting a durable but diversified representative role.",official company product/IR; annual report or regulatory/industry source,"Taiwan Glass's official annual report documents a long-running fiberglass-fabric business and dedicated fiberglass-fabric/reinforced-material plants, supporting a durable but diversified representative role.",3,https://www.taiwanglass.com/en/pdf/2023AnnualReport.pdf|https://www.taiwanglass.com/en/|https://www.taiwanglass.com/en/pdf/2022Annual%20Report.pdf,2023 annual report; current company site; 2022 annual report,HIGH,"Taiwan Glass is diversified across sheet, container, automotive and fiberglass products; 0.75 prevents total-company scale from dominating the topic.",false,2026-08-09,leader-set-research.v2
,玻纖布,玻纖布,1815,富喬,1.00,CANDIDATE,HIGH,HIGH,NOT_USED_FOR_IDENTITY,HIGH,HIGH,"Fulltech Fiber Glass's official company and product pages identify vertical integration from electronic-grade glass yarn to glass-fiber cloth, with substantial electronic-grade capacity and direct PCB/CCL reinforcement applications.",official company product/IR; annual report or regulatory/industry source,"Fulltech Fiber Glass's official company and product pages identify vertical integration from electronic-grade glass yarn to glass-fiber cloth, with substantial electronic-grade capacity and direct PCB/CCL reinforcement applications.",3,https://www.ffg.com.tw/company1.asp|https://www.ffg.com.tw/product2.asp|https://www.ffg.com.tw/,current company profile; current glass-fiber-cloth product page; current company site,HIGH,Fulltech is focused on glass yarn/cloth but also has industrial-material exposure; 1.00 is specific to the supplied 玻纖布 membership.,true,2026-08-09,leader-set-research.v2
,石英元件,石英元件,2484,希華,0.75,CANDIDATE,HIGH,HIGH,NOT_USED_FOR_IDENTITY,MEDIUM_HIGH,HIGH,Siward's official investor page and exchange profile identify quartz crystals and oscillators as the company's core manufacturing business and describe it as a global frequency-control component leader.,official company product/IR; annual report or regulatory/industry source,Siward's official investor page and exchange profile identify quartz crystals and oscillators as the company's core manufacturing business and describe it as a global frequency-control component leader.,2,https://www.siward.com/tw/investors/share-values|https://www.twse.com.tw/pdf/ch/2484_ch.pdf,current investor page; current TWSE profile,HIGH,Strong structural fit; rank below TXC only as a topic-specific governance choice.,false,2026-08-09,leader-set-research.v2
,石英元件,石英元件,3042,晶技,1.00,CANDIDATE,HIGH,HIGH,NOT_USED_FOR_IDENTITY,HIGH,HIGH,"The TWSE company profile identifies TXC's principal business as R&D, manufacturing and sale of quartz components, directly matching the topic.",official company product/IR; annual report or regulatory/industry source,"The TWSE company profile identifies TXC's principal business as R&D, manufacturing and sale of quartz components, directly matching the topic.",2,https://wwwc.twse.com.tw/pdf/ch/3042_ch.pdf|https://www.txc.com.tw/,current TWSE company profile; current company site,HIGH,Direct topic fit; current product-line refresh remains a routine PM check.,false,2026-08-09,leader-set-research.v2
,石英元件,石英元件,3221,台嘉碩,0.75,CANDIDATE,HIGH,MEDIUM_HIGH,NOT_USED_FOR_IDENTITY,MEDIUM,HIGH,"Tai-Saw's official company profile identifies quartz crystals, filters, oscillators and voltage-controlled oscillators as core products within its frequency-component platform.",official company product/IR; annual report or regulatory/industry source,"Tai-Saw's official company profile identifies quartz crystals, filters, oscillators and voltage-controlled oscillators as core products within its frequency-component platform.",3,https://www.taisaw.com/cn/mission|https://www.taisaw.com/cn/profile|https://www.taisaw.com/upload/financial/20100831134225.pdf,current company profile; current mission page; official annual-report material,HIGH,The group also has SAW/BAW filter businesses; weight reflects clear quartz role without treating all RF products as equivalent.,false,2026-08-09,leader-set-research.v2
,石英元件,石英元件,6174,安碁,0.75,CANDIDATE,HIGH,MEDIUM_HIGH,NOT_USED_FOR_IDENTITY,MEDIUM,HIGH,Aker's official investor page and 2024 report identify the company as a professional quartz-component manufacturer producing crystal oscillators and resonators.,official company product/IR; annual report or regulatory/industry source,Aker's official investor page and 2024 report identify the company as a professional quartz-component manufacturer producing crystal oscillators and resonators.,2,https://www.aker.com.tw/investors|https://www.aker.com.tw/upload-files/downloads/report/2024_report.pdf,current investor page; 2024 report,HIGH,"Direct structural fit, though smaller scale than the broadest quartz-component leaders.",false,2026-08-09,leader-set-research.v2
,石英元件,石英元件,8182,加高,0.50,NEEDS_REVIEW,MEDIUM,LOW,NOT_USED_FOR_IDENTITY,MEDIUM,MEDIUM,"The supplied PRIMARY classification places 8182 in quartz components, but current direct product/scale evidence was not sufficiently refreshed.",official company product/IR; annual report or regulatory/industry source,"The supplied PRIMARY classification places 8182 in quartz components, but current direct product/scale evidence was not sufficiently refreshed.",1,https://www.twse.com.tw/pdf/en/8182_en.pdf,current TWSE company profile,LOW,Keep NEEDS_REVIEW pending direct company catalogue or annual-report validation.,false,2026-08-09,leader-set-research.v2
,矽光子,矽光子,3081,聯亞,0.75,NEEDS_REVIEW,MEDIUM_HIGH,MEDIUM,NOT_USED_FOR_IDENTITY,MEDIUM_HIGH,MEDIUM_HIGH,"LandMark is a III-V epitaxy supplier relevant to optical communications, but direct silicon-photonics evidence and exact CORE membership need confirmation.",official company product/IR; annual report or regulatory/industry source,"LandMark is a III-V epitaxy supplier relevant to optical communications, but direct silicon-photonics evidence and exact CORE membership need confirmation.",2,https://www.lmoc.com.tw/|https://www.lmoc.com.tw/index.php?i=1&id=181&lang=chs&option=module&task=dfile,undated current company page; 2022 annual report,LOW,Do not approve as a silicon-photonics Leader until the company’s silicon-photonics product role is independently confirmed.,false,2026-08-09,leader-set-research.v2
,矽光子,矽光子,3363,上詮,0.75,NEEDS_REVIEW,HIGH,MEDIUM_HIGH,NOT_USED_FOR_IDENTITY,MEDIUM,MEDIUM_HIGH,FOCI's official site explicitly lists coherent communications and silicon-photonics passive-component applications; the supplied stock overview includes 3363 as a matched PRIMARY member of the silicon-photonics topic.,official company product/IR; annual report or regulatory/industry source,FOCI's official site explicitly lists coherent communications and silicon-photonics passive-component applications; the supplied stock overview includes 3363 as a matched PRIMARY member of the silicon-photonics topic.,1,https://www.foci.com.tw/zh-tw/,undated current company page,MEDIUM,"Direct evidence supports the topic, but PM should decide whether the same issuer may be reused in both broad `光通訊` and specific `矽光子` Leader Sets.",false,2026-08-09,leader-set-research.v2
,端點資安,端點資安,6214,精誠,0.75,CANDIDATE,HIGH,MEDIUM_HIGH,NOT_USED_FOR_IDENTITY,HIGH,HIGH,"SYSTEX's official company profile lists cybersecurity as one of five core capabilities, while its public cybersecurity program documents managed SOC, endpoint detection and response and SOAR services; it is a major diversified service representative.",official company product/IR; annual report or regulatory/industry source,"SYSTEX's official company profile lists cybersecurity as one of five core capabilities, while its public cybersecurity program documents managed SOC, endpoint detection and response and SOAR services; it is a major diversified service representative.",2,https://tw.systex.com/about_profile/|https://pastevent.cybersec.ithome.com.tw/2021/exhibition-page/24.html,current company profile; 2021 Cybersec industry profile,MEDIUM_HIGH,The clearest endpoint-specific service source is older and group-level; 0.75 is retained pending a current endpoint/MDR product page.,false,2026-08-09,leader-set-research.v2
,端點資安,端點資安,6690,安碁資訊,1.00,CANDIDATE,HIGH,HIGH,NOT_USED_FOR_IDENTITY,HIGH,HIGH,"ACSI's official company profile identifies a specialist MSSP/SOC platform spanning IT, OT, endpoint protection, cloud security, incident response and digital forensics; the endpoint role is part of a durable security-service identity rather than a short-term product association.",official company product/IR; annual report or regulatory/industry source,"ACSI's official company profile identifies a specialist MSSP/SOC platform spanning IT, OT, endpoint protection, cloud security, incident response and digital forensics; the endpoint role is part of a durable security-service identity rather than a short-term product association.",3,https://www.acercsi.com/tw/aboutus/25|https://www.acercsi.com/tw/Index|https://www.acercsi.com/file_download/E2679C13-C686-424A-8074-640F98527C8E,current company profile; current company site; 2025 shareholder meeting material,HIGH,ACSI is strongest as a managed-security provider rather than a pure endpoint-software vendor; retain the weight only for the supplied endpoint-security topic and govern reuse separately.,false,2026-08-09,leader-set-research.v2
,端點資安,端點資安,6752,叡揚,0.75,NEEDS_REVIEW,MEDIUM_HIGH,MEDIUM_HIGH,NOT_USED_FOR_IDENTITY,MEDIUM_HIGH,HIGH,"GSS's official cloud-service materials document ISO 27001/27017/27018/27701 controls, and its security implementation material identifies zero-trust and application-security partnerships; this supports a security role but does not yet isolate endpoint protection as a core public product line.",official company product/IR; annual report or regulatory/industry source,"GSS's official cloud-service materials document ISO 27001/27017/27018/27701 controls, and its security implementation material identifies zero-trust and application-security partnerships; this supports a security role but does not yet isolate endpoint protection as a core public product line.",3,https://www.vitalyun.com/tw/|https://www.gss.com.tw/images/Information_Security_Implementation_Report_20241226.pdf|https://www.cna.com.tw/business/clientB/1488,current cloud-service page; 2024 security implementation report; 2026-04-08 company news,MEDIUM,Needs a direct current endpoint/EDR product or revenue disclosure before PM approval; do not infer endpoint leadership solely from zero-trust or cloud-security partnerships.,false,2026-08-09,leader-set-research.v2
,紡織,紡織,1342,八貫,0.50,NEEDS_REVIEW,HIGH,MEDIUM,NOT_USED_FOR_IDENTITY,MEDIUM,HIGH,"The supplied PRIMARY classification and public issuer identity support a technical-textile/materials role, but direct current product evidence was not fully refreshed for the broad textile topic.",official company product/IR; annual report or regulatory/industry source,"The supplied PRIMARY classification and public issuer identity support a technical-textile/materials role, but direct current product evidence was not fully refreshed for the broad textile topic.",2,https://www.twse.com.tw/pdf/en/1342_en.pdf|https://www.nuyarn.com/,current TWSE profile; current company site,MEDIUM,Keep NEEDS_REVIEW pending current product and scale evidence.,false,2026-08-09,leader-set-research.v2
,紡織,紡織,1474,弘裕,0.75,CANDIDATE,HIGH,HIGH,NOT_USED_FOR_IDENTITY,HIGH,HIGH,"Honmyue's official company profile identifies a 50-year textile platform focused on functional and high-value woven fabrics, with large-scale production and global facilities.",official company product/IR; annual report or regulatory/industry source,"Honmyue's official company profile identifies a 50-year textile platform focused on functional and high-value woven fabrics, with large-scale production and global facilities.",3,https://www.textile-hy.com.tw/company|https://www.textile-hy.com.tw/qa|https://www.textile-hy.com.tw/upload_files/finance/year-paper/113.pdf,current company profile; current FAQ; 2024 annual report,HIGH,"Strong textile identity, but product mix differs from Eclat's functional-knit/apparel focus.",false,2026-08-09,leader-set-research.v2
,紡織,紡織,1476,儒鴻,1.00,CANDIDATE,HIGH,HIGH,NOT_USED_FOR_IDENTITY,HIGH,HIGH,Eclat's official annual-report and company materials support a durable global functional-textile manufacturing platform with technical fabrics and long-standing brand/customer recognition.,official company product/IR; annual report or regulatory/industry source,Eclat's official annual-report and company materials support a durable global functional-textile manufacturing platform with technical fabrics and long-standing brand/customer recognition.,2,https://www.eclat.com.tw/|https://eclatglobal.s3.amazonaws.com/uploads/2023/07/%E5%84%92%E9%B4%BB-%E5%B9%B4%E5%A0%B1-104%E5%B9%B4%E5%BA%A6.pdf,current company site; official annual-report material,HIGH,"Direct structural leader; recent apparel demand is supporting context, not identity evidence.",false,2026-08-09,leader-set-research.v2
,網路資安,網路資安,6214,精誠,0.75,CANDIDATE,HIGH,HIGH,NOT_USED_FOR_IDENTITY,HIGH,HIGH,"SYSTEX's official profile identifies cybersecurity as one of its core capabilities; its security-management page documents ISO 27001 controls, a dedicated security unit, certifications and group cybersecurity services, although the issuer is a diversified IT-services group.",official company product/IR; annual report or regulatory/industry source,"SYSTEX's official profile identifies cybersecurity as one of its core capabilities; its security-management page documents ISO 27001 controls, a dedicated security unit, certifications and group cybersecurity services, although the issuer is a diversified IT-services group.",3,https://tw.systex.com/about_profile/|https://tw.systex.com/en/IS_Management/|https://tw.systex.com/en/news-room-21/,current company profile; current information-security page; 2024 cybersecurity partnership/news page,MEDIUM_HIGH,Cybersecurity is a major capability but not the only business; keep below ACSI and require PM confirmation that broad IT-service groups are valid supporting leaders.,false,2026-08-09,leader-set-research.v2
,網路資安,網路資安,6690,安碁資訊,1.00,CANDIDATE,HIGH,HIGH,NOT_USED_FOR_IDENTITY,MEDIUM_HIGH,HIGH,"Acer Cyber Security's official company profile identifies TWSE 6690 as a specialized MSSP, with IT/OT security, cloud security, 24-hour SOC monitoring, digital forensics and incident-response services as its durable core identity.",official company product/IR; annual report or regulatory/industry source,"Acer Cyber Security's official company profile identifies TWSE 6690 as a specialized MSSP, with IT/OT security, cloud security, 24-hour SOC monitoring, digital forensics and incident-response services as its durable core identity.",3,https://www.acercsi.com/tw/aboutus/25|https://www.acercsi.com/file_download/6AEFDC1D-DD20-49FF-BB33-67073F4A8D27|https://ic.tpex.org.tw/company_data.php?column=vision_story&table=company_vision&userId=6690,current company profile; 2026 Q1 financial report; current TPEX company profile,HIGH,The supplied topic is broad network security; PM should decide whether MSSP/SOC service providers and IT-security integrators share one set or need separate network/cloud/endpoint boundaries.,false,2026-08-09,leader-set-research.v2
,網通,網通,2345,智邦,1.00,CANDIDATE,HIGH,HIGH,NOT_USED_FOR_IDENTITY,HIGH,HIGH,"Accton's official 2025 annual report and shareholder letter identify data-center, enterprise and telecom networking as the core platform, with 400G/800G switches, AI/ML fabrics and continued 1.6T development; network application equipment and switches remain the dominant product identity.",official company product/IR; annual report or regulatory/industry source,"Accton's official 2025 annual report and shareholder letter identify data-center, enterprise and telecom networking as the core platform, with 400G/800G switches, AI/ML fabrics and continued 1.6T development; network application equipment and switches remain the dominant product identity.",3,https://www.accton.com/wp-content/uploads/2026/06/2025-Annual-Report.pdf|https://www.accton.com/shareholder/|https://www.accton.com/800g-ai-ml-fabrics/,2025 annual report; 2026-07-08 shareholder letter; 2025-08-26 product page,HIGH,Strongest supplied PRIMARY representative; PM should confirm whether the broad `網通` topic is intended to include AI data-center switching at this level.,false,2026-08-09,leader-set-research.v2
,網通,網通,5388,中磊,0.75,CANDIDATE,HIGH,MEDIUM_HIGH,NOT_USED_FOR_IDENTITY,HIGH,HIGH,"Sercomm's official company and sustainability materials define a durable networking and telecom platform spanning broadband CPE, enterprise networking, network infrastructure and IoT; it is a major networking representative but broadband CPE remains the largest product category.",official company product/IR; annual report or regulatory/industry source,"Sercomm's official company and sustainability materials define a durable networking and telecom platform spanning broadband CPE, enterprise networking, network infrastructure and IoT; it is a major networking representative but broadband CPE remains the largest product category.",3,https://www.sercomm.com/en/company|https://www.sercomm.com/en/tool-download/sustainability_size/file/47/2024%20Sustainability%20Report?note=|https://www.sercomm.com/en/tool-download/page_size6/file/8/2025%20Board%20Performance%20External%20Evaluation%20Report?note=,undated current company page; 2024 sustainability report; 2025 evaluation report,MEDIUM_HIGH,Keep below Accton until PM decides whether broadband access equipment and enterprise networking should share one Leader Set.,false,2026-08-09,leader-set-research.v2
,航太零組件,航太零組件,2634,漢翔,1.00,CANDIDATE,HIGH,HIGH,NOT_USED_FOR_IDENTITY,HIGH,HIGH,"Hanxiang's official financial disclosures identify aircraft design, manufacturing, maintenance, avionics and aerospace engineering as durable core activities, supporting a top-tier aerospace-component and system-integration role.",official company product/IR; annual report or regulatory/industry source,"Hanxiang's official financial disclosures identify aircraft design, manufacturing, maintenance, avionics and aerospace engineering as durable core activities, supporting a top-tier aerospace-component and system-integration role.",2,https://www.aidc.com.tw/Content/File/114Q3%20%E5%90%88%E4%BD%B5%E8%B2%A1%E5%A0%B1.pdf|https://www.aidc.com.tw/,2025 Q3 consolidated report; current company site,HIGH,Hanxiang also carries defense programs and complete-aircraft/system responsibilities; the proposed weight is limited to the supplied 航太零組件 membership and is not a blanket defense-leader claim.,true,2026-08-09,leader-set-research.v2
,航太零組件,航太零組件,2645,長榮航太,1.00,CANDIDATE,HIGH,HIGH,NOT_USED_FOR_IDENTITY,HIGH,HIGH,"EVA Air's official investor materials and the TWSE company profile identify Evergreen Aviation Technologies as an aircraft-body, component and engine-maintenance provider with aircraft-component manufacturing and assembly capabilities.",official company product/IR; annual report or regulatory/industry source,"EVA Air's official investor materials and the TWSE company profile identify Evergreen Aviation Technologies as an aircraft-body, component and engine-maintenance provider with aircraft-component manufacturing and assembly capabilities.",2,https://wwwc.twse.com.tw/pdf/ch/2645_ch.pdf|https://www.evaair.com/zh-tw/about-eva-air/investor-relations/financial-reports/annual-reports/Default.html,2025-11-25 TWSE profile; current annual-report portal,HIGH,"The issuer spans MRO and component manufacturing; the topic fit is durable, but PM should decide whether MRO-heavy aerospace names and component manufacturers share one set.",false,2026-08-09,leader-set-research.v2
,航太零組件,航太零組件,3004,豐達科,0.75,CANDIDATE,HIGH,HIGH,NOT_USED_FOR_IDENTITY,MEDIUM_HIGH,HIGH,"NAFCO's official profile identifies aerospace and high-end industrial fasteners as the core product, with GE/Safran aerospace certifications, AS9100 quality systems and supply-chain participation.",official company product/IR; annual report or regulatory/industry source,"NAFCO's official profile identifies aerospace and high-end industrial fasteners as the core product, with GE/Safran aerospace certifications, AS9100 quality systems and supply-chain participation.",3,https://www.nafco.com.tw/about-tw/profile-tw/|https://www.nafco.com.tw/investors-tw/company-info-tw/basic-information/|https://www.nafco.com.tw/home/,current company profile; current basic-information page; current company site,HIGH,NAFCO is a focused aerospace-fastener specialist but narrower than Hanxiang/EGAT in system breadth; 0.75 reflects role importance without using market capitalization as identity proof.,false,2026-08-09,leader-set-research.v2
,視覺檢測,視覺檢測,3535,晶彩科,1.00,CANDIDATE,HIGH,HIGH,NOT_USED_FOR_IDENTITY,MEDIUM_HIGH,HIGH,"Favite's official product catalogue is explicitly dedicated to AOI inspection and metrology, directly matching the supplied visual-inspection topic and providing durable product-level evidence.",official company product/IR; annual report or regulatory/industry source,"Favite's official product catalogue is explicitly dedicated to AOI inspection and metrology, directly matching the supplied visual-inspection topic and providing durable product-level evidence.",2,https://www.favite.com/product-category/|https://www.favite.com/,current official product catalogue; current company site,HIGH,The supplied topic is single-member in PRIMARY; the one-name set reflects the available universe rather than a forced expansion.,false,2026-08-09,leader-set-research.v2
,記憶體模組／通路,記憶體模組／通路,3260,威剛,1.00,CANDIDATE,HIGH,HIGH,NOT_USED_FOR_IDENTITY,HIGH,HIGH,ADATA's official investor page identifies it as a global memory and storage brand and the world's second-largest DRAM module provider; its business page covers enterprise memory and storage.,official company product/IR; annual report or regulatory/industry source,ADATA's official investor page identifies it as a global memory and storage brand and the world's second-largest DRAM module provider; its business page covers enterprise memory and storage.,2,https://www.adata.com/sg/investor/|https://www.adata.com/en/applications/,undated current investor/application pages,HIGH,"The stock is a strong module/storage representative, but the repository topic also includes channel names; keep the set structural.",false,2026-08-09,leader-set-research.v2
,記憶體模組／通路,記憶體模組／通路,8271,宇瞻,1.00,CANDIDATE,HIGH,HIGH,NOT_USED_FOR_IDENTITY,MEDIUM_HIGH,HIGH,Apacer's official materials identify it as a leading global digital-storage and memory manufacturer; its annual report shows memory modules and flash memory as core product categories.,official company product/IR; annual report or regulatory/industry source,Apacer's official materials identify it as a leading global digital-storage and memory manufacturer; its annual report shows memory modules and flash memory as core product categories.,3,https://www.apacer.com/en/news/news-and-events/content/widetemp_ddr5|https://www.apacer.com/upload/media/investor/financial/Annual_Report/2023_Annual_Report_EN.pdf|https://www.apacer.com/en/normaldownload/annual-report,undated current release; 2023 annual report; current annual-report index,HIGH,"Strong industrial-memory representative; review whether the topic intends consumer memory, industrial memory, or both.",false,2026-08-09,leader-set-research.v2
,記憶體模組／通路,記憶體模組／通路,8299,群聯,0.75,NEEDS_REVIEW,HIGH,HIGH,NOT_USED_FOR_IDENTITY,HIGH,HIGH,"Phison is a global NAND-controller and storage-solutions leader with controller design, system integration and NAND module products, but its center of gravity is controller/storage rather than pure memory-module distribution.",official company product/IR; annual report or regulatory/industry source,"Phison is a global NAND-controller and storage-solutions leader with controller design, system integration and NAND module products, but its center of gravity is controller/storage rather than pure memory-module distribution.",3,https://www.phison.com/about/|https://www.phison.com/technology/|https://www.phison.com/investor-relations/,undated current company/technology/IR pages,MEDIUM,"High-impact classification ambiguity: candidate for NAND/SSD or storage topic, but not automatically a top Leader for the current module/channel label.",true,2026-08-09,leader-set-research.v2
,記憶體製程,記憶體製程,2408,南亞科,1.00,CANDIDATE,HIGH,HIGH,NOT_USED_FOR_IDENTITY,HIGH,HIGH,"Nanya's official innovation and annual-report materials directly document DRAM process shrinkage, 10nm-class process qualification, DDR product qualification and long-running in-house memory manufacturing.",official company product/IR; annual report or regulatory/industry source,"Nanya's official innovation and annual-report materials directly document DRAM process shrinkage, 10nm-class process qualification, DDR product qualification and long-running in-house memory manufacturing.",2,https://www.nanya.com/ESG/en/innovative_technology|https://www.nanya.com/ESG/dist/build2024/dl_files/2023_Annual_Report.pdf,current innovation page; 2023 annual report,HIGH,"The supplied PRIMARY universe has only one member; the single-name set is therefore a coverage fact, not a request to fabricate additional process names.",false,2026-08-09,leader-set-research.v2
,車用功率半導體,車用功率半導體,2241,艾姆勒,0.50,NEEDS_REVIEW,LOW,LOW,NOT_USED_FOR_IDENTITY,MEDIUM,LOW,"The supplied PRIMARY classification includes 2241, but the reviewed public evidence did not establish a durable vehicle-power-semiconductor product identity; it is retained as a classification-review row only.",official company product/IR; annual report or regulatory/industry source,"The supplied PRIMARY classification includes 2241, but the reviewed public evidence did not establish a durable vehicle-power-semiconductor product identity; it is retained as a classification-review row only.",1,https://www.twse.com.tw/pdf/en/2241_en.pdf,current TWSE company profile,LOW,Do not promote until direct company product/annual-report evidence confirms automotive power-semiconductor relevance.,false,2026-08-09,leader-set-research.v2
,車用功率半導體,車用功率半導體,8255,朋程,1.00,CANDIDATE,HIGH,HIGH,NOT_USED_FOR_IDENTITY,MEDIUM_HIGH,HIGH,"Actron's official company profile describes automotive power-semiconductor R&D and products, including automotive diodes, Si IGBT, SiC MOSFET, power modules and power-device wafers/bare dies.",official company product/IR; annual report or regulatory/industry source,"Actron's official company profile describes automotive power-semiconductor R&D and products, including automotive diodes, Si IGBT, SiC MOSFET, power modules and power-device wafers/bare dies.",3,https://www.actron.com.tw/en/about|https://www.actron.com.tw/en/products/power_module|https://www.actron.com.tw/upfiles/pro01651204662.pdf,current company profile; current power-module page; current e-mobility brochure,HIGH,Direct core fit; the set contains one strong member and one likely classification-adjacent member.,true,2026-08-09,leader-set-research.v2
,車用連接器,車用連接器,3023,信邦,0.75,CANDIDATE,HIGH,HIGH,NOT_USED_FOR_IDENTITY,MEDIUM_HIGH,HIGH,"SINBON's official annual and sustainability materials identify TWSE 3023 as a global integrated connectivity design/manufacturing provider with a durable automotive and EV product focus, including wire harnesses and charging connectors.",official company product/IR; annual report or regulatory/industry source,"SINBON's official annual and sustainability materials identify TWSE 3023 as a global integrated connectivity design/manufacturing provider with a durable automotive and EV product focus, including wire harnesses and charging connectors.",3,https://www.sinbon.com/files/3023_20250527_113%E8%82%A1%E6%9D%B1%E6%9C%83%E5%B9%B4%E5%A0%B1EN.pdf|https://www.sinbon.com/files/2023_Sustainability_Report_EN.pdf|https://www.sinbon.com/files/Brochure_2023_%E9%9B%BB%E5%AD%90%E7%89%88_1211final.pdf,2024 annual report; 2023 sustainability report; 2023 EV charging brochure,HIGH,"SINBON covers medical, industrial, green-energy and communications markets in addition to automotive; 0.75 avoids treating it as an automotive-only specialist.",false,2026-08-09,leader-set-research.v2
,車用連接器,車用連接器,3665,貿聯-KY,1.00,CANDIDATE,HIGH,HIGH,NOT_USED_FOR_IDENTITY,HIGH,HIGH,"BizLink's official automotive materials describe high-current, high-temperature vehicle cabling and supply to major vehicle manufacturers, while its high-speed interconnect page covers zonal automotive Ethernet and integrated power/signal connectivity.",official company product/IR; annual report or regulatory/industry source,"BizLink's official automotive materials describe high-current, high-temperature vehicle cabling and supply to major vehicle manufacturers, while its high-speed interconnect page covers zonal automotive Ethernet and integrated power/signal connectivity.",3,https://mobility.bizlinktech.com/applications/automotive/|https://www.bizlinktech.com/products/high-speed-interconnect|https://www.bizlinktech.com/uploads/editor/files/2024%20SDR/2023%20Sustainability%20Report_Eng.pdf,current automotive page; current product page; 2023 sustainability report,HIGH,BizLink is a diversified interconnect group; reuse in high-speed and automotive topics is evidence-based but requires PM double-counting governance.,false,2026-08-09,leader-set-research.v2
,軍工船舶,軍工船舶,2634,漢翔,0.50,NEEDS_REVIEW,LOW,MEDIUM,NOT_USED_FOR_IDENTITY,HIGH,MEDIUM_HIGH,"AIDC is a clear aerospace/defense company, but the reviewed evidence did not establish a direct shipbuilding role; the supplied membership is retained for classification review only.",official company product/IR; annual report or regulatory/industry source,"AIDC is a clear aerospace/defense company, but the reviewed evidence did not establish a direct shipbuilding role; the supplied membership is retained for classification review only.",2,https://www.aidc.com.tw/|https://www.twse.com.tw/pdf/en/2634_en.pdf,current company site; current TWSE profile,LOW,Likely boundary debt between broad defense and military shipbuilding; do not promote.,false,2026-08-09,leader-set-research.v2
,軍工船舶,軍工船舶,6753,龍德造船,1.00,CANDIDATE,HIGH,HIGH,NOT_USED_FOR_IDENTITY,MEDIUM_HIGH,HIGH,"Lungteh's official site identifies naval and patrol-vessel construction, including Taiwan indigenous-defense ship programs and delivered assault/patrol vessels, directly matching military shipbuilding.",official company product/IR; annual report or regulatory/industry source,"Lungteh's official site identifies naval and patrol-vessel construction, including Taiwan indigenous-defense ship programs and delivered assault/patrol vessels, directly matching military shipbuilding.",3,https://www.lungteh.com/about-us|https://www.lungteh.com/zh|https://www.twse.com.tw/pdf/en/6753_en.pdf,current company profile; current Chinese site; current TWSE profile,HIGH,Direct shipbuilding fit; no inference from contract timing or recent share performance.,false,2026-08-09,leader-set-research.v2
,重電,重電,1504,東元,0.75,CANDIDATE,HIGH,HIGH,NOT_USED_FOR_IDENTITY,HIGH,HIGH,"TECO's official site identifies TWSE 1504 as a long-running electromechanical group with power transmission/distribution equipment, smart energy, motors and integrated power infrastructure; the heavy-electric identity is durable but diversified.",official company product/IR; annual report or regulatory/industry source,"TECO's official site identifies TWSE 1504 as a long-running electromechanical group with power transmission/distribution equipment, smart energy, motors and integrated power infrastructure; the heavy-electric identity is durable but diversified.",4,https://www.teco.com.tw/en-us/|https://www.teco.com.tw/en-us/products/power-transmission/power-products/|https://www.teco.com.tw/en-us/locations/|https://www.teco.com.tw/Content/filepool/bab7aa20-3904-4b23-918d-802364482933.pdf,current company site; current power-equipment page; current global-operations page; 2024 annual report,HIGH,"TECO spans motors, automation, appliances, EVs and data-center engineering; 0.75 keeps it below a more specialized transformer/distribution representative.",false,2026-08-09,leader-set-research.v2
,重電,重電,1519,華城,1.00,CANDIDATE,HIGH,HIGH,NOT_USED_FOR_IDENTITY,HIGH,HIGH,"Fortune Electric's official materials identify transformers, distribution panels, switchgear and power equipment as its core revenue categories, with long-running high-voltage, grid and green-energy project capabilities.",official company product/IR; annual report or regulatory/industry source,"Fortune Electric's official materials identify transformers, distribution panels, switchgear and power equipment as its core revenue categories, with long-running high-voltage, grid and green-energy project capabilities.",4,https://www.fortune.com.tw/en/Investor_information1.html|https://www.fortune.com.tw/en/product_catalog.html|https://www.fortune.com.tw/en/about_history.aspx|https://www.fortune.com.tw/en/attached/investor/Annual%20Report/2024_AnnualReport.pdf,current investor profile; current product catalog; current history page; 2024 annual report,HIGH,No material identity conflict for broad heavy-electrical equipment; separate any future transformer-only or EV-charging topic rather than duplicating this weight automatically.,false,2026-08-09,leader-set-research.v2
,鋁電容,鋁電容,2375,凱美,0.50,NEEDS_REVIEW,MEDIUM,LOW,NOT_USED_FOR_IDENTITY,MEDIUM,MEDIUM,"The supplied membership places 2375 in aluminum capacitors, but current direct product evidence was not established sufficiently for promotion.",official company product/IR; annual report or regulatory/industry source,"The supplied membership places 2375 in aluminum capacitors, but current direct product evidence was not established sufficiently for promotion.",1,https://www.twse.com.tw/pdf/en/2375_en.pdf,current TWSE company profile,LOW,Keep NEEDS_REVIEW; no leader claim from passive-component market activity.,false,2026-08-09,leader-set-research.v2
,鋁電容,鋁電容,2472,立隆電,1.00,CANDIDATE,HIGH,HIGH,NOT_USED_FOR_IDENTITY,MEDIUM_HIGH,HIGH,"Lelon’s official catalogue spans polymer solid, hybrid, SMD, leaded, snap-in and screw-terminal aluminum electrolytic capacitors, directly establishing a durable aluminum-capacitor platform.",official company product/IR; annual report or regulatory/industry source,"Lelon’s official catalogue spans polymer solid, hybrid, SMD, leaded, snap-in and screw-terminal aluminum electrolytic capacitors, directly establishing a durable aluminum-capacitor platform.",2,https://www.lelon.com.tw/tw/product.php|https://www.lelon.com.tw/tw/,current product page; current company site,HIGH,Direct aluminum-capacitor specialist; the solid-state topic keeps a separate topic-specific weight.,false,2026-08-09,leader-set-research.v2
,鋁電容,鋁電容,8042,金山電,0.75,NEEDS_REVIEW,HIGH,MEDIUM,NOT_USED_FOR_IDENTITY,MEDIUM,HIGH,"The supplied PRIMARY classification and exchange profile support an aluminum-capacitor identity, but a current official product catalogue was not refreshed in this pass.",official company product/IR; annual report or regulatory/industry source,"The supplied PRIMARY classification and exchange profile support an aluminum-capacitor identity, but a current official product catalogue was not refreshed in this pass.",1,https://www.twse.com.tw/pdf/en/8042_en.pdf,current TWSE company profile,MEDIUM,Needs direct catalogue and scale confirmation before approval.,false,2026-08-09,leader-set-research.v2
,鋼鐵／不鏽鋼材料,鋼鐵／不鏽鋼材料,2002,中鋼,1.00,CANDIDATE,HIGH,HIGH,NOT_USED_FOR_IDENTITY,HIGH,HIGH,"China Steel's official profile and annual-report materials identify roughly 10 million metric tons of annual crude-steel capacity, a domestic share above 50% and a broad plate, bar, rod, coil, electrical-steel and galvanized-steel product base.",official company product/IR; annual report or regulatory/industry source,"China Steel's official profile and annual-report materials identify roughly 10 million metric tons of annual crude-steel capacity, a domestic share above 50% and a broad plate, bar, rod, coil, electrical-steel and galvanized-steel product base.",3,https://www.csc.com.tw/csc_e/ch/ch.html|https://www.csc.com.tw/csc_e/ss/fin/pdf/year_report108.pdf|https://www.csc.com.tw/csc_e/esg/index.html,current company profile; annual report; current ESG portal,HIGH,CSC is a broad integrated steel producer rather than a stainless-only specialist; 1.00 is for the supplied broad steel/materials topic.,false,2026-08-09,leader-set-research.v2
,鋼鐵／不鏽鋼材料,鋼鐵／不鏽鋼材料,2007,燁興,0.75,CANDIDATE,HIGH,HIGH,NOT_USED_FOR_IDENTITY,MEDIUM_HIGH,HIGH,"MOEA registration and TWSE materials identify Yieh Hsing as a long-running steel issuer whose operating scope includes stainless, carbon, alloy and free-cutting steel wire/pipe and related processing.",official company product/IR; annual report or regulatory/industry source,"MOEA registration and TWSE materials identify Yieh Hsing as a long-running steel issuer whose operating scope includes stainless, carbon, alloy and free-cutting steel wire/pipe and related processing.",3,https://findbiz.nat.gov.tw/fts/company/75992214|https://wwwc.twse.com.tw/pdf/ch/2007_ch.pdf|https://www.auics.com.tw/aic/download/7504,current MOEA registry; current TWSE profile; 2024 sustainability report,HIGH,Yieh Hsing is more focused on wire/long products than CSC; 0.75 reflects durable structural fit without equating product breadth.,false,2026-08-09,leader-set-research.v2
,鋼鐵／不鏽鋼材料,鋼鐵／不鏽鋼材料,2027,大成鋼,0.75,CANDIDATE,HIGH,HIGH,NOT_USED_FOR_IDENTITY,HIGH,HIGH,"TWSE/company disclosure identifies Ta Chen as a durable stainless-steel and aluminum products producer with integrated stainless products, processing and distribution across North American channels.",official company product/IR; annual report or regulatory/industry source,"TWSE/company disclosure identifies Ta Chen as a durable stainless-steel and aluminum products producer with integrated stainless products, processing and distribution across North American channels.",3,https://wwwc.twse.com.tw/pdf/ch/2027_ch.pdf|https://www.tachen.com.tw/|https://based-cms.goodfinance.com/app/uploads/2025/08/%E5%A4%A7%E6%88%90%E9%8B%BC%E5%85%AC%E9%96%8B%E8%AA%AA%E6%98%8E%E6%9B%B8.pdf,current TWSE profile; current company site; 2025 public prospectus,MEDIUM_HIGH,Ta Chen combines manufacturing and distribution and is not a pure steel-mill peer; 0.75 is a supporting structural representative.,false,2026-08-09,leader-set-research.v2
,開他 AI伺服器供應鏈,開他 AI伺服器供應鏈,3693,營邦,1.00,NEEDS_REVIEW,HIGH,HIGH,NOT_USED_FOR_IDENTITY,MEDIUM_HIGH,HIGH,"AIC's official annual-report material identifies professional rack servers, industrial-computer/server chassis, storage platforms and high-performance server system platforms as core businesses; its public disclosures also document AI-server barebones, storage and cooling platforms.",official company product/IR; annual report or regulatory/industry source,"AIC's official annual-report material identifies professional rack servers, industrial-computer/server chassis, storage platforms and high-performance server system platforms as core businesses; its public disclosures also document AI-server barebones, storage and cooling platforms.",3,https://www.aicipc.com/|https://www.aicipc.com/image/images/2023_3693_20240627F04_20250106_143955.pdf|https://www.tpex.org.tw/storage/co_report/2014/02/1392799060_10228_CH_%E6%AB%83%E8%B2%B7%E6%96%B0%E6%98%9F_%E4%B8%8A%E6%AB%833693.pdf,current official company site; 2023 annual report; public listing document,MEDIUM_HIGH,The supplied `開他 AI伺服器供應鏈` label is absent from the hierarchy and also appears to be a typo/duplicate of `其他 AI伺服器供應鏈`; this is classification review only. Do not normalize the topic identity silently.,true,2026-08-09,leader-set-research.v2
,離岸風電／鋼構,離岸風電／鋼構,7786,東方風能,0.75,CANDIDATE,HIGH,HIGH,NOT_USED_FOR_IDENTITY,MEDIUM_HIGH,HIGH,"Dong Fang Offshore's official site and TWSE profile describe marine engineering, vessel deployment, construction and long-term offshore-wind operations, directly supporting the offshore-wind engineering layer.",official company product/IR; annual report or regulatory/industry source,"Dong Fang Offshore's official site and TWSE profile describe marine engineering, vessel deployment, construction and long-term offshore-wind operations, directly supporting the offshore-wind engineering layer.",3,https://www.dfo.com.tw/?route=article%2Finvestors|https://www.twse.com.tw/market_insights/zh/detail/8a8216d69a3d6cf9019a7198534a0119|https://www.twse.com.tw/pdf/en/7786_en.pdf,current investor site; current TWSE market-insights profile; current TWSE profile,HIGH,Engineering/operations role differs from Century Steel's subsea-foundation manufacturing; keep topic-specific tiers.,false,2026-08-09,leader-set-research.v2
,離岸風電／鋼構,離岸風電／鋼構,9958,世紀鋼,1.00,CANDIDATE,HIGH,HIGH,NOT_USED_FOR_IDENTITY,HIGH,HIGH,"Century Steel's official materials document offshore-wind subsea-foundation and transition-piece manufacturing, long-term offshore-wind investment and large steel-structure capability.",official company product/IR; annual report or regulatory/industry source,"Century Steel's official materials document offshore-wind subsea-foundation and transition-piece manufacturing, long-term offshore-wind investment and large steel-structure capability.",3,https://www.century.com.tw/tw/info/31/322|https://www.century.com.tw/tw/info/31/334|https://www.twfhcsec.com.tw/Content/fileredirect?Path=%2Fdoclib6%2F%E6%AA%94%E6%A1%88%2F%E5%85%AC%E9%96%8B%E8%AA%AA%E6%98%8E%E6%9B%B8-9958%E4%B8%96%E7%B4%80%E9%8B%BC.pdf,official offshore-wind governance pages; public prospectus,HIGH,"Direct structural anchor; weight is based on manufacturing/platform role, not current order or price action.",false,2026-08-09,leader-set-research.v2
,雲端資安,雲端資安,6214,精誠,0.75,CANDIDATE,HIGH,MEDIUM_HIGH,NOT_USED_FOR_IDENTITY,HIGH,HIGH,"SYSTEX's official positioning includes cloud services and cybersecurity as core capabilities, and its security ecosystem includes managed SOC, endpoint and cloud-oriented services; it is a broad enterprise-cloud/security integrator below specialist ACSI.",official company product/IR; annual report or regulatory/industry source,"SYSTEX's official positioning includes cloud services and cybersecurity as core capabilities, and its security ecosystem includes managed SOC, endpoint and cloud-oriented services; it is a broad enterprise-cloud/security integrator below specialist ACSI.",3,https://tw.systex.com/about_profile/|https://pastevent.cybersec.ithome.com.tw/2021/exhibition-page/24.html|https://www.tpex.org.tw/,current company profile; 2021 Cybersec industry profile; exchange/regulatory portal,MEDIUM_HIGH,The company is highly diversified; refresh with a current cloud-security service catalog before treating it as an immutable top-tier candidate.,false,2026-08-09,leader-set-research.v2
,雲端資安,雲端資安,6690,安碁資訊,1.00,CANDIDATE,HIGH,HIGH,NOT_USED_FOR_IDENTITY,HIGH,HIGH,"ACSI explicitly provides Cloud SOC, cloud/ground integrated monitoring and IT-to-OT-to-cloud security operations, supported by its long-running MSSP/SOC identity and company-owned security infrastructure.",official company product/IR; annual report or regulatory/industry source,"ACSI explicitly provides Cloud SOC, cloud/ground integrated monitoring and IT-to-OT-to-cloud security operations, supported by its long-running MSSP/SOC identity and company-owned security infrastructure.",3,https://www.acercsi.com/tw/aboutus/25|https://www.acercsi.com/tw/Index|https://ic.tpex.org.tw/company_chain.php?stk_code=6690,current company profile; current company site; current TPEx industry-chain record,HIGH,"Cloud SOC is a clear service line, but the company also operates on-premise SOC and forensic services; the 1.00 proposal is topic-specific.",false,2026-08-09,leader-set-research.v2
,雲端資安,雲端資安,6752,叡揚,0.75,CANDIDATE,HIGH,MEDIUM_HIGH,NOT_USED_FOR_IDENTITY,MEDIUM_HIGH,HIGH,"GSS's Vital cloud platform documents current ISO 27001/27017/27018/27701 security certifications, while company materials show cloud-security, zero-trust and application-security capabilities; the cloud-security identity is durable even though endpoint scope remains under review.",official company product/IR; annual report or regulatory/industry source,"GSS's Vital cloud platform documents current ISO 27001/27017/27018/27701 security certifications, while company materials show cloud-security, zero-trust and application-security capabilities; the cloud-security identity is durable even though endpoint scope remains under review.",3,https://www.vitalyun.com/tw/|https://www.gss.com.tw/images/Information_Security_Implementation_Report_20241226.pdf|https://www.cna.com.tw/business/clientB/1488,current cloud-service page; 2024 security implementation report; 2026 company news,MEDIUM_HIGH,"The public evidence is strongest for secure cloud/SaaS operations and partner solutions, not a standalone cloud-security product segment; PM should confirm the topic boundary.",true,2026-08-09,leader-set-research.v2
,雷達與感測,雷達與感測,5222,全訊,1.00,CANDIDATE,HIGH,HIGH,NOT_USED_FOR_IDENTITY,MEDIUM_HIGH,HIGH,"Transcom's official annual report explicitly states that its products are used in defense radar systems, satellites and aircraft communications, with microwave semiconductor and subsystem design/manufacturing capabilities.",official company product/IR; annual report or regulatory/industry source,"Transcom's official annual report explicitly states that its products are used in defense radar systems, satellites and aircraft communications, with microwave semiconductor and subsystem design/manufacturing capabilities.",2,https://www.transcominc.com.tw/upload/ckfinder_upload/files/data/113%E5%B9%B4%E5%B9%B4%E5%A0%B1-%E4%B8%AD%E6%96%87.pdf|https://www.twse.com.tw/pdf/en/5222_en.pdf,2024 annual report; current TWSE profile,HIGH,Direct radar/microwave fit; 5222 is also a defense candidate and requires cross-topic reuse governance.,false,2026-08-09,leader-set-research.v2
,雷達與感測,雷達與感測,7402,邑錡,0.50,NEEDS_REVIEW,LOW,LOW,NOT_USED_FOR_IDENTITY,MEDIUM,LOW,"The supplied PRIMARY classification includes 7402 in radar/sensing, but direct durable product evidence was not established; the row remains a review flag only.",official company product/IR; annual report or regulatory/industry source,"The supplied PRIMARY classification includes 7402 in radar/sensing, but direct durable product evidence was not established; the row remains a review flag only.",1,https://www.twse.com.tw/pdf/en/7402_en.pdf,current TWSE company profile,LOW,Do not promote until direct radar/sensor product and market-recognition evidence is found.,false,2026-08-09,leader-set-research.v2
,電子化學材料,電子化學材料,1773,勝一,1.00,CANDIDATE,HIGH,HIGH,NOT_USED_FOR_IDENTITY,HIGH,HIGH,"Shiny Chemical's official company profile identifies it as Taiwan's broadest self-manufactured solvent producer, with 26 electronic-grade products and ultra-high-purity solvents for semiconductor processes; electronic chemicals are a durable core business.",official company product/IR; annual report or regulatory/industry source,"Shiny Chemical's official company profile identifies it as Taiwan's broadest self-manufactured solvent producer, with 26 electronic-grade products and ultra-high-purity solvents for semiconductor processes; electronic chemicals are a durable core business.",2,https://www.shinychem.com.tw/index.php?lang=cht&temp=intro|https://www.shinychem.com.tw/,current company profile; current company site,HIGH,"The company also serves coatings, resins and other industrial applications; the 1.00 proposal is limited to its explicit electronic/semiconductor solvent platform.",false,2026-08-09,leader-set-research.v2
,電子化學材料,電子化學材料,1785,光洋科,0.75,CANDIDATE,HIGH,HIGH,NOT_USED_FOR_IDENTITY,HIGH,HIGH,"Solar Applied Materials' official materials identify thin-film sputtering targets, chemicals and precious-metal materials for semiconductor and electronic applications, supported by a long-running functional-materials platform.",official company product/IR; annual report or regulatory/industry source,"Solar Applied Materials' official materials identify thin-film sputtering targets, chemicals and precious-metal materials for semiconductor and electronic applications, supported by a long-running functional-materials platform.",3,https://www.solartech.com.tw/cn/about/company_info/|https://www.solartech.com.tw/|https://www.solartech.com.tw/download/0/154/,current company profile; current company site; 2025 investor presentation,HIGH,"The issuer serves storage media, display, solar and other industries; keep below a more focused electronic-solvent specialist and govern target-material overlap.",false,2026-08-09,leader-set-research.v2
,電子化學材料,電子化學材料,5434,崇越,0.75,CANDIDATE,HIGH,HIGH,NOT_USED_FOR_IDENTITY,HIGH,HIGH,"Topco's official/annual-report materials describe a semiconductor and advanced-material distribution/integration platform involving high-purity packaging materials, chemicals, quartz and process-support services; it is a major supply-chain integrator rather than a single-material producer.",official company product/IR; annual report or regulatory/industry source,"Topco's official/annual-report materials describe a semiconductor and advanced-material distribution/integration platform involving high-purity packaging materials, chemicals, quartz and process-support services; it is a major supply-chain integrator rather than a single-material producer.",3,https://www.topco-global.com/wp-content/uploads/2022/05/ANNUAL-110CHN.pdf|https://www.tqp.com.tw/about.html|https://www.topco-global.com/,2021 annual report; current quartz subsidiary profile; current group site,MEDIUM_HIGH,"The group combines distribution, quartz, engineering and environmental services; PM should confirm whether integrators qualify as Leaders for the electronic-chemical-material topic.",false,2026-08-09,leader-set-research.v2
,電感,電感,2327,國巨,1.00,CANDIDATE,HIGH,HIGH,NOT_USED_FOR_IDENTITY,HIGH,HIGH,"Yageo's official product and corporate materials identify a broad passive-component platform including chip and power inductors, alongside its established global MLCC and resistor business.",official company product/IR; annual report or regulatory/industry source,"Yageo's official product and corporate materials identify a broad passive-component platform including chip and power inductors, alongside its established global MLCC and resistor business.",2,https://www.yageo.com/en|https://www.yageo.com/en/Products/Inductor,current company site; current product page,HIGH,"Diversified passive group; 1.00 is allowed because the supplied topic includes a major global component platform, but PM should avoid double-counting across MLCC and other passive topics.",false,2026-08-09,leader-set-research.v2
,電感,電感,3357,臺慶科,0.75,NEEDS_REVIEW,HIGH,MEDIUM,NOT_USED_FOR_IDENTITY,MEDIUM,HIGH,"The supplied membership identifies 3357 as an inductor-related company, but current direct product and scale evidence was not fully refreshed; retain as a supporting candidate pending IR review.",official company product/IR; annual report or regulatory/industry source,"The supplied membership identifies 3357 as an inductor-related company, but current direct product and scale evidence was not fully refreshed; retain as a supporting candidate pending IR review.",1,https://www.twse.com.tw/pdf/en/3357_en.pdf,current TWSE company profile,MEDIUM,Needs current official inductor catalogue or annual-report product mix.,false,2026-08-09,leader-set-research.v2
,電感,電感,6821,聯寶,0.50,NEEDS_REVIEW,MEDIUM_HIGH,MEDIUM,NOT_USED_FOR_IDENTITY,MEDIUM,HIGH,"The supplied PRIMARY membership supports an inductor/passive-component identity, but direct current public evidence was not yet sufficient to promote 6821.",official company product/IR; annual report or regulatory/industry source,"The supplied PRIMARY membership supports an inductor/passive-component identity, but direct current public evidence was not yet sufficient to promote 6821.",1,https://www.twse.com.tw/pdf/en/6821_en.pdf,current TWSE company profile,MEDIUM,Keep NEEDS_REVIEW pending direct product evidence.,false,2026-08-09,leader-set-research.v2
,顯卡,顯卡,2376,技嘉,1.00,CANDIDATE,HIGH,HIGH,NOT_USED_FOR_IDENTITY,HIGH,HIGH,"GIGABYTE's official product pages and annual-report materials document a durable graphics-card platform across NVIDIA and AMD GPUs, including current gaming, creator and AI-capable graphics products.",official company product/IR; annual report or regulatory/industry source,"GIGABYTE's official product pages and annual-report materials document a durable graphics-card platform across NVIDIA and AMD GPUs, including current gaming, creator and AI-capable graphics products.",3,https://www.gigabyte.com/Graphics-Card/1-GB|https://www.gigabyte.com/Graphics-Card/GV-N5080GAMING-16GD|https://www.gigabyte.com/FileUpload/Global/SiteMap/83/images/AnnualReportEng-2024.pdf,current graphics-card catalog; current RTX product page; 2024 annual report,HIGH,"GIGABYTE also has motherboards, servers and other hardware; 1.00 is for the supplied 顯卡 topic and not a judgment on total-company scale.",false,2026-08-09,leader-set-research.v2
,顯卡,顯卡,2377,微星,1.00,CANDIDATE,HIGH,HIGH,NOT_USED_FOR_IDENTITY,HIGH,HIGH,"MSI's official graphics-card catalog and annual report identify graphics cards as a long-running core product line, with the company established around gaming hardware and a graphics-card product history dating back to 1991.",official company product/IR; annual report or regulatory/industry source,"MSI's official graphics-card catalog and annual report identify graphics cards as a long-running core product line, with the company established around gaming hardware and a graphics-card product history dating back to 1991.",3,https://www.msi.com/Graphics-Cards|https://storage-asset.msi.com/file/pdf/investor/book/2023-annual-report.pdf|https://www.msi.com/page/stockinfomation,current graphics-card catalog; 2023 annual report; current investor page,HIGH,Two 1.00 names are justified as distinct top-tier Taiwanese graphics-card brands; PM should confirm whether both may be retained or one should be 0.75.,false,2026-08-09,leader-set-research.v2
,風冷散熱,風冷散熱,2308,台達電,1.00,CANDIDATE,HIGH,HIGH,NOT_USED_FOR_IDENTITY,HIGH,HIGH,"Delta's official data-center cooling portfolio explicitly covers air-cooling architectures and fan-based thermal management alongside liquid cooling, while its long-running power-and-thermal platform gives the company durable scale and industry influence.",official company product/IR; annual report or regulatory/industry source,"Delta's official data-center cooling portfolio explicitly covers air-cooling architectures and fan-based thermal management alongside liquid cooling, while its long-running power-and-thermal platform gives the company durable scale and industry influence.",3,https://www-v2.deltaww.com/en-US/products/fans-and-thermal-data-center-cooling|https://landing.deltaww.com/zh-TW/products/data-center-cooling/ALL/|https://filecenter.deltaww.com/IR/download/annual_report/2024annual.pdf,current product page; current product portfolio; 2024 annual report,HIGH,"Delta is diversified across power, automation and electronics; the proposed 1.00 is limited to the supplied air-cooling topic and does not imply a pure-play thermal identity.",false,2026-08-09,leader-set-research.v2
,風冷散熱,風冷散熱,2421,建準,1.00,CANDIDATE,HIGH,HIGH,NOT_USED_FOR_IDENTITY,HIGH,HIGH,"SUNON's official company materials identify thermal-management and cooling solutions as its core identity; its annual report and investor presentation document data-center cooling fans/modules and a substantial cooling-solution revenue base, directly supporting a durable air-cooling representative.",official company product/IR; annual report or regulatory/industry source,"SUNON's official company materials identify thermal-management and cooling solutions as its core identity; its annual report and investor presentation document data-center cooling fans/modules and a substantial cooling-solution revenue base, directly supporting a durable air-cooling representative.",3,https://www.sunon.com/en/about.aspx/index.aspx|https://www.sunon.com/en/MANAGE/Docs/WEBCONT/Files/3016/113%E5%B9%B4%E5%BA%A6%E5%B9%B4%E5%A0%B1-EN_%28%E4%B8%8A%E5%82%B3%29.pdf|https://www.sunon.com/en/MANAGE/Docs/WEBCONT/Files/2984/20250319_%E6%B3%95%E4%BA%BA%E8%AA%AA%E6%98%8E.pdf,current company profile; 2024 annual report; 2025-03-19 investor presentation,HIGH,"SUNON also develops liquid and immersion solutions; the proposed weight reflects its durable fan/thermal platform, not a claim that air cooling is its only current product.",false,2026-08-09,leader-set-research.v2
,風冷散熱,風冷散熱,3071,協禧,0.75,CANDIDATE,HIGH,MEDIUM_HIGH,NOT_USED_FOR_IDENTITY,MEDIUM_HIGH,HIGH,"ADDA's official company site describes a long-running fan and thermal-solution platform spanning DC/AC/EC fans, blowers and thermal modules for communication, automotive, industrial and renewable-energy applications; this is a clear supporting representative of the air-cooling supply chain.",official company product/IR; annual report or regulatory/industry source,"ADDA's official company site describes a long-running fan and thermal-solution platform spanning DC/AC/EC fans, blowers and thermal modules for communication, automotive, industrial and renewable-energy applications; this is a clear supporting representative of the air-cooling supply chain.",1,https://www.adda.com.tw/,current company site,MEDIUM_HIGH,The direct company page supports product identity but does not quantify data-center or server exposure; keep below Delta and SUNON pending a current annual report or application-specific disclosure.,false,2026-08-09,leader-set-research.v2
,高速介面,高速介面,6684,安格,1.00,CANDIDATE,HIGH,HIGH,NOT_USED_FOR_IDENTITY,MEDIUM_HIGH,HIGH,"Algoltek's official site identifies high-speed SerDes and transmission-technology design as its core specialty and lists video-conversion, hub, retimer/redriver and related interface products; the role is directly aligned with the supplied high-speed-interface topic.",official company product/IR; annual report or regulatory/industry source,"Algoltek's official site identifies high-speed SerDes and transmission-technology design as its core specialty and lists video-conversion, hub, retimer/redriver and related interface products; the role is directly aligned with the supplied high-speed-interface topic.",3,https://www.algoltek.com.tw/|https://www.algoltek.com.tw/storage/architecture/page~98/page~104/page~113/2020-12-11pdf.pdf|https://www.algoltek.com.tw/news-page237,current company site; 2020 company prospectus; 2023 company release,HIGH,Algoltek has meaningful video-conversion and power-management exposure in addition to SerDes; the proposed top tier is limited to the supplied interface membership.,true,2026-08-09,leader-set-research.v2
,高速介面,高速介面,6756,威鋒電子,0.75,CANDIDATE,HIGH,HIGH,NOT_USED_FOR_IDENTITY,MEDIUM_HIGH,HIGH,"VIA Labs' official site and annual-report materials identify USB and USB Type-C controller ICs as the core business, with USB4, DisplayPort and PCIe-related high-speed transport support; this is a durable high-speed-interface representative below the broader 1.00 anchor.",official company product/IR; annual report or regulatory/industry source,"VIA Labs' official site and annual-report materials identify USB and USB Type-C controller ICs as the core business, with USB4, DisplayPort and PCIe-related high-speed transport support; this is a durable high-speed-interface representative below the broader 1.00 anchor.",3,https://www.via-labs.com/|https://www.via-labs.com/archive/doc/171991022919976.pdf|https://www.via-labs.com/archive/doc/165544553427451.pdf,current company site; 2022 annual report; 2021 annual report,HIGH,The product center is USB/Type-C controller ICs rather than retimers or networking silicon; 0.75 reflects a distinct interface layer rather than weaker structural relevance.,false,2026-08-09,leader-set-research.v2
,高速傳輸,高速傳輸,4966,譜瑞-KY,0.75,NEEDS_REVIEW,HIGH,MEDIUM_HIGH,NOT_USED_FOR_IDENTITY,MEDIUM_HIGH,MEDIUM_HIGH,Parade's official release identifies the company as a high-speed interface IC supplier and documents PCIe redriver products for enterprise systems.,official company product/IR; annual report or regulatory/industry source,Parade's official release identifies the company as a high-speed interface IC supplier and documents PCIe redriver products for enterprise systems.,1,https://www.paradetech.com/parade-technologies-introduces-16-channel-8gbs-pci-express-redriver/,2016-06-15 release,MEDIUM,The available official evidence is old; refresh with a current annual report or product portfolio before PM approval.,false,2026-08-09,leader-set-research.v2
,高速傳輸,高速傳輸,5269,祥碩,1.00,CANDIDATE,HIGH,HIGH,NOT_USED_FOR_IDENTITY,HIGH,HIGH,"ASMedia's official company and investor materials identify high-speed IC design as the core business, including USB, PCIe, SATA and high-speed switch/controller products.",official company product/IR; annual report or regulatory/industry source,"ASMedia's official company and investor materials identify high-speed IC design as the core business, including USB, PCIe, SATA and high-speed switch/controller products.",2,https://www.asmedia.com.tw/Web2/zh-Hant/about.html|https://www.asmedia.com.tw/files/investor/2019Q1_EN.pdf,current company page; investor material,HIGH,The supplied topic also includes interface ICs and cables; PM should confirm that a high-speed controller leader can anchor this mixed topic.,false,2026-08-09,leader-set-research.v2
,高速連接器,高速連接器,3605,宏致,0.75,CANDIDATE,HIGH,HIGH,NOT_USED_FOR_IDENTITY,MEDIUM_HIGH,HIGH,"ACES's official product and investor materials identify high-speed connectors, cable assemblies and precision interconnects for communications, cloud data centers, 5G and industrial applications as a durable product platform.",official company product/IR; annual report or regulatory/industry source,"ACES's official product and investor materials identify high-speed connectors, cable assemblies and precision interconnects for communications, cloud data centers, 5G and industrial applications as a durable product platform.",3,https://www.acesconn.com/cn/same_series?series=50473-xxxxx-xxx|https://www.acesconn.com/tw/news_detail?id=49|https://www.acesconn.com/upload/investor/ACES%20Investor%20Conference_20181220-E.pdf,current product page; official company release; investor presentation,HIGH,Direct high-speed connector evidence; automotive and general-connector overlap requires topic-specific reuse governance.,false,2026-08-09,leader-set-research.v2
,高速連接器,高速連接器,3665,貿聯-KY,1.00,CANDIDATE,HIGH,HIGH,NOT_USED_FOR_IDENTITY,HIGH,HIGH,"BizLink's official materials identify global connectivity as the core platform and document high-speed copper and optical interconnects for 800 Gbit/s data-center links, automotive Ethernet and AI/HPC infrastructure.",official company product/IR; annual report or regulatory/industry source,"BizLink's official materials identify global connectivity as the core platform and document high-speed copper and optical interconnects for 800 Gbit/s data-center links, automotive Ethernet and AI/HPC infrastructure.",3,https://www.bizlinktech.com/company-overview|https://telecom-networking.bizlinktech.com/applications/data-center/|https://www.bizlinktech.com/news/bizlink-completes-acquisition-of-xfs-communications-inc-advancing-optical-interconnect-leadership-for-ai-and-data-center-applications,current company overview; current data-center page; 2026-01-05 release,HIGH,The supplied topic includes both connectors and broader high-speed interconnects; PM should confirm that cable/optical interconnect leadership is in scope.,true,2026-08-09,leader-set-research.v2
,高速連接器,高速連接器,5457,宣德,0.75,CANDIDATE,HIGH,HIGH,NOT_USED_FOR_IDENTITY,MEDIUM,HIGH,"SpeedTech's official company profile describes electronic connector design and manufacturing, explicitly positioning high-speed/high-frequency connectors and cable harnesses for server, communications and automotive applications.",official company product/IR; annual report or regulatory/industry source,"SpeedTech's official company profile describes electronic connector design and manufacturing, explicitly positioning high-speed/high-frequency connectors and cable harnesses for server, communications and automotive applications.",3,https://www.speedtech.com.tw/|https://ic.tpex.org.tw/company_chain.php?stk_code=5457|https://www.twse.com.tw/pdf/en/5457_en.pdf,current company site; current TPEX industry-chain profile; current TWSE profile,MEDIUM_HIGH,"Direct high-speed connector role, but current public product-level detail is less granular than 3665 or 6715; keep below the top tier pending a refreshed product catalogue.",false,2026-08-09,leader-set-research.v2
,高速連接器,高速連接器,6197,佳必琪,0.75,CANDIDATE,HIGH,HIGH,NOT_USED_FOR_IDENTITY,HIGH,HIGH,"JPC's official annual-report material identifies high-speed server-internal cables, EDSFF connectors, GPU/AI-computing interfaces and data-center/telecom connectivity as durable product and R&D domains.",official company product/IR; annual report or regulatory/industry source,"JPC's official annual-report material identifies high-speed server-internal cables, EDSFF connectors, GPU/AI-computing interfaces and data-center/telecom connectivity as durable product and R&D domains.",3,https://www.jpcco.com/|https://www.jpcco.com/storage/uploads/1676367867_111%E5%B9%B4%E5%B9%B4%E5%A0%B1.pdf|https://www.twse.com.tw/pdf/en/6197_en.pdf,current company site; annual report; current TWSE profile,HIGH,"Strong server/high-speed fit; optical, power and liquid-cooling connector roles overlap with other supplied topics and require separate weights by topic.",false,2026-08-09,leader-set-research.v2
,高速連接器,高速連接器,6715,嘉基,0.75,CANDIDATE,HIGH,HIGH,NOT_USED_FOR_IDENTITY,HIGH,HIGH,"Lintes's official company site and current news identify high-speed connectors, internal cables, optical/electrical interconnects and AI-server/data-center connectivity as its core technology and product platform.",official company product/IR; annual report or regulatory/industry source,"Lintes's official company site and current news identify high-speed connectors, internal cables, optical/electrical interconnects and AI-server/data-center connectivity as its core technology and product platform.",4,https://www.lintestech.com/|https://en.lintestech.com/news-2/|https://www.lintestech.com/mcio-passive-active-cable/|https://www.lintestech.com/2026/05/26/%E5%98%89%E5%9F%BA%E7%A7%91%E6%8A%80-6715%E6%93%B4%E5%A4%A7%E5%85%89%E9%80%9A%E8%88%87%E8%87%AA%E5%8B%95%E5%8C%96%E8%A3%BD%E9%80%A0%E4%BD%88%E5%B1%80%E5%85%A8%E9%9D%A2%E8%BF%8E%E6%8E%A5%E5%BC%B7/,current official company site; current news page; current product page; 2026-05-26 official release,HIGH,"Direct high-bandwidth connector/cable fit; it also qualifies for high-speed transmission and optical topics, so cross-topic reuse must be explicitly governed.",false,2026-08-09,leader-set-research.v2
,高頻電子材料,高頻電子材料,6213,聯茂,1.00,NEEDS_REVIEW,HIGH,HIGH,NOT_USED_FOR_IDENTITY,HIGH,HIGH,"ITEQ's official company profile, product material and shareholder letter identify high-performance copper-clad laminates, prepregs and low-loss/high-frequency materials for RF, microwave, servers, switches, 5G and AI data-center applications.",official company product/IR; annual report or regulatory/industry source,"ITEQ's official company profile, product material and shareholder letter identify high-performance copper-clad laminates, prepregs and low-loss/high-frequency materials for RF, microwave, servers, switches, 5G and AI data-center applications.",4,https://www.iteqcorp.com/about-iteq/company-profile/?lang=en|https://www.iteqcorp.com/2020/10/23/iteq-mgc-joint-venture-laminated-material-business-ic-substrates-adopted-semiconductor-applications/?lang=en|https://www.iteqcorp.com/investor-relations/letter-to-shareholders/?lang=en|https://www.iteqcorp.com/wp-content/uploads/2016/10/112-annual-report-en.pdf,current company profile; 2020 official product announcement; current shareholder letter; 2023 annual report,HIGH,"The supplied `高頻電子材料` label is absent from the hierarchy, so this is classification review only. ITEQ also spans flexible and general CCL applications; the topic should retain material-specific rather than all-PCB semantics.",true,2026-08-09,leader-set-research.v2
,高頻電子材料,高頻電子材料,6274,台燿,0.75,NEEDS_REVIEW,HIGH,HIGH,NOT_USED_FOR_IDENTITY,HIGH,HIGH,"Taiwan Union Technology's official company and product pages identify CCL and prepreg manufacturing with dedicated radio-frequency, mmWave and high-speed digital laminate families used in base stations, servers, routers and other high-speed applications.",official company product/IR; annual report or regulatory/industry source,"Taiwan Union Technology's official company and product pages identify CCL and prepreg manufacturing with dedicated radio-frequency, mmWave and high-speed digital laminate families used in base stations, servers, routers and other high-speed applications.",3,https://www.tuc.com.tw/en-us/index|https://www.tuc.com.tw/zh-tw/products|https://www.tuc.com.tw/about.php,current official home page; current product catalogue; current company profile,HIGH,"The supplied `高頻電子材料` label is absent from the hierarchy, so this is classification review only. 0.75 reflects a topic-specific major-leader proposal below ITEQ's broader disclosed high-frequency/low-loss platform, not recent price action.",true,2026-08-09,leader-set-research.v2
