topic_name,topic_parent,instrument_code,instrument_name,candidate_basis,proposed_importance_weight,proposed_status,structural_relevance,market_recognition,scale_influence,durability,evidence_summary,source_count,source_urls,confidence_level,ambiguity_notes,membership_review_needed,research_version
12 吋矽晶圓,晶圓材料,3532,台勝科,PRIMARY in supplied stock overview; CORE equivalence not yet PM-approved,,NEEDS_REVIEW,UNRESEARCHED,UNRESEARCHED,UNRESEARCHED,UNRESEARCHED,Candidate pool only; durable public evidence has not yet been reviewed.,0,,LOW,Do not promote or assign weight until independent evidence review is complete.,false,leader-set-research.v2-candidate-pool
12 吋矽晶圓,晶圓材料,5483,中美晶,PRIMARY in supplied stock overview; CORE equivalence not yet PM-approved,,NEEDS_REVIEW,UNRESEARCHED,UNRESEARCHED,UNRESEARCHED,UNRESEARCHED,Candidate pool only; durable public evidence has not yet been reviewed.,0,,LOW,Do not promote or assign weight until independent evidence review is complete.,false,leader-set-research.v2-candidate-pool
12 吋矽晶圓,晶圓材料,6182,合晶,PRIMARY in supplied stock overview; CORE equivalence not yet PM-approved,,NEEDS_REVIEW,UNRESEARCHED,UNRESEARCHED,UNRESEARCHED,UNRESEARCHED,Candidate pool only; durable public evidence has not yet been reviewed.,0,,LOW,Do not promote or assign weight until independent evidence review is complete.,false,leader-set-research.v2-candidate-pool
12 吋矽晶圓,晶圓材料,6488,環球晶,PRIMARY in supplied stock overview; CORE equivalence not yet PM-approved,,NEEDS_REVIEW,UNRESEARCHED,UNRESEARCHED,UNRESEARCHED,UNRESEARCHED,Candidate pool only; durable public evidence has not yet been reviewed.,0,,LOW,Do not promote or assign weight until independent evidence review is complete.,false,leader-set-research.v2-candidate-pool
8 吋矽晶圓,晶圓材料,3532,台勝科,PRIMARY in supplied stock overview; CORE equivalence not yet PM-approved,,NEEDS_REVIEW,UNRESEARCHED,UNRESEARCHED,UNRESEARCHED,UNRESEARCHED,Candidate pool only; durable public evidence has not yet been reviewed.,0,,LOW,Do not promote or assign weight until independent evidence review is complete.,false,leader-set-research.v2-candidate-pool
8 吋矽晶圓,晶圓材料,5483,中美晶,PRIMARY in supplied stock overview; CORE equivalence not yet PM-approved,,NEEDS_REVIEW,UNRESEARCHED,UNRESEARCHED,UNRESEARCHED,UNRESEARCHED,Candidate pool only; durable public evidence has not yet been reviewed.,0,,LOW,Do not promote or assign weight until independent evidence review is complete.,false,leader-set-research.v2-candidate-pool
8 吋矽晶圓,晶圓材料,6182,合晶,PRIMARY in supplied stock overview; CORE equivalence not yet PM-approved,,NEEDS_REVIEW,UNRESEARCHED,UNRESEARCHED,UNRESEARCHED,UNRESEARCHED,Candidate pool only; durable public evidence has not yet been reviewed.,0,,LOW,Do not promote or assign weight until independent evidence review is complete.,false,leader-set-research.v2-candidate-pool
8 吋矽晶圓,晶圓材料,6488,環球晶,PRIMARY in supplied stock overview; CORE equivalence not yet PM-approved,,NEEDS_REVIEW,UNRESEARCHED,UNRESEARCHED,UNRESEARCHED,UNRESEARCHED,Candidate pool only; durable public evidence has not yet been reviewed.,0,,LOW,Do not promote or assign weight until independent evidence review is complete.,false,leader-set-research.v2-candidate-pool
ABF載板,封裝測試,3037,欣興,PRIMARY in supplied stock overview; CORE equivalence not yet PM-approved,,NEEDS_REVIEW,UNRESEARCHED,UNRESEARCHED,UNRESEARCHED,UNRESEARCHED,Candidate pool only; durable public evidence has not yet been reviewed.,0,,LOW,Do not promote or assign weight until independent evidence review is complete.,false,leader-set-research.v2-candidate-pool
ABF載板,封裝測試,3189,景碩,PRIMARY in supplied stock overview; CORE equivalence not yet PM-approved,,NEEDS_REVIEW,UNRESEARCHED,UNRESEARCHED,UNRESEARCHED,UNRESEARCHED,Candidate pool only; durable public evidence has not yet been reviewed.,0,,LOW,Do not promote or assign weight until independent evidence review is complete.,false,leader-set-research.v2-candidate-pool
ABF載板,封裝測試,4958,臻鼎-KY,PRIMARY in supplied stock overview; CORE equivalence not yet PM-approved,,NEEDS_REVIEW,UNRESEARCHED,UNRESEARCHED,UNRESEARCHED,UNRESEARCHED,Candidate pool only; durable public evidence has not yet been reviewed.,0,,LOW,Do not promote or assign weight until independent evidence review is complete.,false,leader-set-research.v2-candidate-pool
ABF載板,封裝測試,8046,南電,PRIMARY in supplied stock overview; CORE equivalence not yet PM-approved,,NEEDS_REVIEW,UNRESEARCHED,UNRESEARCHED,UNRESEARCHED,UNRESEARCHED,Candidate pool only; durable public evidence has not yet been reviewed.,0,,LOW,Do not promote or assign weight until independent evidence review is complete.,false,leader-set-research.v2-candidate-pool
ADAS,車用電子,2367,燿華,PRIMARY in supplied stock overview; CORE equivalence not yet PM-approved,,NEEDS_REVIEW,UNRESEARCHED,UNRESEARCHED,UNRESEARCHED,UNRESEARCHED,Candidate pool only; durable public evidence has not yet been reviewed.,0,,LOW,Do not promote or assign weight until independent evidence review is complete.,false,leader-set-research.v2-candidate-pool
ADAS,車用電子,3715,定穎投控,PRIMARY in supplied stock overview; CORE equivalence not yet PM-approved,,NEEDS_REVIEW,UNRESEARCHED,UNRESEARCHED,UNRESEARCHED,UNRESEARCHED,Candidate pool only; durable public evidence has not yet been reviewed.,0,,LOW,Do not promote or assign weight until independent evidence review is complete.,false,leader-set-research.v2-candidate-pool
AI PCB,AI運算與伺服器,2313,華通,PRIMARY in supplied stock overview; CORE equivalence not yet PM-approved,,NEEDS_REVIEW,UNRESEARCHED,UNRESEARCHED,UNRESEARCHED,UNRESEARCHED,Candidate pool only; durable public evidence has not yet been reviewed.,0,,LOW,Do not promote or assign weight until independent evidence review is complete.,false,leader-set-research.v2-candidate-pool
AI PCB,AI運算與伺服器,2368,金像電,PRIMARY in supplied stock overview; CORE equivalence not yet PM-approved,,NEEDS_REVIEW,UNRESEARCHED,UNRESEARCHED,UNRESEARCHED,UNRESEARCHED,Candidate pool only; durable public evidence has not yet been reviewed.,0,,LOW,Do not promote or assign weight until independent evidence review is complete.,false,leader-set-research.v2-candidate-pool
AI PCB,AI運算與伺服器,3037,欣興,PRIMARY in supplied stock overview; CORE equivalence not yet PM-approved,,NEEDS_REVIEW,UNRESEARCHED,UNRESEARCHED,UNRESEARCHED,UNRESEARCHED,Candidate pool only; durable public evidence has not yet been reviewed.,0,,LOW,Do not promote or assign weight until independent evidence review is complete.,false,leader-set-research.v2-candidate-pool
AI PCB,AI運算與伺服器,3044,健鼎,PRIMARY in supplied stock overview; CORE equivalence not yet PM-approved,,NEEDS_REVIEW,UNRESEARCHED,UNRESEARCHED,UNRESEARCHED,UNRESEARCHED,Candidate pool only; durable public evidence has not yet been reviewed.,0,,LOW,Do not promote or assign weight until independent evidence review is complete.,false,leader-set-research.v2-candidate-pool
AI PCB,AI運算與伺服器,3189,景碩,PRIMARY in supplied stock overview; CORE equivalence not yet PM-approved,,NEEDS_REVIEW,UNRESEARCHED,UNRESEARCHED,UNRESEARCHED,UNRESEARCHED,Candidate pool only; durable public evidence has not yet been reviewed.,0,,LOW,Do not promote or assign weight until independent evidence review is complete.,false,leader-set-research.v2-candidate-pool
AI PCB,AI運算與伺服器,4958,臻鼎-KY,PRIMARY in supplied stock overview; CORE equivalence not yet PM-approved,,NEEDS_REVIEW,UNRESEARCHED,UNRESEARCHED,UNRESEARCHED,UNRESEARCHED,Candidate pool only; durable public evidence has not yet been reviewed.,0,,LOW,Do not promote or assign weight until independent evidence review is complete.,false,leader-set-research.v2-candidate-pool
AI PCB,AI運算與伺服器,5439,高技,PRIMARY in supplied stock overview; CORE equivalence not yet PM-approved,,NEEDS_REVIEW,UNRESEARCHED,UNRESEARCHED,UNRESEARCHED,UNRESEARCHED,Candidate pool only; durable public evidence has not yet been reviewed.,0,,LOW,Do not promote or assign weight until independent evidence review is complete.,false,leader-set-research.v2-candidate-pool
AI PCB,AI運算與伺服器,8046,南電,PRIMARY in supplied stock overview; CORE equivalence not yet PM-approved,,NEEDS_REVIEW,UNRESEARCHED,UNRESEARCHED,UNRESEARCHED,UNRESEARCHED,Candidate pool only; durable public evidence has not yet been reviewed.,0,,LOW,Do not promote or assign weight until independent evidence review is complete.,false,leader-set-research.v2-candidate-pool
AI伺服器整機／ODM,AI運算與伺服器,2301,光寶科,PRIMARY in supplied stock overview; CORE equivalence not yet PM-approved,,NEEDS_REVIEW,UNRESEARCHED,UNRESEARCHED,UNRESEARCHED,UNRESEARCHED,Candidate pool only; durable public evidence has not yet been reviewed.,0,,LOW,Do not promote or assign weight until independent evidence review is complete.,false,leader-set-research.v2-candidate-pool
AI伺服器整機／ODM,AI運算與伺服器,2317,鴻海,PRIMARY in supplied stock overview; CORE equivalence not yet PM-approved,,NEEDS_REVIEW,UNRESEARCHED,UNRESEARCHED,UNRESEARCHED,UNRESEARCHED,Candidate pool only; durable public evidence has not yet been reviewed.,0,,LOW,Do not promote or assign weight until independent evidence review is complete.,false,leader-set-research.v2-candidate-pool
AI伺服器整機／ODM,AI運算與伺服器,2324,仁寶,PRIMARY in supplied stock overview; CORE equivalence not yet PM-approved,,NEEDS_REVIEW,UNRESEARCHED,UNRESEARCHED,UNRESEARCHED,UNRESEARCHED,Candidate pool only; durable public evidence has not yet been reviewed.,0,,LOW,Do not promote or assign weight until independent evidence review is complete.,false,leader-set-research.v2-candidate-pool
AI伺服器整機／ODM,AI運算與伺服器,2356,英業達,PRIMARY in supplied stock overview; CORE equivalence not yet PM-approved,,NEEDS_REVIEW,UNRESEARCHED,UNRESEARCHED,UNRESEARCHED,UNRESEARCHED,Candidate pool only; durable public evidence has not yet been reviewed.,0,,LOW,Do not promote or assign weight until independent evidence review is complete.,false,leader-set-research.v2-candidate-pool
AI伺服器整機／ODM,AI運算與伺服器,2376,技嘉,PRIMARY in supplied stock overview; CORE equivalence not yet PM-approved,,NEEDS_REVIEW,UNRESEARCHED,UNRESEARCHED,UNRESEARCHED,UNRESEARCHED,Candidate pool only; durable public evidence has not yet been reviewed.,0,,LOW,Do not promote or assign weight until independent evidence review is complete.,false,leader-set-research.v2-candidate-pool
AI伺服器整機／ODM,AI運算與伺服器,2382,廣達,PRIMARY in supplied stock overview; CORE equivalence not yet PM-approved,,NEEDS_REVIEW,UNRESEARCHED,UNRESEARCHED,UNRESEARCHED,UNRESEARCHED,Candidate pool only; durable public evidence has not yet been reviewed.,0,,LOW,Do not promote or assign weight until independent evidence review is complete.,false,leader-set-research.v2-candidate-pool
AI伺服器整機／ODM,AI運算與伺服器,2465,麗臺,PRIMARY in supplied stock overview; CORE equivalence not yet PM-approved,,NEEDS_REVIEW,UNRESEARCHED,UNRESEARCHED,UNRESEARCHED,UNRESEARCHED,Candidate pool only; durable public evidence has not yet been reviewed.,0,,LOW,Do not promote or assign weight until independent evidence review is complete.,false,leader-set-research.v2-candidate-pool
AI伺服器整機／ODM,AI運算與伺服器,3231,緯創,PRIMARY in supplied stock overview; CORE equivalence not yet PM-approved,,NEEDS_REVIEW,UNRESEARCHED,UNRESEARCHED,UNRESEARCHED,UNRESEARCHED,Candidate pool only; durable public evidence has not yet been reviewed.,0,,LOW,Do not promote or assign weight until independent evidence review is complete.,false,leader-set-research.v2-candidate-pool
AI伺服器整機／ODM,AI運算與伺服器,3693,營邦,PRIMARY in supplied stock overview; CORE equivalence not yet PM-approved,,NEEDS_REVIEW,UNRESEARCHED,UNRESEARCHED,UNRESEARCHED,UNRESEARCHED,Candidate pool only; durable public evidence has not yet been reviewed.,0,,LOW,Do not promote or assign weight until independent evidence review is complete.,false,leader-set-research.v2-candidate-pool
AI伺服器整機／ODM,AI運算與伺服器,3706,神達,PRIMARY in supplied stock overview; CORE equivalence not yet PM-approved,,NEEDS_REVIEW,UNRESEARCHED,UNRESEARCHED,UNRESEARCHED,UNRESEARCHED,Candidate pool only; durable public evidence has not yet been reviewed.,0,,LOW,Do not promote or assign weight until independent evidence review is complete.,false,leader-set-research.v2-candidate-pool
AI伺服器整機／ODM,AI運算與伺服器,4938,和碩,PRIMARY in supplied stock overview; CORE equivalence not yet PM-approved,,NEEDS_REVIEW,UNRESEARCHED,UNRESEARCHED,UNRESEARCHED,UNRESEARCHED,Candidate pool only; durable public evidence has not yet been reviewed.,0,,LOW,Do not promote or assign weight until independent evidence review is complete.,false,leader-set-research.v2-candidate-pool
AI伺服器整機／ODM,AI運算與伺服器,6669,緯穎,PRIMARY in supplied stock overview; CORE equivalence not yet PM-approved,,NEEDS_REVIEW,UNRESEARCHED,UNRESEARCHED,UNRESEARCHED,UNRESEARCHED,Candidate pool only; durable public evidence has not yet been reviewed.,0,,LOW,Do not promote or assign weight until independent evidence review is complete.,false,leader-set-research.v2-candidate-pool
AI影像辨識,AI視覺,6419,京晨科,PRIMARY in supplied stock overview; CORE equivalence not yet PM-approved,,NEEDS_REVIEW,UNRESEARCHED,UNRESEARCHED,UNRESEARCHED,UNRESEARCHED,Candidate pool only; durable public evidence has not yet been reviewed.,0,,LOW,Do not promote or assign weight until independent evidence review is complete.,false,leader-set-research.v2-candidate-pool
AI影像辨識,AI視覺,6695,芯鼎,PRIMARY in supplied stock overview; CORE equivalence not yet PM-approved,,NEEDS_REVIEW,UNRESEARCHED,UNRESEARCHED,UNRESEARCHED,UNRESEARCHED,Candidate pool only; durable public evidence has not yet been reviewed.,0,,LOW,Do not promote or assign weight until independent evidence review is complete.,false,leader-set-research.v2-candidate-pool
AI影像辨識,AI視覺,6870,騰雲,PRIMARY in supplied stock overview; CORE equivalence not yet PM-approved,,NEEDS_REVIEW,UNRESEARCHED,UNRESEARCHED,UNRESEARCHED,UNRESEARCHED,Candidate pool only; durable public evidence has not yet been reviewed.,0,,LOW,Do not promote or assign weight until independent evidence review is complete.,false,leader-set-research.v2-candidate-pool
AI電力基建,電力與能源,1609,大亞,PRIMARY in supplied stock overview; CORE equivalence not yet PM-approved,,NEEDS_REVIEW,UNRESEARCHED,UNRESEARCHED,UNRESEARCHED,UNRESEARCHED,Candidate pool only; durable public evidence has not yet been reviewed.,0,,LOW,Do not promote or assign weight until independent evidence review is complete.,false,leader-set-research.v2-candidate-pool
AI電力基建,電力與能源,2301,光寶科,PRIMARY in supplied stock overview; CORE equivalence not yet PM-approved,,NEEDS_REVIEW,UNRESEARCHED,UNRESEARCHED,UNRESEARCHED,UNRESEARCHED,Candidate pool only; durable public evidence has not yet been reviewed.,0,,LOW,Do not promote or assign weight until independent evidence review is complete.,false,leader-set-research.v2-candidate-pool
AI電力基建,電力與能源,2308,台達電,PRIMARY in supplied stock overview; CORE equivalence not yet PM-approved,,NEEDS_REVIEW,UNRESEARCHED,UNRESEARCHED,UNRESEARCHED,UNRESEARCHED,Candidate pool only; durable public evidence has not yet been reviewed.,0,,LOW,Do not promote or assign weight until independent evidence review is complete.,false,leader-set-research.v2-candidate-pool
AI電力基建,電力與能源,3015,全漢,PRIMARY in supplied stock overview; CORE equivalence not yet PM-approved,,NEEDS_REVIEW,UNRESEARCHED,UNRESEARCHED,UNRESEARCHED,UNRESEARCHED,Candidate pool only; durable public evidence has not yet been reviewed.,0,,LOW,Do not promote or assign weight until independent evidence review is complete.,false,leader-set-research.v2-candidate-pool
AI電力基建,電力與能源,6282,康舒,PRIMARY in supplied stock overview; CORE equivalence not yet PM-approved,,NEEDS_REVIEW,UNRESEARCHED,UNRESEARCHED,UNRESEARCHED,UNRESEARCHED,Candidate pool only; durable public evidence has not yet been reviewed.,0,,LOW,Do not promote or assign weight until independent evidence review is complete.,false,leader-set-research.v2-candidate-pool
AI電力基建,電力與能源,6409,旭隼,PRIMARY in supplied stock overview; CORE equivalence not yet PM-approved,,NEEDS_REVIEW,UNRESEARCHED,UNRESEARCHED,UNRESEARCHED,UNRESEARCHED,Candidate pool only; durable public evidence has not yet been reviewed.,0,,LOW,Do not promote or assign weight until independent evidence review is complete.,false,leader-set-research.v2-candidate-pool
ASIC,IC設計,3035,智原,PRIMARY in supplied stock overview; CORE equivalence not yet PM-approved,,NEEDS_REVIEW,UNRESEARCHED,UNRESEARCHED,UNRESEARCHED,UNRESEARCHED,Candidate pool only; durable public evidence has not yet been reviewed.,0,,LOW,Do not promote or assign weight until independent evidence review is complete.,false,leader-set-research.v2-candidate-pool
ASIC,IC設計,3443,創意,PRIMARY in supplied stock overview; CORE equivalence not yet PM-approved,,NEEDS_REVIEW,UNRESEARCHED,UNRESEARCHED,UNRESEARCHED,UNRESEARCHED,Candidate pool only; durable public evidence has not yet been reviewed.,0,,LOW,Do not promote or assign weight until independent evidence review is complete.,false,leader-set-research.v2-candidate-pool
ASIC,IC設計,3661,世芯-KY,PRIMARY in supplied stock overview; CORE equivalence not yet PM-approved,,NEEDS_REVIEW,UNRESEARCHED,UNRESEARCHED,UNRESEARCHED,UNRESEARCHED,Candidate pool only; durable public evidence has not yet been reviewed.,0,,LOW,Do not promote or assign weight until independent evidence review is complete.,false,leader-set-research.v2-candidate-pool
ASIC,IC設計,8054,安國,PRIMARY in supplied stock overview; CORE equivalence not yet PM-approved,,NEEDS_REVIEW,UNRESEARCHED,UNRESEARCHED,UNRESEARCHED,UNRESEARCHED,Candidate pool only; durable public evidence has not yet been reviewed.,0,,LOW,Do not promote or assign weight until independent evidence review is complete.,false,leader-set-research.v2-candidate-pool
BBU,AI運算與伺服器,3211,順達,PRIMARY in supplied stock overview; CORE equivalence not yet PM-approved,,NEEDS_REVIEW,UNRESEARCHED,UNRESEARCHED,UNRESEARCHED,UNRESEARCHED,Candidate pool only; durable public evidence has not yet been reviewed.,0,,LOW,Do not promote or assign weight until independent evidence review is complete.,false,leader-set-research.v2-candidate-pool
BBU,AI運算與伺服器,4931,新盛力,PRIMARY in supplied stock overview; CORE equivalence not yet PM-approved,,NEEDS_REVIEW,UNRESEARCHED,UNRESEARCHED,UNRESEARCHED,UNRESEARCHED,Candidate pool only; durable public evidence has not yet been reviewed.,0,,LOW,Do not promote or assign weight until independent evidence review is complete.,false,leader-set-research.v2-candidate-pool
BBU,AI運算與伺服器,6781,AES-KY,PRIMARY in supplied stock overview; CORE equivalence not yet PM-approved,,NEEDS_REVIEW,UNRESEARCHED,UNRESEARCHED,UNRESEARCHED,UNRESEARCHED,Candidate pool only; durable public evidence has not yet been reviewed.,0,,LOW,Do not promote or assign weight until independent evidence review is complete.,false,leader-set-research.v2-candidate-pool
CCL,高頻電子材料,1303,南亞,PRIMARY in supplied stock overview; CORE equivalence not yet PM-approved,,NEEDS_REVIEW,UNRESEARCHED,UNRESEARCHED,UNRESEARCHED,UNRESEARCHED,Candidate pool only; durable public evidence has not yet been reviewed.,0,,LOW,Do not promote or assign weight until independent evidence review is complete.,false,leader-set-research.v2-candidate-pool
CCL,高頻電子材料,2383,台光電,PRIMARY in supplied stock overview; CORE equivalence not yet PM-approved,,NEEDS_REVIEW,UNRESEARCHED,UNRESEARCHED,UNRESEARCHED,UNRESEARCHED,Candidate pool only; durable public evidence has not yet been reviewed.,0,,LOW,Do not promote or assign weight until independent evidence review is complete.,false,leader-set-research.v2-candidate-pool
CCL,高頻電子材料,4939,亞電,PRIMARY in supplied stock overview; CORE equivalence not yet PM-approved,,NEEDS_REVIEW,UNRESEARCHED,UNRESEARCHED,UNRESEARCHED,UNRESEARCHED,Candidate pool only; durable public evidence has not yet been reviewed.,0,,LOW,Do not promote or assign weight until independent evidence review is complete.,false,leader-set-research.v2-candidate-pool
CCL,高頻電子材料,6213,聯茂,PRIMARY in supplied stock overview; CORE equivalence not yet PM-approved,,NEEDS_REVIEW,UNRESEARCHED,UNRESEARCHED,UNRESEARCHED,UNRESEARCHED,Candidate pool only; durable public evidence has not yet been reviewed.,0,,LOW,Do not promote or assign weight until independent evidence review is complete.,false,leader-set-research.v2-candidate-pool
CCL,高頻電子材料,6274,台燿,PRIMARY in supplied stock overview; CORE equivalence not yet PM-approved,,NEEDS_REVIEW,UNRESEARCHED,UNRESEARCHED,UNRESEARCHED,UNRESEARCHED,Candidate pool only; durable public evidence has not yet been reviewed.,0,,LOW,Do not promote or assign weight until independent evidence review is complete.,false,leader-set-research.v2-candidate-pool
CCL,高頻電子材料,6672,騰輝電子-KY,PRIMARY in supplied stock overview; CORE equivalence not yet PM-approved,,NEEDS_REVIEW,UNRESEARCHED,UNRESEARCHED,UNRESEARCHED,UNRESEARCHED,Candidate pool only; durable public evidence has not yet been reviewed.,0,,LOW,Do not promote or assign weight until independent evidence review is complete.,false,leader-set-research.v2-candidate-pool
CCL,高頻電子材料,6727,亞泰金屬,PRIMARY in supplied stock overview; CORE equivalence not yet PM-approved,,NEEDS_REVIEW,UNRESEARCHED,UNRESEARCHED,UNRESEARCHED,UNRESEARCHED,Candidate pool only; durable public evidence has not yet been reviewed.,0,,LOW,Do not promote or assign weight until independent evidence review is complete.,false,leader-set-research.v2-candidate-pool
CCL,高頻電子材料,8039,台虹,PRIMARY in supplied stock overview; CORE equivalence not yet PM-approved,,NEEDS_REVIEW,UNRESEARCHED,UNRESEARCHED,UNRESEARCHED,UNRESEARCHED,Candidate pool only; durable public evidence has not yet been reviewed.,0,,LOW,Do not promote or assign weight until independent evidence review is complete.,false,leader-set-research.v2-candidate-pool
CCL,高頻電子材料,8358,金居,PRIMARY in supplied stock overview; CORE equivalence not yet PM-approved,,NEEDS_REVIEW,UNRESEARCHED,UNRESEARCHED,UNRESEARCHED,UNRESEARCHED,Candidate pool only; durable public evidence has not yet been reviewed.,0,,LOW,Do not promote or assign weight until independent evidence review is complete.,false,leader-set-research.v2-candidate-pool
Chiplet,封裝測試,2449,京元電子,PRIMARY in supplied stock overview; CORE equivalence not yet PM-approved,,NEEDS_REVIEW,UNRESEARCHED,UNRESEARCHED,UNRESEARCHED,UNRESEARCHED,Candidate pool only; durable public evidence has not yet been reviewed.,0,,LOW,Do not promote or assign weight until independent evidence review is complete.,false,leader-set-research.v2-candidate-pool
Chiplet,封裝測試,3037,欣興,PRIMARY in supplied stock overview; CORE equivalence not yet PM-approved,,NEEDS_REVIEW,UNRESEARCHED,UNRESEARCHED,UNRESEARCHED,UNRESEARCHED,Candidate pool only; durable public evidence has not yet been reviewed.,0,,LOW,Do not promote or assign weight until independent evidence review is complete.,false,leader-set-research.v2-candidate-pool
Chiplet,封裝測試,3189,景碩,PRIMARY in supplied stock overview; CORE equivalence not yet PM-approved,,NEEDS_REVIEW,UNRESEARCHED,UNRESEARCHED,UNRESEARCHED,UNRESEARCHED,Candidate pool only; durable public evidence has not yet been reviewed.,0,,LOW,Do not promote or assign weight until independent evidence review is complete.,false,leader-set-research.v2-candidate-pool
Chiplet,封裝測試,3265,台星科,PRIMARY in supplied stock overview; CORE equivalence not yet PM-approved,,NEEDS_REVIEW,UNRESEARCHED,UNRESEARCHED,UNRESEARCHED,UNRESEARCHED,Candidate pool only; durable public evidence has not yet been reviewed.,0,,LOW,Do not promote or assign weight until independent evidence review is complete.,false,leader-set-research.v2-candidate-pool
Chiplet,封裝測試,3374,精材,PRIMARY in supplied stock overview; CORE equivalence not yet PM-approved,,NEEDS_REVIEW,UNRESEARCHED,UNRESEARCHED,UNRESEARCHED,UNRESEARCHED,Candidate pool only; durable public evidence has not yet been reviewed.,0,,LOW,Do not promote or assign weight until independent evidence review is complete.,false,leader-set-research.v2-candidate-pool
Chiplet,封裝測試,3711,日月光投控,PRIMARY in supplied stock overview; CORE equivalence not yet PM-approved,,NEEDS_REVIEW,UNRESEARCHED,UNRESEARCHED,UNRESEARCHED,UNRESEARCHED,Candidate pool only; durable public evidence has not yet been reviewed.,0,,LOW,Do not promote or assign weight until independent evidence review is complete.,false,leader-set-research.v2-candidate-pool
Chiplet,封裝測試,6239,力成,PRIMARY in supplied stock overview; CORE equivalence not yet PM-approved,,NEEDS_REVIEW,UNRESEARCHED,UNRESEARCHED,UNRESEARCHED,UNRESEARCHED,Candidate pool only; durable public evidence has not yet been reviewed.,0,,LOW,Do not promote or assign weight until independent evidence review is complete.,false,leader-set-research.v2-candidate-pool
Chiplet,封裝測試,6257,矽格,PRIMARY in supplied stock overview; CORE equivalence not yet PM-approved,,NEEDS_REVIEW,UNRESEARCHED,UNRESEARCHED,UNRESEARCHED,UNRESEARCHED,Candidate pool only; durable public evidence has not yet been reviewed.,0,,LOW,Do not promote or assign weight until independent evidence review is complete.,false,leader-set-research.v2-candidate-pool
CoWoS,封裝測試,2330,台積電,PRIMARY in supplied stock overview; CORE equivalence not yet PM-approved,,NEEDS_REVIEW,UNRESEARCHED,UNRESEARCHED,UNRESEARCHED,UNRESEARCHED,Candidate pool only; durable public evidence has not yet been reviewed.,0,,LOW,Do not promote or assign weight until independent evidence review is complete.,false,leader-set-research.v2-candidate-pool
DRAM／DDR,記憶體,2344,華邦電,PRIMARY in supplied stock overview; CORE equivalence not yet PM-approved,,NEEDS_REVIEW,UNRESEARCHED,UNRESEARCHED,UNRESEARCHED,UNRESEARCHED,Candidate pool only; durable public evidence has not yet been reviewed.,0,,LOW,Do not promote or assign weight until independent evidence review is complete.,false,leader-set-research.v2-candidate-pool
DRAM／DDR,記憶體,2408,南亞科,PRIMARY in supplied stock overview; CORE equivalence not yet PM-approved,,NEEDS_REVIEW,UNRESEARCHED,UNRESEARCHED,UNRESEARCHED,UNRESEARCHED,Candidate pool only; durable public evidence has not yet been reviewed.,0,,LOW,Do not promote or assign weight until independent evidence review is complete.,false,leader-set-research.v2-candidate-pool
FOPLP,封裝測試,3481,群創,PRIMARY in supplied stock overview; CORE equivalence not yet PM-approved,,NEEDS_REVIEW,UNRESEARCHED,UNRESEARCHED,UNRESEARCHED,UNRESEARCHED,Candidate pool only; durable public evidence has not yet been reviewed.,0,,LOW,Do not promote or assign weight until independent evidence review is complete.,false,leader-set-research.v2-candidate-pool
FOPLP,封裝測試,3711,日月光投控,PRIMARY in supplied stock overview; CORE equivalence not yet PM-approved,,NEEDS_REVIEW,UNRESEARCHED,UNRESEARCHED,UNRESEARCHED,UNRESEARCHED,Candidate pool only; durable public evidence has not yet been reviewed.,0,,LOW,Do not promote or assign weight until independent evidence review is complete.,false,leader-set-research.v2-candidate-pool
GaN 晶圓／GaN-on-Si,晶圓材料,3016,嘉晶,PRIMARY in supplied stock overview; CORE equivalence not yet PM-approved,,NEEDS_REVIEW,UNRESEARCHED,UNRESEARCHED,UNRESEARCHED,UNRESEARCHED,Candidate pool only; durable public evidence has not yet been reviewed.,0,,LOW,Do not promote or assign weight until independent evidence review is complete.,false,leader-set-research.v2-candidate-pool
IGBT／功率模組,功率半導體,2342,茂矽,PRIMARY in supplied stock overview; CORE equivalence not yet PM-approved,,NEEDS_REVIEW,UNRESEARCHED,UNRESEARCHED,UNRESEARCHED,UNRESEARCHED,Candidate pool only; durable public evidence has not yet been reviewed.,0,,LOW,Do not promote or assign weight until independent evidence review is complete.,false,leader-set-research.v2-candidate-pool
IGBT／功率模組,功率半導體,2481,強茂,PRIMARY in supplied stock overview; CORE equivalence not yet PM-approved,,NEEDS_REVIEW,UNRESEARCHED,UNRESEARCHED,UNRESEARCHED,UNRESEARCHED,Candidate pool only; durable public evidence has not yet been reviewed.,0,,LOW,Do not promote or assign weight until independent evidence review is complete.,false,leader-set-research.v2-candidate-pool
IGBT／功率模組,功率半導體,5425,台半,PRIMARY in supplied stock overview; CORE equivalence not yet PM-approved,,NEEDS_REVIEW,UNRESEARCHED,UNRESEARCHED,UNRESEARCHED,UNRESEARCHED,Candidate pool only; durable public evidence has not yet been reviewed.,0,,LOW,Do not promote or assign weight until independent evidence review is complete.,false,leader-set-research.v2-candidate-pool
IGBT／功率模組,功率半導體,8255,朋程,PRIMARY in supplied stock overview; CORE equivalence not yet PM-approved,,NEEDS_REVIEW,UNRESEARCHED,UNRESEARCHED,UNRESEARCHED,UNRESEARCHED,Candidate pool only; durable public evidence has not yet been reviewed.,0,,LOW,Do not promote or assign weight until independent evidence review is complete.,false,leader-set-research.v2-candidate-pool
MCU,IC設計,4919,新唐,PRIMARY in supplied stock overview; CORE equivalence not yet PM-approved,,NEEDS_REVIEW,UNRESEARCHED,UNRESEARCHED,UNRESEARCHED,UNRESEARCHED,Candidate pool only; durable public evidence has not yet been reviewed.,0,,LOW,Do not promote or assign weight until independent evidence review is complete.,false,leader-set-research.v2-candidate-pool
MCU,IC設計,5471,松翰,PRIMARY in supplied stock overview; CORE equivalence not yet PM-approved,,NEEDS_REVIEW,UNRESEARCHED,UNRESEARCHED,UNRESEARCHED,UNRESEARCHED,Candidate pool only; durable public evidence has not yet been reviewed.,0,,LOW,Do not promote or assign weight until independent evidence review is complete.,false,leader-set-research.v2-candidate-pool
MCU,IC設計,6202,盛群,PRIMARY in supplied stock overview; CORE equivalence not yet PM-approved,,NEEDS_REVIEW,UNRESEARCHED,UNRESEARCHED,UNRESEARCHED,UNRESEARCHED,Candidate pool only; durable public evidence has not yet been reviewed.,0,,LOW,Do not promote or assign weight until independent evidence review is complete.,false,leader-set-research.v2-candidate-pool
MLCC,被動元件,2327,國巨,PRIMARY in supplied stock overview; CORE equivalence not yet PM-approved,,NEEDS_REVIEW,UNRESEARCHED,UNRESEARCHED,UNRESEARCHED,UNRESEARCHED,Candidate pool only; durable public evidence has not yet been reviewed.,0,,LOW,Do not promote or assign weight until independent evidence review is complete.,false,leader-set-research.v2-candidate-pool
MLCC,被動元件,2492,華新科,PRIMARY in supplied stock overview; CORE equivalence not yet PM-approved,,NEEDS_REVIEW,UNRESEARCHED,UNRESEARCHED,UNRESEARCHED,UNRESEARCHED,Candidate pool only; durable public evidence has not yet been reviewed.,0,,LOW,Do not promote or assign weight until independent evidence review is complete.,false,leader-set-research.v2-candidate-pool
MLCC,被動元件,3026,禾伸堂,PRIMARY in supplied stock overview; CORE equivalence not yet PM-approved,,NEEDS_REVIEW,UNRESEARCHED,UNRESEARCHED,UNRESEARCHED,UNRESEARCHED,Candidate pool only; durable public evidence has not yet been reviewed.,0,,LOW,Do not promote or assign weight until independent evidence review is complete.,false,leader-set-research.v2-candidate-pool
MLCC,被動元件,3090,日電貿,PRIMARY in supplied stock overview; CORE equivalence not yet PM-approved,,NEEDS_REVIEW,UNRESEARCHED,UNRESEARCHED,UNRESEARCHED,UNRESEARCHED,Candidate pool only; durable public evidence has not yet been reviewed.,0,,LOW,Do not promote or assign weight until independent evidence review is complete.,false,leader-set-research.v2-candidate-pool
MLCC,被動元件,6173,信昌電,PRIMARY in supplied stock overview; CORE equivalence not yet PM-approved,,NEEDS_REVIEW,UNRESEARCHED,UNRESEARCHED,UNRESEARCHED,UNRESEARCHED,Candidate pool only; durable public evidence has not yet been reviewed.,0,,LOW,Do not promote or assign weight until independent evidence review is complete.,false,leader-set-research.v2-candidate-pool
NAND Flash／SSD,記憶體,2337,旺宏,PRIMARY in supplied stock overview; CORE equivalence not yet PM-approved,,NEEDS_REVIEW,UNRESEARCHED,UNRESEARCHED,UNRESEARCHED,UNRESEARCHED,Candidate pool only; durable public evidence has not yet been reviewed.,0,,LOW,Do not promote or assign weight until independent evidence review is complete.,false,leader-set-research.v2-candidate-pool
NAND Flash／SSD,記憶體,2344,華邦電,PRIMARY in supplied stock overview; CORE equivalence not yet PM-approved,,NEEDS_REVIEW,UNRESEARCHED,UNRESEARCHED,UNRESEARCHED,UNRESEARCHED,Candidate pool only; durable public evidence has not yet been reviewed.,0,,LOW,Do not promote or assign weight until independent evidence review is complete.,false,leader-set-research.v2-candidate-pool
NOR Flash／利基型記憶體,記憶體,2337,旺宏,PRIMARY in supplied stock overview; CORE equivalence not yet PM-approved,,NEEDS_REVIEW,UNRESEARCHED,UNRESEARCHED,UNRESEARCHED,UNRESEARCHED,Candidate pool only; durable public evidence has not yet been reviewed.,0,,LOW,Do not promote or assign weight until independent evidence review is complete.,false,leader-set-research.v2-candidate-pool
NOR Flash／利基型記憶體,記憶體,2344,華邦電,PRIMARY in supplied stock overview; CORE equivalence not yet PM-approved,,NEEDS_REVIEW,UNRESEARCHED,UNRESEARCHED,UNRESEARCHED,UNRESEARCHED,Candidate pool only; durable public evidence has not yet been reviewed.,0,,LOW,Do not promote or assign weight until independent evidence review is complete.,false,leader-set-research.v2-candidate-pool
NOR Flash／利基型記憶體,記憶體,3006,晶豪科,PRIMARY in supplied stock overview; CORE equivalence not yet PM-approved,,NEEDS_REVIEW,UNRESEARCHED,UNRESEARCHED,UNRESEARCHED,UNRESEARCHED,Candidate pool only; durable public evidence has not yet been reviewed.,0,,LOW,Do not promote or assign weight until independent evidence review is complete.,false,leader-set-research.v2-candidate-pool
NOR Flash／利基型記憶體,記憶體,5351,鈺創,PRIMARY in supplied stock overview; CORE equivalence not yet PM-approved,,NEEDS_REVIEW,UNRESEARCHED,UNRESEARCHED,UNRESEARCHED,UNRESEARCHED,Candidate pool only; durable public evidence has not yet been reviewed.,0,,LOW,Do not promote or assign weight until independent evidence review is complete.,false,leader-set-research.v2-candidate-pool
PCB,高頻電子材料,2316,楠梓電,PRIMARY in supplied stock overview; CORE equivalence not yet PM-approved,,NEEDS_REVIEW,UNRESEARCHED,UNRESEARCHED,UNRESEARCHED,UNRESEARCHED,Candidate pool only; durable public evidence has not yet been reviewed.,0,,LOW,Do not promote or assign weight until independent evidence review is complete.,false,leader-set-research.v2-candidate-pool
PCB,高頻電子材料,3321,同泰,PRIMARY in supplied stock overview; CORE equivalence not yet PM-approved,,NEEDS_REVIEW,UNRESEARCHED,UNRESEARCHED,UNRESEARCHED,UNRESEARCHED,Candidate pool only; durable public evidence has not yet been reviewed.,0,,LOW,Do not promote or assign weight until independent evidence review is complete.,false,leader-set-research.v2-candidate-pool
PCB,高頻電子材料,3390,旭軟,PRIMARY in supplied stock overview; CORE equivalence not yet PM-approved,,NEEDS_REVIEW,UNRESEARCHED,UNRESEARCHED,UNRESEARCHED,UNRESEARCHED,Candidate pool only; durable public evidence has not yet been reviewed.,0,,LOW,Do not promote or assign weight until independent evidence review is complete.,false,leader-set-research.v2-candidate-pool
PCB,高頻電子材料,6153,嘉聯益,PRIMARY in supplied stock overview; CORE equivalence not yet PM-approved,,NEEDS_REVIEW,UNRESEARCHED,UNRESEARCHED,UNRESEARCHED,UNRESEARCHED,Candidate pool only; durable public evidence has not yet been reviewed.,0,,LOW,Do not promote or assign weight until independent evidence review is complete.,false,leader-set-research.v2-candidate-pool
PCB,高頻電子材料,6191,精成科,PRIMARY in supplied stock overview; CORE equivalence not yet PM-approved,,NEEDS_REVIEW,UNRESEARCHED,UNRESEARCHED,UNRESEARCHED,UNRESEARCHED,Candidate pool only; durable public evidence has not yet been reviewed.,0,,LOW,Do not promote or assign weight until independent evidence review is complete.,false,leader-set-research.v2-candidate-pool
PCB,高頻電子材料,6269,台郡,PRIMARY in supplied stock overview; CORE equivalence not yet PM-approved,,NEEDS_REVIEW,UNRESEARCHED,UNRESEARCHED,UNRESEARCHED,UNRESEARCHED,Candidate pool only; durable public evidence has not yet been reviewed.,0,,LOW,Do not promote or assign weight until independent evidence review is complete.,false,leader-set-research.v2-candidate-pool
RISC-V,IC設計,2388,威盛,PRIMARY in supplied stock overview; CORE equivalence not yet PM-approved,,NEEDS_REVIEW,UNRESEARCHED,UNRESEARCHED,UNRESEARCHED,UNRESEARCHED,Candidate pool only; durable public evidence has not yet been reviewed.,0,,LOW,Do not promote or assign weight until independent evidence review is complete.,false,leader-set-research.v2-candidate-pool
RISC-V,IC設計,3035,智原,PRIMARY in supplied stock overview; CORE equivalence not yet PM-approved,,NEEDS_REVIEW,UNRESEARCHED,UNRESEARCHED,UNRESEARCHED,UNRESEARCHED,Candidate pool only; durable public evidence has not yet been reviewed.,0,,LOW,Do not promote or assign weight until independent evidence review is complete.,false,leader-set-research.v2-candidate-pool
Retimer／Redriver,高速互連,4966,譜瑞-KY,PRIMARY in supplied stock overview; CORE equivalence not yet PM-approved,,NEEDS_REVIEW,UNRESEARCHED,UNRESEARCHED,UNRESEARCHED,UNRESEARCHED,Candidate pool only; durable public evidence has not yet been reviewed.,0,,LOW,Do not promote or assign weight until independent evidence review is complete.,false,leader-set-research.v2-candidate-pool
SiC 晶圓／基板,晶圓材料,3016,嘉晶,PRIMARY in supplied stock overview; CORE equivalence not yet PM-approved,,NEEDS_REVIEW,UNRESEARCHED,UNRESEARCHED,UNRESEARCHED,UNRESEARCHED,Candidate pool only; durable public evidence has not yet been reviewed.,0,,LOW,Do not promote or assign weight until independent evidence review is complete.,false,leader-set-research.v2-candidate-pool
SiC 晶圓／基板,晶圓材料,3707,漢磊,PRIMARY in supplied stock overview; CORE equivalence not yet PM-approved,,NEEDS_REVIEW,UNRESEARCHED,UNRESEARCHED,UNRESEARCHED,UNRESEARCHED,Candidate pool only; durable public evidence has not yet been reviewed.,0,,LOW,Do not promote or assign weight until independent evidence review is complete.,false,leader-set-research.v2-candidate-pool
SiC／GaN 功率元件,功率半導體,2481,強茂,PRIMARY in supplied stock overview; CORE equivalence not yet PM-approved,,NEEDS_REVIEW,UNRESEARCHED,UNRESEARCHED,UNRESEARCHED,UNRESEARCHED,Candidate pool only; durable public evidence has not yet been reviewed.,0,,LOW,Do not promote or assign weight until independent evidence review is complete.,false,leader-set-research.v2-candidate-pool
SiC／GaN 功率元件,功率半導體,3707,漢磊,PRIMARY in supplied stock overview; CORE equivalence not yet PM-approved,,NEEDS_REVIEW,UNRESEARCHED,UNRESEARCHED,UNRESEARCHED,UNRESEARCHED,Candidate pool only; durable public evidence has not yet been reviewed.,0,,LOW,Do not promote or assign weight until independent evidence review is complete.,false,leader-set-research.v2-candidate-pool
SiC／GaN 功率元件,功率半導體,8255,朋程,PRIMARY in supplied stock overview; CORE equivalence not yet PM-approved,,NEEDS_REVIEW,UNRESEARCHED,UNRESEARCHED,UNRESEARCHED,UNRESEARCHED,Candidate pool only; durable public evidence has not yet been reviewed.,0,,LOW,Do not promote or assign weight until independent evidence review is complete.,false,leader-set-research.v2-candidate-pool
一般封測,封裝測試,2369,菱生,PRIMARY in supplied stock overview; CORE equivalence not yet PM-approved,,NEEDS_REVIEW,UNRESEARCHED,UNRESEARCHED,UNRESEARCHED,UNRESEARCHED,Candidate pool only; durable public evidence has not yet been reviewed.,0,,LOW,Do not promote or assign weight until independent evidence review is complete.,false,leader-set-research.v2-candidate-pool
一般封測,封裝測試,2441,超豐,PRIMARY in supplied stock overview; CORE equivalence not yet PM-approved,,NEEDS_REVIEW,UNRESEARCHED,UNRESEARCHED,UNRESEARCHED,UNRESEARCHED,Candidate pool only; durable public evidence has not yet been reviewed.,0,,LOW,Do not promote or assign weight until independent evidence review is complete.,false,leader-set-research.v2-candidate-pool
一般封測,封裝測試,2449,京元電子,PRIMARY in supplied stock overview; CORE equivalence not yet PM-approved,,NEEDS_REVIEW,UNRESEARCHED,UNRESEARCHED,UNRESEARCHED,UNRESEARCHED,Candidate pool only; durable public evidence has not yet been reviewed.,0,,LOW,Do not promote or assign weight until independent evidence review is complete.,false,leader-set-research.v2-candidate-pool
一般封測,封裝測試,3264,欣銓,PRIMARY in supplied stock overview; CORE equivalence not yet PM-approved,,NEEDS_REVIEW,UNRESEARCHED,UNRESEARCHED,UNRESEARCHED,UNRESEARCHED,Candidate pool only; durable public evidence has not yet been reviewed.,0,,LOW,Do not promote or assign weight until independent evidence review is complete.,false,leader-set-research.v2-candidate-pool
一般封測,封裝測試,3265,台星科,PRIMARY in supplied stock overview; CORE equivalence not yet PM-approved,,NEEDS_REVIEW,UNRESEARCHED,UNRESEARCHED,UNRESEARCHED,UNRESEARCHED,Candidate pool only; durable public evidence has not yet been reviewed.,0,,LOW,Do not promote or assign weight until independent evidence review is complete.,false,leader-set-research.v2-candidate-pool
一般封測,封裝測試,3374,精材,PRIMARY in supplied stock overview; CORE equivalence not yet PM-approved,,NEEDS_REVIEW,UNRESEARCHED,UNRESEARCHED,UNRESEARCHED,UNRESEARCHED,Candidate pool only; durable public evidence has not yet been reviewed.,0,,LOW,Do not promote or assign weight until independent evidence review is complete.,false,leader-set-research.v2-candidate-pool
一般封測,封裝測試,3450,聯鈞,PRIMARY in supplied stock overview; CORE equivalence not yet PM-approved,,NEEDS_REVIEW,UNRESEARCHED,UNRESEARCHED,UNRESEARCHED,UNRESEARCHED,Candidate pool only; durable public evidence has not yet been reviewed.,0,,LOW,Do not promote or assign weight until independent evidence review is complete.,false,leader-set-research.v2-candidate-pool
一般封測,封裝測試,3711,日月光投控,PRIMARY in supplied stock overview; CORE equivalence not yet PM-approved,,NEEDS_REVIEW,UNRESEARCHED,UNRESEARCHED,UNRESEARCHED,UNRESEARCHED,Candidate pool only; durable public evidence has not yet been reviewed.,0,,LOW,Do not promote or assign weight until independent evidence review is complete.,false,leader-set-research.v2-candidate-pool
一般封測,封裝測試,6147,頎邦,PRIMARY in supplied stock overview; CORE equivalence not yet PM-approved,,NEEDS_REVIEW,UNRESEARCHED,UNRESEARCHED,UNRESEARCHED,UNRESEARCHED,Candidate pool only; durable public evidence has not yet been reviewed.,0,,LOW,Do not promote or assign weight until independent evidence review is complete.,false,leader-set-research.v2-candidate-pool
一般封測,封裝測試,6239,力成,PRIMARY in supplied stock overview; CORE equivalence not yet PM-approved,,NEEDS_REVIEW,UNRESEARCHED,UNRESEARCHED,UNRESEARCHED,UNRESEARCHED,Candidate pool only; durable public evidence has not yet been reviewed.,0,,LOW,Do not promote or assign weight until independent evidence review is complete.,false,leader-set-research.v2-candidate-pool
一般封測,封裝測試,6257,矽格,PRIMARY in supplied stock overview; CORE equivalence not yet PM-approved,,NEEDS_REVIEW,UNRESEARCHED,UNRESEARCHED,UNRESEARCHED,UNRESEARCHED,Candidate pool only; durable public evidence has not yet been reviewed.,0,,LOW,Do not promote or assign weight until independent evidence review is complete.,false,leader-set-research.v2-candidate-pool
一般封測,封裝測試,6271,同欣電,PRIMARY in supplied stock overview; CORE equivalence not yet PM-approved,,NEEDS_REVIEW,UNRESEARCHED,UNRESEARCHED,UNRESEARCHED,UNRESEARCHED,Candidate pool only; durable public evidence has not yet been reviewed.,0,,LOW,Do not promote or assign weight until independent evidence review is complete.,false,leader-set-research.v2-candidate-pool
一般封測,封裝測試,6451,訊芯-KY,PRIMARY in supplied stock overview; CORE equivalence not yet PM-approved,,NEEDS_REVIEW,UNRESEARCHED,UNRESEARCHED,UNRESEARCHED,UNRESEARCHED,Candidate pool only; durable public evidence has not yet been reviewed.,0,,LOW,Do not promote or assign weight until independent evidence review is complete.,false,leader-set-research.v2-candidate-pool
一般封測,封裝測試,6525,捷敏-KY,PRIMARY in supplied stock overview; CORE equivalence not yet PM-approved,,NEEDS_REVIEW,UNRESEARCHED,UNRESEARCHED,UNRESEARCHED,UNRESEARCHED,Candidate pool only; durable public evidence has not yet been reviewed.,0,,LOW,Do not promote or assign weight until independent evidence review is complete.,false,leader-set-research.v2-candidate-pool
一般封測,封裝測試,6789,采鈺,PRIMARY in supplied stock overview; CORE equivalence not yet PM-approved,,NEEDS_REVIEW,UNRESEARCHED,UNRESEARCHED,UNRESEARCHED,UNRESEARCHED,Candidate pool only; durable public evidence has not yet been reviewed.,0,,LOW,Do not promote or assign weight until independent evidence review is complete.,false,leader-set-research.v2-candidate-pool
一般封測,封裝測試,8150,南茂,PRIMARY in supplied stock overview; CORE equivalence not yet PM-approved,,NEEDS_REVIEW,UNRESEARCHED,UNRESEARCHED,UNRESEARCHED,UNRESEARCHED,Candidate pool only; durable public evidence has not yet been reviewed.,0,,LOW,Do not promote or assign weight until independent evidence review is complete.,false,leader-set-research.v2-candidate-pool
一般連接器,電子連接,3322,建舜電,PRIMARY in supplied stock overview; CORE equivalence not yet PM-approved,,NEEDS_REVIEW,UNRESEARCHED,UNRESEARCHED,UNRESEARCHED,UNRESEARCHED,Candidate pool only; durable public evidence has not yet been reviewed.,0,,LOW,Do not promote or assign weight until independent evidence review is complete.,false,leader-set-research.v2-candidate-pool
一般連接器,電子連接,3484,崧騰,PRIMARY in supplied stock overview; CORE equivalence not yet PM-approved,,NEEDS_REVIEW,UNRESEARCHED,UNRESEARCHED,UNRESEARCHED,UNRESEARCHED,Candidate pool only; durable public evidence has not yet been reviewed.,0,,LOW,Do not promote or assign weight until independent evidence review is complete.,false,leader-set-research.v2-candidate-pool
一般連接器,電子連接,3550,聯穎,PRIMARY in supplied stock overview; CORE equivalence not yet PM-approved,,NEEDS_REVIEW,UNRESEARCHED,UNRESEARCHED,UNRESEARCHED,UNRESEARCHED,Candidate pool only; durable public evidence has not yet been reviewed.,0,,LOW,Do not promote or assign weight until independent evidence review is complete.,false,leader-set-research.v2-candidate-pool
一般連接器,電子連接,3605,宏致,PRIMARY in supplied stock overview; CORE equivalence not yet PM-approved,,NEEDS_REVIEW,UNRESEARCHED,UNRESEARCHED,UNRESEARCHED,UNRESEARCHED,Candidate pool only; durable public evidence has not yet been reviewed.,0,,LOW,Do not promote or assign weight until independent evidence review is complete.,false,leader-set-research.v2-candidate-pool
低軌衛星,通訊與光電,2313,華通,PRIMARY in supplied stock overview; CORE equivalence not yet PM-approved,,NEEDS_REVIEW,UNRESEARCHED,UNRESEARCHED,UNRESEARCHED,UNRESEARCHED,Candidate pool only; durable public evidence has not yet been reviewed.,0,,LOW,Do not promote or assign weight until independent evidence review is complete.,false,leader-set-research.v2-candidate-pool
低軌衛星,通訊與光電,2314,台揚,PRIMARY in supplied stock overview; CORE equivalence not yet PM-approved,,NEEDS_REVIEW,UNRESEARCHED,UNRESEARCHED,UNRESEARCHED,UNRESEARCHED,Candidate pool only; durable public evidence has not yet been reviewed.,0,,LOW,Do not promote or assign weight until independent evidence review is complete.,false,leader-set-research.v2-candidate-pool
低軌衛星,通訊與光電,2424,隴華,PRIMARY in supplied stock overview; CORE equivalence not yet PM-approved,,NEEDS_REVIEW,UNRESEARCHED,UNRESEARCHED,UNRESEARCHED,UNRESEARCHED,Candidate pool only; durable public evidence has not yet been reviewed.,0,,LOW,Do not promote or assign weight until independent evidence review is complete.,false,leader-set-research.v2-candidate-pool
低軌衛星,通訊與光電,3491,昇達科,PRIMARY in supplied stock overview; CORE equivalence not yet PM-approved,,NEEDS_REVIEW,UNRESEARCHED,UNRESEARCHED,UNRESEARCHED,UNRESEARCHED,Candidate pool only; durable public evidence has not yet been reviewed.,0,,LOW,Do not promote or assign weight until independent evidence review is complete.,false,leader-set-research.v2-candidate-pool
低軌衛星,通訊與光電,6285,啟碁,PRIMARY in supplied stock overview; CORE equivalence not yet PM-approved,,NEEDS_REVIEW,UNRESEARCHED,UNRESEARCHED,UNRESEARCHED,UNRESEARCHED,Candidate pool only; durable public evidence has not yet been reviewed.,0,,LOW,Do not promote or assign weight until independent evidence review is complete.,false,leader-set-research.v2-candidate-pool
住宅營建,建設開發,1438,三地開發,PRIMARY in supplied stock overview; CORE equivalence not yet PM-approved,,NEEDS_REVIEW,UNRESEARCHED,UNRESEARCHED,UNRESEARCHED,UNRESEARCHED,Candidate pool only; durable public evidence has not yet been reviewed.,0,,LOW,Do not promote or assign weight until independent evidence review is complete.,false,leader-set-research.v2-candidate-pool
住宅營建,建設開發,2348,海悅,PRIMARY in supplied stock overview; CORE equivalence not yet PM-approved,,NEEDS_REVIEW,UNRESEARCHED,UNRESEARCHED,UNRESEARCHED,UNRESEARCHED,Candidate pool only; durable public evidence has not yet been reviewed.,0,,LOW,Do not promote or assign weight until independent evidence review is complete.,false,leader-set-research.v2-candidate-pool
住宅營建,建設開發,2501,國建,PRIMARY in supplied stock overview; CORE equivalence not yet PM-approved,,NEEDS_REVIEW,UNRESEARCHED,UNRESEARCHED,UNRESEARCHED,UNRESEARCHED,Candidate pool only; durable public evidence has not yet been reviewed.,0,,LOW,Do not promote or assign weight until independent evidence review is complete.,false,leader-set-research.v2-candidate-pool
住宅營建,建設開發,2511,太子,PRIMARY in supplied stock overview; CORE equivalence not yet PM-approved,,NEEDS_REVIEW,UNRESEARCHED,UNRESEARCHED,UNRESEARCHED,UNRESEARCHED,Candidate pool only; durable public evidence has not yet been reviewed.,0,,LOW,Do not promote or assign weight until independent evidence review is complete.,false,leader-set-research.v2-candidate-pool
住宅營建,建設開發,2520,冠德,PRIMARY in supplied stock overview; CORE equivalence not yet PM-approved,,NEEDS_REVIEW,UNRESEARCHED,UNRESEARCHED,UNRESEARCHED,UNRESEARCHED,Candidate pool only; durable public evidence has not yet been reviewed.,0,,LOW,Do not promote or assign weight until independent evidence review is complete.,false,leader-set-research.v2-candidate-pool
住宅營建,建設開發,2527,宏璟,PRIMARY in supplied stock overview; CORE equivalence not yet PM-approved,,NEEDS_REVIEW,UNRESEARCHED,UNRESEARCHED,UNRESEARCHED,UNRESEARCHED,Candidate pool only; durable public evidence has not yet been reviewed.,0,,LOW,Do not promote or assign weight until independent evidence review is complete.,false,leader-set-research.v2-candidate-pool
住宅營建,建設開發,2536,宏普,PRIMARY in supplied stock overview; CORE equivalence not yet PM-approved,,NEEDS_REVIEW,UNRESEARCHED,UNRESEARCHED,UNRESEARCHED,UNRESEARCHED,Candidate pool only; durable public evidence has not yet been reviewed.,0,,LOW,Do not promote or assign weight until independent evidence review is complete.,false,leader-set-research.v2-candidate-pool
住宅營建,建設開發,2539,櫻花建,PRIMARY in supplied stock overview; CORE equivalence not yet PM-approved,,NEEDS_REVIEW,UNRESEARCHED,UNRESEARCHED,UNRESEARCHED,UNRESEARCHED,Candidate pool only; durable public evidence has not yet been reviewed.,0,,LOW,Do not promote or assign weight until independent evidence review is complete.,false,leader-set-research.v2-candidate-pool
住宅營建,建設開發,2542,興富發,PRIMARY in supplied stock overview; CORE equivalence not yet PM-approved,,NEEDS_REVIEW,UNRESEARCHED,UNRESEARCHED,UNRESEARCHED,UNRESEARCHED,Candidate pool only; durable public evidence has not yet been reviewed.,0,,LOW,Do not promote or assign weight until independent evidence review is complete.,false,leader-set-research.v2-candidate-pool
住宅營建,建設開發,2548,華固,PRIMARY in supplied stock overview; CORE equivalence not yet PM-approved,,NEEDS_REVIEW,UNRESEARCHED,UNRESEARCHED,UNRESEARCHED,UNRESEARCHED,Candidate pool only; durable public evidence has not yet been reviewed.,0,,LOW,Do not promote or assign weight until independent evidence review is complete.,false,leader-set-research.v2-candidate-pool
住宅營建,建設開發,4513,福裕,PRIMARY in supplied stock overview; CORE equivalence not yet PM-approved,,NEEDS_REVIEW,UNRESEARCHED,UNRESEARCHED,UNRESEARCHED,UNRESEARCHED,Candidate pool only; durable public evidence has not yet been reviewed.,0,,LOW,Do not promote or assign weight until independent evidence review is complete.,false,leader-set-research.v2-candidate-pool
住宅營建,建設開發,5519,隆大,PRIMARY in supplied stock overview; CORE equivalence not yet PM-approved,,NEEDS_REVIEW,UNRESEARCHED,UNRESEARCHED,UNRESEARCHED,UNRESEARCHED,Candidate pool only; durable public evidence has not yet been reviewed.,0,,LOW,Do not promote or assign weight until independent evidence review is complete.,false,leader-set-research.v2-candidate-pool
住宅營建,建設開發,5534,長虹,PRIMARY in supplied stock overview; CORE equivalence not yet PM-approved,,NEEDS_REVIEW,UNRESEARCHED,UNRESEARCHED,UNRESEARCHED,UNRESEARCHED,Candidate pool only; durable public evidence has not yet been reviewed.,0,,LOW,Do not promote or assign weight until independent evidence review is complete.,false,leader-set-research.v2-candidate-pool
住宅營建,建設開發,6177,達麗,PRIMARY in supplied stock overview; CORE equivalence not yet PM-approved,,NEEDS_REVIEW,UNRESEARCHED,UNRESEARCHED,UNRESEARCHED,UNRESEARCHED,Candidate pool only; durable public evidence has not yet been reviewed.,0,,LOW,Do not promote or assign weight until independent evidence review is complete.,false,leader-set-research.v2-candidate-pool
保護元件,功率半導體,2428,興勤,PRIMARY in supplied stock overview; CORE equivalence not yet PM-approved,,NEEDS_REVIEW,UNRESEARCHED,UNRESEARCHED,UNRESEARCHED,UNRESEARCHED,Candidate pool only; durable public evidence has not yet been reviewed.,0,,LOW,Do not promote or assign weight until independent evidence review is complete.,false,leader-set-research.v2-candidate-pool
保護元件,功率半導體,2478,大毅,PRIMARY in supplied stock overview; CORE equivalence not yet PM-approved,,NEEDS_REVIEW,UNRESEARCHED,UNRESEARCHED,UNRESEARCHED,UNRESEARCHED,Candidate pool only; durable public evidence has not yet been reviewed.,0,,LOW,Do not promote or assign weight until independent evidence review is complete.,false,leader-set-research.v2-candidate-pool
保護元件,功率半導體,6642,富致,PRIMARY in supplied stock overview; CORE equivalence not yet PM-approved,,NEEDS_REVIEW,UNRESEARCHED,UNRESEARCHED,UNRESEARCHED,UNRESEARCHED,Candidate pool only; durable public evidence has not yet been reviewed.,0,,LOW,Do not promote or assign weight until independent evidence review is complete.,false,leader-set-research.v2-candidate-pool
保護元件,功率半導體,7788,松川精密,PRIMARY in supplied stock overview; CORE equivalence not yet PM-approved,,NEEDS_REVIEW,UNRESEARCHED,UNRESEARCHED,UNRESEARCHED,UNRESEARCHED,Candidate pool only; durable public evidence has not yet been reviewed.,0,,LOW,Do not promote or assign weight until independent evidence review is complete.,false,leader-set-research.v2-candidate-pool
儲能,電力與能源,1537,廣隆,PRIMARY in supplied stock overview; CORE equivalence not yet PM-approved,,NEEDS_REVIEW,UNRESEARCHED,UNRESEARCHED,UNRESEARCHED,UNRESEARCHED,Candidate pool only; durable public evidence has not yet been reviewed.,0,,LOW,Do not promote or assign weight until independent evidence review is complete.,false,leader-set-research.v2-candidate-pool
儲能,電力與能源,3058,立德,PRIMARY in supplied stock overview; CORE equivalence not yet PM-approved,,NEEDS_REVIEW,UNRESEARCHED,UNRESEARCHED,UNRESEARCHED,UNRESEARCHED,Candidate pool only; durable public evidence has not yet been reviewed.,0,,LOW,Do not promote or assign weight until independent evidence review is complete.,false,leader-set-research.v2-candidate-pool
儲能,電力與能源,3576,聯合再生,PRIMARY in supplied stock overview; CORE equivalence not yet PM-approved,,NEEDS_REVIEW,UNRESEARCHED,UNRESEARCHED,UNRESEARCHED,UNRESEARCHED,Candidate pool only; durable public evidence has not yet been reviewed.,0,,LOW,Do not promote or assign weight until independent evidence review is complete.,false,leader-set-research.v2-candidate-pool
儲能,電力與能源,3617,碩天,PRIMARY in supplied stock overview; CORE equivalence not yet PM-approved,,NEEDS_REVIEW,UNRESEARCHED,UNRESEARCHED,UNRESEARCHED,UNRESEARCHED,Candidate pool only; durable public evidence has not yet been reviewed.,0,,LOW,Do not promote or assign weight until independent evidence review is complete.,false,leader-set-research.v2-candidate-pool
儲能,電力與能源,5227,立凱-KY,PRIMARY in supplied stock overview; CORE equivalence not yet PM-approved,,NEEDS_REVIEW,UNRESEARCHED,UNRESEARCHED,UNRESEARCHED,UNRESEARCHED,Candidate pool only; durable public evidence has not yet been reviewed.,0,,LOW,Do not promote or assign weight until independent evidence review is complete.,false,leader-set-research.v2-candidate-pool
儲能,電力與能源,6282,康舒,PRIMARY in supplied stock overview; CORE equivalence not yet PM-approved,,NEEDS_REVIEW,UNRESEARCHED,UNRESEARCHED,UNRESEARCHED,UNRESEARCHED,Candidate pool only; durable public evidence has not yet been reviewed.,0,,LOW,Do not promote or assign weight until independent evidence review is complete.,false,leader-set-research.v2-candidate-pool
儲能,電力與能源,6806,森崴能源,PRIMARY in supplied stock overview; CORE equivalence not yet PM-approved,,NEEDS_REVIEW,UNRESEARCHED,UNRESEARCHED,UNRESEARCHED,UNRESEARCHED,Candidate pool only; durable public evidence has not yet been reviewed.,0,,LOW,Do not promote or assign weight until independent evidence review is complete.,false,leader-set-research.v2-candidate-pool
儲能,電力與能源,8038,長園科,PRIMARY in supplied stock overview; CORE equivalence not yet PM-approved,,NEEDS_REVIEW,UNRESEARCHED,UNRESEARCHED,UNRESEARCHED,UNRESEARCHED,Candidate pool only; durable public evidence has not yet been reviewed.,0,,LOW,Do not promote or assign weight until independent evidence review is complete.,false,leader-set-research.v2-candidate-pool
先進封裝設備,半導體設備與製程,2464,盟立,PRIMARY in supplied stock overview; CORE equivalence not yet PM-approved,,NEEDS_REVIEW,UNRESEARCHED,UNRESEARCHED,UNRESEARCHED,UNRESEARCHED,Candidate pool only; durable public evidence has not yet been reviewed.,0,,LOW,Do not promote or assign weight until independent evidence review is complete.,false,leader-set-research.v2-candidate-pool
先進封裝設備,半導體設備與製程,2467,志聖,PRIMARY in supplied stock overview; CORE equivalence not yet PM-approved,,NEEDS_REVIEW,UNRESEARCHED,UNRESEARCHED,UNRESEARCHED,UNRESEARCHED,Candidate pool only; durable public evidence has not yet been reviewed.,0,,LOW,Do not promote or assign weight until independent evidence review is complete.,false,leader-set-research.v2-candidate-pool
先進封裝設備,半導體設備與製程,3131,弘塑,PRIMARY in supplied stock overview; CORE equivalence not yet PM-approved,,NEEDS_REVIEW,UNRESEARCHED,UNRESEARCHED,UNRESEARCHED,UNRESEARCHED,Candidate pool only; durable public evidence has not yet been reviewed.,0,,LOW,Do not promote or assign weight until independent evidence review is complete.,false,leader-set-research.v2-candidate-pool
先進封裝設備,半導體設備與製程,3583,辛耘,PRIMARY in supplied stock overview; CORE equivalence not yet PM-approved,,NEEDS_REVIEW,UNRESEARCHED,UNRESEARCHED,UNRESEARCHED,UNRESEARCHED,Candidate pool only; durable public evidence has not yet been reviewed.,0,,LOW,Do not promote or assign weight until independent evidence review is complete.,false,leader-set-research.v2-candidate-pool
先進封裝設備,半導體設備與製程,5443,均豪,PRIMARY in supplied stock overview; CORE equivalence not yet PM-approved,,NEEDS_REVIEW,UNRESEARCHED,UNRESEARCHED,UNRESEARCHED,UNRESEARCHED,Candidate pool only; durable public evidence has not yet been reviewed.,0,,LOW,Do not promote or assign weight until independent evidence review is complete.,false,leader-set-research.v2-candidate-pool
先進封裝設備,半導體設備與製程,6187,萬潤,PRIMARY in supplied stock overview; CORE equivalence not yet PM-approved,,NEEDS_REVIEW,UNRESEARCHED,UNRESEARCHED,UNRESEARCHED,UNRESEARCHED,Candidate pool only; durable public evidence has not yet been reviewed.,0,,LOW,Do not promote or assign weight until independent evidence review is complete.,false,leader-set-research.v2-candidate-pool
先進封裝設備,半導體設備與製程,6640,均華,PRIMARY in supplied stock overview; CORE equivalence not yet PM-approved,,NEEDS_REVIEW,UNRESEARCHED,UNRESEARCHED,UNRESEARCHED,UNRESEARCHED,Candidate pool only; durable public evidence has not yet been reviewed.,0,,LOW,Do not promote or assign weight until independent evidence review is complete.,false,leader-set-research.v2-candidate-pool
先進封裝設備,半導體設備與製程,7734,印能科技,PRIMARY in supplied stock overview; CORE equivalence not yet PM-approved,,NEEDS_REVIEW,UNRESEARCHED,UNRESEARCHED,UNRESEARCHED,UNRESEARCHED,Candidate pool only; durable public evidence has not yet been reviewed.,0,,LOW,Do not promote or assign weight until independent evidence review is complete.,false,leader-set-research.v2-candidate-pool
先進封裝設備,半導體設備與製程,8027,鈦昇,PRIMARY in supplied stock overview; CORE equivalence not yet PM-approved,,NEEDS_REVIEW,UNRESEARCHED,UNRESEARCHED,UNRESEARCHED,UNRESEARCHED,Candidate pool only; durable public evidence has not yet been reviewed.,0,,LOW,Do not promote or assign weight until independent evidence review is complete.,false,leader-set-research.v2-candidate-pool
光通訊,通訊與光電,3081,聯亞,PRIMARY in supplied stock overview; CORE equivalence not yet PM-approved,,NEEDS_REVIEW,UNRESEARCHED,UNRESEARCHED,UNRESEARCHED,UNRESEARCHED,Candidate pool only; durable public evidence has not yet been reviewed.,0,,LOW,Do not promote or assign weight until independent evidence review is complete.,false,leader-set-research.v2-candidate-pool
光通訊,通訊與光電,3163,波若威,PRIMARY in supplied stock overview; CORE equivalence not yet PM-approved,,NEEDS_REVIEW,UNRESEARCHED,UNRESEARCHED,UNRESEARCHED,UNRESEARCHED,Candidate pool only; durable public evidence has not yet been reviewed.,0,,LOW,Do not promote or assign weight until independent evidence review is complete.,false,leader-set-research.v2-candidate-pool
光通訊,通訊與光電,3234,光環,PRIMARY in supplied stock overview; CORE equivalence not yet PM-approved,,NEEDS_REVIEW,UNRESEARCHED,UNRESEARCHED,UNRESEARCHED,UNRESEARCHED,Candidate pool only; durable public evidence has not yet been reviewed.,0,,LOW,Do not promote or assign weight until independent evidence review is complete.,false,leader-set-research.v2-candidate-pool
光通訊,通訊與光電,3339,泰谷,PRIMARY in supplied stock overview; CORE equivalence not yet PM-approved,,NEEDS_REVIEW,UNRESEARCHED,UNRESEARCHED,UNRESEARCHED,UNRESEARCHED,Candidate pool only; durable public evidence has not yet been reviewed.,0,,LOW,Do not promote or assign weight until independent evidence review is complete.,false,leader-set-research.v2-candidate-pool
光通訊,通訊與光電,3363,上詮,PRIMARY in supplied stock overview; CORE equivalence not yet PM-approved,,NEEDS_REVIEW,UNRESEARCHED,UNRESEARCHED,UNRESEARCHED,UNRESEARCHED,Candidate pool only; durable public evidence has not yet been reviewed.,0,,LOW,Do not promote or assign weight until independent evidence review is complete.,false,leader-set-research.v2-candidate-pool
光通訊,通訊與光電,3450,聯鈞,PRIMARY in supplied stock overview; CORE equivalence not yet PM-approved,,NEEDS_REVIEW,UNRESEARCHED,UNRESEARCHED,UNRESEARCHED,UNRESEARCHED,Candidate pool only; durable public evidence has not yet been reviewed.,0,,LOW,Do not promote or assign weight until independent evidence review is complete.,false,leader-set-research.v2-candidate-pool
光通訊,通訊與光電,4903,聯光通,PRIMARY in supplied stock overview; CORE equivalence not yet PM-approved,,NEEDS_REVIEW,UNRESEARCHED,UNRESEARCHED,UNRESEARCHED,UNRESEARCHED,Candidate pool only; durable public evidence has not yet been reviewed.,0,,LOW,Do not promote or assign weight until independent evidence review is complete.,false,leader-set-research.v2-candidate-pool
光通訊,通訊與光電,4908,前鼎,PRIMARY in supplied stock overview; CORE equivalence not yet PM-approved,,NEEDS_REVIEW,UNRESEARCHED,UNRESEARCHED,UNRESEARCHED,UNRESEARCHED,Candidate pool only; durable public evidence has not yet been reviewed.,0,,LOW,Do not promote or assign weight until independent evidence review is complete.,false,leader-set-research.v2-candidate-pool
光通訊,通訊與光電,4977,眾達-KY,PRIMARY in supplied stock overview; CORE equivalence not yet PM-approved,,NEEDS_REVIEW,UNRESEARCHED,UNRESEARCHED,UNRESEARCHED,UNRESEARCHED,Candidate pool only; durable public evidence has not yet been reviewed.,0,,LOW,Do not promote or assign weight until independent evidence review is complete.,false,leader-set-research.v2-candidate-pool
光通訊,通訊與光電,4979,華星光,PRIMARY in supplied stock overview; CORE equivalence not yet PM-approved,,NEEDS_REVIEW,UNRESEARCHED,UNRESEARCHED,UNRESEARCHED,UNRESEARCHED,Candidate pool only; durable public evidence has not yet been reviewed.,0,,LOW,Do not promote or assign weight until independent evidence review is complete.,false,leader-set-research.v2-candidate-pool
光通訊,通訊與光電,6442,光聖,PRIMARY in supplied stock overview; CORE equivalence not yet PM-approved,,NEEDS_REVIEW,UNRESEARCHED,UNRESEARCHED,UNRESEARCHED,UNRESEARCHED,Candidate pool only; durable public evidence has not yet been reviewed.,0,,LOW,Do not promote or assign weight until independent evidence review is complete.,false,leader-set-research.v2-candidate-pool
光通訊,通訊與光電,6530,創威,PRIMARY in supplied stock overview; CORE equivalence not yet PM-approved,,NEEDS_REVIEW,UNRESEARCHED,UNRESEARCHED,UNRESEARCHED,UNRESEARCHED,Candidate pool only; durable public evidence has not yet been reviewed.,0,,LOW,Do not promote or assign weight until independent evidence review is complete.,false,leader-set-research.v2-candidate-pool
光通訊,通訊與光電,6588,東典,PRIMARY in supplied stock overview; CORE equivalence not yet PM-approved,,NEEDS_REVIEW,UNRESEARCHED,UNRESEARCHED,UNRESEARCHED,UNRESEARCHED,Candidate pool only; durable public evidence has not yet been reviewed.,0,,LOW,Do not promote or assign weight until independent evidence review is complete.,false,leader-set-research.v2-candidate-pool
其他 AI伺服器供應鏈,AI運算與伺服器,2059,川湖,PRIMARY in supplied stock overview; CORE equivalence not yet PM-approved,,NEEDS_REVIEW,UNRESEARCHED,UNRESEARCHED,UNRESEARCHED,UNRESEARCHED,Candidate pool only; durable public evidence has not yet been reviewed.,0,,LOW,Do not promote or assign weight until independent evidence review is complete.,false,leader-set-research.v2-candidate-pool
其他 AI伺服器供應鏈,AI運算與伺服器,2312,金寶,PRIMARY in supplied stock overview; CORE equivalence not yet PM-approved,,NEEDS_REVIEW,UNRESEARCHED,UNRESEARCHED,UNRESEARCHED,UNRESEARCHED,Candidate pool only; durable public evidence has not yet been reviewed.,0,,LOW,Do not promote or assign weight until independent evidence review is complete.,false,leader-set-research.v2-candidate-pool
其他 AI伺服器供應鏈,AI運算與伺服器,2474,可成,PRIMARY in supplied stock overview; CORE equivalence not yet PM-approved,,NEEDS_REVIEW,UNRESEARCHED,UNRESEARCHED,UNRESEARCHED,UNRESEARCHED,Candidate pool only; durable public evidence has not yet been reviewed.,0,,LOW,Do not promote or assign weight until independent evidence review is complete.,false,leader-set-research.v2-candidate-pool
其他 AI伺服器供應鏈,AI運算與伺服器,3003,健策,PRIMARY in supplied stock overview; CORE equivalence not yet PM-approved,,NEEDS_REVIEW,UNRESEARCHED,UNRESEARCHED,UNRESEARCHED,UNRESEARCHED,Candidate pool only; durable public evidence has not yet been reviewed.,0,,LOW,Do not promote or assign weight until independent evidence review is complete.,false,leader-set-research.v2-candidate-pool
其他 AI伺服器供應鏈,AI運算與伺服器,3008,大立光,PRIMARY in supplied stock overview; CORE equivalence not yet PM-approved,,NEEDS_REVIEW,UNRESEARCHED,UNRESEARCHED,UNRESEARCHED,UNRESEARCHED,Candidate pool only; durable public evidence has not yet been reviewed.,0,,LOW,Do not promote or assign weight until independent evidence review is complete.,false,leader-set-research.v2-candidate-pool
其他 AI伺服器供應鏈,AI運算與伺服器,3013,晟銘電,PRIMARY in supplied stock overview; CORE equivalence not yet PM-approved,,NEEDS_REVIEW,UNRESEARCHED,UNRESEARCHED,UNRESEARCHED,UNRESEARCHED,Candidate pool only; durable public evidence has not yet been reviewed.,0,,LOW,Do not promote or assign weight until independent evidence review is complete.,false,leader-set-research.v2-candidate-pool
其他 AI伺服器供應鏈,AI運算與伺服器,3015,全漢,PRIMARY in supplied stock overview; CORE equivalence not yet PM-approved,,NEEDS_REVIEW,UNRESEARCHED,UNRESEARCHED,UNRESEARCHED,UNRESEARCHED,Candidate pool only; durable public evidence has not yet been reviewed.,0,,LOW,Do not promote or assign weight until independent evidence review is complete.,false,leader-set-research.v2-candidate-pool
其他 AI伺服器供應鏈,AI運算與伺服器,3060,銘異,PRIMARY in supplied stock overview; CORE equivalence not yet PM-approved,,NEEDS_REVIEW,UNRESEARCHED,UNRESEARCHED,UNRESEARCHED,UNRESEARCHED,Candidate pool only; durable public evidence has not yet been reviewed.,0,,LOW,Do not promote or assign weight until independent evidence review is complete.,false,leader-set-research.v2-candidate-pool
其他 AI伺服器供應鏈,AI運算與伺服器,3290,東浦,PRIMARY in supplied stock overview; CORE equivalence not yet PM-approved,,NEEDS_REVIEW,UNRESEARCHED,UNRESEARCHED,UNRESEARCHED,UNRESEARCHED,Candidate pool only; durable public evidence has not yet been reviewed.,0,,LOW,Do not promote or assign weight until independent evidence review is complete.,false,leader-set-research.v2-candidate-pool
其他 AI伺服器供應鏈,AI運算與伺服器,3479,安勤,PRIMARY in supplied stock overview; CORE equivalence not yet PM-approved,,NEEDS_REVIEW,UNRESEARCHED,UNRESEARCHED,UNRESEARCHED,UNRESEARCHED,Candidate pool only; durable public evidence has not yet been reviewed.,0,,LOW,Do not promote or assign weight until independent evidence review is complete.,false,leader-set-research.v2-candidate-pool
其他 AI伺服器供應鏈,AI運算與伺服器,3526,凡甲,PRIMARY in supplied stock overview; CORE equivalence not yet PM-approved,,NEEDS_REVIEW,UNRESEARCHED,UNRESEARCHED,UNRESEARCHED,UNRESEARCHED,Candidate pool only; durable public evidence has not yet been reviewed.,0,,LOW,Do not promote or assign weight until independent evidence review is complete.,false,leader-set-research.v2-candidate-pool
其他 AI伺服器供應鏈,AI運算與伺服器,3564,其陽,PRIMARY in supplied stock overview; CORE equivalence not yet PM-approved,,NEEDS_REVIEW,UNRESEARCHED,UNRESEARCHED,UNRESEARCHED,UNRESEARCHED,Candidate pool only; durable public evidence has not yet been reviewed.,0,,LOW,Do not promote or assign weight until independent evidence review is complete.,false,leader-set-research.v2-candidate-pool
其他 AI伺服器供應鏈,AI運算與伺服器,3617,碩天,PRIMARY in supplied stock overview; CORE equivalence not yet PM-approved,,NEEDS_REVIEW,UNRESEARCHED,UNRESEARCHED,UNRESEARCHED,UNRESEARCHED,Candidate pool only; durable public evidence has not yet been reviewed.,0,,LOW,Do not promote or assign weight until independent evidence review is complete.,false,leader-set-research.v2-candidate-pool
其他 AI伺服器供應鏈,AI運算與伺服器,3653,健策,PRIMARY in supplied stock overview; CORE equivalence not yet PM-approved,,NEEDS_REVIEW,UNRESEARCHED,UNRESEARCHED,UNRESEARCHED,UNRESEARCHED,Candidate pool only; durable public evidence has not yet been reviewed.,0,,LOW,Do not promote or assign weight until independent evidence review is complete.,false,leader-set-research.v2-candidate-pool
其他 AI伺服器供應鏈,AI運算與伺服器,3665,貿聯-KY,PRIMARY in supplied stock overview; CORE equivalence not yet PM-approved,,NEEDS_REVIEW,UNRESEARCHED,UNRESEARCHED,UNRESEARCHED,UNRESEARCHED,Candidate pool only; durable public evidence has not yet been reviewed.,0,,LOW,Do not promote or assign weight until independent evidence review is complete.,false,leader-set-research.v2-candidate-pool
其他 AI伺服器供應鏈,AI運算與伺服器,5243,乙盛-KY,PRIMARY in supplied stock overview; CORE equivalence not yet PM-approved,,NEEDS_REVIEW,UNRESEARCHED,UNRESEARCHED,UNRESEARCHED,UNRESEARCHED,Candidate pool only; durable public evidence has not yet been reviewed.,0,,LOW,Do not promote or assign weight until independent evidence review is complete.,false,leader-set-research.v2-candidate-pool
其他 AI伺服器供應鏈,AI運算與伺服器,6197,佳必琪,PRIMARY in supplied stock overview; CORE equivalence not yet PM-approved,,NEEDS_REVIEW,UNRESEARCHED,UNRESEARCHED,UNRESEARCHED,UNRESEARCHED,Candidate pool only; durable public evidence has not yet been reviewed.,0,,LOW,Do not promote or assign weight until independent evidence review is complete.,false,leader-set-research.v2-candidate-pool
其他 AI伺服器供應鏈,AI運算與伺服器,6414,樺漢,PRIMARY in supplied stock overview; CORE equivalence not yet PM-approved,,NEEDS_REVIEW,UNRESEARCHED,UNRESEARCHED,UNRESEARCHED,UNRESEARCHED,Candidate pool only; durable public evidence has not yet been reviewed.,0,,LOW,Do not promote or assign weight until independent evidence review is complete.,false,leader-set-research.v2-candidate-pool
其他 AI伺服器供應鏈,AI運算與伺服器,6805,富世達,PRIMARY in supplied stock overview; CORE equivalence not yet PM-approved,,NEEDS_REVIEW,UNRESEARCHED,UNRESEARCHED,UNRESEARCHED,UNRESEARCHED,Candidate pool only; durable public evidence has not yet been reviewed.,0,,LOW,Do not promote or assign weight until independent evidence review is complete.,false,leader-set-research.v2-candidate-pool
其他 AI伺服器供應鏈,AI運算與伺服器,6906,現觀科,PRIMARY in supplied stock overview; CORE equivalence not yet PM-approved,,NEEDS_REVIEW,UNRESEARCHED,UNRESEARCHED,UNRESEARCHED,UNRESEARCHED,Candidate pool only; durable public evidence has not yet been reviewed.,0,,LOW,Do not promote or assign weight until independent evidence review is complete.,false,leader-set-research.v2-candidate-pool
其他 AI伺服器供應鏈,AI運算與伺服器,8076,伍豐,PRIMARY in supplied stock overview; CORE equivalence not yet PM-approved,,NEEDS_REVIEW,UNRESEARCHED,UNRESEARCHED,UNRESEARCHED,UNRESEARCHED,Candidate pool only; durable public evidence has not yet been reviewed.,0,,LOW,Do not promote or assign weight until independent evidence review is complete.,false,leader-set-research.v2-candidate-pool
其他 AI視覺,AI視覺,6419,京晨科,PRIMARY in supplied stock overview; CORE equivalence not yet PM-approved,,NEEDS_REVIEW,UNRESEARCHED,UNRESEARCHED,UNRESEARCHED,UNRESEARCHED,Candidate pool only; durable public evidence has not yet been reviewed.,0,,LOW,Do not promote or assign weight until independent evidence review is complete.,false,leader-set-research.v2-candidate-pool
其他 IC設計,IC設計,2379,瑞昱,PRIMARY in supplied stock overview; CORE equivalence not yet PM-approved,,NEEDS_REVIEW,UNRESEARCHED,UNRESEARCHED,UNRESEARCHED,UNRESEARCHED,Candidate pool only; durable public evidence has not yet been reviewed.,0,,LOW,Do not promote or assign weight until independent evidence review is complete.,false,leader-set-research.v2-candidate-pool
其他 IC設計,IC設計,2388,威盛,PRIMARY in supplied stock overview; CORE equivalence not yet PM-approved,,NEEDS_REVIEW,UNRESEARCHED,UNRESEARCHED,UNRESEARCHED,UNRESEARCHED,Candidate pool only; durable public evidence has not yet been reviewed.,0,,LOW,Do not promote or assign weight until independent evidence review is complete.,false,leader-set-research.v2-candidate-pool
其他 IC設計,IC設計,2401,凌陽,PRIMARY in supplied stock overview; CORE equivalence not yet PM-approved,,NEEDS_REVIEW,UNRESEARCHED,UNRESEARCHED,UNRESEARCHED,UNRESEARCHED,Candidate pool only; durable public evidence has not yet been reviewed.,0,,LOW,Do not promote or assign weight until independent evidence review is complete.,false,leader-set-research.v2-candidate-pool
其他 IC設計,IC設計,2454,聯發科,PRIMARY in supplied stock overview; CORE equivalence not yet PM-approved,,NEEDS_REVIEW,UNRESEARCHED,UNRESEARCHED,UNRESEARCHED,UNRESEARCHED,Candidate pool only; durable public evidence has not yet been reviewed.,0,,LOW,Do not promote or assign weight until independent evidence review is complete.,false,leader-set-research.v2-candidate-pool
其他 IC設計,IC設計,3094,聯傑,PRIMARY in supplied stock overview; CORE equivalence not yet PM-approved,,NEEDS_REVIEW,UNRESEARCHED,UNRESEARCHED,UNRESEARCHED,UNRESEARCHED,Candidate pool only; durable public evidence has not yet been reviewed.,0,,LOW,Do not promote or assign weight until independent evidence review is complete.,false,leader-set-research.v2-candidate-pool
其他 IC設計,IC設計,3257,虹冠電,PRIMARY in supplied stock overview; CORE equivalence not yet PM-approved,,NEEDS_REVIEW,UNRESEARCHED,UNRESEARCHED,UNRESEARCHED,UNRESEARCHED,Candidate pool only; durable public evidence has not yet been reviewed.,0,,LOW,Do not promote or assign weight until independent evidence review is complete.,false,leader-set-research.v2-candidate-pool
其他 IC設計,IC設計,3288,點晶,PRIMARY in supplied stock overview; CORE equivalence not yet PM-approved,,NEEDS_REVIEW,UNRESEARCHED,UNRESEARCHED,UNRESEARCHED,UNRESEARCHED,Candidate pool only; durable public evidence has not yet been reviewed.,0,,LOW,Do not promote or assign weight until independent evidence review is complete.,false,leader-set-research.v2-candidate-pool
其他 IC設計,IC設計,3527,聚積,PRIMARY in supplied stock overview; CORE equivalence not yet PM-approved,,NEEDS_REVIEW,UNRESEARCHED,UNRESEARCHED,UNRESEARCHED,UNRESEARCHED,Candidate pool only; durable public evidence has not yet been reviewed.,0,,LOW,Do not promote or assign weight until independent evidence review is complete.,false,leader-set-research.v2-candidate-pool
其他 IC設計,IC設計,3529,力旺,PRIMARY in supplied stock overview; CORE equivalence not yet PM-approved,,NEEDS_REVIEW,UNRESEARCHED,UNRESEARCHED,UNRESEARCHED,UNRESEARCHED,Candidate pool only; durable public evidence has not yet been reviewed.,0,,LOW,Do not promote or assign weight until independent evidence review is complete.,false,leader-set-research.v2-candidate-pool
其他 IC設計,IC設計,3556,禾瑞亞,PRIMARY in supplied stock overview; CORE equivalence not yet PM-approved,,NEEDS_REVIEW,UNRESEARCHED,UNRESEARCHED,UNRESEARCHED,UNRESEARCHED,Candidate pool only; durable public evidence has not yet been reviewed.,0,,LOW,Do not promote or assign weight until independent evidence review is complete.,false,leader-set-research.v2-candidate-pool
其他 IC設計,IC設計,3588,通嘉,PRIMARY in supplied stock overview; CORE equivalence not yet PM-approved,,NEEDS_REVIEW,UNRESEARCHED,UNRESEARCHED,UNRESEARCHED,UNRESEARCHED,Candidate pool only; durable public evidence has not yet been reviewed.,0,,LOW,Do not promote or assign weight until independent evidence review is complete.,false,leader-set-research.v2-candidate-pool
其他 IC設計,IC設計,5274,信驊,PRIMARY in supplied stock overview; CORE equivalence not yet PM-approved,,NEEDS_REVIEW,UNRESEARCHED,UNRESEARCHED,UNRESEARCHED,UNRESEARCHED,Candidate pool only; durable public evidence has not yet been reviewed.,0,,LOW,Do not promote or assign weight until independent evidence review is complete.,false,leader-set-research.v2-candidate-pool
其他 IC設計,IC設計,5302,太欣,PRIMARY in supplied stock overview; CORE equivalence not yet PM-approved,,NEEDS_REVIEW,UNRESEARCHED,UNRESEARCHED,UNRESEARCHED,UNRESEARCHED,Candidate pool only; durable public evidence has not yet been reviewed.,0,,LOW,Do not promote or assign weight until independent evidence review is complete.,false,leader-set-research.v2-candidate-pool
其他 IC設計,IC設計,5351,鈺創,PRIMARY in supplied stock overview; CORE equivalence not yet PM-approved,,NEEDS_REVIEW,UNRESEARCHED,UNRESEARCHED,UNRESEARCHED,UNRESEARCHED,Candidate pool only; durable public evidence has not yet been reviewed.,0,,LOW,Do not promote or assign weight until independent evidence review is complete.,false,leader-set-research.v2-candidate-pool
其他 IC設計,IC設計,5471,松翰,PRIMARY in supplied stock overview; CORE equivalence not yet PM-approved,,NEEDS_REVIEW,UNRESEARCHED,UNRESEARCHED,UNRESEARCHED,UNRESEARCHED,Candidate pool only; durable public evidence has not yet been reviewed.,0,,LOW,Do not promote or assign weight until independent evidence review is complete.,false,leader-set-research.v2-candidate-pool
其他 IC設計,IC設計,6129,普誠,PRIMARY in supplied stock overview; CORE equivalence not yet PM-approved,,NEEDS_REVIEW,UNRESEARCHED,UNRESEARCHED,UNRESEARCHED,UNRESEARCHED,Candidate pool only; durable public evidence has not yet been reviewed.,0,,LOW,Do not promote or assign weight until independent evidence review is complete.,false,leader-set-research.v2-candidate-pool
其他 IC設計,IC設計,6138,茂達,PRIMARY in supplied stock overview; CORE equivalence not yet PM-approved,,NEEDS_REVIEW,UNRESEARCHED,UNRESEARCHED,UNRESEARCHED,UNRESEARCHED,Candidate pool only; durable public evidence has not yet been reviewed.,0,,LOW,Do not promote or assign weight until independent evidence review is complete.,false,leader-set-research.v2-candidate-pool
其他 IC設計,IC設計,6243,迅杰,PRIMARY in supplied stock overview; CORE equivalence not yet PM-approved,,NEEDS_REVIEW,UNRESEARCHED,UNRESEARCHED,UNRESEARCHED,UNRESEARCHED,Candidate pool only; durable public evidence has not yet been reviewed.,0,,LOW,Do not promote or assign weight until independent evidence review is complete.,false,leader-set-research.v2-candidate-pool
其他 IC設計,IC設計,6291,沛亨,PRIMARY in supplied stock overview; CORE equivalence not yet PM-approved,,NEEDS_REVIEW,UNRESEARCHED,UNRESEARCHED,UNRESEARCHED,UNRESEARCHED,Candidate pool only; durable public evidence has not yet been reviewed.,0,,LOW,Do not promote or assign weight until independent evidence review is complete.,false,leader-set-research.v2-candidate-pool
其他 IC設計,IC設計,6415,矽力-KY,PRIMARY in supplied stock overview; CORE equivalence not yet PM-approved,,NEEDS_REVIEW,UNRESEARCHED,UNRESEARCHED,UNRESEARCHED,UNRESEARCHED,Candidate pool only; durable public evidence has not yet been reviewed.,0,,LOW,Do not promote or assign weight until independent evidence review is complete.,false,leader-set-research.v2-candidate-pool
其他 IC設計,IC設計,6462,神盾,PRIMARY in supplied stock overview; CORE equivalence not yet PM-approved,,NEEDS_REVIEW,UNRESEARCHED,UNRESEARCHED,UNRESEARCHED,UNRESEARCHED,Candidate pool only; durable public evidence has not yet been reviewed.,0,,LOW,Do not promote or assign weight until independent evidence review is complete.,false,leader-set-research.v2-candidate-pool
其他 IC設計,IC設計,6526,達發,PRIMARY in supplied stock overview; CORE equivalence not yet PM-approved,,NEEDS_REVIEW,UNRESEARCHED,UNRESEARCHED,UNRESEARCHED,UNRESEARCHED,Candidate pool only; durable public evidence has not yet been reviewed.,0,,LOW,Do not promote or assign weight until independent evidence review is complete.,false,leader-set-research.v2-candidate-pool
其他 IC設計,IC設計,6531,愛普*,PRIMARY in supplied stock overview; CORE equivalence not yet PM-approved,,NEEDS_REVIEW,UNRESEARCHED,UNRESEARCHED,UNRESEARCHED,UNRESEARCHED,Candidate pool only; durable public evidence has not yet been reviewed.,0,,LOW,Do not promote or assign weight until independent evidence review is complete.,false,leader-set-research.v2-candidate-pool
其他 IC設計,IC設計,6643,M31,PRIMARY in supplied stock overview; CORE equivalence not yet PM-approved,,NEEDS_REVIEW,UNRESEARCHED,UNRESEARCHED,UNRESEARCHED,UNRESEARCHED,Candidate pool only; durable public evidence has not yet been reviewed.,0,,LOW,Do not promote or assign weight until independent evidence review is complete.,false,leader-set-research.v2-candidate-pool
其他 IC設計,IC設計,6695,芯鼎,PRIMARY in supplied stock overview; CORE equivalence not yet PM-approved,,NEEDS_REVIEW,UNRESEARCHED,UNRESEARCHED,UNRESEARCHED,UNRESEARCHED,Candidate pool only; durable public evidence has not yet been reviewed.,0,,LOW,Do not promote or assign weight until independent evidence review is complete.,false,leader-set-research.v2-candidate-pool
其他 IC設計,IC設計,6799,來頡,PRIMARY in supplied stock overview; CORE equivalence not yet PM-approved,,NEEDS_REVIEW,UNRESEARCHED,UNRESEARCHED,UNRESEARCHED,UNRESEARCHED,Candidate pool only; durable public evidence has not yet been reviewed.,0,,LOW,Do not promote or assign weight until independent evidence review is complete.,false,leader-set-research.v2-candidate-pool
其他 IC設計,IC設計,6906,現觀科,PRIMARY in supplied stock overview; CORE equivalence not yet PM-approved,,NEEDS_REVIEW,UNRESEARCHED,UNRESEARCHED,UNRESEARCHED,UNRESEARCHED,Candidate pool only; durable public evidence has not yet been reviewed.,0,,LOW,Do not promote or assign weight until independent evidence review is complete.,false,leader-set-research.v2-candidate-pool
其他 IC設計,IC設計,8016,矽創,PRIMARY in supplied stock overview; CORE equivalence not yet PM-approved,,NEEDS_REVIEW,UNRESEARCHED,UNRESEARCHED,UNRESEARCHED,UNRESEARCHED,Candidate pool only; durable public evidence has not yet been reviewed.,0,,LOW,Do not promote or assign weight until independent evidence review is complete.,false,leader-set-research.v2-candidate-pool
其他 IC設計,IC設計,8024,佑華,PRIMARY in supplied stock overview; CORE equivalence not yet PM-approved,,NEEDS_REVIEW,UNRESEARCHED,UNRESEARCHED,UNRESEARCHED,UNRESEARCHED,Candidate pool only; durable public evidence has not yet been reviewed.,0,,LOW,Do not promote or assign weight until independent evidence review is complete.,false,leader-set-research.v2-candidate-pool
其他 IC設計,IC設計,8040,九暘,PRIMARY in supplied stock overview; CORE equivalence not yet PM-approved,,NEEDS_REVIEW,UNRESEARCHED,UNRESEARCHED,UNRESEARCHED,UNRESEARCHED,Candidate pool only; durable public evidence has not yet been reviewed.,0,,LOW,Do not promote or assign weight until independent evidence review is complete.,false,leader-set-research.v2-candidate-pool
其他半導體設備,半導體設備與製程,2360,致茂,PRIMARY in supplied stock overview; CORE equivalence not yet PM-approved,,NEEDS_REVIEW,UNRESEARCHED,UNRESEARCHED,UNRESEARCHED,UNRESEARCHED,Candidate pool only; durable public evidence has not yet been reviewed.,0,,LOW,Do not promote or assign weight until independent evidence review is complete.,false,leader-set-research.v2-candidate-pool
其他半導體設備,半導體設備與製程,2493,揚博,PRIMARY in supplied stock overview; CORE equivalence not yet PM-approved,,NEEDS_REVIEW,UNRESEARCHED,UNRESEARCHED,UNRESEARCHED,UNRESEARCHED,Candidate pool only; durable public evidence has not yet been reviewed.,0,,LOW,Do not promote or assign weight until independent evidence review is complete.,false,leader-set-research.v2-candidate-pool
其他半導體設備,半導體設備與製程,3055,蔚華科,PRIMARY in supplied stock overview; CORE equivalence not yet PM-approved,,NEEDS_REVIEW,UNRESEARCHED,UNRESEARCHED,UNRESEARCHED,UNRESEARCHED,Candidate pool only; durable public evidence has not yet been reviewed.,0,,LOW,Do not promote or assign weight until independent evidence review is complete.,false,leader-set-research.v2-candidate-pool
其他半導體設備,半導體設備與製程,3167,大量,PRIMARY in supplied stock overview; CORE equivalence not yet PM-approved,,NEEDS_REVIEW,UNRESEARCHED,UNRESEARCHED,UNRESEARCHED,UNRESEARCHED,Candidate pool only; durable public evidence has not yet been reviewed.,0,,LOW,Do not promote or assign weight until independent evidence review is complete.,false,leader-set-research.v2-candidate-pool
其他半導體設備,半導體設備與製程,3498,陽程,PRIMARY in supplied stock overview; CORE equivalence not yet PM-approved,,NEEDS_REVIEW,UNRESEARCHED,UNRESEARCHED,UNRESEARCHED,UNRESEARCHED,Candidate pool only; durable public evidence has not yet been reviewed.,0,,LOW,Do not promote or assign weight until independent evidence review is complete.,false,leader-set-research.v2-candidate-pool
其他半導體設備,半導體設備與製程,3535,晶彩科,PRIMARY in supplied stock overview; CORE equivalence not yet PM-approved,,NEEDS_REVIEW,UNRESEARCHED,UNRESEARCHED,UNRESEARCHED,UNRESEARCHED,Candidate pool only; durable public evidence has not yet been reviewed.,0,,LOW,Do not promote or assign weight until independent evidence review is complete.,false,leader-set-research.v2-candidate-pool
其他半導體設備,半導體設備與製程,4542,科嶠,PRIMARY in supplied stock overview; CORE equivalence not yet PM-approved,,NEEDS_REVIEW,UNRESEARCHED,UNRESEARCHED,UNRESEARCHED,UNRESEARCHED,Candidate pool only; durable public evidence has not yet been reviewed.,0,,LOW,Do not promote or assign weight until independent evidence review is complete.,false,leader-set-research.v2-candidate-pool
其他半導體設備,半導體設備與製程,4556,旭然,PRIMARY in supplied stock overview; CORE equivalence not yet PM-approved,,NEEDS_REVIEW,UNRESEARCHED,UNRESEARCHED,UNRESEARCHED,UNRESEARCHED,Candidate pool only; durable public evidence has not yet been reviewed.,0,,LOW,Do not promote or assign weight until independent evidence review is complete.,false,leader-set-research.v2-candidate-pool
其他半導體設備,半導體設備與製程,4577,達航科技,PRIMARY in supplied stock overview; CORE equivalence not yet PM-approved,,NEEDS_REVIEW,UNRESEARCHED,UNRESEARCHED,UNRESEARCHED,UNRESEARCHED,Candidate pool only; durable public evidence has not yet been reviewed.,0,,LOW,Do not promote or assign weight until independent evidence review is complete.,false,leader-set-research.v2-candidate-pool
其他半導體設備,半導體設備與製程,5498,凱威,PRIMARY in supplied stock overview; CORE equivalence not yet PM-approved,,NEEDS_REVIEW,UNRESEARCHED,UNRESEARCHED,UNRESEARCHED,UNRESEARCHED,Candidate pool only; durable public evidence has not yet been reviewed.,0,,LOW,Do not promote or assign weight until independent evidence review is complete.,false,leader-set-research.v2-candidate-pool
其他半導體設備,半導體設備與製程,5536,聖暉*,PRIMARY in supplied stock overview; CORE equivalence not yet PM-approved,,NEEDS_REVIEW,UNRESEARCHED,UNRESEARCHED,UNRESEARCHED,UNRESEARCHED,Candidate pool only; durable public evidence has not yet been reviewed.,0,,LOW,Do not promote or assign weight until independent evidence review is complete.,false,leader-set-research.v2-candidate-pool
其他半導體設備,半導體設備與製程,6196,帆宣,PRIMARY in supplied stock overview; CORE equivalence not yet PM-approved,,NEEDS_REVIEW,UNRESEARCHED,UNRESEARCHED,UNRESEARCHED,UNRESEARCHED,Candidate pool only; durable public evidence has not yet been reviewed.,0,,LOW,Do not promote or assign weight until independent evidence review is complete.,false,leader-set-research.v2-candidate-pool
其他半導體設備,半導體設備與製程,6207,雷科,PRIMARY in supplied stock overview; CORE equivalence not yet PM-approved,,NEEDS_REVIEW,UNRESEARCHED,UNRESEARCHED,UNRESEARCHED,UNRESEARCHED,Candidate pool only; durable public evidence has not yet been reviewed.,0,,LOW,Do not promote or assign weight until independent evidence review is complete.,false,leader-set-research.v2-candidate-pool
其他半導體設備,半導體設備與製程,6215,和椿,PRIMARY in supplied stock overview; CORE equivalence not yet PM-approved,,NEEDS_REVIEW,UNRESEARCHED,UNRESEARCHED,UNRESEARCHED,UNRESEARCHED,Candidate pool only; durable public evidence has not yet been reviewed.,0,,LOW,Do not promote or assign weight until independent evidence review is complete.,false,leader-set-research.v2-candidate-pool
其他半導體設備,半導體設備與製程,6223,旺矽,PRIMARY in supplied stock overview; CORE equivalence not yet PM-approved,,NEEDS_REVIEW,UNRESEARCHED,UNRESEARCHED,UNRESEARCHED,UNRESEARCHED,Candidate pool only; durable public evidence has not yet been reviewed.,0,,LOW,Do not promote or assign weight until independent evidence review is complete.,false,leader-set-research.v2-candidate-pool
其他半導體設備,半導體設備與製程,6510,精測,PRIMARY in supplied stock overview; CORE equivalence not yet PM-approved,,NEEDS_REVIEW,UNRESEARCHED,UNRESEARCHED,UNRESEARCHED,UNRESEARCHED,Candidate pool only; durable public evidence has not yet been reviewed.,0,,LOW,Do not promote or assign weight until independent evidence review is complete.,false,leader-set-research.v2-candidate-pool
其他半導體設備,半導體設備與製程,6515,穎崴,PRIMARY in supplied stock overview; CORE equivalence not yet PM-approved,,NEEDS_REVIEW,UNRESEARCHED,UNRESEARCHED,UNRESEARCHED,UNRESEARCHED,Candidate pool only; durable public evidence has not yet been reviewed.,0,,LOW,Do not promote or assign weight until independent evidence review is complete.,false,leader-set-research.v2-candidate-pool
其他半導體設備,半導體設備與製程,6613,朋億*,PRIMARY in supplied stock overview; CORE equivalence not yet PM-approved,,NEEDS_REVIEW,UNRESEARCHED,UNRESEARCHED,UNRESEARCHED,UNRESEARCHED,Candidate pool only; durable public evidence has not yet been reviewed.,0,,LOW,Do not promote or assign weight until independent evidence review is complete.,false,leader-set-research.v2-candidate-pool
其他半導體設備,半導體設備與製程,6654,天正國際,PRIMARY in supplied stock overview; CORE equivalence not yet PM-approved,,NEEDS_REVIEW,UNRESEARCHED,UNRESEARCHED,UNRESEARCHED,UNRESEARCHED,Candidate pool only; durable public evidence has not yet been reviewed.,0,,LOW,Do not promote or assign weight until independent evidence review is complete.,false,leader-set-research.v2-candidate-pool
其他半導體設備,半導體設備與製程,6667,信紘科,PRIMARY in supplied stock overview; CORE equivalence not yet PM-approved,,NEEDS_REVIEW,UNRESEARCHED,UNRESEARCHED,UNRESEARCHED,UNRESEARCHED,Candidate pool only; durable public evidence has not yet been reviewed.,0,,LOW,Do not promote or assign weight until independent evidence review is complete.,false,leader-set-research.v2-candidate-pool
其他半導體設備,半導體設備與製程,6683,雍智科技,PRIMARY in supplied stock overview; CORE equivalence not yet PM-approved,,NEEDS_REVIEW,UNRESEARCHED,UNRESEARCHED,UNRESEARCHED,UNRESEARCHED,Candidate pool only; durable public evidence has not yet been reviewed.,0,,LOW,Do not promote or assign weight until independent evidence review is complete.,false,leader-set-research.v2-candidate-pool
其他半導體設備,半導體設備與製程,6727,亞泰金屬,PRIMARY in supplied stock overview; CORE equivalence not yet PM-approved,,NEEDS_REVIEW,UNRESEARCHED,UNRESEARCHED,UNRESEARCHED,UNRESEARCHED,Candidate pool only; durable public evidence has not yet been reviewed.,0,,LOW,Do not promote or assign weight until independent evidence review is complete.,false,leader-set-research.v2-candidate-pool
其他半導體設備,半導體設備與製程,6742,澤米,PRIMARY in supplied stock overview; CORE equivalence not yet PM-approved,,NEEDS_REVIEW,UNRESEARCHED,UNRESEARCHED,UNRESEARCHED,UNRESEARCHED,Candidate pool only; durable public evidence has not yet been reviewed.,0,,LOW,Do not promote or assign weight until independent evidence review is complete.,false,leader-set-research.v2-candidate-pool
其他半導體設備,半導體設備與製程,6903,巨漢,PRIMARY in supplied stock overview; CORE equivalence not yet PM-approved,,NEEDS_REVIEW,UNRESEARCHED,UNRESEARCHED,UNRESEARCHED,UNRESEARCHED,Candidate pool only; durable public evidence has not yet been reviewed.,0,,LOW,Do not promote or assign weight until independent evidence review is complete.,false,leader-set-research.v2-candidate-pool
其他半導體設備,半導體設備與製程,6937,天虹,PRIMARY in supplied stock overview; CORE equivalence not yet PM-approved,,NEEDS_REVIEW,UNRESEARCHED,UNRESEARCHED,UNRESEARCHED,UNRESEARCHED,Candidate pool only; durable public evidence has not yet been reviewed.,0,,LOW,Do not promote or assign weight until independent evidence review is complete.,false,leader-set-research.v2-candidate-pool
其他半導體設備,半導體設備與製程,7709,榮田,PRIMARY in supplied stock overview; CORE equivalence not yet PM-approved,,NEEDS_REVIEW,UNRESEARCHED,UNRESEARCHED,UNRESEARCHED,UNRESEARCHED,Candidate pool only; durable public evidence has not yet been reviewed.,0,,LOW,Do not promote or assign weight until independent evidence review is complete.,false,leader-set-research.v2-candidate-pool
其他半導體設備,半導體設備與製程,7769,鴻勁,PRIMARY in supplied stock overview; CORE equivalence not yet PM-approved,,NEEDS_REVIEW,UNRESEARCHED,UNRESEARCHED,UNRESEARCHED,UNRESEARCHED,Candidate pool only; durable public evidence has not yet been reviewed.,0,,LOW,Do not promote or assign weight until independent evidence review is complete.,false,leader-set-research.v2-candidate-pool
其他半導體設備,半導體設備與製程,8028,昇陽半導體,PRIMARY in supplied stock overview; CORE equivalence not yet PM-approved,,NEEDS_REVIEW,UNRESEARCHED,UNRESEARCHED,UNRESEARCHED,UNRESEARCHED,Candidate pool only; durable public evidence has not yet been reviewed.,0,,LOW,Do not promote or assign weight until independent evidence review is complete.,false,leader-set-research.v2-candidate-pool
其他原物料,傳統產業材料,1723,中碳,PRIMARY in supplied stock overview; CORE equivalence not yet PM-approved,,NEEDS_REVIEW,UNRESEARCHED,UNRESEARCHED,UNRESEARCHED,UNRESEARCHED,Candidate pool only; durable public evidence has not yet been reviewed.,0,,LOW,Do not promote or assign weight until independent evidence review is complete.,false,leader-set-research.v2-candidate-pool
其他原物料,傳統產業材料,1810,和成,PRIMARY in supplied stock overview; CORE equivalence not yet PM-approved,,NEEDS_REVIEW,UNRESEARCHED,UNRESEARCHED,UNRESEARCHED,UNRESEARCHED,Candidate pool only; durable public evidence has not yet been reviewed.,0,,LOW,Do not promote or assign weight until independent evidence review is complete.,false,leader-set-research.v2-candidate-pool
其他原物料,傳統產業材料,2009,第一銅,PRIMARY in supplied stock overview; CORE equivalence not yet PM-approved,,NEEDS_REVIEW,UNRESEARCHED,UNRESEARCHED,UNRESEARCHED,UNRESEARCHED,Candidate pool only; durable public evidence has not yet been reviewed.,0,,LOW,Do not promote or assign weight until independent evidence review is complete.,false,leader-set-research.v2-candidate-pool
其他原物料,傳統產業材料,2061,風青,PRIMARY in supplied stock overview; CORE equivalence not yet PM-approved,,NEEDS_REVIEW,UNRESEARCHED,UNRESEARCHED,UNRESEARCHED,UNRESEARCHED,Candidate pool only; durable public evidence has not yet been reviewed.,0,,LOW,Do not promote or assign weight until independent evidence review is complete.,false,leader-set-research.v2-candidate-pool
其他原物料,傳統產業材料,2221,大甲,PRIMARY in supplied stock overview; CORE equivalence not yet PM-approved,,NEEDS_REVIEW,UNRESEARCHED,UNRESEARCHED,UNRESEARCHED,UNRESEARCHED,Candidate pool only; durable public evidence has not yet been reviewed.,0,,LOW,Do not promote or assign weight until independent evidence review is complete.,false,leader-set-research.v2-candidate-pool
其他原物料,傳統產業材料,2305,全友,PRIMARY in supplied stock overview; CORE equivalence not yet PM-approved,,NEEDS_REVIEW,UNRESEARCHED,UNRESEARCHED,UNRESEARCHED,UNRESEARCHED,Candidate pool only; durable public evidence has not yet been reviewed.,0,,LOW,Do not promote or assign weight until independent evidence review is complete.,false,leader-set-research.v2-candidate-pool
其他原物料,傳統產業材料,2414,精技,PRIMARY in supplied stock overview; CORE equivalence not yet PM-approved,,NEEDS_REVIEW,UNRESEARCHED,UNRESEARCHED,UNRESEARCHED,UNRESEARCHED,Candidate pool only; durable public evidence has not yet been reviewed.,0,,LOW,Do not promote or assign weight until independent evidence review is complete.,false,leader-set-research.v2-candidate-pool
其他原物料,傳統產業材料,2460,建通,PRIMARY in supplied stock overview; CORE equivalence not yet PM-approved,,NEEDS_REVIEW,UNRESEARCHED,UNRESEARCHED,UNRESEARCHED,UNRESEARCHED,Candidate pool only; durable public evidence has not yet been reviewed.,0,,LOW,Do not promote or assign weight until independent evidence review is complete.,false,leader-set-research.v2-candidate-pool
其他原物料,傳統產業材料,2486,一航,PRIMARY in supplied stock overview; CORE equivalence not yet PM-approved,,NEEDS_REVIEW,UNRESEARCHED,UNRESEARCHED,UNRESEARCHED,UNRESEARCHED,Candidate pool only; durable public evidence has not yet been reviewed.,0,,LOW,Do not promote or assign weight until independent evidence review is complete.,false,leader-set-research.v2-candidate-pool
其他原物料,傳統產業材料,2491,吉祥全,PRIMARY in supplied stock overview; CORE equivalence not yet PM-approved,,NEEDS_REVIEW,UNRESEARCHED,UNRESEARCHED,UNRESEARCHED,UNRESEARCHED,Candidate pool only; durable public evidence has not yet been reviewed.,0,,LOW,Do not promote or assign weight until independent evidence review is complete.,false,leader-set-research.v2-candidate-pool
其他原物料,傳統產業材料,2498,宏達電,PRIMARY in supplied stock overview; CORE equivalence not yet PM-approved,,NEEDS_REVIEW,UNRESEARCHED,UNRESEARCHED,UNRESEARCHED,UNRESEARCHED,Candidate pool only; durable public evidence has not yet been reviewed.,0,,LOW,Do not promote or assign weight until independent evidence review is complete.,false,leader-set-research.v2-candidate-pool
其他原物料,傳統產業材料,3021,鴻名,PRIMARY in supplied stock overview; CORE equivalence not yet PM-approved,,NEEDS_REVIEW,UNRESEARCHED,UNRESEARCHED,UNRESEARCHED,UNRESEARCHED,Candidate pool only; durable public evidence has not yet been reviewed.,0,,LOW,Do not promote or assign weight until independent evidence review is complete.,false,leader-set-research.v2-candidate-pool
其他原物料,傳統產業材料,3048,益登,PRIMARY in supplied stock overview; CORE equivalence not yet PM-approved,,NEEDS_REVIEW,UNRESEARCHED,UNRESEARCHED,UNRESEARCHED,UNRESEARCHED,Candidate pool only; durable public evidence has not yet been reviewed.,0,,LOW,Do not promote or assign weight until independent evidence review is complete.,false,leader-set-research.v2-candidate-pool
其他原物料,傳統產業材料,3114,好德,PRIMARY in supplied stock overview; CORE equivalence not yet PM-approved,,NEEDS_REVIEW,UNRESEARCHED,UNRESEARCHED,UNRESEARCHED,UNRESEARCHED,Candidate pool only; durable public evidence has not yet been reviewed.,0,,LOW,Do not promote or assign weight until independent evidence review is complete.,false,leader-set-research.v2-candidate-pool
其他原物料,傳統產業材料,3149,正達,PRIMARY in supplied stock overview; CORE equivalence not yet PM-approved,,NEEDS_REVIEW,UNRESEARCHED,UNRESEARCHED,UNRESEARCHED,UNRESEARCHED,Candidate pool only; durable public evidence has not yet been reviewed.,0,,LOW,Do not promote or assign weight until independent evidence review is complete.,false,leader-set-research.v2-candidate-pool
其他原物料,傳統產業材料,3191,雲嘉南,PRIMARY in supplied stock overview; CORE equivalence not yet PM-approved,,NEEDS_REVIEW,UNRESEARCHED,UNRESEARCHED,UNRESEARCHED,UNRESEARCHED,Candidate pool only; durable public evidence has not yet been reviewed.,0,,LOW,Do not promote or assign weight until independent evidence review is complete.,false,leader-set-research.v2-candidate-pool
其他原物料,傳統產業材料,3268,海德威,PRIMARY in supplied stock overview; CORE equivalence not yet PM-approved,,NEEDS_REVIEW,UNRESEARCHED,UNRESEARCHED,UNRESEARCHED,UNRESEARCHED,Candidate pool only; durable public evidence has not yet been reviewed.,0,,LOW,Do not promote or assign weight until independent evidence review is complete.,false,leader-set-research.v2-candidate-pool
其他原物料,傳統產業材料,3285,微端,PRIMARY in supplied stock overview; CORE equivalence not yet PM-approved,,NEEDS_REVIEW,UNRESEARCHED,UNRESEARCHED,UNRESEARCHED,UNRESEARCHED,Candidate pool only; durable public evidence has not yet been reviewed.,0,,LOW,Do not promote or assign weight until independent evidence review is complete.,false,leader-set-research.v2-candidate-pool
其他原物料,傳統產業材料,3296,勝德,PRIMARY in supplied stock overview; CORE equivalence not yet PM-approved,,NEEDS_REVIEW,UNRESEARCHED,UNRESEARCHED,UNRESEARCHED,UNRESEARCHED,Candidate pool only; durable public evidence has not yet been reviewed.,0,,LOW,Do not promote or assign weight until independent evidence review is complete.,false,leader-set-research.v2-candidate-pool
其他原物料,傳統產業材料,3308,聯德,PRIMARY in supplied stock overview; CORE equivalence not yet PM-approved,,NEEDS_REVIEW,UNRESEARCHED,UNRESEARCHED,UNRESEARCHED,UNRESEARCHED,Candidate pool only; durable public evidence has not yet been reviewed.,0,,LOW,Do not promote or assign weight until independent evidence review is complete.,false,leader-set-research.v2-candidate-pool
其他原物料,傳統產業材料,3360,尚立,PRIMARY in supplied stock overview; CORE equivalence not yet PM-approved,,NEEDS_REVIEW,UNRESEARCHED,UNRESEARCHED,UNRESEARCHED,UNRESEARCHED,Candidate pool only; durable public evidence has not yet been reviewed.,0,,LOW,Do not promote or assign weight until independent evidence review is complete.,false,leader-set-research.v2-candidate-pool
其他原物料,傳統產業材料,3441,聯一光,PRIMARY in supplied stock overview; CORE equivalence not yet PM-approved,,NEEDS_REVIEW,UNRESEARCHED,UNRESEARCHED,UNRESEARCHED,UNRESEARCHED,Candidate pool only; durable public evidence has not yet been reviewed.,0,,LOW,Do not promote or assign weight until independent evidence review is complete.,false,leader-set-research.v2-candidate-pool
其他原物料,傳統產業材料,3528,安馳,PRIMARY in supplied stock overview; CORE equivalence not yet PM-approved,,NEEDS_REVIEW,UNRESEARCHED,UNRESEARCHED,UNRESEARCHED,UNRESEARCHED,Candidate pool only; durable public evidence has not yet been reviewed.,0,,LOW,Do not promote or assign weight until independent evidence review is complete.,false,leader-set-research.v2-candidate-pool
其他原物料,傳統產業材料,3537,堡達,PRIMARY in supplied stock overview; CORE equivalence not yet PM-approved,,NEEDS_REVIEW,UNRESEARCHED,UNRESEARCHED,UNRESEARCHED,UNRESEARCHED,Candidate pool only; durable public evidence has not yet been reviewed.,0,,LOW,Do not promote or assign weight until independent evidence review is complete.,false,leader-set-research.v2-candidate-pool
其他原物料,傳統產業材料,3543,州巧,PRIMARY in supplied stock overview; CORE equivalence not yet PM-approved,,NEEDS_REVIEW,UNRESEARCHED,UNRESEARCHED,UNRESEARCHED,UNRESEARCHED,Candidate pool only; durable public evidence has not yet been reviewed.,0,,LOW,Do not promote or assign weight until independent evidence review is complete.,false,leader-set-research.v2-candidate-pool
其他原物料,傳統產業材料,3597,映興,PRIMARY in supplied stock overview; CORE equivalence not yet PM-approved,,NEEDS_REVIEW,UNRESEARCHED,UNRESEARCHED,UNRESEARCHED,UNRESEARCHED,Candidate pool only; durable public evidence has not yet been reviewed.,0,,LOW,Do not promote or assign weight until independent evidence review is complete.,false,leader-set-research.v2-candidate-pool
其他原物料,傳統產業材料,3615,安可,PRIMARY in supplied stock overview; CORE equivalence not yet PM-approved,,NEEDS_REVIEW,UNRESEARCHED,UNRESEARCHED,UNRESEARCHED,UNRESEARCHED,Candidate pool only; durable public evidence has not yet been reviewed.,0,,LOW,Do not promote or assign weight until independent evidence review is complete.,false,leader-set-research.v2-candidate-pool
其他原物料,傳統產業材料,3622,洋華,PRIMARY in supplied stock overview; CORE equivalence not yet PM-approved,,NEEDS_REVIEW,UNRESEARCHED,UNRESEARCHED,UNRESEARCHED,UNRESEARCHED,Candidate pool only; durable public evidence has not yet been reviewed.,0,,LOW,Do not promote or assign weight until independent evidence review is complete.,false,leader-set-research.v2-candidate-pool
其他原物料,傳統產業材料,3630,新鉅科,PRIMARY in supplied stock overview; CORE equivalence not yet PM-approved,,NEEDS_REVIEW,UNRESEARCHED,UNRESEARCHED,UNRESEARCHED,UNRESEARCHED,Candidate pool only; durable public evidence has not yet been reviewed.,0,,LOW,Do not promote or assign weight until independent evidence review is complete.,false,leader-set-research.v2-candidate-pool
其他原物料,傳統產業材料,3708,上緯投控,PRIMARY in supplied stock overview; CORE equivalence not yet PM-approved,,NEEDS_REVIEW,UNRESEARCHED,UNRESEARCHED,UNRESEARCHED,UNRESEARCHED,Candidate pool only; durable public evidence has not yet been reviewed.,0,,LOW,Do not promote or assign weight until independent evidence review is complete.,false,leader-set-research.v2-candidate-pool
其他原物料,傳統產業材料,3709,鑫聯大投控,PRIMARY in supplied stock overview; CORE equivalence not yet PM-approved,,NEEDS_REVIEW,UNRESEARCHED,UNRESEARCHED,UNRESEARCHED,UNRESEARCHED,Candidate pool only; durable public evidence has not yet been reviewed.,0,,LOW,Do not promote or assign weight until independent evidence review is complete.,false,leader-set-research.v2-candidate-pool
其他原物料,傳統產業材料,4127,天良,PRIMARY in supplied stock overview; CORE equivalence not yet PM-approved,,NEEDS_REVIEW,UNRESEARCHED,UNRESEARCHED,UNRESEARCHED,UNRESEARCHED,Candidate pool only; durable public evidence has not yet been reviewed.,0,,LOW,Do not promote or assign weight until independent evidence review is complete.,false,leader-set-research.v2-candidate-pool
其他原物料,傳統產業材料,4541,晟田,PRIMARY in supplied stock overview; CORE equivalence not yet PM-approved,,NEEDS_REVIEW,UNRESEARCHED,UNRESEARCHED,UNRESEARCHED,UNRESEARCHED,Candidate pool only; durable public evidence has not yet been reviewed.,0,,LOW,Do not promote or assign weight until independent evidence review is complete.,false,leader-set-research.v2-candidate-pool
其他原物料,傳統產業材料,4564,元翎,PRIMARY in supplied stock overview; CORE equivalence not yet PM-approved,,NEEDS_REVIEW,UNRESEARCHED,UNRESEARCHED,UNRESEARCHED,UNRESEARCHED,Candidate pool only; durable public evidence has not yet been reviewed.,0,,LOW,Do not promote or assign weight until independent evidence review is complete.,false,leader-set-research.v2-candidate-pool
其他原物料,傳統產業材料,4716,大立,PRIMARY in supplied stock overview; CORE equivalence not yet PM-approved,,NEEDS_REVIEW,UNRESEARCHED,UNRESEARCHED,UNRESEARCHED,UNRESEARCHED,Candidate pool only; durable public evidence has not yet been reviewed.,0,,LOW,Do not promote or assign weight until independent evidence review is complete.,false,leader-set-research.v2-candidate-pool
其他原物料,傳統產業材料,4721,美琪瑪,PRIMARY in supplied stock overview; CORE equivalence not yet PM-approved,,NEEDS_REVIEW,UNRESEARCHED,UNRESEARCHED,UNRESEARCHED,UNRESEARCHED,Candidate pool only; durable public evidence has not yet been reviewed.,0,,LOW,Do not promote or assign weight until independent evidence review is complete.,false,leader-set-research.v2-candidate-pool
其他原物料,傳統產業材料,4722,國精化,PRIMARY in supplied stock overview; CORE equivalence not yet PM-approved,,NEEDS_REVIEW,UNRESEARCHED,UNRESEARCHED,UNRESEARCHED,UNRESEARCHED,Candidate pool only; durable public evidence has not yet been reviewed.,0,,LOW,Do not promote or assign weight until independent evidence review is complete.,false,leader-set-research.v2-candidate-pool
其他原物料,傳統產業材料,4729,熒茂,PRIMARY in supplied stock overview; CORE equivalence not yet PM-approved,,NEEDS_REVIEW,UNRESEARCHED,UNRESEARCHED,UNRESEARCHED,UNRESEARCHED,Candidate pool only; durable public evidence has not yet been reviewed.,0,,LOW,Do not promote or assign weight until independent evidence review is complete.,false,leader-set-research.v2-candidate-pool
其他原物料,傳統產業材料,4764,雙鍵,PRIMARY in supplied stock overview; CORE equivalence not yet PM-approved,,NEEDS_REVIEW,UNRESEARCHED,UNRESEARCHED,UNRESEARCHED,UNRESEARCHED,Candidate pool only; durable public evidence has not yet been reviewed.,0,,LOW,Do not promote or assign weight until independent evidence review is complete.,false,leader-set-research.v2-candidate-pool
其他原物料,傳統產業材料,4807,日成-KY,PRIMARY in supplied stock overview; CORE equivalence not yet PM-approved,,NEEDS_REVIEW,UNRESEARCHED,UNRESEARCHED,UNRESEARCHED,UNRESEARCHED,Candidate pool only; durable public evidence has not yet been reviewed.,0,,LOW,Do not promote or assign weight until independent evidence review is complete.,false,leader-set-research.v2-candidate-pool
其他原物料,傳統產業材料,4939,亞電,PRIMARY in supplied stock overview; CORE equivalence not yet PM-approved,,NEEDS_REVIEW,UNRESEARCHED,UNRESEARCHED,UNRESEARCHED,UNRESEARCHED,Candidate pool only; durable public evidence has not yet been reviewed.,0,,LOW,Do not promote or assign weight until independent evidence review is complete.,false,leader-set-research.v2-candidate-pool
其他原物料,傳統產業材料,4976,佳凌,PRIMARY in supplied stock overview; CORE equivalence not yet PM-approved,,NEEDS_REVIEW,UNRESEARCHED,UNRESEARCHED,UNRESEARCHED,UNRESEARCHED,Candidate pool only; durable public evidence has not yet been reviewed.,0,,LOW,Do not promote or assign weight until independent evidence review is complete.,false,leader-set-research.v2-candidate-pool
其他原物料,傳統產業材料,5426,振發,PRIMARY in supplied stock overview; CORE equivalence not yet PM-approved,,NEEDS_REVIEW,UNRESEARCHED,UNRESEARCHED,UNRESEARCHED,UNRESEARCHED,Candidate pool only; durable public evidence has not yet been reviewed.,0,,LOW,Do not promote or assign weight until independent evidence review is complete.,false,leader-set-research.v2-candidate-pool
其他原物料,傳統產業材料,5464,霖宏,PRIMARY in supplied stock overview; CORE equivalence not yet PM-approved,,NEEDS_REVIEW,UNRESEARCHED,UNRESEARCHED,UNRESEARCHED,UNRESEARCHED,Candidate pool only; durable public evidence has not yet been reviewed.,0,,LOW,Do not promote or assign weight until independent evidence review is complete.,false,leader-set-research.v2-candidate-pool
其他原物料,傳統產業材料,5475,德宏,PRIMARY in supplied stock overview; CORE equivalence not yet PM-approved,,NEEDS_REVIEW,UNRESEARCHED,UNRESEARCHED,UNRESEARCHED,UNRESEARCHED,Candidate pool only; durable public evidence has not yet been reviewed.,0,,LOW,Do not promote or assign weight until independent evidence review is complete.,false,leader-set-research.v2-candidate-pool
其他原物料,傳統產業材料,5488,松普,PRIMARY in supplied stock overview; CORE equivalence not yet PM-approved,,NEEDS_REVIEW,UNRESEARCHED,UNRESEARCHED,UNRESEARCHED,UNRESEARCHED,Candidate pool only; durable public evidence has not yet been reviewed.,0,,LOW,Do not promote or assign weight until independent evidence review is complete.,false,leader-set-research.v2-candidate-pool
其他原物料,傳統產業材料,5489,彩富,PRIMARY in supplied stock overview; CORE equivalence not yet PM-approved,,NEEDS_REVIEW,UNRESEARCHED,UNRESEARCHED,UNRESEARCHED,UNRESEARCHED,Candidate pool only; durable public evidence has not yet been reviewed.,0,,LOW,Do not promote or assign weight until independent evidence review is complete.,false,leader-set-research.v2-candidate-pool
其他原物料,傳統產業材料,5498,凱威,PRIMARY in supplied stock overview; CORE equivalence not yet PM-approved,,NEEDS_REVIEW,UNRESEARCHED,UNRESEARCHED,UNRESEARCHED,UNRESEARCHED,Candidate pool only; durable public evidence has not yet been reviewed.,0,,LOW,Do not promote or assign weight until independent evidence review is complete.,false,leader-set-research.v2-candidate-pool
其他原物料,傳統產業材料,6116,彩晶,PRIMARY in supplied stock overview; CORE equivalence not yet PM-approved,,NEEDS_REVIEW,UNRESEARCHED,UNRESEARCHED,UNRESEARCHED,UNRESEARCHED,Candidate pool only; durable public evidence has not yet been reviewed.,0,,LOW,Do not promote or assign weight until independent evidence review is complete.,false,leader-set-research.v2-candidate-pool
其他原物料,傳統產業材料,6127,九豪,PRIMARY in supplied stock overview; CORE equivalence not yet PM-approved,,NEEDS_REVIEW,UNRESEARCHED,UNRESEARCHED,UNRESEARCHED,UNRESEARCHED,Candidate pool only; durable public evidence has not yet been reviewed.,0,,LOW,Do not promote or assign weight until independent evidence review is complete.,false,leader-set-research.v2-candidate-pool
其他原物料,傳統產業材料,6141,柏承,PRIMARY in supplied stock overview; CORE equivalence not yet PM-approved,,NEEDS_REVIEW,UNRESEARCHED,UNRESEARCHED,UNRESEARCHED,UNRESEARCHED,Candidate pool only; durable public evidence has not yet been reviewed.,0,,LOW,Do not promote or assign weight until independent evidence review is complete.,false,leader-set-research.v2-candidate-pool
其他原物料,傳統產業材料,6156,松上,PRIMARY in supplied stock overview; CORE equivalence not yet PM-approved,,NEEDS_REVIEW,UNRESEARCHED,UNRESEARCHED,UNRESEARCHED,UNRESEARCHED,Candidate pool only; durable public evidence has not yet been reviewed.,0,,LOW,Do not promote or assign weight until independent evidence review is complete.,false,leader-set-research.v2-candidate-pool
其他原物料,傳統產業材料,6168,宏齊,PRIMARY in supplied stock overview; CORE equivalence not yet PM-approved,,NEEDS_REVIEW,UNRESEARCHED,UNRESEARCHED,UNRESEARCHED,UNRESEARCHED,Candidate pool only; durable public evidence has not yet been reviewed.,0,,LOW,Do not promote or assign weight until independent evidence review is complete.,false,leader-set-research.v2-candidate-pool
其他原物料,傳統產業材料,6209,今國光,PRIMARY in supplied stock overview; CORE equivalence not yet PM-approved,,NEEDS_REVIEW,UNRESEARCHED,UNRESEARCHED,UNRESEARCHED,UNRESEARCHED,Candidate pool only; durable public evidence has not yet been reviewed.,0,,LOW,Do not promote or assign weight until independent evidence review is complete.,false,leader-set-research.v2-candidate-pool
其他原物料,傳統產業材料,6259,百徽,PRIMARY in supplied stock overview; CORE equivalence not yet PM-approved,,NEEDS_REVIEW,UNRESEARCHED,UNRESEARCHED,UNRESEARCHED,UNRESEARCHED,Candidate pool only; durable public evidence has not yet been reviewed.,0,,LOW,Do not promote or assign weight until independent evidence review is complete.,false,leader-set-research.v2-candidate-pool
其他原物料,傳統產業材料,6265,方土昶,PRIMARY in supplied stock overview; CORE equivalence not yet PM-approved,,NEEDS_REVIEW,UNRESEARCHED,UNRESEARCHED,UNRESEARCHED,UNRESEARCHED,Candidate pool only; durable public evidence has not yet been reviewed.,0,,LOW,Do not promote or assign weight until independent evidence review is complete.,false,leader-set-research.v2-candidate-pool
其他原物料,傳統產業材料,6270,倍微,PRIMARY in supplied stock overview; CORE equivalence not yet PM-approved,,NEEDS_REVIEW,UNRESEARCHED,UNRESEARCHED,UNRESEARCHED,UNRESEARCHED,Candidate pool only; durable public evidence has not yet been reviewed.,0,,LOW,Do not promote or assign weight until independent evidence review is complete.,false,leader-set-research.v2-candidate-pool
其他原物料,傳統產業材料,6405,悅城,PRIMARY in supplied stock overview; CORE equivalence not yet PM-approved,,NEEDS_REVIEW,UNRESEARCHED,UNRESEARCHED,UNRESEARCHED,UNRESEARCHED,Candidate pool only; durable public evidence has not yet been reviewed.,0,,LOW,Do not promote or assign weight until independent evidence review is complete.,false,leader-set-research.v2-candidate-pool
其他原物料,傳統產業材料,6517,保勝光學,PRIMARY in supplied stock overview; CORE equivalence not yet PM-approved,,NEEDS_REVIEW,UNRESEARCHED,UNRESEARCHED,UNRESEARCHED,UNRESEARCHED,Candidate pool only; durable public evidence has not yet been reviewed.,0,,LOW,Do not promote or assign weight until independent evidence review is complete.,false,leader-set-research.v2-candidate-pool
其他原物料,傳統產業材料,6538,倉和,PRIMARY in supplied stock overview; CORE equivalence not yet PM-approved,,NEEDS_REVIEW,UNRESEARCHED,UNRESEARCHED,UNRESEARCHED,UNRESEARCHED,Candidate pool only; durable public evidence has not yet been reviewed.,0,,LOW,Do not promote or assign weight until independent evidence review is complete.,false,leader-set-research.v2-candidate-pool
其他原物料,傳統產業材料,6585,鼎基,PRIMARY in supplied stock overview; CORE equivalence not yet PM-approved,,NEEDS_REVIEW,UNRESEARCHED,UNRESEARCHED,UNRESEARCHED,UNRESEARCHED,Candidate pool only; durable public evidence has not yet been reviewed.,0,,LOW,Do not promote or assign weight until independent evidence review is complete.,false,leader-set-research.v2-candidate-pool
其他原物料,傳統產業材料,6668,中揚光,PRIMARY in supplied stock overview; CORE equivalence not yet PM-approved,,NEEDS_REVIEW,UNRESEARCHED,UNRESEARCHED,UNRESEARCHED,UNRESEARCHED,Candidate pool only; durable public evidence has not yet been reviewed.,0,,LOW,Do not promote or assign weight until independent evidence review is complete.,false,leader-set-research.v2-candidate-pool
其他原物料,傳統產業材料,6693,廣寰科,PRIMARY in supplied stock overview; CORE equivalence not yet PM-approved,,NEEDS_REVIEW,UNRESEARCHED,UNRESEARCHED,UNRESEARCHED,UNRESEARCHED,Candidate pool only; durable public evidence has not yet been reviewed.,0,,LOW,Do not promote or assign weight until independent evidence review is complete.,false,leader-set-research.v2-candidate-pool
其他原物料,傳統產業材料,6829,千附精密,PRIMARY in supplied stock overview; CORE equivalence not yet PM-approved,,NEEDS_REVIEW,UNRESEARCHED,UNRESEARCHED,UNRESEARCHED,UNRESEARCHED,Candidate pool only; durable public evidence has not yet been reviewed.,0,,LOW,Do not promote or assign weight until independent evidence review is complete.,false,leader-set-research.v2-candidate-pool
其他原物料,傳統產業材料,6861,睿生光學,PRIMARY in supplied stock overview; CORE equivalence not yet PM-approved,,NEEDS_REVIEW,UNRESEARCHED,UNRESEARCHED,UNRESEARCHED,UNRESEARCHED,Candidate pool only; durable public evidence has not yet been reviewed.,0,,LOW,Do not promote or assign weight until independent evidence review is complete.,false,leader-set-research.v2-candidate-pool
其他原物料,傳統產業材料,6909,藏寶灣科技,PRIMARY in supplied stock overview; CORE equivalence not yet PM-approved,,NEEDS_REVIEW,UNRESEARCHED,UNRESEARCHED,UNRESEARCHED,UNRESEARCHED,Candidate pool only; durable public evidence has not yet been reviewed.,0,,LOW,Do not promote or assign weight until independent evidence review is complete.,false,leader-set-research.v2-candidate-pool
其他原物料,傳統產業材料,7610,聯友金屬,PRIMARY in supplied stock overview; CORE equivalence not yet PM-approved,,NEEDS_REVIEW,UNRESEARCHED,UNRESEARCHED,UNRESEARCHED,UNRESEARCHED,Candidate pool only; durable public evidence has not yet been reviewed.,0,,LOW,Do not promote or assign weight until independent evidence review is complete.,false,leader-set-research.v2-candidate-pool
其他原物料,傳統產業材料,8021,尖點,PRIMARY in supplied stock overview; CORE equivalence not yet PM-approved,,NEEDS_REVIEW,UNRESEARCHED,UNRESEARCHED,UNRESEARCHED,UNRESEARCHED,Candidate pool only; durable public evidence has not yet been reviewed.,0,,LOW,Do not promote or assign weight until independent evidence review is complete.,false,leader-set-research.v2-candidate-pool
其他原物料,傳統產業材料,8043,蜜望實,PRIMARY in supplied stock overview; CORE equivalence not yet PM-approved,,NEEDS_REVIEW,UNRESEARCHED,UNRESEARCHED,UNRESEARCHED,UNRESEARCHED,Candidate pool only; durable public evidence has not yet been reviewed.,0,,LOW,Do not promote or assign weight until independent evidence review is complete.,false,leader-set-research.v2-candidate-pool
其他原物料,傳統產業材料,8064,東捷,PRIMARY in supplied stock overview; CORE equivalence not yet PM-approved,,NEEDS_REVIEW,UNRESEARCHED,UNRESEARCHED,UNRESEARCHED,UNRESEARCHED,Candidate pool only; durable public evidence has not yet been reviewed.,0,,LOW,Do not promote or assign weight until independent evidence review is complete.,false,leader-set-research.v2-candidate-pool
其他原物料,傳統產業材料,8071,能率網通,PRIMARY in supplied stock overview; CORE equivalence not yet PM-approved,,NEEDS_REVIEW,UNRESEARCHED,UNRESEARCHED,UNRESEARCHED,UNRESEARCHED,Candidate pool only; durable public evidence has not yet been reviewed.,0,,LOW,Do not promote or assign weight until independent evidence review is complete.,false,leader-set-research.v2-candidate-pool
其他原物料,傳統產業材料,8074,鉅橡,PRIMARY in supplied stock overview; CORE equivalence not yet PM-approved,,NEEDS_REVIEW,UNRESEARCHED,UNRESEARCHED,UNRESEARCHED,UNRESEARCHED,Candidate pool only; durable public evidence has not yet been reviewed.,0,,LOW,Do not promote or assign weight until independent evidence review is complete.,false,leader-set-research.v2-candidate-pool
其他原物料,傳統產業材料,8092,建達,PRIMARY in supplied stock overview; CORE equivalence not yet PM-approved,,NEEDS_REVIEW,UNRESEARCHED,UNRESEARCHED,UNRESEARCHED,UNRESEARCHED,Candidate pool only; durable public evidence has not yet been reviewed.,0,,LOW,Do not promote or assign weight until independent evidence review is complete.,false,leader-set-research.v2-candidate-pool
其他原物料,傳統產業材料,8104,錸寶,PRIMARY in supplied stock overview; CORE equivalence not yet PM-approved,,NEEDS_REVIEW,UNRESEARCHED,UNRESEARCHED,UNRESEARCHED,UNRESEARCHED,Candidate pool only; durable public evidence has not yet been reviewed.,0,,LOW,Do not promote or assign weight until independent evidence review is complete.,false,leader-set-research.v2-candidate-pool
其他原物料,傳統產業材料,8240,華宏,PRIMARY in supplied stock overview; CORE equivalence not yet PM-approved,,NEEDS_REVIEW,UNRESEARCHED,UNRESEARCHED,UNRESEARCHED,UNRESEARCHED,Candidate pool only; durable public evidence has not yet been reviewed.,0,,LOW,Do not promote or assign weight until independent evidence review is complete.,false,leader-set-research.v2-candidate-pool
其他原物料,傳統產業材料,8277,商丞,PRIMARY in supplied stock overview; CORE equivalence not yet PM-approved,,NEEDS_REVIEW,UNRESEARCHED,UNRESEARCHED,UNRESEARCHED,UNRESEARCHED,Candidate pool only; durable public evidence has not yet been reviewed.,0,,LOW,Do not promote or assign weight until independent evidence review is complete.,false,leader-set-research.v2-candidate-pool
其他原物料,傳統產業材料,8383,千附,PRIMARY in supplied stock overview; CORE equivalence not yet PM-approved,,NEEDS_REVIEW,UNRESEARCHED,UNRESEARCHED,UNRESEARCHED,UNRESEARCHED,Candidate pool only; durable public evidence has not yet been reviewed.,0,,LOW,Do not promote or assign weight until independent evidence review is complete.,false,leader-set-research.v2-candidate-pool
其他國防,軍工國防,2630,亞航,PRIMARY in supplied stock overview; CORE equivalence not yet PM-approved,,NEEDS_REVIEW,UNRESEARCHED,UNRESEARCHED,UNRESEARCHED,UNRESEARCHED,Candidate pool only; durable public evidence has not yet been reviewed.,0,,LOW,Do not promote or assign weight until independent evidence review is complete.,false,leader-set-research.v2-candidate-pool
其他國防,軍工國防,2634,漢翔,PRIMARY in supplied stock overview; CORE equivalence not yet PM-approved,,NEEDS_REVIEW,UNRESEARCHED,UNRESEARCHED,UNRESEARCHED,UNRESEARCHED,Candidate pool only; durable public evidence has not yet been reviewed.,0,,LOW,Do not promote or assign weight until independent evidence review is complete.,false,leader-set-research.v2-candidate-pool
其他國防,軍工國防,3005,神基,PRIMARY in supplied stock overview; CORE equivalence not yet PM-approved,,NEEDS_REVIEW,UNRESEARCHED,UNRESEARCHED,UNRESEARCHED,UNRESEARCHED,Candidate pool only; durable public evidence has not yet been reviewed.,0,,LOW,Do not promote or assign weight until independent evidence review is complete.,false,leader-set-research.v2-candidate-pool
其他國防,軍工國防,3213,茂訊,PRIMARY in supplied stock overview; CORE equivalence not yet PM-approved,,NEEDS_REVIEW,UNRESEARCHED,UNRESEARCHED,UNRESEARCHED,UNRESEARCHED,Candidate pool only; durable public evidence has not yet been reviewed.,0,,LOW,Do not promote or assign weight until independent evidence review is complete.,false,leader-set-research.v2-candidate-pool
其他國防,軍工國防,4916,事欣科,PRIMARY in supplied stock overview; CORE equivalence not yet PM-approved,,NEEDS_REVIEW,UNRESEARCHED,UNRESEARCHED,UNRESEARCHED,UNRESEARCHED,Candidate pool only; durable public evidence has not yet been reviewed.,0,,LOW,Do not promote or assign weight until independent evidence review is complete.,false,leader-set-research.v2-candidate-pool
其他國防,軍工國防,5222,全訊,PRIMARY in supplied stock overview; CORE equivalence not yet PM-approved,,NEEDS_REVIEW,UNRESEARCHED,UNRESEARCHED,UNRESEARCHED,UNRESEARCHED,Candidate pool only; durable public evidence has not yet been reviewed.,0,,LOW,Do not promote or assign weight until independent evidence review is complete.,false,leader-set-research.v2-candidate-pool
其他大型權值,大型權值,2352,佳世達,PRIMARY in supplied stock overview; CORE equivalence not yet PM-approved,,NEEDS_REVIEW,UNRESEARCHED,UNRESEARCHED,UNRESEARCHED,UNRESEARCHED,Candidate pool only; durable public evidence has not yet been reviewed.,0,,LOW,Do not promote or assign weight until independent evidence review is complete.,false,leader-set-research.v2-candidate-pool
其他大型權值,大型權值,2409,友達,PRIMARY in supplied stock overview; CORE equivalence not yet PM-approved,,NEEDS_REVIEW,UNRESEARCHED,UNRESEARCHED,UNRESEARCHED,UNRESEARCHED,Candidate pool only; durable public evidence has not yet been reviewed.,0,,LOW,Do not promote or assign weight until independent evidence review is complete.,false,leader-set-research.v2-candidate-pool
其他大型權值,大型權值,7777,能率亞洲,PRIMARY in supplied stock overview; CORE equivalence not yet PM-approved,,NEEDS_REVIEW,UNRESEARCHED,UNRESEARCHED,UNRESEARCHED,UNRESEARCHED,Candidate pool only; durable public evidence has not yet been reviewed.,0,,LOW,Do not promote or assign weight until independent evidence review is complete.,false,leader-set-research.v2-candidate-pool
其他能源,電力與能源,1611,中電,PRIMARY in supplied stock overview; CORE equivalence not yet PM-approved,,NEEDS_REVIEW,UNRESEARCHED,UNRESEARCHED,UNRESEARCHED,UNRESEARCHED,Candidate pool only; durable public evidence has not yet been reviewed.,0,,LOW,Do not promote or assign weight until independent evidence review is complete.,false,leader-set-research.v2-candidate-pool
其他能源,電力與能源,6179,亞通,PRIMARY in supplied stock overview; CORE equivalence not yet PM-approved,,NEEDS_REVIEW,UNRESEARCHED,UNRESEARCHED,UNRESEARCHED,UNRESEARCHED,Candidate pool only; durable public evidence has not yet been reviewed.,0,,LOW,Do not promote or assign weight until independent evidence review is complete.,false,leader-set-research.v2-candidate-pool
其他能源,電力與能源,6803,崑鼎,PRIMARY in supplied stock overview; CORE equivalence not yet PM-approved,,NEEDS_REVIEW,UNRESEARCHED,UNRESEARCHED,UNRESEARCHED,UNRESEARCHED,Candidate pool only; durable public evidence has not yet been reviewed.,0,,LOW,Do not promote or assign weight until independent evidence review is complete.,false,leader-set-research.v2-candidate-pool
其他能源,電力與能源,6806,森崴能源,PRIMARY in supplied stock overview; CORE equivalence not yet PM-approved,,NEEDS_REVIEW,UNRESEARCHED,UNRESEARCHED,UNRESEARCHED,UNRESEARCHED,Candidate pool only; durable public evidence has not yet been reviewed.,0,,LOW,Do not promote or assign weight until independent evidence review is complete.,false,leader-set-research.v2-candidate-pool
其他被動元件,被動元件,2466,冠西電,PRIMARY in supplied stock overview; CORE equivalence not yet PM-approved,,NEEDS_REVIEW,UNRESEARCHED,UNRESEARCHED,UNRESEARCHED,UNRESEARCHED,Candidate pool only; durable public evidence has not yet been reviewed.,0,,LOW,Do not promote or assign weight until independent evidence review is complete.,false,leader-set-research.v2-candidate-pool
其他被動元件,被動元件,2483,百容,PRIMARY in supplied stock overview; CORE equivalence not yet PM-approved,,NEEDS_REVIEW,UNRESEARCHED,UNRESEARCHED,UNRESEARCHED,UNRESEARCHED,Candidate pool only; durable public evidence has not yet been reviewed.,0,,LOW,Do not promote or assign weight until independent evidence review is complete.,false,leader-set-research.v2-candidate-pool
其他被動元件,被動元件,3624,光頡,PRIMARY in supplied stock overview; CORE equivalence not yet PM-approved,,NEEDS_REVIEW,UNRESEARCHED,UNRESEARCHED,UNRESEARCHED,UNRESEARCHED,Candidate pool only; durable public evidence has not yet been reviewed.,0,,LOW,Do not promote or assign weight until independent evidence review is complete.,false,leader-set-research.v2-candidate-pool
其他被動元件,被動元件,5228,鈺鎧,PRIMARY in supplied stock overview; CORE equivalence not yet PM-approved,,NEEDS_REVIEW,UNRESEARCHED,UNRESEARCHED,UNRESEARCHED,UNRESEARCHED,Candidate pool only; durable public evidence has not yet been reviewed.,0,,LOW,Do not promote or assign weight until independent evidence review is complete.,false,leader-set-research.v2-candidate-pool
其他被動元件,被動元件,5328,華容,PRIMARY in supplied stock overview; CORE equivalence not yet PM-approved,,NEEDS_REVIEW,UNRESEARCHED,UNRESEARCHED,UNRESEARCHED,UNRESEARCHED,Candidate pool only; durable public evidence has not yet been reviewed.,0,,LOW,Do not promote or assign weight until independent evidence review is complete.,false,leader-set-research.v2-candidate-pool
其他被動元件,被動元件,6155,鈞寶,PRIMARY in supplied stock overview; CORE equivalence not yet PM-approved,,NEEDS_REVIEW,UNRESEARCHED,UNRESEARCHED,UNRESEARCHED,UNRESEARCHED,Candidate pool only; durable public evidence has not yet been reviewed.,0,,LOW,Do not promote or assign weight until independent evidence review is complete.,false,leader-set-research.v2-candidate-pool
其他被動元件,被動元件,6204,艾華,PRIMARY in supplied stock overview; CORE equivalence not yet PM-approved,,NEEDS_REVIEW,UNRESEARCHED,UNRESEARCHED,UNRESEARCHED,UNRESEARCHED,Candidate pool only; durable public evidence has not yet been reviewed.,0,,LOW,Do not promote or assign weight until independent evidence review is complete.,false,leader-set-research.v2-candidate-pool
其他被動元件,被動元件,6207,雷科,PRIMARY in supplied stock overview; CORE equivalence not yet PM-approved,,NEEDS_REVIEW,UNRESEARCHED,UNRESEARCHED,UNRESEARCHED,UNRESEARCHED,Candidate pool only; durable public evidence has not yet been reviewed.,0,,LOW,Do not promote or assign weight until independent evidence review is complete.,false,leader-set-research.v2-candidate-pool
其他被動元件,被動元件,6821,聯寶,PRIMARY in supplied stock overview; CORE equivalence not yet PM-approved,,NEEDS_REVIEW,UNRESEARCHED,UNRESEARCHED,UNRESEARCHED,UNRESEARCHED,Candidate pool only; durable public evidence has not yet been reviewed.,0,,LOW,Do not promote or assign weight until independent evidence review is complete.,false,leader-set-research.v2-candidate-pool
其他被動元件,被動元件,6834,天二科技,PRIMARY in supplied stock overview; CORE equivalence not yet PM-approved,,NEEDS_REVIEW,UNRESEARCHED,UNRESEARCHED,UNRESEARCHED,UNRESEARCHED,Candidate pool only; durable public evidence has not yet been reviewed.,0,,LOW,Do not promote or assign weight until independent evidence review is complete.,false,leader-set-research.v2-candidate-pool
其他車用電子,車用電子,1319,東陽,PRIMARY in supplied stock overview; CORE equivalence not yet PM-approved,,NEEDS_REVIEW,UNRESEARCHED,UNRESEARCHED,UNRESEARCHED,UNRESEARCHED,Candidate pool only; durable public evidence has not yet been reviewed.,0,,LOW,Do not promote or assign weight until independent evidence review is complete.,false,leader-set-research.v2-candidate-pool
其他車用電子,車用電子,1536,和大,PRIMARY in supplied stock overview; CORE equivalence not yet PM-approved,,NEEDS_REVIEW,UNRESEARCHED,UNRESEARCHED,UNRESEARCHED,UNRESEARCHED,Candidate pool only; durable public evidence has not yet been reviewed.,0,,LOW,Do not promote or assign weight until independent evidence review is complete.,false,leader-set-research.v2-candidate-pool
其他車用電子,車用電子,1563,巧新,PRIMARY in supplied stock overview; CORE equivalence not yet PM-approved,,NEEDS_REVIEW,UNRESEARCHED,UNRESEARCHED,UNRESEARCHED,UNRESEARCHED,Candidate pool only; durable public evidence has not yet been reviewed.,0,,LOW,Do not promote or assign weight until independent evidence review is complete.,false,leader-set-research.v2-candidate-pool
其他車用電子,車用電子,1568,倉佑,PRIMARY in supplied stock overview; CORE equivalence not yet PM-approved,,NEEDS_REVIEW,UNRESEARCHED,UNRESEARCHED,UNRESEARCHED,UNRESEARCHED,Candidate pool only; durable public evidence has not yet been reviewed.,0,,LOW,Do not promote or assign weight until independent evidence review is complete.,false,leader-set-research.v2-candidate-pool
其他車用電子,車用電子,2243,宏旭-KY,PRIMARY in supplied stock overview; CORE equivalence not yet PM-approved,,NEEDS_REVIEW,UNRESEARCHED,UNRESEARCHED,UNRESEARCHED,UNRESEARCHED,Candidate pool only; durable public evidence has not yet been reviewed.,0,,LOW,Do not promote or assign weight until independent evidence review is complete.,false,leader-set-research.v2-candidate-pool
其他車用電子,車用電子,2351,順德,PRIMARY in supplied stock overview; CORE equivalence not yet PM-approved,,NEEDS_REVIEW,UNRESEARCHED,UNRESEARCHED,UNRESEARCHED,UNRESEARCHED,Candidate pool only; durable public evidence has not yet been reviewed.,0,,LOW,Do not promote or assign weight until independent evidence review is complete.,false,leader-set-research.v2-candidate-pool
其他車用電子,車用電子,2355,敬鵬,PRIMARY in supplied stock overview; CORE equivalence not yet PM-approved,,NEEDS_REVIEW,UNRESEARCHED,UNRESEARCHED,UNRESEARCHED,UNRESEARCHED,Candidate pool only; durable public evidence has not yet been reviewed.,0,,LOW,Do not promote or assign weight until independent evidence review is complete.,false,leader-set-research.v2-candidate-pool
其他車用電子,車用電子,2413,環科,PRIMARY in supplied stock overview; CORE equivalence not yet PM-approved,,NEEDS_REVIEW,UNRESEARCHED,UNRESEARCHED,UNRESEARCHED,UNRESEARCHED,Candidate pool only; durable public evidence has not yet been reviewed.,0,,LOW,Do not promote or assign weight until independent evidence review is complete.,false,leader-set-research.v2-candidate-pool
其他車用電子,車用電子,2457,飛宏,PRIMARY in supplied stock overview; CORE equivalence not yet PM-approved,,NEEDS_REVIEW,UNRESEARCHED,UNRESEARCHED,UNRESEARCHED,UNRESEARCHED,Candidate pool only; durable public evidence has not yet been reviewed.,0,,LOW,Do not promote or assign weight until independent evidence review is complete.,false,leader-set-research.v2-candidate-pool
其他車用電子,車用電子,3023,信邦,PRIMARY in supplied stock overview; CORE equivalence not yet PM-approved,,NEEDS_REVIEW,UNRESEARCHED,UNRESEARCHED,UNRESEARCHED,UNRESEARCHED,Candidate pool only; durable public evidence has not yet been reviewed.,0,,LOW,Do not promote or assign weight until independent evidence review is complete.,false,leader-set-research.v2-candidate-pool
其他車用電子,車用電子,3044,健鼎,PRIMARY in supplied stock overview; CORE equivalence not yet PM-approved,,NEEDS_REVIEW,UNRESEARCHED,UNRESEARCHED,UNRESEARCHED,UNRESEARCHED,Candidate pool only; durable public evidence has not yet been reviewed.,0,,LOW,Do not promote or assign weight until independent evidence review is complete.,false,leader-set-research.v2-candidate-pool
其他車用電子,車用電子,3290,東浦,PRIMARY in supplied stock overview; CORE equivalence not yet PM-approved,,NEEDS_REVIEW,UNRESEARCHED,UNRESEARCHED,UNRESEARCHED,UNRESEARCHED,Candidate pool only; durable public evidence has not yet been reviewed.,0,,LOW,Do not promote or assign weight until independent evidence review is complete.,false,leader-set-research.v2-candidate-pool
其他車用電子,車用電子,3346,麗清,PRIMARY in supplied stock overview; CORE equivalence not yet PM-approved,,NEEDS_REVIEW,UNRESEARCHED,UNRESEARCHED,UNRESEARCHED,UNRESEARCHED,Candidate pool only; durable public evidence has not yet been reviewed.,0,,LOW,Do not promote or assign weight until independent evidence review is complete.,false,leader-set-research.v2-candidate-pool
其他車用電子,車用電子,3715,定穎投控,PRIMARY in supplied stock overview; CORE equivalence not yet PM-approved,,NEEDS_REVIEW,UNRESEARCHED,UNRESEARCHED,UNRESEARCHED,UNRESEARCHED,Candidate pool only; durable public evidence has not yet been reviewed.,0,,LOW,Do not promote or assign weight until independent evidence review is complete.,false,leader-set-research.v2-candidate-pool
其他車用電子,車用電子,4551,智伸科,PRIMARY in supplied stock overview; CORE equivalence not yet PM-approved,,NEEDS_REVIEW,UNRESEARCHED,UNRESEARCHED,UNRESEARCHED,UNRESEARCHED,Candidate pool only; durable public evidence has not yet been reviewed.,0,,LOW,Do not promote or assign weight until independent evidence review is complete.,false,leader-set-research.v2-candidate-pool
其他車用電子,車用電子,5243,乙盛-KY,PRIMARY in supplied stock overview; CORE equivalence not yet PM-approved,,NEEDS_REVIEW,UNRESEARCHED,UNRESEARCHED,UNRESEARCHED,UNRESEARCHED,Candidate pool only; durable public evidence has not yet been reviewed.,0,,LOW,Do not promote or assign weight until independent evidence review is complete.,false,leader-set-research.v2-candidate-pool
其他車用電子,車用電子,5285,界霖,PRIMARY in supplied stock overview; CORE equivalence not yet PM-approved,,NEEDS_REVIEW,UNRESEARCHED,UNRESEARCHED,UNRESEARCHED,UNRESEARCHED,Candidate pool only; durable public evidence has not yet been reviewed.,0,,LOW,Do not promote or assign weight until independent evidence review is complete.,false,leader-set-research.v2-candidate-pool
其他車用電子,車用電子,5288,豐祥-KY,PRIMARY in supplied stock overview; CORE equivalence not yet PM-approved,,NEEDS_REVIEW,UNRESEARCHED,UNRESEARCHED,UNRESEARCHED,UNRESEARCHED,Candidate pool only; durable public evidence has not yet been reviewed.,0,,LOW,Do not promote or assign weight until independent evidence review is complete.,false,leader-set-research.v2-candidate-pool
其他車用電子,車用電子,5439,高技,PRIMARY in supplied stock overview; CORE equivalence not yet PM-approved,,NEEDS_REVIEW,UNRESEARCHED,UNRESEARCHED,UNRESEARCHED,UNRESEARCHED,Candidate pool only; durable public evidence has not yet been reviewed.,0,,LOW,Do not promote or assign weight until independent evidence review is complete.,false,leader-set-research.v2-candidate-pool
其他車用電子,車用電子,6279,胡連,PRIMARY in supplied stock overview; CORE equivalence not yet PM-approved,,NEEDS_REVIEW,UNRESEARCHED,UNRESEARCHED,UNRESEARCHED,UNRESEARCHED,Candidate pool only; durable public evidence has not yet been reviewed.,0,,LOW,Do not promote or assign weight until independent evidence review is complete.,false,leader-set-research.v2-candidate-pool
其他車用電子,車用電子,6548,長科*,PRIMARY in supplied stock overview; CORE equivalence not yet PM-approved,,NEEDS_REVIEW,UNRESEARCHED,UNRESEARCHED,UNRESEARCHED,UNRESEARCHED,Candidate pool only; durable public evidence has not yet been reviewed.,0,,LOW,Do not promote or assign weight until independent evidence review is complete.,false,leader-set-research.v2-candidate-pool
其他車用電子,車用電子,6605,帝寶,PRIMARY in supplied stock overview; CORE equivalence not yet PM-approved,,NEEDS_REVIEW,UNRESEARCHED,UNRESEARCHED,UNRESEARCHED,UNRESEARCHED,Candidate pool only; durable public evidence has not yet been reviewed.,0,,LOW,Do not promote or assign weight until independent evidence review is complete.,false,leader-set-research.v2-candidate-pool
其他通訊光電,通訊與光電,3339,泰谷,PRIMARY in supplied stock overview; CORE equivalence not yet PM-approved,,NEEDS_REVIEW,UNRESEARCHED,UNRESEARCHED,UNRESEARCHED,UNRESEARCHED,Candidate pool only; durable public evidence has not yet been reviewed.,0,,LOW,Do not promote or assign weight until independent evidence review is complete.,false,leader-set-research.v2-candidate-pool
其他通訊光電,通訊與光電,3504,揚明光,PRIMARY in supplied stock overview; CORE equivalence not yet PM-approved,,NEEDS_REVIEW,UNRESEARCHED,UNRESEARCHED,UNRESEARCHED,UNRESEARCHED,Candidate pool only; durable public evidence has not yet been reviewed.,0,,LOW,Do not promote or assign weight until independent evidence review is complete.,false,leader-set-research.v2-candidate-pool
其他通訊光電,通訊與光電,5371,中光電,PRIMARY in supplied stock overview; CORE equivalence not yet PM-approved,,NEEDS_REVIEW,UNRESEARCHED,UNRESEARCHED,UNRESEARCHED,UNRESEARCHED,Candidate pool only; durable public evidence has not yet been reviewed.,0,,LOW,Do not promote or assign weight until independent evidence review is complete.,false,leader-set-research.v2-candidate-pool
其他通訊光電,通訊與光電,6226,光鼎,PRIMARY in supplied stock overview; CORE equivalence not yet PM-approved,,NEEDS_REVIEW,UNRESEARCHED,UNRESEARCHED,UNRESEARCHED,UNRESEARCHED,Candidate pool only; durable public evidence has not yet been reviewed.,0,,LOW,Do not promote or assign weight until independent evidence review is complete.,false,leader-set-research.v2-candidate-pool
其他通訊光電,通訊與光電,8069,元太,PRIMARY in supplied stock overview; CORE equivalence not yet PM-approved,,NEEDS_REVIEW,UNRESEARCHED,UNRESEARCHED,UNRESEARCHED,UNRESEARCHED,Candidate pool only; durable public evidence has not yet been reviewed.,0,,LOW,Do not promote or assign weight until independent evidence review is complete.,false,leader-set-research.v2-candidate-pool
其他連接器,電子連接,3322,建舜電,PRIMARY in supplied stock overview; CORE equivalence not yet PM-approved,,NEEDS_REVIEW,UNRESEARCHED,UNRESEARCHED,UNRESEARCHED,UNRESEARCHED,Candidate pool only; durable public evidence has not yet been reviewed.,0,,LOW,Do not promote or assign weight until independent evidence review is complete.,false,leader-set-research.v2-candidate-pool
功率 MOSFET,功率半導體,2342,茂矽,PRIMARY in supplied stock overview; CORE equivalence not yet PM-approved,,NEEDS_REVIEW,UNRESEARCHED,UNRESEARCHED,UNRESEARCHED,UNRESEARCHED,Candidate pool only; durable public evidence has not yet been reviewed.,0,,LOW,Do not promote or assign weight until independent evidence review is complete.,false,leader-set-research.v2-candidate-pool
功率 MOSFET,功率半導體,3317,尼克森,PRIMARY in supplied stock overview; CORE equivalence not yet PM-approved,,NEEDS_REVIEW,UNRESEARCHED,UNRESEARCHED,UNRESEARCHED,UNRESEARCHED,Candidate pool only; durable public evidence has not yet been reviewed.,0,,LOW,Do not promote or assign weight until independent evidence review is complete.,false,leader-set-research.v2-candidate-pool
功率 MOSFET,功率半導體,4923,力士,PRIMARY in supplied stock overview; CORE equivalence not yet PM-approved,,NEEDS_REVIEW,UNRESEARCHED,UNRESEARCHED,UNRESEARCHED,UNRESEARCHED,Candidate pool only; durable public evidence has not yet been reviewed.,0,,LOW,Do not promote or assign weight until independent evidence review is complete.,false,leader-set-research.v2-candidate-pool
功率 MOSFET,功率半導體,5299,杰力,PRIMARY in supplied stock overview; CORE equivalence not yet PM-approved,,NEEDS_REVIEW,UNRESEARCHED,UNRESEARCHED,UNRESEARCHED,UNRESEARCHED,Candidate pool only; durable public evidence has not yet been reviewed.,0,,LOW,Do not promote or assign weight until independent evidence review is complete.,false,leader-set-research.v2-candidate-pool
功率 MOSFET,功率半導體,5425,台半,PRIMARY in supplied stock overview; CORE equivalence not yet PM-approved,,NEEDS_REVIEW,UNRESEARCHED,UNRESEARCHED,UNRESEARCHED,UNRESEARCHED,Candidate pool only; durable public evidence has not yet been reviewed.,0,,LOW,Do not promote or assign weight until independent evidence review is complete.,false,leader-set-research.v2-candidate-pool
功率 MOSFET,功率半導體,6435,大中,PRIMARY in supplied stock overview; CORE equivalence not yet PM-approved,,NEEDS_REVIEW,UNRESEARCHED,UNRESEARCHED,UNRESEARCHED,UNRESEARCHED,Candidate pool only; durable public evidence has not yet been reviewed.,0,,LOW,Do not promote or assign weight until independent evidence review is complete.,false,leader-set-research.v2-candidate-pool
功率 MOSFET,功率半導體,6651,全宇昕,PRIMARY in supplied stock overview; CORE equivalence not yet PM-approved,,NEEDS_REVIEW,UNRESEARCHED,UNRESEARCHED,UNRESEARCHED,UNRESEARCHED,Candidate pool only; durable public evidence has not yet been reviewed.,0,,LOW,Do not promote or assign weight until independent evidence review is complete.,false,leader-set-research.v2-candidate-pool
功率 MOSFET,功率半導體,6719,力智,PRIMARY in supplied stock overview; CORE equivalence not yet PM-approved,,NEEDS_REVIEW,UNRESEARCHED,UNRESEARCHED,UNRESEARCHED,UNRESEARCHED,Candidate pool only; durable public evidence has not yet been reviewed.,0,,LOW,Do not promote or assign weight until independent evidence review is complete.,false,leader-set-research.v2-candidate-pool
功率 MOSFET,功率半導體,8261,富鼎,PRIMARY in supplied stock overview; CORE equivalence not yet PM-approved,,NEEDS_REVIEW,UNRESEARCHED,UNRESEARCHED,UNRESEARCHED,UNRESEARCHED,Candidate pool only; durable public evidence has not yet been reviewed.,0,,LOW,Do not promote or assign weight until independent evidence review is complete.,false,leader-set-research.v2-candidate-pool
功率二極體／整流器,功率半導體,2302,麗正,PRIMARY in supplied stock overview; CORE equivalence not yet PM-approved,,NEEDS_REVIEW,UNRESEARCHED,UNRESEARCHED,UNRESEARCHED,UNRESEARCHED,Candidate pool only; durable public evidence has not yet been reviewed.,0,,LOW,Do not promote or assign weight until independent evidence review is complete.,false,leader-set-research.v2-candidate-pool
功率二極體／整流器,功率半導體,2434,統懋,PRIMARY in supplied stock overview; CORE equivalence not yet PM-approved,,NEEDS_REVIEW,UNRESEARCHED,UNRESEARCHED,UNRESEARCHED,UNRESEARCHED,Candidate pool only; durable public evidence has not yet been reviewed.,0,,LOW,Do not promote or assign weight until independent evidence review is complete.,false,leader-set-research.v2-candidate-pool
功率二極體／整流器,功率半導體,2481,強茂,PRIMARY in supplied stock overview; CORE equivalence not yet PM-approved,,NEEDS_REVIEW,UNRESEARCHED,UNRESEARCHED,UNRESEARCHED,UNRESEARCHED,Candidate pool only; durable public evidence has not yet been reviewed.,0,,LOW,Do not promote or assign weight until independent evidence review is complete.,false,leader-set-research.v2-candidate-pool
功率二極體／整流器,功率半導體,3675,德微,PRIMARY in supplied stock overview; CORE equivalence not yet PM-approved,,NEEDS_REVIEW,UNRESEARCHED,UNRESEARCHED,UNRESEARCHED,UNRESEARCHED,Candidate pool only; durable public evidence has not yet been reviewed.,0,,LOW,Do not promote or assign weight until independent evidence review is complete.,false,leader-set-research.v2-candidate-pool
功率二極體／整流器,功率半導體,5425,台半,PRIMARY in supplied stock overview; CORE equivalence not yet PM-approved,,NEEDS_REVIEW,UNRESEARCHED,UNRESEARCHED,UNRESEARCHED,UNRESEARCHED,Candidate pool only; durable public evidence has not yet been reviewed.,0,,LOW,Do not promote or assign weight until independent evidence review is complete.,false,leader-set-research.v2-candidate-pool
功率二極體／整流器,功率半導體,6573,虹揚-KY,PRIMARY in supplied stock overview; CORE equivalence not yet PM-approved,,NEEDS_REVIEW,UNRESEARCHED,UNRESEARCHED,UNRESEARCHED,UNRESEARCHED,Candidate pool only; durable public evidence has not yet been reviewed.,0,,LOW,Do not promote or assign weight until independent evidence review is complete.,false,leader-set-research.v2-candidate-pool
化工原料／塑化報價,傳統產業材料,1304,台聚,PRIMARY in supplied stock overview; CORE equivalence not yet PM-approved,,NEEDS_REVIEW,UNRESEARCHED,UNRESEARCHED,UNRESEARCHED,UNRESEARCHED,Candidate pool only; durable public evidence has not yet been reviewed.,0,,LOW,Do not promote or assign weight until independent evidence review is complete.,false,leader-set-research.v2-candidate-pool
化工原料／塑化報價,傳統產業材料,1314,中石化,PRIMARY in supplied stock overview; CORE equivalence not yet PM-approved,,NEEDS_REVIEW,UNRESEARCHED,UNRESEARCHED,UNRESEARCHED,UNRESEARCHED,Candidate pool only; durable public evidence has not yet been reviewed.,0,,LOW,Do not promote or assign weight until independent evidence review is complete.,false,leader-set-research.v2-candidate-pool
化工原料／塑化報價,傳統產業材料,1326,台化,PRIMARY in supplied stock overview; CORE equivalence not yet PM-approved,,NEEDS_REVIEW,UNRESEARCHED,UNRESEARCHED,UNRESEARCHED,UNRESEARCHED,Candidate pool only; durable public evidence has not yet been reviewed.,0,,LOW,Do not promote or assign weight until independent evidence review is complete.,false,leader-set-research.v2-candidate-pool
化工原料／塑化報價,傳統產業材料,1708,東鹼,PRIMARY in supplied stock overview; CORE equivalence not yet PM-approved,,NEEDS_REVIEW,UNRESEARCHED,UNRESEARCHED,UNRESEARCHED,UNRESEARCHED,Candidate pool only; durable public evidence has not yet been reviewed.,0,,LOW,Do not promote or assign weight until independent evidence review is complete.,false,leader-set-research.v2-candidate-pool
化工原料／塑化報價,傳統產業材料,1714,和桐,PRIMARY in supplied stock overview; CORE equivalence not yet PM-approved,,NEEDS_REVIEW,UNRESEARCHED,UNRESEARCHED,UNRESEARCHED,UNRESEARCHED,Candidate pool only; durable public evidence has not yet been reviewed.,0,,LOW,Do not promote or assign weight until independent evidence review is complete.,false,leader-set-research.v2-candidate-pool
化工原料／塑化報價,傳統產業材料,1725,元禎,PRIMARY in supplied stock overview; CORE equivalence not yet PM-approved,,NEEDS_REVIEW,UNRESEARCHED,UNRESEARCHED,UNRESEARCHED,UNRESEARCHED,Candidate pool only; durable public evidence has not yet been reviewed.,0,,LOW,Do not promote or assign weight until independent evidence review is complete.,false,leader-set-research.v2-candidate-pool
化工原料／塑化報價,傳統產業材料,2103,台橡,PRIMARY in supplied stock overview; CORE equivalence not yet PM-approved,,NEEDS_REVIEW,UNRESEARCHED,UNRESEARCHED,UNRESEARCHED,UNRESEARCHED,Candidate pool only; durable public evidence has not yet been reviewed.,0,,LOW,Do not promote or assign weight until independent evidence review is complete.,false,leader-set-research.v2-candidate-pool
化工原料／塑化報價,傳統產業材料,2104,國際中橡,PRIMARY in supplied stock overview; CORE equivalence not yet PM-approved,,NEEDS_REVIEW,UNRESEARCHED,UNRESEARCHED,UNRESEARCHED,UNRESEARCHED,Candidate pool only; durable public evidence has not yet been reviewed.,0,,LOW,Do not promote or assign weight until independent evidence review is complete.,false,leader-set-research.v2-candidate-pool
化工原料／塑化報價,傳統產業材料,2108,南帝,PRIMARY in supplied stock overview; CORE equivalence not yet PM-approved,,NEEDS_REVIEW,UNRESEARCHED,UNRESEARCHED,UNRESEARCHED,UNRESEARCHED,Candidate pool only; durable public evidence has not yet been reviewed.,0,,LOW,Do not promote or assign weight until independent evidence review is complete.,false,leader-set-research.v2-candidate-pool
化工原料／塑化報價,傳統產業材料,4707,磐亞,PRIMARY in supplied stock overview; CORE equivalence not yet PM-approved,,NEEDS_REVIEW,UNRESEARCHED,UNRESEARCHED,UNRESEARCHED,UNRESEARCHED,Candidate pool only; durable public evidence has not yet been reviewed.,0,,LOW,Do not promote or assign weight until independent evidence review is complete.,false,leader-set-research.v2-candidate-pool
化工原料／塑化報價,傳統產業材料,6505,台塑化,PRIMARY in supplied stock overview; CORE equivalence not yet PM-approved,,NEEDS_REVIEW,UNRESEARCHED,UNRESEARCHED,UNRESEARCHED,UNRESEARCHED,Candidate pool only; durable public evidence has not yet been reviewed.,0,,LOW,Do not promote or assign weight until independent evidence review is complete.,false,leader-set-research.v2-candidate-pool
半導體原料,半導體材料,2426,鼎元,PRIMARY in supplied stock overview; CORE equivalence not yet PM-approved,,NEEDS_REVIEW,UNRESEARCHED,UNRESEARCHED,UNRESEARCHED,UNRESEARCHED,Candidate pool only; durable public evidence has not yet been reviewed.,0,,LOW,Do not promote or assign weight until independent evidence review is complete.,false,leader-set-research.v2-candidate-pool
半導體原料,半導體材料,4971,IET-KY,PRIMARY in supplied stock overview; CORE equivalence not yet PM-approved,,NEEDS_REVIEW,UNRESEARCHED,UNRESEARCHED,UNRESEARCHED,UNRESEARCHED,Candidate pool only; durable public evidence has not yet been reviewed.,0,,LOW,Do not promote or assign weight until independent evidence review is complete.,false,leader-set-research.v2-candidate-pool
半導體原料,半導體材料,4991,環宇-KY,PRIMARY in supplied stock overview; CORE equivalence not yet PM-approved,,NEEDS_REVIEW,UNRESEARCHED,UNRESEARCHED,UNRESEARCHED,UNRESEARCHED,Candidate pool only; durable public evidence has not yet been reviewed.,0,,LOW,Do not promote or assign weight until independent evidence review is complete.,false,leader-set-research.v2-candidate-pool
半導體設備零組件,半導體設備與製程,3413,京鼎,PRIMARY in supplied stock overview; CORE equivalence not yet PM-approved,,NEEDS_REVIEW,UNRESEARCHED,UNRESEARCHED,UNRESEARCHED,UNRESEARCHED,Candidate pool only; durable public evidence has not yet been reviewed.,0,,LOW,Do not promote or assign weight until independent evidence review is complete.,false,leader-set-research.v2-candidate-pool
半導體設備零組件,半導體設備與製程,6830,汎銓,PRIMARY in supplied stock overview; CORE equivalence not yet PM-approved,,NEEDS_REVIEW,UNRESEARCHED,UNRESEARCHED,UNRESEARCHED,UNRESEARCHED,Candidate pool only; durable public evidence has not yet been reviewed.,0,,LOW,Do not promote or assign weight until independent evidence review is complete.,false,leader-set-research.v2-candidate-pool
半導體設備零組件,半導體設備與製程,8091,翔名,PRIMARY in supplied stock overview; CORE equivalence not yet PM-approved,,NEEDS_REVIEW,UNRESEARCHED,UNRESEARCHED,UNRESEARCHED,UNRESEARCHED,Candidate pool only; durable public evidence has not yet been reviewed.,0,,LOW,Do not promote or assign weight until independent evidence review is complete.,false,leader-set-research.v2-candidate-pool
商辦／都市更新,建設開發,2348,海悅,PRIMARY in supplied stock overview; CORE equivalence not yet PM-approved,,NEEDS_REVIEW,UNRESEARCHED,UNRESEARCHED,UNRESEARCHED,UNRESEARCHED,Candidate pool only; durable public evidence has not yet been reviewed.,0,,LOW,Do not promote or assign weight until independent evidence review is complete.,false,leader-set-research.v2-candidate-pool
商辦／都市更新,建設開發,2520,冠德,PRIMARY in supplied stock overview; CORE equivalence not yet PM-approved,,NEEDS_REVIEW,UNRESEARCHED,UNRESEARCHED,UNRESEARCHED,UNRESEARCHED,Candidate pool only; durable public evidence has not yet been reviewed.,0,,LOW,Do not promote or assign weight until independent evidence review is complete.,false,leader-set-research.v2-candidate-pool
商辦／都市更新,建設開發,2527,宏璟,PRIMARY in supplied stock overview; CORE equivalence not yet PM-approved,,NEEDS_REVIEW,UNRESEARCHED,UNRESEARCHED,UNRESEARCHED,UNRESEARCHED,Candidate pool only; durable public evidence has not yet been reviewed.,0,,LOW,Do not promote or assign weight until independent evidence review is complete.,false,leader-set-research.v2-candidate-pool
商辦／都市更新,建設開發,2542,興富發,PRIMARY in supplied stock overview; CORE equivalence not yet PM-approved,,NEEDS_REVIEW,UNRESEARCHED,UNRESEARCHED,UNRESEARCHED,UNRESEARCHED,Candidate pool only; durable public evidence has not yet been reviewed.,0,,LOW,Do not promote or assign weight until independent evidence review is complete.,false,leader-set-research.v2-candidate-pool
商辦／都市更新,建設開發,2548,華固,PRIMARY in supplied stock overview; CORE equivalence not yet PM-approved,,NEEDS_REVIEW,UNRESEARCHED,UNRESEARCHED,UNRESEARCHED,UNRESEARCHED,Candidate pool only; durable public evidence has not yet been reviewed.,0,,LOW,Do not promote or assign weight until independent evidence review is complete.,false,leader-set-research.v2-candidate-pool
商辦／都市更新,建設開發,5519,隆大,PRIMARY in supplied stock overview; CORE equivalence not yet PM-approved,,NEEDS_REVIEW,UNRESEARCHED,UNRESEARCHED,UNRESEARCHED,UNRESEARCHED,Candidate pool only; durable public evidence has not yet been reviewed.,0,,LOW,Do not promote or assign weight until independent evidence review is complete.,false,leader-set-research.v2-candidate-pool
商辦／都市更新,建設開發,5534,長虹,PRIMARY in supplied stock overview; CORE equivalence not yet PM-approved,,NEEDS_REVIEW,UNRESEARCHED,UNRESEARCHED,UNRESEARCHED,UNRESEARCHED,Candidate pool only; durable public evidence has not yet been reviewed.,0,,LOW,Do not promote or assign weight until independent evidence review is complete.,false,leader-set-research.v2-candidate-pool
商辦／都市更新,建設開發,6177,達麗,PRIMARY in supplied stock overview; CORE equivalence not yet PM-approved,,NEEDS_REVIEW,UNRESEARCHED,UNRESEARCHED,UNRESEARCHED,UNRESEARCHED,Candidate pool only; durable public evidence has not yet been reviewed.,0,,LOW,Do not promote or assign weight until independent evidence review is complete.,false,leader-set-research.v2-candidate-pool
固態電容,被動元件,2472,立隆電,PRIMARY in supplied stock overview; CORE equivalence not yet PM-approved,,NEEDS_REVIEW,UNRESEARCHED,UNRESEARCHED,UNRESEARCHED,UNRESEARCHED,Candidate pool only; durable public evidence has not yet been reviewed.,0,,LOW,Do not promote or assign weight until independent evidence review is complete.,false,leader-set-research.v2-candidate-pool
固態電容,被動元件,6449,鈺邦,PRIMARY in supplied stock overview; CORE equivalence not yet PM-approved,,NEEDS_REVIEW,UNRESEARCHED,UNRESEARCHED,UNRESEARCHED,UNRESEARCHED,Candidate pool only; durable public evidence has not yet been reviewed.,0,,LOW,Do not promote or assign weight until independent evidence review is complete.,false,leader-set-research.v2-candidate-pool
固態電容,被動元件,8042,金山電,PRIMARY in supplied stock overview; CORE equivalence not yet PM-approved,,NEEDS_REVIEW,UNRESEARCHED,UNRESEARCHED,UNRESEARCHED,UNRESEARCHED,Candidate pool only; durable public evidence has not yet been reviewed.,0,,LOW,Do not promote or assign weight until independent evidence review is complete.,false,leader-set-research.v2-candidate-pool
大型電子權值,大型權值,2303,聯電,PRIMARY in supplied stock overview; CORE equivalence not yet PM-approved,,NEEDS_REVIEW,UNRESEARCHED,UNRESEARCHED,UNRESEARCHED,UNRESEARCHED,Candidate pool only; durable public evidence has not yet been reviewed.,0,,LOW,Do not promote or assign weight until independent evidence review is complete.,false,leader-set-research.v2-candidate-pool
大型電子權值,大型權值,2317,鴻海,PRIMARY in supplied stock overview; CORE equivalence not yet PM-approved,,NEEDS_REVIEW,UNRESEARCHED,UNRESEARCHED,UNRESEARCHED,UNRESEARCHED,Candidate pool only; durable public evidence has not yet been reviewed.,0,,LOW,Do not promote or assign weight until independent evidence review is complete.,false,leader-set-research.v2-candidate-pool
大型電子權值,大型權值,2327,國巨,PRIMARY in supplied stock overview; CORE equivalence not yet PM-approved,,NEEDS_REVIEW,UNRESEARCHED,UNRESEARCHED,UNRESEARCHED,UNRESEARCHED,Candidate pool only; durable public evidence has not yet been reviewed.,0,,LOW,Do not promote or assign weight until independent evidence review is complete.,false,leader-set-research.v2-candidate-pool
大型電子權值,大型權值,2330,台積電,PRIMARY in supplied stock overview; CORE equivalence not yet PM-approved,,NEEDS_REVIEW,UNRESEARCHED,UNRESEARCHED,UNRESEARCHED,UNRESEARCHED,Candidate pool only; durable public evidence has not yet been reviewed.,0,,LOW,Do not promote or assign weight until independent evidence review is complete.,false,leader-set-research.v2-candidate-pool
大型電子權值,大型權值,2353,宏碁,PRIMARY in supplied stock overview; CORE equivalence not yet PM-approved,,NEEDS_REVIEW,UNRESEARCHED,UNRESEARCHED,UNRESEARCHED,UNRESEARCHED,Candidate pool only; durable public evidence has not yet been reviewed.,0,,LOW,Do not promote or assign weight until independent evidence review is complete.,false,leader-set-research.v2-candidate-pool
大型電子權值,大型權值,2356,英業達,PRIMARY in supplied stock overview; CORE equivalence not yet PM-approved,,NEEDS_REVIEW,UNRESEARCHED,UNRESEARCHED,UNRESEARCHED,UNRESEARCHED,Candidate pool only; durable public evidence has not yet been reviewed.,0,,LOW,Do not promote or assign weight until independent evidence review is complete.,false,leader-set-research.v2-candidate-pool
大型電子權值,大型權值,2357,華碩,PRIMARY in supplied stock overview; CORE equivalence not yet PM-approved,,NEEDS_REVIEW,UNRESEARCHED,UNRESEARCHED,UNRESEARCHED,UNRESEARCHED,Candidate pool only; durable public evidence has not yet been reviewed.,0,,LOW,Do not promote or assign weight until independent evidence review is complete.,false,leader-set-research.v2-candidate-pool
大型電子權值,大型權值,2360,致茂,PRIMARY in supplied stock overview; CORE equivalence not yet PM-approved,,NEEDS_REVIEW,UNRESEARCHED,UNRESEARCHED,UNRESEARCHED,UNRESEARCHED,Candidate pool only; durable public evidence has not yet been reviewed.,0,,LOW,Do not promote or assign weight until independent evidence review is complete.,false,leader-set-research.v2-candidate-pool
大型電子權值,大型權值,2382,廣達,PRIMARY in supplied stock overview; CORE equivalence not yet PM-approved,,NEEDS_REVIEW,UNRESEARCHED,UNRESEARCHED,UNRESEARCHED,UNRESEARCHED,Candidate pool only; durable public evidence has not yet been reviewed.,0,,LOW,Do not promote or assign weight until independent evidence review is complete.,false,leader-set-research.v2-candidate-pool
大型電子權值,大型權值,2454,聯發科,PRIMARY in supplied stock overview; CORE equivalence not yet PM-approved,,NEEDS_REVIEW,UNRESEARCHED,UNRESEARCHED,UNRESEARCHED,UNRESEARCHED,Candidate pool only; durable public evidence has not yet been reviewed.,0,,LOW,Do not promote or assign weight until independent evidence review is complete.,false,leader-set-research.v2-candidate-pool
大型電子權值,大型權值,2492,華新科,PRIMARY in supplied stock overview; CORE equivalence not yet PM-approved,,NEEDS_REVIEW,UNRESEARCHED,UNRESEARCHED,UNRESEARCHED,UNRESEARCHED,Candidate pool only; durable public evidence has not yet been reviewed.,0,,LOW,Do not promote or assign weight until independent evidence review is complete.,false,leader-set-research.v2-candidate-pool
大型電子權值,大型權值,3008,大立光,PRIMARY in supplied stock overview; CORE equivalence not yet PM-approved,,NEEDS_REVIEW,UNRESEARCHED,UNRESEARCHED,UNRESEARCHED,UNRESEARCHED,Candidate pool only; durable public evidence has not yet been reviewed.,0,,LOW,Do not promote or assign weight until independent evidence review is complete.,false,leader-set-research.v2-candidate-pool
大型電子權值,大型權值,3034,聯詠,PRIMARY in supplied stock overview; CORE equivalence not yet PM-approved,,NEEDS_REVIEW,UNRESEARCHED,UNRESEARCHED,UNRESEARCHED,UNRESEARCHED,Candidate pool only; durable public evidence has not yet been reviewed.,0,,LOW,Do not promote or assign weight until independent evidence review is complete.,false,leader-set-research.v2-candidate-pool
大型電子權值,大型權值,3037,欣興,PRIMARY in supplied stock overview; CORE equivalence not yet PM-approved,,NEEDS_REVIEW,UNRESEARCHED,UNRESEARCHED,UNRESEARCHED,UNRESEARCHED,Candidate pool only; durable public evidence has not yet been reviewed.,0,,LOW,Do not promote or assign weight until independent evidence review is complete.,false,leader-set-research.v2-candidate-pool
大型電子權值,大型權值,3231,緯創,PRIMARY in supplied stock overview; CORE equivalence not yet PM-approved,,NEEDS_REVIEW,UNRESEARCHED,UNRESEARCHED,UNRESEARCHED,UNRESEARCHED,Candidate pool only; durable public evidence has not yet been reviewed.,0,,LOW,Do not promote or assign weight until independent evidence review is complete.,false,leader-set-research.v2-candidate-pool
大型電子權值,大型權值,3443,創意,PRIMARY in supplied stock overview; CORE equivalence not yet PM-approved,,NEEDS_REVIEW,UNRESEARCHED,UNRESEARCHED,UNRESEARCHED,UNRESEARCHED,Candidate pool only; durable public evidence has not yet been reviewed.,0,,LOW,Do not promote or assign weight until independent evidence review is complete.,false,leader-set-research.v2-candidate-pool
大型電子權值,大型權值,3481,群創,PRIMARY in supplied stock overview; CORE equivalence not yet PM-approved,,NEEDS_REVIEW,UNRESEARCHED,UNRESEARCHED,UNRESEARCHED,UNRESEARCHED,Candidate pool only; durable public evidence has not yet been reviewed.,0,,LOW,Do not promote or assign weight until independent evidence review is complete.,false,leader-set-research.v2-candidate-pool
大型電子權值,大型權值,3529,力旺,PRIMARY in supplied stock overview; CORE equivalence not yet PM-approved,,NEEDS_REVIEW,UNRESEARCHED,UNRESEARCHED,UNRESEARCHED,UNRESEARCHED,Candidate pool only; durable public evidence has not yet been reviewed.,0,,LOW,Do not promote or assign weight until independent evidence review is complete.,false,leader-set-research.v2-candidate-pool
大型電子權值,大型權值,3661,世芯-KY,PRIMARY in supplied stock overview; CORE equivalence not yet PM-approved,,NEEDS_REVIEW,UNRESEARCHED,UNRESEARCHED,UNRESEARCHED,UNRESEARCHED,Candidate pool only; durable public evidence has not yet been reviewed.,0,,LOW,Do not promote or assign weight until independent evidence review is complete.,false,leader-set-research.v2-candidate-pool
大型電子權值,大型權值,3711,日月光投控,PRIMARY in supplied stock overview; CORE equivalence not yet PM-approved,,NEEDS_REVIEW,UNRESEARCHED,UNRESEARCHED,UNRESEARCHED,UNRESEARCHED,Candidate pool only; durable public evidence has not yet been reviewed.,0,,LOW,Do not promote or assign weight until independent evidence review is complete.,false,leader-set-research.v2-candidate-pool
大型電子權值,大型權值,4958,臻鼎-KY,PRIMARY in supplied stock overview; CORE equivalence not yet PM-approved,,NEEDS_REVIEW,UNRESEARCHED,UNRESEARCHED,UNRESEARCHED,UNRESEARCHED,Candidate pool only; durable public evidence has not yet been reviewed.,0,,LOW,Do not promote or assign weight until independent evidence review is complete.,false,leader-set-research.v2-candidate-pool
大型電子權值,大型權值,5269,祥碩,PRIMARY in supplied stock overview; CORE equivalence not yet PM-approved,,NEEDS_REVIEW,UNRESEARCHED,UNRESEARCHED,UNRESEARCHED,UNRESEARCHED,Candidate pool only; durable public evidence has not yet been reviewed.,0,,LOW,Do not promote or assign weight until independent evidence review is complete.,false,leader-set-research.v2-candidate-pool
大型電子權值,大型權值,5274,信驊,PRIMARY in supplied stock overview; CORE equivalence not yet PM-approved,,NEEDS_REVIEW,UNRESEARCHED,UNRESEARCHED,UNRESEARCHED,UNRESEARCHED,Candidate pool only; durable public evidence has not yet been reviewed.,0,,LOW,Do not promote or assign weight until independent evidence review is complete.,false,leader-set-research.v2-candidate-pool
大型電子權值,大型權值,5347,世界,PRIMARY in supplied stock overview; CORE equivalence not yet PM-approved,,NEEDS_REVIEW,UNRESEARCHED,UNRESEARCHED,UNRESEARCHED,UNRESEARCHED,Candidate pool only; durable public evidence has not yet been reviewed.,0,,LOW,Do not promote or assign weight until independent evidence review is complete.,false,leader-set-research.v2-candidate-pool
大型電子權值,大型權值,5434,崇越,PRIMARY in supplied stock overview; CORE equivalence not yet PM-approved,,NEEDS_REVIEW,UNRESEARCHED,UNRESEARCHED,UNRESEARCHED,UNRESEARCHED,Candidate pool only; durable public evidence has not yet been reviewed.,0,,LOW,Do not promote or assign weight until independent evidence review is complete.,false,leader-set-research.v2-candidate-pool
大型電子權值,大型權值,6147,頎邦,PRIMARY in supplied stock overview; CORE equivalence not yet PM-approved,,NEEDS_REVIEW,UNRESEARCHED,UNRESEARCHED,UNRESEARCHED,UNRESEARCHED,Candidate pool only; durable public evidence has not yet been reviewed.,0,,LOW,Do not promote or assign weight until independent evidence review is complete.,false,leader-set-research.v2-candidate-pool
大型電子權值,大型權值,6214,精誠,PRIMARY in supplied stock overview; CORE equivalence not yet PM-approved,,NEEDS_REVIEW,UNRESEARCHED,UNRESEARCHED,UNRESEARCHED,UNRESEARCHED,Candidate pool only; durable public evidence has not yet been reviewed.,0,,LOW,Do not promote or assign weight until independent evidence review is complete.,false,leader-set-research.v2-candidate-pool
大型電子權值,大型權值,6239,力成,PRIMARY in supplied stock overview; CORE equivalence not yet PM-approved,,NEEDS_REVIEW,UNRESEARCHED,UNRESEARCHED,UNRESEARCHED,UNRESEARCHED,Candidate pool only; durable public evidence has not yet been reviewed.,0,,LOW,Do not promote or assign weight until independent evidence review is complete.,false,leader-set-research.v2-candidate-pool
大型電子權值,大型權值,6462,神盾,PRIMARY in supplied stock overview; CORE equivalence not yet PM-approved,,NEEDS_REVIEW,UNRESEARCHED,UNRESEARCHED,UNRESEARCHED,UNRESEARCHED,Candidate pool only; durable public evidence has not yet been reviewed.,0,,LOW,Do not promote or assign weight until independent evidence review is complete.,false,leader-set-research.v2-candidate-pool
大型電子權值,大型權值,6488,環球晶,PRIMARY in supplied stock overview; CORE equivalence not yet PM-approved,,NEEDS_REVIEW,UNRESEARCHED,UNRESEARCHED,UNRESEARCHED,UNRESEARCHED,Candidate pool only; durable public evidence has not yet been reviewed.,0,,LOW,Do not promote or assign weight until independent evidence review is complete.,false,leader-set-research.v2-candidate-pool
大型電子權值,大型權值,6505,台塑化,PRIMARY in supplied stock overview; CORE equivalence not yet PM-approved,,NEEDS_REVIEW,UNRESEARCHED,UNRESEARCHED,UNRESEARCHED,UNRESEARCHED,Candidate pool only; durable public evidence has not yet been reviewed.,0,,LOW,Do not promote or assign weight until independent evidence review is complete.,false,leader-set-research.v2-candidate-pool
大型電子權值,大型權值,6526,達發,PRIMARY in supplied stock overview; CORE equivalence not yet PM-approved,,NEEDS_REVIEW,UNRESEARCHED,UNRESEARCHED,UNRESEARCHED,UNRESEARCHED,Candidate pool only; durable public evidence has not yet been reviewed.,0,,LOW,Do not promote or assign weight until independent evidence review is complete.,false,leader-set-research.v2-candidate-pool
大型電子權值,大型權值,6643,M31,PRIMARY in supplied stock overview; CORE equivalence not yet PM-approved,,NEEDS_REVIEW,UNRESEARCHED,UNRESEARCHED,UNRESEARCHED,UNRESEARCHED,Candidate pool only; durable public evidence has not yet been reviewed.,0,,LOW,Do not promote or assign weight until independent evidence review is complete.,false,leader-set-research.v2-candidate-pool
大型電子權值,大型權值,6669,緯穎,PRIMARY in supplied stock overview; CORE equivalence not yet PM-approved,,NEEDS_REVIEW,UNRESEARCHED,UNRESEARCHED,UNRESEARCHED,UNRESEARCHED,Candidate pool only; durable public evidence has not yet been reviewed.,0,,LOW,Do not promote or assign weight until independent evidence review is complete.,false,leader-set-research.v2-candidate-pool
大型電子權值,大型權值,6770,力積電,PRIMARY in supplied stock overview; CORE equivalence not yet PM-approved,,NEEDS_REVIEW,UNRESEARCHED,UNRESEARCHED,UNRESEARCHED,UNRESEARCHED,Candidate pool only; durable public evidence has not yet been reviewed.,0,,LOW,Do not promote or assign weight until independent evidence review is complete.,false,leader-set-research.v2-candidate-pool
大型電子權值,大型權值,8016,矽創,PRIMARY in supplied stock overview; CORE equivalence not yet PM-approved,,NEEDS_REVIEW,UNRESEARCHED,UNRESEARCHED,UNRESEARCHED,UNRESEARCHED,Candidate pool only; durable public evidence has not yet been reviewed.,0,,LOW,Do not promote or assign weight until independent evidence review is complete.,false,leader-set-research.v2-candidate-pool
大型電子權值,大型權值,8046,南電,PRIMARY in supplied stock overview; CORE equivalence not yet PM-approved,,NEEDS_REVIEW,UNRESEARCHED,UNRESEARCHED,UNRESEARCHED,UNRESEARCHED,Candidate pool only; durable public evidence has not yet been reviewed.,0,,LOW,Do not promote or assign weight until independent evidence review is complete.,false,leader-set-research.v2-candidate-pool
大型電子權值,大型權值,8054,安國,PRIMARY in supplied stock overview; CORE equivalence not yet PM-approved,,NEEDS_REVIEW,UNRESEARCHED,UNRESEARCHED,UNRESEARCHED,UNRESEARCHED,Candidate pool only; durable public evidence has not yet been reviewed.,0,,LOW,Do not promote or assign weight until independent evidence review is complete.,false,leader-set-research.v2-candidate-pool
大型電子權值,大型權值,8069,元太,PRIMARY in supplied stock overview; CORE equivalence not yet PM-approved,,NEEDS_REVIEW,UNRESEARCHED,UNRESEARCHED,UNRESEARCHED,UNRESEARCHED,Candidate pool only; durable public evidence has not yet been reviewed.,0,,LOW,Do not promote or assign weight until independent evidence review is complete.,false,leader-set-research.v2-candidate-pool
大型電子權值,大型權值,8150,南茂,PRIMARY in supplied stock overview; CORE equivalence not yet PM-approved,,NEEDS_REVIEW,UNRESEARCHED,UNRESEARCHED,UNRESEARCHED,UNRESEARCHED,Candidate pool only; durable public evidence has not yet been reviewed.,0,,LOW,Do not promote or assign weight until independent evidence review is complete.,false,leader-set-research.v2-candidate-pool
大型電子權值,大型權值,8210,藍天,PRIMARY in supplied stock overview; CORE equivalence not yet PM-approved,,NEEDS_REVIEW,UNRESEARCHED,UNRESEARCHED,UNRESEARCHED,UNRESEARCHED,Candidate pool only; durable public evidence has not yet been reviewed.,0,,LOW,Do not promote or assign weight until independent evidence review is complete.,false,leader-set-research.v2-candidate-pool
大型電子權值,大型權值,8299,群聯,PRIMARY in supplied stock overview; CORE equivalence not yet PM-approved,,NEEDS_REVIEW,UNRESEARCHED,UNRESEARCHED,UNRESEARCHED,UNRESEARCHED,Candidate pool only; durable public evidence has not yet been reviewed.,0,,LOW,Do not promote or assign weight until independent evidence review is complete.,false,leader-set-research.v2-candidate-pool
太陽能,電力與能源,2406,國碩,PRIMARY in supplied stock overview; CORE equivalence not yet PM-approved,,NEEDS_REVIEW,UNRESEARCHED,UNRESEARCHED,UNRESEARCHED,UNRESEARCHED,Candidate pool only; durable public evidence has not yet been reviewed.,0,,LOW,Do not promote or assign weight until independent evidence review is complete.,false,leader-set-research.v2-candidate-pool
太陽能,電力與能源,3058,立德,PRIMARY in supplied stock overview; CORE equivalence not yet PM-approved,,NEEDS_REVIEW,UNRESEARCHED,UNRESEARCHED,UNRESEARCHED,UNRESEARCHED,Candidate pool only; durable public evidence has not yet been reviewed.,0,,LOW,Do not promote or assign weight until independent evidence review is complete.,false,leader-set-research.v2-candidate-pool
太陽能,電力與能源,3576,聯合再生,PRIMARY in supplied stock overview; CORE equivalence not yet PM-approved,,NEEDS_REVIEW,UNRESEARCHED,UNRESEARCHED,UNRESEARCHED,UNRESEARCHED,Candidate pool only; durable public evidence has not yet been reviewed.,0,,LOW,Do not promote or assign weight until independent evidence review is complete.,false,leader-set-research.v2-candidate-pool
太陽能,電力與能源,3691,碩禾,PRIMARY in supplied stock overview; CORE equivalence not yet PM-approved,,NEEDS_REVIEW,UNRESEARCHED,UNRESEARCHED,UNRESEARCHED,UNRESEARCHED,Candidate pool only; durable public evidence has not yet been reviewed.,0,,LOW,Do not promote or assign weight until independent evidence review is complete.,false,leader-set-research.v2-candidate-pool
太陽能,電力與能源,4934,太極,PRIMARY in supplied stock overview; CORE equivalence not yet PM-approved,,NEEDS_REVIEW,UNRESEARCHED,UNRESEARCHED,UNRESEARCHED,UNRESEARCHED,Candidate pool only; durable public evidence has not yet been reviewed.,0,,LOW,Do not promote or assign weight until independent evidence review is complete.,false,leader-set-research.v2-candidate-pool
太陽能,電力與能源,5483,中美晶,PRIMARY in supplied stock overview; CORE equivalence not yet PM-approved,,NEEDS_REVIEW,UNRESEARCHED,UNRESEARCHED,UNRESEARCHED,UNRESEARCHED,Candidate pool only; durable public evidence has not yet been reviewed.,0,,LOW,Do not promote or assign weight until independent evidence review is complete.,false,leader-set-research.v2-candidate-pool
太陽能,電力與能源,6244,茂迪,PRIMARY in supplied stock overview; CORE equivalence not yet PM-approved,,NEEDS_REVIEW,UNRESEARCHED,UNRESEARCHED,UNRESEARCHED,UNRESEARCHED,Candidate pool only; durable public evidence has not yet been reviewed.,0,,LOW,Do not promote or assign weight until independent evidence review is complete.,false,leader-set-research.v2-candidate-pool
太陽能,電力與能源,6443,元晶,PRIMARY in supplied stock overview; CORE equivalence not yet PM-approved,,NEEDS_REVIEW,UNRESEARCHED,UNRESEARCHED,UNRESEARCHED,UNRESEARCHED,Candidate pool only; durable public evidence has not yet been reviewed.,0,,LOW,Do not promote or assign weight until independent evidence review is complete.,false,leader-set-research.v2-candidate-pool
太陽能,電力與能源,6477,安集,PRIMARY in supplied stock overview; CORE equivalence not yet PM-approved,,NEEDS_REVIEW,UNRESEARCHED,UNRESEARCHED,UNRESEARCHED,UNRESEARCHED,Candidate pool only; durable public evidence has not yet been reviewed.,0,,LOW,Do not promote or assign weight until independent evidence review is complete.,false,leader-set-research.v2-candidate-pool
工業自動化,自動化與機器人,1504,東元,PRIMARY in supplied stock overview; CORE equivalence not yet PM-approved,,NEEDS_REVIEW,UNRESEARCHED,UNRESEARCHED,UNRESEARCHED,UNRESEARCHED,Candidate pool only; durable public evidence has not yet been reviewed.,0,,LOW,Do not promote or assign weight until independent evidence review is complete.,false,leader-set-research.v2-candidate-pool
工業自動化,自動化與機器人,1590,亞德客-KY,PRIMARY in supplied stock overview; CORE equivalence not yet PM-approved,,NEEDS_REVIEW,UNRESEARCHED,UNRESEARCHED,UNRESEARCHED,UNRESEARCHED,Candidate pool only; durable public evidence has not yet been reviewed.,0,,LOW,Do not promote or assign weight until independent evidence review is complete.,false,leader-set-research.v2-candidate-pool
工業自動化,自動化與機器人,2049,上銀,PRIMARY in supplied stock overview; CORE equivalence not yet PM-approved,,NEEDS_REVIEW,UNRESEARCHED,UNRESEARCHED,UNRESEARCHED,UNRESEARCHED,Candidate pool only; durable public evidence has not yet been reviewed.,0,,LOW,Do not promote or assign weight until independent evidence review is complete.,false,leader-set-research.v2-candidate-pool
工業自動化,自動化與機器人,2360,致茂,PRIMARY in supplied stock overview; CORE equivalence not yet PM-approved,,NEEDS_REVIEW,UNRESEARCHED,UNRESEARCHED,UNRESEARCHED,UNRESEARCHED,Candidate pool only; durable public evidence has not yet been reviewed.,0,,LOW,Do not promote or assign weight until independent evidence review is complete.,false,leader-set-research.v2-candidate-pool
工業自動化,自動化與機器人,2395,研華,PRIMARY in supplied stock overview; CORE equivalence not yet PM-approved,,NEEDS_REVIEW,UNRESEARCHED,UNRESEARCHED,UNRESEARCHED,UNRESEARCHED,Candidate pool only; durable public evidence has not yet been reviewed.,0,,LOW,Do not promote or assign weight until independent evidence review is complete.,false,leader-set-research.v2-candidate-pool
工業自動化,自動化與機器人,2464,盟立,PRIMARY in supplied stock overview; CORE equivalence not yet PM-approved,,NEEDS_REVIEW,UNRESEARCHED,UNRESEARCHED,UNRESEARCHED,UNRESEARCHED,Candidate pool only; durable public evidence has not yet been reviewed.,0,,LOW,Do not promote or assign weight until independent evidence review is complete.,false,leader-set-research.v2-candidate-pool
工業自動化,自動化與機器人,3022,威強電,PRIMARY in supplied stock overview; CORE equivalence not yet PM-approved,,NEEDS_REVIEW,UNRESEARCHED,UNRESEARCHED,UNRESEARCHED,UNRESEARCHED,Candidate pool only; durable public evidence has not yet been reviewed.,0,,LOW,Do not promote or assign weight until independent evidence review is complete.,false,leader-set-research.v2-candidate-pool
工業自動化,自動化與機器人,3498,陽程,PRIMARY in supplied stock overview; CORE equivalence not yet PM-approved,,NEEDS_REVIEW,UNRESEARCHED,UNRESEARCHED,UNRESEARCHED,UNRESEARCHED,Candidate pool only; durable public evidence has not yet been reviewed.,0,,LOW,Do not promote or assign weight until independent evidence review is complete.,false,leader-set-research.v2-candidate-pool
工業自動化,自動化與機器人,3577,泓格,PRIMARY in supplied stock overview; CORE equivalence not yet PM-approved,,NEEDS_REVIEW,UNRESEARCHED,UNRESEARCHED,UNRESEARCHED,UNRESEARCHED,Candidate pool only; durable public evidence has not yet been reviewed.,0,,LOW,Do not promote or assign weight until independent evidence review is complete.,false,leader-set-research.v2-candidate-pool
工業自動化,自動化與機器人,3652,精聯,PRIMARY in supplied stock overview; CORE equivalence not yet PM-approved,,NEEDS_REVIEW,UNRESEARCHED,UNRESEARCHED,UNRESEARCHED,UNRESEARCHED,Candidate pool only; durable public evidence has not yet been reviewed.,0,,LOW,Do not promote or assign weight until independent evidence review is complete.,false,leader-set-research.v2-candidate-pool
工業自動化,自動化與機器人,4540,全球傳動,PRIMARY in supplied stock overview; CORE equivalence not yet PM-approved,,NEEDS_REVIEW,UNRESEARCHED,UNRESEARCHED,UNRESEARCHED,UNRESEARCHED,Candidate pool only; durable public evidence has not yet been reviewed.,0,,LOW,Do not promote or assign weight until independent evidence review is complete.,false,leader-set-research.v2-candidate-pool
工業自動化,自動化與機器人,4562,穎漢,PRIMARY in supplied stock overview; CORE equivalence not yet PM-approved,,NEEDS_REVIEW,UNRESEARCHED,UNRESEARCHED,UNRESEARCHED,UNRESEARCHED,Candidate pool only; durable public evidence has not yet been reviewed.,0,,LOW,Do not promote or assign weight until independent evidence review is complete.,false,leader-set-research.v2-candidate-pool
工業自動化,自動化與機器人,4576,大銀微系統,PRIMARY in supplied stock overview; CORE equivalence not yet PM-approved,,NEEDS_REVIEW,UNRESEARCHED,UNRESEARCHED,UNRESEARCHED,UNRESEARCHED,Candidate pool only; durable public evidence has not yet been reviewed.,0,,LOW,Do not promote or assign weight until independent evidence review is complete.,false,leader-set-research.v2-candidate-pool
工業自動化,自動化與機器人,5443,均豪,PRIMARY in supplied stock overview; CORE equivalence not yet PM-approved,,NEEDS_REVIEW,UNRESEARCHED,UNRESEARCHED,UNRESEARCHED,UNRESEARCHED,Candidate pool only; durable public evidence has not yet been reviewed.,0,,LOW,Do not promote or assign weight until independent evidence review is complete.,false,leader-set-research.v2-candidate-pool
工業自動化,自動化與機器人,6166,凌華,PRIMARY in supplied stock overview; CORE equivalence not yet PM-approved,,NEEDS_REVIEW,UNRESEARCHED,UNRESEARCHED,UNRESEARCHED,UNRESEARCHED,Candidate pool only; durable public evidence has not yet been reviewed.,0,,LOW,Do not promote or assign weight until independent evidence review is complete.,false,leader-set-research.v2-candidate-pool
工業自動化,自動化與機器人,6215,和椿,PRIMARY in supplied stock overview; CORE equivalence not yet PM-approved,,NEEDS_REVIEW,UNRESEARCHED,UNRESEARCHED,UNRESEARCHED,UNRESEARCHED,Candidate pool only; durable public evidence has not yet been reviewed.,0,,LOW,Do not promote or assign weight until independent evidence review is complete.,false,leader-set-research.v2-candidate-pool
工業自動化,自動化與機器人,6414,樺漢,PRIMARY in supplied stock overview; CORE equivalence not yet PM-approved,,NEEDS_REVIEW,UNRESEARCHED,UNRESEARCHED,UNRESEARCHED,UNRESEARCHED,Candidate pool only; durable public evidence has not yet been reviewed.,0,,LOW,Do not promote or assign weight until independent evidence review is complete.,false,leader-set-research.v2-candidate-pool
工業自動化,自動化與機器人,6570,維田,PRIMARY in supplied stock overview; CORE equivalence not yet PM-approved,,NEEDS_REVIEW,UNRESEARCHED,UNRESEARCHED,UNRESEARCHED,UNRESEARCHED,Candidate pool only; durable public evidence has not yet been reviewed.,0,,LOW,Do not promote or assign weight until independent evidence review is complete.,false,leader-set-research.v2-candidate-pool
工業自動化,自動化與機器人,6603,富強鑫,PRIMARY in supplied stock overview; CORE equivalence not yet PM-approved,,NEEDS_REVIEW,UNRESEARCHED,UNRESEARCHED,UNRESEARCHED,UNRESEARCHED,Candidate pool only; durable public evidence has not yet been reviewed.,0,,LOW,Do not promote or assign weight until independent evidence review is complete.,false,leader-set-research.v2-candidate-pool
工業自動化,自動化與機器人,6870,騰雲,PRIMARY in supplied stock overview; CORE equivalence not yet PM-approved,,NEEDS_REVIEW,UNRESEARCHED,UNRESEARCHED,UNRESEARCHED,UNRESEARCHED,Candidate pool only; durable public evidence has not yet been reviewed.,0,,LOW,Do not promote or assign weight until independent evidence review is complete.,false,leader-set-research.v2-candidate-pool
工業自動化,自動化與機器人,7709,榮田,PRIMARY in supplied stock overview; CORE equivalence not yet PM-approved,,NEEDS_REVIEW,UNRESEARCHED,UNRESEARCHED,UNRESEARCHED,UNRESEARCHED,Candidate pool only; durable public evidence has not yet been reviewed.,0,,LOW,Do not promote or assign weight until independent evidence review is complete.,false,leader-set-research.v2-candidate-pool
工業自動化,自動化與機器人,7750,新代,PRIMARY in supplied stock overview; CORE equivalence not yet PM-approved,,NEEDS_REVIEW,UNRESEARCHED,UNRESEARCHED,UNRESEARCHED,UNRESEARCHED,Candidate pool only; durable public evidence has not yet been reviewed.,0,,LOW,Do not promote or assign weight until independent evidence review is complete.,false,leader-set-research.v2-candidate-pool
工業自動化,自動化與機器人,8374,羅昇,PRIMARY in supplied stock overview; CORE equivalence not yet PM-approved,,NEEDS_REVIEW,UNRESEARCHED,UNRESEARCHED,UNRESEARCHED,UNRESEARCHED,Candidate pool only; durable public evidence has not yet been reviewed.,0,,LOW,Do not promote or assign weight until independent evidence review is complete.,false,leader-set-research.v2-candidate-pool
成熟製程,半導體製造,2303,聯電,PRIMARY in supplied stock overview; CORE equivalence not yet PM-approved,,NEEDS_REVIEW,UNRESEARCHED,UNRESEARCHED,UNRESEARCHED,UNRESEARCHED,Candidate pool only; durable public evidence has not yet been reviewed.,0,,LOW,Do not promote or assign weight until independent evidence review is complete.,false,leader-set-research.v2-candidate-pool
成熟製程,半導體製造,5347,世界,PRIMARY in supplied stock overview; CORE equivalence not yet PM-approved,,NEEDS_REVIEW,UNRESEARCHED,UNRESEARCHED,UNRESEARCHED,UNRESEARCHED,Candidate pool only; durable public evidence has not yet been reviewed.,0,,LOW,Do not promote or assign weight until independent evidence review is complete.,false,leader-set-research.v2-candidate-pool
成熟製程,半導體製造,6770,力積電,PRIMARY in supplied stock overview; CORE equivalence not yet PM-approved,,NEEDS_REVIEW,UNRESEARCHED,UNRESEARCHED,UNRESEARCHED,UNRESEARCHED,Candidate pool only; durable public evidence has not yet been reviewed.,0,,LOW,Do not promote or assign weight until independent evidence review is complete.,false,leader-set-research.v2-candidate-pool
散熱零組件,熱管理,2421,建準,PRIMARY in supplied stock overview; CORE equivalence not yet PM-approved,,NEEDS_REVIEW,UNRESEARCHED,UNRESEARCHED,UNRESEARCHED,UNRESEARCHED,Candidate pool only; durable public evidence has not yet been reviewed.,0,,LOW,Do not promote or assign weight until independent evidence review is complete.,false,leader-set-research.v2-candidate-pool
散熱零組件,熱管理,3003,健策,PRIMARY in supplied stock overview; CORE equivalence not yet PM-approved,,NEEDS_REVIEW,UNRESEARCHED,UNRESEARCHED,UNRESEARCHED,UNRESEARCHED,Candidate pool only; durable public evidence has not yet been reviewed.,0,,LOW,Do not promote or assign weight until independent evidence review is complete.,false,leader-set-research.v2-candidate-pool
散熱零組件,熱管理,3013,晟銘電,PRIMARY in supplied stock overview; CORE equivalence not yet PM-approved,,NEEDS_REVIEW,UNRESEARCHED,UNRESEARCHED,UNRESEARCHED,UNRESEARCHED,Candidate pool only; durable public evidence has not yet been reviewed.,0,,LOW,Do not promote or assign weight until independent evidence review is complete.,false,leader-set-research.v2-candidate-pool
散熱零組件,熱管理,3017,奇鋐,PRIMARY in supplied stock overview; CORE equivalence not yet PM-approved,,NEEDS_REVIEW,UNRESEARCHED,UNRESEARCHED,UNRESEARCHED,UNRESEARCHED,Candidate pool only; durable public evidence has not yet been reviewed.,0,,LOW,Do not promote or assign weight until independent evidence review is complete.,false,leader-set-research.v2-candidate-pool
散熱零組件,熱管理,3324,雙鴻,PRIMARY in supplied stock overview; CORE equivalence not yet PM-approved,,NEEDS_REVIEW,UNRESEARCHED,UNRESEARCHED,UNRESEARCHED,UNRESEARCHED,Candidate pool only; durable public evidence has not yet been reviewed.,0,,LOW,Do not promote or assign weight until independent evidence review is complete.,false,leader-set-research.v2-candidate-pool
散熱零組件,熱管理,3338,泰碩,PRIMARY in supplied stock overview; CORE equivalence not yet PM-approved,,NEEDS_REVIEW,UNRESEARCHED,UNRESEARCHED,UNRESEARCHED,UNRESEARCHED,Candidate pool only; durable public evidence has not yet been reviewed.,0,,LOW,Do not promote or assign weight until independent evidence review is complete.,false,leader-set-research.v2-candidate-pool
散熱零組件,熱管理,3483,力致,PRIMARY in supplied stock overview; CORE equivalence not yet PM-approved,,NEEDS_REVIEW,UNRESEARCHED,UNRESEARCHED,UNRESEARCHED,UNRESEARCHED,Candidate pool only; durable public evidence has not yet been reviewed.,0,,LOW,Do not promote or assign weight until independent evidence review is complete.,false,leader-set-research.v2-candidate-pool
散熱零組件,熱管理,3653,健策,PRIMARY in supplied stock overview; CORE equivalence not yet PM-approved,,NEEDS_REVIEW,UNRESEARCHED,UNRESEARCHED,UNRESEARCHED,UNRESEARCHED,Candidate pool only; durable public evidence has not yet been reviewed.,0,,LOW,Do not promote or assign weight until independent evidence review is complete.,false,leader-set-research.v2-candidate-pool
散熱零組件,熱管理,6275,元山,PRIMARY in supplied stock overview; CORE equivalence not yet PM-approved,,NEEDS_REVIEW,UNRESEARCHED,UNRESEARCHED,UNRESEARCHED,UNRESEARCHED,Candidate pool only; durable public evidence has not yet been reviewed.,0,,LOW,Do not promote or assign weight until independent evidence review is complete.,false,leader-set-research.v2-candidate-pool
散熱零組件,熱管理,6591,動力-KY,PRIMARY in supplied stock overview; CORE equivalence not yet PM-approved,,NEEDS_REVIEW,UNRESEARCHED,UNRESEARCHED,UNRESEARCHED,UNRESEARCHED,Candidate pool only; durable public evidence has not yet been reviewed.,0,,LOW,Do not promote or assign weight until independent evidence review is complete.,false,leader-set-research.v2-candidate-pool
散熱零組件,熱管理,6805,富世達,PRIMARY in supplied stock overview; CORE equivalence not yet PM-approved,,NEEDS_REVIEW,UNRESEARCHED,UNRESEARCHED,UNRESEARCHED,UNRESEARCHED,Candidate pool only; durable public evidence has not yet been reviewed.,0,,LOW,Do not promote or assign weight until independent evidence review is complete.,false,leader-set-research.v2-candidate-pool
散熱零組件,熱管理,6831,邁科,PRIMARY in supplied stock overview; CORE equivalence not yet PM-approved,,NEEDS_REVIEW,UNRESEARCHED,UNRESEARCHED,UNRESEARCHED,UNRESEARCHED,Candidate pool only; durable public evidence has not yet been reviewed.,0,,LOW,Do not promote or assign weight until independent evidence review is complete.,false,leader-set-research.v2-candidate-pool
散熱零組件,熱管理,8996,高力,PRIMARY in supplied stock overview; CORE equivalence not yet PM-approved,,NEEDS_REVIEW,UNRESEARCHED,UNRESEARCHED,UNRESEARCHED,UNRESEARCHED,Candidate pool only; durable public evidence has not yet been reviewed.,0,,LOW,Do not promote or assign weight until independent evidence review is complete.,false,leader-set-research.v2-candidate-pool
晶圓代工,半導體製造,2330,台積電,PRIMARY in supplied stock overview; CORE equivalence not yet PM-approved,,NEEDS_REVIEW,UNRESEARCHED,UNRESEARCHED,UNRESEARCHED,UNRESEARCHED,Candidate pool only; durable public evidence has not yet been reviewed.,0,,LOW,Do not promote or assign weight until independent evidence review is complete.,false,leader-set-research.v2-candidate-pool
晶圓代工,半導體製造,4991,環宇-KY,PRIMARY in supplied stock overview; CORE equivalence not yet PM-approved,,NEEDS_REVIEW,UNRESEARCHED,UNRESEARCHED,UNRESEARCHED,UNRESEARCHED,Candidate pool only; durable public evidence has not yet been reviewed.,0,,LOW,Do not promote or assign weight until independent evidence review is complete.,false,leader-set-research.v2-candidate-pool
晶圓代工,半導體製造,5347,世界,PRIMARY in supplied stock overview; CORE equivalence not yet PM-approved,,NEEDS_REVIEW,UNRESEARCHED,UNRESEARCHED,UNRESEARCHED,UNRESEARCHED,Candidate pool only; durable public evidence has not yet been reviewed.,0,,LOW,Do not promote or assign weight until independent evidence review is complete.,false,leader-set-research.v2-candidate-pool
晶圓材料,,5434,崇越,PRIMARY in supplied stock overview; CORE equivalence not yet PM-approved,,NEEDS_REVIEW,UNRESEARCHED,UNRESEARCHED,UNRESEARCHED,UNRESEARCHED,Candidate pool only; durable public evidence has not yet been reviewed.,0,,LOW,Do not promote or assign weight until independent evidence review is complete.,true,leader-set-research.v2-candidate-pool
核心 IC設計,,3034,聯詠,PRIMARY in supplied stock overview; CORE equivalence not yet PM-approved,,NEEDS_REVIEW,UNRESEARCHED,UNRESEARCHED,UNRESEARCHED,UNRESEARCHED,Candidate pool only; durable public evidence has not yet been reviewed.,0,,LOW,Do not promote or assign weight until independent evidence review is complete.,true,leader-set-research.v2-candidate-pool
機器人零組件,自動化與機器人,1597,直得,PRIMARY in supplied stock overview; CORE equivalence not yet PM-approved,,NEEDS_REVIEW,UNRESEARCHED,UNRESEARCHED,UNRESEARCHED,UNRESEARCHED,Candidate pool only; durable public evidence has not yet been reviewed.,0,,LOW,Do not promote or assign weight until independent evidence review is complete.,false,leader-set-research.v2-candidate-pool
機器人零組件,自動化與機器人,2049,上銀,PRIMARY in supplied stock overview; CORE equivalence not yet PM-approved,,NEEDS_REVIEW,UNRESEARCHED,UNRESEARCHED,UNRESEARCHED,UNRESEARCHED,Candidate pool only; durable public evidence has not yet been reviewed.,0,,LOW,Do not promote or assign weight until independent evidence review is complete.,false,leader-set-research.v2-candidate-pool
機器人零組件,自動化與機器人,2359,所羅門,PRIMARY in supplied stock overview; CORE equivalence not yet PM-approved,,NEEDS_REVIEW,UNRESEARCHED,UNRESEARCHED,UNRESEARCHED,UNRESEARCHED,Candidate pool only; durable public evidence has not yet been reviewed.,0,,LOW,Do not promote or assign weight until independent evidence review is complete.,false,leader-set-research.v2-candidate-pool
機器人零組件,自動化與機器人,4540,全球傳動,PRIMARY in supplied stock overview; CORE equivalence not yet PM-approved,,NEEDS_REVIEW,UNRESEARCHED,UNRESEARCHED,UNRESEARCHED,UNRESEARCHED,Candidate pool only; durable public evidence has not yet been reviewed.,0,,LOW,Do not promote or assign weight until independent evidence review is complete.,false,leader-set-research.v2-candidate-pool
機器人零組件,自動化與機器人,4576,大銀微系統,PRIMARY in supplied stock overview; CORE equivalence not yet PM-approved,,NEEDS_REVIEW,UNRESEARCHED,UNRESEARCHED,UNRESEARCHED,UNRESEARCHED,Candidate pool only; durable public evidence has not yet been reviewed.,0,,LOW,Do not promote or assign weight until independent evidence review is complete.,false,leader-set-research.v2-candidate-pool
機器人零組件,自動化與機器人,4585,達明,PRIMARY in supplied stock overview; CORE equivalence not yet PM-approved,,NEEDS_REVIEW,UNRESEARCHED,UNRESEARCHED,UNRESEARCHED,UNRESEARCHED,Candidate pool only; durable public evidence has not yet been reviewed.,0,,LOW,Do not promote or assign weight until independent evidence review is complete.,false,leader-set-research.v2-candidate-pool
機器人零組件,自動化與機器人,6188,廣明,PRIMARY in supplied stock overview; CORE equivalence not yet PM-approved,,NEEDS_REVIEW,UNRESEARCHED,UNRESEARCHED,UNRESEARCHED,UNRESEARCHED,Candidate pool only; durable public evidence has not yet been reviewed.,0,,LOW,Do not promote or assign weight until independent evidence review is complete.,false,leader-set-research.v2-candidate-pool
機器視覺,AI視覺,2359,所羅門,PRIMARY in supplied stock overview; CORE equivalence not yet PM-approved,,NEEDS_REVIEW,UNRESEARCHED,UNRESEARCHED,UNRESEARCHED,UNRESEARCHED,Candidate pool only; durable public evidence has not yet been reviewed.,0,,LOW,Do not promote or assign weight until independent evidence review is complete.,false,leader-set-research.v2-candidate-pool
機器視覺,AI視覺,3008,大立光,PRIMARY in supplied stock overview; CORE equivalence not yet PM-approved,,NEEDS_REVIEW,UNRESEARCHED,UNRESEARCHED,UNRESEARCHED,UNRESEARCHED,Candidate pool only; durable public evidence has not yet been reviewed.,0,,LOW,Do not promote or assign weight until independent evidence review is complete.,false,leader-set-research.v2-candidate-pool
機器視覺,AI視覺,3362,先進光,PRIMARY in supplied stock overview; CORE equivalence not yet PM-approved,,NEEDS_REVIEW,UNRESEARCHED,UNRESEARCHED,UNRESEARCHED,UNRESEARCHED,Candidate pool only; durable public evidence has not yet been reviewed.,0,,LOW,Do not promote or assign weight until independent evidence review is complete.,false,leader-set-research.v2-candidate-pool
機器視覺,AI視覺,4585,達明,PRIMARY in supplied stock overview; CORE equivalence not yet PM-approved,,NEEDS_REVIEW,UNRESEARCHED,UNRESEARCHED,UNRESEARCHED,UNRESEARCHED,Candidate pool only; durable public evidence has not yet been reviewed.,0,,LOW,Do not promote or assign weight until independent evidence review is complete.,false,leader-set-research.v2-candidate-pool
機器視覺,AI視覺,6188,廣明,PRIMARY in supplied stock overview; CORE equivalence not yet PM-approved,,NEEDS_REVIEW,UNRESEARCHED,UNRESEARCHED,UNRESEARCHED,UNRESEARCHED,Candidate pool only; durable public evidence has not yet been reviewed.,0,,LOW,Do not promote or assign weight until independent evidence review is complete.,false,leader-set-research.v2-candidate-pool
機器視覺,AI視覺,6742,澤米,PRIMARY in supplied stock overview; CORE equivalence not yet PM-approved,,NEEDS_REVIEW,UNRESEARCHED,UNRESEARCHED,UNRESEARCHED,UNRESEARCHED,Candidate pool only; durable public evidence has not yet been reviewed.,0,,LOW,Do not promote or assign weight until independent evidence review is complete.,false,leader-set-research.v2-candidate-pool
機器視覺,AI視覺,7402,邑錡,PRIMARY in supplied stock overview; CORE equivalence not yet PM-approved,,NEEDS_REVIEW,UNRESEARCHED,UNRESEARCHED,UNRESEARCHED,UNRESEARCHED,Candidate pool only; durable public evidence has not yet been reviewed.,0,,LOW,Do not promote or assign weight until independent evidence review is complete.,false,leader-set-research.v2-candidate-pool
機器視覺,AI視覺,8374,羅昇,PRIMARY in supplied stock overview; CORE equivalence not yet PM-approved,,NEEDS_REVIEW,UNRESEARCHED,UNRESEARCHED,UNRESEARCHED,UNRESEARCHED,Candidate pool only; durable public evidence has not yet been reviewed.,0,,LOW,Do not promote or assign weight until independent evidence review is complete.,false,leader-set-research.v2-candidate-pool
液冷散熱,熱管理,2308,台達電,PRIMARY in supplied stock overview; CORE equivalence not yet PM-approved,,NEEDS_REVIEW,UNRESEARCHED,UNRESEARCHED,UNRESEARCHED,UNRESEARCHED,Candidate pool only; durable public evidence has not yet been reviewed.,0,,LOW,Do not promote or assign weight until independent evidence review is complete.,false,leader-set-research.v2-candidate-pool
液冷散熱,熱管理,3017,奇鋐,PRIMARY in supplied stock overview; CORE equivalence not yet PM-approved,,NEEDS_REVIEW,UNRESEARCHED,UNRESEARCHED,UNRESEARCHED,UNRESEARCHED,Candidate pool only; durable public evidence has not yet been reviewed.,0,,LOW,Do not promote or assign weight until independent evidence review is complete.,false,leader-set-research.v2-candidate-pool
液冷散熱,熱管理,3324,雙鴻,PRIMARY in supplied stock overview; CORE equivalence not yet PM-approved,,NEEDS_REVIEW,UNRESEARCHED,UNRESEARCHED,UNRESEARCHED,UNRESEARCHED,Candidate pool only; durable public evidence has not yet been reviewed.,0,,LOW,Do not promote or assign weight until independent evidence review is complete.,false,leader-set-research.v2-candidate-pool
液冷散熱,熱管理,4556,旭然,PRIMARY in supplied stock overview; CORE equivalence not yet PM-approved,,NEEDS_REVIEW,UNRESEARCHED,UNRESEARCHED,UNRESEARCHED,UNRESEARCHED,Candidate pool only; durable public evidence has not yet been reviewed.,0,,LOW,Do not promote or assign weight until independent evidence review is complete.,false,leader-set-research.v2-candidate-pool
液冷散熱,熱管理,8996,高力,PRIMARY in supplied stock overview; CORE equivalence not yet PM-approved,,NEEDS_REVIEW,UNRESEARCHED,UNRESEARCHED,UNRESEARCHED,UNRESEARCHED,Candidate pool only; durable public evidence has not yet been reviewed.,0,,LOW,Do not promote or assign weight until independent evidence review is complete.,false,leader-set-research.v2-candidate-pool
無人機,軍工國防,7402,邑錡,PRIMARY in supplied stock overview; CORE equivalence not yet PM-approved,,NEEDS_REVIEW,UNRESEARCHED,UNRESEARCHED,UNRESEARCHED,UNRESEARCHED,Candidate pool only; durable public evidence has not yet been reviewed.,0,,LOW,Do not promote or assign weight until independent evidence review is complete.,false,leader-set-research.v2-candidate-pool
無人機,軍工國防,8033,雷虎,PRIMARY in supplied stock overview; CORE equivalence not yet PM-approved,,NEEDS_REVIEW,UNRESEARCHED,UNRESEARCHED,UNRESEARCHED,UNRESEARCHED,Candidate pool only; durable public evidence has not yet been reviewed.,0,,LOW,Do not promote or assign weight until independent evidence review is complete.,false,leader-set-research.v2-candidate-pool
營建工程,建設開發,2535,達欣工,PRIMARY in supplied stock overview; CORE equivalence not yet PM-approved,,NEEDS_REVIEW,UNRESEARCHED,UNRESEARCHED,UNRESEARCHED,UNRESEARCHED,Candidate pool only; durable public evidence has not yet been reviewed.,0,,LOW,Do not promote or assign weight until independent evidence review is complete.,false,leader-set-research.v2-candidate-pool
營建工程,建設開發,2546,根基,PRIMARY in supplied stock overview; CORE equivalence not yet PM-approved,,NEEDS_REVIEW,UNRESEARCHED,UNRESEARCHED,UNRESEARCHED,UNRESEARCHED,Candidate pool only; durable public evidence has not yet been reviewed.,0,,LOW,Do not promote or assign weight until independent evidence review is complete.,false,leader-set-research.v2-candidate-pool
營建工程,建設開發,6691,洋基工程,PRIMARY in supplied stock overview; CORE equivalence not yet PM-approved,,NEEDS_REVIEW,UNRESEARCHED,UNRESEARCHED,UNRESEARCHED,UNRESEARCHED,Candidate pool only; durable public evidence has not yet been reviewed.,0,,LOW,Do not promote or assign weight until independent evidence review is complete.,false,leader-set-research.v2-candidate-pool
特殊鋼／高性能合金,傳統產業材料,1584,精剛,PRIMARY in supplied stock overview; CORE equivalence not yet PM-approved,,NEEDS_REVIEW,UNRESEARCHED,UNRESEARCHED,UNRESEARCHED,UNRESEARCHED,Candidate pool only; durable public evidence has not yet been reviewed.,0,,LOW,Do not promote or assign weight until independent evidence review is complete.,false,leader-set-research.v2-candidate-pool
特殊鋼／高性能合金,傳統產業材料,3004,豐達科,PRIMARY in supplied stock overview; CORE equivalence not yet PM-approved,,NEEDS_REVIEW,UNRESEARCHED,UNRESEARCHED,UNRESEARCHED,UNRESEARCHED,Candidate pool only; durable public evidence has not yet been reviewed.,0,,LOW,Do not promote or assign weight until independent evidence review is complete.,false,leader-set-research.v2-candidate-pool
玻璃基板,半導體設備與製程,6405,悅城,PRIMARY in supplied stock overview; CORE equivalence not yet PM-approved,,NEEDS_REVIEW,UNRESEARCHED,UNRESEARCHED,UNRESEARCHED,UNRESEARCHED,Candidate pool only; durable public evidence has not yet been reviewed.,0,,LOW,Do not promote or assign weight until independent evidence review is complete.,false,leader-set-research.v2-candidate-pool
玻璃基板,半導體設備與製程,6742,澤米,PRIMARY in supplied stock overview; CORE equivalence not yet PM-approved,,NEEDS_REVIEW,UNRESEARCHED,UNRESEARCHED,UNRESEARCHED,UNRESEARCHED,Candidate pool only; durable public evidence has not yet been reviewed.,0,,LOW,Do not promote or assign weight until independent evidence review is complete.,false,leader-set-research.v2-candidate-pool
玻纖布,高頻電子材料,1303,南亞,PRIMARY in supplied stock overview; CORE equivalence not yet PM-approved,,NEEDS_REVIEW,UNRESEARCHED,UNRESEARCHED,UNRESEARCHED,UNRESEARCHED,Candidate pool only; durable public evidence has not yet been reviewed.,0,,LOW,Do not promote or assign weight until independent evidence review is complete.,false,leader-set-research.v2-candidate-pool
玻纖布,高頻電子材料,1802,台玻,PRIMARY in supplied stock overview; CORE equivalence not yet PM-approved,,NEEDS_REVIEW,UNRESEARCHED,UNRESEARCHED,UNRESEARCHED,UNRESEARCHED,Candidate pool only; durable public evidence has not yet been reviewed.,0,,LOW,Do not promote or assign weight until independent evidence review is complete.,false,leader-set-research.v2-candidate-pool
玻纖布,高頻電子材料,1815,富喬,PRIMARY in supplied stock overview; CORE equivalence not yet PM-approved,,NEEDS_REVIEW,UNRESEARCHED,UNRESEARCHED,UNRESEARCHED,UNRESEARCHED,Candidate pool only; durable public evidence has not yet been reviewed.,0,,LOW,Do not promote or assign weight until independent evidence review is complete.,false,leader-set-research.v2-candidate-pool
玻纖布,高頻電子材料,5340,建榮,PRIMARY in supplied stock overview; CORE equivalence not yet PM-approved,,NEEDS_REVIEW,UNRESEARCHED,UNRESEARCHED,UNRESEARCHED,UNRESEARCHED,Candidate pool only; durable public evidence has not yet been reviewed.,0,,LOW,Do not promote or assign weight until independent evidence review is complete.,false,leader-set-research.v2-candidate-pool
石英元件,被動元件,2484,希華,PRIMARY in supplied stock overview; CORE equivalence not yet PM-approved,,NEEDS_REVIEW,UNRESEARCHED,UNRESEARCHED,UNRESEARCHED,UNRESEARCHED,Candidate pool only; durable public evidence has not yet been reviewed.,0,,LOW,Do not promote or assign weight until independent evidence review is complete.,false,leader-set-research.v2-candidate-pool
石英元件,被動元件,3042,晶技,PRIMARY in supplied stock overview; CORE equivalence not yet PM-approved,,NEEDS_REVIEW,UNRESEARCHED,UNRESEARCHED,UNRESEARCHED,UNRESEARCHED,Candidate pool only; durable public evidence has not yet been reviewed.,0,,LOW,Do not promote or assign weight until independent evidence review is complete.,false,leader-set-research.v2-candidate-pool
石英元件,被動元件,3221,台嘉碩,PRIMARY in supplied stock overview; CORE equivalence not yet PM-approved,,NEEDS_REVIEW,UNRESEARCHED,UNRESEARCHED,UNRESEARCHED,UNRESEARCHED,Candidate pool only; durable public evidence has not yet been reviewed.,0,,LOW,Do not promote or assign weight until independent evidence review is complete.,false,leader-set-research.v2-candidate-pool
石英元件,被動元件,6174,安碁,PRIMARY in supplied stock overview; CORE equivalence not yet PM-approved,,NEEDS_REVIEW,UNRESEARCHED,UNRESEARCHED,UNRESEARCHED,UNRESEARCHED,Candidate pool only; durable public evidence has not yet been reviewed.,0,,LOW,Do not promote or assign weight until independent evidence review is complete.,false,leader-set-research.v2-candidate-pool
石英元件,被動元件,8182,加高,PRIMARY in supplied stock overview; CORE equivalence not yet PM-approved,,NEEDS_REVIEW,UNRESEARCHED,UNRESEARCHED,UNRESEARCHED,UNRESEARCHED,Candidate pool only; durable public evidence has not yet been reviewed.,0,,LOW,Do not promote or assign weight until independent evidence review is complete.,false,leader-set-research.v2-candidate-pool
矽光子,通訊與光電,3081,聯亞,PRIMARY in supplied stock overview; CORE equivalence not yet PM-approved,,NEEDS_REVIEW,UNRESEARCHED,UNRESEARCHED,UNRESEARCHED,UNRESEARCHED,Candidate pool only; durable public evidence has not yet been reviewed.,0,,LOW,Do not promote or assign weight until independent evidence review is complete.,false,leader-set-research.v2-candidate-pool
矽光子,通訊與光電,3163,波若威,PRIMARY in supplied stock overview; CORE equivalence not yet PM-approved,,NEEDS_REVIEW,UNRESEARCHED,UNRESEARCHED,UNRESEARCHED,UNRESEARCHED,Candidate pool only; durable public evidence has not yet been reviewed.,0,,LOW,Do not promote or assign weight until independent evidence review is complete.,false,leader-set-research.v2-candidate-pool
矽光子,通訊與光電,3339,泰谷,PRIMARY in supplied stock overview; CORE equivalence not yet PM-approved,,NEEDS_REVIEW,UNRESEARCHED,UNRESEARCHED,UNRESEARCHED,UNRESEARCHED,Candidate pool only; durable public evidence has not yet been reviewed.,0,,LOW,Do not promote or assign weight until independent evidence review is complete.,false,leader-set-research.v2-candidate-pool
矽光子,通訊與光電,3363,上詮,PRIMARY in supplied stock overview; CORE equivalence not yet PM-approved,,NEEDS_REVIEW,UNRESEARCHED,UNRESEARCHED,UNRESEARCHED,UNRESEARCHED,Candidate pool only; durable public evidence has not yet been reviewed.,0,,LOW,Do not promote or assign weight until independent evidence review is complete.,false,leader-set-research.v2-candidate-pool
矽光子,通訊與光電,3450,聯鈞,PRIMARY in supplied stock overview; CORE equivalence not yet PM-approved,,NEEDS_REVIEW,UNRESEARCHED,UNRESEARCHED,UNRESEARCHED,UNRESEARCHED,Candidate pool only; durable public evidence has not yet been reviewed.,0,,LOW,Do not promote or assign weight until independent evidence review is complete.,false,leader-set-research.v2-candidate-pool
矽光子,通訊與光電,4908,前鼎,PRIMARY in supplied stock overview; CORE equivalence not yet PM-approved,,NEEDS_REVIEW,UNRESEARCHED,UNRESEARCHED,UNRESEARCHED,UNRESEARCHED,Candidate pool only; durable public evidence has not yet been reviewed.,0,,LOW,Do not promote or assign weight until independent evidence review is complete.,false,leader-set-research.v2-candidate-pool
矽光子,通訊與光電,4977,眾達-KY,PRIMARY in supplied stock overview; CORE equivalence not yet PM-approved,,NEEDS_REVIEW,UNRESEARCHED,UNRESEARCHED,UNRESEARCHED,UNRESEARCHED,Candidate pool only; durable public evidence has not yet been reviewed.,0,,LOW,Do not promote or assign weight until independent evidence review is complete.,false,leader-set-research.v2-candidate-pool
矽光子,通訊與光電,4979,華星光,PRIMARY in supplied stock overview; CORE equivalence not yet PM-approved,,NEEDS_REVIEW,UNRESEARCHED,UNRESEARCHED,UNRESEARCHED,UNRESEARCHED,Candidate pool only; durable public evidence has not yet been reviewed.,0,,LOW,Do not promote or assign weight until independent evidence review is complete.,false,leader-set-research.v2-candidate-pool
矽光子,通訊與光電,6426,統新,PRIMARY in supplied stock overview; CORE equivalence not yet PM-approved,,NEEDS_REVIEW,UNRESEARCHED,UNRESEARCHED,UNRESEARCHED,UNRESEARCHED,Candidate pool only; durable public evidence has not yet been reviewed.,0,,LOW,Do not promote or assign weight until independent evidence review is complete.,false,leader-set-research.v2-candidate-pool
矽光子,通訊與光電,6442,光聖,PRIMARY in supplied stock overview; CORE equivalence not yet PM-approved,,NEEDS_REVIEW,UNRESEARCHED,UNRESEARCHED,UNRESEARCHED,UNRESEARCHED,Candidate pool only; durable public evidence has not yet been reviewed.,0,,LOW,Do not promote or assign weight until independent evidence review is complete.,false,leader-set-research.v2-candidate-pool
矽光子,通訊與光電,6451,訊芯-KY,PRIMARY in supplied stock overview; CORE equivalence not yet PM-approved,,NEEDS_REVIEW,UNRESEARCHED,UNRESEARCHED,UNRESEARCHED,UNRESEARCHED,Candidate pool only; durable public evidence has not yet been reviewed.,0,,LOW,Do not promote or assign weight until independent evidence review is complete.,false,leader-set-research.v2-candidate-pool
矽光子,通訊與光電,8111,立碁,PRIMARY in supplied stock overview; CORE equivalence not yet PM-approved,,NEEDS_REVIEW,UNRESEARCHED,UNRESEARCHED,UNRESEARCHED,UNRESEARCHED,Candidate pool only; durable public evidence has not yet been reviewed.,0,,LOW,Do not promote or assign weight until independent evidence review is complete.,false,leader-set-research.v2-candidate-pool
端點資安,資安服務,3029,零壹,PRIMARY in supplied stock overview; CORE equivalence not yet PM-approved,,NEEDS_REVIEW,UNRESEARCHED,UNRESEARCHED,UNRESEARCHED,UNRESEARCHED,Candidate pool only; durable public evidence has not yet been reviewed.,0,,LOW,Do not promote or assign weight until independent evidence review is complete.,false,leader-set-research.v2-candidate-pool
端點資安,資安服務,3147,大綜,PRIMARY in supplied stock overview; CORE equivalence not yet PM-approved,,NEEDS_REVIEW,UNRESEARCHED,UNRESEARCHED,UNRESEARCHED,UNRESEARCHED,Candidate pool only; durable public evidence has not yet been reviewed.,0,,LOW,Do not promote or assign weight until independent evidence review is complete.,false,leader-set-research.v2-candidate-pool
端點資安,資安服務,5410,國眾,PRIMARY in supplied stock overview; CORE equivalence not yet PM-approved,,NEEDS_REVIEW,UNRESEARCHED,UNRESEARCHED,UNRESEARCHED,UNRESEARCHED,Candidate pool only; durable public evidence has not yet been reviewed.,0,,LOW,Do not promote or assign weight until independent evidence review is complete.,false,leader-set-research.v2-candidate-pool
端點資安,資安服務,6112,邁達特,PRIMARY in supplied stock overview; CORE equivalence not yet PM-approved,,NEEDS_REVIEW,UNRESEARCHED,UNRESEARCHED,UNRESEARCHED,UNRESEARCHED,Candidate pool only; durable public evidence has not yet been reviewed.,0,,LOW,Do not promote or assign weight until independent evidence review is complete.,false,leader-set-research.v2-candidate-pool
端點資安,資安服務,6214,精誠,PRIMARY in supplied stock overview; CORE equivalence not yet PM-approved,,NEEDS_REVIEW,UNRESEARCHED,UNRESEARCHED,UNRESEARCHED,UNRESEARCHED,Candidate pool only; durable public evidence has not yet been reviewed.,0,,LOW,Do not promote or assign weight until independent evidence review is complete.,false,leader-set-research.v2-candidate-pool
端點資安,資安服務,6690,安碁資訊,PRIMARY in supplied stock overview; CORE equivalence not yet PM-approved,,NEEDS_REVIEW,UNRESEARCHED,UNRESEARCHED,UNRESEARCHED,UNRESEARCHED,Candidate pool only; durable public evidence has not yet been reviewed.,0,,LOW,Do not promote or assign weight until independent evidence review is complete.,false,leader-set-research.v2-candidate-pool
端點資安,資安服務,6752,叡揚,PRIMARY in supplied stock overview; CORE equivalence not yet PM-approved,,NEEDS_REVIEW,UNRESEARCHED,UNRESEARCHED,UNRESEARCHED,UNRESEARCHED,Candidate pool only; durable public evidence has not yet been reviewed.,0,,LOW,Do not promote or assign weight until independent evidence review is complete.,false,leader-set-research.v2-candidate-pool
端點資安,資安服務,7714,創泓科,PRIMARY in supplied stock overview; CORE equivalence not yet PM-approved,,NEEDS_REVIEW,UNRESEARCHED,UNRESEARCHED,UNRESEARCHED,UNRESEARCHED,Candidate pool only; durable public evidence has not yet been reviewed.,0,,LOW,Do not promote or assign weight until independent evidence review is complete.,false,leader-set-research.v2-candidate-pool
紡織,傳統產業材料,1342,八貫,PRIMARY in supplied stock overview; CORE equivalence not yet PM-approved,,NEEDS_REVIEW,UNRESEARCHED,UNRESEARCHED,UNRESEARCHED,UNRESEARCHED,Candidate pool only; durable public evidence has not yet been reviewed.,0,,LOW,Do not promote or assign weight until independent evidence review is complete.,false,leader-set-research.v2-candidate-pool
紡織,傳統產業材料,1451,年興,PRIMARY in supplied stock overview; CORE equivalence not yet PM-approved,,NEEDS_REVIEW,UNRESEARCHED,UNRESEARCHED,UNRESEARCHED,UNRESEARCHED,Candidate pool only; durable public evidence has not yet been reviewed.,0,,LOW,Do not promote or assign weight until independent evidence review is complete.,false,leader-set-research.v2-candidate-pool
紡織,傳統產業材料,1474,弘裕,PRIMARY in supplied stock overview; CORE equivalence not yet PM-approved,,NEEDS_REVIEW,UNRESEARCHED,UNRESEARCHED,UNRESEARCHED,UNRESEARCHED,Candidate pool only; durable public evidence has not yet been reviewed.,0,,LOW,Do not promote or assign weight until independent evidence review is complete.,false,leader-set-research.v2-candidate-pool
紡織,傳統產業材料,1476,儒鴻,PRIMARY in supplied stock overview; CORE equivalence not yet PM-approved,,NEEDS_REVIEW,UNRESEARCHED,UNRESEARCHED,UNRESEARCHED,UNRESEARCHED,Candidate pool only; durable public evidence has not yet been reviewed.,0,,LOW,Do not promote or assign weight until independent evidence review is complete.,false,leader-set-research.v2-candidate-pool
網路資安,資安服務,3029,零壹,PRIMARY in supplied stock overview; CORE equivalence not yet PM-approved,,NEEDS_REVIEW,UNRESEARCHED,UNRESEARCHED,UNRESEARCHED,UNRESEARCHED,Candidate pool only; durable public evidence has not yet been reviewed.,0,,LOW,Do not promote or assign weight until independent evidence review is complete.,false,leader-set-research.v2-candidate-pool
網路資安,資安服務,3147,大綜,PRIMARY in supplied stock overview; CORE equivalence not yet PM-approved,,NEEDS_REVIEW,UNRESEARCHED,UNRESEARCHED,UNRESEARCHED,UNRESEARCHED,Candidate pool only; durable public evidence has not yet been reviewed.,0,,LOW,Do not promote or assign weight until independent evidence review is complete.,false,leader-set-research.v2-candidate-pool
網路資安,資安服務,3564,其陽,PRIMARY in supplied stock overview; CORE equivalence not yet PM-approved,,NEEDS_REVIEW,UNRESEARCHED,UNRESEARCHED,UNRESEARCHED,UNRESEARCHED,Candidate pool only; durable public evidence has not yet been reviewed.,0,,LOW,Do not promote or assign weight until independent evidence review is complete.,false,leader-set-research.v2-candidate-pool
網路資安,資安服務,5410,國眾,PRIMARY in supplied stock overview; CORE equivalence not yet PM-approved,,NEEDS_REVIEW,UNRESEARCHED,UNRESEARCHED,UNRESEARCHED,UNRESEARCHED,Candidate pool only; durable public evidence has not yet been reviewed.,0,,LOW,Do not promote or assign weight until independent evidence review is complete.,false,leader-set-research.v2-candidate-pool
網路資安,資安服務,6112,邁達特,PRIMARY in supplied stock overview; CORE equivalence not yet PM-approved,,NEEDS_REVIEW,UNRESEARCHED,UNRESEARCHED,UNRESEARCHED,UNRESEARCHED,Candidate pool only; durable public evidence has not yet been reviewed.,0,,LOW,Do not promote or assign weight until independent evidence review is complete.,false,leader-set-research.v2-candidate-pool
網路資安,資安服務,6214,精誠,PRIMARY in supplied stock overview; CORE equivalence not yet PM-approved,,NEEDS_REVIEW,UNRESEARCHED,UNRESEARCHED,UNRESEARCHED,UNRESEARCHED,Candidate pool only; durable public evidence has not yet been reviewed.,0,,LOW,Do not promote or assign weight until independent evidence review is complete.,false,leader-set-research.v2-candidate-pool
網路資安,資安服務,6416,瑞祺電通,PRIMARY in supplied stock overview; CORE equivalence not yet PM-approved,,NEEDS_REVIEW,UNRESEARCHED,UNRESEARCHED,UNRESEARCHED,UNRESEARCHED,Candidate pool only; durable public evidence has not yet been reviewed.,0,,LOW,Do not promote or assign weight until independent evidence review is complete.,false,leader-set-research.v2-candidate-pool
網路資安,資安服務,6690,安碁資訊,PRIMARY in supplied stock overview; CORE equivalence not yet PM-approved,,NEEDS_REVIEW,UNRESEARCHED,UNRESEARCHED,UNRESEARCHED,UNRESEARCHED,Candidate pool only; durable public evidence has not yet been reviewed.,0,,LOW,Do not promote or assign weight until independent evidence review is complete.,false,leader-set-research.v2-candidate-pool
網路資安,資安服務,6752,叡揚,PRIMARY in supplied stock overview; CORE equivalence not yet PM-approved,,NEEDS_REVIEW,UNRESEARCHED,UNRESEARCHED,UNRESEARCHED,UNRESEARCHED,Candidate pool only; durable public evidence has not yet been reviewed.,0,,LOW,Do not promote or assign weight until independent evidence review is complete.,false,leader-set-research.v2-candidate-pool
網路資安,資安服務,7714,創泓科,PRIMARY in supplied stock overview; CORE equivalence not yet PM-approved,,NEEDS_REVIEW,UNRESEARCHED,UNRESEARCHED,UNRESEARCHED,UNRESEARCHED,Candidate pool only; durable public evidence has not yet been reviewed.,0,,LOW,Do not promote or assign weight until independent evidence review is complete.,false,leader-set-research.v2-candidate-pool
網通,通訊與光電,2314,台揚,PRIMARY in supplied stock overview; CORE equivalence not yet PM-approved,,NEEDS_REVIEW,UNRESEARCHED,UNRESEARCHED,UNRESEARCHED,UNRESEARCHED,Candidate pool only; durable public evidence has not yet been reviewed.,0,,LOW,Do not promote or assign weight until independent evidence review is complete.,false,leader-set-research.v2-candidate-pool
網通,通訊與光電,2332,友訊,PRIMARY in supplied stock overview; CORE equivalence not yet PM-approved,,NEEDS_REVIEW,UNRESEARCHED,UNRESEARCHED,UNRESEARCHED,UNRESEARCHED,Candidate pool only; durable public evidence has not yet been reviewed.,0,,LOW,Do not promote or assign weight until independent evidence review is complete.,false,leader-set-research.v2-candidate-pool
網通,通訊與光電,2345,智邦,PRIMARY in supplied stock overview; CORE equivalence not yet PM-approved,,NEEDS_REVIEW,UNRESEARCHED,UNRESEARCHED,UNRESEARCHED,UNRESEARCHED,Candidate pool only; durable public evidence has not yet been reviewed.,0,,LOW,Do not promote or assign weight until independent evidence review is complete.,false,leader-set-research.v2-candidate-pool
網通,通訊與光電,2413,環科,PRIMARY in supplied stock overview; CORE equivalence not yet PM-approved,,NEEDS_REVIEW,UNRESEARCHED,UNRESEARCHED,UNRESEARCHED,UNRESEARCHED,Candidate pool only; durable public evidence has not yet been reviewed.,0,,LOW,Do not promote or assign weight until independent evidence review is complete.,false,leader-set-research.v2-candidate-pool
網通,通訊與光電,2424,隴華,PRIMARY in supplied stock overview; CORE equivalence not yet PM-approved,,NEEDS_REVIEW,UNRESEARCHED,UNRESEARCHED,UNRESEARCHED,UNRESEARCHED,Candidate pool only; durable public evidence has not yet been reviewed.,0,,LOW,Do not promote or assign weight until independent evidence review is complete.,false,leader-set-research.v2-candidate-pool
網通,通訊與光電,2455,全新,PRIMARY in supplied stock overview; CORE equivalence not yet PM-approved,,NEEDS_REVIEW,UNRESEARCHED,UNRESEARCHED,UNRESEARCHED,UNRESEARCHED,Candidate pool only; durable public evidence has not yet been reviewed.,0,,LOW,Do not promote or assign weight until independent evidence review is complete.,false,leader-set-research.v2-candidate-pool
網通,通訊與光電,2485,兆赫,PRIMARY in supplied stock overview; CORE equivalence not yet PM-approved,,NEEDS_REVIEW,UNRESEARCHED,UNRESEARCHED,UNRESEARCHED,UNRESEARCHED,Candidate pool only; durable public evidence has not yet been reviewed.,0,,LOW,Do not promote or assign weight until independent evidence review is complete.,false,leader-set-research.v2-candidate-pool
網通,通訊與光電,3105,穩懋,PRIMARY in supplied stock overview; CORE equivalence not yet PM-approved,,NEEDS_REVIEW,UNRESEARCHED,UNRESEARCHED,UNRESEARCHED,UNRESEARCHED,Candidate pool only; durable public evidence has not yet been reviewed.,0,,LOW,Do not promote or assign weight until independent evidence review is complete.,false,leader-set-research.v2-candidate-pool
網通,通訊與光電,3152,璟德,PRIMARY in supplied stock overview; CORE equivalence not yet PM-approved,,NEEDS_REVIEW,UNRESEARCHED,UNRESEARCHED,UNRESEARCHED,UNRESEARCHED,Candidate pool only; durable public evidence has not yet been reviewed.,0,,LOW,Do not promote or assign weight until independent evidence review is complete.,false,leader-set-research.v2-candidate-pool
網通,通訊與光電,3234,光環,PRIMARY in supplied stock overview; CORE equivalence not yet PM-approved,,NEEDS_REVIEW,UNRESEARCHED,UNRESEARCHED,UNRESEARCHED,UNRESEARCHED,Candidate pool only; durable public evidence has not yet been reviewed.,0,,LOW,Do not promote or assign weight until independent evidence review is complete.,false,leader-set-research.v2-candidate-pool
網通,通訊與光電,3491,昇達科,PRIMARY in supplied stock overview; CORE equivalence not yet PM-approved,,NEEDS_REVIEW,UNRESEARCHED,UNRESEARCHED,UNRESEARCHED,UNRESEARCHED,Candidate pool only; durable public evidence has not yet been reviewed.,0,,LOW,Do not promote or assign weight until independent evidence review is complete.,false,leader-set-research.v2-candidate-pool
網通,通訊與光電,3558,神準,PRIMARY in supplied stock overview; CORE equivalence not yet PM-approved,,NEEDS_REVIEW,UNRESEARCHED,UNRESEARCHED,UNRESEARCHED,UNRESEARCHED,Candidate pool only; durable public evidence has not yet been reviewed.,0,,LOW,Do not promote or assign weight until independent evidence review is complete.,false,leader-set-research.v2-candidate-pool
網通,通訊與光電,3596,智易,PRIMARY in supplied stock overview; CORE equivalence not yet PM-approved,,NEEDS_REVIEW,UNRESEARCHED,UNRESEARCHED,UNRESEARCHED,UNRESEARCHED,Candidate pool only; durable public evidence has not yet been reviewed.,0,,LOW,Do not promote or assign weight until independent evidence review is complete.,false,leader-set-research.v2-candidate-pool
網通,通訊與光電,3694,海華,PRIMARY in supplied stock overview; CORE equivalence not yet PM-approved,,NEEDS_REVIEW,UNRESEARCHED,UNRESEARCHED,UNRESEARCHED,UNRESEARCHED,Candidate pool only; durable public evidence has not yet been reviewed.,0,,LOW,Do not promote or assign weight until independent evidence review is complete.,false,leader-set-research.v2-candidate-pool
網通,通訊與光電,5222,全訊,PRIMARY in supplied stock overview; CORE equivalence not yet PM-approved,,NEEDS_REVIEW,UNRESEARCHED,UNRESEARCHED,UNRESEARCHED,UNRESEARCHED,Candidate pool only; durable public evidence has not yet been reviewed.,0,,LOW,Do not promote or assign weight until independent evidence review is complete.,false,leader-set-research.v2-candidate-pool
網通,通訊與光電,5388,中磊,PRIMARY in supplied stock overview; CORE equivalence not yet PM-approved,,NEEDS_REVIEW,UNRESEARCHED,UNRESEARCHED,UNRESEARCHED,UNRESEARCHED,Candidate pool only; durable public evidence has not yet been reviewed.,0,,LOW,Do not promote or assign weight until independent evidence review is complete.,false,leader-set-research.v2-candidate-pool
網通,通訊與光電,6142,友勁,PRIMARY in supplied stock overview; CORE equivalence not yet PM-approved,,NEEDS_REVIEW,UNRESEARCHED,UNRESEARCHED,UNRESEARCHED,UNRESEARCHED,Candidate pool only; durable public evidence has not yet been reviewed.,0,,LOW,Do not promote or assign weight until independent evidence review is complete.,false,leader-set-research.v2-candidate-pool
網通,通訊與光電,6241,鑫永洋,PRIMARY in supplied stock overview; CORE equivalence not yet PM-approved,,NEEDS_REVIEW,UNRESEARCHED,UNRESEARCHED,UNRESEARCHED,UNRESEARCHED,Candidate pool only; durable public evidence has not yet been reviewed.,0,,LOW,Do not promote or assign weight until independent evidence review is complete.,false,leader-set-research.v2-candidate-pool
網通,通訊與光電,6285,啟碁,PRIMARY in supplied stock overview; CORE equivalence not yet PM-approved,,NEEDS_REVIEW,UNRESEARCHED,UNRESEARCHED,UNRESEARCHED,UNRESEARCHED,Candidate pool only; durable public evidence has not yet been reviewed.,0,,LOW,Do not promote or assign weight until independent evidence review is complete.,false,leader-set-research.v2-candidate-pool
網通,通訊與光電,8048,德勝,PRIMARY in supplied stock overview; CORE equivalence not yet PM-approved,,NEEDS_REVIEW,UNRESEARCHED,UNRESEARCHED,UNRESEARCHED,UNRESEARCHED,Candidate pool only; durable public evidence has not yet been reviewed.,0,,LOW,Do not promote or assign weight until independent evidence review is complete.,false,leader-set-research.v2-candidate-pool
航太零組件,軍工國防,2630,亞航,PRIMARY in supplied stock overview; CORE equivalence not yet PM-approved,,NEEDS_REVIEW,UNRESEARCHED,UNRESEARCHED,UNRESEARCHED,UNRESEARCHED,Candidate pool only; durable public evidence has not yet been reviewed.,0,,LOW,Do not promote or assign weight until independent evidence review is complete.,false,leader-set-research.v2-candidate-pool
航太零組件,軍工國防,2634,漢翔,PRIMARY in supplied stock overview; CORE equivalence not yet PM-approved,,NEEDS_REVIEW,UNRESEARCHED,UNRESEARCHED,UNRESEARCHED,UNRESEARCHED,Candidate pool only; durable public evidence has not yet been reviewed.,0,,LOW,Do not promote or assign weight until independent evidence review is complete.,false,leader-set-research.v2-candidate-pool
航太零組件,軍工國防,2645,長榮航太,PRIMARY in supplied stock overview; CORE equivalence not yet PM-approved,,NEEDS_REVIEW,UNRESEARCHED,UNRESEARCHED,UNRESEARCHED,UNRESEARCHED,Candidate pool only; durable public evidence has not yet been reviewed.,0,,LOW,Do not promote or assign weight until independent evidence review is complete.,false,leader-set-research.v2-candidate-pool
航太零組件,軍工國防,3004,豐達科,PRIMARY in supplied stock overview; CORE equivalence not yet PM-approved,,NEEDS_REVIEW,UNRESEARCHED,UNRESEARCHED,UNRESEARCHED,UNRESEARCHED,Candidate pool only; durable public evidence has not yet been reviewed.,0,,LOW,Do not promote or assign weight until independent evidence review is complete.,false,leader-set-research.v2-candidate-pool
航太零組件,軍工國防,4572,駐龍,PRIMARY in supplied stock overview; CORE equivalence not yet PM-approved,,NEEDS_REVIEW,UNRESEARCHED,UNRESEARCHED,UNRESEARCHED,UNRESEARCHED,Candidate pool only; durable public evidence has not yet been reviewed.,0,,LOW,Do not promote or assign weight until independent evidence review is complete.,false,leader-set-research.v2-candidate-pool
航太零組件,軍工國防,8222,寶一,PRIMARY in supplied stock overview; CORE equivalence not yet PM-approved,,NEEDS_REVIEW,UNRESEARCHED,UNRESEARCHED,UNRESEARCHED,UNRESEARCHED,Candidate pool only; durable public evidence has not yet been reviewed.,0,,LOW,Do not promote or assign weight until independent evidence review is complete.,false,leader-set-research.v2-candidate-pool
視覺檢測,AI視覺,3535,晶彩科,PRIMARY in supplied stock overview; CORE equivalence not yet PM-approved,,NEEDS_REVIEW,UNRESEARCHED,UNRESEARCHED,UNRESEARCHED,UNRESEARCHED,Candidate pool only; durable public evidence has not yet been reviewed.,0,,LOW,Do not promote or assign weight until independent evidence review is complete.,false,leader-set-research.v2-candidate-pool
記憶體模組／通路,記憶體,2451,創見,PRIMARY in supplied stock overview; CORE equivalence not yet PM-approved,,NEEDS_REVIEW,UNRESEARCHED,UNRESEARCHED,UNRESEARCHED,UNRESEARCHED,Candidate pool only; durable public evidence has not yet been reviewed.,0,,LOW,Do not promote or assign weight until independent evidence review is complete.,false,leader-set-research.v2-candidate-pool
記憶體模組／通路,記憶體,3044,健鼎,PRIMARY in supplied stock overview; CORE equivalence not yet PM-approved,,NEEDS_REVIEW,UNRESEARCHED,UNRESEARCHED,UNRESEARCHED,UNRESEARCHED,Candidate pool only; durable public evidence has not yet been reviewed.,0,,LOW,Do not promote or assign weight until independent evidence review is complete.,false,leader-set-research.v2-candidate-pool
記憶體模組／通路,記憶體,3260,威剛,PRIMARY in supplied stock overview; CORE equivalence not yet PM-approved,,NEEDS_REVIEW,UNRESEARCHED,UNRESEARCHED,UNRESEARCHED,UNRESEARCHED,Candidate pool only; durable public evidence has not yet been reviewed.,0,,LOW,Do not promote or assign weight until independent evidence review is complete.,false,leader-set-research.v2-candidate-pool
記憶體模組／通路,記憶體,4967,十銓,PRIMARY in supplied stock overview; CORE equivalence not yet PM-approved,,NEEDS_REVIEW,UNRESEARCHED,UNRESEARCHED,UNRESEARCHED,UNRESEARCHED,Candidate pool only; durable public evidence has not yet been reviewed.,0,,LOW,Do not promote or assign weight until independent evidence review is complete.,false,leader-set-research.v2-candidate-pool
記憶體模組／通路,記憶體,4973,廣穎,PRIMARY in supplied stock overview; CORE equivalence not yet PM-approved,,NEEDS_REVIEW,UNRESEARCHED,UNRESEARCHED,UNRESEARCHED,UNRESEARCHED,Candidate pool only; durable public evidence has not yet been reviewed.,0,,LOW,Do not promote or assign weight until independent evidence review is complete.,false,leader-set-research.v2-candidate-pool
記憶體模組／通路,記憶體,5289,宜鼎,PRIMARY in supplied stock overview; CORE equivalence not yet PM-approved,,NEEDS_REVIEW,UNRESEARCHED,UNRESEARCHED,UNRESEARCHED,UNRESEARCHED,Candidate pool only; durable public evidence has not yet been reviewed.,0,,LOW,Do not promote or assign weight until independent evidence review is complete.,false,leader-set-research.v2-candidate-pool
記憶體模組／通路,記憶體,8088,品安,PRIMARY in supplied stock overview; CORE equivalence not yet PM-approved,,NEEDS_REVIEW,UNRESEARCHED,UNRESEARCHED,UNRESEARCHED,UNRESEARCHED,Candidate pool only; durable public evidence has not yet been reviewed.,0,,LOW,Do not promote or assign weight until independent evidence review is complete.,false,leader-set-research.v2-candidate-pool
記憶體模組／通路,記憶體,8096,擎亞,PRIMARY in supplied stock overview; CORE equivalence not yet PM-approved,,NEEDS_REVIEW,UNRESEARCHED,UNRESEARCHED,UNRESEARCHED,UNRESEARCHED,Candidate pool only; durable public evidence has not yet been reviewed.,0,,LOW,Do not promote or assign weight until independent evidence review is complete.,false,leader-set-research.v2-candidate-pool
記憶體模組／通路,記憶體,8112,至上,PRIMARY in supplied stock overview; CORE equivalence not yet PM-approved,,NEEDS_REVIEW,UNRESEARCHED,UNRESEARCHED,UNRESEARCHED,UNRESEARCHED,Candidate pool only; durable public evidence has not yet been reviewed.,0,,LOW,Do not promote or assign weight until independent evidence review is complete.,false,leader-set-research.v2-candidate-pool
記憶體模組／通路,記憶體,8271,宇瞻,PRIMARY in supplied stock overview; CORE equivalence not yet PM-approved,,NEEDS_REVIEW,UNRESEARCHED,UNRESEARCHED,UNRESEARCHED,UNRESEARCHED,Candidate pool only; durable public evidence has not yet been reviewed.,0,,LOW,Do not promote or assign weight until independent evidence review is complete.,false,leader-set-research.v2-candidate-pool
記憶體模組／通路,記憶體,8299,群聯,PRIMARY in supplied stock overview; CORE equivalence not yet PM-approved,,NEEDS_REVIEW,UNRESEARCHED,UNRESEARCHED,UNRESEARCHED,UNRESEARCHED,Candidate pool only; durable public evidence has not yet been reviewed.,0,,LOW,Do not promote or assign weight until independent evidence review is complete.,false,leader-set-research.v2-candidate-pool
記憶體製程,半導體製造,2408,南亞科,PRIMARY in supplied stock overview; CORE equivalence not yet PM-approved,,NEEDS_REVIEW,UNRESEARCHED,UNRESEARCHED,UNRESEARCHED,UNRESEARCHED,Candidate pool only; durable public evidence has not yet been reviewed.,0,,LOW,Do not promote or assign weight until independent evidence review is complete.,false,leader-set-research.v2-candidate-pool
車用功率半導體,車用電子,2241,艾姆勒,PRIMARY in supplied stock overview; CORE equivalence not yet PM-approved,,NEEDS_REVIEW,UNRESEARCHED,UNRESEARCHED,UNRESEARCHED,UNRESEARCHED,Candidate pool only; durable public evidence has not yet been reviewed.,0,,LOW,Do not promote or assign weight until independent evidence review is complete.,false,leader-set-research.v2-candidate-pool
車用功率半導體,車用電子,8255,朋程,PRIMARY in supplied stock overview; CORE equivalence not yet PM-approved,,NEEDS_REVIEW,UNRESEARCHED,UNRESEARCHED,UNRESEARCHED,UNRESEARCHED,Candidate pool only; durable public evidence has not yet been reviewed.,0,,LOW,Do not promote or assign weight until independent evidence review is complete.,false,leader-set-research.v2-candidate-pool
車用連接器,車用電子,3023,信邦,PRIMARY in supplied stock overview; CORE equivalence not yet PM-approved,,NEEDS_REVIEW,UNRESEARCHED,UNRESEARCHED,UNRESEARCHED,UNRESEARCHED,Candidate pool only; durable public evidence has not yet been reviewed.,0,,LOW,Do not promote or assign weight until independent evidence review is complete.,false,leader-set-research.v2-candidate-pool
車用連接器,車用電子,3484,崧騰,PRIMARY in supplied stock overview; CORE equivalence not yet PM-approved,,NEEDS_REVIEW,UNRESEARCHED,UNRESEARCHED,UNRESEARCHED,UNRESEARCHED,Candidate pool only; durable public evidence has not yet been reviewed.,0,,LOW,Do not promote or assign weight until independent evidence review is complete.,false,leader-set-research.v2-candidate-pool
車用連接器,車用電子,3526,凡甲,PRIMARY in supplied stock overview; CORE equivalence not yet PM-approved,,NEEDS_REVIEW,UNRESEARCHED,UNRESEARCHED,UNRESEARCHED,UNRESEARCHED,Candidate pool only; durable public evidence has not yet been reviewed.,0,,LOW,Do not promote or assign weight until independent evidence review is complete.,false,leader-set-research.v2-candidate-pool
車用連接器,車用電子,3665,貿聯-KY,PRIMARY in supplied stock overview; CORE equivalence not yet PM-approved,,NEEDS_REVIEW,UNRESEARCHED,UNRESEARCHED,UNRESEARCHED,UNRESEARCHED,Candidate pool only; durable public evidence has not yet been reviewed.,0,,LOW,Do not promote or assign weight until independent evidence review is complete.,false,leader-set-research.v2-candidate-pool
車用連接器,車用電子,5457,宣德,PRIMARY in supplied stock overview; CORE equivalence not yet PM-approved,,NEEDS_REVIEW,UNRESEARCHED,UNRESEARCHED,UNRESEARCHED,UNRESEARCHED,Candidate pool only; durable public evidence has not yet been reviewed.,0,,LOW,Do not promote or assign weight until independent evidence review is complete.,false,leader-set-research.v2-candidate-pool
車用連接器,車用電子,6205,詮欣,PRIMARY in supplied stock overview; CORE equivalence not yet PM-approved,,NEEDS_REVIEW,UNRESEARCHED,UNRESEARCHED,UNRESEARCHED,UNRESEARCHED,Candidate pool only; durable public evidence has not yet been reviewed.,0,,LOW,Do not promote or assign weight until independent evidence review is complete.,false,leader-set-research.v2-candidate-pool
車用連接器,車用電子,6279,胡連,PRIMARY in supplied stock overview; CORE equivalence not yet PM-approved,,NEEDS_REVIEW,UNRESEARCHED,UNRESEARCHED,UNRESEARCHED,UNRESEARCHED,Candidate pool only; durable public evidence has not yet been reviewed.,0,,LOW,Do not promote or assign weight until independent evidence review is complete.,false,leader-set-research.v2-candidate-pool
軍工船舶,軍工國防,2634,漢翔,PRIMARY in supplied stock overview; CORE equivalence not yet PM-approved,,NEEDS_REVIEW,UNRESEARCHED,UNRESEARCHED,UNRESEARCHED,UNRESEARCHED,Candidate pool only; durable public evidence has not yet been reviewed.,0,,LOW,Do not promote or assign weight until independent evidence review is complete.,false,leader-set-research.v2-candidate-pool
軍工船舶,軍工國防,6753,龍德造船,PRIMARY in supplied stock overview; CORE equivalence not yet PM-approved,,NEEDS_REVIEW,UNRESEARCHED,UNRESEARCHED,UNRESEARCHED,UNRESEARCHED,Candidate pool only; durable public evidence has not yet been reviewed.,0,,LOW,Do not promote or assign weight until independent evidence review is complete.,false,leader-set-research.v2-candidate-pool
重電,電力與能源,1503,士電,PRIMARY in supplied stock overview; CORE equivalence not yet PM-approved,,NEEDS_REVIEW,UNRESEARCHED,UNRESEARCHED,UNRESEARCHED,UNRESEARCHED,Candidate pool only; durable public evidence has not yet been reviewed.,0,,LOW,Do not promote or assign weight until independent evidence review is complete.,false,leader-set-research.v2-candidate-pool
重電,電力與能源,1504,東元,PRIMARY in supplied stock overview; CORE equivalence not yet PM-approved,,NEEDS_REVIEW,UNRESEARCHED,UNRESEARCHED,UNRESEARCHED,UNRESEARCHED,Candidate pool only; durable public evidence has not yet been reviewed.,0,,LOW,Do not promote or assign weight until independent evidence review is complete.,false,leader-set-research.v2-candidate-pool
重電,電力與能源,1513,中興電,PRIMARY in supplied stock overview; CORE equivalence not yet PM-approved,,NEEDS_REVIEW,UNRESEARCHED,UNRESEARCHED,UNRESEARCHED,UNRESEARCHED,Candidate pool only; durable public evidence has not yet been reviewed.,0,,LOW,Do not promote or assign weight until independent evidence review is complete.,false,leader-set-research.v2-candidate-pool
重電,電力與能源,1514,亞力,PRIMARY in supplied stock overview; CORE equivalence not yet PM-approved,,NEEDS_REVIEW,UNRESEARCHED,UNRESEARCHED,UNRESEARCHED,UNRESEARCHED,Candidate pool only; durable public evidence has not yet been reviewed.,0,,LOW,Do not promote or assign weight until independent evidence review is complete.,false,leader-set-research.v2-candidate-pool
重電,電力與能源,1519,華城,PRIMARY in supplied stock overview; CORE equivalence not yet PM-approved,,NEEDS_REVIEW,UNRESEARCHED,UNRESEARCHED,UNRESEARCHED,UNRESEARCHED,Candidate pool only; durable public evidence has not yet been reviewed.,0,,LOW,Do not promote or assign weight until independent evidence review is complete.,false,leader-set-research.v2-candidate-pool
重電,電力與能源,1609,大亞,PRIMARY in supplied stock overview; CORE equivalence not yet PM-approved,,NEEDS_REVIEW,UNRESEARCHED,UNRESEARCHED,UNRESEARCHED,UNRESEARCHED,Candidate pool only; durable public evidence has not yet been reviewed.,0,,LOW,Do not promote or assign weight until independent evidence review is complete.,false,leader-set-research.v2-candidate-pool
鋁電容,被動元件,2375,凱美,PRIMARY in supplied stock overview; CORE equivalence not yet PM-approved,,NEEDS_REVIEW,UNRESEARCHED,UNRESEARCHED,UNRESEARCHED,UNRESEARCHED,Candidate pool only; durable public evidence has not yet been reviewed.,0,,LOW,Do not promote or assign weight until independent evidence review is complete.,false,leader-set-research.v2-candidate-pool
鋁電容,被動元件,2472,立隆電,PRIMARY in supplied stock overview; CORE equivalence not yet PM-approved,,NEEDS_REVIEW,UNRESEARCHED,UNRESEARCHED,UNRESEARCHED,UNRESEARCHED,Candidate pool only; durable public evidence has not yet been reviewed.,0,,LOW,Do not promote or assign weight until independent evidence review is complete.,false,leader-set-research.v2-candidate-pool
鋁電容,被動元件,3090,日電貿,PRIMARY in supplied stock overview; CORE equivalence not yet PM-approved,,NEEDS_REVIEW,UNRESEARCHED,UNRESEARCHED,UNRESEARCHED,UNRESEARCHED,Candidate pool only; durable public evidence has not yet been reviewed.,0,,LOW,Do not promote or assign weight until independent evidence review is complete.,false,leader-set-research.v2-candidate-pool
鋁電容,被動元件,6175,立敦,PRIMARY in supplied stock overview; CORE equivalence not yet PM-approved,,NEEDS_REVIEW,UNRESEARCHED,UNRESEARCHED,UNRESEARCHED,UNRESEARCHED,Candidate pool only; durable public evidence has not yet been reviewed.,0,,LOW,Do not promote or assign weight until independent evidence review is complete.,false,leader-set-research.v2-candidate-pool
鋁電容,被動元件,8042,金山電,PRIMARY in supplied stock overview; CORE equivalence not yet PM-approved,,NEEDS_REVIEW,UNRESEARCHED,UNRESEARCHED,UNRESEARCHED,UNRESEARCHED,Candidate pool only; durable public evidence has not yet been reviewed.,0,,LOW,Do not promote or assign weight until independent evidence review is complete.,false,leader-set-research.v2-candidate-pool
鋼鐵／不鏽鋼材料,傳統產業材料,1605,華新,PRIMARY in supplied stock overview; CORE equivalence not yet PM-approved,,NEEDS_REVIEW,UNRESEARCHED,UNRESEARCHED,UNRESEARCHED,UNRESEARCHED,Candidate pool only; durable public evidence has not yet been reviewed.,0,,LOW,Do not promote or assign weight until independent evidence review is complete.,false,leader-set-research.v2-candidate-pool
鋼鐵／不鏽鋼材料,傳統產業材料,1612,宏泰,PRIMARY in supplied stock overview; CORE equivalence not yet PM-approved,,NEEDS_REVIEW,UNRESEARCHED,UNRESEARCHED,UNRESEARCHED,UNRESEARCHED,Candidate pool only; durable public evidence has not yet been reviewed.,0,,LOW,Do not promote or assign weight until independent evidence review is complete.,false,leader-set-research.v2-candidate-pool
鋼鐵／不鏽鋼材料,傳統產業材料,2002,中鋼,PRIMARY in supplied stock overview; CORE equivalence not yet PM-approved,,NEEDS_REVIEW,UNRESEARCHED,UNRESEARCHED,UNRESEARCHED,UNRESEARCHED,Candidate pool only; durable public evidence has not yet been reviewed.,0,,LOW,Do not promote or assign weight until independent evidence review is complete.,false,leader-set-research.v2-candidate-pool
鋼鐵／不鏽鋼材料,傳統產業材料,2007,燁興,PRIMARY in supplied stock overview; CORE equivalence not yet PM-approved,,NEEDS_REVIEW,UNRESEARCHED,UNRESEARCHED,UNRESEARCHED,UNRESEARCHED,Candidate pool only; durable public evidence has not yet been reviewed.,0,,LOW,Do not promote or assign weight until independent evidence review is complete.,false,leader-set-research.v2-candidate-pool
鋼鐵／不鏽鋼材料,傳統產業材料,2025,千興,PRIMARY in supplied stock overview; CORE equivalence not yet PM-approved,,NEEDS_REVIEW,UNRESEARCHED,UNRESEARCHED,UNRESEARCHED,UNRESEARCHED,Candidate pool only; durable public evidence has not yet been reviewed.,0,,LOW,Do not promote or assign weight until independent evidence review is complete.,false,leader-set-research.v2-candidate-pool
鋼鐵／不鏽鋼材料,傳統產業材料,2027,大成鋼,PRIMARY in supplied stock overview; CORE equivalence not yet PM-approved,,NEEDS_REVIEW,UNRESEARCHED,UNRESEARCHED,UNRESEARCHED,UNRESEARCHED,Candidate pool only; durable public evidence has not yet been reviewed.,0,,LOW,Do not promote or assign weight until independent evidence review is complete.,false,leader-set-research.v2-candidate-pool
鋼鐵／不鏽鋼材料,傳統產業材料,2031,新光鋼,PRIMARY in supplied stock overview; CORE equivalence not yet PM-approved,,NEEDS_REVIEW,UNRESEARCHED,UNRESEARCHED,UNRESEARCHED,UNRESEARCHED,Candidate pool only; durable public evidence has not yet been reviewed.,0,,LOW,Do not promote or assign weight until independent evidence review is complete.,false,leader-set-research.v2-candidate-pool
鋼鐵／不鏽鋼材料,傳統產業材料,2034,允強,PRIMARY in supplied stock overview; CORE equivalence not yet PM-approved,,NEEDS_REVIEW,UNRESEARCHED,UNRESEARCHED,UNRESEARCHED,UNRESEARCHED,Candidate pool only; durable public evidence has not yet been reviewed.,0,,LOW,Do not promote or assign weight until independent evidence review is complete.,false,leader-set-research.v2-candidate-pool
鋼鐵／不鏽鋼材料,傳統產業材料,5009,榮剛,PRIMARY in supplied stock overview; CORE equivalence not yet PM-approved,,NEEDS_REVIEW,UNRESEARCHED,UNRESEARCHED,UNRESEARCHED,UNRESEARCHED,Candidate pool only; durable public evidence has not yet been reviewed.,0,,LOW,Do not promote or assign weight until independent evidence review is complete.,false,leader-set-research.v2-candidate-pool
鋼鐵／不鏽鋼材料,傳統產業材料,5011,久陽,PRIMARY in supplied stock overview; CORE equivalence not yet PM-approved,,NEEDS_REVIEW,UNRESEARCHED,UNRESEARCHED,UNRESEARCHED,UNRESEARCHED,Candidate pool only; durable public evidence has not yet been reviewed.,0,,LOW,Do not promote or assign weight until independent evidence review is complete.,false,leader-set-research.v2-candidate-pool
開他 AI伺服器供應鏈,,3693,營邦,PRIMARY in supplied stock overview; CORE equivalence not yet PM-approved,,NEEDS_REVIEW,UNRESEARCHED,UNRESEARCHED,UNRESEARCHED,UNRESEARCHED,Candidate pool only; durable public evidence has not yet been reviewed.,0,,LOW,Do not promote or assign weight until independent evidence review is complete.,true,leader-set-research.v2-candidate-pool
離岸風電／鋼構,電力與能源,7786,東方風能,PRIMARY in supplied stock overview; CORE equivalence not yet PM-approved,,NEEDS_REVIEW,UNRESEARCHED,UNRESEARCHED,UNRESEARCHED,UNRESEARCHED,Candidate pool only; durable public evidence has not yet been reviewed.,0,,LOW,Do not promote or assign weight until independent evidence review is complete.,false,leader-set-research.v2-candidate-pool
離岸風電／鋼構,電力與能源,9958,世紀鋼,PRIMARY in supplied stock overview; CORE equivalence not yet PM-approved,,NEEDS_REVIEW,UNRESEARCHED,UNRESEARCHED,UNRESEARCHED,UNRESEARCHED,Candidate pool only; durable public evidence has not yet been reviewed.,0,,LOW,Do not promote or assign weight until independent evidence review is complete.,false,leader-set-research.v2-candidate-pool
雲端資安,資安服務,6112,邁達特,PRIMARY in supplied stock overview; CORE equivalence not yet PM-approved,,NEEDS_REVIEW,UNRESEARCHED,UNRESEARCHED,UNRESEARCHED,UNRESEARCHED,Candidate pool only; durable public evidence has not yet been reviewed.,0,,LOW,Do not promote or assign weight until independent evidence review is complete.,false,leader-set-research.v2-candidate-pool
雲端資安,資安服務,6214,精誠,PRIMARY in supplied stock overview; CORE equivalence not yet PM-approved,,NEEDS_REVIEW,UNRESEARCHED,UNRESEARCHED,UNRESEARCHED,UNRESEARCHED,Candidate pool only; durable public evidence has not yet been reviewed.,0,,LOW,Do not promote or assign weight until independent evidence review is complete.,false,leader-set-research.v2-candidate-pool
雲端資安,資安服務,6690,安碁資訊,PRIMARY in supplied stock overview; CORE equivalence not yet PM-approved,,NEEDS_REVIEW,UNRESEARCHED,UNRESEARCHED,UNRESEARCHED,UNRESEARCHED,Candidate pool only; durable public evidence has not yet been reviewed.,0,,LOW,Do not promote or assign weight until independent evidence review is complete.,false,leader-set-research.v2-candidate-pool
雲端資安,資安服務,6752,叡揚,PRIMARY in supplied stock overview; CORE equivalence not yet PM-approved,,NEEDS_REVIEW,UNRESEARCHED,UNRESEARCHED,UNRESEARCHED,UNRESEARCHED,Candidate pool only; durable public evidence has not yet been reviewed.,0,,LOW,Do not promote or assign weight until independent evidence review is complete.,false,leader-set-research.v2-candidate-pool
雲端資安,資安服務,7714,創泓科,PRIMARY in supplied stock overview; CORE equivalence not yet PM-approved,,NEEDS_REVIEW,UNRESEARCHED,UNRESEARCHED,UNRESEARCHED,UNRESEARCHED,Candidate pool only; durable public evidence has not yet been reviewed.,0,,LOW,Do not promote or assign weight until independent evidence review is complete.,false,leader-set-research.v2-candidate-pool
雷達與感測,軍工國防,5222,全訊,PRIMARY in supplied stock overview; CORE equivalence not yet PM-approved,,NEEDS_REVIEW,UNRESEARCHED,UNRESEARCHED,UNRESEARCHED,UNRESEARCHED,Candidate pool only; durable public evidence has not yet been reviewed.,0,,LOW,Do not promote or assign weight until independent evidence review is complete.,false,leader-set-research.v2-candidate-pool
雷達與感測,軍工國防,7402,邑錡,PRIMARY in supplied stock overview; CORE equivalence not yet PM-approved,,NEEDS_REVIEW,UNRESEARCHED,UNRESEARCHED,UNRESEARCHED,UNRESEARCHED,Candidate pool only; durable public evidence has not yet been reviewed.,0,,LOW,Do not promote or assign weight until independent evidence review is complete.,false,leader-set-research.v2-candidate-pool
電子化學材料,半導體材料,1711,永光,PRIMARY in supplied stock overview; CORE equivalence not yet PM-approved,,NEEDS_REVIEW,UNRESEARCHED,UNRESEARCHED,UNRESEARCHED,UNRESEARCHED,Candidate pool only; durable public evidence has not yet been reviewed.,0,,LOW,Do not promote or assign weight until independent evidence review is complete.,false,leader-set-research.v2-candidate-pool
電子化學材料,半導體材料,1727,中華化,PRIMARY in supplied stock overview; CORE equivalence not yet PM-approved,,NEEDS_REVIEW,UNRESEARCHED,UNRESEARCHED,UNRESEARCHED,UNRESEARCHED,Candidate pool only; durable public evidence has not yet been reviewed.,0,,LOW,Do not promote or assign weight until independent evidence review is complete.,false,leader-set-research.v2-candidate-pool
電子化學材料,半導體材料,1773,勝一,PRIMARY in supplied stock overview; CORE equivalence not yet PM-approved,,NEEDS_REVIEW,UNRESEARCHED,UNRESEARCHED,UNRESEARCHED,UNRESEARCHED,Candidate pool only; durable public evidence has not yet been reviewed.,0,,LOW,Do not promote or assign weight until independent evidence review is complete.,false,leader-set-research.v2-candidate-pool
電子化學材料,半導體材料,1785,光洋科,PRIMARY in supplied stock overview; CORE equivalence not yet PM-approved,,NEEDS_REVIEW,UNRESEARCHED,UNRESEARCHED,UNRESEARCHED,UNRESEARCHED,Candidate pool only; durable public evidence has not yet been reviewed.,0,,LOW,Do not promote or assign weight until independent evidence review is complete.,false,leader-set-research.v2-candidate-pool
電子化學材料,半導體材料,4760,勤凱,PRIMARY in supplied stock overview; CORE equivalence not yet PM-approved,,NEEDS_REVIEW,UNRESEARCHED,UNRESEARCHED,UNRESEARCHED,UNRESEARCHED,Candidate pool only; durable public evidence has not yet been reviewed.,0,,LOW,Do not promote or assign weight until independent evidence review is complete.,false,leader-set-research.v2-candidate-pool
電子化學材料,半導體材料,5434,崇越,PRIMARY in supplied stock overview; CORE equivalence not yet PM-approved,,NEEDS_REVIEW,UNRESEARCHED,UNRESEARCHED,UNRESEARCHED,UNRESEARCHED,Candidate pool only; durable public evidence has not yet been reviewed.,0,,LOW,Do not promote or assign weight until independent evidence review is complete.,false,leader-set-research.v2-candidate-pool
電感,被動元件,2327,國巨,PRIMARY in supplied stock overview; CORE equivalence not yet PM-approved,,NEEDS_REVIEW,UNRESEARCHED,UNRESEARCHED,UNRESEARCHED,UNRESEARCHED,Candidate pool only; durable public evidence has not yet been reviewed.,0,,LOW,Do not promote or assign weight until independent evidence review is complete.,false,leader-set-research.v2-candidate-pool
電感,被動元件,2375,凱美,PRIMARY in supplied stock overview; CORE equivalence not yet PM-approved,,NEEDS_REVIEW,UNRESEARCHED,UNRESEARCHED,UNRESEARCHED,UNRESEARCHED,Candidate pool only; durable public evidence has not yet been reviewed.,0,,LOW,Do not promote or assign weight until independent evidence review is complete.,false,leader-set-research.v2-candidate-pool
電感,被動元件,3236,千如,PRIMARY in supplied stock overview; CORE equivalence not yet PM-approved,,NEEDS_REVIEW,UNRESEARCHED,UNRESEARCHED,UNRESEARCHED,UNRESEARCHED,Candidate pool only; durable public evidence has not yet been reviewed.,0,,LOW,Do not promote or assign weight until independent evidence review is complete.,false,leader-set-research.v2-candidate-pool
電感,被動元件,3357,臺慶科,PRIMARY in supplied stock overview; CORE equivalence not yet PM-approved,,NEEDS_REVIEW,UNRESEARCHED,UNRESEARCHED,UNRESEARCHED,UNRESEARCHED,Candidate pool only; durable public evidence has not yet been reviewed.,0,,LOW,Do not promote or assign weight until independent evidence review is complete.,false,leader-set-research.v2-candidate-pool
電感,被動元件,5228,鈺鎧,PRIMARY in supplied stock overview; CORE equivalence not yet PM-approved,,NEEDS_REVIEW,UNRESEARCHED,UNRESEARCHED,UNRESEARCHED,UNRESEARCHED,Candidate pool only; durable public evidence has not yet been reviewed.,0,,LOW,Do not promote or assign weight until independent evidence review is complete.,false,leader-set-research.v2-candidate-pool
電感,被動元件,6432,今展科,PRIMARY in supplied stock overview; CORE equivalence not yet PM-approved,,NEEDS_REVIEW,UNRESEARCHED,UNRESEARCHED,UNRESEARCHED,UNRESEARCHED,Candidate pool only; durable public evidence has not yet been reviewed.,0,,LOW,Do not promote or assign weight until independent evidence review is complete.,false,leader-set-research.v2-candidate-pool
電感,被動元件,6821,聯寶,PRIMARY in supplied stock overview; CORE equivalence not yet PM-approved,,NEEDS_REVIEW,UNRESEARCHED,UNRESEARCHED,UNRESEARCHED,UNRESEARCHED,Candidate pool only; durable public evidence has not yet been reviewed.,0,,LOW,Do not promote or assign weight until independent evidence review is complete.,false,leader-set-research.v2-candidate-pool
顯卡,AI運算與伺服器,2376,技嘉,PRIMARY in supplied stock overview; CORE equivalence not yet PM-approved,,NEEDS_REVIEW,UNRESEARCHED,UNRESEARCHED,UNRESEARCHED,UNRESEARCHED,Candidate pool only; durable public evidence has not yet been reviewed.,0,,LOW,Do not promote or assign weight until independent evidence review is complete.,false,leader-set-research.v2-candidate-pool
顯卡,AI運算與伺服器,2377,微星,PRIMARY in supplied stock overview; CORE equivalence not yet PM-approved,,NEEDS_REVIEW,UNRESEARCHED,UNRESEARCHED,UNRESEARCHED,UNRESEARCHED,Candidate pool only; durable public evidence has not yet been reviewed.,0,,LOW,Do not promote or assign weight until independent evidence review is complete.,false,leader-set-research.v2-candidate-pool
顯卡,AI運算與伺服器,2399,映泰,PRIMARY in supplied stock overview; CORE equivalence not yet PM-approved,,NEEDS_REVIEW,UNRESEARCHED,UNRESEARCHED,UNRESEARCHED,UNRESEARCHED,Candidate pool only; durable public evidence has not yet been reviewed.,0,,LOW,Do not promote or assign weight until independent evidence review is complete.,false,leader-set-research.v2-candidate-pool
顯卡,AI運算與伺服器,2425,承啟,PRIMARY in supplied stock overview; CORE equivalence not yet PM-approved,,NEEDS_REVIEW,UNRESEARCHED,UNRESEARCHED,UNRESEARCHED,UNRESEARCHED,Candidate pool only; durable public evidence has not yet been reviewed.,0,,LOW,Do not promote or assign weight until independent evidence review is complete.,false,leader-set-research.v2-candidate-pool
顯卡,AI運算與伺服器,2465,麗臺,PRIMARY in supplied stock overview; CORE equivalence not yet PM-approved,,NEEDS_REVIEW,UNRESEARCHED,UNRESEARCHED,UNRESEARCHED,UNRESEARCHED,Candidate pool only; durable public evidence has not yet been reviewed.,0,,LOW,Do not promote or assign weight until independent evidence review is complete.,false,leader-set-research.v2-candidate-pool
顯卡,AI運算與伺服器,5386,青雲,PRIMARY in supplied stock overview; CORE equivalence not yet PM-approved,,NEEDS_REVIEW,UNRESEARCHED,UNRESEARCHED,UNRESEARCHED,UNRESEARCHED,Candidate pool only; durable public evidence has not yet been reviewed.,0,,LOW,Do not promote or assign weight until independent evidence review is complete.,false,leader-set-research.v2-candidate-pool
顯卡,AI運算與伺服器,6150,撼訊,PRIMARY in supplied stock overview; CORE equivalence not yet PM-approved,,NEEDS_REVIEW,UNRESEARCHED,UNRESEARCHED,UNRESEARCHED,UNRESEARCHED,Candidate pool only; durable public evidence has not yet been reviewed.,0,,LOW,Do not promote or assign weight until independent evidence review is complete.,false,leader-set-research.v2-candidate-pool
風冷散熱,熱管理,2308,台達電,PRIMARY in supplied stock overview; CORE equivalence not yet PM-approved,,NEEDS_REVIEW,UNRESEARCHED,UNRESEARCHED,UNRESEARCHED,UNRESEARCHED,Candidate pool only; durable public evidence has not yet been reviewed.,0,,LOW,Do not promote or assign weight until independent evidence review is complete.,false,leader-set-research.v2-candidate-pool
風冷散熱,熱管理,2421,建準,PRIMARY in supplied stock overview; CORE equivalence not yet PM-approved,,NEEDS_REVIEW,UNRESEARCHED,UNRESEARCHED,UNRESEARCHED,UNRESEARCHED,Candidate pool only; durable public evidence has not yet been reviewed.,0,,LOW,Do not promote or assign weight until independent evidence review is complete.,false,leader-set-research.v2-candidate-pool
風冷散熱,熱管理,3071,協禧,PRIMARY in supplied stock overview; CORE equivalence not yet PM-approved,,NEEDS_REVIEW,UNRESEARCHED,UNRESEARCHED,UNRESEARCHED,UNRESEARCHED,Candidate pool only; durable public evidence has not yet been reviewed.,0,,LOW,Do not promote or assign weight until independent evidence review is complete.,false,leader-set-research.v2-candidate-pool
風冷散熱,熱管理,6275,元山,PRIMARY in supplied stock overview; CORE equivalence not yet PM-approved,,NEEDS_REVIEW,UNRESEARCHED,UNRESEARCHED,UNRESEARCHED,UNRESEARCHED,Candidate pool only; durable public evidence has not yet been reviewed.,0,,LOW,Do not promote or assign weight until independent evidence review is complete.,false,leader-set-research.v2-candidate-pool
風冷散熱,熱管理,6591,動力-KY,PRIMARY in supplied stock overview; CORE equivalence not yet PM-approved,,NEEDS_REVIEW,UNRESEARCHED,UNRESEARCHED,UNRESEARCHED,UNRESEARCHED,Candidate pool only; durable public evidence has not yet been reviewed.,0,,LOW,Do not promote or assign weight until independent evidence review is complete.,false,leader-set-research.v2-candidate-pool
風冷散熱,熱管理,6831,邁科,PRIMARY in supplied stock overview; CORE equivalence not yet PM-approved,,NEEDS_REVIEW,UNRESEARCHED,UNRESEARCHED,UNRESEARCHED,UNRESEARCHED,Candidate pool only; durable public evidence has not yet been reviewed.,0,,LOW,Do not promote or assign weight until independent evidence review is complete.,false,leader-set-research.v2-candidate-pool
高速介面,高速互連,4966,譜瑞-KY,PRIMARY in supplied stock overview; CORE equivalence not yet PM-approved,,NEEDS_REVIEW,UNRESEARCHED,UNRESEARCHED,UNRESEARCHED,UNRESEARCHED,Candidate pool only; durable public evidence has not yet been reviewed.,0,,LOW,Do not promote or assign weight until independent evidence review is complete.,false,leader-set-research.v2-candidate-pool
高速介面,高速互連,5269,祥碩,PRIMARY in supplied stock overview; CORE equivalence not yet PM-approved,,NEEDS_REVIEW,UNRESEARCHED,UNRESEARCHED,UNRESEARCHED,UNRESEARCHED,Candidate pool only; durable public evidence has not yet been reviewed.,0,,LOW,Do not promote or assign weight until independent evidence review is complete.,false,leader-set-research.v2-candidate-pool
高速介面,高速互連,6684,安格,PRIMARY in supplied stock overview; CORE equivalence not yet PM-approved,,NEEDS_REVIEW,UNRESEARCHED,UNRESEARCHED,UNRESEARCHED,UNRESEARCHED,Candidate pool only; durable public evidence has not yet been reviewed.,0,,LOW,Do not promote or assign weight until independent evidence review is complete.,false,leader-set-research.v2-candidate-pool
高速介面,高速互連,6756,威鋒電子,PRIMARY in supplied stock overview; CORE equivalence not yet PM-approved,,NEEDS_REVIEW,UNRESEARCHED,UNRESEARCHED,UNRESEARCHED,UNRESEARCHED,Candidate pool only; durable public evidence has not yet been reviewed.,0,,LOW,Do not promote or assign weight until independent evidence review is complete.,false,leader-set-research.v2-candidate-pool
高速傳輸,高速互連,4966,譜瑞-KY,PRIMARY in supplied stock overview; CORE equivalence not yet PM-approved,,NEEDS_REVIEW,UNRESEARCHED,UNRESEARCHED,UNRESEARCHED,UNRESEARCHED,Candidate pool only; durable public evidence has not yet been reviewed.,0,,LOW,Do not promote or assign weight until independent evidence review is complete.,false,leader-set-research.v2-candidate-pool
高速傳輸,高速互連,5269,祥碩,PRIMARY in supplied stock overview; CORE equivalence not yet PM-approved,,NEEDS_REVIEW,UNRESEARCHED,UNRESEARCHED,UNRESEARCHED,UNRESEARCHED,Candidate pool only; durable public evidence has not yet been reviewed.,0,,LOW,Do not promote or assign weight until independent evidence review is complete.,false,leader-set-research.v2-candidate-pool
高速傳輸,高速互連,6684,安格,PRIMARY in supplied stock overview; CORE equivalence not yet PM-approved,,NEEDS_REVIEW,UNRESEARCHED,UNRESEARCHED,UNRESEARCHED,UNRESEARCHED,Candidate pool only; durable public evidence has not yet been reviewed.,0,,LOW,Do not promote or assign weight until independent evidence review is complete.,false,leader-set-research.v2-candidate-pool
高速傳輸,高速互連,6756,威鋒電子,PRIMARY in supplied stock overview; CORE equivalence not yet PM-approved,,NEEDS_REVIEW,UNRESEARCHED,UNRESEARCHED,UNRESEARCHED,UNRESEARCHED,Candidate pool only; durable public evidence has not yet been reviewed.,0,,LOW,Do not promote or assign weight until independent evidence review is complete.,false,leader-set-research.v2-candidate-pool
高速連接器,電子連接,3605,宏致,PRIMARY in supplied stock overview; CORE equivalence not yet PM-approved,,NEEDS_REVIEW,UNRESEARCHED,UNRESEARCHED,UNRESEARCHED,UNRESEARCHED,Candidate pool only; durable public evidence has not yet been reviewed.,0,,LOW,Do not promote or assign weight until independent evidence review is complete.,false,leader-set-research.v2-candidate-pool
高速連接器,電子連接,3665,貿聯-KY,PRIMARY in supplied stock overview; CORE equivalence not yet PM-approved,,NEEDS_REVIEW,UNRESEARCHED,UNRESEARCHED,UNRESEARCHED,UNRESEARCHED,Candidate pool only; durable public evidence has not yet been reviewed.,0,,LOW,Do not promote or assign weight until independent evidence review is complete.,false,leader-set-research.v2-candidate-pool
高速連接器,電子連接,5457,宣德,PRIMARY in supplied stock overview; CORE equivalence not yet PM-approved,,NEEDS_REVIEW,UNRESEARCHED,UNRESEARCHED,UNRESEARCHED,UNRESEARCHED,Candidate pool only; durable public evidence has not yet been reviewed.,0,,LOW,Do not promote or assign weight until independent evidence review is complete.,false,leader-set-research.v2-candidate-pool
高速連接器,電子連接,6197,佳必琪,PRIMARY in supplied stock overview; CORE equivalence not yet PM-approved,,NEEDS_REVIEW,UNRESEARCHED,UNRESEARCHED,UNRESEARCHED,UNRESEARCHED,Candidate pool only; durable public evidence has not yet been reviewed.,0,,LOW,Do not promote or assign weight until independent evidence review is complete.,false,leader-set-research.v2-candidate-pool
高速連接器,電子連接,6205,詮欣,PRIMARY in supplied stock overview; CORE equivalence not yet PM-approved,,NEEDS_REVIEW,UNRESEARCHED,UNRESEARCHED,UNRESEARCHED,UNRESEARCHED,Candidate pool only; durable public evidence has not yet been reviewed.,0,,LOW,Do not promote or assign weight until independent evidence review is complete.,false,leader-set-research.v2-candidate-pool
高速連接器,電子連接,6715,嘉基,PRIMARY in supplied stock overview; CORE equivalence not yet PM-approved,,NEEDS_REVIEW,UNRESEARCHED,UNRESEARCHED,UNRESEARCHED,UNRESEARCHED,Candidate pool only; durable public evidence has not yet been reviewed.,0,,LOW,Do not promote or assign weight until independent evidence review is complete.,false,leader-set-research.v2-candidate-pool
高頻電子材料,,6213,聯茂,PRIMARY in supplied stock overview; CORE equivalence not yet PM-approved,,NEEDS_REVIEW,UNRESEARCHED,UNRESEARCHED,UNRESEARCHED,UNRESEARCHED,Candidate pool only; durable public evidence has not yet been reviewed.,0,,LOW,Do not promote or assign weight until independent evidence review is complete.,true,leader-set-research.v2-candidate-pool
高頻電子材料,,6274,台燿,PRIMARY in supplied stock overview; CORE equivalence not yet PM-approved,,NEEDS_REVIEW,UNRESEARCHED,UNRESEARCHED,UNRESEARCHED,UNRESEARCHED,Candidate pool only; durable public evidence has not yet been reviewed.,0,,LOW,Do not promote or assign weight until independent evidence review is complete.,true,leader-set-research.v2-candidate-pool
