cohort,scope,lifecycle_stage,feature,feature_role,analysis_type,bin,horizon,N,instrument_count,feature_mean,feature_median,endpoint_mean,endpoint_median,mfe_mean,mfe_median,mae_mean,mae_median,small_sample_flag,threshold_policy
A2,WITHIN_LIFECYCLE,MAIN_RISE,positive_breadth,RAW_EVIDENCE_VECTOR,QUANTILE_BIN,Q1,5,109,92,0.36657027522935776,0.357143,0.04336335899001027,0.012048192771084265,0.12963422523300744,0.0926640926640927,-0.057458588188282214,-0.06284153005464477,False,NO_ARBITRARY_THRESHOLD; DESCRIPTIVE_QUANTILES_ONLY
A2,WITHIN_LIFECYCLE,MAIN_RISE,positive_breadth,RAW_EVIDENCE_VECTOR,QUANTILE_BIN,Q2,5,108,98,0.6972596944444445,0.703704,0.030722836124970385,0.021378930720335254,0.1259031986775939,0.09939745450668758,-0.06399197539872692,-0.05551586968092559,False,NO_ARBITRARY_THRESHOLD; DESCRIPTIVE_QUANTILES_ONLY
A2,WITHIN_LIFECYCLE,MAIN_RISE,positive_breadth,RAW_EVIDENCE_VECTOR,QUANTILE_BIN,Q3,5,108,91,0.8710517222222223,0.857143,0.036840103488097714,0.022763724763911752,0.11793631909915381,0.08763465349699529,-0.05336275887729472,-0.04804347581362367,False,NO_ARBITRARY_THRESHOLD; DESCRIPTIVE_QUANTILES_ONLY
A2,WITHIN_LIFECYCLE,MAIN_RISE,positive_breadth,RAW_EVIDENCE_VECTOR,QUANTILE_BIN,Q4,5,109,79,0.989230623853211,1.0,0.07499724037802294,0.053330611689460405,0.17133442409882196,0.1506570198893289,-0.03622416715888174,-0.0302934994967734,False,NO_ARBITRARY_THRESHOLD; DESCRIPTIVE_QUANTILES_ONLY
A2,WITHIN_LIFECYCLE,MAIN_RISE,positive_breadth,RAW_EVIDENCE_VECTOR,QUANTILE_BIN,ALL_SMALL_SAMPLE,5,0,0,,,,,,,,,True,NO_ARBITRARY_THRESHOLD; DESCRIPTIVE_QUANTILES_ONLY
A2,WITHIN_LIFECYCLE,MAIN_RISE,positive_breadth,RAW_EVIDENCE_VECTOR,CONTINUOUS_MONOTONICITY,ORDERED_Q1_TO_Q4,5,434,225,0.7307832511520738,0.804762,,,,,,,False,NO_ARBITRARY_THRESHOLD; DESCRIPTIVE_QUANTILES_ONLY
A2,WITHIN_LIFECYCLE,MAIN_RISE,strong_breadth,RAW_EVIDENCE_VECTOR,QUANTILE_BIN,Q1,5,120,102,0.152367375,0.151923,0.0330083824022608,0.010729613733905685,0.11411609563135251,0.08391608391608396,-0.059628225767746686,-0.06584362139917699,False,NO_ARBITRARY_THRESHOLD; DESCRIPTIVE_QUANTILES_ONLY
A2,WITHIN_LIFECYCLE,MAIN_RISE,strong_breadth,RAW_EVIDENCE_VECTOR,QUANTILE_BIN,Q2,5,107,88,0.35399285046728973,0.35,0.04993841338051656,0.03333333333333344,0.14622965205264485,0.13359580052493436,-0.05052989036051324,-0.047130419331911866,False,NO_ARBITRARY_THRESHOLD; DESCRIPTIVE_QUANTILES_ONLY
A2,WITHIN_LIFECYCLE,MAIN_RISE,strong_breadth,RAW_EVIDENCE_VECTOR,QUANTILE_BIN,Q3,5,98,79,0.5158014183673469,0.5,0.043082959831832565,0.01986847311333162,0.1284065884710168,0.0920842909036994,-0.05655971418935884,-0.050109844125954595,False,NO_ARBITRARY_THRESHOLD; DESCRIPTIVE_QUANTILES_ONLY
A2,WITHIN_LIFECYCLE,MAIN_RISE,strong_breadth,RAW_EVIDENCE_VECTOR,QUANTILE_BIN,Q4,5,109,71,0.799544614678899,0.777778,0.05981392249672498,0.047648541450929116,0.15624911138744485,0.1331791023025357,-0.04432999407044864,-0.031746031746031744,False,NO_ARBITRARY_THRESHOLD; DESCRIPTIVE_QUANTILES_ONLY
A2,WITHIN_LIFECYCLE,MAIN_RISE,strong_breadth,RAW_EVIDENCE_VECTOR,QUANTILE_BIN,ALL_SMALL_SAMPLE,5,0,0,,,,,,,,,True,NO_ARBITRARY_THRESHOLD; DESCRIPTIVE_QUANTILES_ONLY
A2,WITHIN_LIFECYCLE,MAIN_RISE,strong_breadth,RAW_EVIDENCE_VECTOR,CONTINUOUS_MONOTONICITY,ORDERED_Q1_TO_Q4,5,434,225,0.4466825391705069,0.428571,,,,,,,False,NO_ARBITRARY_THRESHOLD; DESCRIPTIVE_QUANTILES_ONLY
A2,WITHIN_LIFECYCLE,MAIN_RISE,weak_ratio,RAW_EVIDENCE_VECTOR,QUANTILE_BIN,Q1,5,297,176,0.0,0.0,0.054902826370086054,0.03525939732836292,0.14153707996456102,0.10343291560254197,-0.04525312387747323,-0.041897180541908774,False,NO_ARBITRARY_THRESHOLD; DESCRIPTIVE_QUANTILES_ONLY
A2,WITHIN_LIFECYCLE,MAIN_RISE,weak_ratio,RAW_EVIDENCE_VECTOR,QUANTILE_BIN,Q2,5,0,0,,,,,,,,,True,NO_ARBITRARY_THRESHOLD; DESCRIPTIVE_QUANTILES_ONLY
A2,WITHIN_LIFECYCLE,MAIN_RISE,weak_ratio,RAW_EVIDENCE_VECTOR,QUANTILE_BIN,Q3,5,35,33,0.05671117142857143,0.0625,0.04877715757094396,0.00464708656413132,0.14427594930409207,0.09513100545234587,-0.06656968149885238,-0.0606743000748281,False,NO_ARBITRARY_THRESHOLD; DESCRIPTIVE_QUANTILES_ONLY
A2,WITHIN_LIFECYCLE,MAIN_RISE,weak_ratio,RAW_EVIDENCE_VECTOR,QUANTILE_BIN,Q4,5,102,80,0.20867627450980394,0.1455025,0.02036739975391555,-0.005420054200542035,0.11750335560112432,0.09270516717325239,-0.07058293392237643,-0.06333333333333335,False,NO_ARBITRARY_THRESHOLD; DESCRIPTIVE_QUANTILES_ONLY
A2,WITHIN_LIFECYCLE,MAIN_RISE,weak_ratio,RAW_EVIDENCE_VECTOR,QUANTILE_BIN,ALL_SMALL_SAMPLE,5,0,0,,,,,,,,,True,NO_ARBITRARY_THRESHOLD; DESCRIPTIVE_QUANTILES_ONLY
A2,WITHIN_LIFECYCLE,MAIN_RISE,weak_ratio,RAW_EVIDENCE_VECTOR,CONTINUOUS_MONOTONICITY,ORDERED_Q1_TO_Q4,5,434,225,0.05361721428571429,0.0,,,,,,,False,NO_ARBITRARY_THRESHOLD; DESCRIPTIVE_QUANTILES_ONLY
A2,WITHIN_LIFECYCLE,MAIN_RISE,average_change_pct,RAW_EVIDENCE_VECTOR,QUANTILE_BIN,Q1,5,109,91,-0.12396422018348624,0.273,0.025814089252300033,-0.001369863013698569,0.113370590404482,0.09090909090909083,-0.06616271916222954,-0.06949806949806947,False,NO_ARBITRARY_THRESHOLD; DESCRIPTIVE_QUANTILES_ONLY
A2,WITHIN_LIFECYCLE,MAIN_RISE,average_change_pct,RAW_EVIDENCE_VECTOR,QUANTILE_BIN,Q2,5,108,94,2.6481962962962964,2.6965500000000002,0.06465356444663548,0.04407294832826758,0.14502501825907177,0.1100000000000001,-0.04401508578297984,-0.037209302325581395,False,NO_ARBITRARY_THRESHOLD; DESCRIPTIVE_QUANTILES_ONLY
A2,WITHIN_LIFECYCLE,MAIN_RISE,average_change_pct,RAW_EVIDENCE_VECTOR,QUANTILE_BIN,Q3,5,108,91,4.439014814814815,4.4612,0.039327664669368635,0.015587529976019088,0.13149732471491937,0.092741935483871,-0.0537746736452916,-0.049079754601227044,False,NO_ARBITRARY_THRESHOLD; DESCRIPTIVE_QUANTILES_ONLY
A2,WITHIN_LIFECYCLE,MAIN_RISE,average_change_pct,RAW_EVIDENCE_VECTOR,QUANTILE_BIN,Q4,5,109,73,7.152866972477065,7.0695,0.05528216832917096,0.05138394409081648,0.15385422629105738,0.1331791023025357,-0.04761872944246761,-0.03739670567356218,False,NO_ARBITRARY_THRESHOLD; DESCRIPTIVE_QUANTILES_ONLY
A2,WITHIN_LIFECYCLE,MAIN_RISE,average_change_pct,RAW_EVIDENCE_VECTOR,QUANTILE_BIN,ALL_SMALL_SAMPLE,5,0,0,,,,,,,,,True,NO_ARBITRARY_THRESHOLD; DESCRIPTIVE_QUANTILES_ONLY
A2,WITHIN_LIFECYCLE,MAIN_RISE,average_change_pct,RAW_EVIDENCE_VECTOR,CONTINUOUS_MONOTONICITY,ORDERED_Q1_TO_Q4,5,434,225,3.5289612903225804,3.60295,,,,,,,False,NO_ARBITRARY_THRESHOLD; DESCRIPTIVE_QUANTILES_ONLY
A2,WITHIN_LIFECYCLE,MAIN_RISE,leader_change_pct,SECONDARY_PROXY,QUANTILE_BIN,Q1,5,110,84,8.2081156,9.7240715,0.05013960543244232,0.010729613733905685,0.1239651337923832,0.08652482269503547,-0.05180714591794886,-0.04634146341463419,False,NO_ARBITRARY_THRESHOLD; DESCRIPTIVE_QUANTILES_ONLY
A2,WITHIN_LIFECYCLE,MAIN_RISE,leader_change_pct,SECONDARY_PROXY,QUANTILE_BIN,Q2,5,108,89,9.928455092592593,9.932641,0.049325944190693444,0.034482758620689724,0.13385311805096817,0.10247747747747749,-0.04925080691845493,-0.04958677685950408,False,NO_ARBITRARY_THRESHOLD; DESCRIPTIVE_QUANTILES_ONLY
A2,WITHIN_LIFECYCLE,MAIN_RISE,leader_change_pct,SECONDARY_PROXY,QUANTILE_BIN,Q3,5,215,156,9.989452855813953,10.0,0.04303980744379089,0.028673835125448077,0.14335985654096706,0.106280193236715,-0.05501470625773018,-0.04516129032258065,False,NO_ARBITRARY_THRESHOLD; DESCRIPTIVE_QUANTILES_ONLY
A2,WITHIN_LIFECYCLE,MAIN_RISE,leader_change_pct,SECONDARY_PROXY,QUANTILE_BIN,Q4,5,1,1,56.009615,56.009615,,,,,,,True,NO_ARBITRARY_THRESHOLD; DESCRIPTIVE_QUANTILES_ONLY
A2,WITHIN_LIFECYCLE,MAIN_RISE,leader_change_pct,SECONDARY_PROXY,QUANTILE_BIN,ALL_SMALL_SAMPLE,5,0,0,,,,,,,,,True,NO_ARBITRARY_THRESHOLD; DESCRIPTIVE_QUANTILES_ONLY
A2,WITHIN_LIFECYCLE,MAIN_RISE,leader_change_pct,SECONDARY_PROXY,CONTINUOUS_MONOTONICITY,ORDERED_Q1_TO_Q4,5,434,225,9.628819919354838,9.958506,,,,,,,False,NO_ARBITRARY_THRESHOLD; DESCRIPTIVE_QUANTILES_ONLY
A2,WITHIN_LIFECYCLE,FERMENTING,positive_breadth,RAW_EVIDENCE_VECTOR,QUANTILE_BIN,Q1,5,41,31,0.3661780975609756,0.357143,0.03333155206049684,0.0066280442601796,0.10402539473613925,0.08474903474903484,-0.05086485723369192,-0.04729381349716427,False,NO_ARBITRARY_THRESHOLD; DESCRIPTIVE_QUANTILES_ONLY
A2,WITHIN_LIFECYCLE,FERMENTING,positive_breadth,RAW_EVIDENCE_VECTOR,QUANTILE_BIN,Q2,5,27,20,0.6333563333333333,0.642857,0.04283647695511181,-0.010471204188481686,0.13400137355934702,0.09225092250922518,-0.06164859626816101,-0.062427745664739964,False,NO_ARBITRARY_THRESHOLD; DESCRIPTIVE_QUANTILES_ONLY
A2,WITHIN_LIFECYCLE,FERMENTING,positive_breadth,RAW_EVIDENCE_VECTOR,QUANTILE_BIN,Q3,5,23,23,0.7889066086956522,0.785714,0.054778942649308035,0.0145102781136639,0.11040499084730263,0.04184100418410042,-0.0468165722176454,-0.02840909090909094,False,NO_ARBITRARY_THRESHOLD; DESCRIPTIVE_QUANTILES_ONLY
A2,WITHIN_LIFECYCLE,FERMENTING,positive_breadth,RAW_EVIDENCE_VECTOR,QUANTILE_BIN,Q4,5,31,27,0.9744771612903226,1.0,0.024892608029306863,0.015449438202247201,0.09283237361538467,0.05726872246696035,-0.049186579758124564,-0.045634920634920584,False,NO_ARBITRARY_THRESHOLD; DESCRIPTIVE_QUANTILES_ONLY
A2,WITHIN_LIFECYCLE,FERMENTING,positive_breadth,RAW_EVIDENCE_VECTOR,QUANTILE_BIN,ALL_SMALL_SAMPLE,5,0,0,,,,,,,,,True,NO_ARBITRARY_THRESHOLD; DESCRIPTIVE_QUANTILES_ONLY
A2,WITHIN_LIFECYCLE,FERMENTING,positive_breadth,RAW_EVIDENCE_VECTOR,CONTINUOUS_MONOTONICITY,ORDERED_Q1_TO_Q4,5,122,64,0.6595702213114755,0.666667,,,,,,,False,NO_ARBITRARY_THRESHOLD; DESCRIPTIVE_QUANTILES_ONLY
A2,WITHIN_LIFECYCLE,FERMENTING,strong_breadth,RAW_EVIDENCE_VECTOR,QUANTILE_BIN,Q1,5,38,27,0.019781184210526315,0.0,0.02491877136437851,0.012833858375564944,0.08020470499594441,0.05762173357866052,-0.04437708261872918,-0.03183940022632975,False,NO_ARBITRARY_THRESHOLD; DESCRIPTIVE_QUANTILES_ONLY
A2,WITHIN_LIFECYCLE,FERMENTING,strong_breadth,RAW_EVIDENCE_VECTOR,QUANTILE_BIN,Q2,5,24,17,0.15103008333333334,0.166667,0.024561005324053115,0.0066280442601796,0.10900103778673154,0.08936870449785583,-0.060993276681876867,-0.04930191972076792,False,NO_ARBITRARY_THRESHOLD; DESCRIPTIVE_QUANTILES_ONLY
A2,WITHIN_LIFECYCLE,FERMENTING,strong_breadth,RAW_EVIDENCE_VECTOR,QUANTILE_BIN,Q3,5,33,25,0.28653157575757576,0.333333,0.043728468083162025,-0.0016920473773266442,0.13570458150071252,0.08301158301158318,-0.05341818591148778,-0.047210300429184615,False,NO_ARBITRARY_THRESHOLD; DESCRIPTIVE_QUANTILES_ONLY
A2,WITHIN_LIFECYCLE,FERMENTING,strong_breadth,RAW_EVIDENCE_VECTOR,QUANTILE_BIN,Q4,5,27,24,0.6065843333333334,0.5,0.057011394658177936,0.01762570920013351,0.11514291496765963,0.06555342917600193,-0.053185562613155664,-0.051057638014159745,False,NO_ARBITRARY_THRESHOLD; DESCRIPTIVE_QUANTILES_ONLY
A2,WITHIN_LIFECYCLE,FERMENTING,strong_breadth,RAW_EVIDENCE_VECTOR,QUANTILE_BIN,ALL_SMALL_SAMPLE,5,0,0,,,,,,,,,True,NO_ARBITRARY_THRESHOLD; DESCRIPTIVE_QUANTILES_ONLY
A2,WITHIN_LIFECYCLE,FERMENTING,strong_breadth,RAW_EVIDENCE_VECTOR,CONTINUOUS_MONOTONICITY,ORDERED_Q1_TO_Q4,5,122,64,0.24762070491803279,0.166667,,,,,,,False,NO_ARBITRARY_THRESHOLD; DESCRIPTIVE_QUANTILES_ONLY
A2,WITHIN_LIFECYCLE,FERMENTING,weak_ratio,RAW_EVIDENCE_VECTOR,QUANTILE_BIN,Q1,5,97,52,0.0,0.0,0.028462192834100435,0.009803921568627638,0.09805455350116735,0.0724852071005917,-0.05122208658844547,-0.041420118343195256,False,NO_ARBITRARY_THRESHOLD; DESCRIPTIVE_QUANTILES_ONLY
A2,WITHIN_LIFECYCLE,FERMENTING,weak_ratio,RAW_EVIDENCE_VECTOR,QUANTILE_BIN,Q2,5,0,0,,,,,,,,,True,NO_ARBITRARY_THRESHOLD; DESCRIPTIVE_QUANTILES_ONLY
A2,WITHIN_LIFECYCLE,FERMENTING,weak_ratio,RAW_EVIDENCE_VECTOR,QUANTILE_BIN,Q3,5,0,0,,,,,,,,,True,NO_ARBITRARY_THRESHOLD; DESCRIPTIVE_QUANTILES_ONLY
A2,WITHIN_LIFECYCLE,FERMENTING,weak_ratio,RAW_EVIDENCE_VECTOR,QUANTILE_BIN,Q4,5,25,19,0.20445096,0.166667,0.07116530356301387,0.010560924180798903,0.1525074451169717,0.09268416570805393,-0.05587250632325496,-0.06346940501870085,False,NO_ARBITRARY_THRESHOLD; DESCRIPTIVE_QUANTILES_ONLY
A2,WITHIN_LIFECYCLE,FERMENTING,weak_ratio,RAW_EVIDENCE_VECTOR,QUANTILE_BIN,ALL_SMALL_SAMPLE,5,0,0,,,,,,,,,True,NO_ARBITRARY_THRESHOLD; DESCRIPTIVE_QUANTILES_ONLY
A2,WITHIN_LIFECYCLE,FERMENTING,weak_ratio,RAW_EVIDENCE_VECTOR,CONTINUOUS_MONOTONICITY,ORDERED_Q1_TO_Q4,5,122,64,0.04189568852459016,0.0,,,,,,,False,NO_ARBITRARY_THRESHOLD; DESCRIPTIVE_QUANTILES_ONLY
A2,WITHIN_LIFECYCLE,FERMENTING,average_change_pct,RAW_EVIDENCE_VECTOR,QUANTILE_BIN,Q1,5,31,23,-0.3004741935483871,-0.0463,0.012598660732844399,0.001158096617579929,0.08960763616821982,0.06588864352022239,-0.05383281385846406,-0.05610640411543988,False,NO_ARBITRARY_THRESHOLD; DESCRIPTIVE_QUANTILES_ONLY
A2,WITHIN_LIFECYCLE,FERMENTING,average_change_pct,RAW_EVIDENCE_VECTOR,QUANTILE_BIN,Q2,5,30,25,1.26089,1.1836,0.055004500102354026,0.02092050209205021,0.1173401172019016,0.09225092250922518,-0.04763843619304407,-0.03526970954356856,False,NO_ARBITRARY_THRESHOLD; DESCRIPTIVE_QUANTILES_ONLY
A2,WITHIN_LIFECYCLE,FERMENTING,average_change_pct,RAW_EVIDENCE_VECTOR,QUANTILE_BIN,Q3,5,30,24,2.44326,2.44645,0.046415118251010974,0.002513238581350108,0.13298112431828793,0.07959172900579159,-0.05181660621897004,-0.04024579022880004,False,NO_ARBITRARY_THRESHOLD; DESCRIPTIVE_QUANTILES_ONLY
A2,WITHIN_LIFECYCLE,FERMENTING,average_change_pct,RAW_EVIDENCE_VECTOR,QUANTILE_BIN,Q4,5,31,29,5.177551612903225,4.2716,0.03487772440893154,0.01762570920013351,0.09649450173226137,0.06147715624964012,-0.05520137085797126,-0.057187898806395965,False,NO_ARBITRARY_THRESHOLD; DESCRIPTIVE_QUANTILES_ONLY
A2,WITHIN_LIFECYCLE,FERMENTING,average_change_pct,RAW_EVIDENCE_VECTOR,QUANTILE_BIN,ALL_SMALL_SAMPLE,5,0,0,,,,,,,,,True,NO_ARBITRARY_THRESHOLD; DESCRIPTIVE_QUANTILES_ONLY
A2,WITHIN_LIFECYCLE,FERMENTING,average_change_pct,RAW_EVIDENCE_VECTOR,CONTINUOUS_MONOTONICITY,ORDERED_Q1_TO_Q4,5,122,64,2.1501139344262294,1.6947,,,,,,,False,NO_ARBITRARY_THRESHOLD; DESCRIPTIVE_QUANTILES_ONLY
A2,WITHIN_LIFECYCLE,FERMENTING,leader_change_pct,SECONDARY_PROXY,QUANTILE_BIN,Q1,5,31,24,2.980611612903226,3.018109,0.030421627332420775,0.009803921568627638,0.094889014474998,0.045454545454545636,-0.037414994166481745,-0.026286966046002114,False,NO_ARBITRARY_THRESHOLD; DESCRIPTIVE_QUANTILES_ONLY
A2,WITHIN_LIFECYCLE,FERMENTING,leader_change_pct,SECONDARY_PROXY,QUANTILE_BIN,Q2,5,30,25,6.476396733333333,6.4937805,0.05137192951980615,0.010033668532185791,0.12394682337323458,0.07017548973880594,-0.046084040564702854,-0.038093119910900475,False,NO_ARBITRARY_THRESHOLD; DESCRIPTIVE_QUANTILES_ONLY
A2,WITHIN_LIFECYCLE,FERMENTING,leader_change_pct,SECONDARY_PROXY,QUANTILE_BIN,Q3,5,30,27,9.721181733333333,9.8697105,0.024353854392455025,0.004541999592146961,0.10148218135921193,0.0843629343629344,-0.06393413172227534,-0.05487027813472378,False,NO_ARBITRARY_THRESHOLD; DESCRIPTIVE_QUANTILES_ONLY
A2,WITHIN_LIFECYCLE,FERMENTING,leader_change_pct,SECONDARY_PROXY,QUANTILE_BIN,Q4,5,31,28,9.982812548387097,9.98782,0.041929163158127884,0.012849544651237554,0.1153569901223294,0.0813301282051282,-0.06071527927410406,-0.06562682829795702,False,NO_ARBITRARY_THRESHOLD; DESCRIPTIVE_QUANTILES_ONLY
A2,WITHIN_LIFECYCLE,FERMENTING,leader_change_pct,SECONDARY_PROXY,QUANTILE_BIN,ALL_SMALL_SAMPLE,5,0,0,,,,,,,,,True,NO_ARBITRARY_THRESHOLD; DESCRIPTIVE_QUANTILES_ONLY
A2,WITHIN_LIFECYCLE,FERMENTING,leader_change_pct,SECONDARY_PROXY,CONTINUOUS_MONOTONICITY,ORDERED_Q1_TO_Q4,5,122,64,7.2769959262295085,8.7979845,,,,,,,False,NO_ARBITRARY_THRESHOLD; DESCRIPTIVE_QUANTILES_ONLY
A2,WITHIN_LIFECYCLE,MATURE,positive_breadth,RAW_EVIDENCE_VECTOR,QUANTILE_BIN,Q1,5,42,36,0.33540492857142856,0.3535715,0.044760680972182124,0.021212121212121238,0.1409898461974642,0.09999999999999987,-0.06010629279304224,-0.051136363636363535,False,NO_ARBITRARY_THRESHOLD; DESCRIPTIVE_QUANTILES_ONLY
A2,WITHIN_LIFECYCLE,MATURE,positive_breadth,RAW_EVIDENCE_VECTOR,QUANTILE_BIN,Q2,5,38,32,0.5473355263157894,0.55,0.03820557505626568,-0.00923833509603561,0.12829654351134706,0.0804704327836806,-0.06475699283351707,-0.058628954937679834,False,NO_ARBITRARY_THRESHOLD; DESCRIPTIVE_QUANTILES_ONLY
A2,WITHIN_LIFECYCLE,MATURE,positive_breadth,RAW_EVIDENCE_VECTOR,QUANTILE_BIN,Q3,5,45,41,0.6800573777777777,0.666667,0.028116521155952177,-0.005464480874317057,0.12527336756800447,0.09904761904761905,-0.05411409181756705,-0.04647435897435892,False,NO_ARBITRARY_THRESHOLD; DESCRIPTIVE_QUANTILES_ONLY
A2,WITHIN_LIFECYCLE,MATURE,positive_breadth,RAW_EVIDENCE_VECTOR,QUANTILE_BIN,Q4,5,36,35,0.8676414444444445,0.846154,0.018150946923208795,-0.02174989606843264,0.09770410080968793,0.09265371557902669,-0.06807851168182995,-0.0611616300186833,False,NO_ARBITRARY_THRESHOLD; DESCRIPTIVE_QUANTILES_ONLY
A2,WITHIN_LIFECYCLE,MATURE,positive_breadth,RAW_EVIDENCE_VECTOR,QUANTILE_BIN,ALL_SMALL_SAMPLE,5,0,0,,,,,,,,,True,NO_ARBITRARY_THRESHOLD; DESCRIPTIVE_QUANTILES_ONLY
A2,WITHIN_LIFECYCLE,MATURE,positive_breadth,RAW_EVIDENCE_VECTOR,CONTINUOUS_MONOTONICITY,ORDERED_Q1_TO_Q4,5,161,119,0.6007666521739131,0.615385,,,,,,,False,NO_ARBITRARY_THRESHOLD; DESCRIPTIVE_QUANTILES_ONLY
A2,WITHIN_LIFECYCLE,MATURE,strong_breadth,RAW_EVIDENCE_VECTOR,QUANTILE_BIN,Q1,5,40,37,0.0874782,0.1,-0.0038310857443803713,-0.0199530516431925,0.10000403832731558,0.07317073170731714,-0.06834797872118759,-0.051136363636363535,False,NO_ARBITRARY_THRESHOLD; DESCRIPTIVE_QUANTILES_ONLY
A2,WITHIN_LIFECYCLE,MATURE,strong_breadth,RAW_EVIDENCE_VECTOR,QUANTILE_BIN,Q2,5,40,37,0.19729025,0.2,0.07314933661448328,0.01352926773620916,0.15323611273213775,0.10174718175398212,-0.06033468435734808,-0.05276854928017721,False,NO_ARBITRARY_THRESHOLD; DESCRIPTIVE_QUANTILES_ONLY
A2,WITHIN_LIFECYCLE,MATURE,strong_breadth,RAW_EVIDENCE_VECTOR,QUANTILE_BIN,Q3,5,44,41,0.2725371818181818,0.282857,0.04415221740402748,0.0036832412523020164,0.13713158351344049,0.12558139534883717,-0.0568189846568616,-0.04900459418070435,False,NO_ARBITRARY_THRESHOLD; DESCRIPTIVE_QUANTILES_ONLY
A2,WITHIN_LIFECYCLE,MATURE,strong_breadth,RAW_EVIDENCE_VECTOR,QUANTILE_BIN,Q4,5,37,32,0.4103933243243243,0.384615,0.014412895562722502,-0.017034754322889978,0.10344533678704557,0.09486314210723668,-0.059470739376786985,-0.054823154031798826,False,NO_ARBITRARY_THRESHOLD; DESCRIPTIVE_QUANTILES_ONLY
A2,WITHIN_LIFECYCLE,MATURE,strong_breadth,RAW_EVIDENCE_VECTOR,QUANTILE_BIN,ALL_SMALL_SAMPLE,5,0,0,,,,,,,,,True,NO_ARBITRARY_THRESHOLD; DESCRIPTIVE_QUANTILES_ONLY
A2,WITHIN_LIFECYCLE,MATURE,strong_breadth,RAW_EVIDENCE_VECTOR,CONTINUOUS_MONOTONICITY,ORDERED_Q1_TO_Q4,5,161,119,0.2395461304347826,0.25,,,,,,,False,NO_ARBITRARY_THRESHOLD; DESCRIPTIVE_QUANTILES_ONLY
A2,WITHIN_LIFECYCLE,MATURE,weak_ratio,RAW_EVIDENCE_VECTOR,QUANTILE_BIN,Q1,5,78,70,0.0,0.0,0.04148551646816295,0.011904761904761862,0.1230567626630606,0.09448818897637801,-0.05798610763139962,-0.05060728744939269,False,NO_ARBITRARY_THRESHOLD; DESCRIPTIVE_QUANTILES_ONLY
A2,WITHIN_LIFECYCLE,MATURE,weak_ratio,RAW_EVIDENCE_VECTOR,QUANTILE_BIN,Q2,5,2,2,0.025,0.025,-0.010499365398923377,-0.010499365398923377,0.09701956321939686,0.09701956321939686,-0.025486162778823374,-0.025486162778823374,True,NO_ARBITRARY_THRESHOLD; DESCRIPTIVE_QUANTILES_ONLY
A2,WITHIN_LIFECYCLE,MATURE,weak_ratio,RAW_EVIDENCE_VECTOR,QUANTILE_BIN,Q3,5,40,35,0.065385675,0.071429,0.02849968228574636,-0.010666666666666602,0.11709868481477075,0.09154929577464777,-0.05752262273887507,-0.05066666666666664,False,NO_ARBITRARY_THRESHOLD; DESCRIPTIVE_QUANTILES_ONLY
A2,WITHIN_LIFECYCLE,MATURE,weak_ratio,RAW_EVIDENCE_VECTOR,QUANTILE_BIN,Q4,5,41,37,0.19070329268292682,0.166667,0.02302468078388698,-0.017959770114942486,0.1362892985504481,0.09797353092150773,-0.07334814130088359,-0.08047414053988622,False,NO_ARBITRARY_THRESHOLD; DESCRIPTIVE_QUANTILES_ONLY
A2,WITHIN_LIFECYCLE,MATURE,weak_ratio,RAW_EVIDENCE_VECTOR,QUANTILE_BIN,ALL_SMALL_SAMPLE,5,0,0,,,,,,,,,True,NO_ARBITRARY_THRESHOLD; DESCRIPTIVE_QUANTILES_ONLY
A2,WITHIN_LIFECYCLE,MATURE,weak_ratio,RAW_EVIDENCE_VECTOR,CONTINUOUS_MONOTONICITY,ORDERED_Q1_TO_Q4,5,161,119,0.0651196397515528,0.035714,,,,,,,False,NO_ARBITRARY_THRESHOLD; DESCRIPTIVE_QUANTILES_ONLY
A2,WITHIN_LIFECYCLE,MATURE,average_change_pct,RAW_EVIDENCE_VECTOR,QUANTILE_BIN,Q1,5,41,35,-0.36401463414634144,-0.1699,0.014732844119306334,-0.026552373445436983,0.11409430738327449,0.07434328877766883,-0.07786038934850714,-0.07560574504649065,False,NO_ARBITRARY_THRESHOLD; DESCRIPTIVE_QUANTILES_ONLY
A2,WITHIN_LIFECYCLE,MATURE,average_change_pct,RAW_EVIDENCE_VECTOR,QUANTILE_BIN,Q2,5,39,39,1.1338769230769232,1.1457,0.06598102688218296,0.021212121212121238,0.15347544539714597,0.10407239819004532,-0.04737525226090347,-0.0431034482758621,False,NO_ARBITRARY_THRESHOLD; DESCRIPTIVE_QUANTILES_ONLY
A2,WITHIN_LIFECYCLE,MATURE,average_change_pct,RAW_EVIDENCE_VECTOR,QUANTILE_BIN,Q3,5,41,36,2.1419756097560976,2.2415,0.02022135814238439,-0.008219178082191747,0.11734390235504281,0.09448818897637801,-0.05345185620827248,-0.04647435897435892,False,NO_ARBITRARY_THRESHOLD; DESCRIPTIVE_QUANTILES_ONLY
A2,WITHIN_LIFECYCLE,MATURE,average_change_pct,RAW_EVIDENCE_VECTOR,QUANTILE_BIN,Q4,5,40,38,3.5304699999999998,3.25605,0.031267602847661335,-0.012718811148130504,0.11231698669986348,0.09481821774352894,-0.06621859027567151,-0.0611616300186833,False,NO_ARBITRARY_THRESHOLD; DESCRIPTIVE_QUANTILES_ONLY
A2,WITHIN_LIFECYCLE,MATURE,average_change_pct,RAW_EVIDENCE_VECTOR,QUANTILE_BIN,ALL_SMALL_SAMPLE,5,0,0,,,,,,,,,True,NO_ARBITRARY_THRESHOLD; DESCRIPTIVE_QUANTILES_ONLY
A2,WITHIN_LIFECYCLE,MATURE,average_change_pct,RAW_EVIDENCE_VECTOR,CONTINUOUS_MONOTONICITY,ORDERED_Q1_TO_Q4,5,161,119,1.6045739130434784,1.6547,,,,,,,False,NO_ARBITRARY_THRESHOLD; DESCRIPTIVE_QUANTILES_ONLY
A2,WITHIN_LIFECYCLE,MATURE,leader_change_pct,SECONDARY_PROXY,QUANTILE_BIN,Q1,5,40,34,5.421466825,5.4067810000000005,0.0006836516375988699,-0.032327586206896575,0.09036825640763024,0.044554455445544594,-0.0687461407635018,-0.05913978494623651,False,NO_ARBITRARY_THRESHOLD; DESCRIPTIVE_QUANTILES_ONLY
A2,WITHIN_LIFECYCLE,MATURE,leader_change_pct,SECONDARY_PROXY,QUANTILE_BIN,Q2,5,40,36,9.800006875,9.880495,0.045313423663093405,0.018181818181818077,0.13453120340120156,0.09904761904761905,-0.05797357607913359,-0.04533333333333345,False,NO_ARBITRARY_THRESHOLD; DESCRIPTIVE_QUANTILES_ONLY
A2,WITHIN_LIFECYCLE,MATURE,leader_change_pct,SECONDARY_PROXY,QUANTILE_BIN,Q3,5,40,35,9.956103075,9.955003999999999,0.05450527070419983,0.0036832412523020164,0.13329324280221855,0.10666666666666669,-0.05478817188009566,-0.05469678953626633,False,NO_ARBITRARY_THRESHOLD; DESCRIPTIVE_QUANTILES_ONLY
A2,WITHIN_LIFECYCLE,MATURE,leader_change_pct,SECONDARY_PROXY,QUANTILE_BIN,Q4,5,41,37,9.995843,10.0,0.03091772765217056,-0.010666666666666602,0.13773038964512585,0.09999999999999987,-0.06338543949421967,-0.054441260744985676,False,NO_ARBITRARY_THRESHOLD; DESCRIPTIVE_QUANTILES_ONLY
A2,WITHIN_LIFECYCLE,MATURE,leader_change_pct,SECONDARY_PROXY,QUANTILE_BIN,ALL_SMALL_SAMPLE,5,0,0,,,,,,,,,True,NO_ARBITRARY_THRESHOLD; DESCRIPTIVE_QUANTILES_ONLY
A2,WITHIN_LIFECYCLE,MATURE,leader_change_pct,SECONDARY_PROXY,CONTINUOUS_MONOTONICITY,ORDERED_Q1_TO_Q4,5,161,119,8.800823813664596,9.925293,,,,,,,False,NO_ARBITRARY_THRESHOLD; DESCRIPTIVE_QUANTILES_ONLY
LEGACY5,WITHIN_LIFECYCLE,MAIN_RISE,positive_breadth,RAW_EVIDENCE_VECTOR,QUANTILE_BIN,Q1,5,47,42,0.44938940425531915,0.428571,0.019033259180524908,0.005221642809160728,0.12245427311095812,0.08503954802259886,-0.07933382518440288,-0.061282386927868554,False,NO_ARBITRARY_THRESHOLD; DESCRIPTIVE_QUANTILES_ONLY
LEGACY5,WITHIN_LIFECYCLE,MAIN_RISE,positive_breadth,RAW_EVIDENCE_VECTOR,QUANTILE_BIN,Q2,5,47,41,0.8045583191489363,0.833333,0.05888925174893105,0.039319786602331916,0.14087378497933525,0.09850768212894215,-0.05383583585906286,-0.036093060142277145,False,NO_ARBITRARY_THRESHOLD; DESCRIPTIVE_QUANTILES_ONLY
LEGACY5,WITHIN_LIFECYCLE,MAIN_RISE,positive_breadth,RAW_EVIDENCE_VECTOR,QUANTILE_BIN,Q3,5,91,73,0.9680796263736264,1.0,0.05712326063809326,0.027989821882951654,0.15583363205327752,0.11688311688311688,-0.04953258696980992,-0.038461538461538464,False,NO_ARBITRARY_THRESHOLD; DESCRIPTIVE_QUANTILES_ONLY
LEGACY5,WITHIN_LIFECYCLE,MAIN_RISE,positive_breadth,RAW_EVIDENCE_VECTOR,QUANTILE_BIN,Q4,5,0,0,,,,,,,,,True,NO_ARBITRARY_THRESHOLD; DESCRIPTIVE_QUANTILES_ONLY
LEGACY5,WITHIN_LIFECYCLE,MAIN_RISE,positive_breadth,RAW_EVIDENCE_VECTOR,QUANTILE_BIN,ALL_SMALL_SAMPLE,5,0,0,,,,,,,,,True,NO_ARBITRARY_THRESHOLD; DESCRIPTIVE_QUANTILES_ONLY
LEGACY5,WITHIN_LIFECYCLE,MAIN_RISE,positive_breadth,RAW_EVIDENCE_VECTOR,CONTINUOUS_MONOTONICITY,ORDERED_Q1_TO_Q4,5,185,121,0.7947610216216217,0.857143,,,,,,,False,NO_ARBITRARY_THRESHOLD; DESCRIPTIVE_QUANTILES_ONLY
LEGACY5,WITHIN_LIFECYCLE,MAIN_RISE,strong_breadth,RAW_EVIDENCE_VECTOR,QUANTILE_BIN,Q1,5,47,40,0.17129659574468087,0.166667,0.02648636066444501,0.00034110126981397055,0.12156265822747589,0.08305529605409492,-0.07621563363018544,-0.061282386927868554,False,NO_ARBITRARY_THRESHOLD; DESCRIPTIVE_QUANTILES_ONLY
LEGACY5,WITHIN_LIFECYCLE,MAIN_RISE,strong_breadth,RAW_EVIDENCE_VECTOR,QUANTILE_BIN,Q2,5,57,47,0.4288974736842105,0.4375,0.06700353943037314,0.052616050354051924,0.15087969171168078,0.10110456717104917,-0.05469427921740593,-0.030197772311876335,False,NO_ARBITRARY_THRESHOLD; DESCRIPTIVE_QUANTILES_ONLY
LEGACY5,WITHIN_LIFECYCLE,MAIN_RISE,strong_breadth,RAW_EVIDENCE_VECTOR,QUANTILE_BIN,Q3,5,40,33,0.601226175,0.615385,0.042217349495677174,0.0005526083112290009,0.1432497638446174,0.09957134931779962,-0.0455866698605694,-0.039424630297005096,False,NO_ARBITRARY_THRESHOLD; DESCRIPTIVE_QUANTILES_ONLY
LEGACY5,WITHIN_LIFECYCLE,MAIN_RISE,strong_breadth,RAW_EVIDENCE_VECTOR,QUANTILE_BIN,Q4,5,41,35,0.8751681707317073,0.888889,0.051789937617780675,0.0548469387755102,0.15909306392436676,0.14012738853503184,-0.05465864011380705,-0.04293193717277487,False,NO_ARBITRARY_THRESHOLD; DESCRIPTIVE_QUANTILES_ONLY
LEGACY5,WITHIN_LIFECYCLE,MAIN_RISE,strong_breadth,RAW_EVIDENCE_VECTOR,QUANTILE_BIN,ALL_SMALL_SAMPLE,5,0,0,,,,,,,,,True,NO_ARBITRARY_THRESHOLD; DESCRIPTIVE_QUANTILES_ONLY
LEGACY5,WITHIN_LIFECYCLE,MAIN_RISE,strong_breadth,RAW_EVIDENCE_VECTOR,CONTINUOUS_MONOTONICITY,ORDERED_Q1_TO_Q4,5,185,121,0.4996164216216217,0.5,,,,,,,False,NO_ARBITRARY_THRESHOLD; DESCRIPTIVE_QUANTILES_ONLY
LEGACY5,WITHIN_LIFECYCLE,MAIN_RISE,weak_ratio,RAW_EVIDENCE_VECTOR,QUANTILE_BIN,Q1,5,133,93,0.0,0.0,0.054228803709675956,0.03408131894628971,0.1470459678817065,0.10110456717104917,-0.05121642309134261,-0.03620566616713052,False,NO_ARBITRARY_THRESHOLD; DESCRIPTIVE_QUANTILES_ONLY
LEGACY5,WITHIN_LIFECYCLE,MAIN_RISE,weak_ratio,RAW_EVIDENCE_VECTOR,QUANTILE_BIN,Q2,5,0,0,,,,,,,,,True,NO_ARBITRARY_THRESHOLD; DESCRIPTIVE_QUANTILES_ONLY
LEGACY5,WITHIN_LIFECYCLE,MAIN_RISE,weak_ratio,RAW_EVIDENCE_VECTOR,QUANTILE_BIN,Q3,5,5,5,0.045187,0.04,0.13044961406890782,0.0847457627118644,0.18766489779950657,0.1908177905308465,-0.012800901345361354,-0.005738880918220947,True,NO_ARBITRARY_THRESHOLD; DESCRIPTIVE_QUANTILES_ONLY
LEGACY5,WITHIN_LIFECYCLE,MAIN_RISE,weak_ratio,RAW_EVIDENCE_VECTOR,QUANTILE_BIN,Q4,5,47,43,0.1753378510638298,0.111111,0.02113482740868905,-0.01828607182602798,0.12925128129606422,0.08945603186248821,-0.08279777103191512,-0.06276486671223513,False,NO_ARBITRARY_THRESHOLD; DESCRIPTIVE_QUANTILES_ONLY
LEGACY5,WITHIN_LIFECYCLE,MAIN_RISE,weak_ratio,RAW_EVIDENCE_VECTOR,QUANTILE_BIN,ALL_SMALL_SAMPLE,5,0,0,,,,,,,,,True,NO_ARBITRARY_THRESHOLD; DESCRIPTIVE_QUANTILES_ONLY
LEGACY5,WITHIN_LIFECYCLE,MAIN_RISE,weak_ratio,RAW_EVIDENCE_VECTOR,CONTINUOUS_MONOTONICITY,ORDERED_Q1_TO_Q4,5,185,121,0.045766562162162155,0.0,,,,,,,False,NO_ARBITRARY_THRESHOLD; DESCRIPTIVE_QUANTILES_ONLY
LEGACY5,WITHIN_LIFECYCLE,MAIN_RISE,average_change_pct,RAW_EVIDENCE_VECTOR,QUANTILE_BIN,Q1,5,46,41,0.3686869565217391,0.65025,0.008127054680551209,-0.01808785529715762,0.11022733664902756,0.07724425887265135,-0.08506670149492336,-0.06428571428571428,False,NO_ARBITRARY_THRESHOLD; DESCRIPTIVE_QUANTILES_ONLY
LEGACY5,WITHIN_LIFECYCLE,MAIN_RISE,average_change_pct,RAW_EVIDENCE_VECTOR,QUANTILE_BIN,Q2,5,46,43,3.474291304347826,3.5063500000000003,0.07241710179984892,0.04878048780487805,0.15731456496286328,0.13120567375886524,-0.04584669204232865,-0.026078234704112337,False,NO_ARBITRARY_THRESHOLD; DESCRIPTIVE_QUANTILES_ONLY
LEGACY5,WITHIN_LIFECYCLE,MAIN_RISE,average_change_pct,RAW_EVIDENCE_VECTOR,QUANTILE_BIN,Q3,5,46,42,5.069684782608696,4.971299999999999,0.07331479214515117,0.025423482370047254,0.15207465324727826,0.09988789237668161,-0.041005666275456015,-0.03368555421601305,False,NO_ARBITRARY_THRESHOLD; DESCRIPTIVE_QUANTILES_ONLY
LEGACY5,WITHIN_LIFECYCLE,MAIN_RISE,average_change_pct,RAW_EVIDENCE_VECTOR,QUANTILE_BIN,Q4,5,47,42,7.55231914893617,7.702,0.03799329235162768,0.020833333333333332,0.1544496078104651,0.14012738853503184,-0.06076396732776191,-0.04739336492890995,False,NO_ARBITRARY_THRESHOLD; DESCRIPTIVE_QUANTILES_ONLY
LEGACY5,WITHIN_LIFECYCLE,MAIN_RISE,average_change_pct,RAW_EVIDENCE_VECTOR,QUANTILE_BIN,ALL_SMALL_SAMPLE,5,0,0,,,,,,,,,True,NO_ARBITRARY_THRESHOLD; DESCRIPTIVE_QUANTILES_ONLY
LEGACY5,WITHIN_LIFECYCLE,MAIN_RISE,average_change_pct,RAW_EVIDENCE_VECTOR,CONTINUOUS_MONOTONICITY,ORDERED_Q1_TO_Q4,5,185,121,4.134818918918919,4.4668,,,,,,,False,NO_ARBITRARY_THRESHOLD; DESCRIPTIVE_QUANTILES_ONLY
LEGACY5,WITHIN_LIFECYCLE,MAIN_RISE,leader_change_pct,SECONDARY_PROXY,QUANTILE_BIN,Q1,5,47,39,8.23662214893617,8.806818,0.048182999603951476,0.0330188679245283,0.13258663740637827,0.09270516717325228,-0.050495277885491976,-0.030379746835443037,False,NO_ARBITRARY_THRESHOLD; DESCRIPTIVE_QUANTILES_ONLY
LEGACY5,WITHIN_LIFECYCLE,MAIN_RISE,leader_change_pct,SECONDARY_PROXY,QUANTILE_BIN,Q2,5,47,44,9.933550617021275,9.940653,0.04150469332156905,0.03638443935926773,0.13270059679607443,0.1003871518577401,-0.06254372374840815,-0.04044308225003648,False,NO_ARBITRARY_THRESHOLD; DESCRIPTIVE_QUANTILES_ONLY
LEGACY5,WITHIN_LIFECYCLE,MAIN_RISE,leader_change_pct,SECONDARY_PROXY,QUANTILE_BIN,Q3,5,90,75,9.988539911111111,10.0,0.05356787694069829,0.022857142857142857,0.15671197701053255,0.11128775834658187,-0.05869971649582749,-0.04739336492890995,False,NO_ARBITRARY_THRESHOLD; DESCRIPTIVE_QUANTILES_ONLY
LEGACY5,WITHIN_LIFECYCLE,MAIN_RISE,leader_change_pct,SECONDARY_PROXY,QUANTILE_BIN,Q4,5,1,1,56.009615,56.009615,-0.15870570107858242,-0.15870570107858242,0.01078582434514638,0.01078582434514638,-0.15870570107858242,-0.15870570107858242,True,NO_ARBITRARY_THRESHOLD; DESCRIPTIVE_QUANTILES_ONLY
LEGACY5,WITHIN_LIFECYCLE,MAIN_RISE,leader_change_pct,SECONDARY_PROXY,QUANTILE_BIN,ALL_SMALL_SAMPLE,5,0,0,,,,,,,,,True,NO_ARBITRARY_THRESHOLD; DESCRIPTIVE_QUANTILES_ONLY
LEGACY5,WITHIN_LIFECYCLE,MAIN_RISE,leader_change_pct,SECONDARY_PROXY,CONTINUOUS_MONOTONICITY,ORDERED_Q1_TO_Q4,5,185,121,9.778250416216217,9.958506,,,,,,,False,NO_ARBITRARY_THRESHOLD; DESCRIPTIVE_QUANTILES_ONLY
LEGACY5,WITHIN_LIFECYCLE,FERMENTING,positive_breadth,RAW_EVIDENCE_VECTOR,QUANTILE_BIN,Q1,5,16,11,0.4278273125,0.5,0.014173379850703095,0.009196497553438064,0.08577725579102811,0.09432421560740145,-0.049312708133884366,-0.033195995518450254,True,NO_ARBITRARY_THRESHOLD; DESCRIPTIVE_QUANTILES_ONLY
LEGACY5,WITHIN_LIFECYCLE,FERMENTING,positive_breadth,RAW_EVIDENCE_VECTOR,QUANTILE_BIN,Q2,5,14,11,0.6506805,0.666667,0.0952853925496296,0.016737307446905478,0.15417320518622932,0.08856183456554592,-0.028389705367608424,-0.03561331780853334,True,NO_ARBITRARY_THRESHOLD; DESCRIPTIVE_QUANTILES_ONLY
LEGACY5,WITHIN_LIFECYCLE,FERMENTING,positive_breadth,RAW_EVIDENCE_VECTOR,QUANTILE_BIN,Q3,5,28,22,0.9431253214285714,1.0,0.016606107925121894,0.003395585738539898,0.08261115037076623,0.05449769585253456,-0.06003554173118965,-0.05317905563347358,False,NO_ARBITRARY_THRESHOLD; DESCRIPTIVE_QUANTILES_ONLY
LEGACY5,WITHIN_LIFECYCLE,FERMENTING,positive_breadth,RAW_EVIDENCE_VECTOR,QUANTILE_BIN,Q4,5,0,0,,,,,,,,,True,NO_ARBITRARY_THRESHOLD; DESCRIPTIVE_QUANTILES_ONLY
LEGACY5,WITHIN_LIFECYCLE,FERMENTING,positive_breadth,RAW_EVIDENCE_VECTOR,QUANTILE_BIN,ALL_SMALL_SAMPLE,5,0,0,,,,,,,,,True,NO_ARBITRARY_THRESHOLD; DESCRIPTIVE_QUANTILES_ONLY
LEGACY5,WITHIN_LIFECYCLE,FERMENTING,positive_breadth,RAW_EVIDENCE_VECTOR,CONTINUOUS_MONOTONICITY,ORDERED_Q1_TO_Q4,5,58,34,0.7303840172413794,0.666667,,,,,,,False,NO_ARBITRARY_THRESHOLD; DESCRIPTIVE_QUANTILES_ONLY
LEGACY5,WITHIN_LIFECYCLE,FERMENTING,strong_breadth,RAW_EVIDENCE_VECTOR,QUANTILE_BIN,Q1,5,20,14,0.06845245000000001,0.0,0.016282691383318327,0.016737307446905478,0.06660489926801502,0.07336340821572632,-0.05091844095083069,-0.03706072981796716,False,NO_ARBITRARY_THRESHOLD; DESCRIPTIVE_QUANTILES_ONLY
LEGACY5,WITHIN_LIFECYCLE,FERMENTING,strong_breadth,RAW_EVIDENCE_VECTOR,QUANTILE_BIN,Q2,5,9,8,0.23492066666666667,0.25,0.0008980820780543661,-0.004259850905218318,0.06252331950638323,0.048409405255878286,-0.04308179865635878,-0.03301384451544196,True,NO_ARBITRARY_THRESHOLD; DESCRIPTIVE_QUANTILES_ONLY
LEGACY5,WITHIN_LIFECYCLE,FERMENTING,strong_breadth,RAW_EVIDENCE_VECTOR,QUANTILE_BIN,Q3,5,14,11,0.35054921428571434,0.333333,0.03780913935297697,0.004380848805900771,0.1092839243597262,0.06334148917679462,-0.04076844730180566,-0.035329563517338014,True,NO_ARBITRARY_THRESHOLD; DESCRIPTIVE_QUANTILES_ONLY
LEGACY5,WITHIN_LIFECYCLE,FERMENTING,strong_breadth,RAW_EVIDENCE_VECTOR,QUANTILE_BIN,Q4,5,15,12,0.7466952,0.75,0.07751173852659624,0.01098901098901099,0.1612793582460799,0.09957627118644068,-0.05937274030752372,-0.07142857142857142,True,NO_ARBITRARY_THRESHOLD; DESCRIPTIVE_QUANTILES_ONLY
LEGACY5,WITHIN_LIFECYCLE,FERMENTING,strong_breadth,RAW_EVIDENCE_VECTOR,QUANTILE_BIN,ALL_SMALL_SAMPLE,5,0,0,,,,,,,,,True,NO_ARBITRARY_THRESHOLD; DESCRIPTIVE_QUANTILES_ONLY
LEGACY5,WITHIN_LIFECYCLE,FERMENTING,strong_breadth,RAW_EVIDENCE_VECTOR,CONTINUOUS_MONOTONICITY,ORDERED_Q1_TO_Q4,5,58,34,0.3377836551724138,0.29670300000000005,,,,,,,False,NO_ARBITRARY_THRESHOLD; DESCRIPTIVE_QUANTILES_ONLY
LEGACY5,WITHIN_LIFECYCLE,FERMENTING,weak_ratio,RAW_EVIDENCE_VECTOR,QUANTILE_BIN,Q1,5,52,31,0.0,0.0,0.02452132461464176,0.006228446928341598,0.0890749328412935,0.060933212238400765,-0.05305163836757675,-0.04036675398904501,False,NO_ARBITRARY_THRESHOLD; DESCRIPTIVE_QUANTILES_ONLY
LEGACY5,WITHIN_LIFECYCLE,FERMENTING,weak_ratio,RAW_EVIDENCE_VECTOR,QUANTILE_BIN,Q2,5,0,0,,,,,,,,,True,NO_ARBITRARY_THRESHOLD; DESCRIPTIVE_QUANTILES_ONLY
LEGACY5,WITHIN_LIFECYCLE,FERMENTING,weak_ratio,RAW_EVIDENCE_VECTOR,QUANTILE_BIN,Q3,5,0,0,,,,,,,,,True,NO_ARBITRARY_THRESHOLD; DESCRIPTIVE_QUANTILES_ONLY
LEGACY5,WITHIN_LIFECYCLE,FERMENTING,weak_ratio,RAW_EVIDENCE_VECTOR,QUANTILE_BIN,Q4,5,6,6,0.24140216666666667,0.154762,0.1251052858746842,0.08066295951706082,0.20201277798297537,0.12599674786578693,-0.018128196441331162,-0.002311075017063077,True,NO_ARBITRARY_THRESHOLD; DESCRIPTIVE_QUANTILES_ONLY
LEGACY5,WITHIN_LIFECYCLE,FERMENTING,weak_ratio,RAW_EVIDENCE_VECTOR,QUANTILE_BIN,ALL_SMALL_SAMPLE,5,0,0,,,,,,,,,True,NO_ARBITRARY_THRESHOLD; DESCRIPTIVE_QUANTILES_ONLY
LEGACY5,WITHIN_LIFECYCLE,FERMENTING,weak_ratio,RAW_EVIDENCE_VECTOR,CONTINUOUS_MONOTONICITY,ORDERED_Q1_TO_Q4,5,58,34,0.02497263793103448,0.0,,,,,,,False,NO_ARBITRARY_THRESHOLD; DESCRIPTIVE_QUANTILES_ONLY
LEGACY5,WITHIN_LIFECYCLE,FERMENTING,average_change_pct,RAW_EVIDENCE_VECTOR,QUANTILE_BIN,Q1,5,15,11,0.10514666666666664,0.4791,0.0118963585764312,0.012924071082390954,0.0730697990118659,0.07754442649434572,-0.053593035732220955,-0.03740648379052369,True,NO_ARBITRARY_THRESHOLD; DESCRIPTIVE_QUANTILES_ONLY
LEGACY5,WITHIN_LIFECYCLE,FERMENTING,average_change_pct,RAW_EVIDENCE_VECTOR,QUANTILE_BIN,Q2,5,14,11,1.9633785714285714,1.80985,-0.006145422676622587,-0.004707654646455136,0.057578365148187316,0.03281750411884009,-0.05049321577830429,-0.03848132693199324,True,NO_ARBITRARY_THRESHOLD; DESCRIPTIVE_QUANTILES_ONLY
LEGACY5,WITHIN_LIFECYCLE,FERMENTING,average_change_pct,RAW_EVIDENCE_VECTOR,QUANTILE_BIN,Q3,5,14,13,3.0923285714285713,3.0408999999999997,0.09303836077977688,0.05458313532921485,0.14143090490916416,0.09156359251228038,-0.020239139673983893,-0.017834758738873108,True,NO_ARBITRARY_THRESHOLD; DESCRIPTIVE_QUANTILES_ONLY
LEGACY5,WITHIN_LIFECYCLE,FERMENTING,average_change_pct,RAW_EVIDENCE_VECTOR,QUANTILE_BIN,Q4,5,15,11,6.254286666666667,4.9479,0.04205293887458991,0.006791171477079796,0.13078642731094703,0.05956112852664577,-0.07155372409644194,-0.07763975155279502,True,NO_ARBITRARY_THRESHOLD; DESCRIPTIVE_QUANTILES_ONLY
LEGACY5,WITHIN_LIFECYCLE,FERMENTING,average_change_pct,RAW_EVIDENCE_VECTOR,QUANTILE_BIN,ALL_SMALL_SAMPLE,5,0,0,,,,,,,,,True,NO_ARBITRARY_THRESHOLD; DESCRIPTIVE_QUANTILES_ONLY
LEGACY5,WITHIN_LIFECYCLE,FERMENTING,average_change_pct,RAW_EVIDENCE_VECTOR,CONTINUOUS_MONOTONICITY,ORDERED_Q1_TO_Q4,5,58,34,2.8650241379310346,2.5172,,,,,,,False,NO_ARBITRARY_THRESHOLD; DESCRIPTIVE_QUANTILES_ONLY
LEGACY5,WITHIN_LIFECYCLE,FERMENTING,leader_change_pct,SECONDARY_PROXY,QUANTILE_BIN,Q1,5,15,8,2.7703181333333333,2.884615,-0.0083750227704958,0.0,0.04765669392748259,0.03220035778175313,-0.04531995037523801,-0.03301384451544196,True,NO_ARBITRARY_THRESHOLD; DESCRIPTIVE_QUANTILES_ONLY
LEGACY5,WITHIN_LIFECYCLE,FERMENTING,leader_change_pct,SECONDARY_PROXY,QUANTILE_BIN,Q2,5,14,12,6.651696285714286,6.0122865,0.048849683275730846,0.016025472112428635,0.10722321355004781,0.07372511174319382,-0.058263441513747294,-0.04734299516908212,True,NO_ARBITRARY_THRESHOLD; DESCRIPTIVE_QUANTILES_ONLY
LEGACY5,WITHIN_LIFECYCLE,FERMENTING,leader_change_pct,SECONDARY_PROXY,QUANTILE_BIN,Q3,5,14,13,9.890562857142857,9.907785,0.002850768415380526,-0.00021879683619774846,0.07841588526474914,0.06196940546503962,-0.05837247900126864,-0.043895005287056046,True,NO_ARBITRARY_THRESHOLD; DESCRIPTIVE_QUANTILES_ONLY
LEGACY5,WITHIN_LIFECYCLE,FERMENTING,leader_change_pct,SECONDARY_PROXY,QUANTILE_BIN,Q4,5,15,15,9.9799784,9.976526,0.09517064087275698,0.11143695014662756,0.16867835888838123,0.14447592067988668,-0.03698348206154565,-0.04838709677419355,True,NO_ARBITRARY_THRESHOLD; DESCRIPTIVE_QUANTILES_ONLY
LEGACY5,WITHIN_LIFECYCLE,FERMENTING,leader_change_pct,SECONDARY_PROXY,QUANTILE_BIN,ALL_SMALL_SAMPLE,5,0,0,,,,,,,,,True,NO_ARBITRARY_THRESHOLD; DESCRIPTIVE_QUANTILES_ONLY
LEGACY5,WITHIN_LIFECYCLE,FERMENTING,leader_change_pct,SECONDARY_PROXY,CONTINUOUS_MONOTONICITY,ORDERED_Q1_TO_Q4,5,58,34,7.290449586206896,9.795312500000001,,,,,,,False,NO_ARBITRARY_THRESHOLD; DESCRIPTIVE_QUANTILES_ONLY
LEGACY5,WITHIN_LIFECYCLE,MATURE,positive_breadth,RAW_EVIDENCE_VECTOR,QUANTILE_BIN,Q1,5,19,19,0.3512876315789473,0.357143,0.0643933469333781,0.0029304029304029304,0.14072110643947597,0.08896103896103896,-0.05407002556660667,-0.05288407122023421,True,NO_ARBITRARY_THRESHOLD; DESCRIPTIVE_QUANTILES_ONLY
LEGACY5,WITHIN_LIFECYCLE,MATURE,positive_breadth,RAW_EVIDENCE_VECTOR,QUANTILE_BIN,Q2,5,16,14,0.5261334375,0.519231,-0.003203978740437738,-0.021497065979676544,0.08747763057765548,0.04507107397243378,-0.08143656910897032,-0.08032440114688943,True,NO_ARBITRARY_THRESHOLD; DESCRIPTIVE_QUANTILES_ONLY
LEGACY5,WITHIN_LIFECYCLE,MATURE,positive_breadth,RAW_EVIDENCE_VECTOR,QUANTILE_BIN,Q3,5,18,16,0.6718765,0.6833335,-0.03690004345746238,-0.018285932616852643,0.06516213032643561,0.06446763594266064,-0.07901315497690803,-0.06484435244936888,True,NO_ARBITRARY_THRESHOLD; DESCRIPTIVE_QUANTILES_ONLY
LEGACY5,WITHIN_LIFECYCLE,MATURE,positive_breadth,RAW_EVIDENCE_VECTOR,QUANTILE_BIN,Q4,5,17,16,0.8372764705882353,0.833333,0.04345947596967297,-0.0022124293785310734,0.14953303540969792,0.11630486796885196,-0.0634025900180751,-0.04138426066907382,True,NO_ARBITRARY_THRESHOLD; DESCRIPTIVE_QUANTILES_ONLY
LEGACY5,WITHIN_LIFECYCLE,MATURE,positive_breadth,RAW_EVIDENCE_VECTOR,QUANTILE_BIN,ALL_SMALL_SAMPLE,5,0,0,,,,,,,,,True,NO_ARBITRARY_THRESHOLD; DESCRIPTIVE_QUANTILES_ONLY
LEGACY5,WITHIN_LIFECYCLE,MATURE,positive_breadth,RAW_EVIDENCE_VECTOR,CONTINUOUS_MONOTONICITY,ORDERED_Q1_TO_Q4,5,70,51,0.5917153857142857,0.593407,,,,,,,False,NO_ARBITRARY_THRESHOLD; DESCRIPTIVE_QUANTILES_ONLY
LEGACY5,WITHIN_LIFECYCLE,MATURE,strong_breadth,RAW_EVIDENCE_VECTOR,QUANTILE_BIN,Q1,5,18,13,0.10943216666666668,0.142857,0.018745564209624074,-0.006715506715506716,0.09551398076191994,0.0633240202371064,-0.05112731105302498,-0.03372112487445597,True,NO_ARBITRARY_THRESHOLD; DESCRIPTIVE_QUANTILES_ONLY
LEGACY5,WITHIN_LIFECYCLE,MATURE,strong_breadth,RAW_EVIDENCE_VECTOR,QUANTILE_BIN,Q2,5,17,17,0.18835382352941177,0.2,0.03618265086375933,-0.011592160021479392,0.09833912343246765,0.04146779661016949,-0.06868682310113171,-0.06891141349625104,True,NO_ARBITRARY_THRESHOLD; DESCRIPTIVE_QUANTILES_ONLY
LEGACY5,WITHIN_LIFECYCLE,MATURE,strong_breadth,RAW_EVIDENCE_VECTOR,QUANTILE_BIN,Q3,5,19,18,0.28077936842105267,0.285714,0.017296363612744253,-0.022438500119417244,0.12138460738961013,0.0773020970732733,-0.07246805135276668,-0.06848045822102426,True,NO_ARBITRARY_THRESHOLD; DESCRIPTIVE_QUANTILES_ONLY
LEGACY5,WITHIN_LIFECYCLE,MATURE,strong_breadth,RAW_EVIDENCE_VECTOR,QUANTILE_BIN,Q4,5,16,14,0.4488495625,0.384615,-0.01125032886475254,-0.026680624459514815,0.12062838153637047,0.07301781585747313,-0.08645829211665444,-0.07245597526549268,True,NO_ARBITRARY_THRESHOLD; DESCRIPTIVE_QUANTILES_ONLY
LEGACY5,WITHIN_LIFECYCLE,MATURE,strong_breadth,RAW_EVIDENCE_VECTOR,QUANTILE_BIN,ALL_SMALL_SAMPLE,5,0,0,,,,,,,,,True,NO_ARBITRARY_THRESHOLD; DESCRIPTIVE_QUANTILES_ONLY
LEGACY5,WITHIN_LIFECYCLE,MATURE,strong_breadth,RAW_EVIDENCE_VECTOR,CONTINUOUS_MONOTONICITY,ORDERED_Q1_TO_Q4,5,70,51,0.2526885,0.2353845,,,,,,,False,NO_ARBITRARY_THRESHOLD; DESCRIPTIVE_QUANTILES_ONLY
LEGACY5,WITHIN_LIFECYCLE,MATURE,weak_ratio,RAW_EVIDENCE_VECTOR,QUANTILE_BIN,Q1,5,36,28,0.0,0.0,0.012433887070771763,-0.015046296296296295,0.10498159052463422,0.05853658536585366,-0.07239338738232065,-0.06457242582897033,False,NO_ARBITRARY_THRESHOLD; DESCRIPTIVE_QUANTILES_ONLY
LEGACY5,WITHIN_LIFECYCLE,MATURE,weak_ratio,RAW_EVIDENCE_VECTOR,QUANTILE_BIN,Q2,5,0,0,,,,,,,,,True,NO_ARBITRARY_THRESHOLD; DESCRIPTIVE_QUANTILES_ONLY
LEGACY5,WITHIN_LIFECYCLE,MATURE,weak_ratio,RAW_EVIDENCE_VECTOR,QUANTILE_BIN,Q3,5,17,16,0.06765135294117648,0.071429,0.043449869182383166,-0.013431013431013432,0.128390926662537,0.084,-0.0616092461541328,-0.05566218809980806,True,NO_ARBITRARY_THRESHOLD; DESCRIPTIVE_QUANTILES_ONLY
LEGACY5,WITHIN_LIFECYCLE,MATURE,weak_ratio,RAW_EVIDENCE_VECTOR,QUANTILE_BIN,Q4,5,17,15,0.19836764705882354,0.178571,-0.0047970850528293,-0.020115552411272254,0.10102544602530361,0.06936646999225221,-0.0716797808743477,-0.07448466566113625,True,NO_ARBITRARY_THRESHOLD; DESCRIPTIVE_QUANTILES_ONLY
LEGACY5,WITHIN_LIFECYCLE,MATURE,weak_ratio,RAW_EVIDENCE_VECTOR,QUANTILE_BIN,ALL_SMALL_SAMPLE,5,0,0,,,,,,,,,True,NO_ARBITRARY_THRESHOLD; DESCRIPTIVE_QUANTILES_ONLY
LEGACY5,WITHIN_LIFECYCLE,MATURE,weak_ratio,RAW_EVIDENCE_VECTOR,CONTINUOUS_MONOTONICITY,ORDERED_Q1_TO_Q4,5,70,51,0.06460461428571429,0.0,,,,,,,False,NO_ARBITRARY_THRESHOLD; DESCRIPTIVE_QUANTILES_ONLY
LEGACY5,WITHIN_LIFECYCLE,MATURE,average_change_pct,RAW_EVIDENCE_VECTOR,QUANTILE_BIN,Q1,5,18,16,-0.38985555555555557,-0.2876,0.014810712338907113,-0.01818181818181818,0.09170407290475664,0.05087719298245614,-0.06044711762438698,-0.056140350877192984,True,NO_ARBITRARY_THRESHOLD; DESCRIPTIVE_QUANTILES_ONLY
LEGACY5,WITHIN_LIFECYCLE,MATURE,average_change_pct,RAW_EVIDENCE_VECTOR,QUANTILE_BIN,Q2,5,17,15,0.8973176470588236,0.7104,0.06563920012480577,0.0,0.14802298371168937,0.084,-0.0499319191339378,-0.023,True,NO_ARBITRARY_THRESHOLD; DESCRIPTIVE_QUANTILES_ONLY
LEGACY5,WITHIN_LIFECYCLE,MATURE,average_change_pct,RAW_EVIDENCE_VECTOR,QUANTILE_BIN,Q3,5,18,18,2.1342833333333333,2.2592499999999998,-0.019824048562030537,-0.02300353555193894,0.08056335730436934,0.053046201944669656,-0.0746454206272429,-0.06744186046511627,True,NO_ARBITRARY_THRESHOLD; DESCRIPTIVE_QUANTILES_ONLY
LEGACY5,WITHIN_LIFECYCLE,MATURE,average_change_pct,RAW_EVIDENCE_VECTOR,QUANTILE_BIN,Q4,5,17,16,3.5780588235294117,3.2483,0.008165217928158292,-0.012718811148130522,0.12419826738564121,0.06821465428276574,-0.09278664917304752,-0.09001052398360473,True,NO_ARBITRARY_THRESHOLD; DESCRIPTIVE_QUANTILES_ONLY
LEGACY5,WITHIN_LIFECYCLE,MATURE,average_change_pct,RAW_EVIDENCE_VECTOR,QUANTILE_BIN,ALL_SMALL_SAMPLE,5,0,0,,,,,,,,,True,NO_ARBITRARY_THRESHOLD; DESCRIPTIVE_QUANTILES_ONLY
LEGACY5,WITHIN_LIFECYCLE,MATURE,average_change_pct,RAW_EVIDENCE_VECTOR,CONTINUOUS_MONOTONICITY,ORDERED_Q1_TO_Q4,5,70,51,1.5354442857142856,1.4758499999999999,,,,,,,False,NO_ARBITRARY_THRESHOLD; DESCRIPTIVE_QUANTILES_ONLY
LEGACY5,WITHIN_LIFECYCLE,MATURE,leader_change_pct,SECONDARY_PROXY,QUANTILE_BIN,Q1,5,19,17,5.957070263157895,6.734177,0.036177796273872104,-0.011432487847582187,0.09878390073423769,0.0633240202371064,-0.040166309169369356,-0.047155827311469334,True,NO_ARBITRARY_THRESHOLD; DESCRIPTIVE_QUANTILES_ONLY
LEGACY5,WITHIN_LIFECYCLE,MATURE,leader_change_pct,SECONDARY_PROXY,QUANTILE_BIN,Q2,5,16,16,9.373094125,9.809086,0.005123636096814017,-0.026771653543307086,0.1137606660998114,0.06274509803921569,-0.07768005579865583,-0.07142857142857142,True,NO_ARBITRARY_THRESHOLD; DESCRIPTIVE_QUANTILES_ONLY
LEGACY5,WITHIN_LIFECYCLE,MATURE,leader_change_pct,SECONDARY_PROXY,QUANTILE_BIN,Q3,5,17,16,9.928132529411766,9.922481,0.04468089935213031,-0.0016,0.1426999389366668,0.084,-0.08005532346823849,-0.09595375722543352,True,NO_ARBITRARY_THRESHOLD; DESCRIPTIVE_QUANTILES_ONLY
LEGACY5,WITHIN_LIFECYCLE,MATURE,leader_change_pct,SECONDARY_PROXY,QUANTILE_BIN,Q4,5,18,18,9.989387833333332,9.988901,-0.02156042446090957,-0.018065268065268064,0.08842263421898108,0.06446763594266064,-0.08420886059059526,-0.06484435244936888,True,NO_ARBITRARY_THRESHOLD; DESCRIPTIVE_QUANTILES_ONLY
LEGACY5,WITHIN_LIFECYCLE,MATURE,leader_change_pct,SECONDARY_PROXY,QUANTILE_BIN,ALL_SMALL_SAMPLE,5,0,0,,,,,,,,,True,NO_ARBITRARY_THRESHOLD; DESCRIPTIVE_QUANTILES_ONLY
LEGACY5,WITHIN_LIFECYCLE,MATURE,leader_change_pct,SECONDARY_PROXY,CONTINUOUS_MONOTONICITY,ORDERED_Q1_TO_Q4,5,70,51,8.739158214285714,9.89343,,,,,,,False,NO_ARBITRARY_THRESHOLD; DESCRIPTIVE_QUANTILES_ONLY
BOTH,WITHIN_LIFECYCLE,MAIN_RISE,positive_breadth,RAW_EVIDENCE_VECTOR,QUANTILE_BIN,Q1,5,22,10,0.44917036363636365,0.416667,0.04248285408126663,0.04384133611691028,0.13992937010448048,0.1291946308724832,-0.05562780920270261,-0.05426356589147286,False,NO_ARBITRARY_THRESHOLD; DESCRIPTIVE_QUANTILES_ONLY
BOTH,WITHIN_LIFECYCLE,MAIN_RISE,positive_breadth,RAW_EVIDENCE_VECTOR,QUANTILE_BIN,Q2,5,20,10,0.8195107,0.8544975,0.06014400498950954,0.05141727092946602,0.11659076749589095,0.09950872976602819,-0.05270137039562393,-0.004010215022526924,False,NO_ARBITRARY_THRESHOLD; DESCRIPTIVE_QUANTILES_ONLY
BOTH,WITHIN_LIFECYCLE,MAIN_RISE,positive_breadth,RAW_EVIDENCE_VECTOR,QUANTILE_BIN,Q3,5,42,21,0.9736632857142857,1.0,0.11832758822001302,0.07834757834757834,0.19960934839460207,0.16141732283464583,-0.023831928783337217,-0.017857142857142905,False,NO_ARBITRARY_THRESHOLD; DESCRIPTIVE_QUANTILES_ONLY
BOTH,WITHIN_LIFECYCLE,MAIN_RISE,positive_breadth,RAW_EVIDENCE_VECTOR,QUANTILE_BIN,Q4,5,0,0,,,,,,,,,True,NO_ARBITRARY_THRESHOLD; DESCRIPTIVE_QUANTILES_ONLY
BOTH,WITHIN_LIFECYCLE,MAIN_RISE,positive_breadth,RAW_EVIDENCE_VECTOR,QUANTILE_BIN,ALL_SMALL_SAMPLE,5,0,0,,,,,,,,,True,NO_ARBITRARY_THRESHOLD; DESCRIPTIVE_QUANTILES_ONLY
BOTH,WITHIN_LIFECYCLE,MAIN_RISE,positive_breadth,RAW_EVIDENCE_VECTOR,CONTINUOUS_MONOTONICITY,ORDERED_Q1_TO_Q4,5,84,39,0.7995930952380952,0.8819445,,,,,,,False,NO_ARBITRARY_THRESHOLD; DESCRIPTIVE_QUANTILES_ONLY
BOTH,WITHIN_LIFECYCLE,MAIN_RISE,strong_breadth,RAW_EVIDENCE_VECTOR,QUANTILE_BIN,Q1,5,24,11,0.23272491666666664,0.23611100000000002,0.0752192441124064,0.04546940847466541,0.14319367315761003,0.13297338381230997,-0.04812261191355923,-0.04294538964350285,False,NO_ARBITRARY_THRESHOLD; DESCRIPTIVE_QUANTILES_ONLY
BOTH,WITHIN_LIFECYCLE,MAIN_RISE,strong_breadth,RAW_EVIDENCE_VECTOR,QUANTILE_BIN,Q2,5,20,10,0.4674601,0.47222200000000003,0.10800205722101189,0.04878048780487809,0.19099877301856497,0.16417910447761197,-0.039565040367073624,-0.03347280334728031,False,NO_ARBITRARY_THRESHOLD; DESCRIPTIVE_QUANTILES_ONLY
BOTH,WITHIN_LIFECYCLE,MAIN_RISE,strong_breadth,RAW_EVIDENCE_VECTOR,QUANTILE_BIN,Q3,5,20,10,0.5998558,0.593407,0.08788358691524314,0.044072948328267476,0.16161920921049552,0.08720112517580869,-0.03958569307236356,0.003676470588235281,False,NO_ARBITRARY_THRESHOLD; DESCRIPTIVE_QUANTILES_ONLY
BOTH,WITHIN_LIFECYCLE,MAIN_RISE,strong_breadth,RAW_EVIDENCE_VECTOR,QUANTILE_BIN,Q4,5,20,10,0.8290599999999999,0.7934475,0.06448367015115608,0.05405405405405406,0.1609808558668989,0.16141732283464566,-0.02886725324459787,-0.017857142857142856,False,NO_ARBITRARY_THRESHOLD; DESCRIPTIVE_QUANTILES_ONLY
BOTH,WITHIN_LIFECYCLE,MAIN_RISE,strong_breadth,RAW_EVIDENCE_VECTOR,QUANTILE_BIN,ALL_SMALL_SAMPLE,5,0,0,,,,,,,,,True,NO_ARBITRARY_THRESHOLD; DESCRIPTIVE_QUANTILES_ONLY
BOTH,WITHIN_LIFECYCLE,MAIN_RISE,strong_breadth,RAW_EVIDENCE_VECTOR,CONTINUOUS_MONOTONICITY,ORDERED_Q1_TO_Q4,5,84,39,0.5180109047619047,0.5,,,,,,,False,NO_ARBITRARY_THRESHOLD; DESCRIPTIVE_QUANTILES_ONLY
BOTH,WITHIN_LIFECYCLE,MAIN_RISE,weak_ratio,RAW_EVIDENCE_VECTOR,QUANTILE_BIN,Q1,5,64,30,0.0,0.0,0.0794951702194706,0.04878048780487809,0.15742435358726442,0.11128775834658189,-0.03672777480125885,-0.024216524216524205,False,NO_ARBITRARY_THRESHOLD; DESCRIPTIVE_QUANTILES_ONLY
BOTH,WITHIN_LIFECYCLE,MAIN_RISE,weak_ratio,RAW_EVIDENCE_VECTOR,QUANTILE_BIN,Q2,5,0,0,,,,,,,,,True,NO_ARBITRARY_THRESHOLD; DESCRIPTIVE_QUANTILES_ONLY
BOTH,WITHIN_LIFECYCLE,MAIN_RISE,weak_ratio,RAW_EVIDENCE_VECTOR,QUANTILE_BIN,Q3,5,0,0,,,,,,,,,True,NO_ARBITRARY_THRESHOLD; DESCRIPTIVE_QUANTILES_ONLY
BOTH,WITHIN_LIFECYCLE,MAIN_RISE,weak_ratio,RAW_EVIDENCE_VECTOR,QUANTILE_BIN,Q4,5,20,10,0.23233450000000003,0.22285700000000003,0.09515367233854288,0.045585214580344036,0.179607025539137,0.1651979160368422,-0.04834450850226489,-0.03941679523074871,False,NO_ARBITRARY_THRESHOLD; DESCRIPTIVE_QUANTILES_ONLY
BOTH,WITHIN_LIFECYCLE,MAIN_RISE,weak_ratio,RAW_EVIDENCE_VECTOR,QUANTILE_BIN,ALL_SMALL_SAMPLE,5,0,0,,,,,,,,,True,NO_ARBITRARY_THRESHOLD; DESCRIPTIVE_QUANTILES_ONLY
BOTH,WITHIN_LIFECYCLE,MAIN_RISE,weak_ratio,RAW_EVIDENCE_VECTOR,CONTINUOUS_MONOTONICITY,ORDERED_Q1_TO_Q4,5,84,39,0.0553177380952381,0.0,,,,,,,False,NO_ARBITRARY_THRESHOLD; DESCRIPTIVE_QUANTILES_ONLY
BOTH,WITHIN_LIFECYCLE,MAIN_RISE,average_change_pct,RAW_EVIDENCE_VECTOR,QUANTILE_BIN,Q1,5,22,10,0.6586454545454545,1.6404,0.02647599863275417,0.03301886792452827,0.1024640844053463,0.09270516717325233,-0.06393509717173895,-0.06132075471698115,False,NO_ARBITRARY_THRESHOLD; DESCRIPTIVE_QUANTILES_ONLY
BOTH,WITHIN_LIFECYCLE,MAIN_RISE,average_change_pct,RAW_EVIDENCE_VECTOR,QUANTILE_BIN,Q2,5,20,9,3.9097099999999996,4.2183,0.1886625398307047,0.1836732458542356,0.26769653117626163,0.2333137443459059,-0.013521903232573785,0.006550686399802101,False,NO_ARBITRARY_THRESHOLD; DESCRIPTIVE_QUANTILES_ONLY
BOTH,WITHIN_LIFECYCLE,MAIN_RISE,average_change_pct,RAW_EVIDENCE_VECTOR,QUANTILE_BIN,Q3,5,22,11,5.344809090909091,5.5882,0.08725868399746574,0.054054054054054,0.14337949144999104,0.106312292358804,-0.022472667597828608,-0.015325670498084299,False,NO_ARBITRARY_THRESHOLD; DESCRIPTIVE_QUANTILES_ONLY
BOTH,WITHIN_LIFECYCLE,MAIN_RISE,average_change_pct,RAW_EVIDENCE_VECTOR,QUANTILE_BIN,Q4,5,20,10,7.515479999999999,7.2082999999999995,0.028050883275272512,0.011811023622047244,0.14309039925077738,0.16141732283464566,-0.060933855490595615,-0.05921052631578938,False,NO_ARBITRARY_THRESHOLD; DESCRIPTIVE_QUANTILES_ONLY
BOTH,WITHIN_LIFECYCLE,MAIN_RISE,average_change_pct,RAW_EVIDENCE_VECTOR,QUANTILE_BIN,ALL_SMALL_SAMPLE,5,0,0,,,,,,,,,True,NO_ARBITRARY_THRESHOLD; DESCRIPTIVE_QUANTILES_ONLY
BOTH,WITHIN_LIFECYCLE,MAIN_RISE,average_change_pct,RAW_EVIDENCE_VECTOR,CONTINUOUS_MONOTONICITY,ORDERED_Q1_TO_Q4,5,84,39,4.2926166666666665,4.58545,,,,,,,False,NO_ARBITRARY_THRESHOLD; DESCRIPTIVE_QUANTILES_ONLY
BOTH,WITHIN_LIFECYCLE,MAIN_RISE,leader_change_pct,SECONDARY_PROXY,QUANTILE_BIN,Q1,5,22,10,9.024636545454545,9.868421,0.09457174249570625,0.07032348804500699,0.13469231742750798,0.09270516717325228,-0.027156854451313512,0.003676470588235281,False,NO_ARBITRARY_THRESHOLD; DESCRIPTIVE_QUANTILES_ONLY
BOTH,WITHIN_LIFECYCLE,MAIN_RISE,leader_change_pct,SECONDARY_PROXY,QUANTILE_BIN,Q2,5,20,10,9.9394428,9.940535,0.06004865846784866,0.04384133611691032,0.14539347105944336,0.09146341463414642,-0.04136137585768771,-0.040498442367601244,False,NO_ARBITRARY_THRESHOLD; DESCRIPTIVE_QUANTILES_ONLY
BOTH,WITHIN_LIFECYCLE,MAIN_RISE,leader_change_pct,SECONDARY_PROXY,QUANTILE_BIN,Q3,5,40,20,9.9916926,10.0,0.09460133569845477,0.08314947600661887,0.18983064097884078,0.18027210884353745,-0.04231046617674637,-0.02754091779682328,False,NO_ARBITRARY_THRESHOLD; DESCRIPTIVE_QUANTILES_ONLY
BOTH,WITHIN_LIFECYCLE,MAIN_RISE,leader_change_pct,SECONDARY_PROXY,QUANTILE_BIN,Q4,5,2,1,56.009615,56.009615,-0.15870570107858242,-0.15870570107858242,0.01078582434514638,0.01078582434514638,-0.15870570107858242,-0.15870570107858242,True,NO_ARBITRARY_THRESHOLD; DESCRIPTIVE_QUANTILES_ONLY
BOTH,WITHIN_LIFECYCLE,MAIN_RISE,leader_change_pct,SECONDARY_PROXY,QUANTILE_BIN,ALL_SMALL_SAMPLE,5,0,0,,,,,,,,,True,NO_ARBITRARY_THRESHOLD; DESCRIPTIVE_QUANTILES_ONLY
BOTH,WITHIN_LIFECYCLE,MAIN_RISE,leader_change_pct,SECONDARY_PROXY,CONTINUOUS_MONOTONICITY,ORDERED_Q1_TO_Q4,5,84,39,10.821640404761904,9.961580999999999,,,,,,,False,NO_ARBITRARY_THRESHOLD; DESCRIPTIVE_QUANTILES_ONLY
BOTH,WITHIN_LIFECYCLE,FERMENTING,positive_breadth,RAW_EVIDENCE_VECTOR,QUANTILE_BIN,Q1,5,12,5,0.4047618333333333,0.4642855,0.04778812713877753,0.042475263047871206,0.09592281277735464,0.10094835170522176,-0.04556853430406338,-0.0437289892238802,True,NO_ARBITRARY_THRESHOLD; DESCRIPTIVE_QUANTILES_ONLY
BOTH,WITHIN_LIFECYCLE,FERMENTING,positive_breadth,RAW_EVIDENCE_VECTOR,QUANTILE_BIN,Q2,5,4,2,0.6,0.6,0.07608499768857685,0.07608499768857685,0.16152146489379204,0.16152146489379204,-0.02777364246332413,-0.02777364246332413,True,NO_ARBITRARY_THRESHOLD; DESCRIPTIVE_QUANTILES_ONLY
BOTH,WITHIN_LIFECYCLE,FERMENTING,positive_breadth,RAW_EVIDENCE_VECTOR,QUANTILE_BIN,Q3,5,4,2,0.7083335,0.7083335,-0.024820644081562353,-0.024820644081562353,0.026838782717842097,0.026838782717842107,-0.0688751338247419,-0.06887513382474192,True,NO_ARBITRARY_THRESHOLD; DESCRIPTIVE_QUANTILES_ONLY
BOTH,WITHIN_LIFECYCLE,FERMENTING,positive_breadth,RAW_EVIDENCE_VECTOR,QUANTILE_BIN,Q4,5,6,3,0.9444443333333333,1.0,-0.013490748239458386,0.006791171477079828,0.03512930019927236,0.03663003663003668,-0.09733815212905984,-0.09870550161812292,True,NO_ARBITRARY_THRESHOLD; DESCRIPTIVE_QUANTILES_ONLY
BOTH,WITHIN_LIFECYCLE,FERMENTING,positive_breadth,RAW_EVIDENCE_VECTOR,QUANTILE_BIN,ALL_SMALL_SAMPLE,5,0,0,,,,,,,,,True,NO_ARBITRARY_THRESHOLD; DESCRIPTIVE_QUANTILES_ONLY
BOTH,WITHIN_LIFECYCLE,FERMENTING,positive_breadth,RAW_EVIDENCE_VECTOR,CONTINUOUS_MONOTONICITY,ORDERED_Q1_TO_Q4,5,26,11,0.6060439230769231,0.6,,,,,,,False,NO_ARBITRARY_THRESHOLD; DESCRIPTIVE_QUANTILES_ONLY
BOTH,WITHIN_LIFECYCLE,FERMENTING,strong_breadth,RAW_EVIDENCE_VECTOR,QUANTILE_BIN,Q1,5,8,4,0.09821425,0.113095,0.06712071405539033,0.07210642757335817,0.08761455061524925,0.10094835170522176,-0.052672756460017775,-0.04948268106162845,True,NO_ARBITRARY_THRESHOLD; DESCRIPTIVE_QUANTILES_ONLY
BOTH,WITHIN_LIFECYCLE,FERMENTING,strong_breadth,RAW_EVIDENCE_VECTOR,QUANTILE_BIN,Q2,5,10,5,0.28999980000000003,0.333333,-0.009364630307599113,-0.00858369098712444,0.07566709645511223,0.06437768240343346,-0.04710671224765621,-0.0402476780185758,True,NO_ARBITRARY_THRESHOLD; DESCRIPTIVE_QUANTILES_ONLY
BOTH,WITHIN_LIFECYCLE,FERMENTING,strong_breadth,RAW_EVIDENCE_VECTOR,QUANTILE_BIN,Q3,5,2,1,0.4,0.4,0.16759776536312845,0.16759776536312845,0.22346368715083798,0.22346368715083798,-0.020484171322160166,-0.020484171322160166,True,NO_ARBITRARY_THRESHOLD; DESCRIPTIVE_QUANTILES_ONLY
BOTH,WITHIN_LIFECYCLE,FERMENTING,strong_breadth,RAW_EVIDENCE_VECTOR,QUANTILE_BIN,Q4,5,6,3,0.6925923333333334,0.8,-0.013490748239458386,0.006791171477079828,0.03512930019927236,0.03663003663003668,-0.09733815212905984,-0.09870550161812292,True,NO_ARBITRARY_THRESHOLD; DESCRIPTIVE_QUANTILES_ONLY
BOTH,WITHIN_LIFECYCLE,FERMENTING,strong_breadth,RAW_EVIDENCE_VECTOR,QUANTILE_BIN,ALL_SMALL_SAMPLE,5,0,0,,,,,,,,,True,NO_ARBITRARY_THRESHOLD; DESCRIPTIVE_QUANTILES_ONLY
BOTH,WITHIN_LIFECYCLE,FERMENTING,strong_breadth,RAW_EVIDENCE_VECTOR,CONTINUOUS_MONOTONICITY,ORDERED_Q1_TO_Q4,5,26,11,0.33235638461538464,0.333333,,,,,,,False,NO_ARBITRARY_THRESHOLD; DESCRIPTIVE_QUANTILES_ONLY
BOTH,WITHIN_LIFECYCLE,FERMENTING,weak_ratio,RAW_EVIDENCE_VECTOR,QUANTILE_BIN,Q1,5,24,11,0.0,0.0,0.018372220104793554,0.004943573354638987,0.0774438907012014,0.0580788088392572,-0.05585230329720441,-0.04384806519434939,False,NO_ARBITRARY_THRESHOLD; DESCRIPTIVE_QUANTILES_ONLY
BOTH,WITHIN_LIFECYCLE,FERMENTING,weak_ratio,RAW_EVIDENCE_VECTOR,QUANTILE_BIN,Q2,5,0,0,,,,,,,,,True,NO_ARBITRARY_THRESHOLD; DESCRIPTIVE_QUANTILES_ONLY
BOTH,WITHIN_LIFECYCLE,FERMENTING,weak_ratio,RAW_EVIDENCE_VECTOR,QUANTILE_BIN,Q3,5,0,0,,,,,,,,,True,NO_ARBITRARY_THRESHOLD; DESCRIPTIVE_QUANTILES_ONLY
BOTH,WITHIN_LIFECYCLE,FERMENTING,weak_ratio,RAW_EVIDENCE_VECTOR,QUANTILE_BIN,Q4,5,2,1,0.166667,0.166667,0.12831858407079638,0.12831858407079638,0.12831858407079638,0.12831858407079638,-0.08849557522123895,-0.08849557522123895,True,NO_ARBITRARY_THRESHOLD; DESCRIPTIVE_QUANTILES_ONLY
BOTH,WITHIN_LIFECYCLE,FERMENTING,weak_ratio,RAW_EVIDENCE_VECTOR,QUANTILE_BIN,ALL_SMALL_SAMPLE,5,0,0,,,,,,,,,True,NO_ARBITRARY_THRESHOLD; DESCRIPTIVE_QUANTILES_ONLY
BOTH,WITHIN_LIFECYCLE,FERMENTING,weak_ratio,RAW_EVIDENCE_VECTOR,CONTINUOUS_MONOTONICITY,ORDERED_Q1_TO_Q4,5,26,11,0.012820538461538463,0.0,,,,,,,False,NO_ARBITRARY_THRESHOLD; DESCRIPTIVE_QUANTILES_ONLY
BOTH,WITHIN_LIFECYCLE,FERMENTING,average_change_pct,RAW_EVIDENCE_VECTOR,QUANTILE_BIN,Q1,5,8,4,0.7451,0.89585,0.07305411964689787,0.07210642757335817,0.09141208958684541,0.10094835170522176,-0.04648830684415497,-0.040854810329658986,True,NO_ARBITRARY_THRESHOLD; DESCRIPTIVE_QUANTILES_ONLY
BOTH,WITHIN_LIFECYCLE,FERMENTING,average_change_pct,RAW_EVIDENCE_VECTOR,QUANTILE_BIN,Q2,5,6,3,1.6825333333333334,1.6926,-0.021689686049699813,-0.01542776998597474,0.051085602690810104,0.03343465045592707,-0.05760446041799063,-0.04048582995951419,True,NO_ARBITRARY_THRESHOLD; DESCRIPTIVE_QUANTILES_ONLY
BOTH,WITHIN_LIFECYCLE,FERMENTING,average_change_pct,RAW_EVIDENCE_VECTOR,QUANTILE_BIN,Q3,5,6,3,2.8488666666666664,2.8745,0.054036683202734054,0.0030959752321981604,0.1444507351558614,0.14551083591331276,-0.03598071658997352,-0.0402476780185758,True,NO_ARBITRARY_THRESHOLD; DESCRIPTIVE_QUANTILES_ONLY
BOTH,WITHIN_LIFECYCLE,FERMENTING,average_change_pct,RAW_EVIDENCE_VECTOR,QUANTILE_BIN,Q4,5,6,3,6.316400000000001,7.1698,-0.013490748239458386,0.006791171477079828,0.03512930019927236,0.03663003663003668,-0.09733815212905984,-0.09870550161812292,True,NO_ARBITRARY_THRESHOLD; DESCRIPTIVE_QUANTILES_ONLY
BOTH,WITHIN_LIFECYCLE,FERMENTING,average_change_pct,RAW_EVIDENCE_VECTOR,QUANTILE_BIN,ALL_SMALL_SAMPLE,5,0,0,,,,,,,,,True,NO_ARBITRARY_THRESHOLD; DESCRIPTIVE_QUANTILES_ONLY
BOTH,WITHIN_LIFECYCLE,FERMENTING,average_change_pct,RAW_EVIDENCE_VECTOR,CONTINUOUS_MONOTONICITY,ORDERED_Q1_TO_Q4,5,26,11,2.7326,1.7141,,,,,,,False,NO_ARBITRARY_THRESHOLD; DESCRIPTIVE_QUANTILES_ONLY
BOTH,WITHIN_LIFECYCLE,FERMENTING,leader_change_pct,SECONDARY_PROXY,QUANTILE_BIN,Q1,5,8,3,5.4431715,4.6891805,0.00882730948315443,0.007818228187063644,0.04716703960642992,0.03443386066103438,-0.04418209691028051,-0.031857959227544724,True,NO_ARBITRARY_THRESHOLD; DESCRIPTIVE_QUANTILES_ONLY
BOTH,WITHIN_LIFECYCLE,FERMENTING,leader_change_pct,SECONDARY_PROXY,QUANTILE_BIN,Q2,5,6,3,9.879510000000002,9.863946,-0.006971828580300339,-0.00858369098712444,0.10315592031783077,0.09957924263674613,-0.04084036401741616,-0.0402476780185758,True,NO_ARBITRARY_THRESHOLD; DESCRIPTIVE_QUANTILES_ONLY
BOTH,WITHIN_LIFECYCLE,FERMENTING,leader_change_pct,SECONDARY_PROXY,QUANTILE_BIN,Q3,5,6,3,9.935519333333334,9.928352,0.04011144972255782,0.01098901098901097,0.1039578863519852,0.05177993527508093,-0.06964442089462428,-0.08974358974358976,True,NO_ARBITRARY_THRESHOLD; DESCRIPTIVE_QUANTILES_ONLY
BOTH,WITHIN_LIFECYCLE,FERMENTING,leader_change_pct,SECONDARY_PROXY,QUANTILE_BIN,Q4,5,6,3,9.973346999999999,9.975669,0.07135237465630963,0.07894736842105264,0.0825452313500152,0.10233918128654972,-0.08351349080348285,-0.08849557522123895,True,NO_ARBITRARY_THRESHOLD; DESCRIPTIVE_QUANTILES_ONLY
BOTH,WITHIN_LIFECYCLE,FERMENTING,leader_change_pct,SECONDARY_PROXY,QUANTILE_BIN,ALL_SMALL_SAMPLE,5,0,0,,,,,,,,,True,NO_ARBITRARY_THRESHOLD; DESCRIPTIVE_QUANTILES_ONLY
BOTH,WITHIN_LIFECYCLE,FERMENTING,leader_change_pct,SECONDARY_PROXY,CONTINUOUS_MONOTONICITY,ORDERED_Q1_TO_Q4,5,26,11,8.549062692307693,9.913259,,,,,,,False,NO_ARBITRARY_THRESHOLD; DESCRIPTIVE_QUANTILES_ONLY
BOTH,WITHIN_LIFECYCLE,MATURE,positive_breadth,RAW_EVIDENCE_VECTOR,QUANTILE_BIN,Q1,5,8,4,0.28940475,0.32738100000000003,-0.021878889756602644,-0.07340333716915994,0.09875442679045726,0.0677215189873417,-0.0935244990765737,-0.10466052934407366,True,NO_ARBITRARY_THRESHOLD; DESCRIPTIVE_QUANTILES_ONLY
BOTH,WITHIN_LIFECYCLE,MATURE,positive_breadth,RAW_EVIDENCE_VECTOR,QUANTILE_BIN,Q2,5,6,3,0.592186,0.571429,-0.11358191582617712,-0.15707236842105263,0.06325167893752437,0.06149341142020498,-0.15120370755997384,-0.16858552631578946,True,NO_ARBITRARY_THRESHOLD; DESCRIPTIVE_QUANTILES_ONLY
BOTH,WITHIN_LIFECYCLE,MATURE,positive_breadth,RAW_EVIDENCE_VECTOR,QUANTILE_BIN,Q3,5,8,4,0.7446429999999999,0.732143,0.04408640893698291,-0.004137557886026211,0.10889687019092875,0.0852380154608334,-0.03387674350968077,-0.030908003588159046,True,NO_ARBITRARY_THRESHOLD; DESCRIPTIVE_QUANTILES_ONLY
BOTH,WITHIN_LIFECYCLE,MATURE,positive_breadth,RAW_EVIDENCE_VECTOR,QUANTILE_BIN,Q4,5,6,3,0.8653846666666666,0.846154,-0.01955004321041826,-0.020202020202020214,0.13251868019885435,0.13812154696132595,-0.06347149533495522,-0.03867403314917122,True,NO_ARBITRARY_THRESHOLD; DESCRIPTIVE_QUANTILES_ONLY
BOTH,WITHIN_LIFECYCLE,MATURE,positive_breadth,RAW_EVIDENCE_VECTOR,QUANTILE_BIN,ALL_SMALL_SAMPLE,5,0,0,,,,,,,,,True,NO_ARBITRARY_THRESHOLD; DESCRIPTIVE_QUANTILES_ONLY
BOTH,WITHIN_LIFECYCLE,MATURE,positive_breadth,RAW_EVIDENCE_VECTOR,CONTINUOUS_MONOTONICITY,ORDERED_Q1_TO_Q4,5,28,12,0.6077787857142857,0.6904764999999999,,,,,,,False,NO_ARBITRARY_THRESHOLD; DESCRIPTIVE_QUANTILES_ONLY
BOTH,WITHIN_LIFECYCLE,MATURE,strong_breadth,RAW_EVIDENCE_VECTOR,QUANTILE_BIN,Q1,5,8,4,0.18269225,0.1785715,-0.0672244296304226,-0.06897661586967943,0.0634162615931073,0.06454518859264183,-0.10512123471359239,-0.10706778770362585,True,NO_ARBITRARY_THRESHOLD; DESCRIPTIVE_QUANTILES_ONLY
BOTH,WITHIN_LIFECYCLE,MATURE,strong_breadth,RAW_EVIDENCE_VECTOR,QUANTILE_BIN,Q2,5,6,3,0.24666666666666667,0.25,0.12031645569620254,0.18500000000000003,0.16862869198312236,0.23500000000000004,-0.0439535864978903,-0.02300000000000001,True,NO_ARBITRARY_THRESHOLD; DESCRIPTIVE_QUANTILES_ONLY
BOTH,WITHIN_LIFECYCLE,MATURE,strong_breadth,RAW_EVIDENCE_VECTOR,QUANTILE_BIN,Q3,5,8,4,0.29563475,0.285714,-0.04580007359746733,-0.01490558361055936,0.08413952604969555,0.0852380154608334,-0.06511814717184292,-0.041384260669073795,True,NO_ARBITRARY_THRESHOLD; DESCRIPTIVE_QUANTILES_ONLY
BOTH,WITHIN_LIFECYCLE,MATURE,strong_breadth,RAW_EVIDENCE_VECTOR,QUANTILE_BIN,Q4,5,6,3,0.4893163333333333,0.416667,-0.06505047866088978,-0.042131350681536554,0.11607247973813584,0.09090909090909091,-0.10608417528576239,-0.1214374225526641,True,NO_ARBITRARY_THRESHOLD; DESCRIPTIVE_QUANTILES_ONLY
BOTH,WITHIN_LIFECYCLE,MATURE,strong_breadth,RAW_EVIDENCE_VECTOR,QUANTILE_BIN,ALL_SMALL_SAMPLE,5,0,0,,,,,,,,,True,NO_ARBITRARY_THRESHOLD; DESCRIPTIVE_QUANTILES_ONLY
BOTH,WITHIN_LIFECYCLE,MATURE,strong_breadth,RAW_EVIDENCE_VECTOR,CONTINUOUS_MONOTONICITY,ORDERED_Q1_TO_Q4,5,28,12,0.2943755,0.26388900000000004,,,,,,,False,NO_ARBITRARY_THRESHOLD; DESCRIPTIVE_QUANTILES_ONLY
BOTH,WITHIN_LIFECYCLE,MATURE,weak_ratio,RAW_EVIDENCE_VECTOR,QUANTILE_BIN,Q1,5,10,5,0.0,0.0,0.00519920445139852,-0.005235602094240813,0.10513634241910833,0.09448818897637798,-0.06672959849404983,-0.04409448818897635,True,NO_ARBITRARY_THRESHOLD; DESCRIPTIVE_QUANTILES_ONLY
BOTH,WITHIN_LIFECYCLE,MATURE,weak_ratio,RAW_EVIDENCE_VECTOR,QUANTILE_BIN,Q2,5,4,2,0.0584615,0.0584615,0.0823989898989899,0.0823989898989899,0.16295454545454546,0.16295454545454546,-0.02665151515151515,-0.02665151515151515,True,NO_ARBITRARY_THRESHOLD; DESCRIPTIVE_QUANTILES_ONLY
BOTH,WITHIN_LIFECYCLE,MATURE,weak_ratio,RAW_EVIDENCE_VECTOR,QUANTILE_BIN,Q3,5,8,4,0.1190475,0.113095,-0.08263738593957833,-0.04213135068153662,0.09563289897455206,0.09999999999999987,-0.12692241902843518,-0.11818181818181828,True,NO_ARBITRARY_THRESHOLD; DESCRIPTIVE_QUANTILES_ONLY
BOTH,WITHIN_LIFECYCLE,MATURE,weak_ratio,RAW_EVIDENCE_VECTOR,QUANTILE_BIN,Q4,5,6,3,0.23168466666666668,0.230769,-0.05177933124720827,-0.02658959537572251,0.06666149215011778,0.07598784194528879,-0.08228307862567187,-0.09595375722543353,True,NO_ARBITRARY_THRESHOLD; DESCRIPTIVE_QUANTILES_ONLY
BOTH,WITHIN_LIFECYCLE,MATURE,weak_ratio,RAW_EVIDENCE_VECTOR,QUANTILE_BIN,ALL_SMALL_SAMPLE,5,0,0,,,,,,,,,True,NO_ARBITRARY_THRESHOLD; DESCRIPTIVE_QUANTILES_ONLY
BOTH,WITHIN_LIFECYCLE,MATURE,weak_ratio,RAW_EVIDENCE_VECTOR,CONTINUOUS_MONOTONICITY,ORDERED_Q1_TO_Q4,5,28,12,0.09201192857142858,0.080128,,,,,,,False,NO_ARBITRARY_THRESHOLD; DESCRIPTIVE_QUANTILES_ONLY
BOTH,WITHIN_LIFECYCLE,MATURE,average_change_pct,RAW_EVIDENCE_VECTOR,QUANTILE_BIN,Q1,5,8,4,-0.11875000000000001,-0.1353,-0.07477628860053327,-0.07340333716915994,0.06485991811993701,0.06743250164630123,-0.11176293838293208,-0.10706778770362585,True,NO_ARBITRARY_THRESHOLD; DESCRIPTIVE_QUANTILES_ONLY
BOTH,WITHIN_LIFECYCLE,MATURE,average_change_pct,RAW_EVIDENCE_VECTOR,QUANTILE_BIN,Q2,5,6,3,1.2021666666666666,0.796,0.061881242524830155,0.003683241252302021,0.14970312963553825,0.13812154696132595,-0.02359752472753528,-0.02300000000000001,True,NO_ARBITRARY_THRESHOLD; DESCRIPTIVE_QUANTILES_ONLY
BOTH,WITHIN_LIFECYCLE,MATURE,average_change_pct,RAW_EVIDENCE_VECTOR,QUANTILE_BIN,Q3,5,8,4,2.6981,2.6507,-0.05232041106515519,-0.023486836872663654,0.060756554517155746,0.060288751388227785,-0.07688886765919162,-0.05433345700897335,True,NO_ARBITRARY_THRESHOLD; DESCRIPTIVE_QUANTILES_ONLY
BOTH,WITHIN_LIFECYCLE,MATURE,average_change_pct,RAW_EVIDENCE_VECTOR,QUANTILE_BIN,Q4,5,6,3,4.162933333333333,4.5685,0.027587291445234762,-0.042131350681536554,0.1738860585643729,0.16852540272614625,-0.10105157075948698,-0.1214374225526641,True,NO_ARBITRARY_THRESHOLD; DESCRIPTIVE_QUANTILES_ONLY
BOTH,WITHIN_LIFECYCLE,MATURE,average_change_pct,RAW_EVIDENCE_VECTOR,QUANTILE_BIN,ALL_SMALL_SAMPLE,5,0,0,,,,,,,,,True,NO_ARBITRARY_THRESHOLD; DESCRIPTIVE_QUANTILES_ONLY
BOTH,WITHIN_LIFECYCLE,MATURE,average_change_pct,RAW_EVIDENCE_VECTOR,CONTINUOUS_MONOTONICITY,ORDERED_Q1_TO_Q4,5,28,12,1.8866214285714287,2.3484999999999996,,,,,,,False,NO_ARBITRARY_THRESHOLD; DESCRIPTIVE_QUANTILES_ONLY
BOTH,WITHIN_LIFECYCLE,MATURE,leader_change_pct,SECONDARY_PROXY,QUANTILE_BIN,Q1,5,8,4,7.79807825,8.5992745,0.02993644870104945,-0.01490558361055936,0.11022976722408759,0.0852380154608334,-0.041838067432185023,-0.03354724409448817,True,NO_ARBITRARY_THRESHOLD; DESCRIPTIVE_QUANTILES_ONLY
BOTH,WITHIN_LIFECYCLE,MATURE,leader_change_pct,SECONDARY_PROXY,QUANTILE_BIN,Q2,5,6,3,9.919643333333333,9.911055,-0.07526443815943724,-0.04213135068153659,0.09863596478661822,0.099421965317919,-0.1286589020312957,-0.12143742255266414,True,NO_ARBITRARY_THRESHOLD; DESCRIPTIVE_QUANTILES_ONLY
BOTH,WITHIN_LIFECYCLE,MATURE,leader_change_pct,SECONDARY_PROXY,QUANTILE_BIN,Q3,5,8,4,9.97868675,9.980008,0.021032789883315407,-0.0007761804209693857,0.10695191649762993,0.08389497941434534,-0.0656862288959077,-0.0516232294890708,True,NO_ARBITRARY_THRESHOLD; DESCRIPTIVE_QUANTILES_ONLY
BOTH,WITHIN_LIFECYCLE,MATURE,leader_change_pct,SECONDARY_PROXY,QUANTILE_BIN,Q4,5,6,3,9.994632333333334,10.0,-0.09274339293372968,-0.11136363636363633,0.08866231864767732,0.09090909090909091,-0.10478193353742404,-0.11818181818181818,True,NO_ARBITRARY_THRESHOLD; DESCRIPTIVE_QUANTILES_ONLY
BOTH,WITHIN_LIFECYCLE,MATURE,leader_change_pct,SECONDARY_PROXY,QUANTILE_BIN,ALL_SMALL_SAMPLE,5,0,0,,,,,,,,,True,NO_ARBITRARY_THRESHOLD; DESCRIPTIVE_QUANTILES_ONLY
BOTH,WITHIN_LIFECYCLE,MATURE,leader_change_pct,SECONDARY_PROXY,CONTINUOUS_MONOTONICITY,ORDERED_Q1_TO_Q4,5,28,12,9.346420499999999,9.958300999999999,,,,,,,False,NO_ARBITRARY_THRESHOLD; DESCRIPTIVE_QUANTILES_ONLY
A2,WITHIN_LIFECYCLE,MAIN_RISE,positive_breadth,RAW_EVIDENCE_VECTOR,QUANTILE_BIN,Q1,10,109,92,0.36657027522935776,0.357143,0.07816880943495473,0.04817275747508298,0.20238607206213913,0.147560975609756,-0.08197921980290859,-0.07563025210084029,False,NO_ARBITRARY_THRESHOLD; DESCRIPTIVE_QUANTILES_ONLY
A2,WITHIN_LIFECYCLE,MAIN_RISE,positive_breadth,RAW_EVIDENCE_VECTOR,QUANTILE_BIN,Q2,10,108,98,0.6972596944444445,0.703704,0.08040549228786553,0.03222029929756698,0.1997569622222027,0.16475621890547265,-0.08593868579368431,-0.08130821300436541,False,NO_ARBITRARY_THRESHOLD; DESCRIPTIVE_QUANTILES_ONLY
A2,WITHIN_LIFECYCLE,MAIN_RISE,positive_breadth,RAW_EVIDENCE_VECTOR,QUANTILE_BIN,Q3,10,108,91,0.8710517222222223,0.857143,0.023864558310266605,-0.0025713731240296633,0.16165467270168157,0.10942873973105982,-0.08266329833648688,-0.07729695383331436,False,NO_ARBITRARY_THRESHOLD; DESCRIPTIVE_QUANTILES_ONLY
A2,WITHIN_LIFECYCLE,MAIN_RISE,positive_breadth,RAW_EVIDENCE_VECTOR,QUANTILE_BIN,Q4,10,109,79,0.989230623853211,1.0,0.10790739903871698,0.06119489265032518,0.2504535063158625,0.20481895202633427,-0.06740249366697824,-0.04842877541451773,False,NO_ARBITRARY_THRESHOLD; DESCRIPTIVE_QUANTILES_ONLY
A2,WITHIN_LIFECYCLE,MAIN_RISE,positive_breadth,RAW_EVIDENCE_VECTOR,QUANTILE_BIN,ALL_SMALL_SAMPLE,10,0,0,,,,,,,,,True,NO_ARBITRARY_THRESHOLD; DESCRIPTIVE_QUANTILES_ONLY
A2,WITHIN_LIFECYCLE,MAIN_RISE,positive_breadth,RAW_EVIDENCE_VECTOR,CONTINUOUS_MONOTONICITY,ORDERED_Q1_TO_Q4,10,434,225,0.7307832511520738,0.804762,,,,,,,False,NO_ARBITRARY_THRESHOLD; DESCRIPTIVE_QUANTILES_ONLY
A2,WITHIN_LIFECYCLE,MAIN_RISE,strong_breadth,RAW_EVIDENCE_VECTOR,QUANTILE_BIN,Q1,10,120,102,0.152367375,0.151923,0.08195540750446742,0.03800757825649359,0.18873019787151643,0.13003318758060967,-0.08069911311983205,-0.07525553477447694,False,NO_ARBITRARY_THRESHOLD; DESCRIPTIVE_QUANTILES_ONLY
A2,WITHIN_LIFECYCLE,MAIN_RISE,strong_breadth,RAW_EVIDENCE_VECTOR,QUANTILE_BIN,Q2,10,107,88,0.35399285046728973,0.35,0.06369730488177704,0.030947775628626717,0.21000636161894906,0.1635071090047393,-0.08166261963772224,-0.07758620689655171,False,NO_ARBITRARY_THRESHOLD; DESCRIPTIVE_QUANTILES_ONLY
A2,WITHIN_LIFECYCLE,MAIN_RISE,strong_breadth,RAW_EVIDENCE_VECTOR,QUANTILE_BIN,Q3,10,98,79,0.5158014183673469,0.5,0.04752098864359798,-0.004542151162790664,0.181127669665826,0.11059686503951449,-0.08189660562870779,-0.0741092981996917,False,NO_ARBITRARY_THRESHOLD; DESCRIPTIVE_QUANTILES_ONLY
A2,WITHIN_LIFECYCLE,MAIN_RISE,strong_breadth,RAW_EVIDENCE_VECTOR,QUANTILE_BIN,Q4,10,109,71,0.799544614678899,0.777778,0.09428590991631641,0.05168875824968111,0.23323366371445517,0.18425445103857552,-0.07390657537659798,-0.05263385333390952,False,NO_ARBITRARY_THRESHOLD; DESCRIPTIVE_QUANTILES_ONLY
A2,WITHIN_LIFECYCLE,MAIN_RISE,strong_breadth,RAW_EVIDENCE_VECTOR,QUANTILE_BIN,ALL_SMALL_SAMPLE,10,0,0,,,,,,,,,True,NO_ARBITRARY_THRESHOLD; DESCRIPTIVE_QUANTILES_ONLY
A2,WITHIN_LIFECYCLE,MAIN_RISE,strong_breadth,RAW_EVIDENCE_VECTOR,CONTINUOUS_MONOTONICITY,ORDERED_Q1_TO_Q4,10,434,225,0.4466825391705069,0.428571,,,,,,,False,NO_ARBITRARY_THRESHOLD; DESCRIPTIVE_QUANTILES_ONLY
A2,WITHIN_LIFECYCLE,MAIN_RISE,weak_ratio,RAW_EVIDENCE_VECTOR,QUANTILE_BIN,Q1,10,297,176,0.0,0.0,0.07800434794881891,0.03167420814479649,0.2100620141427277,0.17086834733893563,-0.07280226893424056,-0.06991260923845188,False,NO_ARBITRARY_THRESHOLD; DESCRIPTIVE_QUANTILES_ONLY
A2,WITHIN_LIFECYCLE,MAIN_RISE,weak_ratio,RAW_EVIDENCE_VECTOR,QUANTILE_BIN,Q2,10,0,0,,,,,,,,,True,NO_ARBITRARY_THRESHOLD; DESCRIPTIVE_QUANTILES_ONLY
A2,WITHIN_LIFECYCLE,MAIN_RISE,weak_ratio,RAW_EVIDENCE_VECTOR,QUANTILE_BIN,Q3,10,35,33,0.05671117142857143,0.0625,0.08912326156159098,0.030947775628626717,0.20333717494140247,0.12298387096774199,-0.08332849314984805,-0.08029197080291972,False,NO_ARBITRARY_THRESHOLD; DESCRIPTIVE_QUANTILES_ONLY
A2,WITHIN_LIFECYCLE,MAIN_RISE,weak_ratio,RAW_EVIDENCE_VECTOR,QUANTILE_BIN,Q4,10,102,80,0.20867627450980394,0.1455025,0.05239032111794637,0.03349282296650724,0.18565911525263074,0.13751668891855817,-0.09760436432036024,-0.09394572025052195,False,NO_ARBITRARY_THRESHOLD; DESCRIPTIVE_QUANTILES_ONLY
A2,WITHIN_LIFECYCLE,MAIN_RISE,weak_ratio,RAW_EVIDENCE_VECTOR,QUANTILE_BIN,ALL_SMALL_SAMPLE,10,0,0,,,,,,,,,True,NO_ARBITRARY_THRESHOLD; DESCRIPTIVE_QUANTILES_ONLY
A2,WITHIN_LIFECYCLE,MAIN_RISE,weak_ratio,RAW_EVIDENCE_VECTOR,CONTINUOUS_MONOTONICITY,ORDERED_Q1_TO_Q4,10,434,225,0.05361721428571429,0.0,,,,,,,False,NO_ARBITRARY_THRESHOLD; DESCRIPTIVE_QUANTILES_ONLY
A2,WITHIN_LIFECYCLE,MAIN_RISE,average_change_pct,RAW_EVIDENCE_VECTOR,QUANTILE_BIN,Q1,10,109,91,-0.12396422018348624,0.273,0.06488874136986915,0.03359173126614978,0.1865935741716679,0.1382113821138211,-0.0907836939590865,-0.09394572025052195,False,NO_ARBITRARY_THRESHOLD; DESCRIPTIVE_QUANTILES_ONLY
A2,WITHIN_LIFECYCLE,MAIN_RISE,average_change_pct,RAW_EVIDENCE_VECTOR,QUANTILE_BIN,Q2,10,108,94,2.6481962962962964,2.6965500000000002,0.0959532648293679,0.03504043126684642,0.21219841127192923,0.1598694942903751,-0.0651108757206139,-0.061320754716981174,False,NO_ARBITRARY_THRESHOLD; DESCRIPTIVE_QUANTILES_ONLY
A2,WITHIN_LIFECYCLE,MAIN_RISE,average_change_pct,RAW_EVIDENCE_VECTOR,QUANTILE_BIN,Q3,10,108,91,4.439014814814815,4.4612,0.03865767262136218,-0.008656058054877014,0.18597838288907498,0.1252749266862171,-0.08541650454073464,-0.08552672710221954,False,NO_ARBITRARY_THRESHOLD; DESCRIPTIVE_QUANTILES_ONLY
A2,WITHIN_LIFECYCLE,MAIN_RISE,average_change_pct,RAW_EVIDENCE_VECTOR,QUANTILE_BIN,Q4,10,109,73,7.152866972477065,7.0695,0.09273811128706949,0.0547945205479452,0.2304085972737707,0.18749999999999978,-0.07646927000152107,-0.0547945205479452,False,NO_ARBITRARY_THRESHOLD; DESCRIPTIVE_QUANTILES_ONLY
A2,WITHIN_LIFECYCLE,MAIN_RISE,average_change_pct,RAW_EVIDENCE_VECTOR,QUANTILE_BIN,ALL_SMALL_SAMPLE,10,0,0,,,,,,,,,True,NO_ARBITRARY_THRESHOLD; DESCRIPTIVE_QUANTILES_ONLY
A2,WITHIN_LIFECYCLE,MAIN_RISE,average_change_pct,RAW_EVIDENCE_VECTOR,CONTINUOUS_MONOTONICITY,ORDERED_Q1_TO_Q4,10,434,225,3.5289612903225804,3.60295,,,,,,,False,NO_ARBITRARY_THRESHOLD; DESCRIPTIVE_QUANTILES_ONLY
A2,WITHIN_LIFECYCLE,MAIN_RISE,leader_change_pct,SECONDARY_PROXY,QUANTILE_BIN,Q1,10,110,84,8.2081156,9.7240715,0.08895652206989847,0.055342927127985275,0.19426951906788106,0.14497254078501043,-0.07199857832180188,-0.06779345511739876,False,NO_ARBITRARY_THRESHOLD; DESCRIPTIVE_QUANTILES_ONLY
A2,WITHIN_LIFECYCLE,MAIN_RISE,leader_change_pct,SECONDARY_PROXY,QUANTILE_BIN,Q2,10,108,89,9.928455092592593,9.932641,0.0608160563964118,0.02248469968506106,0.1996022334671551,0.16179969716634213,-0.08171145052795054,-0.0741092981996917,False,NO_ARBITRARY_THRESHOLD; DESCRIPTIVE_QUANTILES_ONLY
A2,WITHIN_LIFECYCLE,MAIN_RISE,leader_change_pct,SECONDARY_PROXY,QUANTILE_BIN,Q3,10,215,156,9.989452855813953,10.0,0.07075234841484024,0.01673640167364021,0.21072433543131633,0.16141732283464583,-0.08203149403070077,-0.07801418439716312,False,NO_ARBITRARY_THRESHOLD; DESCRIPTIVE_QUANTILES_ONLY
A2,WITHIN_LIFECYCLE,MAIN_RISE,leader_change_pct,SECONDARY_PROXY,QUANTILE_BIN,Q4,10,1,1,56.009615,56.009615,,,,,,,True,NO_ARBITRARY_THRESHOLD; DESCRIPTIVE_QUANTILES_ONLY
A2,WITHIN_LIFECYCLE,MAIN_RISE,leader_change_pct,SECONDARY_PROXY,QUANTILE_BIN,ALL_SMALL_SAMPLE,10,0,0,,,,,,,,,True,NO_ARBITRARY_THRESHOLD; DESCRIPTIVE_QUANTILES_ONLY
A2,WITHIN_LIFECYCLE,MAIN_RISE,leader_change_pct,SECONDARY_PROXY,CONTINUOUS_MONOTONICITY,ORDERED_Q1_TO_Q4,10,434,225,9.628819919354838,9.958506,,,,,,,False,NO_ARBITRARY_THRESHOLD; DESCRIPTIVE_QUANTILES_ONLY
A2,WITHIN_LIFECYCLE,FERMENTING,positive_breadth,RAW_EVIDENCE_VECTOR,QUANTILE_BIN,Q1,10,41,31,0.3661780975609756,0.357143,0.06900392386899462,0.02693742229589724,0.16618700748412457,0.11163711825682665,-0.06297850883897915,-0.055306116792771864,False,NO_ARBITRARY_THRESHOLD; DESCRIPTIVE_QUANTILES_ONLY
A2,WITHIN_LIFECYCLE,FERMENTING,positive_breadth,RAW_EVIDENCE_VECTOR,QUANTILE_BIN,Q2,10,27,20,0.6333563333333333,0.642857,0.07972570695628509,0.012158054711246091,0.2237407559514816,0.14488188976377958,-0.07514279635127243,-0.06882591093117407,False,NO_ARBITRARY_THRESHOLD; DESCRIPTIVE_QUANTILES_ONLY
A2,WITHIN_LIFECYCLE,FERMENTING,positive_breadth,RAW_EVIDENCE_VECTOR,QUANTILE_BIN,Q3,10,23,23,0.7889066086956522,0.785714,0.039586550394020696,0.011984563614998334,0.1525901898211824,0.08582936237803496,-0.053834829246384684,-0.03396840517583555,False,NO_ARBITRARY_THRESHOLD; DESCRIPTIVE_QUANTILES_ONLY
A2,WITHIN_LIFECYCLE,FERMENTING,positive_breadth,RAW_EVIDENCE_VECTOR,QUANTILE_BIN,Q4,10,31,27,0.9744771612903226,1.0,0.0518228986546674,0.013114754098360715,0.14202366115346196,0.09523809523809534,-0.0636137864306391,-0.05970149253731338,False,NO_ARBITRARY_THRESHOLD; DESCRIPTIVE_QUANTILES_ONLY
A2,WITHIN_LIFECYCLE,FERMENTING,positive_breadth,RAW_EVIDENCE_VECTOR,QUANTILE_BIN,ALL_SMALL_SAMPLE,10,0,0,,,,,,,,,True,NO_ARBITRARY_THRESHOLD; DESCRIPTIVE_QUANTILES_ONLY
A2,WITHIN_LIFECYCLE,FERMENTING,positive_breadth,RAW_EVIDENCE_VECTOR,CONTINUOUS_MONOTONICITY,ORDERED_Q1_TO_Q4,10,122,64,0.6595702213114755,0.666667,,,,,,,False,NO_ARBITRARY_THRESHOLD; DESCRIPTIVE_QUANTILES_ONLY
A2,WITHIN_LIFECYCLE,FERMENTING,strong_breadth,RAW_EVIDENCE_VECTOR,QUANTILE_BIN,Q1,10,38,27,0.019781184210526315,0.0,0.045076531868066184,0.029082774049216997,0.14396411427320824,0.10822998872604273,-0.05433513773908658,-0.04048582995951422,False,NO_ARBITRARY_THRESHOLD; DESCRIPTIVE_QUANTILES_ONLY
A2,WITHIN_LIFECYCLE,FERMENTING,strong_breadth,RAW_EVIDENCE_VECTOR,QUANTILE_BIN,Q2,10,24,17,0.15103008333333334,0.166667,0.02611685414132145,0.0021843487933027594,0.14742375523261217,0.10364758514841788,-0.08094046209965908,-0.08272467656094501,False,NO_ARBITRARY_THRESHOLD; DESCRIPTIVE_QUANTILES_ONLY
A2,WITHIN_LIFECYCLE,FERMENTING,strong_breadth,RAW_EVIDENCE_VECTOR,QUANTILE_BIN,Q3,10,33,25,0.28653157575757576,0.333333,0.08088175899613899,0.003717472118959231,0.19241975743985512,0.08571428571428563,-0.06341655174094904,-0.04737732656514393,False,NO_ARBITRARY_THRESHOLD; DESCRIPTIVE_QUANTILES_ONLY
A2,WITHIN_LIFECYCLE,FERMENTING,strong_breadth,RAW_EVIDENCE_VECTOR,QUANTILE_BIN,Q4,10,27,24,0.6065843333333334,0.5,0.0937465671964603,0.04181256134901912,0.20062507236829832,0.09798014485514484,-0.06383356540807156,-0.05715358288561473,False,NO_ARBITRARY_THRESHOLD; DESCRIPTIVE_QUANTILES_ONLY
A2,WITHIN_LIFECYCLE,FERMENTING,strong_breadth,RAW_EVIDENCE_VECTOR,QUANTILE_BIN,ALL_SMALL_SAMPLE,10,0,0,,,,,,,,,True,NO_ARBITRARY_THRESHOLD; DESCRIPTIVE_QUANTILES_ONLY
A2,WITHIN_LIFECYCLE,FERMENTING,strong_breadth,RAW_EVIDENCE_VECTOR,CONTINUOUS_MONOTONICITY,ORDERED_Q1_TO_Q4,10,122,64,0.24762070491803279,0.166667,,,,,,,False,NO_ARBITRARY_THRESHOLD; DESCRIPTIVE_QUANTILES_ONLY
A2,WITHIN_LIFECYCLE,FERMENTING,weak_ratio,RAW_EVIDENCE_VECTOR,QUANTILE_BIN,Q1,10,97,52,0.0,0.0,0.042240023287957916,0.011585635285138451,0.14479117002742273,0.09680212526747167,-0.06489581066951693,-0.04729381349716427,False,NO_ARBITRARY_THRESHOLD; DESCRIPTIVE_QUANTILES_ONLY
A2,WITHIN_LIFECYCLE,FERMENTING,weak_ratio,RAW_EVIDENCE_VECTOR,QUANTILE_BIN,Q2,10,0,0,,,,,,,,,True,NO_ARBITRARY_THRESHOLD; DESCRIPTIVE_QUANTILES_ONLY
A2,WITHIN_LIFECYCLE,FERMENTING,weak_ratio,RAW_EVIDENCE_VECTOR,QUANTILE_BIN,Q3,10,0,0,,,,,,,,,True,NO_ARBITRARY_THRESHOLD; DESCRIPTIVE_QUANTILES_ONLY
A2,WITHIN_LIFECYCLE,FERMENTING,weak_ratio,RAW_EVIDENCE_VECTOR,QUANTILE_BIN,Q4,10,25,19,0.20445096,0.166667,0.1391845716536059,0.027691536760460544,0.27219366748575907,0.15423659811414914,-0.06235473401610151,-0.0693430951861459,False,NO_ARBITRARY_THRESHOLD; DESCRIPTIVE_QUANTILES_ONLY
A2,WITHIN_LIFECYCLE,FERMENTING,weak_ratio,RAW_EVIDENCE_VECTOR,QUANTILE_BIN,ALL_SMALL_SAMPLE,10,0,0,,,,,,,,,True,NO_ARBITRARY_THRESHOLD; DESCRIPTIVE_QUANTILES_ONLY
A2,WITHIN_LIFECYCLE,FERMENTING,weak_ratio,RAW_EVIDENCE_VECTOR,CONTINUOUS_MONOTONICITY,ORDERED_Q1_TO_Q4,10,122,64,0.04189568852459016,0.0,,,,,,,False,NO_ARBITRARY_THRESHOLD; DESCRIPTIVE_QUANTILES_ONLY
A2,WITHIN_LIFECYCLE,FERMENTING,average_change_pct,RAW_EVIDENCE_VECTOR,QUANTILE_BIN,Q1,10,31,23,-0.3004741935483871,-0.0463,0.04091034584566565,-0.006644518272425293,0.14584398595640496,0.10822998872604273,-0.07225550433660513,-0.06986027944111772,False,NO_ARBITRARY_THRESHOLD; DESCRIPTIVE_QUANTILES_ONLY
A2,WITHIN_LIFECYCLE,FERMENTING,average_change_pct,RAW_EVIDENCE_VECTOR,QUANTILE_BIN,Q2,10,30,25,1.26089,1.1836,0.0525498930176725,0.029082774049216997,0.1845154290507998,0.12574850299401197,-0.057149960102873223,-0.03792415169660679,False,NO_ARBITRARY_THRESHOLD; DESCRIPTIVE_QUANTILES_ONLY
A2,WITHIN_LIFECYCLE,FERMENTING,average_change_pct,RAW_EVIDENCE_VECTOR,QUANTILE_BIN,Q3,10,30,24,2.44326,2.44645,0.0838996281083114,0.006926303627047159,0.19619484876427654,0.08407825527390744,-0.06483787061478938,-0.04372898922388019,False,NO_ARBITRARY_THRESHOLD; DESCRIPTIVE_QUANTILES_ONLY
A2,WITHIN_LIFECYCLE,FERMENTING,average_change_pct,RAW_EVIDENCE_VECTOR,QUANTILE_BIN,Q4,10,31,29,5.177551612903225,4.2716,0.06945520461561457,0.015845567476002187,0.15589165013662398,0.09723609723609716,-0.06329417440441579,-0.06328384367785095,False,NO_ARBITRARY_THRESHOLD; DESCRIPTIVE_QUANTILES_ONLY
A2,WITHIN_LIFECYCLE,FERMENTING,average_change_pct,RAW_EVIDENCE_VECTOR,QUANTILE_BIN,ALL_SMALL_SAMPLE,10,0,0,,,,,,,,,True,NO_ARBITRARY_THRESHOLD; DESCRIPTIVE_QUANTILES_ONLY
A2,WITHIN_LIFECYCLE,FERMENTING,average_change_pct,RAW_EVIDENCE_VECTOR,CONTINUOUS_MONOTONICITY,ORDERED_Q1_TO_Q4,10,122,64,2.1501139344262294,1.6947,,,,,,,False,NO_ARBITRARY_THRESHOLD; DESCRIPTIVE_QUANTILES_ONLY
A2,WITHIN_LIFECYCLE,FERMENTING,leader_change_pct,SECONDARY_PROXY,QUANTILE_BIN,Q1,10,31,24,2.980611612903226,3.018109,0.03314491035484974,0.01225147561354456,0.1294328529798279,0.07913129853711409,-0.049613917050776814,-0.026656996536514543,False,NO_ARBITRARY_THRESHOLD; DESCRIPTIVE_QUANTILES_ONLY
A2,WITHIN_LIFECYCLE,FERMENTING,leader_change_pct,SECONDARY_PROXY,QUANTILE_BIN,Q2,10,30,25,6.476396733333333,6.4937805,0.051587199384591234,0.007937763415102661,0.18903527167527553,0.0863532642326732,-0.06098920119688449,-0.04877227532270573,False,NO_ARBITRARY_THRESHOLD; DESCRIPTIVE_QUANTILES_ONLY
A2,WITHIN_LIFECYCLE,FERMENTING,leader_change_pct,SECONDARY_PROXY,QUANTILE_BIN,Q3,10,30,27,9.721181733333333,9.8697105,0.08360798289497222,0.03876357749167936,0.18017942921211555,0.1065684454196908,-0.07226408164926842,-0.062110024250020324,False,NO_ARBITRARY_THRESHOLD; DESCRIPTIVE_QUANTILES_ONLY
A2,WITHIN_LIFECYCLE,FERMENTING,leader_change_pct,SECONDARY_PROXY,QUANTILE_BIN,Q4,10,31,28,9.982812548387097,9.98782,0.07756929834772966,0.012423603976946196,0.18141523640596804,0.11068235492577594,-0.07366438855048961,-0.07331259426847658,False,NO_ARBITRARY_THRESHOLD; DESCRIPTIVE_QUANTILES_ONLY
A2,WITHIN_LIFECYCLE,FERMENTING,leader_change_pct,SECONDARY_PROXY,QUANTILE_BIN,ALL_SMALL_SAMPLE,10,0,0,,,,,,,,,True,NO_ARBITRARY_THRESHOLD; DESCRIPTIVE_QUANTILES_ONLY
A2,WITHIN_LIFECYCLE,FERMENTING,leader_change_pct,SECONDARY_PROXY,CONTINUOUS_MONOTONICITY,ORDERED_Q1_TO_Q4,10,122,64,7.2769959262295085,8.7979845,,,,,,,False,NO_ARBITRARY_THRESHOLD; DESCRIPTIVE_QUANTILES_ONLY
A2,WITHIN_LIFECYCLE,MATURE,positive_breadth,RAW_EVIDENCE_VECTOR,QUANTILE_BIN,Q1,10,42,36,0.33540492857142856,0.3535715,0.08921557464549058,0.0433275563258233,0.2015444016772002,0.20447761194029845,-0.06948633562427371,-0.051136363636363535,False,NO_ARBITRARY_THRESHOLD; DESCRIPTIVE_QUANTILES_ONLY
A2,WITHIN_LIFECYCLE,MATURE,positive_breadth,RAW_EVIDENCE_VECTOR,QUANTILE_BIN,Q2,10,38,32,0.5473355263157894,0.55,0.07816641221455212,0.0349482023156612,0.2044226186683097,0.15015920898273838,-0.08891166678125693,-0.07828036739904165,False,NO_ARBITRARY_THRESHOLD; DESCRIPTIVE_QUANTILES_ONLY
A2,WITHIN_LIFECYCLE,MATURE,positive_breadth,RAW_EVIDENCE_VECTOR,QUANTILE_BIN,Q3,10,45,41,0.6800573777777777,0.666667,0.08811036380318217,0.018489984591679276,0.18851680073181454,0.15634218289085555,-0.0690645169176368,-0.059294871794871695,False,NO_ARBITRARY_THRESHOLD; DESCRIPTIVE_QUANTILES_ONLY
A2,WITHIN_LIFECYCLE,MATURE,positive_breadth,RAW_EVIDENCE_VECTOR,QUANTILE_BIN,Q4,10,36,35,0.8676414444444445,0.846154,0.0453265865709584,0.01158301158301156,0.15978616654471928,0.11714285714285722,-0.085486839435174,-0.06857142857142862,False,NO_ARBITRARY_THRESHOLD; DESCRIPTIVE_QUANTILES_ONLY
A2,WITHIN_LIFECYCLE,MATURE,positive_breadth,RAW_EVIDENCE_VECTOR,QUANTILE_BIN,ALL_SMALL_SAMPLE,10,0,0,,,,,,,,,True,NO_ARBITRARY_THRESHOLD; DESCRIPTIVE_QUANTILES_ONLY
A2,WITHIN_LIFECYCLE,MATURE,positive_breadth,RAW_EVIDENCE_VECTOR,CONTINUOUS_MONOTONICITY,ORDERED_Q1_TO_Q4,10,161,119,0.6007666521739131,0.615385,,,,,,,False,NO_ARBITRARY_THRESHOLD; DESCRIPTIVE_QUANTILES_ONLY
A2,WITHIN_LIFECYCLE,MATURE,strong_breadth,RAW_EVIDENCE_VECTOR,QUANTILE_BIN,Q1,10,40,37,0.0874782,0.1,0.031753965320539757,0.017857142857142794,0.13972290010140295,0.09999999999999987,-0.08236679279354457,-0.07253269916765748,False,NO_ARBITRARY_THRESHOLD; DESCRIPTIVE_QUANTILES_ONLY
A2,WITHIN_LIFECYCLE,MATURE,strong_breadth,RAW_EVIDENCE_VECTOR,QUANTILE_BIN,Q2,10,40,37,0.19729025,0.2,0.1151996245605518,0.04070484952177933,0.23101865739081612,0.2005420054200543,-0.07410680789029922,-0.05678389645086257,False,NO_ARBITRARY_THRESHOLD; DESCRIPTIVE_QUANTILES_ONLY
A2,WITHIN_LIFECYCLE,MATURE,strong_breadth,RAW_EVIDENCE_VECTOR,QUANTILE_BIN,Q3,10,44,41,0.2725371818181818,0.282857,0.10028836663870748,0.034785919530313625,0.2222713355125207,0.17302123705697803,-0.07972057362406945,-0.06318215148892015,False,NO_ARBITRARY_THRESHOLD; DESCRIPTIVE_QUANTILES_ONLY
A2,WITHIN_LIFECYCLE,MATURE,strong_breadth,RAW_EVIDENCE_VECTOR,QUANTILE_BIN,Q4,10,37,32,0.4103933243243243,0.384615,0.057767875187741645,0.01640831607807458,0.162064139777268,0.13656451847894702,-0.07300144613849344,-0.07779367525130243,False,NO_ARBITRARY_THRESHOLD; DESCRIPTIVE_QUANTILES_ONLY
A2,WITHIN_LIFECYCLE,MATURE,strong_breadth,RAW_EVIDENCE_VECTOR,QUANTILE_BIN,ALL_SMALL_SAMPLE,10,0,0,,,,,,,,,True,NO_ARBITRARY_THRESHOLD; DESCRIPTIVE_QUANTILES_ONLY
A2,WITHIN_LIFECYCLE,MATURE,strong_breadth,RAW_EVIDENCE_VECTOR,CONTINUOUS_MONOTONICITY,ORDERED_Q1_TO_Q4,10,161,119,0.2395461304347826,0.25,,,,,,,False,NO_ARBITRARY_THRESHOLD; DESCRIPTIVE_QUANTILES_ONLY
A2,WITHIN_LIFECYCLE,MATURE,weak_ratio,RAW_EVIDENCE_VECTOR,QUANTILE_BIN,Q1,10,78,70,0.0,0.0,0.06865662845847201,0.01609189521080634,0.18287059038383263,0.13782868179011853,-0.07585859046129069,-0.06318215148892015,False,NO_ARBITRARY_THRESHOLD; DESCRIPTIVE_QUANTILES_ONLY
A2,WITHIN_LIFECYCLE,MATURE,weak_ratio,RAW_EVIDENCE_VECTOR,QUANTILE_BIN,Q2,10,2,2,0.025,0.025,0.0034224692546719893,0.0034224692546719893,0.09701956321939686,0.09701956321939686,-0.051513560039097295,-0.051513560039097295,True,NO_ARBITRARY_THRESHOLD; DESCRIPTIVE_QUANTILES_ONLY
A2,WITHIN_LIFECYCLE,MATURE,weak_ratio,RAW_EVIDENCE_VECTOR,QUANTILE_BIN,Q3,10,40,35,0.065385675,0.071429,0.09901576433073064,0.10035842293906794,0.20759794768080211,0.1976911976911977,-0.06967679679308869,-0.05520504731861198,False,NO_ARBITRARY_THRESHOLD; DESCRIPTIVE_QUANTILES_ONLY
A2,WITHIN_LIFECYCLE,MATURE,weak_ratio,RAW_EVIDENCE_VECTOR,QUANTILE_BIN,Q4,10,41,37,0.19070329268292682,0.166667,0.07560478417157553,0.004233873392751886,0.1912681788979371,0.13279496207377306,-0.08982872260756834,-0.08535268912627408,False,NO_ARBITRARY_THRESHOLD; DESCRIPTIVE_QUANTILES_ONLY
A2,WITHIN_LIFECYCLE,MATURE,weak_ratio,RAW_EVIDENCE_VECTOR,QUANTILE_BIN,ALL_SMALL_SAMPLE,10,0,0,,,,,,,,,True,NO_ARBITRARY_THRESHOLD; DESCRIPTIVE_QUANTILES_ONLY
A2,WITHIN_LIFECYCLE,MATURE,weak_ratio,RAW_EVIDENCE_VECTOR,CONTINUOUS_MONOTONICITY,ORDERED_Q1_TO_Q4,10,161,119,0.0651196397515528,0.035714,,,,,,,False,NO_ARBITRARY_THRESHOLD; DESCRIPTIVE_QUANTILES_ONLY
A2,WITHIN_LIFECYCLE,MATURE,average_change_pct,RAW_EVIDENCE_VECTOR,QUANTILE_BIN,Q1,10,41,35,-0.36401463414634144,-0.1699,0.06295500382425578,-0.0034013946093465752,0.1744211031027031,0.10485893416927894,-0.090459034139113,-0.0792064329800179,False,NO_ARBITRARY_THRESHOLD; DESCRIPTIVE_QUANTILES_ONLY
A2,WITHIN_LIFECYCLE,MATURE,average_change_pct,RAW_EVIDENCE_VECTOR,QUANTILE_BIN,Q2,10,39,39,1.1338769230769232,1.1457,0.08902692452761021,0.056657223796033884,0.2185763374637253,0.2032520325203253,-0.05815623167336236,-0.05060728744939269,False,NO_ARBITRARY_THRESHOLD; DESCRIPTIVE_QUANTILES_ONLY
A2,WITHIN_LIFECYCLE,MATURE,average_change_pct,RAW_EVIDENCE_VECTOR,QUANTILE_BIN,Q3,10,41,36,2.1419756097560976,2.2415,0.07211411705875223,0.030501089324618702,0.17575815422896782,0.13812154696132595,-0.08255585650167024,-0.0657534246575342,False,NO_ARBITRARY_THRESHOLD; DESCRIPTIVE_QUANTILES_ONLY
A2,WITHIN_LIFECYCLE,MATURE,average_change_pct,RAW_EVIDENCE_VECTOR,QUANTILE_BIN,Q4,10,40,38,3.5304699999999998,3.25605,0.0862666079147506,0.0142180094786728,0.19243097921120414,0.14074074074074083,-0.0783233298240277,-0.06857142857142862,False,NO_ARBITRARY_THRESHOLD; DESCRIPTIVE_QUANTILES_ONLY
A2,WITHIN_LIFECYCLE,MATURE,average_change_pct,RAW_EVIDENCE_VECTOR,QUANTILE_BIN,ALL_SMALL_SAMPLE,10,0,0,,,,,,,,,True,NO_ARBITRARY_THRESHOLD; DESCRIPTIVE_QUANTILES_ONLY
A2,WITHIN_LIFECYCLE,MATURE,average_change_pct,RAW_EVIDENCE_VECTOR,CONTINUOUS_MONOTONICITY,ORDERED_Q1_TO_Q4,10,161,119,1.6045739130434784,1.6547,,,,,,,False,NO_ARBITRARY_THRESHOLD; DESCRIPTIVE_QUANTILES_ONLY
A2,WITHIN_LIFECYCLE,MATURE,leader_change_pct,SECONDARY_PROXY,QUANTILE_BIN,Q1,10,40,34,5.421466825,5.4067810000000005,0.03594019788521595,-0.013460448907307299,0.13683323671062908,0.07457928682630299,-0.0836991520213764,-0.06394378731135747,False,NO_ARBITRARY_THRESHOLD; DESCRIPTIVE_QUANTILES_ONLY
A2,WITHIN_LIFECYCLE,MATURE,leader_change_pct,SECONDARY_PROXY,QUANTILE_BIN,Q2,10,40,36,9.800006875,9.880495,0.09502950910715699,0.08112094395280245,0.21251542528518044,0.19783197831978327,-0.07209205704304143,-0.05066666666666664,False,NO_ARBITRARY_THRESHOLD; DESCRIPTIVE_QUANTILES_ONLY
A2,WITHIN_LIFECYCLE,MATURE,leader_change_pct,SECONDARY_PROXY,QUANTILE_BIN,Q3,10,40,35,9.956103075,9.955003999999999,0.12056267801990318,0.056657223796033884,0.2356813297880125,0.17862165963431798,-0.07981035115593228,-0.06666666666666665,False,NO_ARBITRARY_THRESHOLD; DESCRIPTIVE_QUANTILES_ONLY
A2,WITHIN_LIFECYCLE,MATURE,leader_change_pct,SECONDARY_PROXY,QUANTILE_BIN,Q4,10,41,37,9.995843,10.0,0.05759060941637375,0.018489984591679276,0.17455283567449154,0.1355932203389829,-0.07487089409790489,-0.0801001251564456,False,NO_ARBITRARY_THRESHOLD; DESCRIPTIVE_QUANTILES_ONLY
A2,WITHIN_LIFECYCLE,MATURE,leader_change_pct,SECONDARY_PROXY,QUANTILE_BIN,ALL_SMALL_SAMPLE,10,0,0,,,,,,,,,True,NO_ARBITRARY_THRESHOLD; DESCRIPTIVE_QUANTILES_ONLY
A2,WITHIN_LIFECYCLE,MATURE,leader_change_pct,SECONDARY_PROXY,CONTINUOUS_MONOTONICITY,ORDERED_Q1_TO_Q4,10,161,119,8.800823813664596,9.925293,,,,,,,False,NO_ARBITRARY_THRESHOLD; DESCRIPTIVE_QUANTILES_ONLY
LEGACY5,WITHIN_LIFECYCLE,MAIN_RISE,positive_breadth,RAW_EVIDENCE_VECTOR,QUANTILE_BIN,Q1,10,47,42,0.44938940425531915,0.428571,0.05630000410090839,0.06063087916930092,0.21021541833759497,0.170954316686024,-0.1131617220128396,-0.0649818401937046,False,NO_ARBITRARY_THRESHOLD; DESCRIPTIVE_QUANTILES_ONLY
LEGACY5,WITHIN_LIFECYCLE,MAIN_RISE,positive_breadth,RAW_EVIDENCE_VECTOR,QUANTILE_BIN,Q2,10,47,41,0.8045583191489363,0.833333,0.09009313802019579,0.06354934001420932,0.20961586851214523,0.1730696190097834,-0.0737881459336395,-0.05900809373498252,False,NO_ARBITRARY_THRESHOLD; DESCRIPTIVE_QUANTILES_ONLY
LEGACY5,WITHIN_LIFECYCLE,MAIN_RISE,positive_breadth,RAW_EVIDENCE_VECTOR,QUANTILE_BIN,Q3,10,91,73,0.9680796263736264,1.0,0.11962545707815755,0.06785137318255251,0.2568760791995267,0.1875,-0.07478410294999426,-0.05019305019305019,False,NO_ARBITRARY_THRESHOLD; DESCRIPTIVE_QUANTILES_ONLY
LEGACY5,WITHIN_LIFECYCLE,MAIN_RISE,positive_breadth,RAW_EVIDENCE_VECTOR,QUANTILE_BIN,Q4,10,0,0,,,,,,,,,True,NO_ARBITRARY_THRESHOLD; DESCRIPTIVE_QUANTILES_ONLY
LEGACY5,WITHIN_LIFECYCLE,MAIN_RISE,positive_breadth,RAW_EVIDENCE_VECTOR,QUANTILE_BIN,ALL_SMALL_SAMPLE,10,0,0,,,,,,,,,True,NO_ARBITRARY_THRESHOLD; DESCRIPTIVE_QUANTILES_ONLY
LEGACY5,WITHIN_LIFECYCLE,MAIN_RISE,positive_breadth,RAW_EVIDENCE_VECTOR,CONTINUOUS_MONOTONICITY,ORDERED_Q1_TO_Q4,10,185,121,0.7947610216216217,0.857143,,,,,,,False,NO_ARBITRARY_THRESHOLD; DESCRIPTIVE_QUANTILES_ONLY
LEGACY5,WITHIN_LIFECYCLE,MAIN_RISE,strong_breadth,RAW_EVIDENCE_VECTOR,QUANTILE_BIN,Q1,10,47,40,0.17129659574468087,0.166667,0.07595514855542476,0.08032658793741222,0.2107772680285039,0.18211888011998714,-0.10573066510513524,-0.0649818401937046,False,NO_ARBITRARY_THRESHOLD; DESCRIPTIVE_QUANTILES_ONLY
LEGACY5,WITHIN_LIFECYCLE,MAIN_RISE,strong_breadth,RAW_EVIDENCE_VECTOR,QUANTILE_BIN,Q2,10,57,47,0.4288974736842105,0.4375,0.11334106925105085,0.1059190031152648,0.23969846538884254,0.18828451882845187,-0.07569553076984993,-0.046012269938650305,False,NO_ARBITRARY_THRESHOLD; DESCRIPTIVE_QUANTILES_ONLY
LEGACY5,WITHIN_LIFECYCLE,MAIN_RISE,strong_breadth,RAW_EVIDENCE_VECTOR,QUANTILE_BIN,Q3,10,40,33,0.601226175,0.615385,0.09121091107536121,0.05045729178373229,0.2289480368860904,0.17967388373855503,-0.0670746720569752,-0.061062486451333185,False,NO_ARBITRARY_THRESHOLD; DESCRIPTIVE_QUANTILES_ONLY
LEGACY5,WITHIN_LIFECYCLE,MAIN_RISE,strong_breadth,RAW_EVIDENCE_VECTOR,QUANTILE_BIN,Q4,10,41,35,0.8751681707317073,0.888889,0.09908861099996624,0.06755684557287481,0.25324649169225627,0.2168308478697799,-0.08936997928238326,-0.05573797708867531,False,NO_ARBITRARY_THRESHOLD; DESCRIPTIVE_QUANTILES_ONLY
LEGACY5,WITHIN_LIFECYCLE,MAIN_RISE,strong_breadth,RAW_EVIDENCE_VECTOR,QUANTILE_BIN,ALL_SMALL_SAMPLE,10,0,0,,,,,,,,,True,NO_ARBITRARY_THRESHOLD; DESCRIPTIVE_QUANTILES_ONLY
LEGACY5,WITHIN_LIFECYCLE,MAIN_RISE,strong_breadth,RAW_EVIDENCE_VECTOR,CONTINUOUS_MONOTONICITY,ORDERED_Q1_TO_Q4,10,185,121,0.4996164216216217,0.5,,,,,,,False,NO_ARBITRARY_THRESHOLD; DESCRIPTIVE_QUANTILES_ONLY
LEGACY5,WITHIN_LIFECYCLE,MAIN_RISE,weak_ratio,RAW_EVIDENCE_VECTOR,QUANTILE_BIN,Q1,10,133,93,0.0,0.0,0.10153578199041516,0.055320150659133704,0.23617632154137008,0.18638676844783714,-0.07448126246560985,-0.050720703808745854,False,NO_ARBITRARY_THRESHOLD; DESCRIPTIVE_QUANTILES_ONLY
LEGACY5,WITHIN_LIFECYCLE,MAIN_RISE,weak_ratio,RAW_EVIDENCE_VECTOR,QUANTILE_BIN,Q2,10,0,0,,,,,,,,,True,NO_ARBITRARY_THRESHOLD; DESCRIPTIVE_QUANTILES_ONLY
LEGACY5,WITHIN_LIFECYCLE,MAIN_RISE,weak_ratio,RAW_EVIDENCE_VECTOR,QUANTILE_BIN,Q3,10,5,5,0.045187,0.04,0.35536372643876046,0.3241525423728814,0.44993521329412356,0.5206463195691203,-0.021696166768603822,-0.03948772678762007,True,NO_ARBITRARY_THRESHOLD; DESCRIPTIVE_QUANTILES_ONLY
LEGACY5,WITHIN_LIFECYCLE,MAIN_RISE,weak_ratio,RAW_EVIDENCE_VECTOR,QUANTILE_BIN,Q4,10,47,43,0.1753378510638298,0.111111,0.051480447313120854,0.06354934001420932,0.19956984481914966,0.1350198506475092,-0.1187788794075317,-0.08874099027660808,False,NO_ARBITRARY_THRESHOLD; DESCRIPTIVE_QUANTILES_ONLY
LEGACY5,WITHIN_LIFECYCLE,MAIN_RISE,weak_ratio,RAW_EVIDENCE_VECTOR,QUANTILE_BIN,ALL_SMALL_SAMPLE,10,0,0,,,,,,,,,True,NO_ARBITRARY_THRESHOLD; DESCRIPTIVE_QUANTILES_ONLY
LEGACY5,WITHIN_LIFECYCLE,MAIN_RISE,weak_ratio,RAW_EVIDENCE_VECTOR,CONTINUOUS_MONOTONICITY,ORDERED_Q1_TO_Q4,10,185,121,0.045766562162162155,0.0,,,,,,,False,NO_ARBITRARY_THRESHOLD; DESCRIPTIVE_QUANTILES_ONLY
LEGACY5,WITHIN_LIFECYCLE,MAIN_RISE,average_change_pct,RAW_EVIDENCE_VECTOR,QUANTILE_BIN,Q1,10,46,41,0.3686869565217391,0.65025,0.05475069927671305,0.04461942257217848,0.1984112375943436,0.14084507042253522,-0.11730114536154605,-0.08875739644970414,False,NO_ARBITRARY_THRESHOLD; DESCRIPTIVE_QUANTILES_ONLY
LEGACY5,WITHIN_LIFECYCLE,MAIN_RISE,average_change_pct,RAW_EVIDENCE_VECTOR,QUANTILE_BIN,Q2,10,46,43,3.474291304347826,3.5063500000000003,0.12124773114360109,0.0726643598615917,0.2389500443245596,0.1908177905308465,-0.0659200805717729,-0.04842931937172775,False,NO_ARBITRARY_THRESHOLD; DESCRIPTIVE_QUANTILES_ONLY
LEGACY5,WITHIN_LIFECYCLE,MAIN_RISE,average_change_pct,RAW_EVIDENCE_VECTOR,QUANTILE_BIN,Q3,10,46,42,5.069684782608696,4.971299999999999,0.1146557858416716,0.05555555555555555,0.24599264654230338,0.17796610169491525,-0.0573605354587146,-0.047619047619047616,False,NO_ARBITRARY_THRESHOLD; DESCRIPTIVE_QUANTILES_ONLY
LEGACY5,WITHIN_LIFECYCLE,MAIN_RISE,average_change_pct,RAW_EVIDENCE_VECTOR,QUANTILE_BIN,Q4,10,47,42,7.55231914893617,7.702,0.09231953571775325,0.06640600155190618,0.24794389328846764,0.2038647342995169,-0.0972666277169552,-0.06730159823642877,False,NO_ARBITRARY_THRESHOLD; DESCRIPTIVE_QUANTILES_ONLY
LEGACY5,WITHIN_LIFECYCLE,MAIN_RISE,average_change_pct,RAW_EVIDENCE_VECTOR,QUANTILE_BIN,ALL_SMALL_SAMPLE,10,0,0,,,,,,,,,True,NO_ARBITRARY_THRESHOLD; DESCRIPTIVE_QUANTILES_ONLY
LEGACY5,WITHIN_LIFECYCLE,MAIN_RISE,average_change_pct,RAW_EVIDENCE_VECTOR,CONTINUOUS_MONOTONICITY,ORDERED_Q1_TO_Q4,10,185,121,4.134818918918919,4.4668,,,,,,,False,NO_ARBITRARY_THRESHOLD; DESCRIPTIVE_QUANTILES_ONLY
LEGACY5,WITHIN_LIFECYCLE,MAIN_RISE,leader_change_pct,SECONDARY_PROXY,QUANTILE_BIN,Q1,10,47,39,8.23662214893617,8.806818,0.08094536389888456,0.08719052744886975,0.21467936880853006,0.17682926829268292,-0.08418944326728432,-0.05009633911368015,False,NO_ARBITRARY_THRESHOLD; DESCRIPTIVE_QUANTILES_ONLY
LEGACY5,WITHIN_LIFECYCLE,MAIN_RISE,leader_change_pct,SECONDARY_PROXY,QUANTILE_BIN,Q2,10,47,44,9.933550617021275,9.940653,0.11713883156703889,0.07664233576642336,0.23414890567341873,0.19530416221985059,-0.08602777069490117,-0.05454545454545454,False,NO_ARBITRARY_THRESHOLD; DESCRIPTIVE_QUANTILES_ONLY
LEGACY5,WITHIN_LIFECYCLE,MAIN_RISE,leader_change_pct,SECONDARY_PROXY,QUANTILE_BIN,Q3,10,90,75,9.988539911111111,10.0,0.09668306556132555,0.04245377478138976,0.24421976117208874,0.18638676844783714,-0.08196050878580914,-0.0623015873015873,False,NO_ARBITRARY_THRESHOLD; DESCRIPTIVE_QUANTILES_ONLY
LEGACY5,WITHIN_LIFECYCLE,MAIN_RISE,leader_change_pct,SECONDARY_PROXY,QUANTILE_BIN,Q4,10,1,1,56.009615,56.009615,-0.20801232665639446,-0.20801232665639446,0.01078582434514638,0.01078582434514638,-0.23728813559322035,-0.23728813559322035,True,NO_ARBITRARY_THRESHOLD; DESCRIPTIVE_QUANTILES_ONLY
LEGACY5,WITHIN_LIFECYCLE,MAIN_RISE,leader_change_pct,SECONDARY_PROXY,QUANTILE_BIN,ALL_SMALL_SAMPLE,10,0,0,,,,,,,,,True,NO_ARBITRARY_THRESHOLD; DESCRIPTIVE_QUANTILES_ONLY
LEGACY5,WITHIN_LIFECYCLE,MAIN_RISE,leader_change_pct,SECONDARY_PROXY,CONTINUOUS_MONOTONICITY,ORDERED_Q1_TO_Q4,10,185,121,9.778250416216217,9.958506,,,,,,,False,NO_ARBITRARY_THRESHOLD; DESCRIPTIVE_QUANTILES_ONLY
LEGACY5,WITHIN_LIFECYCLE,FERMENTING,positive_breadth,RAW_EVIDENCE_VECTOR,QUANTILE_BIN,Q1,10,16,11,0.4278273125,0.5,0.06784534122559119,0.026937422295897222,0.15978078221357353,0.13407541617033203,-0.07052235773584731,-0.05284491629646362,True,NO_ARBITRARY_THRESHOLD; DESCRIPTIVE_QUANTILES_ONLY
LEGACY5,WITHIN_LIFECYCLE,FERMENTING,positive_breadth,RAW_EVIDENCE_VECTOR,QUANTILE_BIN,Q2,10,14,11,0.6506805,0.666667,0.13617912108385685,0.032731835757389464,0.24666011811416846,0.15845315505082883,-0.035119440787442356,-0.03588904472494935,True,NO_ARBITRARY_THRESHOLD; DESCRIPTIVE_QUANTILES_ONLY
LEGACY5,WITHIN_LIFECYCLE,FERMENTING,positive_breadth,RAW_EVIDENCE_VECTOR,QUANTILE_BIN,Q3,10,28,22,0.9431253214285714,1.0,0.05452597327834528,0.023349967046417473,0.1541379206776665,0.10166740039621396,-0.07687925606901024,-0.05862977602108037,False,NO_ARBITRARY_THRESHOLD; DESCRIPTIVE_QUANTILES_ONLY
LEGACY5,WITHIN_LIFECYCLE,FERMENTING,positive_breadth,RAW_EVIDENCE_VECTOR,QUANTILE_BIN,Q4,10,0,0,,,,,,,,,True,NO_ARBITRARY_THRESHOLD; DESCRIPTIVE_QUANTILES_ONLY
LEGACY5,WITHIN_LIFECYCLE,FERMENTING,positive_breadth,RAW_EVIDENCE_VECTOR,QUANTILE_BIN,ALL_SMALL_SAMPLE,10,0,0,,,,,,,,,True,NO_ARBITRARY_THRESHOLD; DESCRIPTIVE_QUANTILES_ONLY
LEGACY5,WITHIN_LIFECYCLE,FERMENTING,positive_breadth,RAW_EVIDENCE_VECTOR,CONTINUOUS_MONOTONICITY,ORDERED_Q1_TO_Q4,10,58,34,0.7303840172413794,0.666667,,,,,,,False,NO_ARBITRARY_THRESHOLD; DESCRIPTIVE_QUANTILES_ONLY
LEGACY5,WITHIN_LIFECYCLE,FERMENTING,strong_breadth,RAW_EVIDENCE_VECTOR,QUANTILE_BIN,Q1,10,20,14,0.06845245000000001,0.0,0.04904514786573682,0.01963689809293192,0.12898049195357303,0.07963759786255747,-0.06556662021100823,-0.05123017003894747,False,NO_ARBITRARY_THRESHOLD; DESCRIPTIVE_QUANTILES_ONLY
LEGACY5,WITHIN_LIFECYCLE,FERMENTING,strong_breadth,RAW_EVIDENCE_VECTOR,QUANTILE_BIN,Q2,10,9,8,0.23492066666666667,0.25,0.027264780370215416,0.004975124378109453,0.08666183223781075,0.048409405255878286,-0.05474746809644428,-0.042598509052183174,True,NO_ARBITRARY_THRESHOLD; DESCRIPTIVE_QUANTILES_ONLY
LEGACY5,WITHIN_LIFECYCLE,FERMENTING,strong_breadth,RAW_EVIDENCE_VECTOR,QUANTILE_BIN,Q3,10,14,11,0.35054921428571434,0.333333,0.10129415698267673,0.08121173058330647,0.1863772852035163,0.20064936934861488,-0.05466182690511754,-0.0486498729337336,True,NO_ARBITRARY_THRESHOLD; DESCRIPTIVE_QUANTILES_ONLY
LEGACY5,WITHIN_LIFECYCLE,FERMENTING,strong_breadth,RAW_EVIDENCE_VECTOR,QUANTILE_BIN,Q4,10,15,12,0.7466952,0.75,0.12495708187819823,0.11488673139158576,0.290449841728614,0.22727272727272727,-0.0802215913980152,-0.08974358974358974,True,NO_ARBITRARY_THRESHOLD; DESCRIPTIVE_QUANTILES_ONLY
LEGACY5,WITHIN_LIFECYCLE,FERMENTING,strong_breadth,RAW_EVIDENCE_VECTOR,QUANTILE_BIN,ALL_SMALL_SAMPLE,10,0,0,,,,,,,,,True,NO_ARBITRARY_THRESHOLD; DESCRIPTIVE_QUANTILES_ONLY
LEGACY5,WITHIN_LIFECYCLE,FERMENTING,strong_breadth,RAW_EVIDENCE_VECTOR,CONTINUOUS_MONOTONICITY,ORDERED_Q1_TO_Q4,10,58,34,0.3377836551724138,0.29670300000000005,,,,,,,False,NO_ARBITRARY_THRESHOLD; DESCRIPTIVE_QUANTILES_ONLY
LEGACY5,WITHIN_LIFECYCLE,FERMENTING,weak_ratio,RAW_EVIDENCE_VECTOR,QUANTILE_BIN,Q1,10,52,31,0.0,0.0,0.06604277506621106,0.020029906951086633,0.1624406015892612,0.10166740039621396,-0.06853045288669037,-0.053449493473602186,False,NO_ARBITRARY_THRESHOLD; DESCRIPTIVE_QUANTILES_ONLY
LEGACY5,WITHIN_LIFECYCLE,FERMENTING,weak_ratio,RAW_EVIDENCE_VECTOR,QUANTILE_BIN,Q2,10,0,0,,,,,,,,,True,NO_ARBITRARY_THRESHOLD; DESCRIPTIVE_QUANTILES_ONLY
LEGACY5,WITHIN_LIFECYCLE,FERMENTING,weak_ratio,RAW_EVIDENCE_VECTOR,QUANTILE_BIN,Q3,10,0,0,,,,,,,,,True,NO_ARBITRARY_THRESHOLD; DESCRIPTIVE_QUANTILES_ONLY
LEGACY5,WITHIN_LIFECYCLE,FERMENTING,weak_ratio,RAW_EVIDENCE_VECTOR,QUANTILE_BIN,Q4,10,6,6,0.24140216666666667,0.154762,0.18075601718902465,0.20193181818181818,0.31311411089143554,0.3424099075156798,-0.03484425243702292,-0.04547028149815003,True,NO_ARBITRARY_THRESHOLD; DESCRIPTIVE_QUANTILES_ONLY
LEGACY5,WITHIN_LIFECYCLE,FERMENTING,weak_ratio,RAW_EVIDENCE_VECTOR,QUANTILE_BIN,ALL_SMALL_SAMPLE,10,0,0,,,,,,,,,True,NO_ARBITRARY_THRESHOLD; DESCRIPTIVE_QUANTILES_ONLY
LEGACY5,WITHIN_LIFECYCLE,FERMENTING,weak_ratio,RAW_EVIDENCE_VECTOR,CONTINUOUS_MONOTONICITY,ORDERED_Q1_TO_Q4,10,58,34,0.02497263793103448,0.0,,,,,,,False,NO_ARBITRARY_THRESHOLD; DESCRIPTIVE_QUANTILES_ONLY
LEGACY5,WITHIN_LIFECYCLE,FERMENTING,average_change_pct,RAW_EVIDENCE_VECTOR,QUANTILE_BIN,Q1,10,15,11,0.10514666666666664,0.4791,0.0345169444089289,0.019672131147540985,0.12714911710284457,0.09344262295081968,-0.07424227056435757,-0.0660377358490566,True,NO_ARBITRARY_THRESHOLD; DESCRIPTIVE_QUANTILES_ONLY
LEGACY5,WITHIN_LIFECYCLE,FERMENTING,average_change_pct,RAW_EVIDENCE_VECTOR,QUANTILE_BIN,Q2,10,14,11,1.9633785714285714,1.80985,0.0470676851956793,0.016817470811404077,0.10579369180293137,0.07263911119480275,-0.05864474032359055,-0.04983811114889339,True,NO_ARBITRARY_THRESHOLD; DESCRIPTIVE_QUANTILES_ONLY
LEGACY5,WITHIN_LIFECYCLE,FERMENTING,average_change_pct,RAW_EVIDENCE_VECTOR,QUANTILE_BIN,Q3,10,14,13,3.0923285714285713,3.0408999999999997,0.13142036743198243,0.0710362834248672,0.2412945932034278,0.18387114705800606,-0.03493044893691748,-0.02894013262783336,True,NO_ARBITRARY_THRESHOLD; DESCRIPTIVE_QUANTILES_ONLY
LEGACY5,WITHIN_LIFECYCLE,FERMENTING,average_change_pct,RAW_EVIDENCE_VECTOR,QUANTILE_BIN,Q4,10,15,11,6.254286666666667,4.9479,0.10014490024372834,0.11594202898550725,0.23727488009056655,0.22727272727272727,-0.08993082377450404,-0.09870550161812297,True,NO_ARBITRARY_THRESHOLD; DESCRIPTIVE_QUANTILES_ONLY
LEGACY5,WITHIN_LIFECYCLE,FERMENTING,average_change_pct,RAW_EVIDENCE_VECTOR,QUANTILE_BIN,ALL_SMALL_SAMPLE,10,0,0,,,,,,,,,True,NO_ARBITRARY_THRESHOLD; DESCRIPTIVE_QUANTILES_ONLY
LEGACY5,WITHIN_LIFECYCLE,FERMENTING,average_change_pct,RAW_EVIDENCE_VECTOR,CONTINUOUS_MONOTONICITY,ORDERED_Q1_TO_Q4,10,58,34,2.8650241379310346,2.5172,,,,,,,False,NO_ARBITRARY_THRESHOLD; DESCRIPTIVE_QUANTILES_ONLY
LEGACY5,WITHIN_LIFECYCLE,FERMENTING,leader_change_pct,SECONDARY_PROXY,QUANTILE_BIN,Q1,10,15,8,2.7703181333333333,2.884615,-0.001560995177360436,0.014311270125223614,0.07584196417199734,0.06477732793522267,-0.06260423962100205,-0.042598509052183174,True,NO_ARBITRARY_THRESHOLD; DESCRIPTIVE_QUANTILES_ONLY
LEGACY5,WITHIN_LIFECYCLE,FERMENTING,leader_change_pct,SECONDARY_PROXY,QUANTILE_BIN,Q2,10,14,12,6.651696285714286,6.0122865,0.09343118790483304,0.019497901322562763,0.2244367900450209,0.10399724885706194,-0.072533022864074,-0.04734299516908212,True,NO_ARBITRARY_THRESHOLD; DESCRIPTIVE_QUANTILES_ONLY
LEGACY5,WITHIN_LIFECYCLE,FERMENTING,leader_change_pct,SECONDARY_PROXY,QUANTILE_BIN,Q3,10,14,13,9.890562857142857,9.907785,0.0996818619391515,0.11154223783089762,0.17433860482417443,0.15075498160358458,-0.07914101506584204,-0.07465336658354114,True,NO_ARBITRARY_THRESHOLD; DESCRIPTIVE_QUANTILES_ONLY
LEGACY5,WITHIN_LIFECYCLE,FERMENTING,leader_change_pct,SECONDARY_PROXY,QUANTILE_BIN,Q4,10,15,15,9.9799784,9.976526,0.1225728424281164,0.1005586592178771,0.2403407304827667,0.23429541595925296,-0.04734326262641212,-0.05847953216374269,True,NO_ARBITRARY_THRESHOLD; DESCRIPTIVE_QUANTILES_ONLY
LEGACY5,WITHIN_LIFECYCLE,FERMENTING,leader_change_pct,SECONDARY_PROXY,QUANTILE_BIN,ALL_SMALL_SAMPLE,10,0,0,,,,,,,,,True,NO_ARBITRARY_THRESHOLD; DESCRIPTIVE_QUANTILES_ONLY
LEGACY5,WITHIN_LIFECYCLE,FERMENTING,leader_change_pct,SECONDARY_PROXY,CONTINUOUS_MONOTONICITY,ORDERED_Q1_TO_Q4,10,58,34,7.290449586206896,9.795312500000001,,,,,,,False,NO_ARBITRARY_THRESHOLD; DESCRIPTIVE_QUANTILES_ONLY
LEGACY5,WITHIN_LIFECYCLE,MATURE,positive_breadth,RAW_EVIDENCE_VECTOR,QUANTILE_BIN,Q1,10,19,19,0.3512876315789473,0.357143,0.07698506854333582,0.011083540115798181,0.2074581895334206,0.11547619047619048,-0.06395354441701653,-0.054659021093590006,True,NO_ARBITRARY_THRESHOLD; DESCRIPTIVE_QUANTILES_ONLY
LEGACY5,WITHIN_LIFECYCLE,MATURE,positive_breadth,RAW_EVIDENCE_VECTOR,QUANTILE_BIN,Q2,10,16,14,0.5261334375,0.519231,-0.009103868662231973,0.01098901098901099,0.129445474957921,0.09748427672955975,-0.11358036176573187,-0.11372549019607843,True,NO_ARBITRARY_THRESHOLD; DESCRIPTIVE_QUANTILES_ONLY
LEGACY5,WITHIN_LIFECYCLE,MATURE,positive_breadth,RAW_EVIDENCE_VECTOR,QUANTILE_BIN,Q3,10,18,16,0.6718765,0.6833335,-0.025421437400275377,-0.019739938080495355,0.10276737056442599,0.0702314381484948,-0.11836931390834031,-0.08617857142857144,True,NO_ARBITRARY_THRESHOLD; DESCRIPTIVE_QUANTILES_ONLY
LEGACY5,WITHIN_LIFECYCLE,MATURE,positive_breadth,RAW_EVIDENCE_VECTOR,QUANTILE_BIN,Q4,10,17,16,0.8372764705882353,0.833333,0.05723641367031791,-0.0599449697040658,0.2060280554490234,0.11708337235071949,-0.10162752935377187,-0.10212090424180847,True,NO_ARBITRARY_THRESHOLD; DESCRIPTIVE_QUANTILES_ONLY
LEGACY5,WITHIN_LIFECYCLE,MATURE,positive_breadth,RAW_EVIDENCE_VECTOR,QUANTILE_BIN,ALL_SMALL_SAMPLE,10,0,0,,,,,,,,,True,NO_ARBITRARY_THRESHOLD; DESCRIPTIVE_QUANTILES_ONLY
LEGACY5,WITHIN_LIFECYCLE,MATURE,positive_breadth,RAW_EVIDENCE_VECTOR,CONTINUOUS_MONOTONICITY,ORDERED_Q1_TO_Q4,10,70,51,0.5917153857142857,0.593407,,,,,,,False,NO_ARBITRARY_THRESHOLD; DESCRIPTIVE_QUANTILES_ONLY
LEGACY5,WITHIN_LIFECYCLE,MATURE,strong_breadth,RAW_EVIDENCE_VECTOR,QUANTILE_BIN,Q1,10,18,13,0.10943216666666668,0.142857,0.039792498985755695,0.024096385542168676,0.14621235904859137,0.1,-0.07105323791539205,-0.03640776699029126,True,NO_ARBITRARY_THRESHOLD; DESCRIPTIVE_QUANTILES_ONLY
LEGACY5,WITHIN_LIFECYCLE,MATURE,strong_breadth,RAW_EVIDENCE_VECTOR,QUANTILE_BIN,Q2,10,17,17,0.18835382352941177,0.2,0.03465502745174058,-0.0262285294387802,0.14324736505217758,0.06969874387907174,-0.08567822627077147,-0.07213719962411062,True,NO_ARBITRARY_THRESHOLD; DESCRIPTIVE_QUANTILES_ONLY
LEGACY5,WITHIN_LIFECYCLE,MATURE,strong_breadth,RAW_EVIDENCE_VECTOR,QUANTILE_BIN,Q3,10,19,18,0.28077936842105267,0.285714,0.004700791624429358,-0.030383594321111155,0.16067662011794476,0.10074213836477988,-0.11008403484694877,-0.1019749820139711,True,NO_ARBITRARY_THRESHOLD; DESCRIPTIVE_QUANTILES_ONLY
LEGACY5,WITHIN_LIFECYCLE,MATURE,strong_breadth,RAW_EVIDENCE_VECTOR,QUANTILE_BIN,Q4,10,16,14,0.4488495625,0.384615,0.019838602439131894,-0.0599449697040658,0.18937202034755432,0.09269863994273443,-0.129092965053776,-0.11758145637437131,True,NO_ARBITRARY_THRESHOLD; DESCRIPTIVE_QUANTILES_ONLY
LEGACY5,WITHIN_LIFECYCLE,MATURE,strong_breadth,RAW_EVIDENCE_VECTOR,QUANTILE_BIN,ALL_SMALL_SAMPLE,10,0,0,,,,,,,,,True,NO_ARBITRARY_THRESHOLD; DESCRIPTIVE_QUANTILES_ONLY
LEGACY5,WITHIN_LIFECYCLE,MATURE,strong_breadth,RAW_EVIDENCE_VECTOR,CONTINUOUS_MONOTONICITY,ORDERED_Q1_TO_Q4,10,70,51,0.2526885,0.2353845,,,,,,,False,NO_ARBITRARY_THRESHOLD; DESCRIPTIVE_QUANTILES_ONLY
LEGACY5,WITHIN_LIFECYCLE,MATURE,weak_ratio,RAW_EVIDENCE_VECTOR,QUANTILE_BIN,Q1,10,36,28,0.0,0.0,-0.002291270789798417,-0.05265201224846894,0.13850624610808654,0.08884409448818897,-0.10962460050394968,-0.10676607831203083,False,NO_ARBITRARY_THRESHOLD; DESCRIPTIVE_QUANTILES_ONLY
LEGACY5,WITHIN_LIFECYCLE,MATURE,weak_ratio,RAW_EVIDENCE_VECTOR,QUANTILE_BIN,Q2,10,0,0,,,,,,,,,True,NO_ARBITRARY_THRESHOLD; DESCRIPTIVE_QUANTILES_ONLY
LEGACY5,WITHIN_LIFECYCLE,MATURE,weak_ratio,RAW_EVIDENCE_VECTOR,QUANTILE_BIN,Q3,10,17,16,0.06765135294117648,0.071429,0.08210233710215085,0.021897810218978103,0.1993782175083886,0.09090909090909091,-0.08511825482848784,-0.056140350877192984,True,NO_ARBITRARY_THRESHOLD; DESCRIPTIVE_QUANTILES_ONLY
LEGACY5,WITHIN_LIFECYCLE,MATURE,weak_ratio,RAW_EVIDENCE_VECTOR,QUANTILE_BIN,Q4,10,17,15,0.19836764705882354,0.178571,0.024985497662556675,-0.007290000484707479,0.16921181774667599,0.09491393468847983,-0.09247750110044449,-0.08627590122055068,True,NO_ARBITRARY_THRESHOLD; DESCRIPTIVE_QUANTILES_ONLY
LEGACY5,WITHIN_LIFECYCLE,MATURE,weak_ratio,RAW_EVIDENCE_VECTOR,QUANTILE_BIN,ALL_SMALL_SAMPLE,10,0,0,,,,,,,,,True,NO_ARBITRARY_THRESHOLD; DESCRIPTIVE_QUANTILES_ONLY
LEGACY5,WITHIN_LIFECYCLE,MATURE,weak_ratio,RAW_EVIDENCE_VECTOR,CONTINUOUS_MONOTONICITY,ORDERED_Q1_TO_Q4,10,70,51,0.06460461428571429,0.0,,,,,,,False,NO_ARBITRARY_THRESHOLD; DESCRIPTIVE_QUANTILES_ONLY
LEGACY5,WITHIN_LIFECYCLE,MATURE,average_change_pct,RAW_EVIDENCE_VECTOR,QUANTILE_BIN,Q1,10,18,16,-0.38985555555555557,-0.2876,0.0453170337992093,0.002930402930402931,0.15578480646602688,0.09491393468847983,-0.06972155312767059,-0.06268556005398111,True,NO_ARBITRARY_THRESHOLD; DESCRIPTIVE_QUANTILES_ONLY
LEGACY5,WITHIN_LIFECYCLE,MATURE,average_change_pct,RAW_EVIDENCE_VECTOR,QUANTILE_BIN,Q2,10,17,15,0.8973176470588236,0.7104,0.06146448213522974,0.021897810218978103,0.19433903122176457,0.104,-0.07164855408464617,-0.0364741641337386,True,NO_ARBITRARY_THRESHOLD; DESCRIPTIVE_QUANTILES_ONLY
LEGACY5,WITHIN_LIFECYCLE,MATURE,average_change_pct,RAW_EVIDENCE_VECTOR,QUANTILE_BIN,Q3,10,18,18,2.1342833333333333,2.2592499999999998,-0.03604828452248944,-0.06060452120904242,0.10192831673681085,0.061077510743275505,-0.127141717263952,-0.12345540557073528,True,NO_ARBITRARY_THRESHOLD; DESCRIPTIVE_QUANTILES_ONLY
LEGACY5,WITHIN_LIFECYCLE,MATURE,average_change_pct,RAW_EVIDENCE_VECTOR,QUANTILE_BIN,Q4,10,17,16,3.5780588235294117,3.2483,0.03470182255431491,-0.04817791964291507,0.19780766507513078,0.09347714432460195,-0.1253016365690725,-0.11758145637437131,True,NO_ARBITRARY_THRESHOLD; DESCRIPTIVE_QUANTILES_ONLY
LEGACY5,WITHIN_LIFECYCLE,MATURE,average_change_pct,RAW_EVIDENCE_VECTOR,QUANTILE_BIN,ALL_SMALL_SAMPLE,10,0,0,,,,,,,,,True,NO_ARBITRARY_THRESHOLD; DESCRIPTIVE_QUANTILES_ONLY
LEGACY5,WITHIN_LIFECYCLE,MATURE,average_change_pct,RAW_EVIDENCE_VECTOR,CONTINUOUS_MONOTONICITY,ORDERED_Q1_TO_Q4,10,70,51,1.5354442857142856,1.4758499999999999,,,,,,,False,NO_ARBITRARY_THRESHOLD; DESCRIPTIVE_QUANTILES_ONLY
LEGACY5,WITHIN_LIFECYCLE,MATURE,leader_change_pct,SECONDARY_PROXY,QUANTILE_BIN,Q1,10,19,17,5.957070263157895,6.734177,0.015507633564756988,-0.015197568389057751,0.130268489022849,0.07598784194528875,-0.06448473545475761,-0.047619047619047616,True,NO_ARBITRARY_THRESHOLD; DESCRIPTIVE_QUANTILES_ONLY
LEGACY5,WITHIN_LIFECYCLE,MATURE,leader_change_pct,SECONDARY_PROXY,QUANTILE_BIN,Q2,10,16,16,9.373094125,9.809086,0.03524189122633722,0.02729528535980149,0.17148480481620595,0.09448818897637795,-0.1089235656383745,-0.1033210332103321,True,NO_ARBITRARY_THRESHOLD; DESCRIPTIVE_QUANTILES_ONLY
LEGACY5,WITHIN_LIFECYCLE,MATURE,leader_change_pct,SECONDARY_PROXY,QUANTILE_BIN,Q3,10,17,16,9.928132529411766,9.922481,0.0414948252657199,-0.06319702602230483,0.22157995537328384,0.09942196531791908,-0.10867407165857972,-0.13400758533501897,True,NO_ARBITRARY_THRESHOLD; DESCRIPTIVE_QUANTILES_ONLY
LEGACY5,WITHIN_LIFECYCLE,MATURE,leader_change_pct,SECONDARY_PROXY,QUANTILE_BIN,Q4,10,18,18,9.989387833333332,9.988901,0.007706627461016555,-0.007290000484707479,0.12759661100093372,0.06970774467114145,-0.11796917749908475,-0.07770038643729743,True,NO_ARBITRARY_THRESHOLD; DESCRIPTIVE_QUANTILES_ONLY
LEGACY5,WITHIN_LIFECYCLE,MATURE,leader_change_pct,SECONDARY_PROXY,QUANTILE_BIN,ALL_SMALL_SAMPLE,10,0,0,,,,,,,,,True,NO_ARBITRARY_THRESHOLD; DESCRIPTIVE_QUANTILES_ONLY
LEGACY5,WITHIN_LIFECYCLE,MATURE,leader_change_pct,SECONDARY_PROXY,CONTINUOUS_MONOTONICITY,ORDERED_Q1_TO_Q4,10,70,51,8.739158214285714,9.89343,,,,,,,False,NO_ARBITRARY_THRESHOLD; DESCRIPTIVE_QUANTILES_ONLY
BOTH,WITHIN_LIFECYCLE,MAIN_RISE,positive_breadth,RAW_EVIDENCE_VECTOR,QUANTILE_BIN,Q1,10,22,10,0.44917036363636365,0.416667,0.09353174793465838,0.11007462686567163,0.2358711126800146,0.23548740416210293,-0.07674986490890925,-0.05426356589147286,False,NO_ARBITRARY_THRESHOLD; DESCRIPTIVE_QUANTILES_ONLY
BOTH,WITHIN_LIFECYCLE,MAIN_RISE,positive_breadth,RAW_EVIDENCE_VECTOR,QUANTILE_BIN,Q2,10,20,10,0.8195107,0.8544975,0.128413068599859,0.040658931772824126,0.229259555820695,0.17911947053129984,-0.06499589998648324,-0.014682928950763756,False,NO_ARBITRARY_THRESHOLD; DESCRIPTIVE_QUANTILES_ONLY
BOTH,WITHIN_LIFECYCLE,MAIN_RISE,positive_breadth,RAW_EVIDENCE_VECTOR,QUANTILE_BIN,Q3,10,42,21,0.9736632857142857,1.0,0.20344445575888054,0.12535612535612528,0.3222508409325001,0.2030651340996168,-0.03942674410400853,-0.017857142857142905,False,NO_ARBITRARY_THRESHOLD; DESCRIPTIVE_QUANTILES_ONLY
BOTH,WITHIN_LIFECYCLE,MAIN_RISE,positive_breadth,RAW_EVIDENCE_VECTOR,QUANTILE_BIN,Q4,10,0,0,,,,,,,,,True,NO_ARBITRARY_THRESHOLD; DESCRIPTIVE_QUANTILES_ONLY
BOTH,WITHIN_LIFECYCLE,MAIN_RISE,positive_breadth,RAW_EVIDENCE_VECTOR,QUANTILE_BIN,ALL_SMALL_SAMPLE,10,0,0,,,,,,,,,True,NO_ARBITRARY_THRESHOLD; DESCRIPTIVE_QUANTILES_ONLY
BOTH,WITHIN_LIFECYCLE,MAIN_RISE,positive_breadth,RAW_EVIDENCE_VECTOR,CONTINUOUS_MONOTONICITY,ORDERED_Q1_TO_Q4,10,84,39,0.7995930952380952,0.8819445,,,,,,,False,NO_ARBITRARY_THRESHOLD; DESCRIPTIVE_QUANTILES_ONLY
BOTH,WITHIN_LIFECYCLE,MAIN_RISE,strong_breadth,RAW_EVIDENCE_VECTOR,QUANTILE_BIN,Q1,10,24,11,0.23272491666666664,0.23611100000000002,0.11225622303278371,0.07416031737534867,0.23204257901080225,0.18976723809962992,-0.06530787939549243,-0.055304408026617624,False,NO_ARBITRARY_THRESHOLD; DESCRIPTIVE_QUANTILES_ONLY
BOTH,WITHIN_LIFECYCLE,MAIN_RISE,strong_breadth,RAW_EVIDENCE_VECTOR,QUANTILE_BIN,Q2,10,20,10,0.4674601,0.47222200000000003,0.25659701031513793,0.11007462686567164,0.3567048439395472,0.22256097560975618,-0.0520195650560587,-0.03347280334728031,False,NO_ARBITRARY_THRESHOLD; DESCRIPTIVE_QUANTILES_ONLY
BOTH,WITHIN_LIFECYCLE,MAIN_RISE,strong_breadth,RAW_EVIDENCE_VECTOR,QUANTILE_BIN,Q3,10,20,10,0.5998558,0.593407,0.1635242420377547,0.09282700421940929,0.30166452227590884,0.24149659863945572,-0.047864105773918704,-0.01823708206686936,False,NO_ARBITRARY_THRESHOLD; DESCRIPTIVE_QUANTILES_ONLY
BOTH,WITHIN_LIFECYCLE,MAIN_RISE,strong_breadth,RAW_EVIDENCE_VECTOR,QUANTILE_BIN,Q4,10,20,10,0.8290599999999999,0.7934475,0.09914949756127558,0.017488076311605722,0.22442623880993726,0.16611295681063123,-0.05583574718529536,-0.017857142857142856,False,NO_ARBITRARY_THRESHOLD; DESCRIPTIVE_QUANTILES_ONLY
BOTH,WITHIN_LIFECYCLE,MAIN_RISE,strong_breadth,RAW_EVIDENCE_VECTOR,QUANTILE_BIN,ALL_SMALL_SAMPLE,10,0,0,,,,,,,,,True,NO_ARBITRARY_THRESHOLD; DESCRIPTIVE_QUANTILES_ONLY
BOTH,WITHIN_LIFECYCLE,MAIN_RISE,strong_breadth,RAW_EVIDENCE_VECTOR,CONTINUOUS_MONOTONICITY,ORDERED_Q1_TO_Q4,10,84,39,0.5180109047619047,0.5,,,,,,,False,NO_ARBITRARY_THRESHOLD; DESCRIPTIVE_QUANTILES_ONLY
BOTH,WITHIN_LIFECYCLE,MAIN_RISE,weak_ratio,RAW_EVIDENCE_VECTOR,QUANTILE_BIN,Q1,10,64,30,0.0,0.0,0.1499832985622767,0.09282700421940948,0.26148763908340084,0.1875,-0.05133593708329611,-0.02985074626865669,False,NO_ARBITRARY_THRESHOLD; DESCRIPTIVE_QUANTILES_ONLY
BOTH,WITHIN_LIFECYCLE,MAIN_RISE,weak_ratio,RAW_EVIDENCE_VECTOR,QUANTILE_BIN,Q2,10,0,0,,,,,,,,,True,NO_ARBITRARY_THRESHOLD; DESCRIPTIVE_QUANTILES_ONLY
BOTH,WITHIN_LIFECYCLE,MAIN_RISE,weak_ratio,RAW_EVIDENCE_VECTOR,QUANTILE_BIN,Q3,10,0,0,,,,,,,,,True,NO_ARBITRARY_THRESHOLD; DESCRIPTIVE_QUANTILES_ONLY
BOTH,WITHIN_LIFECYCLE,MAIN_RISE,weak_ratio,RAW_EVIDENCE_VECTOR,QUANTILE_BIN,Q4,10,20,10,0.23233450000000003,0.22285700000000003,0.17056561944285628,0.09560449830223358,0.31956962038271375,0.24306669949707208,-0.06972829428504693,-0.05177581361386348,False,NO_ARBITRARY_THRESHOLD; DESCRIPTIVE_QUANTILES_ONLY
BOTH,WITHIN_LIFECYCLE,MAIN_RISE,weak_ratio,RAW_EVIDENCE_VECTOR,QUANTILE_BIN,ALL_SMALL_SAMPLE,10,0,0,,,,,,,,,True,NO_ARBITRARY_THRESHOLD; DESCRIPTIVE_QUANTILES_ONLY
BOTH,WITHIN_LIFECYCLE,MAIN_RISE,weak_ratio,RAW_EVIDENCE_VECTOR,CONTINUOUS_MONOTONICITY,ORDERED_Q1_TO_Q4,10,84,39,0.0553177380952381,0.0,,,,,,,False,NO_ARBITRARY_THRESHOLD; DESCRIPTIVE_QUANTILES_ONLY
BOTH,WITHIN_LIFECYCLE,MAIN_RISE,average_change_pct,RAW_EVIDENCE_VECTOR,QUANTILE_BIN,Q1,10,22,10,0.6586454545454545,1.6404,0.07107357311167807,0.033591731266149824,0.20600047672016855,0.18740849194729137,-0.08489321709952903,-0.06132075471698115,False,NO_ARBITRARY_THRESHOLD; DESCRIPTIVE_QUANTILES_ONLY
BOTH,WITHIN_LIFECYCLE,MAIN_RISE,average_change_pct,RAW_EVIDENCE_VECTOR,QUANTILE_BIN,Q2,10,20,9,3.9097099999999996,4.2183,0.32622779777787136,0.20856082253291153,0.42856665430747387,0.29543449178834713,-0.025353701687109615,0.006550686399802101,False,NO_ARBITRARY_THRESHOLD; DESCRIPTIVE_QUANTILES_ONLY
BOTH,WITHIN_LIFECYCLE,MAIN_RISE,average_change_pct,RAW_EVIDENCE_VECTOR,QUANTILE_BIN,Q3,10,22,11,5.344809090909091,5.5882,0.14528506726165255,0.09282700421940938,0.262568198022022,0.1713395638629283,-0.024424322044263102,-0.015325670498084299,False,NO_ARBITRARY_THRESHOLD; DESCRIPTIVE_QUANTILES_ONLY
BOTH,WITHIN_LIFECYCLE,MAIN_RISE,average_change_pct,RAW_EVIDENCE_VECTOR,QUANTILE_BIN,Q4,10,20,10,7.515479999999999,7.2082999999999995,0.0750498563167826,-0.019428571428571427,0.2036643800743562,0.16141732283464583,-0.09494106781625776,-0.08661417322834641,False,NO_ARBITRARY_THRESHOLD; DESCRIPTIVE_QUANTILES_ONLY
BOTH,WITHIN_LIFECYCLE,MAIN_RISE,average_change_pct,RAW_EVIDENCE_VECTOR,QUANTILE_BIN,ALL_SMALL_SAMPLE,10,0,0,,,,,,,,,True,NO_ARBITRARY_THRESHOLD; DESCRIPTIVE_QUANTILES_ONLY
BOTH,WITHIN_LIFECYCLE,MAIN_RISE,average_change_pct,RAW_EVIDENCE_VECTOR,CONTINUOUS_MONOTONICITY,ORDERED_Q1_TO_Q4,10,84,39,4.2926166666666665,4.58545,,,,,,,False,NO_ARBITRARY_THRESHOLD; DESCRIPTIVE_QUANTILES_ONLY
BOTH,WITHIN_LIFECYCLE,MAIN_RISE,leader_change_pct,SECONDARY_PROXY,QUANTILE_BIN,Q1,10,22,10,9.024636545454545,9.868421,0.24585943043191574,0.1273792093704246,0.31185930982760857,0.26300984528832627,-0.0294726743963128,-0.01823708206686936,False,NO_ARBITRARY_THRESHOLD; DESCRIPTIVE_QUANTILES_ONLY
BOTH,WITHIN_LIFECYCLE,MAIN_RISE,leader_change_pct,SECONDARY_PROXY,QUANTILE_BIN,Q2,10,20,10,9.9394428,9.940535,0.1381145577647636,0.07015306122448983,0.23694296015727498,0.17133956386292834,-0.05265134703510338,-0.040498442367601244,False,NO_ARBITRARY_THRESHOLD; DESCRIPTIVE_QUANTILES_ONLY
BOTH,WITHIN_LIFECYCLE,MAIN_RISE,leader_change_pct,SECONDARY_PROXY,QUANTILE_BIN,Q3,10,40,20,9.9916926,10.0,0.12452703228029152,0.025027563060017417,0.2820097704507144,0.21927626913085987,-0.0667367039049812,-0.041380432341767207,False,NO_ARBITRARY_THRESHOLD; DESCRIPTIVE_QUANTILES_ONLY
BOTH,WITHIN_LIFECYCLE,MAIN_RISE,leader_change_pct,SECONDARY_PROXY,QUANTILE_BIN,Q4,10,2,1,56.009615,56.009615,-0.20801232665639446,-0.20801232665639446,0.01078582434514638,0.01078582434514638,-0.23728813559322035,-0.23728813559322035,True,NO_ARBITRARY_THRESHOLD; DESCRIPTIVE_QUANTILES_ONLY
BOTH,WITHIN_LIFECYCLE,MAIN_RISE,leader_change_pct,SECONDARY_PROXY,QUANTILE_BIN,ALL_SMALL_SAMPLE,10,0,0,,,,,,,,,True,NO_ARBITRARY_THRESHOLD; DESCRIPTIVE_QUANTILES_ONLY
BOTH,WITHIN_LIFECYCLE,MAIN_RISE,leader_change_pct,SECONDARY_PROXY,CONTINUOUS_MONOTONICITY,ORDERED_Q1_TO_Q4,10,84,39,10.821640404761904,9.961580999999999,,,,,,,False,NO_ARBITRARY_THRESHOLD; DESCRIPTIVE_QUANTILES_ONLY
BOTH,WITHIN_LIFECYCLE,FERMENTING,positive_breadth,RAW_EVIDENCE_VECTOR,QUANTILE_BIN,Q1,10,12,5,0.4047618333333333,0.4642855,0.1533708889508472,0.13654382999734133,0.18696651461245387,0.17750257997936014,-0.04556853430406338,-0.0437289892238802,True,NO_ARBITRARY_THRESHOLD; DESCRIPTIVE_QUANTILES_ONLY
BOTH,WITHIN_LIFECYCLE,FERMENTING,positive_breadth,RAW_EVIDENCE_VECTOR,QUANTILE_BIN,Q2,10,4,2,0.6,0.6,0.18492168585017277,0.18492168585017277,0.2519842979933713,0.2519842979933713,-0.02777364246332413,-0.02777364246332413,True,NO_ARBITRARY_THRESHOLD; DESCRIPTIVE_QUANTILES_ONLY
BOTH,WITHIN_LIFECYCLE,FERMENTING,positive_breadth,RAW_EVIDENCE_VECTOR,QUANTILE_BIN,Q3,10,4,2,0.7083335,0.7083335,0.022273359339428762,0.02227335933942877,0.04910598919557486,0.04910598919557485,-0.0688751338247419,-0.06887513382474192,True,NO_ARBITRARY_THRESHOLD; DESCRIPTIVE_QUANTILES_ONLY
BOTH,WITHIN_LIFECYCLE,FERMENTING,positive_breadth,RAW_EVIDENCE_VECTOR,QUANTILE_BIN,Q4,10,6,3,0.9444443333333333,1.0,0.13302474910927617,0.11488673139158588,0.19082177888448185,0.23429541595925296,-0.09733815212905984,-0.09870550161812292,True,NO_ARBITRARY_THRESHOLD; DESCRIPTIVE_QUANTILES_ONLY
BOTH,WITHIN_LIFECYCLE,FERMENTING,positive_breadth,RAW_EVIDENCE_VECTOR,QUANTILE_BIN,ALL_SMALL_SAMPLE,10,0,0,,,,,,,,,True,NO_ARBITRARY_THRESHOLD; DESCRIPTIVE_QUANTILES_ONLY
BOTH,WITHIN_LIFECYCLE,FERMENTING,positive_breadth,RAW_EVIDENCE_VECTOR,CONTINUOUS_MONOTONICITY,ORDERED_Q1_TO_Q4,10,26,11,0.6060439230769231,0.6,,,,,,,False,NO_ARBITRARY_THRESHOLD; DESCRIPTIVE_QUANTILES_ONLY
BOTH,WITHIN_LIFECYCLE,FERMENTING,strong_breadth,RAW_EVIDENCE_VECTOR,QUANTILE_BIN,Q1,10,8,4,0.09821425,0.113095,0.12004115760811149,0.04329610189531008,0.16857750229897409,0.11892563266573511,-0.052672756460017775,-0.04948268106162845,True,NO_ARBITRARY_THRESHOLD; DESCRIPTIVE_QUANTILES_ONLY
BOTH,WITHIN_LIFECYCLE,FERMENTING,strong_breadth,RAW_EVIDENCE_VECTOR,QUANTILE_BIN,Q2,10,10,5,0.28999980000000003,0.333333,0.1507784268867926,0.2188841201716738,0.16524119314117627,0.2321981424148607,-0.04710671224765621,-0.0402476780185758,True,NO_ARBITRARY_THRESHOLD; DESCRIPTIVE_QUANTILES_ONLY
BOTH,WITHIN_LIFECYCLE,FERMENTING,strong_breadth,RAW_EVIDENCE_VECTOR,QUANTILE_BIN,Q3,10,2,1,0.4,0.4,0.1005586592178771,0.1005586592178771,0.22346368715083798,0.22346368715083798,-0.020484171322160166,-0.020484171322160166,True,NO_ARBITRARY_THRESHOLD; DESCRIPTIVE_QUANTILES_ONLY
BOTH,WITHIN_LIFECYCLE,FERMENTING,strong_breadth,RAW_EVIDENCE_VECTOR,QUANTILE_BIN,Q4,10,6,3,0.6925923333333334,0.8,0.13302474910927617,0.11488673139158588,0.19082177888448185,0.23429541595925296,-0.09733815212905984,-0.09870550161812292,True,NO_ARBITRARY_THRESHOLD; DESCRIPTIVE_QUANTILES_ONLY
BOTH,WITHIN_LIFECYCLE,FERMENTING,strong_breadth,RAW_EVIDENCE_VECTOR,QUANTILE_BIN,ALL_SMALL_SAMPLE,10,0,0,,,,,,,,,True,NO_ARBITRARY_THRESHOLD; DESCRIPTIVE_QUANTILES_ONLY
BOTH,WITHIN_LIFECYCLE,FERMENTING,strong_breadth,RAW_EVIDENCE_VECTOR,CONTINUOUS_MONOTONICITY,ORDERED_Q1_TO_Q4,10,26,11,0.33235638461538464,0.333333,,,,,,,False,NO_ARBITRARY_THRESHOLD; DESCRIPTIVE_QUANTILES_ONLY
BOTH,WITHIN_LIFECYCLE,FERMENTING,weak_ratio,RAW_EVIDENCE_VECTOR,QUANTILE_BIN,Q1,10,24,11,0.0,0.0,0.11386941952033108,0.08965661898622793,0.16039696523140481,0.1731353523473488,-0.05585230329720441,-0.04384806519434939,False,NO_ARBITRARY_THRESHOLD; DESCRIPTIVE_QUANTILES_ONLY
BOTH,WITHIN_LIFECYCLE,FERMENTING,weak_ratio,RAW_EVIDENCE_VECTOR,QUANTILE_BIN,Q2,10,0,0,,,,,,,,,True,NO_ARBITRARY_THRESHOLD; DESCRIPTIVE_QUANTILES_ONLY
BOTH,WITHIN_LIFECYCLE,FERMENTING,weak_ratio,RAW_EVIDENCE_VECTOR,QUANTILE_BIN,Q3,10,0,0,,,,,,,,,True,NO_ARBITRARY_THRESHOLD; DESCRIPTIVE_QUANTILES_ONLY
BOTH,WITHIN_LIFECYCLE,FERMENTING,weak_ratio,RAW_EVIDENCE_VECTOR,QUANTILE_BIN,Q4,10,2,1,0.166667,0.166667,0.3672566371681415,0.3672566371681415,0.3716814159292035,0.3716814159292035,-0.08849557522123895,-0.08849557522123895,True,NO_ARBITRARY_THRESHOLD; DESCRIPTIVE_QUANTILES_ONLY
BOTH,WITHIN_LIFECYCLE,FERMENTING,weak_ratio,RAW_EVIDENCE_VECTOR,QUANTILE_BIN,ALL_SMALL_SAMPLE,10,0,0,,,,,,,,,True,NO_ARBITRARY_THRESHOLD; DESCRIPTIVE_QUANTILES_ONLY
BOTH,WITHIN_LIFECYCLE,FERMENTING,weak_ratio,RAW_EVIDENCE_VECTOR,CONTINUOUS_MONOTONICITY,ORDERED_Q1_TO_Q4,10,26,11,0.012820538461538463,0.0,,,,,,,False,NO_ARBITRARY_THRESHOLD; DESCRIPTIVE_QUANTILES_ONLY
BOTH,WITHIN_LIFECYCLE,FERMENTING,average_change_pct,RAW_EVIDENCE_VECTOR,QUANTILE_BIN,Q1,10,8,4,0.7451,0.89585,0.1188337553957362,0.04088129747055949,0.16124143803170385,0.11892563266573511,-0.04648830684415497,-0.040854810329658986,True,NO_ARBITRARY_THRESHOLD; DESCRIPTIVE_QUANTILES_ONLY
BOTH,WITHIN_LIFECYCLE,FERMENTING,average_change_pct,RAW_EVIDENCE_VECTOR,QUANTILE_BIN,Q2,10,6,3,1.6825333333333334,1.6926,0.10461047705377531,0.03238866396761138,0.1262389624090181,0.06477732793522264,-0.05760446041799063,-0.04048582995951419,True,NO_ARBITRARY_THRESHOLD; DESCRIPTIVE_QUANTILES_ONLY
BOTH,WITHIN_LIFECYCLE,FERMENTING,average_change_pct,RAW_EVIDENCE_VECTOR,QUANTILE_BIN,Q3,10,6,3,2.8488666666666664,2.8745,0.18181632378000512,0.2188841201716738,0.23343234089958198,0.2321981424148607,-0.03598071658997352,-0.0402476780185758,True,NO_ARBITRARY_THRESHOLD; DESCRIPTIVE_QUANTILES_ONLY
BOTH,WITHIN_LIFECYCLE,FERMENTING,average_change_pct,RAW_EVIDENCE_VECTOR,QUANTILE_BIN,Q4,10,6,3,6.316400000000001,7.1698,0.13302474910927617,0.11488673139158588,0.19082177888448185,0.23429541595925296,-0.09733815212905984,-0.09870550161812292,True,NO_ARBITRARY_THRESHOLD; DESCRIPTIVE_QUANTILES_ONLY
BOTH,WITHIN_LIFECYCLE,FERMENTING,average_change_pct,RAW_EVIDENCE_VECTOR,QUANTILE_BIN,ALL_SMALL_SAMPLE,10,0,0,,,,,,,,,True,NO_ARBITRARY_THRESHOLD; DESCRIPTIVE_QUANTILES_ONLY
BOTH,WITHIN_LIFECYCLE,FERMENTING,average_change_pct,RAW_EVIDENCE_VECTOR,CONTINUOUS_MONOTONICITY,ORDERED_Q1_TO_Q4,10,26,11,2.7326,1.7141,,,,,,,False,NO_ARBITRARY_THRESHOLD; DESCRIPTIVE_QUANTILES_ONLY
BOTH,WITHIN_LIFECYCLE,FERMENTING,leader_change_pct,SECONDARY_PROXY,QUANTILE_BIN,Q1,10,8,3,5.4431715,4.6891805,0.03157732840499413,0.029973859542860786,0.0621723242612255,0.05010519940068217,-0.04418209691028051,-0.031857959227544724,True,NO_ARBITRARY_THRESHOLD; DESCRIPTIVE_QUANTILES_ONLY
BOTH,WITHIN_LIFECYCLE,FERMENTING,leader_change_pct,SECONDARY_PROXY,QUANTILE_BIN,Q2,10,6,3,9.879510000000002,9.863946,0.2380583415348689,0.22600619195046448,0.25244608146127084,0.24463519313304724,-0.04084036401741616,-0.0402476780185758,True,NO_ARBITRARY_THRESHOLD; DESCRIPTIVE_QUANTILES_ONLY
BOTH,WITHIN_LIFECYCLE,FERMENTING,leader_change_pct,SECONDARY_PROXY,QUANTILE_BIN,Q3,10,6,3,9.935519333333334,9.928352,0.09806665645468056,0.1005586592178771,0.1872112026150102,0.22346368715083798,-0.06964442089462428,-0.08974358974358976,True,NO_ARBITRARY_THRESHOLD; DESCRIPTIVE_QUANTILES_ONLY
BOTH,WITHIN_LIFECYCLE,FERMENTING,leader_change_pct,SECONDARY_PROXY,QUANTILE_BIN,Q4,10,6,3,9.973346999999999,9.975669,0.19966845460782986,0.20543293718166386,0.24292794981077204,0.23429541595925296,-0.08351349080348285,-0.08849557522123895,True,NO_ARBITRARY_THRESHOLD; DESCRIPTIVE_QUANTILES_ONLY
BOTH,WITHIN_LIFECYCLE,FERMENTING,leader_change_pct,SECONDARY_PROXY,QUANTILE_BIN,ALL_SMALL_SAMPLE,10,0,0,,,,,,,,,True,NO_ARBITRARY_THRESHOLD; DESCRIPTIVE_QUANTILES_ONLY
BOTH,WITHIN_LIFECYCLE,FERMENTING,leader_change_pct,SECONDARY_PROXY,CONTINUOUS_MONOTONICITY,ORDERED_Q1_TO_Q4,10,26,11,8.549062692307693,9.913259,,,,,,,False,NO_ARBITRARY_THRESHOLD; DESCRIPTIVE_QUANTILES_ONLY
BOTH,WITHIN_LIFECYCLE,MATURE,positive_breadth,RAW_EVIDENCE_VECTOR,QUANTILE_BIN,Q1,10,8,4,0.28940475,0.32738100000000003,-0.02159626311450269,-0.027510708047187193,0.13500442679045724,0.0677215189873417,-0.11646034487634353,-0.1316479624799598,True,NO_ARBITRARY_THRESHOLD; DESCRIPTIVE_QUANTILES_ONLY
BOTH,WITHIN_LIFECYCLE,MATURE,positive_breadth,RAW_EVIDENCE_VECTOR,QUANTILE_BIN,Q2,10,6,3,0.592186,0.571429,-0.22765313720896155,-0.27713815789473684,0.06325167893752437,0.06149341142020498,-0.25528512428168826,-0.3125,True,NO_ARBITRARY_THRESHOLD; DESCRIPTIVE_QUANTILES_ONLY
BOTH,WITHIN_LIFECYCLE,MATURE,positive_breadth,RAW_EVIDENCE_VECTOR,QUANTILE_BIN,Q3,10,8,4,0.7446429999999999,0.732143,0.013294638265713988,-0.02417819082629153,0.11649180689978952,0.0852380154608334,-0.055144473953924425,-0.05575889707559528,True,NO_ARBITRARY_THRESHOLD; DESCRIPTIVE_QUANTILES_ONLY
BOTH,WITHIN_LIFECYCLE,MATURE,positive_breadth,RAW_EVIDENCE_VECTOR,QUANTILE_BIN,Q4,10,6,3,0.8653846666666666,0.846154,-0.05907622900509727,-0.06319702602230487,0.13251868019885435,0.13812154696132595,-0.11319525224103257,-0.12143742255266414,True,NO_ARBITRARY_THRESHOLD; DESCRIPTIVE_QUANTILES_ONLY
BOTH,WITHIN_LIFECYCLE,MATURE,positive_breadth,RAW_EVIDENCE_VECTOR,QUANTILE_BIN,ALL_SMALL_SAMPLE,10,0,0,,,,,,,,,True,NO_ARBITRARY_THRESHOLD; DESCRIPTIVE_QUANTILES_ONLY
BOTH,WITHIN_LIFECYCLE,MATURE,positive_breadth,RAW_EVIDENCE_VECTOR,CONTINUOUS_MONOTONICITY,ORDERED_Q1_TO_Q4,10,28,12,0.6077787857142857,0.6904764999999999,,,,,,,False,NO_ARBITRARY_THRESHOLD; DESCRIPTIVE_QUANTILES_ONLY
BOTH,WITHIN_LIFECYCLE,MATURE,strong_breadth,RAW_EVIDENCE_VECTOR,QUANTILE_BIN,Q1,10,8,4,0.18269225,0.1785715,-0.07162217408385588,-0.07033663206528867,0.0634162615931073,0.06454518859264183,-0.13348456912907852,-0.13967459597670384,True,NO_ARBITRARY_THRESHOLD; DESCRIPTIVE_QUANTILES_ONLY
BOTH,WITHIN_LIFECYCLE,MATURE,strong_breadth,RAW_EVIDENCE_VECTOR,QUANTILE_BIN,Q2,10,6,3,0.24666666666666667,0.25,0.07255274261603374,0.10499999999999998,0.22708860759493668,0.2658227848101266,-0.054080168776371305,-0.02300000000000001,True,NO_ARBITRARY_THRESHOLD; DESCRIPTIVE_QUANTILES_ONLY
BOTH,WITHIN_LIFECYCLE,MATURE,strong_breadth,RAW_EVIDENCE_VECTOR,QUANTILE_BIN,Q3,10,8,4,0.29563475,0.285714,-0.1300748394754164,-0.11398181580893552,0.08413952604969555,0.0852380154608334,-0.1570395126695768,-0.1395919432722843,True,NO_ARBITRARY_THRESHOLD; DESCRIPTIVE_QUANTILES_ONLY
BOTH,WITHIN_LIFECYCLE,MATURE,strong_breadth,RAW_EVIDENCE_VECTOR,QUANTILE_BIN,Q4,10,6,3,0.4893163333333333,0.416667,-0.07617528121754502,-0.06319702602230483,0.11607247973813584,0.09090909090909091,-0.13595240368986197,-0.1214374225526641,True,NO_ARBITRARY_THRESHOLD; DESCRIPTIVE_QUANTILES_ONLY
BOTH,WITHIN_LIFECYCLE,MATURE,strong_breadth,RAW_EVIDENCE_VECTOR,QUANTILE_BIN,ALL_SMALL_SAMPLE,10,0,0,,,,,,,,,True,NO_ARBITRARY_THRESHOLD; DESCRIPTIVE_QUANTILES_ONLY
BOTH,WITHIN_LIFECYCLE,MATURE,strong_breadth,RAW_EVIDENCE_VECTOR,CONTINUOUS_MONOTONICITY,ORDERED_Q1_TO_Q4,10,28,12,0.2943755,0.26388900000000004,,,,,,,False,NO_ARBITRARY_THRESHOLD; DESCRIPTIVE_QUANTILES_ONLY
BOTH,WITHIN_LIFECYCLE,MATURE,weak_ratio,RAW_EVIDENCE_VECTOR,QUANTILE_BIN,Q1,10,10,5,0.0,0.0,-0.07600655093497347,-0.0566929133858268,0.11121229178619693,0.09448818897637798,-0.13688980710987247,-0.09133858267716534,True,NO_ARBITRARY_THRESHOLD; DESCRIPTIVE_QUANTILES_ONLY
BOTH,WITHIN_LIFECYCLE,MATURE,weak_ratio,RAW_EVIDENCE_VECTOR,QUANTILE_BIN,Q2,10,4,2,0.0584615,0.0584615,0.08111952861952863,0.08111952861952865,0.23545454545454542,0.23545454545454542,-0.02665151515151515,-0.02665151515151515,True,NO_ARBITRARY_THRESHOLD; DESCRIPTIVE_QUANTILES_ONLY
BOTH,WITHIN_LIFECYCLE,MATURE,weak_ratio,RAW_EVIDENCE_VECTOR,QUANTILE_BIN,Q3,10,8,4,0.1190475,0.113095,-0.12274586197134878,-0.06319702602230493,0.09563289897455206,0.09999999999999987,-0.17446926308824323,-0.12151898734177215,True,NO_ARBITRARY_THRESHOLD; DESCRIPTIVE_QUANTILES_ONLY
BOTH,WITHIN_LIFECYCLE,MATURE,weak_ratio,RAW_EVIDENCE_VECTOR,QUANTILE_BIN,Q4,10,6,3,0.23168466666666668,0.230769,-0.04405460503243986,-0.015197568389057739,0.06666149215011778,0.07598784194528879,-0.10527445202904874,-0.13757225433526016,True,NO_ARBITRARY_THRESHOLD; DESCRIPTIVE_QUANTILES_ONLY
BOTH,WITHIN_LIFECYCLE,MATURE,weak_ratio,RAW_EVIDENCE_VECTOR,QUANTILE_BIN,ALL_SMALL_SAMPLE,10,0,0,,,,,,,,,True,NO_ARBITRARY_THRESHOLD; DESCRIPTIVE_QUANTILES_ONLY
BOTH,WITHIN_LIFECYCLE,MATURE,weak_ratio,RAW_EVIDENCE_VECTOR,CONTINUOUS_MONOTONICITY,ORDERED_Q1_TO_Q4,10,28,12,0.09201192857142858,0.080128,,,,,,,False,NO_ARBITRARY_THRESHOLD; DESCRIPTIVE_QUANTILES_ONLY
BOTH,WITHIN_LIFECYCLE,MATURE,average_change_pct,RAW_EVIDENCE_VECTOR,QUANTILE_BIN,Q1,10,8,4,-0.11875000000000001,-0.1353,-0.07472487583126569,-0.0765420355601083,0.06485991811993701,0.06743250164630123,-0.14510340846015857,-0.13967459597670384,True,NO_ARBITRARY_THRESHOLD; DESCRIPTIVE_QUANTILES_ONLY
BOTH,WITHIN_LIFECYCLE,MATURE,average_change_pct,RAW_EVIDENCE_VECTOR,QUANTILE_BIN,Q2,10,6,3,1.2021666666666666,0.796,-0.027156095540367315,-0.015197568389057739,0.19803646296887156,0.13812154696132595,-0.0824398226670473,-0.03647416413373861,True,NO_ARBITRARY_THRESHOLD; DESCRIPTIVE_QUANTILES_ONLY
BOTH,WITHIN_LIFECYCLE,MATURE,average_change_pct,RAW_EVIDENCE_VECTOR,QUANTILE_BIN,Q3,10,8,4,2.6981,2.6507,-0.07743770682625792,-0.044925863324676046,0.060756554517155746,0.060288751388227785,-0.1272963107494119,-0.08319110634730867,True,NO_ARBITRARY_THRESHOLD; DESCRIPTIVE_QUANTILES_ONLY
BOTH,WITHIN_LIFECYCLE,MATURE,average_change_pct,RAW_EVIDENCE_VECTOR,QUANTILE_BIN,Q4,10,6,3,4.162933333333333,4.5685,-0.0357797648726616,-0.06319702602230483,0.18603795729855013,0.16852540272614625,-0.13091979916358654,-0.1214374225526641,True,NO_ARBITRARY_THRESHOLD; DESCRIPTIVE_QUANTILES_ONLY
BOTH,WITHIN_LIFECYCLE,MATURE,average_change_pct,RAW_EVIDENCE_VECTOR,QUANTILE_BIN,ALL_SMALL_SAMPLE,10,0,0,,,,,,,,,True,NO_ARBITRARY_THRESHOLD; DESCRIPTIVE_QUANTILES_ONLY
BOTH,WITHIN_LIFECYCLE,MATURE,average_change_pct,RAW_EVIDENCE_VECTOR,CONTINUOUS_MONOTONICITY,ORDERED_Q1_TO_Q4,10,28,12,1.8866214285714287,2.3484999999999996,,,,,,,False,NO_ARBITRARY_THRESHOLD; DESCRIPTIVE_QUANTILES_ONLY
BOTH,WITHIN_LIFECYCLE,MATURE,leader_change_pct,SECONDARY_PROXY,QUANTILE_BIN,Q1,10,8,4,7.79807825,8.5992745,-0.003115025507012279,-0.030383594321111155,0.14647976722408756,0.0852380154608334,-0.06808293353816902,-0.06390637340545197,True,NO_ARBITRARY_THRESHOLD; DESCRIPTIVE_QUANTILES_ONLY
BOTH,WITHIN_LIFECYCLE,MATURE,leader_change_pct,SECONDARY_PROXY,QUANTILE_BIN,Q2,10,6,3,9.919643333333333,9.911055,-0.1492832115946979,-0.10751445086705202,0.09863596478661822,0.099421965317919,-0.1905032256293081,-0.13757225433526016,True,NO_ARBITRARY_THRESHOLD; DESCRIPTIVE_QUANTILES_ONLY
BOTH,WITHIN_LIFECYCLE,MATURE,leader_change_pct,SECONDARY_PROXY,QUANTILE_BIN,Q3,10,8,4,9.97868675,9.980008,-0.013913369808878383,-0.02130530455236757,0.11454685320649072,0.08389497941434534,-0.10559684762258613,-0.10841028381779973,True,NO_ARBITRARY_THRESHOLD; DESCRIPTIVE_QUANTILES_ONLY
BOTH,WITHIN_LIFECYCLE,MATURE,leader_change_pct,SECONDARY_PROXY,QUANTILE_BIN,Q4,10,6,3,9.994632333333334,10.0,-0.10544192535407762,-0.13636363636363635,0.08866231864767732,0.09090909090909091,-0.1591956164869781,-0.17954545454545454,True,NO_ARBITRARY_THRESHOLD; DESCRIPTIVE_QUANTILES_ONLY
BOTH,WITHIN_LIFECYCLE,MATURE,leader_change_pct,SECONDARY_PROXY,QUANTILE_BIN,ALL_SMALL_SAMPLE,10,0,0,,,,,,,,,True,NO_ARBITRARY_THRESHOLD; DESCRIPTIVE_QUANTILES_ONLY
BOTH,WITHIN_LIFECYCLE,MATURE,leader_change_pct,SECONDARY_PROXY,CONTINUOUS_MONOTONICITY,ORDERED_Q1_TO_Q4,10,28,12,9.346420499999999,9.958300999999999,,,,,,,False,NO_ARBITRARY_THRESHOLD; DESCRIPTIVE_QUANTILES_ONLY
