"review_order","topic_id","topic_name","parent_topic_id","parent_topic_name","market_code","instrument_code","canonical_review_identifier","relation_id","relation_version","structural_role","approval_state","authority_version","authority_effective_from","source_reference","source_artifact_id","source_artifact_hash","inclusion_state","proposed_include","proposed_importance","historical_evidence_state","owner_review_state","formal_runtime_authority","review_flags"
"1","0e134dd2-44bf-41c9-a34b-15526913b9db","12 吋矽晶圓","c95a0960-44a4-4312-b0e9-9fc5c2205bd4","晶圓材料","TWO","5483","TWO:5483","bc223458-8fe7-54b8-ac8f-09574cfe970d","owner-topic-membership-20260824.v1","CORE","APPROVED","structural-role-authority-20260912.v4","2026-08-24","fixtures/research/topic_universe_mapping.v1.csv","structural-role-authority:structural-role-authority-20260912.v4","c35c15911c355766dbaa53e76629ae17c84f8d1bbc98e2053b7e87592c0274bc","PENDING_OWNER_REVIEW","PENDING_OWNER_REVIEW","PENDING_OWNER_REVIEW","NONE_RECOVERED","PENDING_OWNER_REVIEW","NOT_FORMAL_UNTIL_OWNER_APPROVAL","FORMAL_CORE_CANDIDATE_ONLY;NO_D001_INCLUDE_OR_IMPORTANCE_INFERENCE"
"2","0e134dd2-44bf-41c9-a34b-15526913b9db","12 吋矽晶圓","c95a0960-44a4-4312-b0e9-9fc5c2205bd4","晶圓材料","TWO","6182","TWO:6182","2f032d08-dac6-5d3a-95fb-2803a0f7c432","owner-topic-membership-20260824.v1","CORE","APPROVED","structural-role-authority-20260912.v4","2026-08-24","fixtures/research/topic_universe_mapping.v1.csv","structural-role-authority:structural-role-authority-20260912.v4","c35c15911c355766dbaa53e76629ae17c84f8d1bbc98e2053b7e87592c0274bc","PENDING_OWNER_REVIEW","PENDING_OWNER_REVIEW","PENDING_OWNER_REVIEW","NONE_RECOVERED","PENDING_OWNER_REVIEW","NOT_FORMAL_UNTIL_OWNER_APPROVAL","FORMAL_CORE_CANDIDATE_ONLY;NO_D001_INCLUDE_OR_IMPORTANCE_INFERENCE"
"3","9a2dd721-46d8-4a04-934e-499d578beb11","8 吋矽晶圓","c95a0960-44a4-4312-b0e9-9fc5c2205bd4","晶圓材料","TPE","3532","TPE:3532","b0315b42-8db2-5a08-90a8-2c78fa07f22d","owner-topic-membership-20260824.v1","CORE","APPROVED","structural-role-authority-20260912.v4","2026-08-24","fixtures/research/topic_universe_mapping.v1.csv","structural-role-authority:structural-role-authority-20260912.v4","c35c15911c355766dbaa53e76629ae17c84f8d1bbc98e2053b7e87592c0274bc","PENDING_OWNER_REVIEW","PENDING_OWNER_REVIEW","PENDING_OWNER_REVIEW","NONE_RECOVERED","PENDING_OWNER_REVIEW","NOT_FORMAL_UNTIL_OWNER_APPROVAL","FORMAL_CORE_CANDIDATE_ONLY;NO_D001_INCLUDE_OR_IMPORTANCE_INFERENCE"
"4","9a2dd721-46d8-4a04-934e-499d578beb11","8 吋矽晶圓","c95a0960-44a4-4312-b0e9-9fc5c2205bd4","晶圓材料","TWO","5483","TWO:5483","349b2ca9-d402-5b9e-acf7-6f0583063cc5","owner-topic-membership-20260824.v1","CORE","APPROVED","structural-role-authority-20260912.v4","2026-08-24","fixtures/research/topic_universe_mapping.v1.csv","structural-role-authority:structural-role-authority-20260912.v4","c35c15911c355766dbaa53e76629ae17c84f8d1bbc98e2053b7e87592c0274bc","PENDING_OWNER_REVIEW","PENDING_OWNER_REVIEW","PENDING_OWNER_REVIEW","NONE_RECOVERED","PENDING_OWNER_REVIEW","NOT_FORMAL_UNTIL_OWNER_APPROVAL","FORMAL_CORE_CANDIDATE_ONLY;NO_D001_INCLUDE_OR_IMPORTANCE_INFERENCE"
"5","9a2dd721-46d8-4a04-934e-499d578beb11","8 吋矽晶圓","c95a0960-44a4-4312-b0e9-9fc5c2205bd4","晶圓材料","TWO","6182","TWO:6182","a4c48b14-0a47-5b8a-aef7-13e0b304c318","owner-topic-membership-20260824.v1","CORE","APPROVED","structural-role-authority-20260912.v4","2026-08-24","fixtures/research/topic_universe_mapping.v1.csv","structural-role-authority:structural-role-authority-20260912.v4","c35c15911c355766dbaa53e76629ae17c84f8d1bbc98e2053b7e87592c0274bc","PENDING_OWNER_REVIEW","PENDING_OWNER_REVIEW","PENDING_OWNER_REVIEW","NONE_RECOVERED","PENDING_OWNER_REVIEW","NOT_FORMAL_UNTIL_OWNER_APPROVAL","FORMAL_CORE_CANDIDATE_ONLY;NO_D001_INCLUDE_OR_IMPORTANCE_INFERENCE"
"6","ea492acf-2575-4d97-9fa8-d76d9e8d82c3","ABF載板","feb717be-0f98-4d14-beec-8e03a32ac267","封裝測試","TPE","3189","TPE:3189","078e8970-cfc4-54e0-a8c0-ff57e5523a18","owner-topic-membership-20260824.v1","CORE","APPROVED","structural-role-authority-20260912.v4","2026-08-24","fixtures/research/topic_universe_mapping.v1.csv","structural-role-authority:structural-role-authority-20260912.v4","c35c15911c355766dbaa53e76629ae17c84f8d1bbc98e2053b7e87592c0274bc","PENDING_OWNER_REVIEW","PENDING_OWNER_REVIEW","PENDING_OWNER_REVIEW","NONE_RECOVERED","PENDING_OWNER_REVIEW","NOT_FORMAL_UNTIL_OWNER_APPROVAL","FORMAL_CORE_CANDIDATE_ONLY;NO_D001_INCLUDE_OR_IMPORTANCE_INFERENCE"
"7","ea492acf-2575-4d97-9fa8-d76d9e8d82c3","ABF載板","feb717be-0f98-4d14-beec-8e03a32ac267","封裝測試","TPE","4958","TPE:4958","273d7a02-9eb3-55b7-ad30-060a43755516","owner-topic-membership-20260824.v1","CORE","APPROVED","structural-role-authority-20260912.v4","2026-08-24","fixtures/research/topic_universe_mapping.v1.csv","structural-role-authority:structural-role-authority-20260912.v4","c35c15911c355766dbaa53e76629ae17c84f8d1bbc98e2053b7e87592c0274bc","PENDING_OWNER_REVIEW","PENDING_OWNER_REVIEW","PENDING_OWNER_REVIEW","NONE_RECOVERED","PENDING_OWNER_REVIEW","NOT_FORMAL_UNTIL_OWNER_APPROVAL","FORMAL_CORE_CANDIDATE_ONLY;NO_D001_INCLUDE_OR_IMPORTANCE_INFERENCE"
"8","ea492acf-2575-4d97-9fa8-d76d9e8d82c3","ABF載板","feb717be-0f98-4d14-beec-8e03a32ac267","封裝測試","TPE","8046","TPE:8046","9def15ce-5a31-5377-83b0-bdaa9751e053","owner-topic-membership-20260824.v1","CORE","APPROVED","structural-role-authority-20260912.v4","2026-08-24","fixtures/research/topic_universe_mapping.v1.csv","structural-role-authority:structural-role-authority-20260912.v4","c35c15911c355766dbaa53e76629ae17c84f8d1bbc98e2053b7e87592c0274bc","PENDING_OWNER_REVIEW","PENDING_OWNER_REVIEW","PENDING_OWNER_REVIEW","NONE_RECOVERED","PENDING_OWNER_REVIEW","NOT_FORMAL_UNTIL_OWNER_APPROVAL","FORMAL_CORE_CANDIDATE_ONLY;NO_D001_INCLUDE_OR_IMPORTANCE_INFERENCE"
"9","9828f439-2ced-4b49-9d9e-8016b5676e1c","ADAS","41cab158-24db-40b9-90cf-fa859870f165","車用電子","TPE","2367","TPE:2367","6ce8971c-e1c2-5957-9b7e-c0c43e510a00","owner-topic-membership-20260824.v1","CORE","APPROVED","structural-role-authority-20260912.v4","2026-08-24","fixtures/research/topic_universe_mapping.v1.csv","structural-role-authority:structural-role-authority-20260912.v4","c35c15911c355766dbaa53e76629ae17c84f8d1bbc98e2053b7e87592c0274bc","PENDING_OWNER_REVIEW","PENDING_OWNER_REVIEW","PENDING_OWNER_REVIEW","NONE_RECOVERED","PENDING_OWNER_REVIEW","NOT_FORMAL_UNTIL_OWNER_APPROVAL","FORMAL_CORE_CANDIDATE_ONLY;NO_D001_INCLUDE_OR_IMPORTANCE_INFERENCE"
"10","9828f439-2ced-4b49-9d9e-8016b5676e1c","ADAS","41cab158-24db-40b9-90cf-fa859870f165","車用電子","TPE","2374","TPE:2374","417f9a73-8f5a-520f-925b-19a07e1a7ec5","owner-topic-membership-20260824.v1","CORE","APPROVED","structural-role-authority-20260912.v4","2026-08-24","2026_NEW_TOPIC_ADDITION","structural-role-authority:structural-role-authority-20260912.v4","c35c15911c355766dbaa53e76629ae17c84f8d1bbc98e2053b7e87592c0274bc","PENDING_OWNER_REVIEW","PENDING_OWNER_REVIEW","PENDING_OWNER_REVIEW","NONE_RECOVERED","PENDING_OWNER_REVIEW","NOT_FORMAL_UNTIL_OWNER_APPROVAL","FORMAL_CORE_CANDIDATE_ONLY;NO_D001_INCLUDE_OR_IMPORTANCE_INFERENCE"
"11","9828f439-2ced-4b49-9d9e-8016b5676e1c","ADAS","41cab158-24db-40b9-90cf-fa859870f165","車用電子","TPE","3715","TPE:3715","4d0f9815-689d-54f9-aa5f-7d46c0742a69","owner-topic-membership-20260824.v1","CORE","APPROVED","structural-role-authority-20260912.v4","2026-08-24","fixtures/research/topic_universe_mapping.v1.csv","structural-role-authority:structural-role-authority-20260912.v4","c35c15911c355766dbaa53e76629ae17c84f8d1bbc98e2053b7e87592c0274bc","PENDING_OWNER_REVIEW","PENDING_OWNER_REVIEW","PENDING_OWNER_REVIEW","NONE_RECOVERED","PENDING_OWNER_REVIEW","NOT_FORMAL_UNTIL_OWNER_APPROVAL","FORMAL_CORE_CANDIDATE_ONLY;NO_D001_INCLUDE_OR_IMPORTANCE_INFERENCE"
"12","9828f439-2ced-4b49-9d9e-8016b5676e1c","ADAS","41cab158-24db-40b9-90cf-fa859870f165","車用電子","TPE","4976","TPE:4976","f2eac3ef-2886-51ba-9a12-0d3b9cce509b","owner-topic-membership-20260824.v1","CORE","APPROVED","structural-role-authority-20260912.v4","2026-08-24","2026_NEW_TOPIC_ADDITION","structural-role-authority:structural-role-authority-20260912.v4","c35c15911c355766dbaa53e76629ae17c84f8d1bbc98e2053b7e87592c0274bc","PENDING_OWNER_REVIEW","PENDING_OWNER_REVIEW","PENDING_OWNER_REVIEW","NONE_RECOVERED","PENDING_OWNER_REVIEW","NOT_FORMAL_UNTIL_OWNER_APPROVAL","FORMAL_CORE_CANDIDATE_ONLY;NO_D001_INCLUDE_OR_IMPORTANCE_INFERENCE"
"13","9828f439-2ced-4b49-9d9e-8016b5676e1c","ADAS","41cab158-24db-40b9-90cf-fa859870f165","車用電子","TPE","6285","TPE:6285","f6bcb672-8bdd-5e25-9f2b-4aaa8a252c42","owner-topic-membership-20260824.v1","CORE","APPROVED","structural-role-authority-20260912.v4","2026-08-24","2026_REVISED_MARKET_UPDATE","structural-role-authority:structural-role-authority-20260912.v4","c35c15911c355766dbaa53e76629ae17c84f8d1bbc98e2053b7e87592c0274bc","PENDING_OWNER_REVIEW","PENDING_OWNER_REVIEW","PENDING_OWNER_REVIEW","NONE_RECOVERED","PENDING_OWNER_REVIEW","NOT_FORMAL_UNTIL_OWNER_APPROVAL","FORMAL_CORE_CANDIDATE_ONLY;NO_D001_INCLUDE_OR_IMPORTANCE_INFERENCE"
"14","0b05426f-a83d-44da-a6a5-7fee21362c03","AI PCB","35edf59b-8f31-4fcc-a914-1c74584ad1da","AI運算與伺服器","TPE","2313","TPE:2313","1d9baeb2-b3cf-5ad1-8a02-60eaa125314e","owner-topic-membership-20260824.v1","CORE","APPROVED","structural-role-authority-20260912.v4","2026-08-24","fixtures/research/topic_universe_mapping.v1.csv","structural-role-authority:structural-role-authority-20260912.v4","c35c15911c355766dbaa53e76629ae17c84f8d1bbc98e2053b7e87592c0274bc","PENDING_OWNER_REVIEW","PENDING_OWNER_REVIEW","PENDING_OWNER_REVIEW","NONE_RECOVERED","PENDING_OWNER_REVIEW","NOT_FORMAL_UNTIL_OWNER_APPROVAL","FORMAL_CORE_CANDIDATE_ONLY;NO_D001_INCLUDE_OR_IMPORTANCE_INFERENCE"
"15","0b05426f-a83d-44da-a6a5-7fee21362c03","AI PCB","35edf59b-8f31-4fcc-a914-1c74584ad1da","AI運算與伺服器","TPE","3044","TPE:3044","d76642c3-f811-53e8-9f6a-3ad769bdf328","owner-topic-membership-20260824.v1","CORE","APPROVED","structural-role-authority-20260912.v4","2026-08-24","fixtures/research/topic_universe_mapping.v1.csv","structural-role-authority:structural-role-authority-20260912.v4","c35c15911c355766dbaa53e76629ae17c84f8d1bbc98e2053b7e87592c0274bc","PENDING_OWNER_REVIEW","PENDING_OWNER_REVIEW","PENDING_OWNER_REVIEW","NONE_RECOVERED","PENDING_OWNER_REVIEW","NOT_FORMAL_UNTIL_OWNER_APPROVAL","FORMAL_CORE_CANDIDATE_ONLY;NO_D001_INCLUDE_OR_IMPORTANCE_INFERENCE"
"16","0b05426f-a83d-44da-a6a5-7fee21362c03","AI PCB","35edf59b-8f31-4fcc-a914-1c74584ad1da","AI運算與伺服器","TPE","4958","TPE:4958","c5f13d04-83bc-5e72-8a76-24a101090c0e","owner-topic-membership-20260824.v1","CORE","APPROVED","structural-role-authority-20260912.v4","2026-08-24","2026_REVISED_MARKET_UPDATE","structural-role-authority:structural-role-authority-20260912.v4","c35c15911c355766dbaa53e76629ae17c84f8d1bbc98e2053b7e87592c0274bc","PENDING_OWNER_REVIEW","PENDING_OWNER_REVIEW","PENDING_OWNER_REVIEW","NONE_RECOVERED","PENDING_OWNER_REVIEW","NOT_FORMAL_UNTIL_OWNER_APPROVAL","FORMAL_CORE_CANDIDATE_ONLY;NO_D001_INCLUDE_OR_IMPORTANCE_INFERENCE"
"17","0b05426f-a83d-44da-a6a5-7fee21362c03","AI PCB","35edf59b-8f31-4fcc-a914-1c74584ad1da","AI運算與伺服器","TPE","6213","TPE:6213","f06f7da1-4d09-55f0-9735-ea664a7f7936","owner-topic-membership-20260824.v1","CORE","APPROVED","structural-role-authority-20260912.v4","2026-08-24","2026_NEW_TOPIC_ADDITION","structural-role-authority:structural-role-authority-20260912.v4","c35c15911c355766dbaa53e76629ae17c84f8d1bbc98e2053b7e87592c0274bc","PENDING_OWNER_REVIEW","PENDING_OWNER_REVIEW","PENDING_OWNER_REVIEW","NONE_RECOVERED","PENDING_OWNER_REVIEW","NOT_FORMAL_UNTIL_OWNER_APPROVAL","FORMAL_CORE_CANDIDATE_ONLY;NO_D001_INCLUDE_OR_IMPORTANCE_INFERENCE"
"18","0b05426f-a83d-44da-a6a5-7fee21362c03","AI PCB","35edf59b-8f31-4fcc-a914-1c74584ad1da","AI運算與伺服器","TWO","5439","TWO:5439","032545a0-3ff5-5310-8b48-991a172416a1","owner-topic-membership-20260824.v1","CORE","APPROVED","structural-role-authority-20260912.v4","2026-08-24","fixtures/research/topic_universe_mapping.v1.csv","structural-role-authority:structural-role-authority-20260912.v4","c35c15911c355766dbaa53e76629ae17c84f8d1bbc98e2053b7e87592c0274bc","PENDING_OWNER_REVIEW","PENDING_OWNER_REVIEW","PENDING_OWNER_REVIEW","NONE_RECOVERED","PENDING_OWNER_REVIEW","NOT_FORMAL_UNTIL_OWNER_APPROVAL","FORMAL_CORE_CANDIDATE_ONLY;NO_D001_INCLUDE_OR_IMPORTANCE_INFERENCE"
"19","01227ecd-8f9d-4aa2-ba04-063b7caa8f78","AI伺服器整機／ODM","35edf59b-8f31-4fcc-a914-1c74584ad1da","AI運算與伺服器","TPE","2301","TPE:2301","06bde242-a51b-5dd0-a89b-71b68205a06f","owner-topic-membership-20260824.v1","CORE","APPROVED","structural-role-authority-20260912.v4","2026-08-24","fixtures/research/topic_universe_mapping.v1.csv","structural-role-authority:structural-role-authority-20260912.v4","c35c15911c355766dbaa53e76629ae17c84f8d1bbc98e2053b7e87592c0274bc","PENDING_OWNER_REVIEW","PENDING_OWNER_REVIEW","PENDING_OWNER_REVIEW","NONE_RECOVERED","PENDING_OWNER_REVIEW","NOT_FORMAL_UNTIL_OWNER_APPROVAL","FORMAL_CORE_CANDIDATE_ONLY;NO_D001_INCLUDE_OR_IMPORTANCE_INFERENCE"
"20","01227ecd-8f9d-4aa2-ba04-063b7caa8f78","AI伺服器整機／ODM","35edf59b-8f31-4fcc-a914-1c74584ad1da","AI運算與伺服器","TPE","2312","TPE:2312","74c88fdf-4b66-57fe-bdb8-e1963fa9b0a4","owner-topic-membership-20260824.v1","CORE","APPROVED","structural-role-authority-20260912.v4","2026-08-24","2026_NEW_TOPIC_ADDITION","structural-role-authority:structural-role-authority-20260912.v4","c35c15911c355766dbaa53e76629ae17c84f8d1bbc98e2053b7e87592c0274bc","PENDING_OWNER_REVIEW","PENDING_OWNER_REVIEW","PENDING_OWNER_REVIEW","NONE_RECOVERED","PENDING_OWNER_REVIEW","NOT_FORMAL_UNTIL_OWNER_APPROVAL","FORMAL_CORE_CANDIDATE_ONLY;NO_D001_INCLUDE_OR_IMPORTANCE_INFERENCE"
"21","01227ecd-8f9d-4aa2-ba04-063b7caa8f78","AI伺服器整機／ODM","35edf59b-8f31-4fcc-a914-1c74584ad1da","AI運算與伺服器","TPE","2324","TPE:2324","b1a0f888-ffd8-53e9-a348-f5f3bbc30039","owner-topic-membership-20260824.v1","CORE","APPROVED","structural-role-authority-20260912.v4","2026-08-24","fixtures/research/topic_universe_mapping.v1.csv","structural-role-authority:structural-role-authority-20260912.v4","c35c15911c355766dbaa53e76629ae17c84f8d1bbc98e2053b7e87592c0274bc","PENDING_OWNER_REVIEW","PENDING_OWNER_REVIEW","PENDING_OWNER_REVIEW","NONE_RECOVERED","PENDING_OWNER_REVIEW","NOT_FORMAL_UNTIL_OWNER_APPROVAL","FORMAL_CORE_CANDIDATE_ONLY;NO_D001_INCLUDE_OR_IMPORTANCE_INFERENCE"
"22","01227ecd-8f9d-4aa2-ba04-063b7caa8f78","AI伺服器整機／ODM","35edf59b-8f31-4fcc-a914-1c74584ad1da","AI運算與伺服器","TPE","2329","TPE:2329","3e305096-32e7-527d-9163-c4630077df3b","owner-topic-membership-20260824.v1","CORE","APPROVED","structural-role-authority-20260912.v4","2026-08-24","2026_NEW_TOPIC_ADDITION","structural-role-authority:structural-role-authority-20260912.v4","c35c15911c355766dbaa53e76629ae17c84f8d1bbc98e2053b7e87592c0274bc","PENDING_OWNER_REVIEW","PENDING_OWNER_REVIEW","PENDING_OWNER_REVIEW","NONE_RECOVERED","PENDING_OWNER_REVIEW","NOT_FORMAL_UNTIL_OWNER_APPROVAL","FORMAL_CORE_CANDIDATE_ONLY;NO_D001_INCLUDE_OR_IMPORTANCE_INFERENCE"
"23","01227ecd-8f9d-4aa2-ba04-063b7caa8f78","AI伺服器整機／ODM","35edf59b-8f31-4fcc-a914-1c74584ad1da","AI運算與伺服器","TPE","2353","TPE:2353","1799d9eb-2d79-5d8f-b6c7-e52a48491060","owner-topic-membership-20260824.v1","CORE","APPROVED","structural-role-authority-20260912.v4","2026-08-24","2026_REVISED_MARKET_UPDATE","structural-role-authority:structural-role-authority-20260912.v4","c35c15911c355766dbaa53e76629ae17c84f8d1bbc98e2053b7e87592c0274bc","PENDING_OWNER_REVIEW","PENDING_OWNER_REVIEW","PENDING_OWNER_REVIEW","NONE_RECOVERED","PENDING_OWNER_REVIEW","NOT_FORMAL_UNTIL_OWNER_APPROVAL","FORMAL_CORE_CANDIDATE_ONLY;NO_D001_INCLUDE_OR_IMPORTANCE_INFERENCE"
"24","01227ecd-8f9d-4aa2-ba04-063b7caa8f78","AI伺服器整機／ODM","35edf59b-8f31-4fcc-a914-1c74584ad1da","AI運算與伺服器","TPE","2356","TPE:2356","6e242464-73ab-5d52-b38c-9a28068322c4","owner-topic-membership-20260824.v1","CORE","APPROVED","structural-role-authority-20260912.v4","2026-08-24","fixtures/research/topic_universe_mapping.v1.csv","structural-role-authority:structural-role-authority-20260912.v4","c35c15911c355766dbaa53e76629ae17c84f8d1bbc98e2053b7e87592c0274bc","PENDING_OWNER_REVIEW","PENDING_OWNER_REVIEW","PENDING_OWNER_REVIEW","NONE_RECOVERED","PENDING_OWNER_REVIEW","NOT_FORMAL_UNTIL_OWNER_APPROVAL","FORMAL_CORE_CANDIDATE_ONLY;NO_D001_INCLUDE_OR_IMPORTANCE_INFERENCE"
"25","01227ecd-8f9d-4aa2-ba04-063b7caa8f78","AI伺服器整機／ODM","35edf59b-8f31-4fcc-a914-1c74584ad1da","AI運算與伺服器","TPE","2357","TPE:2357","9d21e6a9-d68f-5f3b-9adf-af38b4eb1711","owner-topic-membership-20260824.v1","CORE","APPROVED","structural-role-authority-20260912.v4","2026-08-24","2026_REVISED_MARKET_UPDATE","structural-role-authority:structural-role-authority-20260912.v4","c35c15911c355766dbaa53e76629ae17c84f8d1bbc98e2053b7e87592c0274bc","PENDING_OWNER_REVIEW","PENDING_OWNER_REVIEW","PENDING_OWNER_REVIEW","NONE_RECOVERED","PENDING_OWNER_REVIEW","NOT_FORMAL_UNTIL_OWNER_APPROVAL","FORMAL_CORE_CANDIDATE_ONLY;NO_D001_INCLUDE_OR_IMPORTANCE_INFERENCE"
"26","01227ecd-8f9d-4aa2-ba04-063b7caa8f78","AI伺服器整機／ODM","35edf59b-8f31-4fcc-a914-1c74584ad1da","AI運算與伺服器","TPE","2376","TPE:2376","2fe65bf7-52de-593e-b050-ff09a70eda4c","owner-topic-membership-20260824.v1","CORE","APPROVED","structural-role-authority-20260912.v4","2026-08-24","fixtures/research/topic_universe_mapping.v1.csv","structural-role-authority:structural-role-authority-20260912.v4","c35c15911c355766dbaa53e76629ae17c84f8d1bbc98e2053b7e87592c0274bc","PENDING_OWNER_REVIEW","PENDING_OWNER_REVIEW","PENDING_OWNER_REVIEW","NONE_RECOVERED","PENDING_OWNER_REVIEW","NOT_FORMAL_UNTIL_OWNER_APPROVAL","FORMAL_CORE_CANDIDATE_ONLY;NO_D001_INCLUDE_OR_IMPORTANCE_INFERENCE"
"27","01227ecd-8f9d-4aa2-ba04-063b7caa8f78","AI伺服器整機／ODM","35edf59b-8f31-4fcc-a914-1c74584ad1da","AI運算與伺服器","TPE","2377","TPE:2377","592c957e-0e0a-5d34-879e-30a84deae9ff","owner-topic-membership-20260824.v1","CORE","APPROVED","structural-role-authority-20260912.v4","2026-08-24","2026_REVISED_MARKET_UPDATE","structural-role-authority:structural-role-authority-20260912.v4","c35c15911c355766dbaa53e76629ae17c84f8d1bbc98e2053b7e87592c0274bc","PENDING_OWNER_REVIEW","PENDING_OWNER_REVIEW","PENDING_OWNER_REVIEW","NONE_RECOVERED","PENDING_OWNER_REVIEW","NOT_FORMAL_UNTIL_OWNER_APPROVAL","FORMAL_CORE_CANDIDATE_ONLY;NO_D001_INCLUDE_OR_IMPORTANCE_INFERENCE"
"28","01227ecd-8f9d-4aa2-ba04-063b7caa8f78","AI伺服器整機／ODM","35edf59b-8f31-4fcc-a914-1c74584ad1da","AI運算與伺服器","TPE","2395","TPE:2395","697225ac-c745-5d4e-8411-50f0e3be76d6","owner-topic-membership-20260824.v1","CORE","APPROVED","structural-role-authority-20260912.v4","2026-08-24","2026_NEW_TOPIC_ADDITION","structural-role-authority:structural-role-authority-20260912.v4","c35c15911c355766dbaa53e76629ae17c84f8d1bbc98e2053b7e87592c0274bc","PENDING_OWNER_REVIEW","PENDING_OWNER_REVIEW","PENDING_OWNER_REVIEW","NONE_RECOVERED","PENDING_OWNER_REVIEW","NOT_FORMAL_UNTIL_OWNER_APPROVAL","FORMAL_CORE_CANDIDATE_ONLY;NO_D001_INCLUDE_OR_IMPORTANCE_INFERENCE"
"29","01227ecd-8f9d-4aa2-ba04-063b7caa8f78","AI伺服器整機／ODM","35edf59b-8f31-4fcc-a914-1c74584ad1da","AI運算與伺服器","TPE","2465","TPE:2465","ab83dc72-7afe-51ae-bc85-16081ec73bf6","owner-topic-membership-20260824.v1","CORE","APPROVED","structural-role-authority-20260912.v4","2026-08-24","fixtures/research/topic_universe_mapping.v1.csv","structural-role-authority:structural-role-authority-20260912.v4","c35c15911c355766dbaa53e76629ae17c84f8d1bbc98e2053b7e87592c0274bc","PENDING_OWNER_REVIEW","PENDING_OWNER_REVIEW","PENDING_OWNER_REVIEW","NONE_RECOVERED","PENDING_OWNER_REVIEW","NOT_FORMAL_UNTIL_OWNER_APPROVAL","FORMAL_CORE_CANDIDATE_ONLY;NO_D001_INCLUDE_OR_IMPORTANCE_INFERENCE"
"30","01227ecd-8f9d-4aa2-ba04-063b7caa8f78","AI伺服器整機／ODM","35edf59b-8f31-4fcc-a914-1c74584ad1da","AI運算與伺服器","TPE","3706","TPE:3706","0334b053-1196-5e1a-a372-e8c74d836a95","owner-topic-membership-20260824.v1","CORE","APPROVED","structural-role-authority-20260912.v4","2026-08-24","fixtures/research/topic_universe_mapping.v1.csv","structural-role-authority:structural-role-authority-20260912.v4","c35c15911c355766dbaa53e76629ae17c84f8d1bbc98e2053b7e87592c0274bc","PENDING_OWNER_REVIEW","PENDING_OWNER_REVIEW","PENDING_OWNER_REVIEW","NONE_RECOVERED","PENDING_OWNER_REVIEW","NOT_FORMAL_UNTIL_OWNER_APPROVAL","FORMAL_CORE_CANDIDATE_ONLY;NO_D001_INCLUDE_OR_IMPORTANCE_INFERENCE"
"31","01227ecd-8f9d-4aa2-ba04-063b7caa8f78","AI伺服器整機／ODM","35edf59b-8f31-4fcc-a914-1c74584ad1da","AI運算與伺服器","TPE","4938","TPE:4938","48c6a085-efb4-5290-ab07-1f6aa2a4e180","owner-topic-membership-20260824.v1","CORE","APPROVED","structural-role-authority-20260912.v4","2026-08-24","fixtures/research/topic_universe_mapping.v1.csv","structural-role-authority:structural-role-authority-20260912.v4","c35c15911c355766dbaa53e76629ae17c84f8d1bbc98e2053b7e87592c0274bc","PENDING_OWNER_REVIEW","PENDING_OWNER_REVIEW","PENDING_OWNER_REVIEW","NONE_RECOVERED","PENDING_OWNER_REVIEW","NOT_FORMAL_UNTIL_OWNER_APPROVAL","FORMAL_CORE_CANDIDATE_ONLY;NO_D001_INCLUDE_OR_IMPORTANCE_INFERENCE"
"32","01227ecd-8f9d-4aa2-ba04-063b7caa8f78","AI伺服器整機／ODM","35edf59b-8f31-4fcc-a914-1c74584ad1da","AI運算與伺服器","TPE","6414","TPE:6414","df75fa22-6e4a-59ca-92d2-b70b59c16f4d","owner-topic-membership-20260824.v1","CORE","APPROVED","structural-role-authority-20260912.v4","2026-08-24","2026_NEW_TOPIC_ADDITION","structural-role-authority:structural-role-authority-20260912.v4","c35c15911c355766dbaa53e76629ae17c84f8d1bbc98e2053b7e87592c0274bc","PENDING_OWNER_REVIEW","PENDING_OWNER_REVIEW","PENDING_OWNER_REVIEW","NONE_RECOVERED","PENDING_OWNER_REVIEW","NOT_FORMAL_UNTIL_OWNER_APPROVAL","FORMAL_CORE_CANDIDATE_ONLY;NO_D001_INCLUDE_OR_IMPORTANCE_INFERENCE"
"33","0a593f05-32f4-479d-96ab-2d68e1df5762","AI電力基建","f62b81df-1eeb-4218-863e-896244023e28","電力與能源","TPE","1503","TPE:1503","33d65a77-f82d-5e8b-b856-d0ffec3a5f07","owner-topic-membership-20260824.v1","CORE","APPROVED","structural-role-authority-20260912.v4","2026-08-24","2026_REVISED_MARKET_UPDATE","structural-role-authority:structural-role-authority-20260912.v4","c35c15911c355766dbaa53e76629ae17c84f8d1bbc98e2053b7e87592c0274bc","PENDING_OWNER_REVIEW","PENDING_OWNER_REVIEW","PENDING_OWNER_REVIEW","NONE_RECOVERED","PENDING_OWNER_REVIEW","NOT_FORMAL_UNTIL_OWNER_APPROVAL","FORMAL_CORE_CANDIDATE_ONLY;NO_D001_INCLUDE_OR_IMPORTANCE_INFERENCE"
"34","0a593f05-32f4-479d-96ab-2d68e1df5762","AI電力基建","f62b81df-1eeb-4218-863e-896244023e28","電力與能源","TPE","1504","TPE:1504","85e9e419-72ef-57bc-8174-393ead6eadda","owner-topic-membership-20260824.v1","CORE","APPROVED","structural-role-authority-20260912.v4","2026-08-24","2026_REVISED_MARKET_UPDATE","structural-role-authority:structural-role-authority-20260912.v4","c35c15911c355766dbaa53e76629ae17c84f8d1bbc98e2053b7e87592c0274bc","PENDING_OWNER_REVIEW","PENDING_OWNER_REVIEW","PENDING_OWNER_REVIEW","NONE_RECOVERED","PENDING_OWNER_REVIEW","NOT_FORMAL_UNTIL_OWNER_APPROVAL","FORMAL_CORE_CANDIDATE_ONLY;NO_D001_INCLUDE_OR_IMPORTANCE_INFERENCE"
"35","0a593f05-32f4-479d-96ab-2d68e1df5762","AI電力基建","f62b81df-1eeb-4218-863e-896244023e28","電力與能源","TPE","1513","TPE:1513","c6124b59-0692-5613-aad2-19052b4befdf","owner-topic-membership-20260824.v1","CORE","APPROVED","structural-role-authority-20260912.v4","2026-08-24","2026_REVISED_MARKET_UPDATE","structural-role-authority:structural-role-authority-20260912.v4","c35c15911c355766dbaa53e76629ae17c84f8d1bbc98e2053b7e87592c0274bc","PENDING_OWNER_REVIEW","PENDING_OWNER_REVIEW","PENDING_OWNER_REVIEW","NONE_RECOVERED","PENDING_OWNER_REVIEW","NOT_FORMAL_UNTIL_OWNER_APPROVAL","FORMAL_CORE_CANDIDATE_ONLY;NO_D001_INCLUDE_OR_IMPORTANCE_INFERENCE"
"36","0a593f05-32f4-479d-96ab-2d68e1df5762","AI電力基建","f62b81df-1eeb-4218-863e-896244023e28","電力與能源","TPE","1514","TPE:1514","9f43aead-0260-5157-9bcc-87406f0605c6","owner-topic-membership-20260824.v1","CORE","APPROVED","structural-role-authority-20260912.v4","2026-08-24","2026_REVISED_MARKET_UPDATE","structural-role-authority:structural-role-authority-20260912.v4","c35c15911c355766dbaa53e76629ae17c84f8d1bbc98e2053b7e87592c0274bc","PENDING_OWNER_REVIEW","PENDING_OWNER_REVIEW","PENDING_OWNER_REVIEW","NONE_RECOVERED","PENDING_OWNER_REVIEW","NOT_FORMAL_UNTIL_OWNER_APPROVAL","FORMAL_CORE_CANDIDATE_ONLY;NO_D001_INCLUDE_OR_IMPORTANCE_INFERENCE"
"37","0a593f05-32f4-479d-96ab-2d68e1df5762","AI電力基建","f62b81df-1eeb-4218-863e-896244023e28","電力與能源","TPE","1605","TPE:1605","329bead1-9803-56d3-852e-a1ba8772a2f0","owner-topic-membership-20260824.v1","CORE","APPROVED","structural-role-authority-20260912.v4","2026-08-24","2026_NEW_TOPIC_ADDITION","structural-role-authority:structural-role-authority-20260912.v4","c35c15911c355766dbaa53e76629ae17c84f8d1bbc98e2053b7e87592c0274bc","PENDING_OWNER_REVIEW","PENDING_OWNER_REVIEW","PENDING_OWNER_REVIEW","NONE_RECOVERED","PENDING_OWNER_REVIEW","NOT_FORMAL_UNTIL_OWNER_APPROVAL","FORMAL_CORE_CANDIDATE_ONLY;NO_D001_INCLUDE_OR_IMPORTANCE_INFERENCE"
"38","0a593f05-32f4-479d-96ab-2d68e1df5762","AI電力基建","f62b81df-1eeb-4218-863e-896244023e28","電力與能源","TPE","1609","TPE:1609","4067d08a-27f2-577d-ac45-12d430788aa9","owner-topic-membership-20260824.v1","CORE","APPROVED","structural-role-authority-20260912.v4","2026-08-24","2026_REVISED_MARKET_UPDATE","structural-role-authority:structural-role-authority-20260912.v4","c35c15911c355766dbaa53e76629ae17c84f8d1bbc98e2053b7e87592c0274bc","PENDING_OWNER_REVIEW","PENDING_OWNER_REVIEW","PENDING_OWNER_REVIEW","NONE_RECOVERED","PENDING_OWNER_REVIEW","NOT_FORMAL_UNTIL_OWNER_APPROVAL","FORMAL_CORE_CANDIDATE_ONLY;NO_D001_INCLUDE_OR_IMPORTANCE_INFERENCE"
"39","0a593f05-32f4-479d-96ab-2d68e1df5762","AI電力基建","f62b81df-1eeb-4218-863e-896244023e28","電力與能源","TPE","2301","TPE:2301","c09940e3-e50e-59b5-be5b-9d1251939686","owner-topic-membership-20260824.v1","CORE","APPROVED","structural-role-authority-20260912.v4","2026-08-24","fixtures/research/topic_universe_mapping.v1.csv","structural-role-authority:structural-role-authority-20260912.v4","c35c15911c355766dbaa53e76629ae17c84f8d1bbc98e2053b7e87592c0274bc","PENDING_OWNER_REVIEW","PENDING_OWNER_REVIEW","PENDING_OWNER_REVIEW","NONE_RECOVERED","PENDING_OWNER_REVIEW","NOT_FORMAL_UNTIL_OWNER_APPROVAL","FORMAL_CORE_CANDIDATE_ONLY;NO_D001_INCLUDE_OR_IMPORTANCE_INFERENCE"
"40","0a593f05-32f4-479d-96ab-2d68e1df5762","AI電力基建","f62b81df-1eeb-4218-863e-896244023e28","電力與能源","TPE","2371","TPE:2371","4e7a34ff-0085-584f-b7d5-46769a15dc0a","owner-topic-membership-20260824.v1","CORE","APPROVED","structural-role-authority-20260912.v4","2026-08-24","2026_NEW_TOPIC_ADDITION","structural-role-authority:structural-role-authority-20260912.v4","c35c15911c355766dbaa53e76629ae17c84f8d1bbc98e2053b7e87592c0274bc","PENDING_OWNER_REVIEW","PENDING_OWNER_REVIEW","PENDING_OWNER_REVIEW","NONE_RECOVERED","PENDING_OWNER_REVIEW","NOT_FORMAL_UNTIL_OWNER_APPROVAL","FORMAL_CORE_CANDIDATE_ONLY;NO_D001_INCLUDE_OR_IMPORTANCE_INFERENCE"
"41","0a593f05-32f4-479d-96ab-2d68e1df5762","AI電力基建","f62b81df-1eeb-4218-863e-896244023e28","電力與能源","TPE","3015","TPE:3015","3ebb2007-b16d-5be6-8d62-f1072b394d30","owner-topic-membership-20260824.v1","CORE","APPROVED","structural-role-authority-20260912.v4","2026-08-24","fixtures/research/topic_universe_mapping.v1.csv","structural-role-authority:structural-role-authority-20260912.v4","c35c15911c355766dbaa53e76629ae17c84f8d1bbc98e2053b7e87592c0274bc","PENDING_OWNER_REVIEW","PENDING_OWNER_REVIEW","PENDING_OWNER_REVIEW","NONE_RECOVERED","PENDING_OWNER_REVIEW","NOT_FORMAL_UNTIL_OWNER_APPROVAL","FORMAL_CORE_CANDIDATE_ONLY;NO_D001_INCLUDE_OR_IMPORTANCE_INFERENCE"
"42","0a593f05-32f4-479d-96ab-2d68e1df5762","AI電力基建","f62b81df-1eeb-4218-863e-896244023e28","電力與能源","TPE","3617","TPE:3617","e4ad7d6a-c8bf-5f51-896a-c8377d01a7ab","owner-topic-membership-20260824.v1","CORE","APPROVED","structural-role-authority-20260912.v4","2026-08-24","2026_NEW_TOPIC_ADDITION","structural-role-authority:structural-role-authority-20260912.v4","c35c15911c355766dbaa53e76629ae17c84f8d1bbc98e2053b7e87592c0274bc","PENDING_OWNER_REVIEW","PENDING_OWNER_REVIEW","PENDING_OWNER_REVIEW","NONE_RECOVERED","PENDING_OWNER_REVIEW","NOT_FORMAL_UNTIL_OWNER_APPROVAL","FORMAL_CORE_CANDIDATE_ONLY;NO_D001_INCLUDE_OR_IMPORTANCE_INFERENCE"
"43","0a593f05-32f4-479d-96ab-2d68e1df5762","AI電力基建","f62b81df-1eeb-4218-863e-896244023e28","電力與能源","TPE","6282","TPE:6282","438bac0f-e370-57e5-8e26-20c05480ed63","owner-topic-membership-20260824.v1","CORE","APPROVED","structural-role-authority-20260912.v4","2026-08-24","2026_REVISED_MARKET_UPDATE","structural-role-authority:structural-role-authority-20260912.v4","c35c15911c355766dbaa53e76629ae17c84f8d1bbc98e2053b7e87592c0274bc","PENDING_OWNER_REVIEW","PENDING_OWNER_REVIEW","PENDING_OWNER_REVIEW","NONE_RECOVERED","PENDING_OWNER_REVIEW","NOT_FORMAL_UNTIL_OWNER_APPROVAL","FORMAL_CORE_CANDIDATE_ONLY;NO_D001_INCLUDE_OR_IMPORTANCE_INFERENCE"
"44","0a593f05-32f4-479d-96ab-2d68e1df5762","AI電力基建","f62b81df-1eeb-4218-863e-896244023e28","電力與能源","TPE","7788","TPE:7788","2cf10be8-9e6b-50a7-89be-48570cd6c210","owner-topic-membership-20260824.v1","CORE","APPROVED","structural-role-authority-20260912.v4","2026-08-24","2026_REVISED_MARKET_UPDATE","structural-role-authority:structural-role-authority-20260912.v4","c35c15911c355766dbaa53e76629ae17c84f8d1bbc98e2053b7e87592c0274bc","PENDING_OWNER_REVIEW","PENDING_OWNER_REVIEW","PENDING_OWNER_REVIEW","NONE_RECOVERED","PENDING_OWNER_REVIEW","NOT_FORMAL_UNTIL_OWNER_APPROVAL","FORMAL_CORE_CANDIDATE_ONLY;NO_D001_INCLUDE_OR_IMPORTANCE_INFERENCE"
"45","0a593f05-32f4-479d-96ab-2d68e1df5762","AI電力基建","f62b81df-1eeb-4218-863e-896244023e28","電力與能源","TWO","5483","TWO:5483","e4b0c589-17c8-5f39-8c1e-78f83fe71eac","owner-topic-membership-20260824.v1","CORE","APPROVED","structural-role-authority-20260912.v4","2026-08-24","2026_REVISED_MARKET_UPDATE","structural-role-authority:structural-role-authority-20260912.v4","c35c15911c355766dbaa53e76629ae17c84f8d1bbc98e2053b7e87592c0274bc","PENDING_OWNER_REVIEW","PENDING_OWNER_REVIEW","PENDING_OWNER_REVIEW","NONE_RECOVERED","PENDING_OWNER_REVIEW","NOT_FORMAL_UNTIL_OWNER_APPROVAL","FORMAL_CORE_CANDIDATE_ONLY;NO_D001_INCLUDE_OR_IMPORTANCE_INFERENCE"
"46","0a593f05-32f4-479d-96ab-2d68e1df5762","AI電力基建","f62b81df-1eeb-4218-863e-896244023e28","電力與能源","TWO","6179","TWO:6179","9b38daa9-683d-5e50-bcb4-f4008714a6ee","owner-topic-membership-20260824.v1","CORE","APPROVED","structural-role-authority-20260912.v4","2026-08-24","fixtures/research/topic_universe_mapping.v1.csv","structural-role-authority:structural-role-authority-20260912.v4","c35c15911c355766dbaa53e76629ae17c84f8d1bbc98e2053b7e87592c0274bc","PENDING_OWNER_REVIEW","PENDING_OWNER_REVIEW","PENDING_OWNER_REVIEW","NONE_RECOVERED","PENDING_OWNER_REVIEW","NOT_FORMAL_UNTIL_OWNER_APPROVAL","FORMAL_CORE_CANDIDATE_ONLY;NO_D001_INCLUDE_OR_IMPORTANCE_INFERENCE"
"47","6d1ef16c-6fea-439c-947b-648eb6ce2b16","AI影像辨識","ebcfa5ce-aa87-45cb-b2c7-fd6a12e65ef5","AI視覺","TPE","3022","TPE:3022","70d70bb4-d8ee-5d16-bc34-0ea9d1217f0a","owner-topic-membership-20260824.v1","CORE","APPROVED","structural-role-authority-20260912.v4","2026-08-24","fixtures/research/topic_universe_mapping.v1.csv","structural-role-authority:structural-role-authority-20260912.v4","c35c15911c355766dbaa53e76629ae17c84f8d1bbc98e2053b7e87592c0274bc","PENDING_OWNER_REVIEW","PENDING_OWNER_REVIEW","PENDING_OWNER_REVIEW","NONE_RECOVERED","PENDING_OWNER_REVIEW","NOT_FORMAL_UNTIL_OWNER_APPROVAL","FORMAL_CORE_CANDIDATE_ONLY;NO_D001_INCLUDE_OR_IMPORTANCE_INFERENCE"
"48","6d1ef16c-6fea-439c-947b-648eb6ce2b16","AI影像辨識","ebcfa5ce-aa87-45cb-b2c7-fd6a12e65ef5","AI視覺","TPE","4585","TPE:4585","d126b7bb-052a-5df4-98fa-e23fb632d3e0","owner-topic-membership-20260824.v1","CORE","APPROVED","structural-role-authority-20260912.v4","2026-08-24","2026_NEW_TOPIC_ADDITION","structural-role-authority:structural-role-authority-20260912.v4","c35c15911c355766dbaa53e76629ae17c84f8d1bbc98e2053b7e87592c0274bc","PENDING_OWNER_REVIEW","PENDING_OWNER_REVIEW","PENDING_OWNER_REVIEW","NONE_RECOVERED","PENDING_OWNER_REVIEW","NOT_FORMAL_UNTIL_OWNER_APPROVAL","FORMAL_CORE_CANDIDATE_ONLY;NO_D001_INCLUDE_OR_IMPORTANCE_INFERENCE"
"49","6d1ef16c-6fea-439c-947b-648eb6ce2b16","AI影像辨識","ebcfa5ce-aa87-45cb-b2c7-fd6a12e65ef5","AI視覺","TPE","6695","TPE:6695","f33f4251-a4ef-5a36-a2b0-0c5e568c19c3","owner-topic-membership-20260824.v1","CORE","APPROVED","structural-role-authority-20260912.v4","2026-08-24","fixtures/research/topic_universe_mapping.v1.csv","structural-role-authority:structural-role-authority-20260912.v4","c35c15911c355766dbaa53e76629ae17c84f8d1bbc98e2053b7e87592c0274bc","PENDING_OWNER_REVIEW","PENDING_OWNER_REVIEW","PENDING_OWNER_REVIEW","NONE_RECOVERED","PENDING_OWNER_REVIEW","NOT_FORMAL_UNTIL_OWNER_APPROVAL","FORMAL_CORE_CANDIDATE_ONLY;NO_D001_INCLUDE_OR_IMPORTANCE_INFERENCE"
"50","6d1ef16c-6fea-439c-947b-648eb6ce2b16","AI影像辨識","ebcfa5ce-aa87-45cb-b2c7-fd6a12e65ef5","AI視覺","TPE","8374","TPE:8374","823f9e1d-2e21-5b7d-93e5-8b2f779f261c","owner-topic-membership-20260824.v1","CORE","APPROVED","structural-role-authority-20260912.v4","2026-08-24","2026_NEW_TOPIC_ADDITION","structural-role-authority:structural-role-authority-20260912.v4","c35c15911c355766dbaa53e76629ae17c84f8d1bbc98e2053b7e87592c0274bc","PENDING_OWNER_REVIEW","PENDING_OWNER_REVIEW","PENDING_OWNER_REVIEW","NONE_RECOVERED","PENDING_OWNER_REVIEW","NOT_FORMAL_UNTIL_OWNER_APPROVAL","FORMAL_CORE_CANDIDATE_ONLY;NO_D001_INCLUDE_OR_IMPORTANCE_INFERENCE"
"51","6d1ef16c-6fea-439c-947b-648eb6ce2b16","AI影像辨識","ebcfa5ce-aa87-45cb-b2c7-fd6a12e65ef5","AI視覺","TWO","6870","TWO:6870","89431e47-e112-526a-92de-f5ccd3f8ad1c","owner-topic-membership-20260824.v1","CORE","APPROVED","structural-role-authority-20260912.v4","2026-08-24","fixtures/research/topic_universe_mapping.v1.csv","structural-role-authority:structural-role-authority-20260912.v4","c35c15911c355766dbaa53e76629ae17c84f8d1bbc98e2053b7e87592c0274bc","PENDING_OWNER_REVIEW","PENDING_OWNER_REVIEW","PENDING_OWNER_REVIEW","NONE_RECOVERED","PENDING_OWNER_REVIEW","NOT_FORMAL_UNTIL_OWNER_APPROVAL","FORMAL_CORE_CANDIDATE_ONLY;NO_D001_INCLUDE_OR_IMPORTANCE_INFERENCE"
"52","6d1ef16c-6fea-439c-947b-648eb6ce2b16","AI影像辨識","ebcfa5ce-aa87-45cb-b2c7-fd6a12e65ef5","AI視覺","TWO","7402","TWO:7402","3dc1639c-db54-59e3-8ab2-913c058c2fb0","owner-topic-membership-20260824.v1","CORE","APPROVED","structural-role-authority-20260912.v4","2026-08-24","2026_NEW_TOPIC_ADDITION","structural-role-authority:structural-role-authority-20260912.v4","c35c15911c355766dbaa53e76629ae17c84f8d1bbc98e2053b7e87592c0274bc","PENDING_OWNER_REVIEW","PENDING_OWNER_REVIEW","PENDING_OWNER_REVIEW","NONE_RECOVERED","PENDING_OWNER_REVIEW","NOT_FORMAL_UNTIL_OWNER_APPROVAL","FORMAL_CORE_CANDIDATE_ONLY;NO_D001_INCLUDE_OR_IMPORTANCE_INFERENCE"
"53","545b2b47-cb7e-4a0a-a247-8bcd7efe528f","ASIC","2de6b3e1-1c53-4f84-bbd7-7b3b04745aa6","IC設計","TPE","2454","TPE:2454","6578ff63-8b8a-5d12-a176-27ebd2b06af7","owner-topic-membership-20260824.v1","CORE","APPROVED","structural-role-authority-20260912.v4","2026-08-24","2026_REVISED_MARKET_UPDATE","structural-role-authority:structural-role-authority-20260912.v4","c35c15911c355766dbaa53e76629ae17c84f8d1bbc98e2053b7e87592c0274bc","PENDING_OWNER_REVIEW","PENDING_OWNER_REVIEW","PENDING_OWNER_REVIEW","NONE_RECOVERED","PENDING_OWNER_REVIEW","NOT_FORMAL_UNTIL_OWNER_APPROVAL","FORMAL_CORE_CANDIDATE_ONLY;NO_D001_INCLUDE_OR_IMPORTANCE_INFERENCE"
"54","545b2b47-cb7e-4a0a-a247-8bcd7efe528f","ASIC","2de6b3e1-1c53-4f84-bbd7-7b3b04745aa6","IC設計","TPE","3034","TPE:3034","2a652832-d88c-577d-a3bb-f05b370f191c","owner-topic-membership-20260824.v1","CORE","APPROVED","structural-role-authority-20260912.v4","2026-08-24","2026_REVISED_MARKET_UPDATE","structural-role-authority:structural-role-authority-20260912.v4","c35c15911c355766dbaa53e76629ae17c84f8d1bbc98e2053b7e87592c0274bc","PENDING_OWNER_REVIEW","PENDING_OWNER_REVIEW","PENDING_OWNER_REVIEW","NONE_RECOVERED","PENDING_OWNER_REVIEW","NOT_FORMAL_UNTIL_OWNER_APPROVAL","FORMAL_CORE_CANDIDATE_ONLY;NO_D001_INCLUDE_OR_IMPORTANCE_INFERENCE"
"55","545b2b47-cb7e-4a0a-a247-8bcd7efe528f","ASIC","2de6b3e1-1c53-4f84-bbd7-7b3b04745aa6","IC設計","TWO","8227","TWO:8227","bf7df25c-1fc8-572f-ad8f-8b89edd946c6","owner-topic-membership-20260824.v1","CORE","APPROVED","structural-role-authority-20260912.v4","2026-08-24","2026_NEW_TOPIC_ADDITION","structural-role-authority:structural-role-authority-20260912.v4","c35c15911c355766dbaa53e76629ae17c84f8d1bbc98e2053b7e87592c0274bc","PENDING_OWNER_REVIEW","PENDING_OWNER_REVIEW","PENDING_OWNER_REVIEW","NONE_RECOVERED","PENDING_OWNER_REVIEW","NOT_FORMAL_UNTIL_OWNER_APPROVAL","FORMAL_CORE_CANDIDATE_ONLY;NO_D001_INCLUDE_OR_IMPORTANCE_INFERENCE"
"56","7f61260e-df11-4f65-a228-c84487a1187a","BBU","35edf59b-8f31-4fcc-a914-1c74584ad1da","AI運算與伺服器","TPE","2301","TPE:2301","90ff513c-c70f-5e03-bbcf-4b3d6b6e6d56","owner-topic-membership-20260824.v1","CORE","APPROVED","structural-role-authority-20260912.v4","2026-08-24","2026_REVISED_MARKET_UPDATE","structural-role-authority:structural-role-authority-20260912.v4","c35c15911c355766dbaa53e76629ae17c84f8d1bbc98e2053b7e87592c0274bc","PENDING_OWNER_REVIEW","PENDING_OWNER_REVIEW","PENDING_OWNER_REVIEW","NONE_RECOVERED","PENDING_OWNER_REVIEW","NOT_FORMAL_UNTIL_OWNER_APPROVAL","FORMAL_CORE_CANDIDATE_ONLY;NO_D001_INCLUDE_OR_IMPORTANCE_INFERENCE"
"57","7f61260e-df11-4f65-a228-c84487a1187a","BBU","35edf59b-8f31-4fcc-a914-1c74584ad1da","AI運算與伺服器","TPE","2308","TPE:2308","da839a8b-b5dc-56a2-894a-2167324f9c6e","owner-topic-membership-20260824.v1","CORE","APPROVED","structural-role-authority-20260912.v4","2026-08-24","2026_REVISED_MARKET_UPDATE","structural-role-authority:structural-role-authority-20260912.v4","c35c15911c355766dbaa53e76629ae17c84f8d1bbc98e2053b7e87592c0274bc","PENDING_OWNER_REVIEW","PENDING_OWNER_REVIEW","PENDING_OWNER_REVIEW","NONE_RECOVERED","PENDING_OWNER_REVIEW","NOT_FORMAL_UNTIL_OWNER_APPROVAL","FORMAL_CORE_CANDIDATE_ONLY;NO_D001_INCLUDE_OR_IMPORTANCE_INFERENCE"
"58","7f61260e-df11-4f65-a228-c84487a1187a","BBU","35edf59b-8f31-4fcc-a914-1c74584ad1da","AI運算與伺服器","TPE","2317","TPE:2317","acdde61f-5cb1-5dae-b5a6-e7893ce485ea","owner-topic-membership-20260824.v1","CORE","APPROVED","structural-role-authority-20260912.v4","2026-08-24","2026_NEW_TOPIC_ADDITION","structural-role-authority:structural-role-authority-20260912.v4","c35c15911c355766dbaa53e76629ae17c84f8d1bbc98e2053b7e87592c0274bc","PENDING_OWNER_REVIEW","PENDING_OWNER_REVIEW","PENDING_OWNER_REVIEW","NONE_RECOVERED","PENDING_OWNER_REVIEW","NOT_FORMAL_UNTIL_OWNER_APPROVAL","FORMAL_CORE_CANDIDATE_ONLY;NO_D001_INCLUDE_OR_IMPORTANCE_INFERENCE"
"59","7f61260e-df11-4f65-a228-c84487a1187a","BBU","35edf59b-8f31-4fcc-a914-1c74584ad1da","AI運算與伺服器","TPE","8104","TPE:8104","99229cd4-2faa-5652-9fe4-b31c0301b5f1","owner-topic-membership-20260824.v1","CORE","APPROVED","structural-role-authority-20260912.v4","2026-08-24","2026_NEW_TOPIC_ADDITION","structural-role-authority:structural-role-authority-20260912.v4","c35c15911c355766dbaa53e76629ae17c84f8d1bbc98e2053b7e87592c0274bc","PENDING_OWNER_REVIEW","PENDING_OWNER_REVIEW","PENDING_OWNER_REVIEW","NONE_RECOVERED","PENDING_OWNER_REVIEW","NOT_FORMAL_UNTIL_OWNER_APPROVAL","FORMAL_CORE_CANDIDATE_ONLY;NO_D001_INCLUDE_OR_IMPORTANCE_INFERENCE"
"60","7f61260e-df11-4f65-a228-c84487a1187a","BBU","35edf59b-8f31-4fcc-a914-1c74584ad1da","AI運算與伺服器","TWO","5309","TWO:5309","941aa695-9fd8-5728-9a1b-408baef8709b","owner-topic-membership-20260824.v1","CORE","APPROVED","structural-role-authority-20260912.v4","2026-08-24","2026_NEW_TOPIC_ADDITION","structural-role-authority:structural-role-authority-20260912.v4","c35c15911c355766dbaa53e76629ae17c84f8d1bbc98e2053b7e87592c0274bc","PENDING_OWNER_REVIEW","PENDING_OWNER_REVIEW","PENDING_OWNER_REVIEW","NONE_RECOVERED","PENDING_OWNER_REVIEW","NOT_FORMAL_UNTIL_OWNER_APPROVAL","FORMAL_CORE_CANDIDATE_ONLY;NO_D001_INCLUDE_OR_IMPORTANCE_INFERENCE"
"61","72007ae6-e8ef-4f72-a98a-e0df64191f1c","Chiplet","feb717be-0f98-4d14-beec-8e03a32ac267","封裝測試","TPE","2449","TPE:2449","23d36692-fc15-5829-bf52-9185c6aece55","owner-topic-membership-20260824.v1","CORE","APPROVED","structural-role-authority-20260912.v4","2026-08-24","fixtures/research/topic_universe_mapping.v1.csv","structural-role-authority:structural-role-authority-20260912.v4","c35c15911c355766dbaa53e76629ae17c84f8d1bbc98e2053b7e87592c0274bc","PENDING_OWNER_REVIEW","PENDING_OWNER_REVIEW","PENDING_OWNER_REVIEW","NONE_RECOVERED","PENDING_OWNER_REVIEW","NOT_FORMAL_UNTIL_OWNER_APPROVAL","FORMAL_CORE_CANDIDATE_ONLY;NO_D001_INCLUDE_OR_IMPORTANCE_INFERENCE"
"62","72007ae6-e8ef-4f72-a98a-e0df64191f1c","Chiplet","feb717be-0f98-4d14-beec-8e03a32ac267","封裝測試","TPE","2467","TPE:2467","128e92d9-272f-592e-aad1-36ae5dbda050","owner-topic-membership-20260824.v1","CORE","APPROVED","structural-role-authority-20260912.v4","2026-08-24","2026_REVISED_MARKET_UPDATE","structural-role-authority:structural-role-authority-20260912.v4","c35c15911c355766dbaa53e76629ae17c84f8d1bbc98e2053b7e87592c0274bc","PENDING_OWNER_REVIEW","PENDING_OWNER_REVIEW","PENDING_OWNER_REVIEW","NONE_RECOVERED","PENDING_OWNER_REVIEW","NOT_FORMAL_UNTIL_OWNER_APPROVAL","FORMAL_CORE_CANDIDATE_ONLY;NO_D001_INCLUDE_OR_IMPORTANCE_INFERENCE"
"63","72007ae6-e8ef-4f72-a98a-e0df64191f1c","Chiplet","feb717be-0f98-4d14-beec-8e03a32ac267","封裝測試","TPE","3037","TPE:3037","c54c3c3e-ebc6-58b8-ad8d-4c9b29f659d9","owner-topic-membership-20260824.v1","CORE","APPROVED","structural-role-authority-20260912.v4","2026-08-24","fixtures/research/topic_universe_mapping.v1.csv","structural-role-authority:structural-role-authority-20260912.v4","c35c15911c355766dbaa53e76629ae17c84f8d1bbc98e2053b7e87592c0274bc","PENDING_OWNER_REVIEW","PENDING_OWNER_REVIEW","PENDING_OWNER_REVIEW","NONE_RECOVERED","PENDING_OWNER_REVIEW","NOT_FORMAL_UNTIL_OWNER_APPROVAL","FORMAL_CORE_CANDIDATE_ONLY;NO_D001_INCLUDE_OR_IMPORTANCE_INFERENCE"
"64","72007ae6-e8ef-4f72-a98a-e0df64191f1c","Chiplet","feb717be-0f98-4d14-beec-8e03a32ac267","封裝測試","TPE","3189","TPE:3189","41953c1c-e45f-537c-a95b-7caaeb5c4efa","owner-topic-membership-20260824.v1","CORE","APPROVED","structural-role-authority-20260912.v4","2026-08-24","fixtures/research/topic_universe_mapping.v1.csv","structural-role-authority:structural-role-authority-20260912.v4","c35c15911c355766dbaa53e76629ae17c84f8d1bbc98e2053b7e87592c0274bc","PENDING_OWNER_REVIEW","PENDING_OWNER_REVIEW","PENDING_OWNER_REVIEW","NONE_RECOVERED","PENDING_OWNER_REVIEW","NOT_FORMAL_UNTIL_OWNER_APPROVAL","FORMAL_CORE_CANDIDATE_ONLY;NO_D001_INCLUDE_OR_IMPORTANCE_INFERENCE"
"65","72007ae6-e8ef-4f72-a98a-e0df64191f1c","Chiplet","feb717be-0f98-4d14-beec-8e03a32ac267","封裝測試","TPE","3661","TPE:3661","e7bced2c-f1e2-5f3a-9995-369dd6f9b3fa","owner-topic-membership-20260824.v1","CORE","APPROVED","structural-role-authority-20260912.v4","2026-08-24","2026_NEW_TOPIC_ADDITION","structural-role-authority:structural-role-authority-20260912.v4","c35c15911c355766dbaa53e76629ae17c84f8d1bbc98e2053b7e87592c0274bc","PENDING_OWNER_REVIEW","PENDING_OWNER_REVIEW","PENDING_OWNER_REVIEW","NONE_RECOVERED","PENDING_OWNER_REVIEW","NOT_FORMAL_UNTIL_OWNER_APPROVAL","FORMAL_CORE_CANDIDATE_ONLY;NO_D001_INCLUDE_OR_IMPORTANCE_INFERENCE"
"66","72007ae6-e8ef-4f72-a98a-e0df64191f1c","Chiplet","feb717be-0f98-4d14-beec-8e03a32ac267","封裝測試","TPE","4958","TPE:4958","9377225b-c967-5002-b23a-1be31652b88c","owner-topic-membership-20260824.v1","CORE","APPROVED","structural-role-authority-20260912.v4","2026-08-24","2026_NEW_TOPIC_ADDITION","structural-role-authority:structural-role-authority-20260912.v4","c35c15911c355766dbaa53e76629ae17c84f8d1bbc98e2053b7e87592c0274bc","PENDING_OWNER_REVIEW","PENDING_OWNER_REVIEW","PENDING_OWNER_REVIEW","NONE_RECOVERED","PENDING_OWNER_REVIEW","NOT_FORMAL_UNTIL_OWNER_APPROVAL","FORMAL_CORE_CANDIDATE_ONLY;NO_D001_INCLUDE_OR_IMPORTANCE_INFERENCE"
"67","72007ae6-e8ef-4f72-a98a-e0df64191f1c","Chiplet","feb717be-0f98-4d14-beec-8e03a32ac267","封裝測試","TPE","6239","TPE:6239","2d604c0e-dfb0-5d75-90b8-d9752cd177e6","owner-topic-membership-20260824.v1","CORE","APPROVED","structural-role-authority-20260912.v4","2026-08-24","fixtures/research/topic_universe_mapping.v1.csv","structural-role-authority:structural-role-authority-20260912.v4","c35c15911c355766dbaa53e76629ae17c84f8d1bbc98e2053b7e87592c0274bc","PENDING_OWNER_REVIEW","PENDING_OWNER_REVIEW","PENDING_OWNER_REVIEW","NONE_RECOVERED","PENDING_OWNER_REVIEW","NOT_FORMAL_UNTIL_OWNER_APPROVAL","FORMAL_CORE_CANDIDATE_ONLY;NO_D001_INCLUDE_OR_IMPORTANCE_INFERENCE"
"68","72007ae6-e8ef-4f72-a98a-e0df64191f1c","Chiplet","feb717be-0f98-4d14-beec-8e03a32ac267","封裝測試","TPE","6257","TPE:6257","09df1df5-b909-51b7-94ec-a55e2f5029c8","owner-topic-membership-20260824.v1","CORE","APPROVED","structural-role-authority-20260912.v4","2026-08-24","fixtures/research/topic_universe_mapping.v1.csv","structural-role-authority:structural-role-authority-20260912.v4","c35c15911c355766dbaa53e76629ae17c84f8d1bbc98e2053b7e87592c0274bc","PENDING_OWNER_REVIEW","PENDING_OWNER_REVIEW","PENDING_OWNER_REVIEW","NONE_RECOVERED","PENDING_OWNER_REVIEW","NOT_FORMAL_UNTIL_OWNER_APPROVAL","FORMAL_CORE_CANDIDATE_ONLY;NO_D001_INCLUDE_OR_IMPORTANCE_INFERENCE"
"69","72007ae6-e8ef-4f72-a98a-e0df64191f1c","Chiplet","feb717be-0f98-4d14-beec-8e03a32ac267","封裝測試","TPE","6515","TPE:6515","4f155722-54aa-5680-a7d5-996003351f83","owner-topic-membership-20260824.v1","CORE","APPROVED","structural-role-authority-20260912.v4","2026-08-24","2026_NEW_TOPIC_ADDITION","structural-role-authority:structural-role-authority-20260912.v4","c35c15911c355766dbaa53e76629ae17c84f8d1bbc98e2053b7e87592c0274bc","PENDING_OWNER_REVIEW","PENDING_OWNER_REVIEW","PENDING_OWNER_REVIEW","NONE_RECOVERED","PENDING_OWNER_REVIEW","NOT_FORMAL_UNTIL_OWNER_APPROVAL","FORMAL_CORE_CANDIDATE_ONLY;NO_D001_INCLUDE_OR_IMPORTANCE_INFERENCE"
"70","72007ae6-e8ef-4f72-a98a-e0df64191f1c","Chiplet","feb717be-0f98-4d14-beec-8e03a32ac267","封裝測試","TPE","8046","TPE:8046","13d5640d-62c0-5d84-b98b-4b1a6df22e61","owner-topic-membership-20260824.v1","CORE","APPROVED","structural-role-authority-20260912.v4","2026-08-24","2026_NEW_TOPIC_ADDITION","structural-role-authority:structural-role-authority-20260912.v4","c35c15911c355766dbaa53e76629ae17c84f8d1bbc98e2053b7e87592c0274bc","PENDING_OWNER_REVIEW","PENDING_OWNER_REVIEW","PENDING_OWNER_REVIEW","NONE_RECOVERED","PENDING_OWNER_REVIEW","NOT_FORMAL_UNTIL_OWNER_APPROVAL","FORMAL_CORE_CANDIDATE_ONLY;NO_D001_INCLUDE_OR_IMPORTANCE_INFERENCE"
"71","72007ae6-e8ef-4f72-a98a-e0df64191f1c","Chiplet","feb717be-0f98-4d14-beec-8e03a32ac267","封裝測試","TWO","3265","TWO:3265","965ed96a-0fdb-54c2-a892-6d1d29abc830","owner-topic-membership-20260824.v1","CORE","APPROVED","structural-role-authority-20260912.v4","2026-08-24","fixtures/research/topic_universe_mapping.v1.csv","structural-role-authority:structural-role-authority-20260912.v4","c35c15911c355766dbaa53e76629ae17c84f8d1bbc98e2053b7e87592c0274bc","PENDING_OWNER_REVIEW","PENDING_OWNER_REVIEW","PENDING_OWNER_REVIEW","NONE_RECOVERED","PENDING_OWNER_REVIEW","NOT_FORMAL_UNTIL_OWNER_APPROVAL","FORMAL_CORE_CANDIDATE_ONLY;NO_D001_INCLUDE_OR_IMPORTANCE_INFERENCE"
"72","72007ae6-e8ef-4f72-a98a-e0df64191f1c","Chiplet","feb717be-0f98-4d14-beec-8e03a32ac267","封裝測試","TWO","6510","TWO:6510","3a0116f4-db82-5cb8-825c-de413b3f02ed","owner-topic-membership-20260824.v1","CORE","APPROVED","structural-role-authority-20260912.v4","2026-08-24","2026_NEW_TOPIC_ADDITION","structural-role-authority:structural-role-authority-20260912.v4","c35c15911c355766dbaa53e76629ae17c84f8d1bbc98e2053b7e87592c0274bc","PENDING_OWNER_REVIEW","PENDING_OWNER_REVIEW","PENDING_OWNER_REVIEW","NONE_RECOVERED","PENDING_OWNER_REVIEW","NOT_FORMAL_UNTIL_OWNER_APPROVAL","FORMAL_CORE_CANDIDATE_ONLY;NO_D001_INCLUDE_OR_IMPORTANCE_INFERENCE"
"73","72007ae6-e8ef-4f72-a98a-e0df64191f1c","Chiplet","feb717be-0f98-4d14-beec-8e03a32ac267","封裝測試","TWO","6683","TWO:6683","38c71b92-bb64-5e5e-a7f8-9e0fdf5095cd","owner-topic-membership-20260824.v1","CORE","APPROVED","structural-role-authority-20260912.v4","2026-08-24","2026_NEW_TOPIC_ADDITION","structural-role-authority:structural-role-authority-20260912.v4","c35c15911c355766dbaa53e76629ae17c84f8d1bbc98e2053b7e87592c0274bc","PENDING_OWNER_REVIEW","PENDING_OWNER_REVIEW","PENDING_OWNER_REVIEW","NONE_RECOVERED","PENDING_OWNER_REVIEW","NOT_FORMAL_UNTIL_OWNER_APPROVAL","FORMAL_CORE_CANDIDATE_ONLY;NO_D001_INCLUDE_OR_IMPORTANCE_INFERENCE"
"74","d5969f88-e0b2-4df4-ba93-82313474a39b","CoWoS","feb717be-0f98-4d14-beec-8e03a32ac267","封裝測試","TPE","2467","TPE:2467","351d4f92-af42-54ab-b2e4-409dd4ea7811","owner-topic-membership-20260824.v1","CORE","APPROVED","structural-role-authority-20260912.v4","2026-08-24","2026_REVISED_MARKET_UPDATE","structural-role-authority:structural-role-authority-20260912.v4","c35c15911c355766dbaa53e76629ae17c84f8d1bbc98e2053b7e87592c0274bc","PENDING_OWNER_REVIEW","PENDING_OWNER_REVIEW","PENDING_OWNER_REVIEW","NONE_RECOVERED","PENDING_OWNER_REVIEW","NOT_FORMAL_UNTIL_OWNER_APPROVAL","FORMAL_CORE_CANDIDATE_ONLY;NO_D001_INCLUDE_OR_IMPORTANCE_INFERENCE"
"75","d5969f88-e0b2-4df4-ba93-82313474a39b","CoWoS","feb717be-0f98-4d14-beec-8e03a32ac267","封裝測試","TPE","3583","TPE:3583","76af51d9-5c4e-51de-a0f6-1f1b107a7529","owner-topic-membership-20260824.v1","CORE","APPROVED","structural-role-authority-20260912.v4","2026-08-24","2026_REVISED_MARKET_UPDATE","structural-role-authority:structural-role-authority-20260912.v4","c35c15911c355766dbaa53e76629ae17c84f8d1bbc98e2053b7e87592c0274bc","PENDING_OWNER_REVIEW","PENDING_OWNER_REVIEW","PENDING_OWNER_REVIEW","NONE_RECOVERED","PENDING_OWNER_REVIEW","NOT_FORMAL_UNTIL_OWNER_APPROVAL","FORMAL_CORE_CANDIDATE_ONLY;NO_D001_INCLUDE_OR_IMPORTANCE_INFERENCE"
"76","d5969f88-e0b2-4df4-ba93-82313474a39b","CoWoS","feb717be-0f98-4d14-beec-8e03a32ac267","封裝測試","TPE","3711","TPE:3711","d7072eef-ed3a-5ca8-8b4e-73f4bce7015c","owner-topic-membership-20260824.v1","CORE","APPROVED","structural-role-authority-20260912.v4","2026-08-24","2026_REVISED_MARKET_UPDATE","structural-role-authority:structural-role-authority-20260912.v4","c35c15911c355766dbaa53e76629ae17c84f8d1bbc98e2053b7e87592c0274bc","PENDING_OWNER_REVIEW","PENDING_OWNER_REVIEW","PENDING_OWNER_REVIEW","NONE_RECOVERED","PENDING_OWNER_REVIEW","NOT_FORMAL_UNTIL_OWNER_APPROVAL","FORMAL_CORE_CANDIDATE_ONLY;NO_D001_INCLUDE_OR_IMPORTANCE_INFERENCE"
"77","d5969f88-e0b2-4df4-ba93-82313474a39b","CoWoS","feb717be-0f98-4d14-beec-8e03a32ac267","封裝測試","TPE","6937","TPE:6937","45804fb6-2956-5fe3-933c-88090b29a253","owner-topic-membership-20260824.v1","CORE","APPROVED","structural-role-authority-20260912.v4","2026-08-24","2026_NEW_TOPIC_ADDITION","structural-role-authority:structural-role-authority-20260912.v4","c35c15911c355766dbaa53e76629ae17c84f8d1bbc98e2053b7e87592c0274bc","PENDING_OWNER_REVIEW","PENDING_OWNER_REVIEW","PENDING_OWNER_REVIEW","NONE_RECOVERED","PENDING_OWNER_REVIEW","NOT_FORMAL_UNTIL_OWNER_APPROVAL","FORMAL_CORE_CANDIDATE_ONLY;NO_D001_INCLUDE_OR_IMPORTANCE_INFERENCE"
"78","d5969f88-e0b2-4df4-ba93-82313474a39b","CoWoS","feb717be-0f98-4d14-beec-8e03a32ac267","封裝測試","TPE","8028","TPE:8028","1806ec70-ea78-5cb2-abb1-13596417da08","owner-topic-membership-20260824.v1","CORE","APPROVED","structural-role-authority-20260912.v4","2026-08-24","2026_REVISED_MARKET_UPDATE","structural-role-authority:structural-role-authority-20260912.v4","c35c15911c355766dbaa53e76629ae17c84f8d1bbc98e2053b7e87592c0274bc","PENDING_OWNER_REVIEW","PENDING_OWNER_REVIEW","PENDING_OWNER_REVIEW","NONE_RECOVERED","PENDING_OWNER_REVIEW","NOT_FORMAL_UNTIL_OWNER_APPROVAL","FORMAL_CORE_CANDIDATE_ONLY;NO_D001_INCLUDE_OR_IMPORTANCE_INFERENCE"
"79","d5969f88-e0b2-4df4-ba93-82313474a39b","CoWoS","feb717be-0f98-4d14-beec-8e03a32ac267","封裝測試","TWO","4542","TWO:4542","95a232c8-f8e6-59a5-9099-9b453cba0ed5","owner-topic-membership-20260824.v1","CORE","APPROVED","structural-role-authority-20260912.v4","2026-08-24","2026_NEW_TOPIC_ADDITION","structural-role-authority:structural-role-authority-20260912.v4","c35c15911c355766dbaa53e76629ae17c84f8d1bbc98e2053b7e87592c0274bc","PENDING_OWNER_REVIEW","PENDING_OWNER_REVIEW","PENDING_OWNER_REVIEW","NONE_RECOVERED","PENDING_OWNER_REVIEW","NOT_FORMAL_UNTIL_OWNER_APPROVAL","FORMAL_CORE_CANDIDATE_ONLY;NO_D001_INCLUDE_OR_IMPORTANCE_INFERENCE"
"80","d5969f88-e0b2-4df4-ba93-82313474a39b","CoWoS","feb717be-0f98-4d14-beec-8e03a32ac267","封裝測試","TWO","6667","TWO:6667","881c6dc4-51f2-537c-9dcf-b08ecc87f607","owner-topic-membership-20260824.v1","CORE","APPROVED","structural-role-authority-20260912.v4","2026-08-24","2026_NEW_TOPIC_ADDITION","structural-role-authority:structural-role-authority-20260912.v4","c35c15911c355766dbaa53e76629ae17c84f8d1bbc98e2053b7e87592c0274bc","PENDING_OWNER_REVIEW","PENDING_OWNER_REVIEW","PENDING_OWNER_REVIEW","NONE_RECOVERED","PENDING_OWNER_REVIEW","NOT_FORMAL_UNTIL_OWNER_APPROVAL","FORMAL_CORE_CANDIDATE_ONLY;NO_D001_INCLUDE_OR_IMPORTANCE_INFERENCE"
"81","d5969f88-e0b2-4df4-ba93-82313474a39b","CoWoS","feb717be-0f98-4d14-beec-8e03a32ac267","封裝測試","TWO","6683","TWO:6683","253c9880-4828-51e0-ad6f-2a0fedb9052a","owner-topic-membership-20260824.v1","CORE","APPROVED","structural-role-authority-20260912.v4","2026-08-24","2026_NEW_TOPIC_ADDITION","structural-role-authority:structural-role-authority-20260912.v4","c35c15911c355766dbaa53e76629ae17c84f8d1bbc98e2053b7e87592c0274bc","PENDING_OWNER_REVIEW","PENDING_OWNER_REVIEW","PENDING_OWNER_REVIEW","NONE_RECOVERED","PENDING_OWNER_REVIEW","NOT_FORMAL_UNTIL_OWNER_APPROVAL","FORMAL_CORE_CANDIDATE_ONLY;NO_D001_INCLUDE_OR_IMPORTANCE_INFERENCE"
"82","064a0217-bd52-4a11-a472-ec6e7bec0fe0","DRAM／DDR","3736a2be-f5f7-437f-b5ae-5d24d6ecca30","記憶體","TPE","2344","TPE:2344","dfbd0e59-4148-5d54-9b4a-4abc45306e5a","owner-topic-membership-20260824.v1","CORE","APPROVED","structural-role-authority-20260912.v4","2026-08-24","fixtures/research/topic_universe_mapping.v1.csv","structural-role-authority:structural-role-authority-20260912.v4","c35c15911c355766dbaa53e76629ae17c84f8d1bbc98e2053b7e87592c0274bc","PENDING_OWNER_REVIEW","PENDING_OWNER_REVIEW","PENDING_OWNER_REVIEW","NONE_RECOVERED","PENDING_OWNER_REVIEW","NOT_FORMAL_UNTIL_OWNER_APPROVAL","FORMAL_CORE_CANDIDATE_ONLY;NO_D001_INCLUDE_OR_IMPORTANCE_INFERENCE"
"83","064a0217-bd52-4a11-a472-ec6e7bec0fe0","DRAM／DDR","3736a2be-f5f7-437f-b5ae-5d24d6ecca30","記憶體","TWO","3260","TWO:3260","ac5ab1c5-d9f8-5310-80ea-d1f7fb766d87","owner-topic-membership-20260824.v1","CORE","APPROVED","structural-role-authority-20260912.v4","2026-08-24","2026_REVISED_MARKET_UPDATE","structural-role-authority:structural-role-authority-20260912.v4","c35c15911c355766dbaa53e76629ae17c84f8d1bbc98e2053b7e87592c0274bc","PENDING_OWNER_REVIEW","PENDING_OWNER_REVIEW","PENDING_OWNER_REVIEW","NONE_RECOVERED","PENDING_OWNER_REVIEW","NOT_FORMAL_UNTIL_OWNER_APPROVAL","FORMAL_CORE_CANDIDATE_ONLY;NO_D001_INCLUDE_OR_IMPORTANCE_INFERENCE"
"84","064a0217-bd52-4a11-a472-ec6e7bec0fe0","DRAM／DDR","3736a2be-f5f7-437f-b5ae-5d24d6ecca30","記憶體","TWO","8096","TWO:8096","681bbb2f-1442-5497-b1ae-759c719035d7","owner-topic-membership-20260824.v1","CORE","APPROVED","structural-role-authority-20260912.v4","2026-08-24","fixtures/research/topic_universe_mapping.v1.csv","structural-role-authority:structural-role-authority-20260912.v4","c35c15911c355766dbaa53e76629ae17c84f8d1bbc98e2053b7e87592c0274bc","PENDING_OWNER_REVIEW","PENDING_OWNER_REVIEW","PENDING_OWNER_REVIEW","NONE_RECOVERED","PENDING_OWNER_REVIEW","NOT_FORMAL_UNTIL_OWNER_APPROVAL","FORMAL_CORE_CANDIDATE_ONLY;NO_D001_INCLUDE_OR_IMPORTANCE_INFERENCE"
"85","82783006-f7ce-4e3d-8711-ab897654aad4","FOPLP","feb717be-0f98-4d14-beec-8e03a32ac267","封裝測試","TPE","1711","TPE:1711","a013caa5-1887-52d7-9d3d-db298a15b08a","owner-topic-membership-20260824.v1","CORE","APPROVED","structural-role-authority-20260912.v4","2026-08-24","2026_NEW_TOPIC_ADDITION","structural-role-authority:structural-role-authority-20260912.v4","c35c15911c355766dbaa53e76629ae17c84f8d1bbc98e2053b7e87592c0274bc","PENDING_OWNER_REVIEW","PENDING_OWNER_REVIEW","PENDING_OWNER_REVIEW","NONE_RECOVERED","PENDING_OWNER_REVIEW","NOT_FORMAL_UNTIL_OWNER_APPROVAL","FORMAL_CORE_CANDIDATE_ONLY;NO_D001_INCLUDE_OR_IMPORTANCE_INFERENCE"
"86","82783006-f7ce-4e3d-8711-ab897654aad4","FOPLP","feb717be-0f98-4d14-beec-8e03a32ac267","封裝測試","TPE","2467","TPE:2467","ebf8b564-6b89-5dac-8794-929a4c2caa06","owner-topic-membership-20260824.v1","CORE","APPROVED","structural-role-authority-20260912.v4","2026-08-24","2026_REVISED_MARKET_UPDATE","structural-role-authority:structural-role-authority-20260912.v4","c35c15911c355766dbaa53e76629ae17c84f8d1bbc98e2053b7e87592c0274bc","PENDING_OWNER_REVIEW","PENDING_OWNER_REVIEW","PENDING_OWNER_REVIEW","NONE_RECOVERED","PENDING_OWNER_REVIEW","NOT_FORMAL_UNTIL_OWNER_APPROVAL","FORMAL_CORE_CANDIDATE_ONLY;NO_D001_INCLUDE_OR_IMPORTANCE_INFERENCE"
"87","82783006-f7ce-4e3d-8711-ab897654aad4","FOPLP","feb717be-0f98-4d14-beec-8e03a32ac267","封裝測試","TWO","8064","TWO:8064","d2ded565-e832-53db-9a4d-47640e5b236b","owner-topic-membership-20260824.v1","CORE","APPROVED","structural-role-authority-20260912.v4","2026-08-24","2026_REVISED_MARKET_UPDATE","structural-role-authority:structural-role-authority-20260912.v4","c35c15911c355766dbaa53e76629ae17c84f8d1bbc98e2053b7e87592c0274bc","PENDING_OWNER_REVIEW","PENDING_OWNER_REVIEW","PENDING_OWNER_REVIEW","NONE_RECOVERED","PENDING_OWNER_REVIEW","NOT_FORMAL_UNTIL_OWNER_APPROVAL","FORMAL_CORE_CANDIDATE_ONLY;NO_D001_INCLUDE_OR_IMPORTANCE_INFERENCE"
"88","6132857f-470e-4823-8bf5-b017562102a0","GaN 晶圓／GaN-on-Si","c95a0960-44a4-4312-b0e9-9fc5c2205bd4","晶圓材料","TPE","3016","TPE:3016","a4d554c8-da1f-58a8-b531-f1d67b3183e6","owner-topic-membership-20260824.v1","CORE","APPROVED","structural-role-authority-20260912.v4","2026-08-24","fixtures/research/topic_universe_mapping.v1.csv","structural-role-authority:structural-role-authority-20260912.v4","c35c15911c355766dbaa53e76629ae17c84f8d1bbc98e2053b7e87592c0274bc","PENDING_OWNER_REVIEW","PENDING_OWNER_REVIEW","PENDING_OWNER_REVIEW","NONE_RECOVERED","PENDING_OWNER_REVIEW","NOT_FORMAL_UNTIL_OWNER_APPROVAL","FORMAL_CORE_CANDIDATE_ONLY;NO_D001_INCLUDE_OR_IMPORTANCE_INFERENCE"
"89","fb6c5b4e-13ae-4f4f-91fe-54830ad58802","IGBT／功率模組","f2150da0-01ac-48e1-8179-3e61742ea2a5","功率半導體","TPE","2342","TPE:2342","d46e4fd0-19bc-52ef-90dc-35188bc225f3","owner-topic-membership-20260824.v1","CORE","APPROVED","structural-role-authority-20260912.v4","2026-08-24","fixtures/research/topic_universe_mapping.v1.csv","structural-role-authority:structural-role-authority-20260912.v4","c35c15911c355766dbaa53e76629ae17c84f8d1bbc98e2053b7e87592c0274bc","PENDING_OWNER_REVIEW","PENDING_OWNER_REVIEW","PENDING_OWNER_REVIEW","NONE_RECOVERED","PENDING_OWNER_REVIEW","NOT_FORMAL_UNTIL_OWNER_APPROVAL","FORMAL_CORE_CANDIDATE_ONLY;NO_D001_INCLUDE_OR_IMPORTANCE_INFERENCE"
"90","fb6c5b4e-13ae-4f4f-91fe-54830ad58802","IGBT／功率模組","f2150da0-01ac-48e1-8179-3e61742ea2a5","功率半導體","TPE","2481","TPE:2481","570966cc-d819-5a99-96ef-29060aa853ed","owner-topic-membership-20260824.v1","CORE","APPROVED","structural-role-authority-20260912.v4","2026-08-24","fixtures/research/topic_universe_mapping.v1.csv","structural-role-authority:structural-role-authority-20260912.v4","c35c15911c355766dbaa53e76629ae17c84f8d1bbc98e2053b7e87592c0274bc","PENDING_OWNER_REVIEW","PENDING_OWNER_REVIEW","PENDING_OWNER_REVIEW","NONE_RECOVERED","PENDING_OWNER_REVIEW","NOT_FORMAL_UNTIL_OWNER_APPROVAL","FORMAL_CORE_CANDIDATE_ONLY;NO_D001_INCLUDE_OR_IMPORTANCE_INFERENCE"
"91","fb6c5b4e-13ae-4f4f-91fe-54830ad58802","IGBT／功率模組","f2150da0-01ac-48e1-8179-3e61742ea2a5","功率半導體","TWO","5425","TWO:5425","6541299e-7a5e-5aa7-a85c-03c56ee3fc80","owner-topic-membership-20260824.v1","CORE","APPROVED","structural-role-authority-20260912.v4","2026-08-24","fixtures/research/topic_universe_mapping.v1.csv","structural-role-authority:structural-role-authority-20260912.v4","c35c15911c355766dbaa53e76629ae17c84f8d1bbc98e2053b7e87592c0274bc","PENDING_OWNER_REVIEW","PENDING_OWNER_REVIEW","PENDING_OWNER_REVIEW","NONE_RECOVERED","PENDING_OWNER_REVIEW","NOT_FORMAL_UNTIL_OWNER_APPROVAL","FORMAL_CORE_CANDIDATE_ONLY;NO_D001_INCLUDE_OR_IMPORTANCE_INFERENCE"
"92","6f45f958-26fe-435f-8dc3-ceb4976e702a","MCU","2de6b3e1-1c53-4f84-bbd7-7b3b04745aa6","IC設計","TPE","2436","TPE:2436","a087c057-3db8-57f2-8e87-739581b5837c","owner-topic-membership-20260824.v1","CORE","APPROVED","structural-role-authority-20260912.v4","2026-08-24","2026_NEW_TOPIC_ADDITION","structural-role-authority:structural-role-authority-20260912.v4","c35c15911c355766dbaa53e76629ae17c84f8d1bbc98e2053b7e87592c0274bc","PENDING_OWNER_REVIEW","PENDING_OWNER_REVIEW","PENDING_OWNER_REVIEW","NONE_RECOVERED","PENDING_OWNER_REVIEW","NOT_FORMAL_UNTIL_OWNER_APPROVAL","FORMAL_CORE_CANDIDATE_ONLY;NO_D001_INCLUDE_OR_IMPORTANCE_INFERENCE"
"93","6f45f958-26fe-435f-8dc3-ceb4976e702a","MCU","2de6b3e1-1c53-4f84-bbd7-7b3b04745aa6","IC設計","TPE","4952","TPE:4952","f73b1552-7ded-5f7f-bbf9-82904f0274db","owner-topic-membership-20260824.v1","CORE","APPROVED","structural-role-authority-20260912.v4","2026-08-24","2026_NEW_TOPIC_ADDITION","structural-role-authority:structural-role-authority-20260912.v4","c35c15911c355766dbaa53e76629ae17c84f8d1bbc98e2053b7e87592c0274bc","PENDING_OWNER_REVIEW","PENDING_OWNER_REVIEW","PENDING_OWNER_REVIEW","NONE_RECOVERED","PENDING_OWNER_REVIEW","NOT_FORMAL_UNTIL_OWNER_APPROVAL","FORMAL_CORE_CANDIDATE_ONLY;NO_D001_INCLUDE_OR_IMPORTANCE_INFERENCE"
"94","6f45f958-26fe-435f-8dc3-ceb4976e702a","MCU","2de6b3e1-1c53-4f84-bbd7-7b3b04745aa6","IC設計","TPE","5471","TPE:5471","c1df4195-2909-5ab9-9d1e-e929c3629818","owner-topic-membership-20260824.v1","CORE","APPROVED","structural-role-authority-20260912.v4","2026-08-24","fixtures/research/topic_universe_mapping.v1.csv","structural-role-authority:structural-role-authority-20260912.v4","c35c15911c355766dbaa53e76629ae17c84f8d1bbc98e2053b7e87592c0274bc","PENDING_OWNER_REVIEW","PENDING_OWNER_REVIEW","PENDING_OWNER_REVIEW","NONE_RECOVERED","PENDING_OWNER_REVIEW","NOT_FORMAL_UNTIL_OWNER_APPROVAL","FORMAL_CORE_CANDIDATE_ONLY;NO_D001_INCLUDE_OR_IMPORTANCE_INFERENCE"
"95","6f45f958-26fe-435f-8dc3-ceb4976e702a","MCU","2de6b3e1-1c53-4f84-bbd7-7b3b04745aa6","IC設計","TWO","6716","TWO:6716","cf7d6bd4-cdaf-58fe-87c5-b04f3b42d111","owner-topic-membership-20260824.v1","CORE","APPROVED","structural-role-authority-20260912.v4","2026-08-24","2026_NEW_TOPIC_ADDITION","structural-role-authority:structural-role-authority-20260912.v4","c35c15911c355766dbaa53e76629ae17c84f8d1bbc98e2053b7e87592c0274bc","PENDING_OWNER_REVIEW","PENDING_OWNER_REVIEW","PENDING_OWNER_REVIEW","NONE_RECOVERED","PENDING_OWNER_REVIEW","NOT_FORMAL_UNTIL_OWNER_APPROVAL","FORMAL_CORE_CANDIDATE_ONLY;NO_D001_INCLUDE_OR_IMPORTANCE_INFERENCE"
"96","040c159b-c196-4726-8baa-996f2e2ed558","MLCC","aae91e68-1ace-4106-bd4f-2d2dca0f7af6","被動元件","TPE","3026","TPE:3026","53b96a76-f95c-5444-848b-c2c51805c31a","owner-topic-membership-20260824.v1","CORE","APPROVED","structural-role-authority-20260912.v4","2026-08-24","CURRENT_TAXONOMY_RELATION_STRUCTURAL_ROLE","structural-role-authority:structural-role-authority-20260912.v4","c35c15911c355766dbaa53e76629ae17c84f8d1bbc98e2053b7e87592c0274bc","PENDING_OWNER_REVIEW","PENDING_OWNER_REVIEW","PENDING_OWNER_REVIEW","NONE_RECOVERED","PENDING_OWNER_REVIEW","NOT_FORMAL_UNTIL_OWNER_APPROVAL","FORMAL_CORE_CANDIDATE_ONLY;NO_D001_INCLUDE_OR_IMPORTANCE_INFERENCE"
"97","040c159b-c196-4726-8baa-996f2e2ed558","MLCC","aae91e68-1ace-4106-bd4f-2d2dca0f7af6","被動元件","TPE","3090","TPE:3090","bd5d3648-17af-5044-8448-93b50a623a0b","owner-topic-membership-20260824.v1","CORE","APPROVED","structural-role-authority-20260912.v4","2026-08-24","fixtures/research/topic_universe_mapping.v1.csv","structural-role-authority:structural-role-authority-20260912.v4","c35c15911c355766dbaa53e76629ae17c84f8d1bbc98e2053b7e87592c0274bc","PENDING_OWNER_REVIEW","PENDING_OWNER_REVIEW","PENDING_OWNER_REVIEW","NONE_RECOVERED","PENDING_OWNER_REVIEW","NOT_FORMAL_UNTIL_OWNER_APPROVAL","FORMAL_CORE_CANDIDATE_ONLY;NO_D001_INCLUDE_OR_IMPORTANCE_INFERENCE"
"98","040c159b-c196-4726-8baa-996f2e2ed558","MLCC","aae91e68-1ace-4106-bd4f-2d2dca0f7af6","被動元件","TWO","6173","TWO:6173","23e3aa38-b847-59c2-aade-6e89bf1915f5","owner-topic-membership-20260824.v1","CORE","APPROVED","structural-role-authority-20260912.v4","2026-08-24","CURRENT_TAXONOMY_RELATION_STRUCTURAL_ROLE","structural-role-authority:structural-role-authority-20260912.v4","c35c15911c355766dbaa53e76629ae17c84f8d1bbc98e2053b7e87592c0274bc","PENDING_OWNER_REVIEW","PENDING_OWNER_REVIEW","PENDING_OWNER_REVIEW","NONE_RECOVERED","PENDING_OWNER_REVIEW","NOT_FORMAL_UNTIL_OWNER_APPROVAL","FORMAL_CORE_CANDIDATE_ONLY;NO_D001_INCLUDE_OR_IMPORTANCE_INFERENCE"
"99","040c159b-c196-4726-8baa-996f2e2ed558","MLCC","aae91e68-1ace-4106-bd4f-2d2dca0f7af6","被動元件","TWO","6654","TWO:6654","603f2463-f7e3-5454-ac78-2ce7ae9da32f","owner-topic-membership-20260824.v1","CORE","APPROVED","structural-role-authority-20260912.v4","2026-08-24","2026_NEW_TOPIC_ADDITION","structural-role-authority:structural-role-authority-20260912.v4","c35c15911c355766dbaa53e76629ae17c84f8d1bbc98e2053b7e87592c0274bc","PENDING_OWNER_REVIEW","PENDING_OWNER_REVIEW","PENDING_OWNER_REVIEW","NONE_RECOVERED","PENDING_OWNER_REVIEW","NOT_FORMAL_UNTIL_OWNER_APPROVAL","FORMAL_CORE_CANDIDATE_ONLY;NO_D001_INCLUDE_OR_IMPORTANCE_INFERENCE"
"100","6077f9d0-bc37-412b-97af-8339c52cb89c","NAND Flash／SSD","3736a2be-f5f7-437f-b5ae-5d24d6ecca30","記憶體","TPE","2337","TPE:2337","bafb4fb8-9f8f-5751-8484-6849be52ed68","owner-topic-membership-20260824.v1","CORE","APPROVED","structural-role-authority-20260912.v4","2026-08-24","fixtures/research/topic_universe_mapping.v1.csv","structural-role-authority:structural-role-authority-20260912.v4","c35c15911c355766dbaa53e76629ae17c84f8d1bbc98e2053b7e87592c0274bc","PENDING_OWNER_REVIEW","PENDING_OWNER_REVIEW","PENDING_OWNER_REVIEW","NONE_RECOVERED","PENDING_OWNER_REVIEW","NOT_FORMAL_UNTIL_OWNER_APPROVAL","FORMAL_CORE_CANDIDATE_ONLY;NO_D001_INCLUDE_OR_IMPORTANCE_INFERENCE"
"101","6077f9d0-bc37-412b-97af-8339c52cb89c","NAND Flash／SSD","3736a2be-f5f7-437f-b5ae-5d24d6ecca30","記憶體","TPE","2344","TPE:2344","05044030-710f-5e37-bc9e-c90bbda3eb9e","owner-topic-membership-20260824.v1","CORE","APPROVED","structural-role-authority-20260912.v4","2026-08-24","fixtures/research/topic_universe_mapping.v1.csv","structural-role-authority:structural-role-authority-20260912.v4","c35c15911c355766dbaa53e76629ae17c84f8d1bbc98e2053b7e87592c0274bc","PENDING_OWNER_REVIEW","PENDING_OWNER_REVIEW","PENDING_OWNER_REVIEW","NONE_RECOVERED","PENDING_OWNER_REVIEW","NOT_FORMAL_UNTIL_OWNER_APPROVAL","FORMAL_CORE_CANDIDATE_ONLY;NO_D001_INCLUDE_OR_IMPORTANCE_INFERENCE"
"102","6077f9d0-bc37-412b-97af-8339c52cb89c","NAND Flash／SSD","3736a2be-f5f7-437f-b5ae-5d24d6ecca30","記憶體","TWO","3260","TWO:3260","79178167-90fc-5959-8983-6ea608be33fc","owner-topic-membership-20260824.v1","CORE","APPROVED","structural-role-authority-20260912.v4","2026-08-24","2026_REVISED_MARKET_UPDATE","structural-role-authority:structural-role-authority-20260912.v4","c35c15911c355766dbaa53e76629ae17c84f8d1bbc98e2053b7e87592c0274bc","PENDING_OWNER_REVIEW","PENDING_OWNER_REVIEW","PENDING_OWNER_REVIEW","NONE_RECOVERED","PENDING_OWNER_REVIEW","NOT_FORMAL_UNTIL_OWNER_APPROVAL","FORMAL_CORE_CANDIDATE_ONLY;NO_D001_INCLUDE_OR_IMPORTANCE_INFERENCE"
"103","6077f9d0-bc37-412b-97af-8339c52cb89c","NAND Flash／SSD","3736a2be-f5f7-437f-b5ae-5d24d6ecca30","記憶體","TWO","8096","TWO:8096","aa732648-9bff-5f40-9b89-a3846d7502b3","owner-topic-membership-20260824.v1","CORE","APPROVED","structural-role-authority-20260912.v4","2026-08-24","fixtures/research/topic_universe_mapping.v1.csv","structural-role-authority:structural-role-authority-20260912.v4","c35c15911c355766dbaa53e76629ae17c84f8d1bbc98e2053b7e87592c0274bc","PENDING_OWNER_REVIEW","PENDING_OWNER_REVIEW","PENDING_OWNER_REVIEW","NONE_RECOVERED","PENDING_OWNER_REVIEW","NOT_FORMAL_UNTIL_OWNER_APPROVAL","FORMAL_CORE_CANDIDATE_ONLY;NO_D001_INCLUDE_OR_IMPORTANCE_INFERENCE"
"104","f3429995-0a10-4670-851d-71a4024cb6ed","NOR Flash／利基型記憶體","3736a2be-f5f7-437f-b5ae-5d24d6ecca30","記憶體","TPE","3006","TPE:3006","63bbff8c-da86-51fb-8ae1-4f8c2bd2ea9e","owner-topic-membership-20260824.v1","CORE","APPROVED","structural-role-authority-20260912.v4","2026-08-24","fixtures/research/topic_universe_mapping.v1.csv","structural-role-authority:structural-role-authority-20260912.v4","c35c15911c355766dbaa53e76629ae17c84f8d1bbc98e2053b7e87592c0274bc","PENDING_OWNER_REVIEW","PENDING_OWNER_REVIEW","PENDING_OWNER_REVIEW","NONE_RECOVERED","PENDING_OWNER_REVIEW","NOT_FORMAL_UNTIL_OWNER_APPROVAL","FORMAL_CORE_CANDIDATE_ONLY;NO_D001_INCLUDE_OR_IMPORTANCE_INFERENCE"
"105","f3429995-0a10-4670-851d-71a4024cb6ed","NOR Flash／利基型記憶體","3736a2be-f5f7-437f-b5ae-5d24d6ecca30","記憶體","TWO","5351","TWO:5351","1c7d0502-e62c-564c-85c0-5bb14af65dad","owner-topic-membership-20260824.v1","CORE","APPROVED","structural-role-authority-20260912.v4","2026-08-24","fixtures/research/topic_universe_mapping.v1.csv","structural-role-authority:structural-role-authority-20260912.v4","c35c15911c355766dbaa53e76629ae17c84f8d1bbc98e2053b7e87592c0274bc","PENDING_OWNER_REVIEW","PENDING_OWNER_REVIEW","PENDING_OWNER_REVIEW","NONE_RECOVERED","PENDING_OWNER_REVIEW","NOT_FORMAL_UNTIL_OWNER_APPROVAL","FORMAL_CORE_CANDIDATE_ONLY;NO_D001_INCLUDE_OR_IMPORTANCE_INFERENCE"
"106","a7de1ce0-94c2-4136-a74d-ed3dfa1b3651","Retimer／Redriver","c117a64e-caec-4c8b-b120-20ca70f4f586","高速互連","TPE","2454","TPE:2454","cdec1064-b958-575f-87ce-ad29b9e5bdc8","owner-topic-membership-20260824.v1","CORE","APPROVED","structural-role-authority-20260912.v4","2026-08-24","2026_NEW_TOPIC_ADDITION","structural-role-authority:structural-role-authority-20260912.v4","c35c15911c355766dbaa53e76629ae17c84f8d1bbc98e2053b7e87592c0274bc","PENDING_OWNER_REVIEW","PENDING_OWNER_REVIEW","PENDING_OWNER_REVIEW","NONE_RECOVERED","PENDING_OWNER_REVIEW","NOT_FORMAL_UNTIL_OWNER_APPROVAL","FORMAL_CORE_CANDIDATE_ONLY;NO_D001_INCLUDE_OR_IMPORTANCE_INFERENCE"
"107","a7de1ce0-94c2-4136-a74d-ed3dfa1b3651","Retimer／Redriver","c117a64e-caec-4c8b-b120-20ca70f4f586","高速互連","TPE","4919","TPE:4919","3f3a4085-1c59-5ea3-b864-6266b052d56e","owner-topic-membership-20260824.v1","CORE","APPROVED","structural-role-authority-20260912.v4","2026-08-24","2026_NEW_TOPIC_ADDITION","structural-role-authority:structural-role-authority-20260912.v4","c35c15911c355766dbaa53e76629ae17c84f8d1bbc98e2053b7e87592c0274bc","PENDING_OWNER_REVIEW","PENDING_OWNER_REVIEW","PENDING_OWNER_REVIEW","NONE_RECOVERED","PENDING_OWNER_REVIEW","NOT_FORMAL_UNTIL_OWNER_APPROVAL","FORMAL_CORE_CANDIDATE_ONLY;NO_D001_INCLUDE_OR_IMPORTANCE_INFERENCE"
"108","a7de1ce0-94c2-4136-a74d-ed3dfa1b3651","Retimer／Redriver","c117a64e-caec-4c8b-b120-20ca70f4f586","高速互連","TPE","5269","TPE:5269","cc357294-91b6-5215-81a4-f608357cf425","owner-topic-membership-20260824.v1","CORE","APPROVED","structural-role-authority-20260912.v4","2026-08-24","2026_NEW_TOPIC_ADDITION","structural-role-authority:structural-role-authority-20260912.v4","c35c15911c355766dbaa53e76629ae17c84f8d1bbc98e2053b7e87592c0274bc","PENDING_OWNER_REVIEW","PENDING_OWNER_REVIEW","PENDING_OWNER_REVIEW","NONE_RECOVERED","PENDING_OWNER_REVIEW","NOT_FORMAL_UNTIL_OWNER_APPROVAL","FORMAL_CORE_CANDIDATE_ONLY;NO_D001_INCLUDE_OR_IMPORTANCE_INFERENCE"
"109","a7de1ce0-94c2-4136-a74d-ed3dfa1b3651","Retimer／Redriver","c117a64e-caec-4c8b-b120-20ca70f4f586","高速互連","TWO","5274","TWO:5274","6fd2052f-2db1-59ec-998a-2b3dc79b9bd6","owner-topic-membership-20260824.v1","CORE","APPROVED","structural-role-authority-20260912.v4","2026-08-24","2026_NEW_TOPIC_ADDITION","structural-role-authority:structural-role-authority-20260912.v4","c35c15911c355766dbaa53e76629ae17c84f8d1bbc98e2053b7e87592c0274bc","PENDING_OWNER_REVIEW","PENDING_OWNER_REVIEW","PENDING_OWNER_REVIEW","NONE_RECOVERED","PENDING_OWNER_REVIEW","NOT_FORMAL_UNTIL_OWNER_APPROVAL","FORMAL_CORE_CANDIDATE_ONLY;NO_D001_INCLUDE_OR_IMPORTANCE_INFERENCE"
"110","0154d4be-8318-4115-9c8e-4b74bdd3bf86","RISC-V","2de6b3e1-1c53-4f84-bbd7-7b3b04745aa6","IC設計","TPE","2388","TPE:2388","b83df691-2fe9-5da7-ac47-7b801566e538","owner-topic-membership-20260824.v1","CORE","APPROVED","structural-role-authority-20260912.v4","2026-08-24","2026_REVISED_MARKET_UPDATE","structural-role-authority:structural-role-authority-20260912.v4","c35c15911c355766dbaa53e76629ae17c84f8d1bbc98e2053b7e87592c0274bc","PENDING_OWNER_REVIEW","PENDING_OWNER_REVIEW","PENDING_OWNER_REVIEW","NONE_RECOVERED","PENDING_OWNER_REVIEW","NOT_FORMAL_UNTIL_OWNER_APPROVAL","FORMAL_CORE_CANDIDATE_ONLY;NO_D001_INCLUDE_OR_IMPORTANCE_INFERENCE"
"111","0154d4be-8318-4115-9c8e-4b74bdd3bf86","RISC-V","2de6b3e1-1c53-4f84-bbd7-7b3b04745aa6","IC設計","TPE","2454","TPE:2454","e2ec8256-047e-586f-9620-97ff7baeb25f","owner-topic-membership-20260824.v1","CORE","APPROVED","structural-role-authority-20260912.v4","2026-08-24","2026_NEW_TOPIC_ADDITION","structural-role-authority:structural-role-authority-20260912.v4","c35c15911c355766dbaa53e76629ae17c84f8d1bbc98e2053b7e87592c0274bc","PENDING_OWNER_REVIEW","PENDING_OWNER_REVIEW","PENDING_OWNER_REVIEW","NONE_RECOVERED","PENDING_OWNER_REVIEW","NOT_FORMAL_UNTIL_OWNER_APPROVAL","FORMAL_CORE_CANDIDATE_ONLY;NO_D001_INCLUDE_OR_IMPORTANCE_INFERENCE"
"112","0154d4be-8318-4115-9c8e-4b74bdd3bf86","RISC-V","2de6b3e1-1c53-4f84-bbd7-7b3b04745aa6","IC設計","TPE","3035","TPE:3035","afae96d5-fb32-5bd4-a6e5-71c9e6f00243","owner-topic-membership-20260824.v1","CORE","APPROVED","structural-role-authority-20260912.v4","2026-08-24","fixtures/research/topic_universe_mapping.v1.csv","structural-role-authority:structural-role-authority-20260912.v4","c35c15911c355766dbaa53e76629ae17c84f8d1bbc98e2053b7e87592c0274bc","PENDING_OWNER_REVIEW","PENDING_OWNER_REVIEW","PENDING_OWNER_REVIEW","NONE_RECOVERED","PENDING_OWNER_REVIEW","NOT_FORMAL_UNTIL_OWNER_APPROVAL","FORMAL_CORE_CANDIDATE_ONLY;NO_D001_INCLUDE_OR_IMPORTANCE_INFERENCE"
"113","0154d4be-8318-4115-9c8e-4b74bdd3bf86","RISC-V","2de6b3e1-1c53-4f84-bbd7-7b3b04745aa6","IC設計","TPE","6695","TPE:6695","03a6da24-fe67-5e60-85ed-24d45efdc5d9","owner-topic-membership-20260824.v1","CORE","APPROVED","structural-role-authority-20260912.v4","2026-08-24","2026_NEW_TOPIC_ADDITION","structural-role-authority:structural-role-authority-20260912.v4","c35c15911c355766dbaa53e76629ae17c84f8d1bbc98e2053b7e87592c0274bc","PENDING_OWNER_REVIEW","PENDING_OWNER_REVIEW","PENDING_OWNER_REVIEW","NONE_RECOVERED","PENDING_OWNER_REVIEW","NOT_FORMAL_UNTIL_OWNER_APPROVAL","FORMAL_CORE_CANDIDATE_ONLY;NO_D001_INCLUDE_OR_IMPORTANCE_INFERENCE"
"114","0154d4be-8318-4115-9c8e-4b74bdd3bf86","RISC-V","2de6b3e1-1c53-4f84-bbd7-7b3b04745aa6","IC設計","TWO","8054","TWO:8054","462f4a33-6b64-5641-8481-beebdb51cc12","owner-topic-membership-20260824.v1","CORE","APPROVED","structural-role-authority-20260912.v4","2026-08-24","2026_REVISED_MARKET_UPDATE","structural-role-authority:structural-role-authority-20260912.v4","c35c15911c355766dbaa53e76629ae17c84f8d1bbc98e2053b7e87592c0274bc","PENDING_OWNER_REVIEW","PENDING_OWNER_REVIEW","PENDING_OWNER_REVIEW","NONE_RECOVERED","PENDING_OWNER_REVIEW","NOT_FORMAL_UNTIL_OWNER_APPROVAL","FORMAL_CORE_CANDIDATE_ONLY;NO_D001_INCLUDE_OR_IMPORTANCE_INFERENCE"
"115","0154d4be-8318-4115-9c8e-4b74bdd3bf86","RISC-V","2de6b3e1-1c53-4f84-bbd7-7b3b04745aa6","IC設計","TWO","8299","TWO:8299","f2453881-fc69-58dc-b60f-8fe41aa78512","owner-topic-membership-20260824.v1","CORE","APPROVED","structural-role-authority-20260912.v4","2026-08-24","2026_NEW_TOPIC_ADDITION","structural-role-authority:structural-role-authority-20260912.v4","c35c15911c355766dbaa53e76629ae17c84f8d1bbc98e2053b7e87592c0274bc","PENDING_OWNER_REVIEW","PENDING_OWNER_REVIEW","PENDING_OWNER_REVIEW","NONE_RECOVERED","PENDING_OWNER_REVIEW","NOT_FORMAL_UNTIL_OWNER_APPROVAL","FORMAL_CORE_CANDIDATE_ONLY;NO_D001_INCLUDE_OR_IMPORTANCE_INFERENCE"
"116","805d6462-1150-4f81-9cd7-89dcba96b9eb","SiC 晶圓／基板","c95a0960-44a4-4312-b0e9-9fc5c2205bd4","晶圓材料","TPE","3016","TPE:3016","18e9a7f1-0504-5ec3-909e-e4bbdf3a71e3","owner-topic-membership-20260824.v1","CORE","APPROVED","structural-role-authority-20260912.v4","2026-08-24","fixtures/research/topic_universe_mapping.v1.csv","structural-role-authority:structural-role-authority-20260912.v4","c35c15911c355766dbaa53e76629ae17c84f8d1bbc98e2053b7e87592c0274bc","PENDING_OWNER_REVIEW","PENDING_OWNER_REVIEW","PENDING_OWNER_REVIEW","NONE_RECOVERED","PENDING_OWNER_REVIEW","NOT_FORMAL_UNTIL_OWNER_APPROVAL","FORMAL_CORE_CANDIDATE_ONLY;NO_D001_INCLUDE_OR_IMPORTANCE_INFERENCE"
"117","805d6462-1150-4f81-9cd7-89dcba96b9eb","SiC 晶圓／基板","c95a0960-44a4-4312-b0e9-9fc5c2205bd4","晶圓材料","TWO","6488","TWO:6488","8c06339d-aa2a-578e-a046-4e96be974f77","owner-topic-membership-20260824.v1","CORE","APPROVED","structural-role-authority-20260912.v4","2026-08-24","2026_REVISED_MARKET_UPDATE","structural-role-authority:structural-role-authority-20260912.v4","c35c15911c355766dbaa53e76629ae17c84f8d1bbc98e2053b7e87592c0274bc","PENDING_OWNER_REVIEW","PENDING_OWNER_REVIEW","PENDING_OWNER_REVIEW","NONE_RECOVERED","PENDING_OWNER_REVIEW","NOT_FORMAL_UNTIL_OWNER_APPROVAL","FORMAL_CORE_CANDIDATE_ONLY;NO_D001_INCLUDE_OR_IMPORTANCE_INFERENCE"
"118","a7d1b94e-9dc9-49a0-9cab-89816fae6db3","SiC／GaN 功率元件","f2150da0-01ac-48e1-8179-3e61742ea2a5","功率半導體","TPE","2342","TPE:2342","feba6ac7-f538-5fed-a73b-b618195dd6c4","owner-topic-membership-20260824.v1","CORE","APPROVED","structural-role-authority-20260912.v4","2026-08-24","fixtures/research/topic_universe_mapping.v1.csv","structural-role-authority:structural-role-authority-20260912.v4","c35c15911c355766dbaa53e76629ae17c84f8d1bbc98e2053b7e87592c0274bc","PENDING_OWNER_REVIEW","PENDING_OWNER_REVIEW","PENDING_OWNER_REVIEW","NONE_RECOVERED","PENDING_OWNER_REVIEW","NOT_FORMAL_UNTIL_OWNER_APPROVAL","FORMAL_CORE_CANDIDATE_ONLY;NO_D001_INCLUDE_OR_IMPORTANCE_INFERENCE"
"119","a7d1b94e-9dc9-49a0-9cab-89816fae6db3","SiC／GaN 功率元件","f2150da0-01ac-48e1-8179-3e61742ea2a5","功率半導體","TPE","2481","TPE:2481","ad6e5bde-fd56-5160-b82c-22eac1aa7d11","owner-topic-membership-20260824.v1","CORE","APPROVED","structural-role-authority-20260912.v4","2026-08-24","fixtures/research/topic_universe_mapping.v1.csv","structural-role-authority:structural-role-authority-20260912.v4","c35c15911c355766dbaa53e76629ae17c84f8d1bbc98e2053b7e87592c0274bc","PENDING_OWNER_REVIEW","PENDING_OWNER_REVIEW","PENDING_OWNER_REVIEW","NONE_RECOVERED","PENDING_OWNER_REVIEW","NOT_FORMAL_UNTIL_OWNER_APPROVAL","FORMAL_CORE_CANDIDATE_ONLY;NO_D001_INCLUDE_OR_IMPORTANCE_INFERENCE"
"120","a7d1b94e-9dc9-49a0-9cab-89816fae6db3","SiC／GaN 功率元件","f2150da0-01ac-48e1-8179-3e61742ea2a5","功率半導體","TWO","3675","TWO:3675","6fa6df96-0c80-50e6-91bc-5e085f6bb614","owner-topic-membership-20260824.v1","CORE","APPROVED","structural-role-authority-20260912.v4","2026-08-24","2026_NEW_TOPIC_ADDITION","structural-role-authority:structural-role-authority-20260912.v4","c35c15911c355766dbaa53e76629ae17c84f8d1bbc98e2053b7e87592c0274bc","PENDING_OWNER_REVIEW","PENDING_OWNER_REVIEW","PENDING_OWNER_REVIEW","NONE_RECOVERED","PENDING_OWNER_REVIEW","NOT_FORMAL_UNTIL_OWNER_APPROVAL","FORMAL_CORE_CANDIDATE_ONLY;NO_D001_INCLUDE_OR_IMPORTANCE_INFERENCE"
"121","58434a1f-3982-4a55-b32c-76b9f98a714e","一般封測","feb717be-0f98-4d14-beec-8e03a32ac267","封裝測試","TPE","2329","TPE:2329","7733775d-7812-5f4a-b445-d3e991dca5f2","owner-topic-membership-20260824.v1","CORE","APPROVED","structural-role-authority-20260912.v4","2026-08-24","fixtures/research/topic_universe_mapping.v1.csv","structural-role-authority:structural-role-authority-20260912.v4","c35c15911c355766dbaa53e76629ae17c84f8d1bbc98e2053b7e87592c0274bc","PENDING_OWNER_REVIEW","PENDING_OWNER_REVIEW","PENDING_OWNER_REVIEW","NONE_RECOVERED","PENDING_OWNER_REVIEW","NOT_FORMAL_UNTIL_OWNER_APPROVAL","FORMAL_CORE_CANDIDATE_ONLY;NO_D001_INCLUDE_OR_IMPORTANCE_INFERENCE"
"122","58434a1f-3982-4a55-b32c-76b9f98a714e","一般封測","feb717be-0f98-4d14-beec-8e03a32ac267","封裝測試","TPE","2441","TPE:2441","64575f91-4b07-564c-98a3-a8f4c59adb72","owner-topic-membership-20260824.v1","CORE","APPROVED","structural-role-authority-20260912.v4","2026-08-24","fixtures/research/topic_universe_mapping.v1.csv","structural-role-authority:structural-role-authority-20260912.v4","c35c15911c355766dbaa53e76629ae17c84f8d1bbc98e2053b7e87592c0274bc","PENDING_OWNER_REVIEW","PENDING_OWNER_REVIEW","PENDING_OWNER_REVIEW","NONE_RECOVERED","PENDING_OWNER_REVIEW","NOT_FORMAL_UNTIL_OWNER_APPROVAL","FORMAL_CORE_CANDIDATE_ONLY;NO_D001_INCLUDE_OR_IMPORTANCE_INFERENCE"
"123","58434a1f-3982-4a55-b32c-76b9f98a714e","一般封測","feb717be-0f98-4d14-beec-8e03a32ac267","封裝測試","TPE","3450","TPE:3450","0008e0ee-e41b-5e07-b8c1-442dcdd0a602","owner-topic-membership-20260824.v1","CORE","APPROVED","structural-role-authority-20260912.v4","2026-08-24","fixtures/research/topic_universe_mapping.v1.csv","structural-role-authority:structural-role-authority-20260912.v4","c35c15911c355766dbaa53e76629ae17c84f8d1bbc98e2053b7e87592c0274bc","PENDING_OWNER_REVIEW","PENDING_OWNER_REVIEW","PENDING_OWNER_REVIEW","NONE_RECOVERED","PENDING_OWNER_REVIEW","NOT_FORMAL_UNTIL_OWNER_APPROVAL","FORMAL_CORE_CANDIDATE_ONLY;NO_D001_INCLUDE_OR_IMPORTANCE_INFERENCE"
"124","58434a1f-3982-4a55-b32c-76b9f98a714e","一般封測","feb717be-0f98-4d14-beec-8e03a32ac267","封裝測試","TPE","6257","TPE:6257","98b2ed5e-6cad-5b7b-99dd-a469a7b83db9","owner-topic-membership-20260824.v1","CORE","APPROVED","structural-role-authority-20260912.v4","2026-08-24","fixtures/research/topic_universe_mapping.v1.csv","structural-role-authority:structural-role-authority-20260912.v4","c35c15911c355766dbaa53e76629ae17c84f8d1bbc98e2053b7e87592c0274bc","PENDING_OWNER_REVIEW","PENDING_OWNER_REVIEW","PENDING_OWNER_REVIEW","NONE_RECOVERED","PENDING_OWNER_REVIEW","NOT_FORMAL_UNTIL_OWNER_APPROVAL","FORMAL_CORE_CANDIDATE_ONLY;NO_D001_INCLUDE_OR_IMPORTANCE_INFERENCE"
"125","58434a1f-3982-4a55-b32c-76b9f98a714e","一般封測","feb717be-0f98-4d14-beec-8e03a32ac267","封裝測試","TPE","6271","TPE:6271","aae814c6-68d3-5af8-a25f-c497e64ca197","owner-topic-membership-20260824.v1","CORE","APPROVED","structural-role-authority-20260912.v4","2026-08-24","fixtures/research/topic_universe_mapping.v1.csv","structural-role-authority:structural-role-authority-20260912.v4","c35c15911c355766dbaa53e76629ae17c84f8d1bbc98e2053b7e87592c0274bc","PENDING_OWNER_REVIEW","PENDING_OWNER_REVIEW","PENDING_OWNER_REVIEW","NONE_RECOVERED","PENDING_OWNER_REVIEW","NOT_FORMAL_UNTIL_OWNER_APPROVAL","FORMAL_CORE_CANDIDATE_ONLY;NO_D001_INCLUDE_OR_IMPORTANCE_INFERENCE"
"126","58434a1f-3982-4a55-b32c-76b9f98a714e","一般封測","feb717be-0f98-4d14-beec-8e03a32ac267","封裝測試","TPE","6451","TPE:6451","fa9333dc-700e-5209-a9b0-44fbd64c2e50","owner-topic-membership-20260824.v1","CORE","APPROVED","structural-role-authority-20260912.v4","2026-08-24","2026_REVISED_MARKET_UPDATE","structural-role-authority:structural-role-authority-20260912.v4","c35c15911c355766dbaa53e76629ae17c84f8d1bbc98e2053b7e87592c0274bc","PENDING_OWNER_REVIEW","PENDING_OWNER_REVIEW","PENDING_OWNER_REVIEW","NONE_RECOVERED","PENDING_OWNER_REVIEW","NOT_FORMAL_UNTIL_OWNER_APPROVAL","FORMAL_CORE_CANDIDATE_ONLY;NO_D001_INCLUDE_OR_IMPORTANCE_INFERENCE"
"127","58434a1f-3982-4a55-b32c-76b9f98a714e","一般封測","feb717be-0f98-4d14-beec-8e03a32ac267","封裝測試","TPE","6525","TPE:6525","9a746435-73a1-50ee-98ed-bd69e7789a39","owner-topic-membership-20260824.v1","CORE","APPROVED","structural-role-authority-20260912.v4","2026-08-24","fixtures/research/topic_universe_mapping.v1.csv","structural-role-authority:structural-role-authority-20260912.v4","c35c15911c355766dbaa53e76629ae17c84f8d1bbc98e2053b7e87592c0274bc","PENDING_OWNER_REVIEW","PENDING_OWNER_REVIEW","PENDING_OWNER_REVIEW","NONE_RECOVERED","PENDING_OWNER_REVIEW","NOT_FORMAL_UNTIL_OWNER_APPROVAL","FORMAL_CORE_CANDIDATE_ONLY;NO_D001_INCLUDE_OR_IMPORTANCE_INFERENCE"
"128","58434a1f-3982-4a55-b32c-76b9f98a714e","一般封測","feb717be-0f98-4d14-beec-8e03a32ac267","封裝測試","TPE","8150","TPE:8150","d67b3621-be9e-563b-bd4b-9c69ca9c7bc1","owner-topic-membership-20260824.v1","CORE","APPROVED","structural-role-authority-20260912.v4","2026-08-24","fixtures/research/topic_universe_mapping.v1.csv","structural-role-authority:structural-role-authority-20260912.v4","c35c15911c355766dbaa53e76629ae17c84f8d1bbc98e2053b7e87592c0274bc","PENDING_OWNER_REVIEW","PENDING_OWNER_REVIEW","PENDING_OWNER_REVIEW","NONE_RECOVERED","PENDING_OWNER_REVIEW","NOT_FORMAL_UNTIL_OWNER_APPROVAL","FORMAL_CORE_CANDIDATE_ONLY;NO_D001_INCLUDE_OR_IMPORTANCE_INFERENCE"
"129","58434a1f-3982-4a55-b32c-76b9f98a714e","一般封測","feb717be-0f98-4d14-beec-8e03a32ac267","封裝測試","TWO","3264","TWO:3264","0b0cd280-40be-55ae-922e-1fc018458c16","owner-topic-membership-20260824.v1","CORE","APPROVED","structural-role-authority-20260912.v4","2026-08-24","fixtures/research/topic_universe_mapping.v1.csv","structural-role-authority:structural-role-authority-20260912.v4","c35c15911c355766dbaa53e76629ae17c84f8d1bbc98e2053b7e87592c0274bc","PENDING_OWNER_REVIEW","PENDING_OWNER_REVIEW","PENDING_OWNER_REVIEW","NONE_RECOVERED","PENDING_OWNER_REVIEW","NOT_FORMAL_UNTIL_OWNER_APPROVAL","FORMAL_CORE_CANDIDATE_ONLY;NO_D001_INCLUDE_OR_IMPORTANCE_INFERENCE"
"130","58434a1f-3982-4a55-b32c-76b9f98a714e","一般封測","feb717be-0f98-4d14-beec-8e03a32ac267","封裝測試","TWO","3265","TWO:3265","db9b2b4c-74ec-527a-b12d-7469500473a4","owner-topic-membership-20260824.v1","CORE","APPROVED","structural-role-authority-20260912.v4","2026-08-24","2026_REVISED_MARKET_UPDATE","structural-role-authority:structural-role-authority-20260912.v4","c35c15911c355766dbaa53e76629ae17c84f8d1bbc98e2053b7e87592c0274bc","PENDING_OWNER_REVIEW","PENDING_OWNER_REVIEW","PENDING_OWNER_REVIEW","NONE_RECOVERED","PENDING_OWNER_REVIEW","NOT_FORMAL_UNTIL_OWNER_APPROVAL","FORMAL_CORE_CANDIDATE_ONLY;NO_D001_INCLUDE_OR_IMPORTANCE_INFERENCE"
"131","1ad4cd46-8464-4934-87b1-4b391e2fc331","一般連接器","021b0ca0-cb50-489a-b97b-d4b10ad1d08f","電子連接","TPE","3605","TPE:3605","ffcea272-5224-5f8c-b7fe-99c1a19ed715","owner-topic-membership-20260824.v1","CORE","APPROVED","structural-role-authority-20260912.v4","2026-08-24","2026_REVISED_MARKET_UPDATE","structural-role-authority:structural-role-authority-20260912.v4","c35c15911c355766dbaa53e76629ae17c84f8d1bbc98e2053b7e87592c0274bc","PENDING_OWNER_REVIEW","PENDING_OWNER_REVIEW","PENDING_OWNER_REVIEW","NONE_RECOVERED","PENDING_OWNER_REVIEW","NOT_FORMAL_UNTIL_OWNER_APPROVAL","FORMAL_CORE_CANDIDATE_ONLY;NO_D001_INCLUDE_OR_IMPORTANCE_INFERENCE"
"132","1ad4cd46-8464-4934-87b1-4b391e2fc331","一般連接器","021b0ca0-cb50-489a-b97b-d4b10ad1d08f","電子連接","TWO","3484","TWO:3484","de82a056-4b18-5b75-bc5a-1dd6c5097a27","owner-topic-membership-20260824.v1","CORE","APPROVED","structural-role-authority-20260912.v4","2026-08-24","fixtures/research/topic_universe_mapping.v1.csv","structural-role-authority:structural-role-authority-20260912.v4","c35c15911c355766dbaa53e76629ae17c84f8d1bbc98e2053b7e87592c0274bc","PENDING_OWNER_REVIEW","PENDING_OWNER_REVIEW","PENDING_OWNER_REVIEW","NONE_RECOVERED","PENDING_OWNER_REVIEW","NOT_FORMAL_UNTIL_OWNER_APPROVAL","FORMAL_CORE_CANDIDATE_ONLY;NO_D001_INCLUDE_OR_IMPORTANCE_INFERENCE"
"133","057481af-6c02-491c-8719-8e591903a814","大型電子權值","a969261d-6206-45c9-9b8e-a8ae4cbdf49e","大型權值","TPE","2059","TPE:2059","4c724c0d-4a02-5dbe-bd45-2ce7f29aecd1","owner-topic-membership-20260824.v1","CORE","APPROVED","structural-role-authority-20260912.v4","2026-08-24","2026_NEW_TOPIC_ADDITION","structural-role-authority:structural-role-authority-20260912.v4","c35c15911c355766dbaa53e76629ae17c84f8d1bbc98e2053b7e87592c0274bc","PENDING_OWNER_REVIEW","PENDING_OWNER_REVIEW","PENDING_OWNER_REVIEW","NONE_RECOVERED","PENDING_OWNER_REVIEW","NOT_FORMAL_UNTIL_OWNER_APPROVAL","FORMAL_CORE_CANDIDATE_ONLY;NO_D001_INCLUDE_OR_IMPORTANCE_INFERENCE"
"134","057481af-6c02-491c-8719-8e591903a814","大型電子權值","a969261d-6206-45c9-9b8e-a8ae4cbdf49e","大型權值","TPE","2303","TPE:2303","b5fc5e39-b3f5-5924-b136-494755d3876b","owner-topic-membership-20260824.v1","CORE","APPROVED","structural-role-authority-20260912.v4","2026-08-24","fixtures/research/topic_universe_mapping.v1.csv","structural-role-authority:structural-role-authority-20260912.v4","c35c15911c355766dbaa53e76629ae17c84f8d1bbc98e2053b7e87592c0274bc","PENDING_OWNER_REVIEW","PENDING_OWNER_REVIEW","PENDING_OWNER_REVIEW","NONE_RECOVERED","PENDING_OWNER_REVIEW","NOT_FORMAL_UNTIL_OWNER_APPROVAL","FORMAL_CORE_CANDIDATE_ONLY;NO_D001_INCLUDE_OR_IMPORTANCE_INFERENCE"
"135","057481af-6c02-491c-8719-8e591903a814","大型電子權值","a969261d-6206-45c9-9b8e-a8ae4cbdf49e","大型權值","TPE","2327","TPE:2327","14257dae-53ba-5206-b862-c8af10aa549b","owner-topic-membership-20260824.v1","CORE","APPROVED","structural-role-authority-20260912.v4","2026-08-24","fixtures/research/topic_universe_mapping.v1.csv","structural-role-authority:structural-role-authority-20260912.v4","c35c15911c355766dbaa53e76629ae17c84f8d1bbc98e2053b7e87592c0274bc","PENDING_OWNER_REVIEW","PENDING_OWNER_REVIEW","PENDING_OWNER_REVIEW","NONE_RECOVERED","PENDING_OWNER_REVIEW","NOT_FORMAL_UNTIL_OWNER_APPROVAL","FORMAL_CORE_CANDIDATE_ONLY;NO_D001_INCLUDE_OR_IMPORTANCE_INFERENCE"
"136","057481af-6c02-491c-8719-8e591903a814","大型電子權值","a969261d-6206-45c9-9b8e-a8ae4cbdf49e","大型權值","TPE","2353","TPE:2353","ab4528e6-5f72-5e08-9548-87f98487fee8","owner-topic-membership-20260824.v1","CORE","APPROVED","structural-role-authority-20260912.v4","2026-08-24","fixtures/research/topic_universe_mapping.v1.csv","structural-role-authority:structural-role-authority-20260912.v4","c35c15911c355766dbaa53e76629ae17c84f8d1bbc98e2053b7e87592c0274bc","PENDING_OWNER_REVIEW","PENDING_OWNER_REVIEW","PENDING_OWNER_REVIEW","NONE_RECOVERED","PENDING_OWNER_REVIEW","NOT_FORMAL_UNTIL_OWNER_APPROVAL","FORMAL_CORE_CANDIDATE_ONLY;NO_D001_INCLUDE_OR_IMPORTANCE_INFERENCE"
"137","057481af-6c02-491c-8719-8e591903a814","大型電子權值","a969261d-6206-45c9-9b8e-a8ae4cbdf49e","大型權值","TPE","2356","TPE:2356","a61f1eec-35a5-52be-b7c1-dcfdef778c5b","owner-topic-membership-20260824.v1","CORE","APPROVED","structural-role-authority-20260912.v4","2026-08-24","fixtures/research/topic_universe_mapping.v1.csv","structural-role-authority:structural-role-authority-20260912.v4","c35c15911c355766dbaa53e76629ae17c84f8d1bbc98e2053b7e87592c0274bc","PENDING_OWNER_REVIEW","PENDING_OWNER_REVIEW","PENDING_OWNER_REVIEW","NONE_RECOVERED","PENDING_OWNER_REVIEW","NOT_FORMAL_UNTIL_OWNER_APPROVAL","FORMAL_CORE_CANDIDATE_ONLY;NO_D001_INCLUDE_OR_IMPORTANCE_INFERENCE"
"138","057481af-6c02-491c-8719-8e591903a814","大型電子權值","a969261d-6206-45c9-9b8e-a8ae4cbdf49e","大型權值","TPE","2357","TPE:2357","2e304aa9-f662-5ed6-aa1d-03e002c06359","owner-topic-membership-20260824.v1","CORE","APPROVED","structural-role-authority-20260912.v4","2026-08-24","fixtures/research/topic_universe_mapping.v1.csv","structural-role-authority:structural-role-authority-20260912.v4","c35c15911c355766dbaa53e76629ae17c84f8d1bbc98e2053b7e87592c0274bc","PENDING_OWNER_REVIEW","PENDING_OWNER_REVIEW","PENDING_OWNER_REVIEW","NONE_RECOVERED","PENDING_OWNER_REVIEW","NOT_FORMAL_UNTIL_OWNER_APPROVAL","FORMAL_CORE_CANDIDATE_ONLY;NO_D001_INCLUDE_OR_IMPORTANCE_INFERENCE"
"139","057481af-6c02-491c-8719-8e591903a814","大型電子權值","a969261d-6206-45c9-9b8e-a8ae4cbdf49e","大型權值","TPE","2360","TPE:2360","f1b271a3-9de4-5184-b0d4-f53c6e3046bc","owner-topic-membership-20260824.v1","CORE","APPROVED","structural-role-authority-20260912.v4","2026-08-24","fixtures/research/topic_universe_mapping.v1.csv","structural-role-authority:structural-role-authority-20260912.v4","c35c15911c355766dbaa53e76629ae17c84f8d1bbc98e2053b7e87592c0274bc","PENDING_OWNER_REVIEW","PENDING_OWNER_REVIEW","PENDING_OWNER_REVIEW","NONE_RECOVERED","PENDING_OWNER_REVIEW","NOT_FORMAL_UNTIL_OWNER_APPROVAL","FORMAL_CORE_CANDIDATE_ONLY;NO_D001_INCLUDE_OR_IMPORTANCE_INFERENCE"
"140","057481af-6c02-491c-8719-8e591903a814","大型電子權值","a969261d-6206-45c9-9b8e-a8ae4cbdf49e","大型權值","TPE","2492","TPE:2492","f1ece87e-d16f-5edf-95ac-0204a8a5dfee","owner-topic-membership-20260824.v1","CORE","APPROVED","structural-role-authority-20260912.v4","2026-08-24","fixtures/research/topic_universe_mapping.v1.csv","structural-role-authority:structural-role-authority-20260912.v4","c35c15911c355766dbaa53e76629ae17c84f8d1bbc98e2053b7e87592c0274bc","PENDING_OWNER_REVIEW","PENDING_OWNER_REVIEW","PENDING_OWNER_REVIEW","NONE_RECOVERED","PENDING_OWNER_REVIEW","NOT_FORMAL_UNTIL_OWNER_APPROVAL","FORMAL_CORE_CANDIDATE_ONLY;NO_D001_INCLUDE_OR_IMPORTANCE_INFERENCE"
"141","057481af-6c02-491c-8719-8e591903a814","大型電子權值","a969261d-6206-45c9-9b8e-a8ae4cbdf49e","大型權值","TPE","3003","TPE:3003","329d0ecc-f0e1-5fb2-ac99-dd020f33f7ec","owner-topic-membership-20260824.v1","CORE","APPROVED","structural-role-authority-20260912.v4","2026-08-24","2026_NEW_TOPIC_ADDITION","structural-role-authority:structural-role-authority-20260912.v4","c35c15911c355766dbaa53e76629ae17c84f8d1bbc98e2053b7e87592c0274bc","PENDING_OWNER_REVIEW","PENDING_OWNER_REVIEW","PENDING_OWNER_REVIEW","NONE_RECOVERED","PENDING_OWNER_REVIEW","NOT_FORMAL_UNTIL_OWNER_APPROVAL","FORMAL_CORE_CANDIDATE_ONLY;NO_D001_INCLUDE_OR_IMPORTANCE_INFERENCE"
"142","057481af-6c02-491c-8719-8e591903a814","大型電子權值","a969261d-6206-45c9-9b8e-a8ae4cbdf49e","大型權值","TPE","3037","TPE:3037","172ebf5b-9ae1-55cf-abf2-89c2ec8b9184","owner-topic-membership-20260824.v1","CORE","APPROVED","structural-role-authority-20260912.v4","2026-08-24","fixtures/research/topic_universe_mapping.v1.csv","structural-role-authority:structural-role-authority-20260912.v4","c35c15911c355766dbaa53e76629ae17c84f8d1bbc98e2053b7e87592c0274bc","PENDING_OWNER_REVIEW","PENDING_OWNER_REVIEW","PENDING_OWNER_REVIEW","NONE_RECOVERED","PENDING_OWNER_REVIEW","NOT_FORMAL_UNTIL_OWNER_APPROVAL","FORMAL_CORE_CANDIDATE_ONLY;NO_D001_INCLUDE_OR_IMPORTANCE_INFERENCE"
"143","057481af-6c02-491c-8719-8e591903a814","大型電子權值","a969261d-6206-45c9-9b8e-a8ae4cbdf49e","大型權值","TPE","3481","TPE:3481","d3028ac7-089f-5b31-ad3f-f25f8ea0366d","owner-topic-membership-20260824.v1","CORE","APPROVED","structural-role-authority-20260912.v4","2026-08-24","fixtures/research/topic_universe_mapping.v1.csv","structural-role-authority:structural-role-authority-20260912.v4","c35c15911c355766dbaa53e76629ae17c84f8d1bbc98e2053b7e87592c0274bc","PENDING_OWNER_REVIEW","PENDING_OWNER_REVIEW","PENDING_OWNER_REVIEW","NONE_RECOVERED","PENDING_OWNER_REVIEW","NOT_FORMAL_UNTIL_OWNER_APPROVAL","FORMAL_CORE_CANDIDATE_ONLY;NO_D001_INCLUDE_OR_IMPORTANCE_INFERENCE"
"144","057481af-6c02-491c-8719-8e591903a814","大型電子權值","a969261d-6206-45c9-9b8e-a8ae4cbdf49e","大型權值","TPE","3532","TPE:3532","81fab22f-33ae-5bf2-80de-ca18752c180d","owner-topic-membership-20260824.v1","CORE","APPROVED","structural-role-authority-20260912.v4","2026-08-24","2026_REVISED_MARKET_UPDATE","structural-role-authority:structural-role-authority-20260912.v4","c35c15911c355766dbaa53e76629ae17c84f8d1bbc98e2053b7e87592c0274bc","PENDING_OWNER_REVIEW","PENDING_OWNER_REVIEW","PENDING_OWNER_REVIEW","NONE_RECOVERED","PENDING_OWNER_REVIEW","NOT_FORMAL_UNTIL_OWNER_APPROVAL","FORMAL_CORE_CANDIDATE_ONLY;NO_D001_INCLUDE_OR_IMPORTANCE_INFERENCE"
"145","057481af-6c02-491c-8719-8e591903a814","大型電子權值","a969261d-6206-45c9-9b8e-a8ae4cbdf49e","大型權值","TPE","3533","TPE:3533","9d67ff1a-a602-5070-86cf-2843fbea9308","owner-topic-membership-20260824.v1","CORE","APPROVED","structural-role-authority-20260912.v4","2026-08-24","2026_NEW_TOPIC_ADDITION","structural-role-authority:structural-role-authority-20260912.v4","c35c15911c355766dbaa53e76629ae17c84f8d1bbc98e2053b7e87592c0274bc","PENDING_OWNER_REVIEW","PENDING_OWNER_REVIEW","PENDING_OWNER_REVIEW","NONE_RECOVERED","PENDING_OWNER_REVIEW","NOT_FORMAL_UNTIL_OWNER_APPROVAL","FORMAL_CORE_CANDIDATE_ONLY;NO_D001_INCLUDE_OR_IMPORTANCE_INFERENCE"
"146","057481af-6c02-491c-8719-8e591903a814","大型電子權值","a969261d-6206-45c9-9b8e-a8ae4cbdf49e","大型權值","TPE","3665","TPE:3665","a34fb9b1-8778-5a8f-af94-04df84fe3d87","owner-topic-membership-20260824.v1","CORE","APPROVED","structural-role-authority-20260912.v4","2026-08-24","2026_NEW_TOPIC_ADDITION","structural-role-authority:structural-role-authority-20260912.v4","c35c15911c355766dbaa53e76629ae17c84f8d1bbc98e2053b7e87592c0274bc","PENDING_OWNER_REVIEW","PENDING_OWNER_REVIEW","PENDING_OWNER_REVIEW","NONE_RECOVERED","PENDING_OWNER_REVIEW","NOT_FORMAL_UNTIL_OWNER_APPROVAL","FORMAL_CORE_CANDIDATE_ONLY;NO_D001_INCLUDE_OR_IMPORTANCE_INFERENCE"
"147","057481af-6c02-491c-8719-8e591903a814","大型電子權值","a969261d-6206-45c9-9b8e-a8ae4cbdf49e","大型權值","TPE","3702","TPE:3702","ee8d64d5-f93b-5506-a88d-4e1a2daa7255","owner-topic-membership-20260824.v1","CORE","APPROVED","structural-role-authority-20260912.v4","2026-08-24","2026_NEW_TOPIC_ADDITION","structural-role-authority:structural-role-authority-20260912.v4","c35c15911c355766dbaa53e76629ae17c84f8d1bbc98e2053b7e87592c0274bc","PENDING_OWNER_REVIEW","PENDING_OWNER_REVIEW","PENDING_OWNER_REVIEW","NONE_RECOVERED","PENDING_OWNER_REVIEW","NOT_FORMAL_UNTIL_OWNER_APPROVAL","FORMAL_CORE_CANDIDATE_ONLY;NO_D001_INCLUDE_OR_IMPORTANCE_INFERENCE"
"148","057481af-6c02-491c-8719-8e591903a814","大型電子權值","a969261d-6206-45c9-9b8e-a8ae4cbdf49e","大型權值","TPE","5269","TPE:5269","6ddc784e-7261-5e98-9fcd-38a915f15f95","owner-topic-membership-20260824.v1","CORE","APPROVED","structural-role-authority-20260912.v4","2026-08-24","fixtures/research/topic_universe_mapping.v1.csv","structural-role-authority:structural-role-authority-20260912.v4","c35c15911c355766dbaa53e76629ae17c84f8d1bbc98e2053b7e87592c0274bc","PENDING_OWNER_REVIEW","PENDING_OWNER_REVIEW","PENDING_OWNER_REVIEW","NONE_RECOVERED","PENDING_OWNER_REVIEW","NOT_FORMAL_UNTIL_OWNER_APPROVAL","FORMAL_CORE_CANDIDATE_ONLY;NO_D001_INCLUDE_OR_IMPORTANCE_INFERENCE"
"149","057481af-6c02-491c-8719-8e591903a814","大型電子權值","a969261d-6206-45c9-9b8e-a8ae4cbdf49e","大型權值","TPE","5434","TPE:5434","4cc987a9-b1ba-5659-bd99-17f9f526932e","owner-topic-membership-20260824.v1","CORE","APPROVED","structural-role-authority-20260912.v4","2026-08-24","fixtures/research/topic_universe_mapping.v1.csv","structural-role-authority:structural-role-authority-20260912.v4","c35c15911c355766dbaa53e76629ae17c84f8d1bbc98e2053b7e87592c0274bc","PENDING_OWNER_REVIEW","PENDING_OWNER_REVIEW","PENDING_OWNER_REVIEW","NONE_RECOVERED","PENDING_OWNER_REVIEW","NOT_FORMAL_UNTIL_OWNER_APPROVAL","FORMAL_CORE_CANDIDATE_ONLY;NO_D001_INCLUDE_OR_IMPORTANCE_INFERENCE"
"150","057481af-6c02-491c-8719-8e591903a814","大型電子權值","a969261d-6206-45c9-9b8e-a8ae4cbdf49e","大型權值","TPE","6451","TPE:6451","2efdaddd-df33-57a7-8b1c-8e38725b11d6","owner-topic-membership-20260824.v1","CORE","APPROVED","structural-role-authority-20260912.v4","2026-08-24","2026_NEW_TOPIC_ADDITION","structural-role-authority:structural-role-authority-20260912.v4","c35c15911c355766dbaa53e76629ae17c84f8d1bbc98e2053b7e87592c0274bc","PENDING_OWNER_REVIEW","PENDING_OWNER_REVIEW","PENDING_OWNER_REVIEW","NONE_RECOVERED","PENDING_OWNER_REVIEW","NOT_FORMAL_UNTIL_OWNER_APPROVAL","FORMAL_CORE_CANDIDATE_ONLY;NO_D001_INCLUDE_OR_IMPORTANCE_INFERENCE"
"151","057481af-6c02-491c-8719-8e591903a814","大型電子權值","a969261d-6206-45c9-9b8e-a8ae4cbdf49e","大型權值","TPE","6526","TPE:6526","9dab9252-8bbc-579c-8346-cd6495282ab0","owner-topic-membership-20260824.v1","CORE","APPROVED","structural-role-authority-20260912.v4","2026-08-24","fixtures/research/topic_universe_mapping.v1.csv","structural-role-authority:structural-role-authority-20260912.v4","c35c15911c355766dbaa53e76629ae17c84f8d1bbc98e2053b7e87592c0274bc","PENDING_OWNER_REVIEW","PENDING_OWNER_REVIEW","PENDING_OWNER_REVIEW","NONE_RECOVERED","PENDING_OWNER_REVIEW","NOT_FORMAL_UNTIL_OWNER_APPROVAL","FORMAL_CORE_CANDIDATE_ONLY;NO_D001_INCLUDE_OR_IMPORTANCE_INFERENCE"
"152","057481af-6c02-491c-8719-8e591903a814","大型電子權值","a969261d-6206-45c9-9b8e-a8ae4cbdf49e","大型權值","TPE","6781","TPE:6781","217c9379-616a-5a3f-8a9d-0d661413da73","owner-topic-membership-20260824.v1","CORE","APPROVED","structural-role-authority-20260912.v4","2026-08-24","2026_NEW_TOPIC_ADDITION","structural-role-authority:structural-role-authority-20260912.v4","c35c15911c355766dbaa53e76629ae17c84f8d1bbc98e2053b7e87592c0274bc","PENDING_OWNER_REVIEW","PENDING_OWNER_REVIEW","PENDING_OWNER_REVIEW","NONE_RECOVERED","PENDING_OWNER_REVIEW","NOT_FORMAL_UNTIL_OWNER_APPROVAL","FORMAL_CORE_CANDIDATE_ONLY;NO_D001_INCLUDE_OR_IMPORTANCE_INFERENCE"
"153","057481af-6c02-491c-8719-8e591903a814","大型電子權值","a969261d-6206-45c9-9b8e-a8ae4cbdf49e","大型權值","TPE","8016","TPE:8016","c9d3e995-4316-5309-b162-55effc834eb4","owner-topic-membership-20260824.v1","CORE","APPROVED","structural-role-authority-20260912.v4","2026-08-24","fixtures/research/topic_universe_mapping.v1.csv","structural-role-authority:structural-role-authority-20260912.v4","c35c15911c355766dbaa53e76629ae17c84f8d1bbc98e2053b7e87592c0274bc","PENDING_OWNER_REVIEW","PENDING_OWNER_REVIEW","PENDING_OWNER_REVIEW","NONE_RECOVERED","PENDING_OWNER_REVIEW","NOT_FORMAL_UNTIL_OWNER_APPROVAL","FORMAL_CORE_CANDIDATE_ONLY;NO_D001_INCLUDE_OR_IMPORTANCE_INFERENCE"
"154","057481af-6c02-491c-8719-8e591903a814","大型電子權值","a969261d-6206-45c9-9b8e-a8ae4cbdf49e","大型權值","TPE","8046","TPE:8046","3c19a4e7-61d2-5c55-a371-921e07385fba","owner-topic-membership-20260824.v1","CORE","APPROVED","structural-role-authority-20260912.v4","2026-08-24","fixtures/research/topic_universe_mapping.v1.csv","structural-role-authority:structural-role-authority-20260912.v4","c35c15911c355766dbaa53e76629ae17c84f8d1bbc98e2053b7e87592c0274bc","PENDING_OWNER_REVIEW","PENDING_OWNER_REVIEW","PENDING_OWNER_REVIEW","NONE_RECOVERED","PENDING_OWNER_REVIEW","NOT_FORMAL_UNTIL_OWNER_APPROVAL","FORMAL_CORE_CANDIDATE_ONLY;NO_D001_INCLUDE_OR_IMPORTANCE_INFERENCE"
"155","057481af-6c02-491c-8719-8e591903a814","大型電子權值","a969261d-6206-45c9-9b8e-a8ae4cbdf49e","大型權值","TPE","8210","TPE:8210","21b9b7d4-51e3-5b2c-8475-acf34f4efb82","owner-topic-membership-20260824.v1","CORE","APPROVED","structural-role-authority-20260912.v4","2026-08-24","fixtures/research/topic_universe_mapping.v1.csv","structural-role-authority:structural-role-authority-20260912.v4","c35c15911c355766dbaa53e76629ae17c84f8d1bbc98e2053b7e87592c0274bc","PENDING_OWNER_REVIEW","PENDING_OWNER_REVIEW","PENDING_OWNER_REVIEW","NONE_RECOVERED","PENDING_OWNER_REVIEW","NOT_FORMAL_UNTIL_OWNER_APPROVAL","FORMAL_CORE_CANDIDATE_ONLY;NO_D001_INCLUDE_OR_IMPORTANCE_INFERENCE"
"156","057481af-6c02-491c-8719-8e591903a814","大型電子權值","a969261d-6206-45c9-9b8e-a8ae4cbdf49e","大型權值","TWO","5347","TWO:5347","b90ad0f6-8c7d-5d9b-85e8-685c17103f0c","owner-topic-membership-20260824.v1","CORE","APPROVED","structural-role-authority-20260912.v4","2026-08-24","fixtures/research/topic_universe_mapping.v1.csv","structural-role-authority:structural-role-authority-20260912.v4","c35c15911c355766dbaa53e76629ae17c84f8d1bbc98e2053b7e87592c0274bc","PENDING_OWNER_REVIEW","PENDING_OWNER_REVIEW","PENDING_OWNER_REVIEW","NONE_RECOVERED","PENDING_OWNER_REVIEW","NOT_FORMAL_UNTIL_OWNER_APPROVAL","FORMAL_CORE_CANDIDATE_ONLY;NO_D001_INCLUDE_OR_IMPORTANCE_INFERENCE"
"157","057481af-6c02-491c-8719-8e591903a814","大型電子權值","a969261d-6206-45c9-9b8e-a8ae4cbdf49e","大型權值","TWO","5483","TWO:5483","094512a6-3bce-53f3-bda6-7fb86e8e4d2c","owner-topic-membership-20260824.v1","CORE","APPROVED","structural-role-authority-20260912.v4","2026-08-24","2026_NEW_TOPIC_ADDITION","structural-role-authority:structural-role-authority-20260912.v4","c35c15911c355766dbaa53e76629ae17c84f8d1bbc98e2053b7e87592c0274bc","PENDING_OWNER_REVIEW","PENDING_OWNER_REVIEW","PENDING_OWNER_REVIEW","NONE_RECOVERED","PENDING_OWNER_REVIEW","NOT_FORMAL_UNTIL_OWNER_APPROVAL","FORMAL_CORE_CANDIDATE_ONLY;NO_D001_INCLUDE_OR_IMPORTANCE_INFERENCE"
"158","057481af-6c02-491c-8719-8e591903a814","大型電子權值","a969261d-6206-45c9-9b8e-a8ae4cbdf49e","大型權值","TWO","6147","TWO:6147","daf6cb1a-d706-5653-8a81-c6318abef499","owner-topic-membership-20260824.v1","CORE","APPROVED","structural-role-authority-20260912.v4","2026-08-24","fixtures/research/topic_universe_mapping.v1.csv","structural-role-authority:structural-role-authority-20260912.v4","c35c15911c355766dbaa53e76629ae17c84f8d1bbc98e2053b7e87592c0274bc","PENDING_OWNER_REVIEW","PENDING_OWNER_REVIEW","PENDING_OWNER_REVIEW","NONE_RECOVERED","PENDING_OWNER_REVIEW","NOT_FORMAL_UNTIL_OWNER_APPROVAL","FORMAL_CORE_CANDIDATE_ONLY;NO_D001_INCLUDE_OR_IMPORTANCE_INFERENCE"
"159","057481af-6c02-491c-8719-8e591903a814","大型電子權值","a969261d-6206-45c9-9b8e-a8ae4cbdf49e","大型權值","TWO","8054","TWO:8054","b866d9a4-480f-5fd9-b983-a4d2df1de20b","owner-topic-membership-20260824.v1","CORE","APPROVED","structural-role-authority-20260912.v4","2026-08-24","fixtures/research/topic_universe_mapping.v1.csv","structural-role-authority:structural-role-authority-20260912.v4","c35c15911c355766dbaa53e76629ae17c84f8d1bbc98e2053b7e87592c0274bc","PENDING_OWNER_REVIEW","PENDING_OWNER_REVIEW","PENDING_OWNER_REVIEW","NONE_RECOVERED","PENDING_OWNER_REVIEW","NOT_FORMAL_UNTIL_OWNER_APPROVAL","FORMAL_CORE_CANDIDATE_ONLY;NO_D001_INCLUDE_OR_IMPORTANCE_INFERENCE"
"160","caa90047-d807-4e29-a72c-d38c3f525a55","工業自動化","b482ef24-3870-4ba0-915c-6ad6cf92c611","自動化與機器人","TPE","1504","TPE:1504","ded5c029-36b6-565e-a070-d96b1c8ca31b","owner-topic-membership-20260824.v1","CORE","APPROVED","structural-role-authority-20260912.v4","2026-08-24","fixtures/research/topic_universe_mapping.v1.csv","structural-role-authority:structural-role-authority-20260912.v4","c35c15911c355766dbaa53e76629ae17c84f8d1bbc98e2053b7e87592c0274bc","PENDING_OWNER_REVIEW","PENDING_OWNER_REVIEW","PENDING_OWNER_REVIEW","NONE_RECOVERED","PENDING_OWNER_REVIEW","NOT_FORMAL_UNTIL_OWNER_APPROVAL","FORMAL_CORE_CANDIDATE_ONLY;NO_D001_INCLUDE_OR_IMPORTANCE_INFERENCE"
"161","caa90047-d807-4e29-a72c-d38c3f525a55","工業自動化","b482ef24-3870-4ba0-915c-6ad6cf92c611","自動化與機器人","TPE","1597","TPE:1597","c7915467-09bd-5545-9448-b27d25caca92","owner-topic-membership-20260824.v1","CORE","APPROVED","structural-role-authority-20260912.v4","2026-08-24","2026_REVISED_MARKET_UPDATE","structural-role-authority:structural-role-authority-20260912.v4","c35c15911c355766dbaa53e76629ae17c84f8d1bbc98e2053b7e87592c0274bc","PENDING_OWNER_REVIEW","PENDING_OWNER_REVIEW","PENDING_OWNER_REVIEW","NONE_RECOVERED","PENDING_OWNER_REVIEW","NOT_FORMAL_UNTIL_OWNER_APPROVAL","FORMAL_CORE_CANDIDATE_ONLY;NO_D001_INCLUDE_OR_IMPORTANCE_INFERENCE"
"162","caa90047-d807-4e29-a72c-d38c3f525a55","工業自動化","b482ef24-3870-4ba0-915c-6ad6cf92c611","自動化與機器人","TPE","2360","TPE:2360","0906f2d9-2d5a-5e47-9656-3a3363f6ac6b","owner-topic-membership-20260824.v1","CORE","APPROVED","structural-role-authority-20260912.v4","2026-08-24","fixtures/research/topic_universe_mapping.v1.csv","structural-role-authority:structural-role-authority-20260912.v4","c35c15911c355766dbaa53e76629ae17c84f8d1bbc98e2053b7e87592c0274bc","PENDING_OWNER_REVIEW","PENDING_OWNER_REVIEW","PENDING_OWNER_REVIEW","NONE_RECOVERED","PENDING_OWNER_REVIEW","NOT_FORMAL_UNTIL_OWNER_APPROVAL","FORMAL_CORE_CANDIDATE_ONLY;NO_D001_INCLUDE_OR_IMPORTANCE_INFERENCE"
"163","caa90047-d807-4e29-a72c-d38c3f525a55","工業自動化","b482ef24-3870-4ba0-915c-6ad6cf92c611","自動化與機器人","TPE","2464","TPE:2464","383fbfa5-3430-5df5-9a91-bad4fab334a7","owner-topic-membership-20260824.v1","CORE","APPROVED","structural-role-authority-20260912.v4","2026-08-24","fixtures/research/topic_universe_mapping.v1.csv","structural-role-authority:structural-role-authority-20260912.v4","c35c15911c355766dbaa53e76629ae17c84f8d1bbc98e2053b7e87592c0274bc","PENDING_OWNER_REVIEW","PENDING_OWNER_REVIEW","PENDING_OWNER_REVIEW","NONE_RECOVERED","PENDING_OWNER_REVIEW","NOT_FORMAL_UNTIL_OWNER_APPROVAL","FORMAL_CORE_CANDIDATE_ONLY;NO_D001_INCLUDE_OR_IMPORTANCE_INFERENCE"
"164","caa90047-d807-4e29-a72c-d38c3f525a55","工業自動化","b482ef24-3870-4ba0-915c-6ad6cf92c611","自動化與機器人","TPE","3022","TPE:3022","e505683d-a35b-501e-b68a-fd81e30dbd4c","owner-topic-membership-20260824.v1","CORE","APPROVED","structural-role-authority-20260912.v4","2026-08-24","fixtures/research/topic_universe_mapping.v1.csv","structural-role-authority:structural-role-authority-20260912.v4","c35c15911c355766dbaa53e76629ae17c84f8d1bbc98e2053b7e87592c0274bc","PENDING_OWNER_REVIEW","PENDING_OWNER_REVIEW","PENDING_OWNER_REVIEW","NONE_RECOVERED","PENDING_OWNER_REVIEW","NOT_FORMAL_UNTIL_OWNER_APPROVAL","FORMAL_CORE_CANDIDATE_ONLY;NO_D001_INCLUDE_OR_IMPORTANCE_INFERENCE"
"165","caa90047-d807-4e29-a72c-d38c3f525a55","工業自動化","b482ef24-3870-4ba0-915c-6ad6cf92c611","自動化與機器人","TPE","4540","TPE:4540","4d47023f-445a-50c5-8f2e-8df88f6136c9","owner-topic-membership-20260824.v1","CORE","APPROVED","structural-role-authority-20260912.v4","2026-08-24","fixtures/research/topic_universe_mapping.v1.csv","structural-role-authority:structural-role-authority-20260912.v4","c35c15911c355766dbaa53e76629ae17c84f8d1bbc98e2053b7e87592c0274bc","PENDING_OWNER_REVIEW","PENDING_OWNER_REVIEW","PENDING_OWNER_REVIEW","NONE_RECOVERED","PENDING_OWNER_REVIEW","NOT_FORMAL_UNTIL_OWNER_APPROVAL","FORMAL_CORE_CANDIDATE_ONLY;NO_D001_INCLUDE_OR_IMPORTANCE_INFERENCE"
"166","caa90047-d807-4e29-a72c-d38c3f525a55","工業自動化","b482ef24-3870-4ba0-915c-6ad6cf92c611","自動化與機器人","TPE","4562","TPE:4562","d50d3e6a-42cc-527a-bbe6-178d2b681965","owner-topic-membership-20260824.v1","CORE","APPROVED","structural-role-authority-20260912.v4","2026-08-24","fixtures/research/topic_universe_mapping.v1.csv","structural-role-authority:structural-role-authority-20260912.v4","c35c15911c355766dbaa53e76629ae17c84f8d1bbc98e2053b7e87592c0274bc","PENDING_OWNER_REVIEW","PENDING_OWNER_REVIEW","PENDING_OWNER_REVIEW","NONE_RECOVERED","PENDING_OWNER_REVIEW","NOT_FORMAL_UNTIL_OWNER_APPROVAL","FORMAL_CORE_CANDIDATE_ONLY;NO_D001_INCLUDE_OR_IMPORTANCE_INFERENCE"
"167","caa90047-d807-4e29-a72c-d38c3f525a55","工業自動化","b482ef24-3870-4ba0-915c-6ad6cf92c611","自動化與機器人","TPE","4576","TPE:4576","e325b7bf-a75f-5747-a266-8e7a1086a0db","owner-topic-membership-20260824.v1","CORE","APPROVED","structural-role-authority-20260912.v4","2026-08-24","fixtures/research/topic_universe_mapping.v1.csv","structural-role-authority:structural-role-authority-20260912.v4","c35c15911c355766dbaa53e76629ae17c84f8d1bbc98e2053b7e87592c0274bc","PENDING_OWNER_REVIEW","PENDING_OWNER_REVIEW","PENDING_OWNER_REVIEW","NONE_RECOVERED","PENDING_OWNER_REVIEW","NOT_FORMAL_UNTIL_OWNER_APPROVAL","FORMAL_CORE_CANDIDATE_ONLY;NO_D001_INCLUDE_OR_IMPORTANCE_INFERENCE"
"168","caa90047-d807-4e29-a72c-d38c3f525a55","工業自動化","b482ef24-3870-4ba0-915c-6ad6cf92c611","自動化與機器人","TPE","6166","TPE:6166","81b36950-ef28-5633-8aab-3460e4a24516","owner-topic-membership-20260824.v1","CORE","APPROVED","structural-role-authority-20260912.v4","2026-08-24","fixtures/research/topic_universe_mapping.v1.csv","structural-role-authority:structural-role-authority-20260912.v4","c35c15911c355766dbaa53e76629ae17c84f8d1bbc98e2053b7e87592c0274bc","PENDING_OWNER_REVIEW","PENDING_OWNER_REVIEW","PENDING_OWNER_REVIEW","NONE_RECOVERED","PENDING_OWNER_REVIEW","NOT_FORMAL_UNTIL_OWNER_APPROVAL","FORMAL_CORE_CANDIDATE_ONLY;NO_D001_INCLUDE_OR_IMPORTANCE_INFERENCE"
"169","caa90047-d807-4e29-a72c-d38c3f525a55","工業自動化","b482ef24-3870-4ba0-915c-6ad6cf92c611","自動化與機器人","TPE","6196","TPE:6196","a4725efe-ba5c-58bc-9cae-e1a4cf0c3c9d","owner-topic-membership-20260824.v1","CORE","APPROVED","structural-role-authority-20260912.v4","2026-08-24","2026_REVISED_MARKET_UPDATE","structural-role-authority:structural-role-authority-20260912.v4","c35c15911c355766dbaa53e76629ae17c84f8d1bbc98e2053b7e87592c0274bc","PENDING_OWNER_REVIEW","PENDING_OWNER_REVIEW","PENDING_OWNER_REVIEW","NONE_RECOVERED","PENDING_OWNER_REVIEW","NOT_FORMAL_UNTIL_OWNER_APPROVAL","FORMAL_CORE_CANDIDATE_ONLY;NO_D001_INCLUDE_OR_IMPORTANCE_INFERENCE"
"170","caa90047-d807-4e29-a72c-d38c3f525a55","工業自動化","b482ef24-3870-4ba0-915c-6ad6cf92c611","自動化與機器人","TPE","6215","TPE:6215","1f349b87-d732-5723-af4a-564954f9652f","owner-topic-membership-20260824.v1","CORE","APPROVED","structural-role-authority-20260912.v4","2026-08-24","fixtures/research/topic_universe_mapping.v1.csv","structural-role-authority:structural-role-authority-20260912.v4","c35c15911c355766dbaa53e76629ae17c84f8d1bbc98e2053b7e87592c0274bc","PENDING_OWNER_REVIEW","PENDING_OWNER_REVIEW","PENDING_OWNER_REVIEW","NONE_RECOVERED","PENDING_OWNER_REVIEW","NOT_FORMAL_UNTIL_OWNER_APPROVAL","FORMAL_CORE_CANDIDATE_ONLY;NO_D001_INCLUDE_OR_IMPORTANCE_INFERENCE"
"171","caa90047-d807-4e29-a72c-d38c3f525a55","工業自動化","b482ef24-3870-4ba0-915c-6ad6cf92c611","自動化與機器人","TPE","7750","TPE:7750","0c034e8e-cf51-51e9-88f4-16607486d9d2","owner-topic-membership-20260824.v1","CORE","APPROVED","structural-role-authority-20260912.v4","2026-08-24","fixtures/research/topic_universe_mapping.v1.csv","structural-role-authority:structural-role-authority-20260912.v4","c35c15911c355766dbaa53e76629ae17c84f8d1bbc98e2053b7e87592c0274bc","PENDING_OWNER_REVIEW","PENDING_OWNER_REVIEW","PENDING_OWNER_REVIEW","NONE_RECOVERED","PENDING_OWNER_REVIEW","NOT_FORMAL_UNTIL_OWNER_APPROVAL","FORMAL_CORE_CANDIDATE_ONLY;NO_D001_INCLUDE_OR_IMPORTANCE_INFERENCE"
"172","caa90047-d807-4e29-a72c-d38c3f525a55","工業自動化","b482ef24-3870-4ba0-915c-6ad6cf92c611","自動化與機器人","TWO","3498","TWO:3498","0fac62ce-9718-568e-a638-b40fd2b77041","owner-topic-membership-20260824.v1","CORE","APPROVED","structural-role-authority-20260912.v4","2026-08-24","fixtures/research/topic_universe_mapping.v1.csv","structural-role-authority:structural-role-authority-20260912.v4","c35c15911c355766dbaa53e76629ae17c84f8d1bbc98e2053b7e87592c0274bc","PENDING_OWNER_REVIEW","PENDING_OWNER_REVIEW","PENDING_OWNER_REVIEW","NONE_RECOVERED","PENDING_OWNER_REVIEW","NOT_FORMAL_UNTIL_OWNER_APPROVAL","FORMAL_CORE_CANDIDATE_ONLY;NO_D001_INCLUDE_OR_IMPORTANCE_INFERENCE"
"173","caa90047-d807-4e29-a72c-d38c3f525a55","工業自動化","b482ef24-3870-4ba0-915c-6ad6cf92c611","自動化與機器人","TWO","5443","TWO:5443","fe8854cd-3da6-5822-9604-1a935de56c2c","owner-topic-membership-20260824.v1","CORE","APPROVED","structural-role-authority-20260912.v4","2026-08-24","fixtures/research/topic_universe_mapping.v1.csv","structural-role-authority:structural-role-authority-20260912.v4","c35c15911c355766dbaa53e76629ae17c84f8d1bbc98e2053b7e87592c0274bc","PENDING_OWNER_REVIEW","PENDING_OWNER_REVIEW","PENDING_OWNER_REVIEW","NONE_RECOVERED","PENDING_OWNER_REVIEW","NOT_FORMAL_UNTIL_OWNER_APPROVAL","FORMAL_CORE_CANDIDATE_ONLY;NO_D001_INCLUDE_OR_IMPORTANCE_INFERENCE"
"174","caa90047-d807-4e29-a72c-d38c3f525a55","工業自動化","b482ef24-3870-4ba0-915c-6ad6cf92c611","自動化與機器人","TWO","6125","TWO:6125","78bedd9e-41f1-572d-9c82-40c4091cadca","owner-topic-membership-20260824.v1","CORE","APPROVED","structural-role-authority-20260912.v4","2026-08-24","fixtures/research/topic_universe_mapping.v1.csv","structural-role-authority:structural-role-authority-20260912.v4","c35c15911c355766dbaa53e76629ae17c84f8d1bbc98e2053b7e87592c0274bc","PENDING_OWNER_REVIEW","PENDING_OWNER_REVIEW","PENDING_OWNER_REVIEW","NONE_RECOVERED","PENDING_OWNER_REVIEW","NOT_FORMAL_UNTIL_OWNER_APPROVAL","FORMAL_CORE_CANDIDATE_ONLY;NO_D001_INCLUDE_OR_IMPORTANCE_INFERENCE"
"175","caa90047-d807-4e29-a72c-d38c3f525a55","工業自動化","b482ef24-3870-4ba0-915c-6ad6cf92c611","自動化與機器人","TWO","6570","TWO:6570","1f8e47d4-ff6b-5ab9-b581-7e5046f6bdef","owner-topic-membership-20260824.v1","CORE","APPROVED","structural-role-authority-20260912.v4","2026-08-24","fixtures/research/topic_universe_mapping.v1.csv","structural-role-authority:structural-role-authority-20260912.v4","c35c15911c355766dbaa53e76629ae17c84f8d1bbc98e2053b7e87592c0274bc","PENDING_OWNER_REVIEW","PENDING_OWNER_REVIEW","PENDING_OWNER_REVIEW","NONE_RECOVERED","PENDING_OWNER_REVIEW","NOT_FORMAL_UNTIL_OWNER_APPROVAL","FORMAL_CORE_CANDIDATE_ONLY;NO_D001_INCLUDE_OR_IMPORTANCE_INFERENCE"
"176","caa90047-d807-4e29-a72c-d38c3f525a55","工業自動化","b482ef24-3870-4ba0-915c-6ad6cf92c611","自動化與機器人","TWO","6870","TWO:6870","3bf95006-8d07-54e1-a8d9-986e99a103d0","owner-topic-membership-20260824.v1","CORE","APPROVED","structural-role-authority-20260912.v4","2026-08-24","fixtures/research/topic_universe_mapping.v1.csv","structural-role-authority:structural-role-authority-20260912.v4","c35c15911c355766dbaa53e76629ae17c84f8d1bbc98e2053b7e87592c0274bc","PENDING_OWNER_REVIEW","PENDING_OWNER_REVIEW","PENDING_OWNER_REVIEW","NONE_RECOVERED","PENDING_OWNER_REVIEW","NOT_FORMAL_UNTIL_OWNER_APPROVAL","FORMAL_CORE_CANDIDATE_ONLY;NO_D001_INCLUDE_OR_IMPORTANCE_INFERENCE"
"177","caa90047-d807-4e29-a72c-d38c3f525a55","工業自動化","b482ef24-3870-4ba0-915c-6ad6cf92c611","自動化與機器人","TWO","7709","TWO:7709","1d17e150-6a0d-5f9d-b407-8c2cd8a0d088","owner-topic-membership-20260824.v1","CORE","APPROVED","structural-role-authority-20260912.v4","2026-08-24","fixtures/research/topic_universe_mapping.v1.csv","structural-role-authority:structural-role-authority-20260912.v4","c35c15911c355766dbaa53e76629ae17c84f8d1bbc98e2053b7e87592c0274bc","PENDING_OWNER_REVIEW","PENDING_OWNER_REVIEW","PENDING_OWNER_REVIEW","NONE_RECOVERED","PENDING_OWNER_REVIEW","NOT_FORMAL_UNTIL_OWNER_APPROVAL","FORMAL_CORE_CANDIDATE_ONLY;NO_D001_INCLUDE_OR_IMPORTANCE_INFERENCE"
"178","41a04db1-5dc2-4dce-904d-189a602f5461","化工原料／塑化報價","81af7f8d-db2a-46cc-814b-18345e8e32bb","傳統產業材料","TPE","1303","TPE:1303","59fa0aad-5322-58c9-8c19-7ca856c0b529","owner-topic-membership-20260824.v1","CORE","APPROVED","structural-role-authority-20260912.v4","2026-08-24","2026_REVISED_MARKET_UPDATE","structural-role-authority:structural-role-authority-20260912.v4","c35c15911c355766dbaa53e76629ae17c84f8d1bbc98e2053b7e87592c0274bc","PENDING_OWNER_REVIEW","PENDING_OWNER_REVIEW","PENDING_OWNER_REVIEW","NONE_RECOVERED","PENDING_OWNER_REVIEW","NOT_FORMAL_UNTIL_OWNER_APPROVAL","FORMAL_CORE_CANDIDATE_ONLY;NO_D001_INCLUDE_OR_IMPORTANCE_INFERENCE"
"179","41a04db1-5dc2-4dce-904d-189a602f5461","化工原料／塑化報價","81af7f8d-db2a-46cc-814b-18345e8e32bb","傳統產業材料","TPE","1304","TPE:1304","34e92cf5-38f9-5ca6-bf27-fd869e3b77f2","owner-topic-membership-20260824.v1","CORE","APPROVED","structural-role-authority-20260912.v4","2026-08-24","fixtures/research/topic_universe_mapping.v1.csv","structural-role-authority:structural-role-authority-20260912.v4","c35c15911c355766dbaa53e76629ae17c84f8d1bbc98e2053b7e87592c0274bc","PENDING_OWNER_REVIEW","PENDING_OWNER_REVIEW","PENDING_OWNER_REVIEW","NONE_RECOVERED","PENDING_OWNER_REVIEW","NOT_FORMAL_UNTIL_OWNER_APPROVAL","FORMAL_CORE_CANDIDATE_ONLY;NO_D001_INCLUDE_OR_IMPORTANCE_INFERENCE"
"180","41a04db1-5dc2-4dce-904d-189a602f5461","化工原料／塑化報價","81af7f8d-db2a-46cc-814b-18345e8e32bb","傳統產業材料","TPE","1314","TPE:1314","407fa3bc-e8e6-5d5b-a0d7-e97a602ba68a","owner-topic-membership-20260824.v1","CORE","APPROVED","structural-role-authority-20260912.v4","2026-08-24","fixtures/research/topic_universe_mapping.v1.csv","structural-role-authority:structural-role-authority-20260912.v4","c35c15911c355766dbaa53e76629ae17c84f8d1bbc98e2053b7e87592c0274bc","PENDING_OWNER_REVIEW","PENDING_OWNER_REVIEW","PENDING_OWNER_REVIEW","NONE_RECOVERED","PENDING_OWNER_REVIEW","NOT_FORMAL_UNTIL_OWNER_APPROVAL","FORMAL_CORE_CANDIDATE_ONLY;NO_D001_INCLUDE_OR_IMPORTANCE_INFERENCE"
"181","41a04db1-5dc2-4dce-904d-189a602f5461","化工原料／塑化報價","81af7f8d-db2a-46cc-814b-18345e8e32bb","傳統產業材料","TPE","1326","TPE:1326","50e7d4db-f9d4-50bb-8ccb-4019b4a30f33","owner-topic-membership-20260824.v1","CORE","APPROVED","structural-role-authority-20260912.v4","2026-08-24","fixtures/research/topic_universe_mapping.v1.csv","structural-role-authority:structural-role-authority-20260912.v4","c35c15911c355766dbaa53e76629ae17c84f8d1bbc98e2053b7e87592c0274bc","PENDING_OWNER_REVIEW","PENDING_OWNER_REVIEW","PENDING_OWNER_REVIEW","NONE_RECOVERED","PENDING_OWNER_REVIEW","NOT_FORMAL_UNTIL_OWNER_APPROVAL","FORMAL_CORE_CANDIDATE_ONLY;NO_D001_INCLUDE_OR_IMPORTANCE_INFERENCE"
"182","41a04db1-5dc2-4dce-904d-189a602f5461","化工原料／塑化報價","81af7f8d-db2a-46cc-814b-18345e8e32bb","傳統產業材料","TPE","1708","TPE:1708","ff322f85-94e7-51c5-8d1f-7b73299dcfeb","owner-topic-membership-20260824.v1","CORE","APPROVED","structural-role-authority-20260912.v4","2026-08-24","fixtures/research/topic_universe_mapping.v1.csv","structural-role-authority:structural-role-authority-20260912.v4","c35c15911c355766dbaa53e76629ae17c84f8d1bbc98e2053b7e87592c0274bc","PENDING_OWNER_REVIEW","PENDING_OWNER_REVIEW","PENDING_OWNER_REVIEW","NONE_RECOVERED","PENDING_OWNER_REVIEW","NOT_FORMAL_UNTIL_OWNER_APPROVAL","FORMAL_CORE_CANDIDATE_ONLY;NO_D001_INCLUDE_OR_IMPORTANCE_INFERENCE"
"183","08a7e213-c639-4192-85ea-1f6959b631a1","太陽能","f62b81df-1eeb-4218-863e-896244023e28","電力與能源","TPE","1304","TPE:1304","2f90229f-cb92-5123-975e-7e2ca69b5388","owner-topic-membership-20260824.v1","CORE","APPROVED","structural-role-authority-20260912.v4","2026-08-24","2026_REVISED_MARKET_UPDATE","structural-role-authority:structural-role-authority-20260912.v4","c35c15911c355766dbaa53e76629ae17c84f8d1bbc98e2053b7e87592c0274bc","PENDING_OWNER_REVIEW","PENDING_OWNER_REVIEW","PENDING_OWNER_REVIEW","NONE_RECOVERED","PENDING_OWNER_REVIEW","NOT_FORMAL_UNTIL_OWNER_APPROVAL","FORMAL_CORE_CANDIDATE_ONLY;NO_D001_INCLUDE_OR_IMPORTANCE_INFERENCE"
"184","08a7e213-c639-4192-85ea-1f6959b631a1","太陽能","f62b81df-1eeb-4218-863e-896244023e28","電力與能源","TPE","1609","TPE:1609","7e352307-0818-5fc2-97ae-6031f0c137dd","owner-topic-membership-20260824.v1","CORE","APPROVED","structural-role-authority-20260912.v4","2026-08-24","2026_REVISED_MARKET_UPDATE","structural-role-authority:structural-role-authority-20260912.v4","c35c15911c355766dbaa53e76629ae17c84f8d1bbc98e2053b7e87592c0274bc","PENDING_OWNER_REVIEW","PENDING_OWNER_REVIEW","PENDING_OWNER_REVIEW","NONE_RECOVERED","PENDING_OWNER_REVIEW","NOT_FORMAL_UNTIL_OWNER_APPROVAL","FORMAL_CORE_CANDIDATE_ONLY;NO_D001_INCLUDE_OR_IMPORTANCE_INFERENCE"
"185","08a7e213-c639-4192-85ea-1f6959b631a1","太陽能","f62b81df-1eeb-4218-863e-896244023e28","電力與能源","TPE","2031","TPE:2031","c5962db8-5274-596c-a8db-1b53a4c0d42a","owner-topic-membership-20260824.v1","CORE","APPROVED","structural-role-authority-20260912.v4","2026-08-24","2026_REVISED_MARKET_UPDATE","structural-role-authority:structural-role-authority-20260912.v4","c35c15911c355766dbaa53e76629ae17c84f8d1bbc98e2053b7e87592c0274bc","PENDING_OWNER_REVIEW","PENDING_OWNER_REVIEW","PENDING_OWNER_REVIEW","NONE_RECOVERED","PENDING_OWNER_REVIEW","NOT_FORMAL_UNTIL_OWNER_APPROVAL","FORMAL_CORE_CANDIDATE_ONLY;NO_D001_INCLUDE_OR_IMPORTANCE_INFERENCE"
"186","08a7e213-c639-4192-85ea-1f6959b631a1","太陽能","f62b81df-1eeb-4218-863e-896244023e28","電力與能源","TPE","3576","TPE:3576","cc64d109-0d4d-5706-8eae-8ad86d1798a1","owner-topic-membership-20260824.v1","CORE","APPROVED","structural-role-authority-20260912.v4","2026-08-24","fixtures/research/topic_universe_mapping.v1.csv","structural-role-authority:structural-role-authority-20260912.v4","c35c15911c355766dbaa53e76629ae17c84f8d1bbc98e2053b7e87592c0274bc","PENDING_OWNER_REVIEW","PENDING_OWNER_REVIEW","PENDING_OWNER_REVIEW","NONE_RECOVERED","PENDING_OWNER_REVIEW","NOT_FORMAL_UNTIL_OWNER_APPROVAL","FORMAL_CORE_CANDIDATE_ONLY;NO_D001_INCLUDE_OR_IMPORTANCE_INFERENCE"
"187","08a7e213-c639-4192-85ea-1f6959b631a1","太陽能","f62b81df-1eeb-4218-863e-896244023e28","電力與能源","TPE","6443","TPE:6443","26eb537a-c16e-579d-971a-bf14a1834025","owner-topic-membership-20260824.v1","CORE","APPROVED","structural-role-authority-20260912.v4","2026-08-24","fixtures/research/topic_universe_mapping.v1.csv","structural-role-authority:structural-role-authority-20260912.v4","c35c15911c355766dbaa53e76629ae17c84f8d1bbc98e2053b7e87592c0274bc","PENDING_OWNER_REVIEW","PENDING_OWNER_REVIEW","PENDING_OWNER_REVIEW","NONE_RECOVERED","PENDING_OWNER_REVIEW","NOT_FORMAL_UNTIL_OWNER_APPROVAL","FORMAL_CORE_CANDIDATE_ONLY;NO_D001_INCLUDE_OR_IMPORTANCE_INFERENCE"
"188","08a7e213-c639-4192-85ea-1f6959b631a1","太陽能","f62b81df-1eeb-4218-863e-896244023e28","電力與能源","TPE","6477","TPE:6477","92d8f911-8f67-5cdc-8fce-11c6e4bed308","owner-topic-membership-20260824.v1","CORE","APPROVED","structural-role-authority-20260912.v4","2026-08-24","fixtures/research/topic_universe_mapping.v1.csv","structural-role-authority:structural-role-authority-20260912.v4","c35c15911c355766dbaa53e76629ae17c84f8d1bbc98e2053b7e87592c0274bc","PENDING_OWNER_REVIEW","PENDING_OWNER_REVIEW","PENDING_OWNER_REVIEW","NONE_RECOVERED","PENDING_OWNER_REVIEW","NOT_FORMAL_UNTIL_OWNER_APPROVAL","FORMAL_CORE_CANDIDATE_ONLY;NO_D001_INCLUDE_OR_IMPORTANCE_INFERENCE"
"189","08a7e213-c639-4192-85ea-1f6959b631a1","太陽能","f62b81df-1eeb-4218-863e-896244023e28","電力與能源","TPE","6806","TPE:6806","85b90181-0d13-524a-af64-f3682c450350","owner-topic-membership-20260824.v1","CORE","APPROVED","structural-role-authority-20260912.v4","2026-08-24","2026_REVISED_MARKET_UPDATE","structural-role-authority:structural-role-authority-20260912.v4","c35c15911c355766dbaa53e76629ae17c84f8d1bbc98e2053b7e87592c0274bc","PENDING_OWNER_REVIEW","PENDING_OWNER_REVIEW","PENDING_OWNER_REVIEW","NONE_RECOVERED","PENDING_OWNER_REVIEW","NOT_FORMAL_UNTIL_OWNER_APPROVAL","FORMAL_CORE_CANDIDATE_ONLY;NO_D001_INCLUDE_OR_IMPORTANCE_INFERENCE"
"190","08a7e213-c639-4192-85ea-1f6959b631a1","太陽能","f62b81df-1eeb-4218-863e-896244023e28","電力與能源","TWO","3691","TWO:3691","0de0b49a-dc22-5e84-8e3b-c68300ce1f36","owner-topic-membership-20260824.v1","CORE","APPROVED","structural-role-authority-20260912.v4","2026-08-24","fixtures/research/topic_universe_mapping.v1.csv","structural-role-authority:structural-role-authority-20260912.v4","c35c15911c355766dbaa53e76629ae17c84f8d1bbc98e2053b7e87592c0274bc","PENDING_OWNER_REVIEW","PENDING_OWNER_REVIEW","PENDING_OWNER_REVIEW","NONE_RECOVERED","PENDING_OWNER_REVIEW","NOT_FORMAL_UNTIL_OWNER_APPROVAL","FORMAL_CORE_CANDIDATE_ONLY;NO_D001_INCLUDE_OR_IMPORTANCE_INFERENCE"
"191","08a7e213-c639-4192-85ea-1f6959b631a1","太陽能","f62b81df-1eeb-4218-863e-896244023e28","電力與能源","TWO","6244","TWO:6244","f57f1d0a-d0dd-52ae-b803-9d6f1092f54b","owner-topic-membership-20260824.v1","CORE","APPROVED","structural-role-authority-20260912.v4","2026-08-24","fixtures/research/topic_universe_mapping.v1.csv","structural-role-authority:structural-role-authority-20260912.v4","c35c15911c355766dbaa53e76629ae17c84f8d1bbc98e2053b7e87592c0274bc","PENDING_OWNER_REVIEW","PENDING_OWNER_REVIEW","PENDING_OWNER_REVIEW","NONE_RECOVERED","PENDING_OWNER_REVIEW","NOT_FORMAL_UNTIL_OWNER_APPROVAL","FORMAL_CORE_CANDIDATE_ONLY;NO_D001_INCLUDE_OR_IMPORTANCE_INFERENCE"
"192","02920714-4615-4d8c-970f-60c86093e806","功率 MOSFET","f2150da0-01ac-48e1-8179-3e61742ea2a5","功率半導體","TPE","2342","TPE:2342","61a66018-a580-5775-afcc-a2856392eb96","owner-topic-membership-20260824.v1","CORE","APPROVED","structural-role-authority-20260912.v4","2026-08-24","fixtures/research/topic_universe_mapping.v1.csv","structural-role-authority:structural-role-authority-20260912.v4","c35c15911c355766dbaa53e76629ae17c84f8d1bbc98e2053b7e87592c0274bc","PENDING_OWNER_REVIEW","PENDING_OWNER_REVIEW","PENDING_OWNER_REVIEW","NONE_RECOVERED","PENDING_OWNER_REVIEW","NOT_FORMAL_UNTIL_OWNER_APPROVAL","FORMAL_CORE_CANDIDATE_ONLY;NO_D001_INCLUDE_OR_IMPORTANCE_INFERENCE"
"193","02920714-4615-4d8c-970f-60c86093e806","功率 MOSFET","f2150da0-01ac-48e1-8179-3e61742ea2a5","功率半導體","TPE","3257","TPE:3257","f4e290ae-867b-59c2-b621-6f50209e2830","owner-topic-membership-20260824.v1","CORE","APPROVED","structural-role-authority-20260912.v4","2026-08-24","fixtures/research/topic_universe_mapping.v1.csv","structural-role-authority:structural-role-authority-20260912.v4","c35c15911c355766dbaa53e76629ae17c84f8d1bbc98e2053b7e87592c0274bc","PENDING_OWNER_REVIEW","PENDING_OWNER_REVIEW","PENDING_OWNER_REVIEW","NONE_RECOVERED","PENDING_OWNER_REVIEW","NOT_FORMAL_UNTIL_OWNER_APPROVAL","FORMAL_CORE_CANDIDATE_ONLY;NO_D001_INCLUDE_OR_IMPORTANCE_INFERENCE"
"194","02920714-4615-4d8c-970f-60c86093e806","功率 MOSFET","f2150da0-01ac-48e1-8179-3e61742ea2a5","功率半導體","TPE","6719","TPE:6719","0cd1d704-b3b1-579c-a008-b1071b20e6fe","owner-topic-membership-20260824.v1","CORE","APPROVED","structural-role-authority-20260912.v4","2026-08-24","fixtures/research/topic_universe_mapping.v1.csv","structural-role-authority:structural-role-authority-20260912.v4","c35c15911c355766dbaa53e76629ae17c84f8d1bbc98e2053b7e87592c0274bc","PENDING_OWNER_REVIEW","PENDING_OWNER_REVIEW","PENDING_OWNER_REVIEW","NONE_RECOVERED","PENDING_OWNER_REVIEW","NOT_FORMAL_UNTIL_OWNER_APPROVAL","FORMAL_CORE_CANDIDATE_ONLY;NO_D001_INCLUDE_OR_IMPORTANCE_INFERENCE"
"195","02920714-4615-4d8c-970f-60c86093e806","功率 MOSFET","f2150da0-01ac-48e1-8179-3e61742ea2a5","功率半導體","TPE","8261","TPE:8261","551730c1-5fdd-569f-b42a-ad2430961ef1","owner-topic-membership-20260824.v1","CORE","APPROVED","structural-role-authority-20260912.v4","2026-08-24","fixtures/research/topic_universe_mapping.v1.csv","structural-role-authority:structural-role-authority-20260912.v4","c35c15911c355766dbaa53e76629ae17c84f8d1bbc98e2053b7e87592c0274bc","PENDING_OWNER_REVIEW","PENDING_OWNER_REVIEW","PENDING_OWNER_REVIEW","NONE_RECOVERED","PENDING_OWNER_REVIEW","NOT_FORMAL_UNTIL_OWNER_APPROVAL","FORMAL_CORE_CANDIDATE_ONLY;NO_D001_INCLUDE_OR_IMPORTANCE_INFERENCE"
"196","02920714-4615-4d8c-970f-60c86093e806","功率 MOSFET","f2150da0-01ac-48e1-8179-3e61742ea2a5","功率半導體","TWO","3317","TWO:3317","361e161c-148b-543c-a761-4f46883f6019","owner-topic-membership-20260824.v1","CORE","APPROVED","structural-role-authority-20260912.v4","2026-08-24","fixtures/research/topic_universe_mapping.v1.csv","structural-role-authority:structural-role-authority-20260912.v4","c35c15911c355766dbaa53e76629ae17c84f8d1bbc98e2053b7e87592c0274bc","PENDING_OWNER_REVIEW","PENDING_OWNER_REVIEW","PENDING_OWNER_REVIEW","NONE_RECOVERED","PENDING_OWNER_REVIEW","NOT_FORMAL_UNTIL_OWNER_APPROVAL","FORMAL_CORE_CANDIDATE_ONLY;NO_D001_INCLUDE_OR_IMPORTANCE_INFERENCE"
"197","02920714-4615-4d8c-970f-60c86093e806","功率 MOSFET","f2150da0-01ac-48e1-8179-3e61742ea2a5","功率半導體","TWO","5299","TWO:5299","9af5c001-d2b7-5fdd-b1ed-6bac0a62745e","owner-topic-membership-20260824.v1","CORE","APPROVED","structural-role-authority-20260912.v4","2026-08-24","fixtures/research/topic_universe_mapping.v1.csv","structural-role-authority:structural-role-authority-20260912.v4","c35c15911c355766dbaa53e76629ae17c84f8d1bbc98e2053b7e87592c0274bc","PENDING_OWNER_REVIEW","PENDING_OWNER_REVIEW","PENDING_OWNER_REVIEW","NONE_RECOVERED","PENDING_OWNER_REVIEW","NOT_FORMAL_UNTIL_OWNER_APPROVAL","FORMAL_CORE_CANDIDATE_ONLY;NO_D001_INCLUDE_OR_IMPORTANCE_INFERENCE"
"198","02920714-4615-4d8c-970f-60c86093e806","功率 MOSFET","f2150da0-01ac-48e1-8179-3e61742ea2a5","功率半導體","TWO","6435","TWO:6435","1f47e0d5-7ecb-5c53-afb2-0e74797d733e","owner-topic-membership-20260824.v1","CORE","APPROVED","structural-role-authority-20260912.v4","2026-08-24","fixtures/research/topic_universe_mapping.v1.csv","structural-role-authority:structural-role-authority-20260912.v4","c35c15911c355766dbaa53e76629ae17c84f8d1bbc98e2053b7e87592c0274bc","PENDING_OWNER_REVIEW","PENDING_OWNER_REVIEW","PENDING_OWNER_REVIEW","NONE_RECOVERED","PENDING_OWNER_REVIEW","NOT_FORMAL_UNTIL_OWNER_APPROVAL","FORMAL_CORE_CANDIDATE_ONLY;NO_D001_INCLUDE_OR_IMPORTANCE_INFERENCE"
"199","02920714-4615-4d8c-970f-60c86093e806","功率 MOSFET","f2150da0-01ac-48e1-8179-3e61742ea2a5","功率半導體","TWO","6651","TWO:6651","8e743336-0ce6-5733-bfc0-558c5db805a1","owner-topic-membership-20260824.v1","CORE","APPROVED","structural-role-authority-20260912.v4","2026-08-24","fixtures/research/topic_universe_mapping.v1.csv","structural-role-authority:structural-role-authority-20260912.v4","c35c15911c355766dbaa53e76629ae17c84f8d1bbc98e2053b7e87592c0274bc","PENDING_OWNER_REVIEW","PENDING_OWNER_REVIEW","PENDING_OWNER_REVIEW","NONE_RECOVERED","PENDING_OWNER_REVIEW","NOT_FORMAL_UNTIL_OWNER_APPROVAL","FORMAL_CORE_CANDIDATE_ONLY;NO_D001_INCLUDE_OR_IMPORTANCE_INFERENCE"
"200","263771ca-90ec-4d7f-97f7-2ee826eea0e2","功率二極體／整流器","f2150da0-01ac-48e1-8179-3e61742ea2a5","功率半導體","TPE","2302","TPE:2302","551423d0-df49-579c-a42e-c38792371660","owner-topic-membership-20260824.v1","CORE","APPROVED","structural-role-authority-20260912.v4","2026-08-24","fixtures/research/topic_universe_mapping.v1.csv","structural-role-authority:structural-role-authority-20260912.v4","c35c15911c355766dbaa53e76629ae17c84f8d1bbc98e2053b7e87592c0274bc","PENDING_OWNER_REVIEW","PENDING_OWNER_REVIEW","PENDING_OWNER_REVIEW","NONE_RECOVERED","PENDING_OWNER_REVIEW","NOT_FORMAL_UNTIL_OWNER_APPROVAL","FORMAL_CORE_CANDIDATE_ONLY;NO_D001_INCLUDE_OR_IMPORTANCE_INFERENCE"
"201","5f7e2b93-13e0-4e39-a3f6-72420c687aae","半導體設備零組件","71802589-42ed-49ed-a3db-d1d498177099","半導體設備與權值","TPE","1568","TPE:1568","a52a4b5c-8581-5eb6-b772-8867e8a983df","owner-topic-membership-20260824.v1","CORE","APPROVED","structural-role-authority-20260912.v4","2026-08-24","2026_REVISED_MARKET_UPDATE","structural-role-authority:structural-role-authority-20260912.v4","c35c15911c355766dbaa53e76629ae17c84f8d1bbc98e2053b7e87592c0274bc","PENDING_OWNER_REVIEW","PENDING_OWNER_REVIEW","PENDING_OWNER_REVIEW","NONE_RECOVERED","PENDING_OWNER_REVIEW","NOT_FORMAL_UNTIL_OWNER_APPROVAL","FORMAL_CORE_CANDIDATE_ONLY;NO_D001_INCLUDE_OR_IMPORTANCE_INFERENCE"
"202","5f7e2b93-13e0-4e39-a3f6-72420c687aae","半導體設備零組件","71802589-42ed-49ed-a3db-d1d498177099","半導體設備與權值","TPE","1810","TPE:1810","2a3fc950-4309-590a-adcb-ca0dfa2598cf","owner-topic-membership-20260824.v1","CORE","APPROVED","structural-role-authority-20260912.v4","2026-08-24","2026_NEW_TOPIC_ADDITION","structural-role-authority:structural-role-authority-20260912.v4","c35c15911c355766dbaa53e76629ae17c84f8d1bbc98e2053b7e87592c0274bc","PENDING_OWNER_REVIEW","PENDING_OWNER_REVIEW","PENDING_OWNER_REVIEW","NONE_RECOVERED","PENDING_OWNER_REVIEW","NOT_FORMAL_UNTIL_OWNER_APPROVAL","FORMAL_CORE_CANDIDATE_ONLY;NO_D001_INCLUDE_OR_IMPORTANCE_INFERENCE"
"203","5f7e2b93-13e0-4e39-a3f6-72420c687aae","半導體設備零組件","71802589-42ed-49ed-a3db-d1d498177099","半導體設備與權值","TPE","6196","TPE:6196","25e0fdc3-31ca-54be-af43-fa576bdb5c7e","owner-topic-membership-20260824.v1","CORE","APPROVED","structural-role-authority-20260912.v4","2026-08-24","2026_NEW_TOPIC_ADDITION","structural-role-authority:structural-role-authority-20260912.v4","c35c15911c355766dbaa53e76629ae17c84f8d1bbc98e2053b7e87592c0274bc","PENDING_OWNER_REVIEW","PENDING_OWNER_REVIEW","PENDING_OWNER_REVIEW","NONE_RECOVERED","PENDING_OWNER_REVIEW","NOT_FORMAL_UNTIL_OWNER_APPROVAL","FORMAL_CORE_CANDIDATE_ONLY;NO_D001_INCLUDE_OR_IMPORTANCE_INFERENCE"
"204","5f7e2b93-13e0-4e39-a3f6-72420c687aae","半導體設備零組件","71802589-42ed-49ed-a3db-d1d498177099","半導體設備與權值","TWO","1584","TWO:1584","148a8203-9552-5c28-b201-2c92e9a5d749","owner-topic-membership-20260824.v1","CORE","APPROVED","structural-role-authority-20260912.v4","2026-08-24","2026_REVISED_MARKET_UPDATE","structural-role-authority:structural-role-authority-20260912.v4","c35c15911c355766dbaa53e76629ae17c84f8d1bbc98e2053b7e87592c0274bc","PENDING_OWNER_REVIEW","PENDING_OWNER_REVIEW","PENDING_OWNER_REVIEW","NONE_RECOVERED","PENDING_OWNER_REVIEW","NOT_FORMAL_UNTIL_OWNER_APPROVAL","FORMAL_CORE_CANDIDATE_ONLY;NO_D001_INCLUDE_OR_IMPORTANCE_INFERENCE"
"205","5f7e2b93-13e0-4e39-a3f6-72420c687aae","半導體設備零組件","71802589-42ed-49ed-a3db-d1d498177099","半導體設備與權值","TWO","2221","TWO:2221","b50d4b38-88b8-5a2d-8c38-6b31adf52686","owner-topic-membership-20260824.v1","CORE","APPROVED","structural-role-authority-20260912.v4","2026-08-24","fixtures/research/topic_universe_mapping.v1.csv","structural-role-authority:structural-role-authority-20260912.v4","c35c15911c355766dbaa53e76629ae17c84f8d1bbc98e2053b7e87592c0274bc","PENDING_OWNER_REVIEW","PENDING_OWNER_REVIEW","PENDING_OWNER_REVIEW","NONE_RECOVERED","PENDING_OWNER_REVIEW","NOT_FORMAL_UNTIL_OWNER_APPROVAL","FORMAL_CORE_CANDIDATE_ONLY;NO_D001_INCLUDE_OR_IMPORTANCE_INFERENCE"
"206","5f7e2b93-13e0-4e39-a3f6-72420c687aae","半導體設備零組件","71802589-42ed-49ed-a3db-d1d498177099","半導體設備與權值","TWO","3131","TWO:3131","a4c4b3bd-8f84-5e28-9b5f-81972cd37e96","owner-topic-membership-20260824.v1","CORE","APPROVED","structural-role-authority-20260912.v4","2026-08-24","2026_NEW_TOPIC_ADDITION","structural-role-authority:structural-role-authority-20260912.v4","c35c15911c355766dbaa53e76629ae17c84f8d1bbc98e2053b7e87592c0274bc","PENDING_OWNER_REVIEW","PENDING_OWNER_REVIEW","PENDING_OWNER_REVIEW","NONE_RECOVERED","PENDING_OWNER_REVIEW","NOT_FORMAL_UNTIL_OWNER_APPROVAL","FORMAL_CORE_CANDIDATE_ONLY;NO_D001_INCLUDE_OR_IMPORTANCE_INFERENCE"
"207","5f7e2b93-13e0-4e39-a3f6-72420c687aae","半導體設備零組件","71802589-42ed-49ed-a3db-d1d498177099","半導體設備與權值","TWO","6667","TWO:6667","dd5b3cc8-542b-538a-8040-8d7cd47fe611","owner-topic-membership-20260824.v1","CORE","APPROVED","structural-role-authority-20260912.v4","2026-08-24","2026_NEW_TOPIC_ADDITION","structural-role-authority:structural-role-authority-20260912.v4","c35c15911c355766dbaa53e76629ae17c84f8d1bbc98e2053b7e87592c0274bc","PENDING_OWNER_REVIEW","PENDING_OWNER_REVIEW","PENDING_OWNER_REVIEW","NONE_RECOVERED","PENDING_OWNER_REVIEW","NOT_FORMAL_UNTIL_OWNER_APPROVAL","FORMAL_CORE_CANDIDATE_ONLY;NO_D001_INCLUDE_OR_IMPORTANCE_INFERENCE"
"208","6fa2e314-d772-58a3-aff6-1ba51459b349","生技醫藥與CDMO (Biotech & CDMO)","81af7f8d-db2a-46cc-814b-18345e8e32bb","傳統產業材料","TWO","4114","TWO:4114","7ba701cc-f09b-52f5-97e3-0a5f2a8b4730","owner-topic-membership-20260824.v1","CORE","APPROVED","structural-role-authority-20260912.v4","2026-08-24","2026_NEW_TOPIC_ADDITION","structural-role-authority:structural-role-authority-20260912.v4","c35c15911c355766dbaa53e76629ae17c84f8d1bbc98e2053b7e87592c0274bc","PENDING_OWNER_REVIEW","PENDING_OWNER_REVIEW","PENDING_OWNER_REVIEW","NONE_RECOVERED","PENDING_OWNER_REVIEW","NOT_FORMAL_UNTIL_OWNER_APPROVAL","FORMAL_CORE_CANDIDATE_ONLY;NO_D001_INCLUDE_OR_IMPORTANCE_INFERENCE"
"209","6fa2e314-d772-58a3-aff6-1ba51459b349","生技醫藥與CDMO (Biotech & CDMO)","81af7f8d-db2a-46cc-814b-18345e8e32bb","傳統產業材料","TWO","4123","TWO:4123","6c77cf7f-c9ad-5bd1-89e1-12c51e3c77d3","owner-topic-membership-20260824.v1","CORE","APPROVED","structural-role-authority-20260912.v4","2026-08-24","2026_NEW_TOPIC_ADDITION","structural-role-authority:structural-role-authority-20260912.v4","c35c15911c355766dbaa53e76629ae17c84f8d1bbc98e2053b7e87592c0274bc","PENDING_OWNER_REVIEW","PENDING_OWNER_REVIEW","PENDING_OWNER_REVIEW","NONE_RECOVERED","PENDING_OWNER_REVIEW","NOT_FORMAL_UNTIL_OWNER_APPROVAL","FORMAL_CORE_CANDIDATE_ONLY;NO_D001_INCLUDE_OR_IMPORTANCE_INFERENCE"
"210","e9f1dac4-14f7-4887-8910-6e5e21ed3069","石英元件","aae91e68-1ace-4106-bd4f-2d2dca0f7af6","被動元件","TPE","3042","TPE:3042","14c05d92-2c3f-5784-bed9-146529ccd562","owner-topic-membership-20260824.v1","CORE","APPROVED","structural-role-authority-20260912.v4","2026-08-24","fixtures/research/topic_universe_mapping.v1.csv","structural-role-authority:structural-role-authority-20260912.v4","c35c15911c355766dbaa53e76629ae17c84f8d1bbc98e2053b7e87592c0274bc","PENDING_OWNER_REVIEW","PENDING_OWNER_REVIEW","PENDING_OWNER_REVIEW","NONE_RECOVERED","PENDING_OWNER_REVIEW","NOT_FORMAL_UNTIL_OWNER_APPROVAL","FORMAL_CORE_CANDIDATE_ONLY;NO_D001_INCLUDE_OR_IMPORTANCE_INFERENCE"
"211","e9f1dac4-14f7-4887-8910-6e5e21ed3069","石英元件","aae91e68-1ace-4106-bd4f-2d2dca0f7af6","被動元件","TWO","3221","TWO:3221","3b74f215-728d-54b2-909b-fb0a24438211","owner-topic-membership-20260824.v1","CORE","APPROVED","structural-role-authority-20260912.v4","2026-08-24","fixtures/research/topic_universe_mapping.v1.csv","structural-role-authority:structural-role-authority-20260912.v4","c35c15911c355766dbaa53e76629ae17c84f8d1bbc98e2053b7e87592c0274bc","PENDING_OWNER_REVIEW","PENDING_OWNER_REVIEW","PENDING_OWNER_REVIEW","NONE_RECOVERED","PENDING_OWNER_REVIEW","NOT_FORMAL_UNTIL_OWNER_APPROVAL","FORMAL_CORE_CANDIDATE_ONLY;NO_D001_INCLUDE_OR_IMPORTANCE_INFERENCE"
"212","e9f1dac4-14f7-4887-8910-6e5e21ed3069","石英元件","aae91e68-1ace-4106-bd4f-2d2dca0f7af6","被動元件","TWO","6174","TWO:6174","43177172-8d13-5b87-a92c-909fa4420ea4","owner-topic-membership-20260824.v1","CORE","APPROVED","structural-role-authority-20260912.v4","2026-08-24","fixtures/research/topic_universe_mapping.v1.csv","structural-role-authority:structural-role-authority-20260912.v4","c35c15911c355766dbaa53e76629ae17c84f8d1bbc98e2053b7e87592c0274bc","PENDING_OWNER_REVIEW","PENDING_OWNER_REVIEW","PENDING_OWNER_REVIEW","NONE_RECOVERED","PENDING_OWNER_REVIEW","NOT_FORMAL_UNTIL_OWNER_APPROVAL","FORMAL_CORE_CANDIDATE_ONLY;NO_D001_INCLUDE_OR_IMPORTANCE_INFERENCE"
"213","e9f1dac4-14f7-4887-8910-6e5e21ed3069","石英元件","aae91e68-1ace-4106-bd4f-2d2dca0f7af6","被動元件","TWO","8182","TWO:8182","fc11b68b-5d23-5455-8171-b91e6dc76d33","owner-topic-membership-20260824.v1","CORE","APPROVED","structural-role-authority-20260912.v4","2026-08-24","fixtures/research/topic_universe_mapping.v1.csv","structural-role-authority:structural-role-authority-20260912.v4","c35c15911c355766dbaa53e76629ae17c84f8d1bbc98e2053b7e87592c0274bc","PENDING_OWNER_REVIEW","PENDING_OWNER_REVIEW","PENDING_OWNER_REVIEW","NONE_RECOVERED","PENDING_OWNER_REVIEW","NOT_FORMAL_UNTIL_OWNER_APPROVAL","FORMAL_CORE_CANDIDATE_ONLY;NO_D001_INCLUDE_OR_IMPORTANCE_INFERENCE"
"214","a5f2e9a5-b3c3-4b29-b606-2413f7c30f91","先進封裝設備","71802589-42ed-49ed-a3db-d1d498177099","半導體設備與權值","TPE","2049","TPE:2049","50f65f07-48a2-5680-950b-f89ad830d8e5","owner-topic-membership-20260824.v1","CORE","APPROVED","structural-role-authority-20260912.v4","2026-08-24","2026_REVISED_MARKET_UPDATE","structural-role-authority:structural-role-authority-20260912.v4","c35c15911c355766dbaa53e76629ae17c84f8d1bbc98e2053b7e87592c0274bc","PENDING_OWNER_REVIEW","PENDING_OWNER_REVIEW","PENDING_OWNER_REVIEW","NONE_RECOVERED","PENDING_OWNER_REVIEW","NOT_FORMAL_UNTIL_OWNER_APPROVAL","FORMAL_CORE_CANDIDATE_ONLY;NO_D001_INCLUDE_OR_IMPORTANCE_INFERENCE"
"215","a5f2e9a5-b3c3-4b29-b606-2413f7c30f91","先進封裝設備","71802589-42ed-49ed-a3db-d1d498177099","半導體設備與權值","TPE","2360","TPE:2360","4286b7c3-1f96-586a-bcd9-90e5e1e2c68b","owner-topic-membership-20260824.v1","CORE","APPROVED","structural-role-authority-20260912.v4","2026-08-24","2026_REVISED_MARKET_UPDATE","structural-role-authority:structural-role-authority-20260912.v4","c35c15911c355766dbaa53e76629ae17c84f8d1bbc98e2053b7e87592c0274bc","PENDING_OWNER_REVIEW","PENDING_OWNER_REVIEW","PENDING_OWNER_REVIEW","NONE_RECOVERED","PENDING_OWNER_REVIEW","NOT_FORMAL_UNTIL_OWNER_APPROVAL","FORMAL_CORE_CANDIDATE_ONLY;NO_D001_INCLUDE_OR_IMPORTANCE_INFERENCE"
"216","a5f2e9a5-b3c3-4b29-b606-2413f7c30f91","先進封裝設備","71802589-42ed-49ed-a3db-d1d498177099","半導體設備與權值","TPE","2464","TPE:2464","23198cd9-60bc-5a4e-bb6b-7ebde212162a","owner-topic-membership-20260824.v1","CORE","APPROVED","structural-role-authority-20260912.v4","2026-08-24","2026_REVISED_MARKET_UPDATE","structural-role-authority:structural-role-authority-20260912.v4","c35c15911c355766dbaa53e76629ae17c84f8d1bbc98e2053b7e87592c0274bc","PENDING_OWNER_REVIEW","PENDING_OWNER_REVIEW","PENDING_OWNER_REVIEW","NONE_RECOVERED","PENDING_OWNER_REVIEW","NOT_FORMAL_UNTIL_OWNER_APPROVAL","FORMAL_CORE_CANDIDATE_ONLY;NO_D001_INCLUDE_OR_IMPORTANCE_INFERENCE"
"217","a5f2e9a5-b3c3-4b29-b606-2413f7c30f91","先進封裝設備","71802589-42ed-49ed-a3db-d1d498177099","半導體設備與權值","TPE","2493","TPE:2493","b98e1a95-2735-5c19-902e-59208deec0e5","owner-topic-membership-20260824.v1","CORE","APPROVED","structural-role-authority-20260912.v4","2026-08-24","2026_NEW_TOPIC_ADDITION","structural-role-authority:structural-role-authority-20260912.v4","c35c15911c355766dbaa53e76629ae17c84f8d1bbc98e2053b7e87592c0274bc","PENDING_OWNER_REVIEW","PENDING_OWNER_REVIEW","PENDING_OWNER_REVIEW","NONE_RECOVERED","PENDING_OWNER_REVIEW","NOT_FORMAL_UNTIL_OWNER_APPROVAL","FORMAL_CORE_CANDIDATE_ONLY;NO_D001_INCLUDE_OR_IMPORTANCE_INFERENCE"
"218","a5f2e9a5-b3c3-4b29-b606-2413f7c30f91","先進封裝設備","71802589-42ed-49ed-a3db-d1d498177099","半導體設備與權值","TPE","3167","TPE:3167","ed2ccae2-ac89-51dd-a8c3-01f61ab874a0","owner-topic-membership-20260824.v1","CORE","APPROVED","structural-role-authority-20260912.v4","2026-08-24","2026_NEW_TOPIC_ADDITION","structural-role-authority:structural-role-authority-20260912.v4","c35c15911c355766dbaa53e76629ae17c84f8d1bbc98e2053b7e87592c0274bc","PENDING_OWNER_REVIEW","PENDING_OWNER_REVIEW","PENDING_OWNER_REVIEW","NONE_RECOVERED","PENDING_OWNER_REVIEW","NOT_FORMAL_UNTIL_OWNER_APPROVAL","FORMAL_CORE_CANDIDATE_ONLY;NO_D001_INCLUDE_OR_IMPORTANCE_INFERENCE"
"219","a5f2e9a5-b3c3-4b29-b606-2413f7c30f91","先進封裝設備","71802589-42ed-49ed-a3db-d1d498177099","半導體設備與權值","TPE","6515","TPE:6515","fb1af567-117a-5b19-9a97-f6ad5c1b4de6","owner-topic-membership-20260824.v1","CORE","APPROVED","structural-role-authority-20260912.v4","2026-08-24","2026_REVISED_MARKET_UPDATE","structural-role-authority:structural-role-authority-20260912.v4","c35c15911c355766dbaa53e76629ae17c84f8d1bbc98e2053b7e87592c0274bc","PENDING_OWNER_REVIEW","PENDING_OWNER_REVIEW","PENDING_OWNER_REVIEW","NONE_RECOVERED","PENDING_OWNER_REVIEW","NOT_FORMAL_UNTIL_OWNER_APPROVAL","FORMAL_CORE_CANDIDATE_ONLY;NO_D001_INCLUDE_OR_IMPORTANCE_INFERENCE"
"220","a5f2e9a5-b3c3-4b29-b606-2413f7c30f91","先進封裝設備","71802589-42ed-49ed-a3db-d1d498177099","半導體設備與權值","TPE","6742","TPE:6742","fc27c2a1-0b27-52fd-a1f4-e5b92a177f75","owner-topic-membership-20260824.v1","CORE","APPROVED","structural-role-authority-20260912.v4","2026-08-24","2026_NEW_TOPIC_ADDITION","structural-role-authority:structural-role-authority-20260912.v4","c35c15911c355766dbaa53e76629ae17c84f8d1bbc98e2053b7e87592c0274bc","PENDING_OWNER_REVIEW","PENDING_OWNER_REVIEW","PENDING_OWNER_REVIEW","NONE_RECOVERED","PENDING_OWNER_REVIEW","NOT_FORMAL_UNTIL_OWNER_APPROVAL","FORMAL_CORE_CANDIDATE_ONLY;NO_D001_INCLUDE_OR_IMPORTANCE_INFERENCE"
"221","a5f2e9a5-b3c3-4b29-b606-2413f7c30f91","先進封裝設備","71802589-42ed-49ed-a3db-d1d498177099","半導體設備與權值","TPE","6830","TPE:6830","7c8a8bd3-9162-5f44-841c-9873569f3608","owner-topic-membership-20260824.v1","CORE","APPROVED","structural-role-authority-20260912.v4","2026-08-24","2026_NEW_TOPIC_ADDITION","structural-role-authority:structural-role-authority-20260912.v4","c35c15911c355766dbaa53e76629ae17c84f8d1bbc98e2053b7e87592c0274bc","PENDING_OWNER_REVIEW","PENDING_OWNER_REVIEW","PENDING_OWNER_REVIEW","NONE_RECOVERED","PENDING_OWNER_REVIEW","NOT_FORMAL_UNTIL_OWNER_APPROVAL","FORMAL_CORE_CANDIDATE_ONLY;NO_D001_INCLUDE_OR_IMPORTANCE_INFERENCE"
"222","a5f2e9a5-b3c3-4b29-b606-2413f7c30f91","先進封裝設備","71802589-42ed-49ed-a3db-d1d498177099","半導體設備與權值","TPE","6937","TPE:6937","263a7e56-42eb-582f-b6f0-ea079fa15abd","owner-topic-membership-20260824.v1","CORE","APPROVED","structural-role-authority-20260912.v4","2026-08-24","2026_REVISED_MARKET_UPDATE","structural-role-authority:structural-role-authority-20260912.v4","c35c15911c355766dbaa53e76629ae17c84f8d1bbc98e2053b7e87592c0274bc","PENDING_OWNER_REVIEW","PENDING_OWNER_REVIEW","PENDING_OWNER_REVIEW","NONE_RECOVERED","PENDING_OWNER_REVIEW","NOT_FORMAL_UNTIL_OWNER_APPROVAL","FORMAL_CORE_CANDIDATE_ONLY;NO_D001_INCLUDE_OR_IMPORTANCE_INFERENCE"
"223","a5f2e9a5-b3c3-4b29-b606-2413f7c30f91","先進封裝設備","71802589-42ed-49ed-a3db-d1d498177099","半導體設備與權值","TWO","6207","TWO:6207","fa3f3349-a14f-534f-bdce-793c654d0078","owner-topic-membership-20260824.v1","CORE","APPROVED","structural-role-authority-20260912.v4","2026-08-24","2026_NEW_TOPIC_ADDITION","structural-role-authority:structural-role-authority-20260912.v4","c35c15911c355766dbaa53e76629ae17c84f8d1bbc98e2053b7e87592c0274bc","PENDING_OWNER_REVIEW","PENDING_OWNER_REVIEW","PENDING_OWNER_REVIEW","NONE_RECOVERED","PENDING_OWNER_REVIEW","NOT_FORMAL_UNTIL_OWNER_APPROVAL","FORMAL_CORE_CANDIDATE_ONLY;NO_D001_INCLUDE_OR_IMPORTANCE_INFERENCE"
"224","a5f2e9a5-b3c3-4b29-b606-2413f7c30f91","先進封裝設備","71802589-42ed-49ed-a3db-d1d498177099","半導體設備與權值","TWO","6510","TWO:6510","ecf33ad6-1278-578b-b981-ecc0cd7fe006","owner-topic-membership-20260824.v1","CORE","APPROVED","structural-role-authority-20260912.v4","2026-08-24","2026_REVISED_MARKET_UPDATE","structural-role-authority:structural-role-authority-20260912.v4","c35c15911c355766dbaa53e76629ae17c84f8d1bbc98e2053b7e87592c0274bc","PENDING_OWNER_REVIEW","PENDING_OWNER_REVIEW","PENDING_OWNER_REVIEW","NONE_RECOVERED","PENDING_OWNER_REVIEW","NOT_FORMAL_UNTIL_OWNER_APPROVAL","FORMAL_CORE_CANDIDATE_ONLY;NO_D001_INCLUDE_OR_IMPORTANCE_INFERENCE"
"225","a5f2e9a5-b3c3-4b29-b606-2413f7c30f91","先進封裝設備","71802589-42ed-49ed-a3db-d1d498177099","半導體設備與權值","TWO","8064","TWO:8064","ecec677f-7ff2-55aa-b3e3-105fbc4e6b57","owner-topic-membership-20260824.v1","CORE","APPROVED","structural-role-authority-20260912.v4","2026-08-24","2026_NEW_TOPIC_ADDITION","structural-role-authority:structural-role-authority-20260912.v4","c35c15911c355766dbaa53e76629ae17c84f8d1bbc98e2053b7e87592c0274bc","PENDING_OWNER_REVIEW","PENDING_OWNER_REVIEW","PENDING_OWNER_REVIEW","NONE_RECOVERED","PENDING_OWNER_REVIEW","NOT_FORMAL_UNTIL_OWNER_APPROVAL","FORMAL_CORE_CANDIDATE_ONLY;NO_D001_INCLUDE_OR_IMPORTANCE_INFERENCE"
"226","01bb6fc0-0a91-4a22-a511-1070db1c1825","光通訊","42130f0e-8be7-4f40-bfb0-5dd3f11980c6","通訊與光電","TWO","3234","TWO:3234","ca3bfbfb-7cd8-5c77-a411-a6c8eebd79c7","owner-topic-membership-20260824.v1","CORE","APPROVED","structural-role-authority-20260912.v4","2026-08-24","fixtures/research/topic_universe_mapping.v1.csv","structural-role-authority:structural-role-authority-20260912.v4","c35c15911c355766dbaa53e76629ae17c84f8d1bbc98e2053b7e87592c0274bc","PENDING_OWNER_REVIEW","PENDING_OWNER_REVIEW","PENDING_OWNER_REVIEW","NONE_RECOVERED","PENDING_OWNER_REVIEW","NOT_FORMAL_UNTIL_OWNER_APPROVAL","FORMAL_CORE_CANDIDATE_ONLY;NO_D001_INCLUDE_OR_IMPORTANCE_INFERENCE"
"227","01bb6fc0-0a91-4a22-a511-1070db1c1825","光通訊","42130f0e-8be7-4f40-bfb0-5dd3f11980c6","通訊與光電","TWO","3339","TWO:3339","d9db1046-e731-5cb3-ab4d-8a9aa9cca15d","owner-topic-membership-20260824.v1","CORE","APPROVED","structural-role-authority-20260912.v4","2026-08-24","fixtures/research/topic_universe_mapping.v1.csv","structural-role-authority:structural-role-authority-20260912.v4","c35c15911c355766dbaa53e76629ae17c84f8d1bbc98e2053b7e87592c0274bc","PENDING_OWNER_REVIEW","PENDING_OWNER_REVIEW","PENDING_OWNER_REVIEW","NONE_RECOVERED","PENDING_OWNER_REVIEW","NOT_FORMAL_UNTIL_OWNER_APPROVAL","FORMAL_CORE_CANDIDATE_ONLY;NO_D001_INCLUDE_OR_IMPORTANCE_INFERENCE"
"228","01bb6fc0-0a91-4a22-a511-1070db1c1825","光通訊","42130f0e-8be7-4f40-bfb0-5dd3f11980c6","通訊與光電","TWO","6530","TWO:6530","c72de416-db5a-5b2f-9e76-27ba09942efe","owner-topic-membership-20260824.v1","CORE","APPROVED","structural-role-authority-20260912.v4","2026-08-24","fixtures/research/topic_universe_mapping.v1.csv","structural-role-authority:structural-role-authority-20260912.v4","c35c15911c355766dbaa53e76629ae17c84f8d1bbc98e2053b7e87592c0274bc","PENDING_OWNER_REVIEW","PENDING_OWNER_REVIEW","PENDING_OWNER_REVIEW","NONE_RECOVERED","PENDING_OWNER_REVIEW","NOT_FORMAL_UNTIL_OWNER_APPROVAL","FORMAL_CORE_CANDIDATE_ONLY;NO_D001_INCLUDE_OR_IMPORTANCE_INFERENCE"
"229","01bb6fc0-0a91-4a22-a511-1070db1c1825","光通訊","42130f0e-8be7-4f40-bfb0-5dd3f11980c6","通訊與光電","TWO","6588","TWO:6588","35749520-488a-506c-92d2-0f9f00c158cc","owner-topic-membership-20260824.v1","CORE","APPROVED","structural-role-authority-20260912.v4","2026-08-24","fixtures/research/topic_universe_mapping.v1.csv","structural-role-authority:structural-role-authority-20260912.v4","c35c15911c355766dbaa53e76629ae17c84f8d1bbc98e2053b7e87592c0274bc","PENDING_OWNER_REVIEW","PENDING_OWNER_REVIEW","PENDING_OWNER_REVIEW","NONE_RECOVERED","PENDING_OWNER_REVIEW","NOT_FORMAL_UNTIL_OWNER_APPROVAL","FORMAL_CORE_CANDIDATE_ONLY;NO_D001_INCLUDE_OR_IMPORTANCE_INFERENCE"
"230","bc6f668a-e0d7-4b58-95e9-0c4cf20add90","成熟製程","f2f5fc2e-d926-4987-81ef-e00a7bbeb1cb","半導體製造","TPE","6770","TPE:6770","77987115-93bf-5909-866b-3cc8eb99cf20","owner-topic-membership-20260824.v1","CORE","APPROVED","structural-role-authority-20260912.v4","2026-08-24","fixtures/research/topic_universe_mapping.v1.csv","structural-role-authority:structural-role-authority-20260912.v4","c35c15911c355766dbaa53e76629ae17c84f8d1bbc98e2053b7e87592c0274bc","PENDING_OWNER_REVIEW","PENDING_OWNER_REVIEW","PENDING_OWNER_REVIEW","NONE_RECOVERED","PENDING_OWNER_REVIEW","NOT_FORMAL_UNTIL_OWNER_APPROVAL","FORMAL_CORE_CANDIDATE_ONLY;NO_D001_INCLUDE_OR_IMPORTANCE_INFERENCE"
"231","fb0e479d-2c69-4fcc-99a5-cea563ec0042","低軌衛星","42130f0e-8be7-4f40-bfb0-5dd3f11980c6","通訊與光電","TPE","2312","TPE:2312","9c417ad8-f847-5536-b553-8af31cfd7151","owner-topic-membership-20260824.v1","CORE","APPROVED","structural-role-authority-20260912.v4","2026-08-24","2026_REVISED_MARKET_UPDATE","structural-role-authority:structural-role-authority-20260912.v4","c35c15911c355766dbaa53e76629ae17c84f8d1bbc98e2053b7e87592c0274bc","PENDING_OWNER_REVIEW","PENDING_OWNER_REVIEW","PENDING_OWNER_REVIEW","NONE_RECOVERED","PENDING_OWNER_REVIEW","NOT_FORMAL_UNTIL_OWNER_APPROVAL","FORMAL_CORE_CANDIDATE_ONLY;NO_D001_INCLUDE_OR_IMPORTANCE_INFERENCE"
"232","fb0e479d-2c69-4fcc-99a5-cea563ec0042","低軌衛星","42130f0e-8be7-4f40-bfb0-5dd3f11980c6","通訊與光電","TPE","2314","TPE:2314","cfbb2406-78e3-549b-9922-0420ac1c839f","owner-topic-membership-20260824.v1","CORE","APPROVED","structural-role-authority-20260912.v4","2026-08-24","fixtures/research/topic_universe_mapping.v1.csv","structural-role-authority:structural-role-authority-20260912.v4","c35c15911c355766dbaa53e76629ae17c84f8d1bbc98e2053b7e87592c0274bc","PENDING_OWNER_REVIEW","PENDING_OWNER_REVIEW","PENDING_OWNER_REVIEW","NONE_RECOVERED","PENDING_OWNER_REVIEW","NOT_FORMAL_UNTIL_OWNER_APPROVAL","FORMAL_CORE_CANDIDATE_ONLY;NO_D001_INCLUDE_OR_IMPORTANCE_INFERENCE"
"233","fb0e479d-2c69-4fcc-99a5-cea563ec0042","低軌衛星","42130f0e-8be7-4f40-bfb0-5dd3f11980c6","通訊與光電","TPE","2424","TPE:2424","fcf8bfd0-45c4-51b5-9964-f805c9d4cbbb","owner-topic-membership-20260824.v1","CORE","APPROVED","structural-role-authority-20260912.v4","2026-08-24","fixtures/research/topic_universe_mapping.v1.csv","structural-role-authority:structural-role-authority-20260912.v4","c35c15911c355766dbaa53e76629ae17c84f8d1bbc98e2053b7e87592c0274bc","PENDING_OWNER_REVIEW","PENDING_OWNER_REVIEW","PENDING_OWNER_REVIEW","NONE_RECOVERED","PENDING_OWNER_REVIEW","NOT_FORMAL_UNTIL_OWNER_APPROVAL","FORMAL_CORE_CANDIDATE_ONLY;NO_D001_INCLUDE_OR_IMPORTANCE_INFERENCE"
"234","fb0e479d-2c69-4fcc-99a5-cea563ec0042","低軌衛星","42130f0e-8be7-4f40-bfb0-5dd3f11980c6","通訊與光電","TPE","3042","TPE:3042","d78bb414-1c0f-5715-ae8f-2c8cd828dc9b","owner-topic-membership-20260824.v1","CORE","APPROVED","structural-role-authority-20260912.v4","2026-08-24","2026_REVISED_MARKET_UPDATE","structural-role-authority:structural-role-authority-20260912.v4","c35c15911c355766dbaa53e76629ae17c84f8d1bbc98e2053b7e87592c0274bc","PENDING_OWNER_REVIEW","PENDING_OWNER_REVIEW","PENDING_OWNER_REVIEW","NONE_RECOVERED","PENDING_OWNER_REVIEW","NOT_FORMAL_UNTIL_OWNER_APPROVAL","FORMAL_CORE_CANDIDATE_ONLY;NO_D001_INCLUDE_OR_IMPORTANCE_INFERENCE"
"235","fb0e479d-2c69-4fcc-99a5-cea563ec0042","低軌衛星","42130f0e-8be7-4f40-bfb0-5dd3f11980c6","通訊與光電","TPE","5222","TPE:5222","107eb170-8c06-5537-a5c4-833f7c07a9aa","owner-topic-membership-20260824.v1","CORE","APPROVED","structural-role-authority-20260912.v4","2026-08-24","2026_REVISED_MARKET_UPDATE","structural-role-authority:structural-role-authority-20260912.v4","c35c15911c355766dbaa53e76629ae17c84f8d1bbc98e2053b7e87592c0274bc","PENDING_OWNER_REVIEW","PENDING_OWNER_REVIEW","PENDING_OWNER_REVIEW","NONE_RECOVERED","PENDING_OWNER_REVIEW","NOT_FORMAL_UNTIL_OWNER_APPROVAL","FORMAL_CORE_CANDIDATE_ONLY;NO_D001_INCLUDE_OR_IMPORTANCE_INFERENCE"
"236","fb0e479d-2c69-4fcc-99a5-cea563ec0042","低軌衛星","42130f0e-8be7-4f40-bfb0-5dd3f11980c6","通訊與光電","TPE","6443","TPE:6443","826e0b36-3c45-581d-a974-528aa657dd8c","owner-topic-membership-20260824.v1","CORE","APPROVED","structural-role-authority-20260912.v4","2026-08-24","2026_REVISED_MARKET_UPDATE","structural-role-authority:structural-role-authority-20260912.v4","c35c15911c355766dbaa53e76629ae17c84f8d1bbc98e2053b7e87592c0274bc","PENDING_OWNER_REVIEW","PENDING_OWNER_REVIEW","PENDING_OWNER_REVIEW","NONE_RECOVERED","PENDING_OWNER_REVIEW","NOT_FORMAL_UNTIL_OWNER_APPROVAL","FORMAL_CORE_CANDIDATE_ONLY;NO_D001_INCLUDE_OR_IMPORTANCE_INFERENCE"
"237","610b70ab-d199-43db-a64c-13156c2ebcca","住宅營建","c63e8e8b-8b1b-4883-b1a5-fa8dc5ced0b3","建設開發","TPE","1438","TPE:1438","e9d9d28f-3860-570a-a333-7da52d55edc0","owner-topic-membership-20260824.v1","CORE","APPROVED","structural-role-authority-20260912.v4","2026-08-24","2026_REVISED_MARKET_UPDATE","structural-role-authority:structural-role-authority-20260912.v4","c35c15911c355766dbaa53e76629ae17c84f8d1bbc98e2053b7e87592c0274bc","PENDING_OWNER_REVIEW","PENDING_OWNER_REVIEW","PENDING_OWNER_REVIEW","NONE_RECOVERED","PENDING_OWNER_REVIEW","NOT_FORMAL_UNTIL_OWNER_APPROVAL","FORMAL_CORE_CANDIDATE_ONLY;NO_D001_INCLUDE_OR_IMPORTANCE_INFERENCE"
"238","610b70ab-d199-43db-a64c-13156c2ebcca","住宅營建","c63e8e8b-8b1b-4883-b1a5-fa8dc5ced0b3","建設開發","TPE","2501","TPE:2501","84a2cc7e-b3dc-5148-89a3-af8cdbd82704","owner-topic-membership-20260824.v1","CORE","APPROVED","structural-role-authority-20260912.v4","2026-08-24","fixtures/research/topic_universe_mapping.v1.csv","structural-role-authority:structural-role-authority-20260912.v4","c35c15911c355766dbaa53e76629ae17c84f8d1bbc98e2053b7e87592c0274bc","PENDING_OWNER_REVIEW","PENDING_OWNER_REVIEW","PENDING_OWNER_REVIEW","NONE_RECOVERED","PENDING_OWNER_REVIEW","NOT_FORMAL_UNTIL_OWNER_APPROVAL","FORMAL_CORE_CANDIDATE_ONLY;NO_D001_INCLUDE_OR_IMPORTANCE_INFERENCE"
"239","610b70ab-d199-43db-a64c-13156c2ebcca","住宅營建","c63e8e8b-8b1b-4883-b1a5-fa8dc5ced0b3","建設開發","TPE","2527","TPE:2527","ac88518d-a1b3-5f7c-9389-dac3914df6ff","owner-topic-membership-20260824.v1","CORE","APPROVED","structural-role-authority-20260912.v4","2026-08-24","fixtures/research/topic_universe_mapping.v1.csv","structural-role-authority:structural-role-authority-20260912.v4","c35c15911c355766dbaa53e76629ae17c84f8d1bbc98e2053b7e87592c0274bc","PENDING_OWNER_REVIEW","PENDING_OWNER_REVIEW","PENDING_OWNER_REVIEW","NONE_RECOVERED","PENDING_OWNER_REVIEW","NOT_FORMAL_UNTIL_OWNER_APPROVAL","FORMAL_CORE_CANDIDATE_ONLY;NO_D001_INCLUDE_OR_IMPORTANCE_INFERENCE"
"240","610b70ab-d199-43db-a64c-13156c2ebcca","住宅營建","c63e8e8b-8b1b-4883-b1a5-fa8dc5ced0b3","建設開發","TPE","2536","TPE:2536","1952f142-4cb0-59c8-9dc5-c4cd9426b474","owner-topic-membership-20260824.v1","CORE","APPROVED","structural-role-authority-20260912.v4","2026-08-24","fixtures/research/topic_universe_mapping.v1.csv","structural-role-authority:structural-role-authority-20260912.v4","c35c15911c355766dbaa53e76629ae17c84f8d1bbc98e2053b7e87592c0274bc","PENDING_OWNER_REVIEW","PENDING_OWNER_REVIEW","PENDING_OWNER_REVIEW","NONE_RECOVERED","PENDING_OWNER_REVIEW","NOT_FORMAL_UNTIL_OWNER_APPROVAL","FORMAL_CORE_CANDIDATE_ONLY;NO_D001_INCLUDE_OR_IMPORTANCE_INFERENCE"
"241","610b70ab-d199-43db-a64c-13156c2ebcca","住宅營建","c63e8e8b-8b1b-4883-b1a5-fa8dc5ced0b3","建設開發","TPE","2539","TPE:2539","78674c9c-a0c0-5a5b-8316-4165eac9a426","owner-topic-membership-20260824.v1","CORE","APPROVED","structural-role-authority-20260912.v4","2026-08-24","fixtures/research/topic_universe_mapping.v1.csv","structural-role-authority:structural-role-authority-20260912.v4","c35c15911c355766dbaa53e76629ae17c84f8d1bbc98e2053b7e87592c0274bc","PENDING_OWNER_REVIEW","PENDING_OWNER_REVIEW","PENDING_OWNER_REVIEW","NONE_RECOVERED","PENDING_OWNER_REVIEW","NOT_FORMAL_UNTIL_OWNER_APPROVAL","FORMAL_CORE_CANDIDATE_ONLY;NO_D001_INCLUDE_OR_IMPORTANCE_INFERENCE"
"242","610b70ab-d199-43db-a64c-13156c2ebcca","住宅營建","c63e8e8b-8b1b-4883-b1a5-fa8dc5ced0b3","建設開發","TPE","5519","TPE:5519","a5f3224e-532a-5a4c-9f0e-fc334bc4adec","owner-topic-membership-20260824.v1","CORE","APPROVED","structural-role-authority-20260912.v4","2026-08-24","fixtures/research/topic_universe_mapping.v1.csv","structural-role-authority:structural-role-authority-20260912.v4","c35c15911c355766dbaa53e76629ae17c84f8d1bbc98e2053b7e87592c0274bc","PENDING_OWNER_REVIEW","PENDING_OWNER_REVIEW","PENDING_OWNER_REVIEW","NONE_RECOVERED","PENDING_OWNER_REVIEW","NOT_FORMAL_UNTIL_OWNER_APPROVAL","FORMAL_CORE_CANDIDATE_ONLY;NO_D001_INCLUDE_OR_IMPORTANCE_INFERENCE"
"243","610b70ab-d199-43db-a64c-13156c2ebcca","住宅營建","c63e8e8b-8b1b-4883-b1a5-fa8dc5ced0b3","建設開發","TWO","4513","TWO:4513","cc0df059-f0c0-53ad-b81a-f75416876574","owner-topic-membership-20260824.v1","CORE","APPROVED","structural-role-authority-20260912.v4","2026-08-24","2026_REVISED_MARKET_UPDATE","structural-role-authority:structural-role-authority-20260912.v4","c35c15911c355766dbaa53e76629ae17c84f8d1bbc98e2053b7e87592c0274bc","PENDING_OWNER_REVIEW","PENDING_OWNER_REVIEW","PENDING_OWNER_REVIEW","NONE_RECOVERED","PENDING_OWNER_REVIEW","NOT_FORMAL_UNTIL_OWNER_APPROVAL","FORMAL_CORE_CANDIDATE_ONLY;NO_D001_INCLUDE_OR_IMPORTANCE_INFERENCE"
"244","6575fad4-9875-45f0-9c72-ff868925f713","利基型光電磊晶","d1514075-c622-4d00-85d2-84162697daa2","半導體材料","TWO","4971","TWO:4971","88cc7218-0576-5110-8a75-8dd7b8d35af4","owner-topic-membership-20260824.v1","CORE","APPROVED","structural-role-authority-20260912.v4","2026-08-24","fixtures/research/topic_universe_mapping.v1.csv","structural-role-authority:structural-role-authority-20260912.v4","c35c15911c355766dbaa53e76629ae17c84f8d1bbc98e2053b7e87592c0274bc","PENDING_OWNER_REVIEW","PENDING_OWNER_REVIEW","PENDING_OWNER_REVIEW","NONE_RECOVERED","PENDING_OWNER_REVIEW","NOT_FORMAL_UNTIL_OWNER_APPROVAL","FORMAL_CORE_CANDIDATE_ONLY;NO_D001_INCLUDE_OR_IMPORTANCE_INFERENCE"
"245","6575fad4-9875-45f0-9c72-ff868925f713","利基型光電磊晶","d1514075-c622-4d00-85d2-84162697daa2","半導體材料","TWO","4991","TWO:4991","10cdb832-a437-50bb-910a-a90b52640af0","owner-topic-membership-20260824.v1","CORE","APPROVED","structural-role-authority-20260912.v4","2026-08-24","fixtures/research/topic_universe_mapping.v1.csv","structural-role-authority:structural-role-authority-20260912.v4","c35c15911c355766dbaa53e76629ae17c84f8d1bbc98e2053b7e87592c0274bc","PENDING_OWNER_REVIEW","PENDING_OWNER_REVIEW","PENDING_OWNER_REVIEW","NONE_RECOVERED","PENDING_OWNER_REVIEW","NOT_FORMAL_UNTIL_OWNER_APPROVAL","FORMAL_CORE_CANDIDATE_ONLY;NO_D001_INCLUDE_OR_IMPORTANCE_INFERENCE"
"246","7bceb463-26d1-5810-8e9c-5e9359eaa45a","利基型特用化學 (Specialty Chemical Materials)","d1514075-c622-4d00-85d2-84162697daa2","半導體材料","TPE","1711","TPE:1711","a0475d69-9a8e-5d53-9d96-63d5d81f38bb","owner-topic-membership-20260824.v1","CORE","APPROVED","structural-role-authority-20260912.v4","2026-08-24","2026_NEW_TOPIC_ADDITION","structural-role-authority:structural-role-authority-20260912.v4","c35c15911c355766dbaa53e76629ae17c84f8d1bbc98e2053b7e87592c0274bc","PENDING_OWNER_REVIEW","PENDING_OWNER_REVIEW","PENDING_OWNER_REVIEW","NONE_RECOVERED","PENDING_OWNER_REVIEW","NOT_FORMAL_UNTIL_OWNER_APPROVAL","FORMAL_CORE_CANDIDATE_ONLY;NO_D001_INCLUDE_OR_IMPORTANCE_INFERENCE"
"247","7bceb463-26d1-5810-8e9c-5e9359eaa45a","利基型特用化學 (Specialty Chemical Materials)","d1514075-c622-4d00-85d2-84162697daa2","半導體材料","TPE","1717","TPE:1717","60f3aa7b-727b-55e1-89e9-f3b278fe0f71","owner-topic-membership-20260824.v1","CORE","APPROVED","structural-role-authority-20260912.v4","2026-08-24","2026_NEW_TOPIC_ADDITION","structural-role-authority:structural-role-authority-20260912.v4","c35c15911c355766dbaa53e76629ae17c84f8d1bbc98e2053b7e87592c0274bc","PENDING_OWNER_REVIEW","PENDING_OWNER_REVIEW","PENDING_OWNER_REVIEW","NONE_RECOVERED","PENDING_OWNER_REVIEW","NOT_FORMAL_UNTIL_OWNER_APPROVAL","FORMAL_CORE_CANDIDATE_ONLY;NO_D001_INCLUDE_OR_IMPORTANCE_INFERENCE"
"248","7bceb463-26d1-5810-8e9c-5e9359eaa45a","利基型特用化學 (Specialty Chemical Materials)","d1514075-c622-4d00-85d2-84162697daa2","半導體材料","TWO","4716","TWO:4716","4092d67a-c683-58f1-94c3-f79a5f9f1490","owner-topic-membership-20260824.v1","CORE","APPROVED","structural-role-authority-20260912.v4","2026-08-24","2026_NEW_TOPIC_ADDITION","structural-role-authority:structural-role-authority-20260912.v4","c35c15911c355766dbaa53e76629ae17c84f8d1bbc98e2053b7e87592c0274bc","PENDING_OWNER_REVIEW","PENDING_OWNER_REVIEW","PENDING_OWNER_REVIEW","NONE_RECOVERED","PENDING_OWNER_REVIEW","NOT_FORMAL_UNTIL_OWNER_APPROVAL","FORMAL_CORE_CANDIDATE_ONLY;NO_D001_INCLUDE_OR_IMPORTANCE_INFERENCE"
"249","99755095-e392-4f2d-94ac-976a6321ae87","車用功率半導體","41cab158-24db-40b9-90cf-fa859870f165","車用電子","TPE","2241","TPE:2241","54a45d1d-0dde-5ea4-87b6-ce7027bde8bb","owner-topic-membership-20260824.v1","CORE","APPROVED","structural-role-authority-20260912.v4","2026-08-24","fixtures/research/topic_universe_mapping.v1.csv","structural-role-authority:structural-role-authority-20260912.v4","c35c15911c355766dbaa53e76629ae17c84f8d1bbc98e2053b7e87592c0274bc","PENDING_OWNER_REVIEW","PENDING_OWNER_REVIEW","PENDING_OWNER_REVIEW","NONE_RECOVERED","PENDING_OWNER_REVIEW","NOT_FORMAL_UNTIL_OWNER_APPROVAL","FORMAL_CORE_CANDIDATE_ONLY;NO_D001_INCLUDE_OR_IMPORTANCE_INFERENCE"
"250","99755095-e392-4f2d-94ac-976a6321ae87","車用功率半導體","41cab158-24db-40b9-90cf-fa859870f165","車用電子","TPE","2327","TPE:2327","bf489ced-cf9c-5c08-8217-28d3347bff4f","owner-topic-membership-20260824.v1","CORE","APPROVED","structural-role-authority-20260912.v4","2026-08-24","fixtures/research/topic_universe_mapping.v1.csv","structural-role-authority:structural-role-authority-20260912.v4","c35c15911c355766dbaa53e76629ae17c84f8d1bbc98e2053b7e87592c0274bc","PENDING_OWNER_REVIEW","PENDING_OWNER_REVIEW","PENDING_OWNER_REVIEW","NONE_RECOVERED","PENDING_OWNER_REVIEW","NOT_FORMAL_UNTIL_OWNER_APPROVAL","FORMAL_CORE_CANDIDATE_ONLY;NO_D001_INCLUDE_OR_IMPORTANCE_INFERENCE"
"251","99755095-e392-4f2d-94ac-976a6321ae87","車用功率半導體","41cab158-24db-40b9-90cf-fa859870f165","車用電子","TPE","2351","TPE:2351","dfa36fea-9e96-5c79-bc28-0f3edff9e418","owner-topic-membership-20260824.v1","CORE","APPROVED","structural-role-authority-20260912.v4","2026-08-24","2026_NEW_TOPIC_ADDITION","structural-role-authority:structural-role-authority-20260912.v4","c35c15911c355766dbaa53e76629ae17c84f8d1bbc98e2053b7e87592c0274bc","PENDING_OWNER_REVIEW","PENDING_OWNER_REVIEW","PENDING_OWNER_REVIEW","NONE_RECOVERED","PENDING_OWNER_REVIEW","NOT_FORMAL_UNTIL_OWNER_APPROVAL","FORMAL_CORE_CANDIDATE_ONLY;NO_D001_INCLUDE_OR_IMPORTANCE_INFERENCE"
"252","99755095-e392-4f2d-94ac-976a6321ae87","車用功率半導體","41cab158-24db-40b9-90cf-fa859870f165","車用電子","TPE","2492","TPE:2492","fb2caec1-ba83-5704-9367-a1c8ba6b574f","owner-topic-membership-20260824.v1","CORE","APPROVED","structural-role-authority-20260912.v4","2026-08-24","2026_NEW_TOPIC_ADDITION","structural-role-authority:structural-role-authority-20260912.v4","c35c15911c355766dbaa53e76629ae17c84f8d1bbc98e2053b7e87592c0274bc","PENDING_OWNER_REVIEW","PENDING_OWNER_REVIEW","PENDING_OWNER_REVIEW","NONE_RECOVERED","PENDING_OWNER_REVIEW","NOT_FORMAL_UNTIL_OWNER_APPROVAL","FORMAL_CORE_CANDIDATE_ONLY;NO_D001_INCLUDE_OR_IMPORTANCE_INFERENCE"
"253","99755095-e392-4f2d-94ac-976a6321ae87","車用功率半導體","41cab158-24db-40b9-90cf-fa859870f165","車用電子","TPE","5285","TPE:5285","12e097e2-5da6-5e9a-94c0-07d144077838","owner-topic-membership-20260824.v1","CORE","APPROVED","structural-role-authority-20260912.v4","2026-08-24","2026_NEW_TOPIC_ADDITION","structural-role-authority:structural-role-authority-20260912.v4","c35c15911c355766dbaa53e76629ae17c84f8d1bbc98e2053b7e87592c0274bc","PENDING_OWNER_REVIEW","PENDING_OWNER_REVIEW","PENDING_OWNER_REVIEW","NONE_RECOVERED","PENDING_OWNER_REVIEW","NOT_FORMAL_UNTIL_OWNER_APPROVAL","FORMAL_CORE_CANDIDATE_ONLY;NO_D001_INCLUDE_OR_IMPORTANCE_INFERENCE"
"254","99755095-e392-4f2d-94ac-976a6321ae87","車用功率半導體","41cab158-24db-40b9-90cf-fa859870f165","車用電子","TPE","6525","TPE:6525","e429e48c-bd92-5fd1-9218-eff149962023","owner-topic-membership-20260824.v1","CORE","APPROVED","structural-role-authority-20260912.v4","2026-08-24","fixtures/research/topic_universe_mapping.v1.csv","structural-role-authority:structural-role-authority-20260912.v4","c35c15911c355766dbaa53e76629ae17c84f8d1bbc98e2053b7e87592c0274bc","PENDING_OWNER_REVIEW","PENDING_OWNER_REVIEW","PENDING_OWNER_REVIEW","NONE_RECOVERED","PENDING_OWNER_REVIEW","NOT_FORMAL_UNTIL_OWNER_APPROVAL","FORMAL_CORE_CANDIDATE_ONLY;NO_D001_INCLUDE_OR_IMPORTANCE_INFERENCE"
"255","99755095-e392-4f2d-94ac-976a6321ae87","車用功率半導體","41cab158-24db-40b9-90cf-fa859870f165","車用電子","TWO","3675","TWO:3675","edd22ca0-abee-5a22-ad71-11cfbdfcecc2","owner-topic-membership-20260824.v1","CORE","APPROVED","structural-role-authority-20260912.v4","2026-08-24","2026_NEW_TOPIC_ADDITION","structural-role-authority:structural-role-authority-20260912.v4","c35c15911c355766dbaa53e76629ae17c84f8d1bbc98e2053b7e87592c0274bc","PENDING_OWNER_REVIEW","PENDING_OWNER_REVIEW","PENDING_OWNER_REVIEW","NONE_RECOVERED","PENDING_OWNER_REVIEW","NOT_FORMAL_UNTIL_OWNER_APPROVAL","FORMAL_CORE_CANDIDATE_ONLY;NO_D001_INCLUDE_OR_IMPORTANCE_INFERENCE"
"256","6c207421-365d-4c58-b6db-e06e5fcf55b8","車用連接器","41cab158-24db-40b9-90cf-fa859870f165","車用電子","TPE","2460","TPE:2460","d75832e4-1cda-58d8-b6a4-1cbc3bff70bd","owner-topic-membership-20260824.v1","CORE","APPROVED","structural-role-authority-20260912.v4","2026-08-24","2026_REVISED_MARKET_UPDATE","structural-role-authority:structural-role-authority-20260912.v4","c35c15911c355766dbaa53e76629ae17c84f8d1bbc98e2053b7e87592c0274bc","PENDING_OWNER_REVIEW","PENDING_OWNER_REVIEW","PENDING_OWNER_REVIEW","NONE_RECOVERED","PENDING_OWNER_REVIEW","NOT_FORMAL_UNTIL_OWNER_APPROVAL","FORMAL_CORE_CANDIDATE_ONLY;NO_D001_INCLUDE_OR_IMPORTANCE_INFERENCE"
"257","6c207421-365d-4c58-b6db-e06e5fcf55b8","車用連接器","41cab158-24db-40b9-90cf-fa859870f165","車用電子","TPE","3023","TPE:3023","62698443-bfce-5c87-96bd-1b8573d88db4","owner-topic-membership-20260824.v1","CORE","APPROVED","structural-role-authority-20260912.v4","2026-08-24","fixtures/research/topic_universe_mapping.v1.csv","structural-role-authority:structural-role-authority-20260912.v4","c35c15911c355766dbaa53e76629ae17c84f8d1bbc98e2053b7e87592c0274bc","PENDING_OWNER_REVIEW","PENDING_OWNER_REVIEW","PENDING_OWNER_REVIEW","NONE_RECOVERED","PENDING_OWNER_REVIEW","NOT_FORMAL_UNTIL_OWNER_APPROVAL","FORMAL_CORE_CANDIDATE_ONLY;NO_D001_INCLUDE_OR_IMPORTANCE_INFERENCE"
"258","6c207421-365d-4c58-b6db-e06e5fcf55b8","車用連接器","41cab158-24db-40b9-90cf-fa859870f165","車用電子","TPE","3665","TPE:3665","c573e2bf-bfe7-56fe-abc7-43d1375dd749","owner-topic-membership-20260824.v1","CORE","APPROVED","structural-role-authority-20260912.v4","2026-08-24","fixtures/research/topic_universe_mapping.v1.csv","structural-role-authority:structural-role-authority-20260912.v4","c35c15911c355766dbaa53e76629ae17c84f8d1bbc98e2053b7e87592c0274bc","PENDING_OWNER_REVIEW","PENDING_OWNER_REVIEW","PENDING_OWNER_REVIEW","NONE_RECOVERED","PENDING_OWNER_REVIEW","NOT_FORMAL_UNTIL_OWNER_APPROVAL","FORMAL_CORE_CANDIDATE_ONLY;NO_D001_INCLUDE_OR_IMPORTANCE_INFERENCE"
"259","6c207421-365d-4c58-b6db-e06e5fcf55b8","車用連接器","41cab158-24db-40b9-90cf-fa859870f165","車用電子","TPE","6205","TPE:6205","0e57cf24-da0c-50ed-8b66-6bfe0f2e3c42","owner-topic-membership-20260824.v1","CORE","APPROVED","structural-role-authority-20260912.v4","2026-08-24","fixtures/research/topic_universe_mapping.v1.csv","structural-role-authority:structural-role-authority-20260912.v4","c35c15911c355766dbaa53e76629ae17c84f8d1bbc98e2053b7e87592c0274bc","PENDING_OWNER_REVIEW","PENDING_OWNER_REVIEW","PENDING_OWNER_REVIEW","NONE_RECOVERED","PENDING_OWNER_REVIEW","NOT_FORMAL_UNTIL_OWNER_APPROVAL","FORMAL_CORE_CANDIDATE_ONLY;NO_D001_INCLUDE_OR_IMPORTANCE_INFERENCE"
"260","6c207421-365d-4c58-b6db-e06e5fcf55b8","車用連接器","41cab158-24db-40b9-90cf-fa859870f165","車用電子","TWO","3484","TWO:3484","f825a346-5296-567f-a181-eac2037776cb","owner-topic-membership-20260824.v1","CORE","APPROVED","structural-role-authority-20260912.v4","2026-08-24","fixtures/research/topic_universe_mapping.v1.csv","structural-role-authority:structural-role-authority-20260912.v4","c35c15911c355766dbaa53e76629ae17c84f8d1bbc98e2053b7e87592c0274bc","PENDING_OWNER_REVIEW","PENDING_OWNER_REVIEW","PENDING_OWNER_REVIEW","NONE_RECOVERED","PENDING_OWNER_REVIEW","NOT_FORMAL_UNTIL_OWNER_APPROVAL","FORMAL_CORE_CANDIDATE_ONLY;NO_D001_INCLUDE_OR_IMPORTANCE_INFERENCE"
"261","6c207421-365d-4c58-b6db-e06e5fcf55b8","車用連接器","41cab158-24db-40b9-90cf-fa859870f165","車用電子","TWO","3526","TWO:3526","397ee851-f20d-51fc-a484-002fd28921c3","owner-topic-membership-20260824.v1","CORE","APPROVED","structural-role-authority-20260912.v4","2026-08-24","fixtures/research/topic_universe_mapping.v1.csv","structural-role-authority:structural-role-authority-20260912.v4","c35c15911c355766dbaa53e76629ae17c84f8d1bbc98e2053b7e87592c0274bc","PENDING_OWNER_REVIEW","PENDING_OWNER_REVIEW","PENDING_OWNER_REVIEW","NONE_RECOVERED","PENDING_OWNER_REVIEW","NOT_FORMAL_UNTIL_OWNER_APPROVAL","FORMAL_CORE_CANDIDATE_ONLY;NO_D001_INCLUDE_OR_IMPORTANCE_INFERENCE"
"262","6c207421-365d-4c58-b6db-e06e5fcf55b8","車用連接器","41cab158-24db-40b9-90cf-fa859870f165","車用電子","TWO","5457","TWO:5457","159d5139-c19f-568f-873d-b891cb5672a1","owner-topic-membership-20260824.v1","CORE","APPROVED","structural-role-authority-20260912.v4","2026-08-24","fixtures/research/topic_universe_mapping.v1.csv","structural-role-authority:structural-role-authority-20260912.v4","c35c15911c355766dbaa53e76629ae17c84f8d1bbc98e2053b7e87592c0274bc","PENDING_OWNER_REVIEW","PENDING_OWNER_REVIEW","PENDING_OWNER_REVIEW","NONE_RECOVERED","PENDING_OWNER_REVIEW","NOT_FORMAL_UNTIL_OWNER_APPROVAL","FORMAL_CORE_CANDIDATE_ONLY;NO_D001_INCLUDE_OR_IMPORTANCE_INFERENCE"
"263","e633b461-07a7-46fc-bef6-6a269e72a068","其他 AI伺服器供應鏈","35edf59b-8f31-4fcc-a914-1c74584ad1da","AI運算與伺服器","TPE","1503","TPE:1503","8568af97-d59b-5ae7-b0b8-874ef205b31f","owner-topic-membership-20260824.v1","CORE","APPROVED","structural-role-authority-20260912.v4","2026-08-24","2026_NEW_TOPIC_ADDITION","structural-role-authority:structural-role-authority-20260912.v4","c35c15911c355766dbaa53e76629ae17c84f8d1bbc98e2053b7e87592c0274bc","PENDING_OWNER_REVIEW","PENDING_OWNER_REVIEW","PENDING_OWNER_REVIEW","NONE_RECOVERED","PENDING_OWNER_REVIEW","NOT_FORMAL_UNTIL_OWNER_APPROVAL","FORMAL_CORE_CANDIDATE_ONLY;NO_D001_INCLUDE_OR_IMPORTANCE_INFERENCE"
"264","e633b461-07a7-46fc-bef6-6a269e72a068","其他 AI伺服器供應鏈","35edf59b-8f31-4fcc-a914-1c74584ad1da","AI運算與伺服器","TPE","1514","TPE:1514","6afcbef7-f599-5761-81df-08a7b1652e6e","owner-topic-membership-20260824.v1","CORE","APPROVED","structural-role-authority-20260912.v4","2026-08-24","2026_NEW_TOPIC_ADDITION","structural-role-authority:structural-role-authority-20260912.v4","c35c15911c355766dbaa53e76629ae17c84f8d1bbc98e2053b7e87592c0274bc","PENDING_OWNER_REVIEW","PENDING_OWNER_REVIEW","PENDING_OWNER_REVIEW","NONE_RECOVERED","PENDING_OWNER_REVIEW","NOT_FORMAL_UNTIL_OWNER_APPROVAL","FORMAL_CORE_CANDIDATE_ONLY;NO_D001_INCLUDE_OR_IMPORTANCE_INFERENCE"
"265","e633b461-07a7-46fc-bef6-6a269e72a068","其他 AI伺服器供應鏈","35edf59b-8f31-4fcc-a914-1c74584ad1da","AI運算與伺服器","TPE","2301","TPE:2301","06277b0c-4b09-56d9-add8-e4941d17b53b","owner-topic-membership-20260824.v1","CORE","APPROVED","structural-role-authority-20260912.v4","2026-08-24","2026_NEW_TOPIC_ADDITION","structural-role-authority:structural-role-authority-20260912.v4","c35c15911c355766dbaa53e76629ae17c84f8d1bbc98e2053b7e87592c0274bc","PENDING_OWNER_REVIEW","PENDING_OWNER_REVIEW","PENDING_OWNER_REVIEW","NONE_RECOVERED","PENDING_OWNER_REVIEW","NOT_FORMAL_UNTIL_OWNER_APPROVAL","FORMAL_CORE_CANDIDATE_ONLY;NO_D001_INCLUDE_OR_IMPORTANCE_INFERENCE"
"266","e633b461-07a7-46fc-bef6-6a269e72a068","其他 AI伺服器供應鏈","35edf59b-8f31-4fcc-a914-1c74584ad1da","AI運算與伺服器","TPE","2308","TPE:2308","2c8a9930-4c76-5c6d-9377-f5ffdbe0b09f","owner-topic-membership-20260824.v1","CORE","APPROVED","structural-role-authority-20260912.v4","2026-08-24","2026_REVISED_MARKET_UPDATE","structural-role-authority:structural-role-authority-20260912.v4","c35c15911c355766dbaa53e76629ae17c84f8d1bbc98e2053b7e87592c0274bc","PENDING_OWNER_REVIEW","PENDING_OWNER_REVIEW","PENDING_OWNER_REVIEW","NONE_RECOVERED","PENDING_OWNER_REVIEW","NOT_FORMAL_UNTIL_OWNER_APPROVAL","FORMAL_CORE_CANDIDATE_ONLY;NO_D001_INCLUDE_OR_IMPORTANCE_INFERENCE"
"267","e633b461-07a7-46fc-bef6-6a269e72a068","其他 AI伺服器供應鏈","35edf59b-8f31-4fcc-a914-1c74584ad1da","AI運算與伺服器","TPE","2312","TPE:2312","65fadfd3-2e25-5021-922a-6a7db9c1c2b8","owner-topic-membership-20260824.v1","CORE","APPROVED","structural-role-authority-20260912.v4","2026-08-24","fixtures/research/topic_universe_mapping.v1.csv","structural-role-authority:structural-role-authority-20260912.v4","c35c15911c355766dbaa53e76629ae17c84f8d1bbc98e2053b7e87592c0274bc","PENDING_OWNER_REVIEW","PENDING_OWNER_REVIEW","PENDING_OWNER_REVIEW","NONE_RECOVERED","PENDING_OWNER_REVIEW","NOT_FORMAL_UNTIL_OWNER_APPROVAL","FORMAL_CORE_CANDIDATE_ONLY;NO_D001_INCLUDE_OR_IMPORTANCE_INFERENCE"
"268","e633b461-07a7-46fc-bef6-6a269e72a068","其他 AI伺服器供應鏈","35edf59b-8f31-4fcc-a914-1c74584ad1da","AI運算與伺服器","TPE","2316","TPE:2316","ebf57778-5565-55b7-9706-021d046fbfa6","owner-topic-membership-20260824.v1","CORE","APPROVED","structural-role-authority-20260912.v4","2026-08-24","fixtures/research/topic_universe_mapping.v1.csv","structural-role-authority:structural-role-authority-20260912.v4","c35c15911c355766dbaa53e76629ae17c84f8d1bbc98e2053b7e87592c0274bc","PENDING_OWNER_REVIEW","PENDING_OWNER_REVIEW","PENDING_OWNER_REVIEW","NONE_RECOVERED","PENDING_OWNER_REVIEW","NOT_FORMAL_UNTIL_OWNER_APPROVAL","FORMAL_CORE_CANDIDATE_ONLY;NO_D001_INCLUDE_OR_IMPORTANCE_INFERENCE"
"269","e633b461-07a7-46fc-bef6-6a269e72a068","其他 AI伺服器供應鏈","35edf59b-8f31-4fcc-a914-1c74584ad1da","AI運算與伺服器","TPE","2345","TPE:2345","39398ff2-c527-5b17-a6de-03c5a9ed6f93","owner-topic-membership-20260824.v1","CORE","APPROVED","structural-role-authority-20260912.v4","2026-08-24","2026_REVISED_MARKET_UPDATE","structural-role-authority:structural-role-authority-20260912.v4","c35c15911c355766dbaa53e76629ae17c84f8d1bbc98e2053b7e87592c0274bc","PENDING_OWNER_REVIEW","PENDING_OWNER_REVIEW","PENDING_OWNER_REVIEW","NONE_RECOVERED","PENDING_OWNER_REVIEW","NOT_FORMAL_UNTIL_OWNER_APPROVAL","FORMAL_CORE_CANDIDATE_ONLY;NO_D001_INCLUDE_OR_IMPORTANCE_INFERENCE"
"270","e633b461-07a7-46fc-bef6-6a269e72a068","其他 AI伺服器供應鏈","35edf59b-8f31-4fcc-a914-1c74584ad1da","AI運算與伺服器","TPE","2356","TPE:2356","7321c14e-18b6-5b67-ab41-cd12865d970b","owner-topic-membership-20260824.v1","CORE","APPROVED","structural-role-authority-20260912.v4","2026-08-24","2026_NEW_TOPIC_ADDITION","structural-role-authority:structural-role-authority-20260912.v4","c35c15911c355766dbaa53e76629ae17c84f8d1bbc98e2053b7e87592c0274bc","PENDING_OWNER_REVIEW","PENDING_OWNER_REVIEW","PENDING_OWNER_REVIEW","NONE_RECOVERED","PENDING_OWNER_REVIEW","NOT_FORMAL_UNTIL_OWNER_APPROVAL","FORMAL_CORE_CANDIDATE_ONLY;NO_D001_INCLUDE_OR_IMPORTANCE_INFERENCE"
"271","e633b461-07a7-46fc-bef6-6a269e72a068","其他 AI伺服器供應鏈","35edf59b-8f31-4fcc-a914-1c74584ad1da","AI運算與伺服器","TPE","2367","TPE:2367","94da630e-9a35-5d41-aa5c-bd34ed4fed51","owner-topic-membership-20260824.v1","CORE","APPROVED","structural-role-authority-20260912.v4","2026-08-24","fixtures/research/topic_universe_mapping.v1.csv","structural-role-authority:structural-role-authority-20260912.v4","c35c15911c355766dbaa53e76629ae17c84f8d1bbc98e2053b7e87592c0274bc","PENDING_OWNER_REVIEW","PENDING_OWNER_REVIEW","PENDING_OWNER_REVIEW","NONE_RECOVERED","PENDING_OWNER_REVIEW","NOT_FORMAL_UNTIL_OWNER_APPROVAL","FORMAL_CORE_CANDIDATE_ONLY;NO_D001_INCLUDE_OR_IMPORTANCE_INFERENCE"
"272","e633b461-07a7-46fc-bef6-6a269e72a068","其他 AI伺服器供應鏈","35edf59b-8f31-4fcc-a914-1c74584ad1da","AI運算與伺服器","TPE","2368","TPE:2368","a708c44b-2a5f-5037-8369-620f94846cdd","owner-topic-membership-20260824.v1","CORE","APPROVED","structural-role-authority-20260912.v4","2026-08-24","2026_NEW_TOPIC_ADDITION","structural-role-authority:structural-role-authority-20260912.v4","c35c15911c355766dbaa53e76629ae17c84f8d1bbc98e2053b7e87592c0274bc","PENDING_OWNER_REVIEW","PENDING_OWNER_REVIEW","PENDING_OWNER_REVIEW","NONE_RECOVERED","PENDING_OWNER_REVIEW","NOT_FORMAL_UNTIL_OWNER_APPROVAL","FORMAL_CORE_CANDIDATE_ONLY;NO_D001_INCLUDE_OR_IMPORTANCE_INFERENCE"
"273","e633b461-07a7-46fc-bef6-6a269e72a068","其他 AI伺服器供應鏈","35edf59b-8f31-4fcc-a914-1c74584ad1da","AI運算與伺服器","TPE","2376","TPE:2376","0cf94365-ac45-543b-bd65-c3e7ad2098c2","owner-topic-membership-20260824.v1","CORE","APPROVED","structural-role-authority-20260912.v4","2026-08-24","2026_NEW_TOPIC_ADDITION","structural-role-authority:structural-role-authority-20260912.v4","c35c15911c355766dbaa53e76629ae17c84f8d1bbc98e2053b7e87592c0274bc","PENDING_OWNER_REVIEW","PENDING_OWNER_REVIEW","PENDING_OWNER_REVIEW","NONE_RECOVERED","PENDING_OWNER_REVIEW","NOT_FORMAL_UNTIL_OWNER_APPROVAL","FORMAL_CORE_CANDIDATE_ONLY;NO_D001_INCLUDE_OR_IMPORTANCE_INFERENCE"
"274","e633b461-07a7-46fc-bef6-6a269e72a068","其他 AI伺服器供應鏈","35edf59b-8f31-4fcc-a914-1c74584ad1da","AI運算與伺服器","TPE","2382","TPE:2382","b785570f-1c3c-5a62-9607-13b387e0657d","owner-topic-membership-20260824.v1","CORE","APPROVED","structural-role-authority-20260912.v4","2026-08-24","2026_NEW_TOPIC_ADDITION","structural-role-authority:structural-role-authority-20260912.v4","c35c15911c355766dbaa53e76629ae17c84f8d1bbc98e2053b7e87592c0274bc","PENDING_OWNER_REVIEW","PENDING_OWNER_REVIEW","PENDING_OWNER_REVIEW","NONE_RECOVERED","PENDING_OWNER_REVIEW","NOT_FORMAL_UNTIL_OWNER_APPROVAL","FORMAL_CORE_CANDIDATE_ONLY;NO_D001_INCLUDE_OR_IMPORTANCE_INFERENCE"
"275","e633b461-07a7-46fc-bef6-6a269e72a068","其他 AI伺服器供應鏈","35edf59b-8f31-4fcc-a914-1c74584ad1da","AI運算與伺服器","TPE","2383","TPE:2383","c719a086-6500-5390-8353-1102204d9d33","owner-topic-membership-20260824.v1","CORE","APPROVED","structural-role-authority-20260912.v4","2026-08-24","2026_REVISED_MARKET_UPDATE","structural-role-authority:structural-role-authority-20260912.v4","c35c15911c355766dbaa53e76629ae17c84f8d1bbc98e2053b7e87592c0274bc","PENDING_OWNER_REVIEW","PENDING_OWNER_REVIEW","PENDING_OWNER_REVIEW","NONE_RECOVERED","PENDING_OWNER_REVIEW","NOT_FORMAL_UNTIL_OWNER_APPROVAL","FORMAL_CORE_CANDIDATE_ONLY;NO_D001_INCLUDE_OR_IMPORTANCE_INFERENCE"
"276","e633b461-07a7-46fc-bef6-6a269e72a068","其他 AI伺服器供應鏈","35edf59b-8f31-4fcc-a914-1c74584ad1da","AI運算與伺服器","TPE","2395","TPE:2395","4840858d-dd00-5eac-b903-82b24677bf4a","owner-topic-membership-20260824.v1","CORE","APPROVED","structural-role-authority-20260912.v4","2026-08-24","fixtures/research/topic_universe_mapping.v1.csv","structural-role-authority:structural-role-authority-20260912.v4","c35c15911c355766dbaa53e76629ae17c84f8d1bbc98e2053b7e87592c0274bc","PENDING_OWNER_REVIEW","PENDING_OWNER_REVIEW","PENDING_OWNER_REVIEW","NONE_RECOVERED","PENDING_OWNER_REVIEW","NOT_FORMAL_UNTIL_OWNER_APPROVAL","FORMAL_CORE_CANDIDATE_ONLY;NO_D001_INCLUDE_OR_IMPORTANCE_INFERENCE"
"277","e633b461-07a7-46fc-bef6-6a269e72a068","其他 AI伺服器供應鏈","35edf59b-8f31-4fcc-a914-1c74584ad1da","AI運算與伺服器","TPE","2421","TPE:2421","c6daca9f-c57d-5f6c-8c96-984c0a1660d2","owner-topic-membership-20260824.v1","CORE","APPROVED","structural-role-authority-20260912.v4","2026-08-24","fixtures/research/topic_universe_mapping.v1.csv","structural-role-authority:structural-role-authority-20260912.v4","c35c15911c355766dbaa53e76629ae17c84f8d1bbc98e2053b7e87592c0274bc","PENDING_OWNER_REVIEW","PENDING_OWNER_REVIEW","PENDING_OWNER_REVIEW","NONE_RECOVERED","PENDING_OWNER_REVIEW","NOT_FORMAL_UNTIL_OWNER_APPROVAL","FORMAL_CORE_CANDIDATE_ONLY;NO_D001_INCLUDE_OR_IMPORTANCE_INFERENCE"
"278","e633b461-07a7-46fc-bef6-6a269e72a068","其他 AI伺服器供應鏈","35edf59b-8f31-4fcc-a914-1c74584ad1da","AI運算與伺服器","TPE","2436","TPE:2436","bed406b0-3f48-50f2-8c8d-cd1e10db1c1c","owner-topic-membership-20260824.v1","CORE","APPROVED","structural-role-authority-20260912.v4","2026-08-24","2026_NEW_TOPIC_ADDITION","structural-role-authority:structural-role-authority-20260912.v4","c35c15911c355766dbaa53e76629ae17c84f8d1bbc98e2053b7e87592c0274bc","PENDING_OWNER_REVIEW","PENDING_OWNER_REVIEW","PENDING_OWNER_REVIEW","NONE_RECOVERED","PENDING_OWNER_REVIEW","NOT_FORMAL_UNTIL_OWNER_APPROVAL","FORMAL_CORE_CANDIDATE_ONLY;NO_D001_INCLUDE_OR_IMPORTANCE_INFERENCE"
"279","e633b461-07a7-46fc-bef6-6a269e72a068","其他 AI伺服器供應鏈","35edf59b-8f31-4fcc-a914-1c74584ad1da","AI運算與伺服器","TPE","2474","TPE:2474","b9590c98-0325-57c8-ac28-88f50bc1a47c","owner-topic-membership-20260824.v1","CORE","APPROVED","structural-role-authority-20260912.v4","2026-08-24","2026_REVISED_MARKET_UPDATE","structural-role-authority:structural-role-authority-20260912.v4","c35c15911c355766dbaa53e76629ae17c84f8d1bbc98e2053b7e87592c0274bc","PENDING_OWNER_REVIEW","PENDING_OWNER_REVIEW","PENDING_OWNER_REVIEW","NONE_RECOVERED","PENDING_OWNER_REVIEW","NOT_FORMAL_UNTIL_OWNER_APPROVAL","FORMAL_CORE_CANDIDATE_ONLY;NO_D001_INCLUDE_OR_IMPORTANCE_INFERENCE"
"280","e633b461-07a7-46fc-bef6-6a269e72a068","其他 AI伺服器供應鏈","35edf59b-8f31-4fcc-a914-1c74584ad1da","AI運算與伺服器","TPE","3008","TPE:3008","b5c2913a-1b45-52b2-b79f-d81025e52d86","owner-topic-membership-20260824.v1","CORE","APPROVED","structural-role-authority-20260912.v4","2026-08-24","fixtures/research/topic_universe_mapping.v1.csv","structural-role-authority:structural-role-authority-20260912.v4","c35c15911c355766dbaa53e76629ae17c84f8d1bbc98e2053b7e87592c0274bc","PENDING_OWNER_REVIEW","PENDING_OWNER_REVIEW","PENDING_OWNER_REVIEW","NONE_RECOVERED","PENDING_OWNER_REVIEW","NOT_FORMAL_UNTIL_OWNER_APPROVAL","FORMAL_CORE_CANDIDATE_ONLY;NO_D001_INCLUDE_OR_IMPORTANCE_INFERENCE"
"281","e633b461-07a7-46fc-bef6-6a269e72a068","其他 AI伺服器供應鏈","35edf59b-8f31-4fcc-a914-1c74584ad1da","AI運算與伺服器","TPE","3013","TPE:3013","f08280b3-b77a-5a62-909d-270d8da0ac4b","owner-topic-membership-20260824.v1","CORE","APPROVED","structural-role-authority-20260912.v4","2026-08-24","2026_REVISED_MARKET_UPDATE","structural-role-authority:structural-role-authority-20260912.v4","c35c15911c355766dbaa53e76629ae17c84f8d1bbc98e2053b7e87592c0274bc","PENDING_OWNER_REVIEW","PENDING_OWNER_REVIEW","PENDING_OWNER_REVIEW","NONE_RECOVERED","PENDING_OWNER_REVIEW","NOT_FORMAL_UNTIL_OWNER_APPROVAL","FORMAL_CORE_CANDIDATE_ONLY;NO_D001_INCLUDE_OR_IMPORTANCE_INFERENCE"
"282","e633b461-07a7-46fc-bef6-6a269e72a068","其他 AI伺服器供應鏈","35edf59b-8f31-4fcc-a914-1c74584ad1da","AI運算與伺服器","TPE","3015","TPE:3015","cbea6998-444a-5ceb-a7df-24c2dc18d09e","owner-topic-membership-20260824.v1","CORE","APPROVED","structural-role-authority-20260912.v4","2026-08-24","fixtures/research/topic_universe_mapping.v1.csv","structural-role-authority:structural-role-authority-20260912.v4","c35c15911c355766dbaa53e76629ae17c84f8d1bbc98e2053b7e87592c0274bc","PENDING_OWNER_REVIEW","PENDING_OWNER_REVIEW","PENDING_OWNER_REVIEW","NONE_RECOVERED","PENDING_OWNER_REVIEW","NOT_FORMAL_UNTIL_OWNER_APPROVAL","FORMAL_CORE_CANDIDATE_ONLY;NO_D001_INCLUDE_OR_IMPORTANCE_INFERENCE"
"283","e633b461-07a7-46fc-bef6-6a269e72a068","其他 AI伺服器供應鏈","35edf59b-8f31-4fcc-a914-1c74584ad1da","AI運算與伺服器","TPE","3017","TPE:3017","21e50418-3a61-575e-97a1-ea87b1946c0f","owner-topic-membership-20260824.v1","CORE","APPROVED","structural-role-authority-20260912.v4","2026-08-24","2026_REVISED_MARKET_UPDATE","structural-role-authority:structural-role-authority-20260912.v4","c35c15911c355766dbaa53e76629ae17c84f8d1bbc98e2053b7e87592c0274bc","PENDING_OWNER_REVIEW","PENDING_OWNER_REVIEW","PENDING_OWNER_REVIEW","NONE_RECOVERED","PENDING_OWNER_REVIEW","NOT_FORMAL_UNTIL_OWNER_APPROVAL","FORMAL_CORE_CANDIDATE_ONLY;NO_D001_INCLUDE_OR_IMPORTANCE_INFERENCE"
"284","e633b461-07a7-46fc-bef6-6a269e72a068","其他 AI伺服器供應鏈","35edf59b-8f31-4fcc-a914-1c74584ad1da","AI運算與伺服器","TPE","3231","TPE:3231","925eeb68-d4c8-53d9-aa54-f2ee7262ea5e","owner-topic-membership-20260824.v1","CORE","APPROVED","structural-role-authority-20260912.v4","2026-08-24","2026_NEW_TOPIC_ADDITION","structural-role-authority:structural-role-authority-20260912.v4","c35c15911c355766dbaa53e76629ae17c84f8d1bbc98e2053b7e87592c0274bc","PENDING_OWNER_REVIEW","PENDING_OWNER_REVIEW","PENDING_OWNER_REVIEW","NONE_RECOVERED","PENDING_OWNER_REVIEW","NOT_FORMAL_UNTIL_OWNER_APPROVAL","FORMAL_CORE_CANDIDATE_ONLY;NO_D001_INCLUDE_OR_IMPORTANCE_INFERENCE"
"285","e633b461-07a7-46fc-bef6-6a269e72a068","其他 AI伺服器供應鏈","35edf59b-8f31-4fcc-a914-1c74584ad1da","AI運算與伺服器","TPE","3257","TPE:3257","d274e444-91c5-5b9f-87d9-52fb880855b2","owner-topic-membership-20260824.v1","CORE","APPROVED","structural-role-authority-20260912.v4","2026-08-24","fixtures/research/topic_universe_mapping.v1.csv","structural-role-authority:structural-role-authority-20260912.v4","c35c15911c355766dbaa53e76629ae17c84f8d1bbc98e2053b7e87592c0274bc","PENDING_OWNER_REVIEW","PENDING_OWNER_REVIEW","PENDING_OWNER_REVIEW","NONE_RECOVERED","PENDING_OWNER_REVIEW","NOT_FORMAL_UNTIL_OWNER_APPROVAL","FORMAL_CORE_CANDIDATE_ONLY;NO_D001_INCLUDE_OR_IMPORTANCE_INFERENCE"
"286","e633b461-07a7-46fc-bef6-6a269e72a068","其他 AI伺服器供應鏈","35edf59b-8f31-4fcc-a914-1c74584ad1da","AI運算與伺服器","TPE","3312","TPE:3312","ca977f95-5576-5bd5-9525-967b5d2a154b","owner-topic-membership-20260824.v1","CORE","APPROVED","structural-role-authority-20260912.v4","2026-08-24","2026_NEW_TOPIC_ADDITION","structural-role-authority:structural-role-authority-20260912.v4","c35c15911c355766dbaa53e76629ae17c84f8d1bbc98e2053b7e87592c0274bc","PENDING_OWNER_REVIEW","PENDING_OWNER_REVIEW","PENDING_OWNER_REVIEW","NONE_RECOVERED","PENDING_OWNER_REVIEW","NOT_FORMAL_UNTIL_OWNER_APPROVAL","FORMAL_CORE_CANDIDATE_ONLY;NO_D001_INCLUDE_OR_IMPORTANCE_INFERENCE"
"287","e633b461-07a7-46fc-bef6-6a269e72a068","其他 AI伺服器供應鏈","35edf59b-8f31-4fcc-a914-1c74584ad1da","AI運算與伺服器","TPE","3338","TPE:3338","fb6fb6e3-a9da-5081-b220-91dbe42aa5b9","owner-topic-membership-20260824.v1","CORE","APPROVED","structural-role-authority-20260912.v4","2026-08-24","2026_NEW_TOPIC_ADDITION","structural-role-authority:structural-role-authority-20260912.v4","c35c15911c355766dbaa53e76629ae17c84f8d1bbc98e2053b7e87592c0274bc","PENDING_OWNER_REVIEW","PENDING_OWNER_REVIEW","PENDING_OWNER_REVIEW","NONE_RECOVERED","PENDING_OWNER_REVIEW","NOT_FORMAL_UNTIL_OWNER_APPROVAL","FORMAL_CORE_CANDIDATE_ONLY;NO_D001_INCLUDE_OR_IMPORTANCE_INFERENCE"
"288","e633b461-07a7-46fc-bef6-6a269e72a068","其他 AI伺服器供應鏈","35edf59b-8f31-4fcc-a914-1c74584ad1da","AI運算與伺服器","TPE","3617","TPE:3617","349c0150-088e-55ae-ac9d-60d7261fa91b","owner-topic-membership-20260824.v1","CORE","APPROVED","structural-role-authority-20260912.v4","2026-08-24","fixtures/research/topic_universe_mapping.v1.csv","structural-role-authority:structural-role-authority-20260912.v4","c35c15911c355766dbaa53e76629ae17c84f8d1bbc98e2053b7e87592c0274bc","PENDING_OWNER_REVIEW","PENDING_OWNER_REVIEW","PENDING_OWNER_REVIEW","NONE_RECOVERED","PENDING_OWNER_REVIEW","NOT_FORMAL_UNTIL_OWNER_APPROVAL","FORMAL_CORE_CANDIDATE_ONLY;NO_D001_INCLUDE_OR_IMPORTANCE_INFERENCE"
"289","e633b461-07a7-46fc-bef6-6a269e72a068","其他 AI伺服器供應鏈","35edf59b-8f31-4fcc-a914-1c74584ad1da","AI運算與伺服器","TPE","3665","TPE:3665","614e9a4a-0ba8-52b1-a0c5-c6531e7f94f5","owner-topic-membership-20260824.v1","CORE","APPROVED","structural-role-authority-20260912.v4","2026-08-24","fixtures/research/topic_universe_mapping.v1.csv","structural-role-authority:structural-role-authority-20260912.v4","c35c15911c355766dbaa53e76629ae17c84f8d1bbc98e2053b7e87592c0274bc","PENDING_OWNER_REVIEW","PENDING_OWNER_REVIEW","PENDING_OWNER_REVIEW","NONE_RECOVERED","PENDING_OWNER_REVIEW","NOT_FORMAL_UNTIL_OWNER_APPROVAL","FORMAL_CORE_CANDIDATE_ONLY;NO_D001_INCLUDE_OR_IMPORTANCE_INFERENCE"
"290","e633b461-07a7-46fc-bef6-6a269e72a068","其他 AI伺服器供應鏈","35edf59b-8f31-4fcc-a914-1c74584ad1da","AI運算與伺服器","TPE","3706","TPE:3706","54e92fa9-a6a4-5150-b9c1-c00d0fc1022c","owner-topic-membership-20260824.v1","CORE","APPROVED","structural-role-authority-20260912.v4","2026-08-24","2026_NEW_TOPIC_ADDITION","structural-role-authority:structural-role-authority-20260912.v4","c35c15911c355766dbaa53e76629ae17c84f8d1bbc98e2053b7e87592c0274bc","PENDING_OWNER_REVIEW","PENDING_OWNER_REVIEW","PENDING_OWNER_REVIEW","NONE_RECOVERED","PENDING_OWNER_REVIEW","NOT_FORMAL_UNTIL_OWNER_APPROVAL","FORMAL_CORE_CANDIDATE_ONLY;NO_D001_INCLUDE_OR_IMPORTANCE_INFERENCE"
"291","e633b461-07a7-46fc-bef6-6a269e72a068","其他 AI伺服器供應鏈","35edf59b-8f31-4fcc-a914-1c74584ad1da","AI運算與伺服器","TPE","3715","TPE:3715","125fc7ac-62f6-5a30-ae7f-a55b2390fd47","owner-topic-membership-20260824.v1","CORE","APPROVED","structural-role-authority-20260912.v4","2026-08-24","2026_REVISED_MARKET_UPDATE","structural-role-authority:structural-role-authority-20260912.v4","c35c15911c355766dbaa53e76629ae17c84f8d1bbc98e2053b7e87592c0274bc","PENDING_OWNER_REVIEW","PENDING_OWNER_REVIEW","PENDING_OWNER_REVIEW","NONE_RECOVERED","PENDING_OWNER_REVIEW","NOT_FORMAL_UNTIL_OWNER_APPROVAL","FORMAL_CORE_CANDIDATE_ONLY;NO_D001_INCLUDE_OR_IMPORTANCE_INFERENCE"
"292","e633b461-07a7-46fc-bef6-6a269e72a068","其他 AI伺服器供應鏈","35edf59b-8f31-4fcc-a914-1c74584ad1da","AI運算與伺服器","TPE","4916","TPE:4916","45c54e4c-9245-55c3-a598-bff953720b36","owner-topic-membership-20260824.v1","CORE","APPROVED","structural-role-authority-20260912.v4","2026-08-24","fixtures/research/topic_universe_mapping.v1.csv","structural-role-authority:structural-role-authority-20260912.v4","c35c15911c355766dbaa53e76629ae17c84f8d1bbc98e2053b7e87592c0274bc","PENDING_OWNER_REVIEW","PENDING_OWNER_REVIEW","PENDING_OWNER_REVIEW","NONE_RECOVERED","PENDING_OWNER_REVIEW","NOT_FORMAL_UNTIL_OWNER_APPROVAL","FORMAL_CORE_CANDIDATE_ONLY;NO_D001_INCLUDE_OR_IMPORTANCE_INFERENCE"
"293","e633b461-07a7-46fc-bef6-6a269e72a068","其他 AI伺服器供應鏈","35edf59b-8f31-4fcc-a914-1c74584ad1da","AI運算與伺服器","TPE","4919","TPE:4919","10a727a8-0ef9-5585-b226-1726f3e1b215","owner-topic-membership-20260824.v1","CORE","APPROVED","structural-role-authority-20260912.v4","2026-08-24","2026_NEW_TOPIC_ADDITION","structural-role-authority:structural-role-authority-20260912.v4","c35c15911c355766dbaa53e76629ae17c84f8d1bbc98e2053b7e87592c0274bc","PENDING_OWNER_REVIEW","PENDING_OWNER_REVIEW","PENDING_OWNER_REVIEW","NONE_RECOVERED","PENDING_OWNER_REVIEW","NOT_FORMAL_UNTIL_OWNER_APPROVAL","FORMAL_CORE_CANDIDATE_ONLY;NO_D001_INCLUDE_OR_IMPORTANCE_INFERENCE"
"294","e633b461-07a7-46fc-bef6-6a269e72a068","其他 AI伺服器供應鏈","35edf59b-8f31-4fcc-a914-1c74584ad1da","AI運算與伺服器","TPE","5243","TPE:5243","26b10189-cbd5-5cc4-a981-a3b5313c8bc9","owner-topic-membership-20260824.v1","CORE","APPROVED","structural-role-authority-20260912.v4","2026-08-24","2026_REVISED_MARKET_UPDATE","structural-role-authority:structural-role-authority-20260912.v4","c35c15911c355766dbaa53e76629ae17c84f8d1bbc98e2053b7e87592c0274bc","PENDING_OWNER_REVIEW","PENDING_OWNER_REVIEW","PENDING_OWNER_REVIEW","NONE_RECOVERED","PENDING_OWNER_REVIEW","NOT_FORMAL_UNTIL_OWNER_APPROVAL","FORMAL_CORE_CANDIDATE_ONLY;NO_D001_INCLUDE_OR_IMPORTANCE_INFERENCE"
"295","e633b461-07a7-46fc-bef6-6a269e72a068","其他 AI伺服器供應鏈","35edf59b-8f31-4fcc-a914-1c74584ad1da","AI運算與伺服器","TPE","6166","TPE:6166","0836ca6c-5c13-55e6-8f90-3060fd43856e","owner-topic-membership-20260824.v1","CORE","APPROVED","structural-role-authority-20260912.v4","2026-08-24","2026_REVISED_MARKET_UPDATE","structural-role-authority:structural-role-authority-20260912.v4","c35c15911c355766dbaa53e76629ae17c84f8d1bbc98e2053b7e87592c0274bc","PENDING_OWNER_REVIEW","PENDING_OWNER_REVIEW","PENDING_OWNER_REVIEW","NONE_RECOVERED","PENDING_OWNER_REVIEW","NOT_FORMAL_UNTIL_OWNER_APPROVAL","FORMAL_CORE_CANDIDATE_ONLY;NO_D001_INCLUDE_OR_IMPORTANCE_INFERENCE"
"296","e633b461-07a7-46fc-bef6-6a269e72a068","其他 AI伺服器供應鏈","35edf59b-8f31-4fcc-a914-1c74584ad1da","AI運算與伺服器","TPE","6197","TPE:6197","a7938610-87b7-5d17-ba7f-3c21fe0e38b5","owner-topic-membership-20260824.v1","CORE","APPROVED","structural-role-authority-20260912.v4","2026-08-24","fixtures/research/topic_universe_mapping.v1.csv","structural-role-authority:structural-role-authority-20260912.v4","c35c15911c355766dbaa53e76629ae17c84f8d1bbc98e2053b7e87592c0274bc","PENDING_OWNER_REVIEW","PENDING_OWNER_REVIEW","PENDING_OWNER_REVIEW","NONE_RECOVERED","PENDING_OWNER_REVIEW","NOT_FORMAL_UNTIL_OWNER_APPROVAL","FORMAL_CORE_CANDIDATE_ONLY;NO_D001_INCLUDE_OR_IMPORTANCE_INFERENCE"
"297","e633b461-07a7-46fc-bef6-6a269e72a068","其他 AI伺服器供應鏈","35edf59b-8f31-4fcc-a914-1c74584ad1da","AI運算與伺服器","TPE","6213","TPE:6213","a8a30cf6-71f1-52d6-a8a4-df5a76b73623","owner-topic-membership-20260824.v1","CORE","APPROVED","structural-role-authority-20260912.v4","2026-08-24","2026_REVISED_MARKET_UPDATE","structural-role-authority:structural-role-authority-20260912.v4","c35c15911c355766dbaa53e76629ae17c84f8d1bbc98e2053b7e87592c0274bc","PENDING_OWNER_REVIEW","PENDING_OWNER_REVIEW","PENDING_OWNER_REVIEW","NONE_RECOVERED","PENDING_OWNER_REVIEW","NOT_FORMAL_UNTIL_OWNER_APPROVAL","FORMAL_CORE_CANDIDATE_ONLY;NO_D001_INCLUDE_OR_IMPORTANCE_INFERENCE"
"298","e633b461-07a7-46fc-bef6-6a269e72a068","其他 AI伺服器供應鏈","35edf59b-8f31-4fcc-a914-1c74584ad1da","AI運算與伺服器","TPE","6257","TPE:6257","05ad97f5-8378-5865-95c8-024cea941a3d","owner-topic-membership-20260824.v1","CORE","APPROVED","structural-role-authority-20260912.v4","2026-08-24","fixtures/research/topic_universe_mapping.v1.csv","structural-role-authority:structural-role-authority-20260912.v4","c35c15911c355766dbaa53e76629ae17c84f8d1bbc98e2053b7e87592c0274bc","PENDING_OWNER_REVIEW","PENDING_OWNER_REVIEW","PENDING_OWNER_REVIEW","NONE_RECOVERED","PENDING_OWNER_REVIEW","NOT_FORMAL_UNTIL_OWNER_APPROVAL","FORMAL_CORE_CANDIDATE_ONLY;NO_D001_INCLUDE_OR_IMPORTANCE_INFERENCE"
"299","e633b461-07a7-46fc-bef6-6a269e72a068","其他 AI伺服器供應鏈","35edf59b-8f31-4fcc-a914-1c74584ad1da","AI運算與伺服器","TPE","6282","TPE:6282","7d41043d-a567-5e16-83ef-db8c68af4739","owner-topic-membership-20260824.v1","CORE","APPROVED","structural-role-authority-20260912.v4","2026-08-24","2026_REVISED_MARKET_UPDATE","structural-role-authority:structural-role-authority-20260912.v4","c35c15911c355766dbaa53e76629ae17c84f8d1bbc98e2053b7e87592c0274bc","PENDING_OWNER_REVIEW","PENDING_OWNER_REVIEW","PENDING_OWNER_REVIEW","NONE_RECOVERED","PENDING_OWNER_REVIEW","NOT_FORMAL_UNTIL_OWNER_APPROVAL","FORMAL_CORE_CANDIDATE_ONLY;NO_D001_INCLUDE_OR_IMPORTANCE_INFERENCE"
"300","e633b461-07a7-46fc-bef6-6a269e72a068","其他 AI伺服器供應鏈","35edf59b-8f31-4fcc-a914-1c74584ad1da","AI運算與伺服器","TPE","6285","TPE:6285","4bb2f65c-488f-537f-8534-641d9ef08296","owner-topic-membership-20260824.v1","CORE","APPROVED","structural-role-authority-20260912.v4","2026-08-24","2026_NEW_TOPIC_ADDITION","structural-role-authority:structural-role-authority-20260912.v4","c35c15911c355766dbaa53e76629ae17c84f8d1bbc98e2053b7e87592c0274bc","PENDING_OWNER_REVIEW","PENDING_OWNER_REVIEW","PENDING_OWNER_REVIEW","NONE_RECOVERED","PENDING_OWNER_REVIEW","NOT_FORMAL_UNTIL_OWNER_APPROVAL","FORMAL_CORE_CANDIDATE_ONLY;NO_D001_INCLUDE_OR_IMPORTANCE_INFERENCE"
"301","e633b461-07a7-46fc-bef6-6a269e72a068","其他 AI伺服器供應鏈","35edf59b-8f31-4fcc-a914-1c74584ad1da","AI運算與伺服器","TPE","6414","TPE:6414","11e7ca8c-ae1c-5ff7-9ae0-aad6b472fddb","owner-topic-membership-20260824.v1","CORE","APPROVED","structural-role-authority-20260912.v4","2026-08-24","fixtures/research/topic_universe_mapping.v1.csv","structural-role-authority:structural-role-authority-20260912.v4","c35c15911c355766dbaa53e76629ae17c84f8d1bbc98e2053b7e87592c0274bc","PENDING_OWNER_REVIEW","PENDING_OWNER_REVIEW","PENDING_OWNER_REVIEW","NONE_RECOVERED","PENDING_OWNER_REVIEW","NOT_FORMAL_UNTIL_OWNER_APPROVAL","FORMAL_CORE_CANDIDATE_ONLY;NO_D001_INCLUDE_OR_IMPORTANCE_INFERENCE"
"302","e633b461-07a7-46fc-bef6-6a269e72a068","其他 AI伺服器供應鏈","35edf59b-8f31-4fcc-a914-1c74584ad1da","AI運算與伺服器","TPE","6442","TPE:6442","09470321-a2b0-56ed-a057-551b9256b29a","owner-topic-membership-20260824.v1","CORE","APPROVED","structural-role-authority-20260912.v4","2026-08-24","2026_NEW_TOPIC_ADDITION","structural-role-authority:structural-role-authority-20260912.v4","c35c15911c355766dbaa53e76629ae17c84f8d1bbc98e2053b7e87592c0274bc","PENDING_OWNER_REVIEW","PENDING_OWNER_REVIEW","PENDING_OWNER_REVIEW","NONE_RECOVERED","PENDING_OWNER_REVIEW","NOT_FORMAL_UNTIL_OWNER_APPROVAL","FORMAL_CORE_CANDIDATE_ONLY;NO_D001_INCLUDE_OR_IMPORTANCE_INFERENCE"
"303","e633b461-07a7-46fc-bef6-6a269e72a068","其他 AI伺服器供應鏈","35edf59b-8f31-4fcc-a914-1c74584ad1da","AI運算與伺服器","TPE","6449","TPE:6449","97442f82-8eef-53d2-85da-a9404f332764","owner-topic-membership-20260824.v1","CORE","APPROVED","structural-role-authority-20260912.v4","2026-08-24","2026_REVISED_MARKET_UPDATE","structural-role-authority:structural-role-authority-20260912.v4","c35c15911c355766dbaa53e76629ae17c84f8d1bbc98e2053b7e87592c0274bc","PENDING_OWNER_REVIEW","PENDING_OWNER_REVIEW","PENDING_OWNER_REVIEW","NONE_RECOVERED","PENDING_OWNER_REVIEW","NOT_FORMAL_UNTIL_OWNER_APPROVAL","FORMAL_CORE_CANDIDATE_ONLY;NO_D001_INCLUDE_OR_IMPORTANCE_INFERENCE"
"304","e633b461-07a7-46fc-bef6-6a269e72a068","其他 AI伺服器供應鏈","35edf59b-8f31-4fcc-a914-1c74584ad1da","AI運算與伺服器","TPE","6451","TPE:6451","dd3bd879-035d-580b-98ae-a78746296c2a","owner-topic-membership-20260824.v1","CORE","APPROVED","structural-role-authority-20260912.v4","2026-08-24","fixtures/research/topic_universe_mapping.v1.csv","structural-role-authority:structural-role-authority-20260912.v4","c35c15911c355766dbaa53e76629ae17c84f8d1bbc98e2053b7e87592c0274bc","PENDING_OWNER_REVIEW","PENDING_OWNER_REVIEW","PENDING_OWNER_REVIEW","NONE_RECOVERED","PENDING_OWNER_REVIEW","NOT_FORMAL_UNTIL_OWNER_APPROVAL","FORMAL_CORE_CANDIDATE_ONLY;NO_D001_INCLUDE_OR_IMPORTANCE_INFERENCE"
"305","e633b461-07a7-46fc-bef6-6a269e72a068","其他 AI伺服器供應鏈","35edf59b-8f31-4fcc-a914-1c74584ad1da","AI運算與伺服器","TPE","6531","TPE:6531","89936bc0-bb75-5189-8a80-0c8b55ff497f","owner-topic-membership-20260824.v1","CORE","APPROVED","structural-role-authority-20260912.v4","2026-08-24","fixtures/research/topic_universe_mapping.v1.csv","structural-role-authority:structural-role-authority-20260912.v4","c35c15911c355766dbaa53e76629ae17c84f8d1bbc98e2053b7e87592c0274bc","PENDING_OWNER_REVIEW","PENDING_OWNER_REVIEW","PENDING_OWNER_REVIEW","NONE_RECOVERED","PENDING_OWNER_REVIEW","NOT_FORMAL_UNTIL_OWNER_APPROVAL","FORMAL_CORE_CANDIDATE_ONLY;NO_D001_INCLUDE_OR_IMPORTANCE_INFERENCE"
"306","e633b461-07a7-46fc-bef6-6a269e72a068","其他 AI伺服器供應鏈","35edf59b-8f31-4fcc-a914-1c74584ad1da","AI運算與伺服器","TPE","6669","TPE:6669","e2fc9612-3538-5820-b3f2-6637fe62622f","owner-topic-membership-20260824.v1","CORE","APPROVED","structural-role-authority-20260912.v4","2026-08-24","2026_NEW_TOPIC_ADDITION","structural-role-authority:structural-role-authority-20260912.v4","c35c15911c355766dbaa53e76629ae17c84f8d1bbc98e2053b7e87592c0274bc","PENDING_OWNER_REVIEW","PENDING_OWNER_REVIEW","PENDING_OWNER_REVIEW","NONE_RECOVERED","PENDING_OWNER_REVIEW","NOT_FORMAL_UNTIL_OWNER_APPROVAL","FORMAL_CORE_CANDIDATE_ONLY;NO_D001_INCLUDE_OR_IMPORTANCE_INFERENCE"
"307","e633b461-07a7-46fc-bef6-6a269e72a068","其他 AI伺服器供應鏈","35edf59b-8f31-4fcc-a914-1c74584ad1da","AI運算與伺服器","TPE","6715","TPE:6715","8c02b473-05f9-5772-a594-25b9ac8c4912","owner-topic-membership-20260824.v1","CORE","APPROVED","structural-role-authority-20260912.v4","2026-08-24","2026_REVISED_MARKET_UPDATE","structural-role-authority:structural-role-authority-20260912.v4","c35c15911c355766dbaa53e76629ae17c84f8d1bbc98e2053b7e87592c0274bc","PENDING_OWNER_REVIEW","PENDING_OWNER_REVIEW","PENDING_OWNER_REVIEW","NONE_RECOVERED","PENDING_OWNER_REVIEW","NOT_FORMAL_UNTIL_OWNER_APPROVAL","FORMAL_CORE_CANDIDATE_ONLY;NO_D001_INCLUDE_OR_IMPORTANCE_INFERENCE"
"308","e633b461-07a7-46fc-bef6-6a269e72a068","其他 AI伺服器供應鏈","35edf59b-8f31-4fcc-a914-1c74584ad1da","AI運算與伺服器","TPE","6799","TPE:6799","7c278966-6133-57fe-bf67-0b1ea7af66d9","owner-topic-membership-20260824.v1","CORE","APPROVED","structural-role-authority-20260912.v4","2026-08-24","fixtures/research/topic_universe_mapping.v1.csv","structural-role-authority:structural-role-authority-20260912.v4","c35c15911c355766dbaa53e76629ae17c84f8d1bbc98e2053b7e87592c0274bc","PENDING_OWNER_REVIEW","PENDING_OWNER_REVIEW","PENDING_OWNER_REVIEW","NONE_RECOVERED","PENDING_OWNER_REVIEW","NOT_FORMAL_UNTIL_OWNER_APPROVAL","FORMAL_CORE_CANDIDATE_ONLY;NO_D001_INCLUDE_OR_IMPORTANCE_INFERENCE"
"309","e633b461-07a7-46fc-bef6-6a269e72a068","其他 AI伺服器供應鏈","35edf59b-8f31-4fcc-a914-1c74584ad1da","AI運算與伺服器","TPE","6906","TPE:6906","f9d40a7e-e840-57fb-9a45-e41f7b52afcb","owner-topic-membership-20260824.v1","CORE","APPROVED","structural-role-authority-20260912.v4","2026-08-24","fixtures/research/topic_universe_mapping.v1.csv","structural-role-authority:structural-role-authority-20260912.v4","c35c15911c355766dbaa53e76629ae17c84f8d1bbc98e2053b7e87592c0274bc","PENDING_OWNER_REVIEW","PENDING_OWNER_REVIEW","PENDING_OWNER_REVIEW","NONE_RECOVERED","PENDING_OWNER_REVIEW","NOT_FORMAL_UNTIL_OWNER_APPROVAL","FORMAL_CORE_CANDIDATE_ONLY;NO_D001_INCLUDE_OR_IMPORTANCE_INFERENCE"
"310","e633b461-07a7-46fc-bef6-6a269e72a068","其他 AI伺服器供應鏈","35edf59b-8f31-4fcc-a914-1c74584ad1da","AI運算與伺服器","TPE","8996","TPE:8996","18b2fb8e-9f80-58c5-8245-b716559eb66e","owner-topic-membership-20260824.v1","CORE","APPROVED","structural-role-authority-20260912.v4","2026-08-24","2026_NEW_TOPIC_ADDITION","structural-role-authority:structural-role-authority-20260912.v4","c35c15911c355766dbaa53e76629ae17c84f8d1bbc98e2053b7e87592c0274bc","PENDING_OWNER_REVIEW","PENDING_OWNER_REVIEW","PENDING_OWNER_REVIEW","NONE_RECOVERED","PENDING_OWNER_REVIEW","NOT_FORMAL_UNTIL_OWNER_APPROVAL","FORMAL_CORE_CANDIDATE_ONLY;NO_D001_INCLUDE_OR_IMPORTANCE_INFERENCE"
"311","e633b461-07a7-46fc-bef6-6a269e72a068","其他 AI伺服器供應鏈","35edf59b-8f31-4fcc-a914-1c74584ad1da","AI運算與伺服器","TWO","3081","TWO:3081","d9d951f5-926e-56bf-b7db-49d8cf082477","owner-topic-membership-20260824.v1","CORE","APPROVED","structural-role-authority-20260912.v4","2026-08-24","2026_NEW_TOPIC_ADDITION","structural-role-authority:structural-role-authority-20260912.v4","c35c15911c355766dbaa53e76629ae17c84f8d1bbc98e2053b7e87592c0274bc","PENDING_OWNER_REVIEW","PENDING_OWNER_REVIEW","PENDING_OWNER_REVIEW","NONE_RECOVERED","PENDING_OWNER_REVIEW","NOT_FORMAL_UNTIL_OWNER_APPROVAL","FORMAL_CORE_CANDIDATE_ONLY;NO_D001_INCLUDE_OR_IMPORTANCE_INFERENCE"
"312","e633b461-07a7-46fc-bef6-6a269e72a068","其他 AI伺服器供應鏈","35edf59b-8f31-4fcc-a914-1c74584ad1da","AI運算與伺服器","TWO","3211","TWO:3211","42d027f5-36d0-555f-b4b5-c7a7e9306532","owner-topic-membership-20260824.v1","CORE","APPROVED","structural-role-authority-20260912.v4","2026-08-24","2026_NEW_TOPIC_ADDITION","structural-role-authority:structural-role-authority-20260912.v4","c35c15911c355766dbaa53e76629ae17c84f8d1bbc98e2053b7e87592c0274bc","PENDING_OWNER_REVIEW","PENDING_OWNER_REVIEW","PENDING_OWNER_REVIEW","NONE_RECOVERED","PENDING_OWNER_REVIEW","NOT_FORMAL_UNTIL_OWNER_APPROVAL","FORMAL_CORE_CANDIDATE_ONLY;NO_D001_INCLUDE_OR_IMPORTANCE_INFERENCE"
"313","e633b461-07a7-46fc-bef6-6a269e72a068","其他 AI伺服器供應鏈","35edf59b-8f31-4fcc-a914-1c74584ad1da","AI運算與伺服器","TWO","3265","TWO:3265","9facf7cd-e7b6-5be5-9b23-bc38e65f8ab6","owner-topic-membership-20260824.v1","CORE","APPROVED","structural-role-authority-20260912.v4","2026-08-24","fixtures/research/topic_universe_mapping.v1.csv","structural-role-authority:structural-role-authority-20260912.v4","c35c15911c355766dbaa53e76629ae17c84f8d1bbc98e2053b7e87592c0274bc","PENDING_OWNER_REVIEW","PENDING_OWNER_REVIEW","PENDING_OWNER_REVIEW","NONE_RECOVERED","PENDING_OWNER_REVIEW","NOT_FORMAL_UNTIL_OWNER_APPROVAL","FORMAL_CORE_CANDIDATE_ONLY;NO_D001_INCLUDE_OR_IMPORTANCE_INFERENCE"
"314","e633b461-07a7-46fc-bef6-6a269e72a068","其他 AI伺服器供應鏈","35edf59b-8f31-4fcc-a914-1c74584ad1da","AI運算與伺服器","TWO","3324","TWO:3324","5a77409a-864f-5b3e-8fcd-635c6519ca3a","owner-topic-membership-20260824.v1","CORE","APPROVED","structural-role-authority-20260912.v4","2026-08-24","2026_NEW_TOPIC_ADDITION","structural-role-authority:structural-role-authority-20260912.v4","c35c15911c355766dbaa53e76629ae17c84f8d1bbc98e2053b7e87592c0274bc","PENDING_OWNER_REVIEW","PENDING_OWNER_REVIEW","PENDING_OWNER_REVIEW","NONE_RECOVERED","PENDING_OWNER_REVIEW","NOT_FORMAL_UNTIL_OWNER_APPROVAL","FORMAL_CORE_CANDIDATE_ONLY;NO_D001_INCLUDE_OR_IMPORTANCE_INFERENCE"
"315","e633b461-07a7-46fc-bef6-6a269e72a068","其他 AI伺服器供應鏈","35edf59b-8f31-4fcc-a914-1c74584ad1da","AI運算與伺服器","TWO","3363","TWO:3363","37158332-9e6a-53b9-98b2-3e6fdd26cb8b","owner-topic-membership-20260824.v1","CORE","APPROVED","structural-role-authority-20260912.v4","2026-08-24","2026_NEW_TOPIC_ADDITION","structural-role-authority:structural-role-authority-20260912.v4","c35c15911c355766dbaa53e76629ae17c84f8d1bbc98e2053b7e87592c0274bc","PENDING_OWNER_REVIEW","PENDING_OWNER_REVIEW","PENDING_OWNER_REVIEW","NONE_RECOVERED","PENDING_OWNER_REVIEW","NOT_FORMAL_UNTIL_OWNER_APPROVAL","FORMAL_CORE_CANDIDATE_ONLY;NO_D001_INCLUDE_OR_IMPORTANCE_INFERENCE"
"316","e633b461-07a7-46fc-bef6-6a269e72a068","其他 AI伺服器供應鏈","35edf59b-8f31-4fcc-a914-1c74584ad1da","AI運算與伺服器","TWO","3479","TWO:3479","2258e9bf-e255-54c3-8701-7d87d4bec01e","owner-topic-membership-20260824.v1","CORE","APPROVED","structural-role-authority-20260912.v4","2026-08-24","fixtures/research/topic_universe_mapping.v1.csv1","structural-role-authority:structural-role-authority-20260912.v4","c35c15911c355766dbaa53e76629ae17c84f8d1bbc98e2053b7e87592c0274bc","PENDING_OWNER_REVIEW","PENDING_OWNER_REVIEW","PENDING_OWNER_REVIEW","NONE_RECOVERED","PENDING_OWNER_REVIEW","NOT_FORMAL_UNTIL_OWNER_APPROVAL","FORMAL_CORE_CANDIDATE_ONLY;NO_D001_INCLUDE_OR_IMPORTANCE_INFERENCE"
"317","e633b461-07a7-46fc-bef6-6a269e72a068","其他 AI伺服器供應鏈","35edf59b-8f31-4fcc-a914-1c74584ad1da","AI運算與伺服器","TWO","3483","TWO:3483","9e8fff3b-73dc-593e-ba1f-0cc92bdd32a8","owner-topic-membership-20260824.v1","CORE","APPROVED","structural-role-authority-20260912.v4","2026-08-24","2026_NEW_TOPIC_ADDITION","structural-role-authority:structural-role-authority-20260912.v4","c35c15911c355766dbaa53e76629ae17c84f8d1bbc98e2053b7e87592c0274bc","PENDING_OWNER_REVIEW","PENDING_OWNER_REVIEW","PENDING_OWNER_REVIEW","NONE_RECOVERED","PENDING_OWNER_REVIEW","NOT_FORMAL_UNTIL_OWNER_APPROVAL","FORMAL_CORE_CANDIDATE_ONLY;NO_D001_INCLUDE_OR_IMPORTANCE_INFERENCE"
"318","e633b461-07a7-46fc-bef6-6a269e72a068","其他 AI伺服器供應鏈","35edf59b-8f31-4fcc-a914-1c74584ad1da","AI運算與伺服器","TWO","3526","TWO:3526","4e3ddaeb-4e26-5e30-9437-87b702f8f499","owner-topic-membership-20260824.v1","CORE","APPROVED","structural-role-authority-20260912.v4","2026-08-24","fixtures/research/topic_universe_mapping.v1.csv","structural-role-authority:structural-role-authority-20260912.v4","c35c15911c355766dbaa53e76629ae17c84f8d1bbc98e2053b7e87592c0274bc","PENDING_OWNER_REVIEW","PENDING_OWNER_REVIEW","PENDING_OWNER_REVIEW","NONE_RECOVERED","PENDING_OWNER_REVIEW","NOT_FORMAL_UNTIL_OWNER_APPROVAL","FORMAL_CORE_CANDIDATE_ONLY;NO_D001_INCLUDE_OR_IMPORTANCE_INFERENCE"
"319","e633b461-07a7-46fc-bef6-6a269e72a068","其他 AI伺服器供應鏈","35edf59b-8f31-4fcc-a914-1c74584ad1da","AI運算與伺服器","TWO","3564","TWO:3564","5992c54a-d5e3-5f76-978c-d8d3e53b6d1f","owner-topic-membership-20260824.v1","CORE","APPROVED","structural-role-authority-20260912.v4","2026-08-24","fixtures/research/topic_universe_mapping.v1.csv","structural-role-authority:structural-role-authority-20260912.v4","c35c15911c355766dbaa53e76629ae17c84f8d1bbc98e2053b7e87592c0274bc","PENDING_OWNER_REVIEW","PENDING_OWNER_REVIEW","PENDING_OWNER_REVIEW","NONE_RECOVERED","PENDING_OWNER_REVIEW","NOT_FORMAL_UNTIL_OWNER_APPROVAL","FORMAL_CORE_CANDIDATE_ONLY;NO_D001_INCLUDE_OR_IMPORTANCE_INFERENCE"
"320","e633b461-07a7-46fc-bef6-6a269e72a068","其他 AI伺服器供應鏈","35edf59b-8f31-4fcc-a914-1c74584ad1da","AI運算與伺服器","TWO","5289","TWO:5289","cc78293b-5c46-5657-a046-92443b0fe020","owner-topic-membership-20260824.v1","CORE","APPROVED","structural-role-authority-20260912.v4","2026-08-24","2026_REVISED_MARKET_UPDATE","structural-role-authority:structural-role-authority-20260912.v4","c35c15911c355766dbaa53e76629ae17c84f8d1bbc98e2053b7e87592c0274bc","PENDING_OWNER_REVIEW","PENDING_OWNER_REVIEW","PENDING_OWNER_REVIEW","NONE_RECOVERED","PENDING_OWNER_REVIEW","NOT_FORMAL_UNTIL_OWNER_APPROVAL","FORMAL_CORE_CANDIDATE_ONLY;NO_D001_INCLUDE_OR_IMPORTANCE_INFERENCE"
"321","e633b461-07a7-46fc-bef6-6a269e72a068","其他 AI伺服器供應鏈","35edf59b-8f31-4fcc-a914-1c74584ad1da","AI運算與伺服器","TWO","6274","TWO:6274","1517a7c9-affe-5293-b90f-1714d9e32e2a","owner-topic-membership-20260824.v1","CORE","APPROVED","structural-role-authority-20260912.v4","2026-08-24","2026_REVISED_MARKET_UPDATE","structural-role-authority:structural-role-authority-20260912.v4","c35c15911c355766dbaa53e76629ae17c84f8d1bbc98e2053b7e87592c0274bc","PENDING_OWNER_REVIEW","PENDING_OWNER_REVIEW","PENDING_OWNER_REVIEW","NONE_RECOVERED","PENDING_OWNER_REVIEW","NOT_FORMAL_UNTIL_OWNER_APPROVAL","FORMAL_CORE_CANDIDATE_ONLY;NO_D001_INCLUDE_OR_IMPORTANCE_INFERENCE"
"322","e633b461-07a7-46fc-bef6-6a269e72a068","其他 AI伺服器供應鏈","35edf59b-8f31-4fcc-a914-1c74584ad1da","AI運算與伺服器","TWO","6584","TWO:6584","d0a9ab3c-6d6e-5c40-a8cb-07115d26e713","owner-topic-membership-20260824.v1","CORE","APPROVED","structural-role-authority-20260912.v4","2026-08-24","2026_NEW_TOPIC_ADDITION","structural-role-authority:structural-role-authority-20260912.v4","c35c15911c355766dbaa53e76629ae17c84f8d1bbc98e2053b7e87592c0274bc","PENDING_OWNER_REVIEW","PENDING_OWNER_REVIEW","PENDING_OWNER_REVIEW","NONE_RECOVERED","PENDING_OWNER_REVIEW","NOT_FORMAL_UNTIL_OWNER_APPROVAL","FORMAL_CORE_CANDIDATE_ONLY;NO_D001_INCLUDE_OR_IMPORTANCE_INFERENCE"
"323","e633b461-07a7-46fc-bef6-6a269e72a068","其他 AI伺服器供應鏈","35edf59b-8f31-4fcc-a914-1c74584ad1da","AI運算與伺服器","TWO","6642","TWO:6642","5dbea281-8d83-5036-80a8-4baec01150d1","owner-topic-membership-20260824.v1","CORE","APPROVED","structural-role-authority-20260912.v4","2026-08-24","fixtures/research/topic_universe_mapping.v1.csv","structural-role-authority:structural-role-authority-20260912.v4","c35c15911c355766dbaa53e76629ae17c84f8d1bbc98e2053b7e87592c0274bc","PENDING_OWNER_REVIEW","PENDING_OWNER_REVIEW","PENDING_OWNER_REVIEW","NONE_RECOVERED","PENDING_OWNER_REVIEW","NOT_FORMAL_UNTIL_OWNER_APPROVAL","FORMAL_CORE_CANDIDATE_ONLY;NO_D001_INCLUDE_OR_IMPORTANCE_INFERENCE"
"324","e633b461-07a7-46fc-bef6-6a269e72a068","其他 AI伺服器供應鏈","35edf59b-8f31-4fcc-a914-1c74584ad1da","AI運算與伺服器","TWO","8040","TWO:8040","587b91ce-cc69-5412-ae80-8656448f42f1","owner-topic-membership-20260824.v1","CORE","APPROVED","structural-role-authority-20260912.v4","2026-08-24","fixtures/research/topic_universe_mapping.v1.csv","structural-role-authority:structural-role-authority-20260912.v4","c35c15911c355766dbaa53e76629ae17c84f8d1bbc98e2053b7e87592c0274bc","PENDING_OWNER_REVIEW","PENDING_OWNER_REVIEW","PENDING_OWNER_REVIEW","NONE_RECOVERED","PENDING_OWNER_REVIEW","NOT_FORMAL_UNTIL_OWNER_APPROVAL","FORMAL_CORE_CANDIDATE_ONLY;NO_D001_INCLUDE_OR_IMPORTANCE_INFERENCE"
"325","e633b461-07a7-46fc-bef6-6a269e72a068","其他 AI伺服器供應鏈","35edf59b-8f31-4fcc-a914-1c74584ad1da","AI運算與伺服器","TWO","8358","TWO:8358","8a395ff6-280f-5994-9762-c10a4195e367","owner-topic-membership-20260824.v1","CORE","APPROVED","structural-role-authority-20260912.v4","2026-08-24","fixtures/research/topic_universe_mapping.v1.csv","structural-role-authority:structural-role-authority-20260912.v4","c35c15911c355766dbaa53e76629ae17c84f8d1bbc98e2053b7e87592c0274bc","PENDING_OWNER_REVIEW","PENDING_OWNER_REVIEW","PENDING_OWNER_REVIEW","NONE_RECOVERED","PENDING_OWNER_REVIEW","NOT_FORMAL_UNTIL_OWNER_APPROVAL","FORMAL_CORE_CANDIDATE_ONLY;NO_D001_INCLUDE_OR_IMPORTANCE_INFERENCE"
"326","b776d842-3b97-4b16-a461-5f726a732a37","其他 AI視覺","ebcfa5ce-aa87-45cb-b2c7-fd6a12e65ef5","AI視覺","TPE","3022","TPE:3022","c595546d-9d40-549e-94fb-b6fc23e5eb75","owner-topic-membership-20260824.v1","CORE","APPROVED","structural-role-authority-20260912.v4","2026-08-24","2026_NEW_TOPIC_ADDITION","structural-role-authority:structural-role-authority-20260912.v4","c35c15911c355766dbaa53e76629ae17c84f8d1bbc98e2053b7e87592c0274bc","PENDING_OWNER_REVIEW","PENDING_OWNER_REVIEW","PENDING_OWNER_REVIEW","NONE_RECOVERED","PENDING_OWNER_REVIEW","NOT_FORMAL_UNTIL_OWNER_APPROVAL","FORMAL_CORE_CANDIDATE_ONLY;NO_D001_INCLUDE_OR_IMPORTANCE_INFERENCE"
"327","b776d842-3b97-4b16-a461-5f726a732a37","其他 AI視覺","ebcfa5ce-aa87-45cb-b2c7-fd6a12e65ef5","AI視覺","TWO","6419","TWO:6419","9fa7b32f-5a9b-576e-9638-480c6b105793","owner-topic-membership-20260824.v1","CORE","APPROVED","structural-role-authority-20260912.v4","2026-08-24","fixtures/research/topic_universe_mapping.v1.csv","structural-role-authority:structural-role-authority-20260912.v4","c35c15911c355766dbaa53e76629ae17c84f8d1bbc98e2053b7e87592c0274bc","PENDING_OWNER_REVIEW","PENDING_OWNER_REVIEW","PENDING_OWNER_REVIEW","NONE_RECOVERED","PENDING_OWNER_REVIEW","NOT_FORMAL_UNTIL_OWNER_APPROVAL","FORMAL_CORE_CANDIDATE_ONLY;NO_D001_INCLUDE_OR_IMPORTANCE_INFERENCE"
"328","2a46b249-7af2-41c7-8ea9-aea5a2a3f291","其他 IC設計","2de6b3e1-1c53-4f84-bbd7-7b3b04745aa6","IC設計","TPE","2388","TPE:2388","fe8617ff-0e2b-5d45-be9f-4cb72a3220a2","owner-topic-membership-20260824.v1","CORE","APPROVED","structural-role-authority-20260912.v4","2026-08-24","fixtures/research/topic_universe_mapping.v1.csv","structural-role-authority:structural-role-authority-20260912.v4","c35c15911c355766dbaa53e76629ae17c84f8d1bbc98e2053b7e87592c0274bc","PENDING_OWNER_REVIEW","PENDING_OWNER_REVIEW","PENDING_OWNER_REVIEW","NONE_RECOVERED","PENDING_OWNER_REVIEW","NOT_FORMAL_UNTIL_OWNER_APPROVAL","FORMAL_CORE_CANDIDATE_ONLY;NO_D001_INCLUDE_OR_IMPORTANCE_INFERENCE"
"329","2a46b249-7af2-41c7-8ea9-aea5a2a3f291","其他 IC設計","2de6b3e1-1c53-4f84-bbd7-7b3b04745aa6","IC設計","TPE","2401","TPE:2401","a318bf71-fa1c-599b-b9d2-086bc8cb172f","owner-topic-membership-20260824.v1","CORE","APPROVED","structural-role-authority-20260912.v4","2026-08-24","fixtures/research/topic_universe_mapping.v1.csv","structural-role-authority:structural-role-authority-20260912.v4","c35c15911c355766dbaa53e76629ae17c84f8d1bbc98e2053b7e87592c0274bc","PENDING_OWNER_REVIEW","PENDING_OWNER_REVIEW","PENDING_OWNER_REVIEW","NONE_RECOVERED","PENDING_OWNER_REVIEW","NOT_FORMAL_UNTIL_OWNER_APPROVAL","FORMAL_CORE_CANDIDATE_ONLY;NO_D001_INCLUDE_OR_IMPORTANCE_INFERENCE"
"330","2a46b249-7af2-41c7-8ea9-aea5a2a3f291","其他 IC設計","2de6b3e1-1c53-4f84-bbd7-7b3b04745aa6","IC設計","TPE","2458","TPE:2458","aebecfec-28ec-584b-8545-b1c74146c4c0","owner-topic-membership-20260824.v1","CORE","APPROVED","structural-role-authority-20260912.v4","2026-08-24","2026_NEW_TOPIC_ADDITION","structural-role-authority:structural-role-authority-20260912.v4","c35c15911c355766dbaa53e76629ae17c84f8d1bbc98e2053b7e87592c0274bc","PENDING_OWNER_REVIEW","PENDING_OWNER_REVIEW","PENDING_OWNER_REVIEW","NONE_RECOVERED","PENDING_OWNER_REVIEW","NOT_FORMAL_UNTIL_OWNER_APPROVAL","FORMAL_CORE_CANDIDATE_ONLY;NO_D001_INCLUDE_OR_IMPORTANCE_INFERENCE"
"331","2a46b249-7af2-41c7-8ea9-aea5a2a3f291","其他 IC設計","2de6b3e1-1c53-4f84-bbd7-7b3b04745aa6","IC設計","TPE","3035","TPE:3035","173225a3-5dbe-5870-810d-9e784f62e34d","owner-topic-membership-20260824.v1","CORE","APPROVED","structural-role-authority-20260912.v4","2026-08-24","2026_REVISED_MARKET_UPDATE","structural-role-authority:structural-role-authority-20260912.v4","c35c15911c355766dbaa53e76629ae17c84f8d1bbc98e2053b7e87592c0274bc","PENDING_OWNER_REVIEW","PENDING_OWNER_REVIEW","PENDING_OWNER_REVIEW","NONE_RECOVERED","PENDING_OWNER_REVIEW","NOT_FORMAL_UNTIL_OWNER_APPROVAL","FORMAL_CORE_CANDIDATE_ONLY;NO_D001_INCLUDE_OR_IMPORTANCE_INFERENCE"
"332","2a46b249-7af2-41c7-8ea9-aea5a2a3f291","其他 IC設計","2de6b3e1-1c53-4f84-bbd7-7b3b04745aa6","IC設計","TPE","3257","TPE:3257","4c9f220b-c1b6-581d-bcbc-001fa531c71b","owner-topic-membership-20260824.v1","CORE","APPROVED","structural-role-authority-20260912.v4","2026-08-24","fixtures/research/topic_universe_mapping.v1.csv","structural-role-authority:structural-role-authority-20260912.v4","c35c15911c355766dbaa53e76629ae17c84f8d1bbc98e2053b7e87592c0274bc","PENDING_OWNER_REVIEW","PENDING_OWNER_REVIEW","PENDING_OWNER_REVIEW","NONE_RECOVERED","PENDING_OWNER_REVIEW","NOT_FORMAL_UNTIL_OWNER_APPROVAL","FORMAL_CORE_CANDIDATE_ONLY;NO_D001_INCLUDE_OR_IMPORTANCE_INFERENCE"
"333","2a46b249-7af2-41c7-8ea9-aea5a2a3f291","其他 IC設計","2de6b3e1-1c53-4f84-bbd7-7b3b04745aa6","IC設計","TPE","3588","TPE:3588","21bc8350-975a-5333-8bf8-703464b5dcb8","owner-topic-membership-20260824.v1","CORE","APPROVED","structural-role-authority-20260912.v4","2026-08-24","fixtures/research/topic_universe_mapping.v1.csv","structural-role-authority:structural-role-authority-20260912.v4","c35c15911c355766dbaa53e76629ae17c84f8d1bbc98e2053b7e87592c0274bc","PENDING_OWNER_REVIEW","PENDING_OWNER_REVIEW","PENDING_OWNER_REVIEW","NONE_RECOVERED","PENDING_OWNER_REVIEW","NOT_FORMAL_UNTIL_OWNER_APPROVAL","FORMAL_CORE_CANDIDATE_ONLY;NO_D001_INCLUDE_OR_IMPORTANCE_INFERENCE"
"334","2a46b249-7af2-41c7-8ea9-aea5a2a3f291","其他 IC設計","2de6b3e1-1c53-4f84-bbd7-7b3b04745aa6","IC設計","TPE","4919","TPE:4919","b4ae5b2e-bdbd-5a86-9b55-6cfcef33a9e8","owner-topic-membership-20260824.v1","CORE","APPROVED","structural-role-authority-20260912.v4","2026-08-24","2026_REVISED_MARKET_UPDATE","structural-role-authority:structural-role-authority-20260912.v4","c35c15911c355766dbaa53e76629ae17c84f8d1bbc98e2053b7e87592c0274bc","PENDING_OWNER_REVIEW","PENDING_OWNER_REVIEW","PENDING_OWNER_REVIEW","NONE_RECOVERED","PENDING_OWNER_REVIEW","NOT_FORMAL_UNTIL_OWNER_APPROVAL","FORMAL_CORE_CANDIDATE_ONLY;NO_D001_INCLUDE_OR_IMPORTANCE_INFERENCE"
"335","2a46b249-7af2-41c7-8ea9-aea5a2a3f291","其他 IC設計","2de6b3e1-1c53-4f84-bbd7-7b3b04745aa6","IC設計","TPE","4961","TPE:4961","48b237d9-af8c-578b-a81b-c35083706e4f","owner-topic-membership-20260824.v1","CORE","APPROVED","structural-role-authority-20260912.v4","2026-08-24","2026_NEW_TOPIC_ADDITION","structural-role-authority:structural-role-authority-20260912.v4","c35c15911c355766dbaa53e76629ae17c84f8d1bbc98e2053b7e87592c0274bc","PENDING_OWNER_REVIEW","PENDING_OWNER_REVIEW","PENDING_OWNER_REVIEW","NONE_RECOVERED","PENDING_OWNER_REVIEW","NOT_FORMAL_UNTIL_OWNER_APPROVAL","FORMAL_CORE_CANDIDATE_ONLY;NO_D001_INCLUDE_OR_IMPORTANCE_INFERENCE"
"336","2a46b249-7af2-41c7-8ea9-aea5a2a3f291","其他 IC設計","2de6b3e1-1c53-4f84-bbd7-7b3b04745aa6","IC設計","TPE","6526","TPE:6526","abe01b61-a08a-5026-8763-e86d927c7ce8","owner-topic-membership-20260824.v1","CORE","APPROVED","structural-role-authority-20260912.v4","2026-08-24","fixtures/research/topic_universe_mapping.v1.csv","structural-role-authority:structural-role-authority-20260912.v4","c35c15911c355766dbaa53e76629ae17c84f8d1bbc98e2053b7e87592c0274bc","PENDING_OWNER_REVIEW","PENDING_OWNER_REVIEW","PENDING_OWNER_REVIEW","NONE_RECOVERED","PENDING_OWNER_REVIEW","NOT_FORMAL_UNTIL_OWNER_APPROVAL","FORMAL_CORE_CANDIDATE_ONLY;NO_D001_INCLUDE_OR_IMPORTANCE_INFERENCE"
"337","2a46b249-7af2-41c7-8ea9-aea5a2a3f291","其他 IC設計","2de6b3e1-1c53-4f84-bbd7-7b3b04745aa6","IC設計","TPE","6695","TPE:6695","cc5c9599-08d7-5c5f-b582-0ee50ef0b3b4","owner-topic-membership-20260824.v1","CORE","APPROVED","structural-role-authority-20260912.v4","2026-08-24","fixtures/research/topic_universe_mapping.v1.csv","structural-role-authority:structural-role-authority-20260912.v4","c35c15911c355766dbaa53e76629ae17c84f8d1bbc98e2053b7e87592c0274bc","PENDING_OWNER_REVIEW","PENDING_OWNER_REVIEW","PENDING_OWNER_REVIEW","NONE_RECOVERED","PENDING_OWNER_REVIEW","NOT_FORMAL_UNTIL_OWNER_APPROVAL","FORMAL_CORE_CANDIDATE_ONLY;NO_D001_INCLUDE_OR_IMPORTANCE_INFERENCE"
"338","2a46b249-7af2-41c7-8ea9-aea5a2a3f291","其他 IC設計","2de6b3e1-1c53-4f84-bbd7-7b3b04745aa6","IC設計","TPE","6719","TPE:6719","9eca3fd2-e7a1-5053-bda8-b85bc46868ed","owner-topic-membership-20260824.v1","CORE","APPROVED","structural-role-authority-20260912.v4","2026-08-24","fixtures/research/topic_universe_mapping.v1.csv","structural-role-authority:structural-role-authority-20260912.v4","c35c15911c355766dbaa53e76629ae17c84f8d1bbc98e2053b7e87592c0274bc","PENDING_OWNER_REVIEW","PENDING_OWNER_REVIEW","PENDING_OWNER_REVIEW","NONE_RECOVERED","PENDING_OWNER_REVIEW","NOT_FORMAL_UNTIL_OWNER_APPROVAL","FORMAL_CORE_CANDIDATE_ONLY;NO_D001_INCLUDE_OR_IMPORTANCE_INFERENCE"
"339","2a46b249-7af2-41c7-8ea9-aea5a2a3f291","其他 IC設計","2de6b3e1-1c53-4f84-bbd7-7b3b04745aa6","IC設計","TPE","6799","TPE:6799","57fc62a4-6097-514a-b022-914dcb4923d8","owner-topic-membership-20260824.v1","CORE","APPROVED","structural-role-authority-20260912.v4","2026-08-24","fixtures/research/topic_universe_mapping.v1.csv","structural-role-authority:structural-role-authority-20260912.v4","c35c15911c355766dbaa53e76629ae17c84f8d1bbc98e2053b7e87592c0274bc","PENDING_OWNER_REVIEW","PENDING_OWNER_REVIEW","PENDING_OWNER_REVIEW","NONE_RECOVERED","PENDING_OWNER_REVIEW","NOT_FORMAL_UNTIL_OWNER_APPROVAL","FORMAL_CORE_CANDIDATE_ONLY;NO_D001_INCLUDE_OR_IMPORTANCE_INFERENCE"
"340","2a46b249-7af2-41c7-8ea9-aea5a2a3f291","其他 IC設計","2de6b3e1-1c53-4f84-bbd7-7b3b04745aa6","IC設計","TPE","6906","TPE:6906","b10fc441-1af7-5c9f-a687-bf80c304a08d","owner-topic-membership-20260824.v1","CORE","APPROVED","structural-role-authority-20260912.v4","2026-08-24","fixtures/research/topic_universe_mapping.v1.csv","structural-role-authority:structural-role-authority-20260912.v4","c35c15911c355766dbaa53e76629ae17c84f8d1bbc98e2053b7e87592c0274bc","PENDING_OWNER_REVIEW","PENDING_OWNER_REVIEW","PENDING_OWNER_REVIEW","NONE_RECOVERED","PENDING_OWNER_REVIEW","NOT_FORMAL_UNTIL_OWNER_APPROVAL","FORMAL_CORE_CANDIDATE_ONLY;NO_D001_INCLUDE_OR_IMPORTANCE_INFERENCE"
"341","2a46b249-7af2-41c7-8ea9-aea5a2a3f291","其他 IC設計","2de6b3e1-1c53-4f84-bbd7-7b3b04745aa6","IC設計","TWO","3527","TWO:3527","2bf5a3c1-6aad-5db8-885e-9eb8d889936a","owner-topic-membership-20260824.v1","CORE","APPROVED","structural-role-authority-20260912.v4","2026-08-24","fixtures/research/topic_universe_mapping.v1.csv","structural-role-authority:structural-role-authority-20260912.v4","c35c15911c355766dbaa53e76629ae17c84f8d1bbc98e2053b7e87592c0274bc","PENDING_OWNER_REVIEW","PENDING_OWNER_REVIEW","PENDING_OWNER_REVIEW","NONE_RECOVERED","PENDING_OWNER_REVIEW","NOT_FORMAL_UNTIL_OWNER_APPROVAL","FORMAL_CORE_CANDIDATE_ONLY;NO_D001_INCLUDE_OR_IMPORTANCE_INFERENCE"
"342","2a46b249-7af2-41c7-8ea9-aea5a2a3f291","其他 IC設計","2de6b3e1-1c53-4f84-bbd7-7b3b04745aa6","IC設計","TWO","3556","TWO:3556","9e12fb17-b010-5292-9b96-2de68b711719","owner-topic-membership-20260824.v1","CORE","APPROVED","structural-role-authority-20260912.v4","2026-08-24","fixtures/research/topic_universe_mapping.v1.csv","structural-role-authority:structural-role-authority-20260912.v4","c35c15911c355766dbaa53e76629ae17c84f8d1bbc98e2053b7e87592c0274bc","PENDING_OWNER_REVIEW","PENDING_OWNER_REVIEW","PENDING_OWNER_REVIEW","NONE_RECOVERED","PENDING_OWNER_REVIEW","NOT_FORMAL_UNTIL_OWNER_APPROVAL","FORMAL_CORE_CANDIDATE_ONLY;NO_D001_INCLUDE_OR_IMPORTANCE_INFERENCE"
"343","2a46b249-7af2-41c7-8ea9-aea5a2a3f291","其他 IC設計","2de6b3e1-1c53-4f84-bbd7-7b3b04745aa6","IC設計","TWO","5351","TWO:5351","5fc5f2d7-f3a4-5a4a-bd6d-a7bb3d0ba67b","owner-topic-membership-20260824.v1","CORE","APPROVED","structural-role-authority-20260912.v4","2026-08-24","fixtures/research/topic_universe_mapping.v1.csv","structural-role-authority:structural-role-authority-20260912.v4","c35c15911c355766dbaa53e76629ae17c84f8d1bbc98e2053b7e87592c0274bc","PENDING_OWNER_REVIEW","PENDING_OWNER_REVIEW","PENDING_OWNER_REVIEW","NONE_RECOVERED","PENDING_OWNER_REVIEW","NOT_FORMAL_UNTIL_OWNER_APPROVAL","FORMAL_CORE_CANDIDATE_ONLY;NO_D001_INCLUDE_OR_IMPORTANCE_INFERENCE"
"344","2a46b249-7af2-41c7-8ea9-aea5a2a3f291","其他 IC設計","2de6b3e1-1c53-4f84-bbd7-7b3b04745aa6","IC設計","TWO","6129","TWO:6129","bd3777ee-c7e2-5ff2-ab55-c654626c6084","owner-topic-membership-20260824.v1","CORE","APPROVED","structural-role-authority-20260912.v4","2026-08-24","fixtures/research/topic_universe_mapping.v1.csv","structural-role-authority:structural-role-authority-20260912.v4","c35c15911c355766dbaa53e76629ae17c84f8d1bbc98e2053b7e87592c0274bc","PENDING_OWNER_REVIEW","PENDING_OWNER_REVIEW","PENDING_OWNER_REVIEW","NONE_RECOVERED","PENDING_OWNER_REVIEW","NOT_FORMAL_UNTIL_OWNER_APPROVAL","FORMAL_CORE_CANDIDATE_ONLY;NO_D001_INCLUDE_OR_IMPORTANCE_INFERENCE"
"345","2a46b249-7af2-41c7-8ea9-aea5a2a3f291","其他 IC設計","2de6b3e1-1c53-4f84-bbd7-7b3b04745aa6","IC設計","TWO","6716","TWO:6716","7af23dca-0706-59e9-9638-dfb7d875fdc5","owner-topic-membership-20260824.v1","CORE","APPROVED","structural-role-authority-20260912.v4","2026-08-24","2026_NEW_TOPIC_ADDITION","structural-role-authority:structural-role-authority-20260912.v4","c35c15911c355766dbaa53e76629ae17c84f8d1bbc98e2053b7e87592c0274bc","PENDING_OWNER_REVIEW","PENDING_OWNER_REVIEW","PENDING_OWNER_REVIEW","NONE_RECOVERED","PENDING_OWNER_REVIEW","NOT_FORMAL_UNTIL_OWNER_APPROVAL","FORMAL_CORE_CANDIDATE_ONLY;NO_D001_INCLUDE_OR_IMPORTANCE_INFERENCE"
"346","2a46b249-7af2-41c7-8ea9-aea5a2a3f291","其他 IC設計","2de6b3e1-1c53-4f84-bbd7-7b3b04745aa6","IC設計","TWO","8040","TWO:8040","ccd5effe-f603-576e-b8ed-0ef622a856f2","owner-topic-membership-20260824.v1","CORE","APPROVED","structural-role-authority-20260912.v4","2026-08-24","fixtures/research/topic_universe_mapping.v1.csv","structural-role-authority:structural-role-authority-20260912.v4","c35c15911c355766dbaa53e76629ae17c84f8d1bbc98e2053b7e87592c0274bc","PENDING_OWNER_REVIEW","PENDING_OWNER_REVIEW","PENDING_OWNER_REVIEW","NONE_RECOVERED","PENDING_OWNER_REVIEW","NOT_FORMAL_UNTIL_OWNER_APPROVAL","FORMAL_CORE_CANDIDATE_ONLY;NO_D001_INCLUDE_OR_IMPORTANCE_INFERENCE"
"347","2a46b249-7af2-41c7-8ea9-aea5a2a3f291","其他 IC設計","2de6b3e1-1c53-4f84-bbd7-7b3b04745aa6","IC設計","TWO","8054","TWO:8054","70ac36fd-aa57-5ce5-bf1f-bf408953ef68","owner-topic-membership-20260824.v1","CORE","APPROVED","structural-role-authority-20260912.v4","2026-08-24","2026_NEW_TOPIC_ADDITION","structural-role-authority:structural-role-authority-20260912.v4","c35c15911c355766dbaa53e76629ae17c84f8d1bbc98e2053b7e87592c0274bc","PENDING_OWNER_REVIEW","PENDING_OWNER_REVIEW","PENDING_OWNER_REVIEW","NONE_RECOVERED","PENDING_OWNER_REVIEW","NOT_FORMAL_UNTIL_OWNER_APPROVAL","FORMAL_CORE_CANDIDATE_ONLY;NO_D001_INCLUDE_OR_IMPORTANCE_INFERENCE"
"348","0ada6c6f-2d32-48a1-af40-b23a69dd5204","其他大型權值","a969261d-6206-45c9-9b8e-a8ae4cbdf49e","大型權值","TPE","2352","TPE:2352","a7353c01-01bb-5c6b-8086-270d09a5bc7a","owner-topic-membership-20260824.v1","CORE","APPROVED","structural-role-authority-20260912.v4","2026-08-24","fixtures/research/topic_universe_mapping.v1.csv","structural-role-authority:structural-role-authority-20260912.v4","c35c15911c355766dbaa53e76629ae17c84f8d1bbc98e2053b7e87592c0274bc","PENDING_OWNER_REVIEW","PENDING_OWNER_REVIEW","PENDING_OWNER_REVIEW","NONE_RECOVERED","PENDING_OWNER_REVIEW","NOT_FORMAL_UNTIL_OWNER_APPROVAL","FORMAL_CORE_CANDIDATE_ONLY;NO_D001_INCLUDE_OR_IMPORTANCE_INFERENCE"
"349","0ada6c6f-2d32-48a1-af40-b23a69dd5204","其他大型權值","a969261d-6206-45c9-9b8e-a8ae4cbdf49e","大型權值","TPE","2409","TPE:2409","95f3ab17-c959-540b-ae61-cd4f4e7cbf06","owner-topic-membership-20260824.v1","CORE","APPROVED","structural-role-authority-20260912.v4","2026-08-24","fixtures/research/topic_universe_mapping.v1.csv","structural-role-authority:structural-role-authority-20260912.v4","c35c15911c355766dbaa53e76629ae17c84f8d1bbc98e2053b7e87592c0274bc","PENDING_OWNER_REVIEW","PENDING_OWNER_REVIEW","PENDING_OWNER_REVIEW","NONE_RECOVERED","PENDING_OWNER_REVIEW","NOT_FORMAL_UNTIL_OWNER_APPROVAL","FORMAL_CORE_CANDIDATE_ONLY;NO_D001_INCLUDE_OR_IMPORTANCE_INFERENCE"
"350","0ada6c6f-2d32-48a1-af40-b23a69dd5204","其他大型權值","a969261d-6206-45c9-9b8e-a8ae4cbdf49e","大型權值","TWO","7777","TWO:7777","c7eed6b0-7f9b-51f2-afa3-fb28fb9f45f8","owner-topic-membership-20260824.v1","CORE","APPROVED","structural-role-authority-20260912.v4","2026-08-24","fixtures/research/topic_universe_mapping.v1.csv","structural-role-authority:structural-role-authority-20260912.v4","c35c15911c355766dbaa53e76629ae17c84f8d1bbc98e2053b7e87592c0274bc","PENDING_OWNER_REVIEW","PENDING_OWNER_REVIEW","PENDING_OWNER_REVIEW","NONE_RECOVERED","PENDING_OWNER_REVIEW","NOT_FORMAL_UNTIL_OWNER_APPROVAL","FORMAL_CORE_CANDIDATE_ONLY;NO_D001_INCLUDE_OR_IMPORTANCE_INFERENCE"
"351","628aef78-4f45-4b40-ab92-fdd17f6ac116","其他半導體材料","d1514075-c622-4d00-85d2-84162697daa2","半導體材料","TPE","3010","TPE:3010","ef69682e-ca3d-51f9-9fba-499d0ad8e18c","owner-topic-membership-20260824.v1","CORE","APPROVED","structural-role-authority-20260912.v4","2026-08-24","2026_NEW_TOPIC_ADDITION","structural-role-authority:structural-role-authority-20260912.v4","c35c15911c355766dbaa53e76629ae17c84f8d1bbc98e2053b7e87592c0274bc","PENDING_OWNER_REVIEW","PENDING_OWNER_REVIEW","PENDING_OWNER_REVIEW","NONE_RECOVERED","PENDING_OWNER_REVIEW","NOT_FORMAL_UNTIL_OWNER_APPROVAL","FORMAL_CORE_CANDIDATE_ONLY;NO_D001_INCLUDE_OR_IMPORTANCE_INFERENCE"
"352","64357392-2d25-41b2-ba1c-0711f82542b4","其他半導體設備","71802589-42ed-49ed-a3db-d1d498177099","半導體設備與權值","TPE","2049","TPE:2049","1eb9a942-97a7-564d-8c8c-368da4eff43a","owner-topic-membership-20260824.v1","CORE","APPROVED","structural-role-authority-20260912.v4","2026-08-24","2026_NEW_TOPIC_ADDITION","structural-role-authority:structural-role-authority-20260912.v4","c35c15911c355766dbaa53e76629ae17c84f8d1bbc98e2053b7e87592c0274bc","PENDING_OWNER_REVIEW","PENDING_OWNER_REVIEW","PENDING_OWNER_REVIEW","NONE_RECOVERED","PENDING_OWNER_REVIEW","NOT_FORMAL_UNTIL_OWNER_APPROVAL","FORMAL_CORE_CANDIDATE_ONLY;NO_D001_INCLUDE_OR_IMPORTANCE_INFERENCE"
"353","64357392-2d25-41b2-ba1c-0711f82542b4","其他半導體設備","71802589-42ed-49ed-a3db-d1d498177099","半導體設備與權值","TPE","2360","TPE:2360","a16e4667-68e1-561c-9306-b56dc622f51a","owner-topic-membership-20260824.v1","CORE","APPROVED","structural-role-authority-20260912.v4","2026-08-24","fixtures/research/topic_universe_mapping.v1.csv","structural-role-authority:structural-role-authority-20260912.v4","c35c15911c355766dbaa53e76629ae17c84f8d1bbc98e2053b7e87592c0274bc","PENDING_OWNER_REVIEW","PENDING_OWNER_REVIEW","PENDING_OWNER_REVIEW","NONE_RECOVERED","PENDING_OWNER_REVIEW","NOT_FORMAL_UNTIL_OWNER_APPROVAL","FORMAL_CORE_CANDIDATE_ONLY;NO_D001_INCLUDE_OR_IMPORTANCE_INFERENCE"
"354","64357392-2d25-41b2-ba1c-0711f82542b4","其他半導體設備","71802589-42ed-49ed-a3db-d1d498177099","半導體設備與權值","TPE","2493","TPE:2493","3af3af4a-cc36-5c4e-872b-2130878b21d4","owner-topic-membership-20260824.v1","CORE","APPROVED","structural-role-authority-20260912.v4","2026-08-24","fixtures/research/topic_universe_mapping.v1.csv","structural-role-authority:structural-role-authority-20260912.v4","c35c15911c355766dbaa53e76629ae17c84f8d1bbc98e2053b7e87592c0274bc","PENDING_OWNER_REVIEW","PENDING_OWNER_REVIEW","PENDING_OWNER_REVIEW","NONE_RECOVERED","PENDING_OWNER_REVIEW","NOT_FORMAL_UNTIL_OWNER_APPROVAL","FORMAL_CORE_CANDIDATE_ONLY;NO_D001_INCLUDE_OR_IMPORTANCE_INFERENCE"
"355","64357392-2d25-41b2-ba1c-0711f82542b4","其他半導體設備","71802589-42ed-49ed-a3db-d1d498177099","半導體設備與權值","TPE","3055","TPE:3055","1518a714-55e6-579a-8617-aa7571199f72","owner-topic-membership-20260824.v1","CORE","APPROVED","structural-role-authority-20260912.v4","2026-08-24","fixtures/research/topic_universe_mapping.v1.csv","structural-role-authority:structural-role-authority-20260912.v4","c35c15911c355766dbaa53e76629ae17c84f8d1bbc98e2053b7e87592c0274bc","PENDING_OWNER_REVIEW","PENDING_OWNER_REVIEW","PENDING_OWNER_REVIEW","NONE_RECOVERED","PENDING_OWNER_REVIEW","NOT_FORMAL_UNTIL_OWNER_APPROVAL","FORMAL_CORE_CANDIDATE_ONLY;NO_D001_INCLUDE_OR_IMPORTANCE_INFERENCE"
"356","64357392-2d25-41b2-ba1c-0711f82542b4","其他半導體設備","71802589-42ed-49ed-a3db-d1d498177099","半導體設備與權值","TPE","3167","TPE:3167","5bfc4491-66aa-5244-9ff9-334f7f435769","owner-topic-membership-20260824.v1","CORE","APPROVED","structural-role-authority-20260912.v4","2026-08-24","fixtures/research/topic_universe_mapping.v1.csv","structural-role-authority:structural-role-authority-20260912.v4","c35c15911c355766dbaa53e76629ae17c84f8d1bbc98e2053b7e87592c0274bc","PENDING_OWNER_REVIEW","PENDING_OWNER_REVIEW","PENDING_OWNER_REVIEW","NONE_RECOVERED","PENDING_OWNER_REVIEW","NOT_FORMAL_UNTIL_OWNER_APPROVAL","FORMAL_CORE_CANDIDATE_ONLY;NO_D001_INCLUDE_OR_IMPORTANCE_INFERENCE"
"357","64357392-2d25-41b2-ba1c-0711f82542b4","其他半導體設備","71802589-42ed-49ed-a3db-d1d498177099","半導體設備與權值","TPE","3413","TPE:3413","29735273-1204-5d80-abce-31cd41147c4d","owner-topic-membership-20260824.v1","CORE","APPROVED","structural-role-authority-20260912.v4","2026-08-24","fixtures/research/topic_universe_mapping.v1.csv","structural-role-authority:structural-role-authority-20260912.v4","c35c15911c355766dbaa53e76629ae17c84f8d1bbc98e2053b7e87592c0274bc","PENDING_OWNER_REVIEW","PENDING_OWNER_REVIEW","PENDING_OWNER_REVIEW","NONE_RECOVERED","PENDING_OWNER_REVIEW","NOT_FORMAL_UNTIL_OWNER_APPROVAL","FORMAL_CORE_CANDIDATE_ONLY;NO_D001_INCLUDE_OR_IMPORTANCE_INFERENCE"
"358","64357392-2d25-41b2-ba1c-0711f82542b4","其他半導體設備","71802589-42ed-49ed-a3db-d1d498177099","半導體設備與權值","TPE","3535","TPE:3535","d5542bc4-a69c-5829-9a8d-b1841a03b448","owner-topic-membership-20260824.v1","CORE","APPROVED","structural-role-authority-20260912.v4","2026-08-24","fixtures/research/topic_universe_mapping.v1.csv","structural-role-authority:structural-role-authority-20260912.v4","c35c15911c355766dbaa53e76629ae17c84f8d1bbc98e2053b7e87592c0274bc","PENDING_OWNER_REVIEW","PENDING_OWNER_REVIEW","PENDING_OWNER_REVIEW","NONE_RECOVERED","PENDING_OWNER_REVIEW","NOT_FORMAL_UNTIL_OWNER_APPROVAL","FORMAL_CORE_CANDIDATE_ONLY;NO_D001_INCLUDE_OR_IMPORTANCE_INFERENCE"
"359","64357392-2d25-41b2-ba1c-0711f82542b4","其他半導體設備","71802589-42ed-49ed-a3db-d1d498177099","半導體設備與權值","TPE","4576","TPE:4576","3cccfb13-adb7-5dbb-a364-1a118f24c788","owner-topic-membership-20260824.v1","CORE","APPROVED","structural-role-authority-20260912.v4","2026-08-24","2026_REVISED_MARKET_UPDATE","structural-role-authority:structural-role-authority-20260912.v4","c35c15911c355766dbaa53e76629ae17c84f8d1bbc98e2053b7e87592c0274bc","PENDING_OWNER_REVIEW","PENDING_OWNER_REVIEW","PENDING_OWNER_REVIEW","NONE_RECOVERED","PENDING_OWNER_REVIEW","NOT_FORMAL_UNTIL_OWNER_APPROVAL","FORMAL_CORE_CANDIDATE_ONLY;NO_D001_INCLUDE_OR_IMPORTANCE_INFERENCE"
"360","64357392-2d25-41b2-ba1c-0711f82542b4","其他半導體設備","71802589-42ed-49ed-a3db-d1d498177099","半導體設備與權值","TPE","6215","TPE:6215","f6a723ed-ee19-54de-b615-4d4587d2296e","owner-topic-membership-20260824.v1","CORE","APPROVED","structural-role-authority-20260912.v4","2026-08-24","fixtures/research/topic_universe_mapping.v1.csv","structural-role-authority:structural-role-authority-20260912.v4","c35c15911c355766dbaa53e76629ae17c84f8d1bbc98e2053b7e87592c0274bc","PENDING_OWNER_REVIEW","PENDING_OWNER_REVIEW","PENDING_OWNER_REVIEW","NONE_RECOVERED","PENDING_OWNER_REVIEW","NOT_FORMAL_UNTIL_OWNER_APPROVAL","FORMAL_CORE_CANDIDATE_ONLY;NO_D001_INCLUDE_OR_IMPORTANCE_INFERENCE"
"361","64357392-2d25-41b2-ba1c-0711f82542b4","其他半導體設備","71802589-42ed-49ed-a3db-d1d498177099","半導體設備與權值","TPE","6937","TPE:6937","cb59694e-a373-5415-94e0-178a1de6ea68","owner-topic-membership-20260824.v1","CORE","APPROVED","structural-role-authority-20260912.v4","2026-08-24","2026_REVISED_MARKET_UPDATE","structural-role-authority:structural-role-authority-20260912.v4","c35c15911c355766dbaa53e76629ae17c84f8d1bbc98e2053b7e87592c0274bc","PENDING_OWNER_REVIEW","PENDING_OWNER_REVIEW","PENDING_OWNER_REVIEW","NONE_RECOVERED","PENDING_OWNER_REVIEW","NOT_FORMAL_UNTIL_OWNER_APPROVAL","FORMAL_CORE_CANDIDATE_ONLY;NO_D001_INCLUDE_OR_IMPORTANCE_INFERENCE"
"362","64357392-2d25-41b2-ba1c-0711f82542b4","其他半導體設備","71802589-42ed-49ed-a3db-d1d498177099","半導體設備與權值","TWO","2221","TWO:2221","bcaeb109-197a-5862-96c9-bf43b9510156","owner-topic-membership-20260824.v1","CORE","APPROVED","structural-role-authority-20260912.v4","2026-08-24","2026_NEW_TOPIC_ADDITION","structural-role-authority:structural-role-authority-20260912.v4","c35c15911c355766dbaa53e76629ae17c84f8d1bbc98e2053b7e87592c0274bc","PENDING_OWNER_REVIEW","PENDING_OWNER_REVIEW","PENDING_OWNER_REVIEW","NONE_RECOVERED","PENDING_OWNER_REVIEW","NOT_FORMAL_UNTIL_OWNER_APPROVAL","FORMAL_CORE_CANDIDATE_ONLY;NO_D001_INCLUDE_OR_IMPORTANCE_INFERENCE"
"363","64357392-2d25-41b2-ba1c-0711f82542b4","其他半導體設備","71802589-42ed-49ed-a3db-d1d498177099","半導體設備與權值","TWO","3374","TWO:3374","a7ee1068-b5a6-5424-8283-ed8b34152e66","owner-topic-membership-20260824.v1","CORE","APPROVED","structural-role-authority-20260912.v4","2026-08-24","2026_NEW_TOPIC_ADDITION","structural-role-authority:structural-role-authority-20260912.v4","c35c15911c355766dbaa53e76629ae17c84f8d1bbc98e2053b7e87592c0274bc","PENDING_OWNER_REVIEW","PENDING_OWNER_REVIEW","PENDING_OWNER_REVIEW","NONE_RECOVERED","PENDING_OWNER_REVIEW","NOT_FORMAL_UNTIL_OWNER_APPROVAL","FORMAL_CORE_CANDIDATE_ONLY;NO_D001_INCLUDE_OR_IMPORTANCE_INFERENCE"
"364","64357392-2d25-41b2-ba1c-0711f82542b4","其他半導體設備","71802589-42ed-49ed-a3db-d1d498177099","半導體設備與權值","TWO","3498","TWO:3498","0a0448b3-d9b6-50b9-b9d2-62d571440ea8","owner-topic-membership-20260824.v1","CORE","APPROVED","structural-role-authority-20260912.v4","2026-08-24","fixtures/research/topic_universe_mapping.v1.csv","structural-role-authority:structural-role-authority-20260912.v4","c35c15911c355766dbaa53e76629ae17c84f8d1bbc98e2053b7e87592c0274bc","PENDING_OWNER_REVIEW","PENDING_OWNER_REVIEW","PENDING_OWNER_REVIEW","NONE_RECOVERED","PENDING_OWNER_REVIEW","NOT_FORMAL_UNTIL_OWNER_APPROVAL","FORMAL_CORE_CANDIDATE_ONLY;NO_D001_INCLUDE_OR_IMPORTANCE_INFERENCE"
"365","64357392-2d25-41b2-ba1c-0711f82542b4","其他半導體設備","71802589-42ed-49ed-a3db-d1d498177099","半導體設備與權值","TWO","4542","TWO:4542","26a9c6ef-31b5-5194-953f-8d98d33bcdb1","owner-topic-membership-20260824.v1","CORE","APPROVED","structural-role-authority-20260912.v4","2026-08-24","fixtures/research/topic_universe_mapping.v1.csv","structural-role-authority:structural-role-authority-20260912.v4","c35c15911c355766dbaa53e76629ae17c84f8d1bbc98e2053b7e87592c0274bc","PENDING_OWNER_REVIEW","PENDING_OWNER_REVIEW","PENDING_OWNER_REVIEW","NONE_RECOVERED","PENDING_OWNER_REVIEW","NOT_FORMAL_UNTIL_OWNER_APPROVAL","FORMAL_CORE_CANDIDATE_ONLY;NO_D001_INCLUDE_OR_IMPORTANCE_INFERENCE"
"366","64357392-2d25-41b2-ba1c-0711f82542b4","其他半導體設備","71802589-42ed-49ed-a3db-d1d498177099","半導體設備與權值","TWO","4556","TWO:4556","347b2bf1-af12-5555-a061-7f018f136d2e","owner-topic-membership-20260824.v1","CORE","APPROVED","structural-role-authority-20260912.v4","2026-08-24","fixtures/research/topic_universe_mapping.v1.csv","structural-role-authority:structural-role-authority-20260912.v4","c35c15911c355766dbaa53e76629ae17c84f8d1bbc98e2053b7e87592c0274bc","PENDING_OWNER_REVIEW","PENDING_OWNER_REVIEW","PENDING_OWNER_REVIEW","NONE_RECOVERED","PENDING_OWNER_REVIEW","NOT_FORMAL_UNTIL_OWNER_APPROVAL","FORMAL_CORE_CANDIDATE_ONLY;NO_D001_INCLUDE_OR_IMPORTANCE_INFERENCE"
"367","64357392-2d25-41b2-ba1c-0711f82542b4","其他半導體設備","71802589-42ed-49ed-a3db-d1d498177099","半導體設備與權值","TWO","4577","TWO:4577","d23ff73f-03aa-539a-af56-977989a4cc6e","owner-topic-membership-20260824.v1","CORE","APPROVED","structural-role-authority-20260912.v4","2026-08-24","fixtures/research/topic_universe_mapping.v1.csv","structural-role-authority:structural-role-authority-20260912.v4","c35c15911c355766dbaa53e76629ae17c84f8d1bbc98e2053b7e87592c0274bc","PENDING_OWNER_REVIEW","PENDING_OWNER_REVIEW","PENDING_OWNER_REVIEW","NONE_RECOVERED","PENDING_OWNER_REVIEW","NOT_FORMAL_UNTIL_OWNER_APPROVAL","FORMAL_CORE_CANDIDATE_ONLY;NO_D001_INCLUDE_OR_IMPORTANCE_INFERENCE"
"368","64357392-2d25-41b2-ba1c-0711f82542b4","其他半導體設備","71802589-42ed-49ed-a3db-d1d498177099","半導體設備與權值","TWO","5443","TWO:5443","5c43b219-9119-5e9f-aea8-6167f02f895d","owner-topic-membership-20260824.v1","CORE","APPROVED","structural-role-authority-20260912.v4","2026-08-24","2026_NEW_TOPIC_ADDITION","structural-role-authority:structural-role-authority-20260912.v4","c35c15911c355766dbaa53e76629ae17c84f8d1bbc98e2053b7e87592c0274bc","PENDING_OWNER_REVIEW","PENDING_OWNER_REVIEW","PENDING_OWNER_REVIEW","NONE_RECOVERED","PENDING_OWNER_REVIEW","NOT_FORMAL_UNTIL_OWNER_APPROVAL","FORMAL_CORE_CANDIDATE_ONLY;NO_D001_INCLUDE_OR_IMPORTANCE_INFERENCE"
"369","64357392-2d25-41b2-ba1c-0711f82542b4","其他半導體設備","71802589-42ed-49ed-a3db-d1d498177099","半導體設備與權值","TWO","6207","TWO:6207","6fbb6f34-b035-5bd9-ae10-79d55d6a09d5","owner-topic-membership-20260824.v1","CORE","APPROVED","structural-role-authority-20260912.v4","2026-08-24","fixtures/research/topic_universe_mapping.v1.csv","structural-role-authority:structural-role-authority-20260912.v4","c35c15911c355766dbaa53e76629ae17c84f8d1bbc98e2053b7e87592c0274bc","PENDING_OWNER_REVIEW","PENDING_OWNER_REVIEW","PENDING_OWNER_REVIEW","NONE_RECOVERED","PENDING_OWNER_REVIEW","NOT_FORMAL_UNTIL_OWNER_APPROVAL","FORMAL_CORE_CANDIDATE_ONLY;NO_D001_INCLUDE_OR_IMPORTANCE_INFERENCE"
"370","64357392-2d25-41b2-ba1c-0711f82542b4","其他半導體設備","71802589-42ed-49ed-a3db-d1d498177099","半導體設備與權值","TWO","6510","TWO:6510","4ed6d25d-1704-54ae-90e9-f75ca46424f6","owner-topic-membership-20260824.v1","CORE","APPROVED","structural-role-authority-20260912.v4","2026-08-24","fixtures/research/topic_universe_mapping.v1.csv","structural-role-authority:structural-role-authority-20260912.v4","c35c15911c355766dbaa53e76629ae17c84f8d1bbc98e2053b7e87592c0274bc","PENDING_OWNER_REVIEW","PENDING_OWNER_REVIEW","PENDING_OWNER_REVIEW","NONE_RECOVERED","PENDING_OWNER_REVIEW","NOT_FORMAL_UNTIL_OWNER_APPROVAL","FORMAL_CORE_CANDIDATE_ONLY;NO_D001_INCLUDE_OR_IMPORTANCE_INFERENCE"
"371","64357392-2d25-41b2-ba1c-0711f82542b4","其他半導體設備","71802589-42ed-49ed-a3db-d1d498177099","半導體設備與權值","TWO","6613","TWO:6613","705ba84e-cf8e-5cd5-a664-e03c03160d1e","owner-topic-membership-20260824.v1","CORE","APPROVED","structural-role-authority-20260912.v4","2026-08-24","fixtures/research/topic_universe_mapping.v1.csv","structural-role-authority:structural-role-authority-20260912.v4","c35c15911c355766dbaa53e76629ae17c84f8d1bbc98e2053b7e87592c0274bc","PENDING_OWNER_REVIEW","PENDING_OWNER_REVIEW","PENDING_OWNER_REVIEW","NONE_RECOVERED","PENDING_OWNER_REVIEW","NOT_FORMAL_UNTIL_OWNER_APPROVAL","FORMAL_CORE_CANDIDATE_ONLY;NO_D001_INCLUDE_OR_IMPORTANCE_INFERENCE"
"372","64357392-2d25-41b2-ba1c-0711f82542b4","其他半導體設備","71802589-42ed-49ed-a3db-d1d498177099","半導體設備與權值","TWO","6654","TWO:6654","7bfd25e6-06f1-551f-8e07-13e1600f353d","owner-topic-membership-20260824.v1","CORE","APPROVED","structural-role-authority-20260912.v4","2026-08-24","fixtures/research/topic_universe_mapping.v1.csv","structural-role-authority:structural-role-authority-20260912.v4","c35c15911c355766dbaa53e76629ae17c84f8d1bbc98e2053b7e87592c0274bc","PENDING_OWNER_REVIEW","PENDING_OWNER_REVIEW","PENDING_OWNER_REVIEW","NONE_RECOVERED","PENDING_OWNER_REVIEW","NOT_FORMAL_UNTIL_OWNER_APPROVAL","FORMAL_CORE_CANDIDATE_ONLY;NO_D001_INCLUDE_OR_IMPORTANCE_INFERENCE"
"373","64357392-2d25-41b2-ba1c-0711f82542b4","其他半導體設備","71802589-42ed-49ed-a3db-d1d498177099","半導體設備與權值","TWO","6727","TWO:6727","4f5b7796-8006-5845-b798-ec1338f9ae97","owner-topic-membership-20260824.v1","CORE","APPROVED","structural-role-authority-20260912.v4","2026-08-24","fixtures/research/topic_universe_mapping.v1.csv","structural-role-authority:structural-role-authority-20260912.v4","c35c15911c355766dbaa53e76629ae17c84f8d1bbc98e2053b7e87592c0274bc","PENDING_OWNER_REVIEW","PENDING_OWNER_REVIEW","PENDING_OWNER_REVIEW","NONE_RECOVERED","PENDING_OWNER_REVIEW","NOT_FORMAL_UNTIL_OWNER_APPROVAL","FORMAL_CORE_CANDIDATE_ONLY;NO_D001_INCLUDE_OR_IMPORTANCE_INFERENCE"
"374","64357392-2d25-41b2-ba1c-0711f82542b4","其他半導體設備","71802589-42ed-49ed-a3db-d1d498177099","半導體設備與權值","TWO","6903","TWO:6903","7f65294d-4838-53fe-9900-fa6d4d06630d","owner-topic-membership-20260824.v1","CORE","APPROVED","structural-role-authority-20260912.v4","2026-08-24","2026_REVISED_MARKET_UPDATE","structural-role-authority:structural-role-authority-20260912.v4","c35c15911c355766dbaa53e76629ae17c84f8d1bbc98e2053b7e87592c0274bc","PENDING_OWNER_REVIEW","PENDING_OWNER_REVIEW","PENDING_OWNER_REVIEW","NONE_RECOVERED","PENDING_OWNER_REVIEW","NOT_FORMAL_UNTIL_OWNER_APPROVAL","FORMAL_CORE_CANDIDATE_ONLY;NO_D001_INCLUDE_OR_IMPORTANCE_INFERENCE"
"375","8ab347f8-2ab4-4d68-bbf0-bc026d8bec8e","其他車用電子","41cab158-24db-40b9-90cf-fa859870f165","車用電子","TPE","1536","TPE:1536","0b7938a6-669a-5e92-82eb-6466bd48e5c9","owner-topic-membership-20260824.v1","CORE","APPROVED","structural-role-authority-20260912.v4","2026-08-24","fixtures/research/topic_universe_mapping.v1.csv","structural-role-authority:structural-role-authority-20260912.v4","c35c15911c355766dbaa53e76629ae17c84f8d1bbc98e2053b7e87592c0274bc","PENDING_OWNER_REVIEW","PENDING_OWNER_REVIEW","PENDING_OWNER_REVIEW","NONE_RECOVERED","PENDING_OWNER_REVIEW","NOT_FORMAL_UNTIL_OWNER_APPROVAL","FORMAL_CORE_CANDIDATE_ONLY;NO_D001_INCLUDE_OR_IMPORTANCE_INFERENCE"
"376","8ab347f8-2ab4-4d68-bbf0-bc026d8bec8e","其他車用電子","41cab158-24db-40b9-90cf-fa859870f165","車用電子","TPE","1563","TPE:1563","171a3f62-0eb2-592f-9000-34346f1c22bc","owner-topic-membership-20260824.v1","CORE","APPROVED","structural-role-authority-20260912.v4","2026-08-24","fixtures/research/topic_universe_mapping.v1.csv","structural-role-authority:structural-role-authority-20260912.v4","c35c15911c355766dbaa53e76629ae17c84f8d1bbc98e2053b7e87592c0274bc","PENDING_OWNER_REVIEW","PENDING_OWNER_REVIEW","PENDING_OWNER_REVIEW","NONE_RECOVERED","PENDING_OWNER_REVIEW","NOT_FORMAL_UNTIL_OWNER_APPROVAL","FORMAL_CORE_CANDIDATE_ONLY;NO_D001_INCLUDE_OR_IMPORTANCE_INFERENCE"
"377","8ab347f8-2ab4-4d68-bbf0-bc026d8bec8e","其他車用電子","41cab158-24db-40b9-90cf-fa859870f165","車用電子","TPE","1568","TPE:1568","d2ef239e-9505-5b1b-8273-5108e2527816","owner-topic-membership-20260824.v1","CORE","APPROVED","structural-role-authority-20260912.v4","2026-08-24","fixtures/research/topic_universe_mapping.v1.csv","structural-role-authority:structural-role-authority-20260912.v4","c35c15911c355766dbaa53e76629ae17c84f8d1bbc98e2053b7e87592c0274bc","PENDING_OWNER_REVIEW","PENDING_OWNER_REVIEW","PENDING_OWNER_REVIEW","NONE_RECOVERED","PENDING_OWNER_REVIEW","NOT_FORMAL_UNTIL_OWNER_APPROVAL","FORMAL_CORE_CANDIDATE_ONLY;NO_D001_INCLUDE_OR_IMPORTANCE_INFERENCE"
"378","8ab347f8-2ab4-4d68-bbf0-bc026d8bec8e","其他車用電子","41cab158-24db-40b9-90cf-fa859870f165","車用電子","TPE","2344","TPE:2344","354a36ca-af23-53cf-93e6-a7964955a263","owner-topic-membership-20260824.v1","CORE","APPROVED","structural-role-authority-20260912.v4","2026-08-24","fixtures/research/topic_universe_mapping.v1.csv","structural-role-authority:structural-role-authority-20260912.v4","c35c15911c355766dbaa53e76629ae17c84f8d1bbc98e2053b7e87592c0274bc","PENDING_OWNER_REVIEW","PENDING_OWNER_REVIEW","PENDING_OWNER_REVIEW","NONE_RECOVERED","PENDING_OWNER_REVIEW","NOT_FORMAL_UNTIL_OWNER_APPROVAL","FORMAL_CORE_CANDIDATE_ONLY;NO_D001_INCLUDE_OR_IMPORTANCE_INFERENCE"
"379","8ab347f8-2ab4-4d68-bbf0-bc026d8bec8e","其他車用電子","41cab158-24db-40b9-90cf-fa859870f165","車用電子","TPE","2351","TPE:2351","0d21226e-1fba-57b8-ad95-23c0630ff291","owner-topic-membership-20260824.v1","CORE","APPROVED","structural-role-authority-20260912.v4","2026-08-24","fixtures/research/topic_universe_mapping.v1.csv","structural-role-authority:structural-role-authority-20260912.v4","c35c15911c355766dbaa53e76629ae17c84f8d1bbc98e2053b7e87592c0274bc","PENDING_OWNER_REVIEW","PENDING_OWNER_REVIEW","PENDING_OWNER_REVIEW","NONE_RECOVERED","PENDING_OWNER_REVIEW","NOT_FORMAL_UNTIL_OWNER_APPROVAL","FORMAL_CORE_CANDIDATE_ONLY;NO_D001_INCLUDE_OR_IMPORTANCE_INFERENCE"
"380","8ab347f8-2ab4-4d68-bbf0-bc026d8bec8e","其他車用電子","41cab158-24db-40b9-90cf-fa859870f165","車用電子","TPE","2355","TPE:2355","4c777b9f-35a4-5196-bfe8-1452126ca37c","owner-topic-membership-20260824.v1","CORE","APPROVED","structural-role-authority-20260912.v4","2026-08-24","2026_REVISED_MARKET_UPDATE","structural-role-authority:structural-role-authority-20260912.v4","c35c15911c355766dbaa53e76629ae17c84f8d1bbc98e2053b7e87592c0274bc","PENDING_OWNER_REVIEW","PENDING_OWNER_REVIEW","PENDING_OWNER_REVIEW","NONE_RECOVERED","PENDING_OWNER_REVIEW","NOT_FORMAL_UNTIL_OWNER_APPROVAL","FORMAL_CORE_CANDIDATE_ONLY;NO_D001_INCLUDE_OR_IMPORTANCE_INFERENCE"
"381","8ab347f8-2ab4-4d68-bbf0-bc026d8bec8e","其他車用電子","41cab158-24db-40b9-90cf-fa859870f165","車用電子","TPE","2409","TPE:2409","62cd9b56-3aef-5fe7-ae28-eceb800becb5","owner-topic-membership-20260824.v1","CORE","APPROVED","structural-role-authority-20260912.v4","2026-08-24","2026_NEW_TOPIC_ADDITION","structural-role-authority:structural-role-authority-20260912.v4","c35c15911c355766dbaa53e76629ae17c84f8d1bbc98e2053b7e87592c0274bc","PENDING_OWNER_REVIEW","PENDING_OWNER_REVIEW","PENDING_OWNER_REVIEW","NONE_RECOVERED","PENDING_OWNER_REVIEW","NOT_FORMAL_UNTIL_OWNER_APPROVAL","FORMAL_CORE_CANDIDATE_ONLY;NO_D001_INCLUDE_OR_IMPORTANCE_INFERENCE"
"382","8ab347f8-2ab4-4d68-bbf0-bc026d8bec8e","其他車用電子","41cab158-24db-40b9-90cf-fa859870f165","車用電子","TPE","2413","TPE:2413","a247a277-1df3-543a-881e-885742906d85","owner-topic-membership-20260824.v1","CORE","APPROVED","structural-role-authority-20260912.v4","2026-08-24","fixtures/research/topic_universe_mapping.v1.csv","structural-role-authority:structural-role-authority-20260912.v4","c35c15911c355766dbaa53e76629ae17c84f8d1bbc98e2053b7e87592c0274bc","PENDING_OWNER_REVIEW","PENDING_OWNER_REVIEW","PENDING_OWNER_REVIEW","NONE_RECOVERED","PENDING_OWNER_REVIEW","NOT_FORMAL_UNTIL_OWNER_APPROVAL","FORMAL_CORE_CANDIDATE_ONLY;NO_D001_INCLUDE_OR_IMPORTANCE_INFERENCE"
"383","8ab347f8-2ab4-4d68-bbf0-bc026d8bec8e","其他車用電子","41cab158-24db-40b9-90cf-fa859870f165","車用電子","TPE","2428","TPE:2428","d4b63d44-1042-57f4-ad81-8d94f0099615","owner-topic-membership-20260824.v1","CORE","APPROVED","structural-role-authority-20260912.v4","2026-08-24","2026_REVISED_MARKET_UPDATE","structural-role-authority:structural-role-authority-20260912.v4","c35c15911c355766dbaa53e76629ae17c84f8d1bbc98e2053b7e87592c0274bc","PENDING_OWNER_REVIEW","PENDING_OWNER_REVIEW","PENDING_OWNER_REVIEW","NONE_RECOVERED","PENDING_OWNER_REVIEW","NOT_FORMAL_UNTIL_OWNER_APPROVAL","FORMAL_CORE_CANDIDATE_ONLY;NO_D001_INCLUDE_OR_IMPORTANCE_INFERENCE"
"384","8ab347f8-2ab4-4d68-bbf0-bc026d8bec8e","其他車用電子","41cab158-24db-40b9-90cf-fa859870f165","車用電子","TPE","2457","TPE:2457","4929d4e4-aec9-5f9c-a49c-672eb21aa0c9","owner-topic-membership-20260824.v1","CORE","APPROVED","structural-role-authority-20260912.v4","2026-08-24","fixtures/research/topic_universe_mapping.v1.csv","structural-role-authority:structural-role-authority-20260912.v4","c35c15911c355766dbaa53e76629ae17c84f8d1bbc98e2053b7e87592c0274bc","PENDING_OWNER_REVIEW","PENDING_OWNER_REVIEW","PENDING_OWNER_REVIEW","NONE_RECOVERED","PENDING_OWNER_REVIEW","NOT_FORMAL_UNTIL_OWNER_APPROVAL","FORMAL_CORE_CANDIDATE_ONLY;NO_D001_INCLUDE_OR_IMPORTANCE_INFERENCE"
"385","8ab347f8-2ab4-4d68-bbf0-bc026d8bec8e","其他車用電子","41cab158-24db-40b9-90cf-fa859870f165","車用電子","TPE","2481","TPE:2481","035a4bf1-9f15-5eb7-925d-f540ed281e76","owner-topic-membership-20260824.v1","CORE","APPROVED","structural-role-authority-20260912.v4","2026-08-24","2026_REVISED_MARKET_UPDATE","structural-role-authority:structural-role-authority-20260912.v4","c35c15911c355766dbaa53e76629ae17c84f8d1bbc98e2053b7e87592c0274bc","PENDING_OWNER_REVIEW","PENDING_OWNER_REVIEW","PENDING_OWNER_REVIEW","NONE_RECOVERED","PENDING_OWNER_REVIEW","NOT_FORMAL_UNTIL_OWNER_APPROVAL","FORMAL_CORE_CANDIDATE_ONLY;NO_D001_INCLUDE_OR_IMPORTANCE_INFERENCE"
"386","8ab347f8-2ab4-4d68-bbf0-bc026d8bec8e","其他車用電子","41cab158-24db-40b9-90cf-fa859870f165","車用電子","TPE","3023","TPE:3023","5c75a252-b6b0-5569-8860-4314b23ceaf8","owner-topic-membership-20260824.v1","CORE","APPROVED","structural-role-authority-20260912.v4","2026-08-24","fixtures/research/topic_universe_mapping.v1.csv","structural-role-authority:structural-role-authority-20260912.v4","c35c15911c355766dbaa53e76629ae17c84f8d1bbc98e2053b7e87592c0274bc","PENDING_OWNER_REVIEW","PENDING_OWNER_REVIEW","PENDING_OWNER_REVIEW","NONE_RECOVERED","PENDING_OWNER_REVIEW","NOT_FORMAL_UNTIL_OWNER_APPROVAL","FORMAL_CORE_CANDIDATE_ONLY;NO_D001_INCLUDE_OR_IMPORTANCE_INFERENCE"
"387","8ab347f8-2ab4-4d68-bbf0-bc026d8bec8e","其他車用電子","41cab158-24db-40b9-90cf-fa859870f165","車用電子","TPE","3044","TPE:3044","b393fbe3-b03a-5b91-9a4e-1c1475ee8151","owner-topic-membership-20260824.v1","CORE","APPROVED","structural-role-authority-20260912.v4","2026-08-24","fixtures/research/topic_universe_mapping.v1.csv","structural-role-authority:structural-role-authority-20260912.v4","c35c15911c355766dbaa53e76629ae17c84f8d1bbc98e2053b7e87592c0274bc","PENDING_OWNER_REVIEW","PENDING_OWNER_REVIEW","PENDING_OWNER_REVIEW","NONE_RECOVERED","PENDING_OWNER_REVIEW","NOT_FORMAL_UNTIL_OWNER_APPROVAL","FORMAL_CORE_CANDIDATE_ONLY;NO_D001_INCLUDE_OR_IMPORTANCE_INFERENCE"
"388","8ab347f8-2ab4-4d68-bbf0-bc026d8bec8e","其他車用電子","41cab158-24db-40b9-90cf-fa859870f165","車用電子","TPE","3149","TPE:3149","e9108c52-3e9f-5b41-91d7-90ca3cbd041d","owner-topic-membership-20260824.v1","CORE","APPROVED","structural-role-authority-20260912.v4","2026-08-24","2026_REVISED_MARKET_UPDATE","structural-role-authority:structural-role-authority-20260912.v4","c35c15911c355766dbaa53e76629ae17c84f8d1bbc98e2053b7e87592c0274bc","PENDING_OWNER_REVIEW","PENDING_OWNER_REVIEW","PENDING_OWNER_REVIEW","NONE_RECOVERED","PENDING_OWNER_REVIEW","NOT_FORMAL_UNTIL_OWNER_APPROVAL","FORMAL_CORE_CANDIDATE_ONLY;NO_D001_INCLUDE_OR_IMPORTANCE_INFERENCE"
"389","8ab347f8-2ab4-4d68-bbf0-bc026d8bec8e","其他車用電子","41cab158-24db-40b9-90cf-fa859870f165","車用電子","TPE","3346","TPE:3346","640ff193-ff97-5db7-bd8d-16629321bbec","owner-topic-membership-20260824.v1","CORE","APPROVED","structural-role-authority-20260912.v4","2026-08-24","fixtures/research/topic_universe_mapping.v1.csv","structural-role-authority:structural-role-authority-20260912.v4","c35c15911c355766dbaa53e76629ae17c84f8d1bbc98e2053b7e87592c0274bc","PENDING_OWNER_REVIEW","PENDING_OWNER_REVIEW","PENDING_OWNER_REVIEW","NONE_RECOVERED","PENDING_OWNER_REVIEW","NOT_FORMAL_UNTIL_OWNER_APPROVAL","FORMAL_CORE_CANDIDATE_ONLY;NO_D001_INCLUDE_OR_IMPORTANCE_INFERENCE"
"390","8ab347f8-2ab4-4d68-bbf0-bc026d8bec8e","其他車用電子","41cab158-24db-40b9-90cf-fa859870f165","車用電子","TPE","4551","TPE:4551","3dfb11ee-704f-5775-b76f-9ac5bed098df","owner-topic-membership-20260824.v1","CORE","APPROVED","structural-role-authority-20260912.v4","2026-08-24","fixtures/research/topic_universe_mapping.v1.csv","structural-role-authority:structural-role-authority-20260912.v4","c35c15911c355766dbaa53e76629ae17c84f8d1bbc98e2053b7e87592c0274bc","PENDING_OWNER_REVIEW","PENDING_OWNER_REVIEW","PENDING_OWNER_REVIEW","NONE_RECOVERED","PENDING_OWNER_REVIEW","NOT_FORMAL_UNTIL_OWNER_APPROVAL","FORMAL_CORE_CANDIDATE_ONLY;NO_D001_INCLUDE_OR_IMPORTANCE_INFERENCE"
"391","8ab347f8-2ab4-4d68-bbf0-bc026d8bec8e","其他車用電子","41cab158-24db-40b9-90cf-fa859870f165","車用電子","TPE","4919","TPE:4919","5b3c850e-b580-5a46-8811-fe995bec9f6f","owner-topic-membership-20260824.v1","CORE","APPROVED","structural-role-authority-20260912.v4","2026-08-24","2026_REVISED_MARKET_UPDATE","structural-role-authority:structural-role-authority-20260912.v4","c35c15911c355766dbaa53e76629ae17c84f8d1bbc98e2053b7e87592c0274bc","PENDING_OWNER_REVIEW","PENDING_OWNER_REVIEW","PENDING_OWNER_REVIEW","NONE_RECOVERED","PENDING_OWNER_REVIEW","NOT_FORMAL_UNTIL_OWNER_APPROVAL","FORMAL_CORE_CANDIDATE_ONLY;NO_D001_INCLUDE_OR_IMPORTANCE_INFERENCE"
"392","8ab347f8-2ab4-4d68-bbf0-bc026d8bec8e","其他車用電子","41cab158-24db-40b9-90cf-fa859870f165","車用電子","TPE","4938","TPE:4938","a73dfee3-8ded-5e3e-b32e-ce9347410768","owner-topic-membership-20260824.v1","CORE","APPROVED","structural-role-authority-20260912.v4","2026-08-24","2026_REVISED_MARKET_UPDATE","structural-role-authority:structural-role-authority-20260912.v4","c35c15911c355766dbaa53e76629ae17c84f8d1bbc98e2053b7e87592c0274bc","PENDING_OWNER_REVIEW","PENDING_OWNER_REVIEW","PENDING_OWNER_REVIEW","NONE_RECOVERED","PENDING_OWNER_REVIEW","NOT_FORMAL_UNTIL_OWNER_APPROVAL","FORMAL_CORE_CANDIDATE_ONLY;NO_D001_INCLUDE_OR_IMPORTANCE_INFERENCE"
"393","8ab347f8-2ab4-4d68-bbf0-bc026d8bec8e","其他車用電子","41cab158-24db-40b9-90cf-fa859870f165","車用電子","TPE","5243","TPE:5243","7dfccee0-4806-5e73-a641-3c335c714bbb","owner-topic-membership-20260824.v1","CORE","APPROVED","structural-role-authority-20260912.v4","2026-08-24","fixtures/research/topic_universe_mapping.v1.csv","structural-role-authority:structural-role-authority-20260912.v4","c35c15911c355766dbaa53e76629ae17c84f8d1bbc98e2053b7e87592c0274bc","PENDING_OWNER_REVIEW","PENDING_OWNER_REVIEW","PENDING_OWNER_REVIEW","NONE_RECOVERED","PENDING_OWNER_REVIEW","NOT_FORMAL_UNTIL_OWNER_APPROVAL","FORMAL_CORE_CANDIDATE_ONLY;NO_D001_INCLUDE_OR_IMPORTANCE_INFERENCE"
"394","8ab347f8-2ab4-4d68-bbf0-bc026d8bec8e","其他車用電子","41cab158-24db-40b9-90cf-fa859870f165","車用電子","TPE","5285","TPE:5285","cff59725-7ed8-55fa-a9fc-8a863c606f78","owner-topic-membership-20260824.v1","CORE","APPROVED","structural-role-authority-20260912.v4","2026-08-24","fixtures/research/topic_universe_mapping.v1.csv","structural-role-authority:structural-role-authority-20260912.v4","c35c15911c355766dbaa53e76629ae17c84f8d1bbc98e2053b7e87592c0274bc","PENDING_OWNER_REVIEW","PENDING_OWNER_REVIEW","PENDING_OWNER_REVIEW","NONE_RECOVERED","PENDING_OWNER_REVIEW","NOT_FORMAL_UNTIL_OWNER_APPROVAL","FORMAL_CORE_CANDIDATE_ONLY;NO_D001_INCLUDE_OR_IMPORTANCE_INFERENCE"
"395","8ab347f8-2ab4-4d68-bbf0-bc026d8bec8e","其他車用電子","41cab158-24db-40b9-90cf-fa859870f165","車用電子","TPE","5288","TPE:5288","4ee0195b-2169-5814-8363-83ab925ace4e","owner-topic-membership-20260824.v1","CORE","APPROVED","structural-role-authority-20260912.v4","2026-08-24","fixtures/research/topic_universe_mapping.v1.csv","structural-role-authority:structural-role-authority-20260912.v4","c35c15911c355766dbaa53e76629ae17c84f8d1bbc98e2053b7e87592c0274bc","PENDING_OWNER_REVIEW","PENDING_OWNER_REVIEW","PENDING_OWNER_REVIEW","NONE_RECOVERED","PENDING_OWNER_REVIEW","NOT_FORMAL_UNTIL_OWNER_APPROVAL","FORMAL_CORE_CANDIDATE_ONLY;NO_D001_INCLUDE_OR_IMPORTANCE_INFERENCE"
"396","8ab347f8-2ab4-4d68-bbf0-bc026d8bec8e","其他車用電子","41cab158-24db-40b9-90cf-fa859870f165","車用電子","TPE","6271","TPE:6271","9c6a0bd6-5807-5466-a3d1-62ed12fcb923","owner-topic-membership-20260824.v1","CORE","APPROVED","structural-role-authority-20260912.v4","2026-08-24","2026_REVISED_MARKET_UPDATE","structural-role-authority:structural-role-authority-20260912.v4","c35c15911c355766dbaa53e76629ae17c84f8d1bbc98e2053b7e87592c0274bc","PENDING_OWNER_REVIEW","PENDING_OWNER_REVIEW","PENDING_OWNER_REVIEW","NONE_RECOVERED","PENDING_OWNER_REVIEW","NOT_FORMAL_UNTIL_OWNER_APPROVAL","FORMAL_CORE_CANDIDATE_ONLY;NO_D001_INCLUDE_OR_IMPORTANCE_INFERENCE"
"397","8ab347f8-2ab4-4d68-bbf0-bc026d8bec8e","其他車用電子","41cab158-24db-40b9-90cf-fa859870f165","車用電子","TPE","6415","TPE:6415","ac901b03-fd0d-5e05-a083-459db19fa48d","owner-topic-membership-20260824.v1","CORE","APPROVED","structural-role-authority-20260912.v4","2026-08-24","2026_REVISED_MARKET_UPDATE","structural-role-authority:structural-role-authority-20260912.v4","c35c15911c355766dbaa53e76629ae17c84f8d1bbc98e2053b7e87592c0274bc","PENDING_OWNER_REVIEW","PENDING_OWNER_REVIEW","PENDING_OWNER_REVIEW","NONE_RECOVERED","PENDING_OWNER_REVIEW","NOT_FORMAL_UNTIL_OWNER_APPROVAL","FORMAL_CORE_CANDIDATE_ONLY;NO_D001_INCLUDE_OR_IMPORTANCE_INFERENCE"
"398","8ab347f8-2ab4-4d68-bbf0-bc026d8bec8e","其他車用電子","41cab158-24db-40b9-90cf-fa859870f165","車用電子","TPE","6605","TPE:6605","ddb50d9f-ba3d-56b3-b6e2-a8c5defb64fd","owner-topic-membership-20260824.v1","CORE","APPROVED","structural-role-authority-20260912.v4","2026-08-24","fixtures/research/topic_universe_mapping.v1.csv","structural-role-authority:structural-role-authority-20260912.v4","c35c15911c355766dbaa53e76629ae17c84f8d1bbc98e2053b7e87592c0274bc","PENDING_OWNER_REVIEW","PENDING_OWNER_REVIEW","PENDING_OWNER_REVIEW","NONE_RECOVERED","PENDING_OWNER_REVIEW","NOT_FORMAL_UNTIL_OWNER_APPROVAL","FORMAL_CORE_CANDIDATE_ONLY;NO_D001_INCLUDE_OR_IMPORTANCE_INFERENCE"
"399","8ab347f8-2ab4-4d68-bbf0-bc026d8bec8e","其他車用電子","41cab158-24db-40b9-90cf-fa859870f165","車用電子","TPE","6742","TPE:6742","5400dadd-07ad-5c9c-8d33-bd883c184da8","owner-topic-membership-20260824.v1","CORE","APPROVED","structural-role-authority-20260912.v4","2026-08-24","fixtures/research/topic_universe_mapping.v1.csv","structural-role-authority:structural-role-authority-20260912.v4","c35c15911c355766dbaa53e76629ae17c84f8d1bbc98e2053b7e87592c0274bc","PENDING_OWNER_REVIEW","PENDING_OWNER_REVIEW","PENDING_OWNER_REVIEW","NONE_RECOVERED","PENDING_OWNER_REVIEW","NOT_FORMAL_UNTIL_OWNER_APPROVAL","FORMAL_CORE_CANDIDATE_ONLY;NO_D001_INCLUDE_OR_IMPORTANCE_INFERENCE"
"400","8ab347f8-2ab4-4d68-bbf0-bc026d8bec8e","其他車用電子","41cab158-24db-40b9-90cf-fa859870f165","車用電子","TPE","6789","TPE:6789","7588d86e-d4ea-5668-9a5a-f3949052d816","owner-topic-membership-20260824.v1","CORE","APPROVED","structural-role-authority-20260912.v4","2026-08-24","fixtures/research/topic_universe_mapping.v1.csv","structural-role-authority:structural-role-authority-20260912.v4","c35c15911c355766dbaa53e76629ae17c84f8d1bbc98e2053b7e87592c0274bc","PENDING_OWNER_REVIEW","PENDING_OWNER_REVIEW","PENDING_OWNER_REVIEW","NONE_RECOVERED","PENDING_OWNER_REVIEW","NOT_FORMAL_UNTIL_OWNER_APPROVAL","FORMAL_CORE_CANDIDATE_ONLY;NO_D001_INCLUDE_OR_IMPORTANCE_INFERENCE"
"401","8ab347f8-2ab4-4d68-bbf0-bc026d8bec8e","其他車用電子","41cab158-24db-40b9-90cf-fa859870f165","車用電子","TPE","6805","TPE:6805","b6f8af7c-7e84-51e1-9a74-ec4933909d0a","owner-topic-membership-20260824.v1","CORE","APPROVED","structural-role-authority-20260912.v4","2026-08-24","fixtures/research/topic_universe_mapping.v1.csv","structural-role-authority:structural-role-authority-20260912.v4","c35c15911c355766dbaa53e76629ae17c84f8d1bbc98e2053b7e87592c0274bc","PENDING_OWNER_REVIEW","PENDING_OWNER_REVIEW","PENDING_OWNER_REVIEW","NONE_RECOVERED","PENDING_OWNER_REVIEW","NOT_FORMAL_UNTIL_OWNER_APPROVAL","FORMAL_CORE_CANDIDATE_ONLY;NO_D001_INCLUDE_OR_IMPORTANCE_INFERENCE"
"402","8ab347f8-2ab4-4d68-bbf0-bc026d8bec8e","其他車用電子","41cab158-24db-40b9-90cf-fa859870f165","車用電子","TWO","3290","TWO:3290","35f07147-fe5b-505f-bc4b-c4dc96f81ddd","owner-topic-membership-20260824.v1","CORE","APPROVED","structural-role-authority-20260912.v4","2026-08-24","fixtures/research/topic_universe_mapping.v1.csv","structural-role-authority:structural-role-authority-20260912.v4","c35c15911c355766dbaa53e76629ae17c84f8d1bbc98e2053b7e87592c0274bc","PENDING_OWNER_REVIEW","PENDING_OWNER_REVIEW","PENDING_OWNER_REVIEW","NONE_RECOVERED","PENDING_OWNER_REVIEW","NOT_FORMAL_UNTIL_OWNER_APPROVAL","FORMAL_CORE_CANDIDATE_ONLY;NO_D001_INCLUDE_OR_IMPORTANCE_INFERENCE"
"403","8ab347f8-2ab4-4d68-bbf0-bc026d8bec8e","其他車用電子","41cab158-24db-40b9-90cf-fa859870f165","車用電子","TWO","3362","TWO:3362","069c4838-7742-59a5-bd98-4a3bfd0cbd01","owner-topic-membership-20260824.v1","CORE","APPROVED","structural-role-authority-20260912.v4","2026-08-24","fixtures/research/topic_universe_mapping.v1.csv","structural-role-authority:structural-role-authority-20260912.v4","c35c15911c355766dbaa53e76629ae17c84f8d1bbc98e2053b7e87592c0274bc","PENDING_OWNER_REVIEW","PENDING_OWNER_REVIEW","PENDING_OWNER_REVIEW","NONE_RECOVERED","PENDING_OWNER_REVIEW","NOT_FORMAL_UNTIL_OWNER_APPROVAL","FORMAL_CORE_CANDIDATE_ONLY;NO_D001_INCLUDE_OR_IMPORTANCE_INFERENCE"
"404","8ab347f8-2ab4-4d68-bbf0-bc026d8bec8e","其他車用電子","41cab158-24db-40b9-90cf-fa859870f165","車用電子","TWO","3675","TWO:3675","69d8bb19-7ac7-50c3-bbe6-b4b1355e4dc1","owner-topic-membership-20260824.v1","CORE","APPROVED","structural-role-authority-20260912.v4","2026-08-24","fixtures/research/topic_universe_mapping.v1.csv","structural-role-authority:structural-role-authority-20260912.v4","c35c15911c355766dbaa53e76629ae17c84f8d1bbc98e2053b7e87592c0274bc","PENDING_OWNER_REVIEW","PENDING_OWNER_REVIEW","PENDING_OWNER_REVIEW","NONE_RECOVERED","PENDING_OWNER_REVIEW","NOT_FORMAL_UNTIL_OWNER_APPROVAL","FORMAL_CORE_CANDIDATE_ONLY;NO_D001_INCLUDE_OR_IMPORTANCE_INFERENCE"
"405","8ab347f8-2ab4-4d68-bbf0-bc026d8bec8e","其他車用電子","41cab158-24db-40b9-90cf-fa859870f165","車用電子","TWO","5425","TWO:5425","c4537187-0265-5feb-b241-a45929605357","owner-topic-membership-20260824.v1","CORE","APPROVED","structural-role-authority-20260912.v4","2026-08-24","fixtures/research/topic_universe_mapping.v1.csv","structural-role-authority:structural-role-authority-20260912.v4","c35c15911c355766dbaa53e76629ae17c84f8d1bbc98e2053b7e87592c0274bc","PENDING_OWNER_REVIEW","PENDING_OWNER_REVIEW","PENDING_OWNER_REVIEW","NONE_RECOVERED","PENDING_OWNER_REVIEW","NOT_FORMAL_UNTIL_OWNER_APPROVAL","FORMAL_CORE_CANDIDATE_ONLY;NO_D001_INCLUDE_OR_IMPORTANCE_INFERENCE"
"406","8ab347f8-2ab4-4d68-bbf0-bc026d8bec8e","其他車用電子","41cab158-24db-40b9-90cf-fa859870f165","車用電子","TWO","5439","TWO:5439","80cc7391-35cf-5bd0-93cc-e52cdbbbff54","owner-topic-membership-20260824.v1","CORE","APPROVED","structural-role-authority-20260912.v4","2026-08-24","fixtures/research/topic_universe_mapping.v1.csv","structural-role-authority:structural-role-authority-20260912.v4","c35c15911c355766dbaa53e76629ae17c84f8d1bbc98e2053b7e87592c0274bc","PENDING_OWNER_REVIEW","PENDING_OWNER_REVIEW","PENDING_OWNER_REVIEW","NONE_RECOVERED","PENDING_OWNER_REVIEW","NOT_FORMAL_UNTIL_OWNER_APPROVAL","FORMAL_CORE_CANDIDATE_ONLY;NO_D001_INCLUDE_OR_IMPORTANCE_INFERENCE"
"407","8ab347f8-2ab4-4d68-bbf0-bc026d8bec8e","其他車用電子","41cab158-24db-40b9-90cf-fa859870f165","車用電子","TWO","6548","TWO:6548","a4547c07-6c7b-59d3-952b-de0f64c303e0","owner-topic-membership-20260824.v1","CORE","APPROVED","structural-role-authority-20260912.v4","2026-08-24","fixtures/research/topic_universe_mapping.v1.csv","structural-role-authority:structural-role-authority-20260912.v4","c35c15911c355766dbaa53e76629ae17c84f8d1bbc98e2053b7e87592c0274bc","PENDING_OWNER_REVIEW","PENDING_OWNER_REVIEW","PENDING_OWNER_REVIEW","NONE_RECOVERED","PENDING_OWNER_REVIEW","NOT_FORMAL_UNTIL_OWNER_APPROVAL","FORMAL_CORE_CANDIDATE_ONLY;NO_D001_INCLUDE_OR_IMPORTANCE_INFERENCE"
"408","7f9e1c82-fc7e-4a6a-a768-526f3e8bb030","其他原物料","81af7f8d-db2a-46cc-814b-18345e8e32bb","傳統產業材料","TPE","1723","TPE:1723","5b77f5a2-470f-5a72-bfdf-0717c5778990","owner-topic-membership-20260824.v1","CORE","APPROVED","structural-role-authority-20260912.v4","2026-08-24","fixtures/research/topic_universe_mapping.v1.csv","structural-role-authority:structural-role-authority-20260912.v4","c35c15911c355766dbaa53e76629ae17c84f8d1bbc98e2053b7e87592c0274bc","PENDING_OWNER_REVIEW","PENDING_OWNER_REVIEW","PENDING_OWNER_REVIEW","NONE_RECOVERED","PENDING_OWNER_REVIEW","NOT_FORMAL_UNTIL_OWNER_APPROVAL","FORMAL_CORE_CANDIDATE_ONLY;NO_D001_INCLUDE_OR_IMPORTANCE_INFERENCE"
"409","7f9e1c82-fc7e-4a6a-a768-526f3e8bb030","其他原物料","81af7f8d-db2a-46cc-814b-18345e8e32bb","傳統產業材料","TPE","1810","TPE:1810","be69ce48-8157-5106-8938-8a24eb360d34","owner-topic-membership-20260824.v1","CORE","APPROVED","structural-role-authority-20260912.v4","2026-08-24","fixtures/research/topic_universe_mapping.v1.csv","structural-role-authority:structural-role-authority-20260912.v4","c35c15911c355766dbaa53e76629ae17c84f8d1bbc98e2053b7e87592c0274bc","PENDING_OWNER_REVIEW","PENDING_OWNER_REVIEW","PENDING_OWNER_REVIEW","NONE_RECOVERED","PENDING_OWNER_REVIEW","NOT_FORMAL_UNTIL_OWNER_APPROVAL","FORMAL_CORE_CANDIDATE_ONLY;NO_D001_INCLUDE_OR_IMPORTANCE_INFERENCE"
"410","0023efd5-2842-4345-bf0b-3c6791da0664","其他能源","f62b81df-1eeb-4218-863e-896244023e28","電力與能源","TPE","1513","TPE:1513","b7310a85-d6f7-5aad-95cf-d844a124a589","owner-topic-membership-20260824.v1","CORE","APPROVED","structural-role-authority-20260912.v4","2026-08-24","2026_REVISED_MARKET_UPDATE","structural-role-authority:structural-role-authority-20260912.v4","c35c15911c355766dbaa53e76629ae17c84f8d1bbc98e2053b7e87592c0274bc","PENDING_OWNER_REVIEW","PENDING_OWNER_REVIEW","PENDING_OWNER_REVIEW","NONE_RECOVERED","PENDING_OWNER_REVIEW","NOT_FORMAL_UNTIL_OWNER_APPROVAL","FORMAL_CORE_CANDIDATE_ONLY;NO_D001_INCLUDE_OR_IMPORTANCE_INFERENCE"
"411","0023efd5-2842-4345-bf0b-3c6791da0664","其他能源","f62b81df-1eeb-4218-863e-896244023e28","電力與能源","TWO","6179","TWO:6179","c031e481-35e8-5d19-986c-3b5cb2341329","owner-topic-membership-20260824.v1","CORE","APPROVED","structural-role-authority-20260912.v4","2026-08-24","2026_REVISED_MARKET_UPDATE","structural-role-authority:structural-role-authority-20260912.v4","c35c15911c355766dbaa53e76629ae17c84f8d1bbc98e2053b7e87592c0274bc","PENDING_OWNER_REVIEW","PENDING_OWNER_REVIEW","PENDING_OWNER_REVIEW","NONE_RECOVERED","PENDING_OWNER_REVIEW","NOT_FORMAL_UNTIL_OWNER_APPROVAL","FORMAL_CORE_CANDIDATE_ONLY;NO_D001_INCLUDE_OR_IMPORTANCE_INFERENCE"
"412","0023efd5-2842-4345-bf0b-3c6791da0664","其他能源","f62b81df-1eeb-4218-863e-896244023e28","電力與能源","TWO","6803","TWO:6803","a0a54690-656c-5b8c-a8f2-1d9c71629482","owner-topic-membership-20260824.v1","CORE","APPROVED","structural-role-authority-20260912.v4","2026-08-24","fixtures/research/topic_universe_mapping.v1.csv","structural-role-authority:structural-role-authority-20260912.v4","c35c15911c355766dbaa53e76629ae17c84f8d1bbc98e2053b7e87592c0274bc","PENDING_OWNER_REVIEW","PENDING_OWNER_REVIEW","PENDING_OWNER_REVIEW","NONE_RECOVERED","PENDING_OWNER_REVIEW","NOT_FORMAL_UNTIL_OWNER_APPROVAL","FORMAL_CORE_CANDIDATE_ONLY;NO_D001_INCLUDE_OR_IMPORTANCE_INFERENCE"
"413","42c9643e-d045-4beb-8582-474a4e47a136","其他國防","a48945bd-b12b-49e6-aecb-7a9acdb570ab","軍工國防","TPE","1342","TPE:1342","0010e7bc-6d73-53a0-b55b-5ca7ddba42f6","owner-topic-membership-20260824.v1","CORE","APPROVED","structural-role-authority-20260912.v4","2026-08-24","2026_REVISED_MARKET_UPDATE","structural-role-authority:structural-role-authority-20260912.v4","c35c15911c355766dbaa53e76629ae17c84f8d1bbc98e2053b7e87592c0274bc","PENDING_OWNER_REVIEW","PENDING_OWNER_REVIEW","PENDING_OWNER_REVIEW","NONE_RECOVERED","PENDING_OWNER_REVIEW","NOT_FORMAL_UNTIL_OWNER_APPROVAL","FORMAL_CORE_CANDIDATE_ONLY;NO_D001_INCLUDE_OR_IMPORTANCE_INFERENCE"
"414","42c9643e-d045-4beb-8582-474a4e47a136","其他國防","a48945bd-b12b-49e6-aecb-7a9acdb570ab","軍工國防","TPE","1474","TPE:1474","dea42921-d253-5d4a-80ec-de766e8b6121","owner-topic-membership-20260824.v1","CORE","APPROVED","structural-role-authority-20260912.v4","2026-08-24","2026_REVISED_MARKET_UPDATE","structural-role-authority:structural-role-authority-20260912.v4","c35c15911c355766dbaa53e76629ae17c84f8d1bbc98e2053b7e87592c0274bc","PENDING_OWNER_REVIEW","PENDING_OWNER_REVIEW","PENDING_OWNER_REVIEW","NONE_RECOVERED","PENDING_OWNER_REVIEW","NOT_FORMAL_UNTIL_OWNER_APPROVAL","FORMAL_CORE_CANDIDATE_ONLY;NO_D001_INCLUDE_OR_IMPORTANCE_INFERENCE"
"415","42c9643e-d045-4beb-8582-474a4e47a136","其他國防","a48945bd-b12b-49e6-aecb-7a9acdb570ab","軍工國防","TPE","1810","TPE:1810","f33d6286-73bc-568c-bdc8-8403ddc3b2f8","owner-topic-membership-20260824.v1","CORE","APPROVED","structural-role-authority-20260912.v4","2026-08-24","2026_REVISED_MARKET_UPDATE","structural-role-authority:structural-role-authority-20260912.v4","c35c15911c355766dbaa53e76629ae17c84f8d1bbc98e2053b7e87592c0274bc","PENDING_OWNER_REVIEW","PENDING_OWNER_REVIEW","PENDING_OWNER_REVIEW","NONE_RECOVERED","PENDING_OWNER_REVIEW","NOT_FORMAL_UNTIL_OWNER_APPROVAL","FORMAL_CORE_CANDIDATE_ONLY;NO_D001_INCLUDE_OR_IMPORTANCE_INFERENCE"
"416","42c9643e-d045-4beb-8582-474a4e47a136","其他國防","a48945bd-b12b-49e6-aecb-7a9acdb570ab","軍工國防","TPE","2630","TPE:2630","4c6fedd3-f350-54b3-8a3b-ce4be2e1933a","owner-topic-membership-20260824.v1","CORE","APPROVED","structural-role-authority-20260912.v4","2026-08-24","fixtures/research/topic_universe_mapping.v1.csv","structural-role-authority:structural-role-authority-20260912.v4","c35c15911c355766dbaa53e76629ae17c84f8d1bbc98e2053b7e87592c0274bc","PENDING_OWNER_REVIEW","PENDING_OWNER_REVIEW","PENDING_OWNER_REVIEW","NONE_RECOVERED","PENDING_OWNER_REVIEW","NOT_FORMAL_UNTIL_OWNER_APPROVAL","FORMAL_CORE_CANDIDATE_ONLY;NO_D001_INCLUDE_OR_IMPORTANCE_INFERENCE"
"417","42c9643e-d045-4beb-8582-474a4e47a136","其他國防","a48945bd-b12b-49e6-aecb-7a9acdb570ab","軍工國防","TPE","3005","TPE:3005","0c1b3b2b-f177-5e92-b675-93f017915722","owner-topic-membership-20260824.v1","CORE","APPROVED","structural-role-authority-20260912.v4","2026-08-24","fixtures/research/topic_universe_mapping.v1.csv","structural-role-authority:structural-role-authority-20260912.v4","c35c15911c355766dbaa53e76629ae17c84f8d1bbc98e2053b7e87592c0274bc","PENDING_OWNER_REVIEW","PENDING_OWNER_REVIEW","PENDING_OWNER_REVIEW","NONE_RECOVERED","PENDING_OWNER_REVIEW","NOT_FORMAL_UNTIL_OWNER_APPROVAL","FORMAL_CORE_CANDIDATE_ONLY;NO_D001_INCLUDE_OR_IMPORTANCE_INFERENCE"
"418","42c9643e-d045-4beb-8582-474a4e47a136","其他國防","a48945bd-b12b-49e6-aecb-7a9acdb570ab","軍工國防","TPE","4916","TPE:4916","e8e7abbf-5c71-5c94-aad2-f3bff520088d","owner-topic-membership-20260824.v1","CORE","APPROVED","structural-role-authority-20260912.v4","2026-08-24","fixtures/research/topic_universe_mapping.v1.csv","structural-role-authority:structural-role-authority-20260912.v4","c35c15911c355766dbaa53e76629ae17c84f8d1bbc98e2053b7e87592c0274bc","PENDING_OWNER_REVIEW","PENDING_OWNER_REVIEW","PENDING_OWNER_REVIEW","NONE_RECOVERED","PENDING_OWNER_REVIEW","NOT_FORMAL_UNTIL_OWNER_APPROVAL","FORMAL_CORE_CANDIDATE_ONLY;NO_D001_INCLUDE_OR_IMPORTANCE_INFERENCE"
"419","42c9643e-d045-4beb-8582-474a4e47a136","其他國防","a48945bd-b12b-49e6-aecb-7a9acdb570ab","軍工國防","TWO","3213","TWO:3213","e452b87d-f6a6-55e1-b688-c85a73d5c22b","owner-topic-membership-20260824.v1","CORE","APPROVED","structural-role-authority-20260912.v4","2026-08-24","fixtures/research/topic_universe_mapping.v1.csv","structural-role-authority:structural-role-authority-20260912.v4","c35c15911c355766dbaa53e76629ae17c84f8d1bbc98e2053b7e87592c0274bc","PENDING_OWNER_REVIEW","PENDING_OWNER_REVIEW","PENDING_OWNER_REVIEW","NONE_RECOVERED","PENDING_OWNER_REVIEW","NOT_FORMAL_UNTIL_OWNER_APPROVAL","FORMAL_CORE_CANDIDATE_ONLY;NO_D001_INCLUDE_OR_IMPORTANCE_INFERENCE"
"420","42c9643e-d045-4beb-8582-474a4e47a136","其他國防","a48945bd-b12b-49e6-aecb-7a9acdb570ab","軍工國防","TWO","6517","TWO:6517","680695d1-e3b9-5e29-ace4-940e75641731","owner-topic-membership-20260824.v1","CORE","APPROVED","structural-role-authority-20260912.v4","2026-08-24","2026_REVISED_MARKET_UPDATE","structural-role-authority:structural-role-authority-20260912.v4","c35c15911c355766dbaa53e76629ae17c84f8d1bbc98e2053b7e87592c0274bc","PENDING_OWNER_REVIEW","PENDING_OWNER_REVIEW","PENDING_OWNER_REVIEW","NONE_RECOVERED","PENDING_OWNER_REVIEW","NOT_FORMAL_UNTIL_OWNER_APPROVAL","FORMAL_CORE_CANDIDATE_ONLY;NO_D001_INCLUDE_OR_IMPORTANCE_INFERENCE"
"421","42c9643e-d045-4beb-8582-474a4e47a136","其他國防","a48945bd-b12b-49e6-aecb-7a9acdb570ab","軍工國防","TWO","7402","TWO:7402","d1500a56-7ce1-5e73-b152-60c7635d70bb","owner-topic-membership-20260824.v1","CORE","APPROVED","structural-role-authority-20260912.v4","2026-08-24","fixtures/research/topic_universe_mapping.v1.csv","structural-role-authority:structural-role-authority-20260912.v4","c35c15911c355766dbaa53e76629ae17c84f8d1bbc98e2053b7e87592c0274bc","PENDING_OWNER_REVIEW","PENDING_OWNER_REVIEW","PENDING_OWNER_REVIEW","NONE_RECOVERED","PENDING_OWNER_REVIEW","NOT_FORMAL_UNTIL_OWNER_APPROVAL","FORMAL_CORE_CANDIDATE_ONLY;NO_D001_INCLUDE_OR_IMPORTANCE_INFERENCE"
"422","7d602095-5f50-4883-b4e3-8002128f4408","其他被動元件","aae91e68-1ace-4106-bd4f-2d2dca0f7af6","被動元件","TPE","2327","TPE:2327","270dc31a-977f-5c10-b07b-a1e2b65eac65","owner-topic-membership-20260824.v1","CORE","APPROVED","structural-role-authority-20260912.v4","2026-08-24","fixtures/research/topic_universe_mapping.v1.csv","structural-role-authority:structural-role-authority-20260912.v4","c35c15911c355766dbaa53e76629ae17c84f8d1bbc98e2053b7e87592c0274bc","PENDING_OWNER_REVIEW","PENDING_OWNER_REVIEW","PENDING_OWNER_REVIEW","NONE_RECOVERED","PENDING_OWNER_REVIEW","NOT_FORMAL_UNTIL_OWNER_APPROVAL","FORMAL_CORE_CANDIDATE_ONLY;NO_D001_INCLUDE_OR_IMPORTANCE_INFERENCE"
"423","7d602095-5f50-4883-b4e3-8002128f4408","其他被動元件","aae91e68-1ace-4106-bd4f-2d2dca0f7af6","被動元件","TPE","2492","TPE:2492","da268c71-3c70-5fcf-b815-913e04b8e51e","owner-topic-membership-20260824.v1","CORE","APPROVED","structural-role-authority-20260912.v4","2026-08-24","fixtures/research/topic_universe_mapping.v1.csv","structural-role-authority:structural-role-authority-20260912.v4","c35c15911c355766dbaa53e76629ae17c84f8d1bbc98e2053b7e87592c0274bc","PENDING_OWNER_REVIEW","PENDING_OWNER_REVIEW","PENDING_OWNER_REVIEW","NONE_RECOVERED","PENDING_OWNER_REVIEW","NOT_FORMAL_UNTIL_OWNER_APPROVAL","FORMAL_CORE_CANDIDATE_ONLY;NO_D001_INCLUDE_OR_IMPORTANCE_INFERENCE"
"424","7d602095-5f50-4883-b4e3-8002128f4408","其他被動元件","aae91e68-1ace-4106-bd4f-2d2dca0f7af6","被動元件","TPE","3090","TPE:3090","8a246d0c-73ec-5e0f-8871-94b4defcc742","owner-topic-membership-20260824.v1","CORE","APPROVED","structural-role-authority-20260912.v4","2026-08-24","fixtures/research/topic_universe_mapping.v1.csv","structural-role-authority:structural-role-authority-20260912.v4","c35c15911c355766dbaa53e76629ae17c84f8d1bbc98e2053b7e87592c0274bc","PENDING_OWNER_REVIEW","PENDING_OWNER_REVIEW","PENDING_OWNER_REVIEW","NONE_RECOVERED","PENDING_OWNER_REVIEW","NOT_FORMAL_UNTIL_OWNER_APPROVAL","FORMAL_CORE_CANDIDATE_ONLY;NO_D001_INCLUDE_OR_IMPORTANCE_INFERENCE"
"425","7d602095-5f50-4883-b4e3-8002128f4408","其他被動元件","aae91e68-1ace-4106-bd4f-2d2dca0f7af6","被動元件","TWO","3357","TWO:3357","a7ed842c-afba-5bc9-9938-fa7b39785b71","owner-topic-membership-20260824.v1","CORE","APPROVED","structural-role-authority-20260912.v4","2026-08-24","fixtures/research/topic_universe_mapping.v1.csv","structural-role-authority:structural-role-authority-20260912.v4","c35c15911c355766dbaa53e76629ae17c84f8d1bbc98e2053b7e87592c0274bc","PENDING_OWNER_REVIEW","PENDING_OWNER_REVIEW","PENDING_OWNER_REVIEW","NONE_RECOVERED","PENDING_OWNER_REVIEW","NOT_FORMAL_UNTIL_OWNER_APPROVAL","FORMAL_CORE_CANDIDATE_ONLY;NO_D001_INCLUDE_OR_IMPORTANCE_INFERENCE"
"426","7d602095-5f50-4883-b4e3-8002128f4408","其他被動元件","aae91e68-1ace-4106-bd4f-2d2dca0f7af6","被動元件","TWO","3624","TWO:3624","b37e5c30-8418-5a4f-9cf5-cf899c550db8","owner-topic-membership-20260824.v1","CORE","APPROVED","structural-role-authority-20260912.v4","2026-08-24","fixtures/research/topic_universe_mapping.v1.csv","structural-role-authority:structural-role-authority-20260912.v4","c35c15911c355766dbaa53e76629ae17c84f8d1bbc98e2053b7e87592c0274bc","PENDING_OWNER_REVIEW","PENDING_OWNER_REVIEW","PENDING_OWNER_REVIEW","NONE_RECOVERED","PENDING_OWNER_REVIEW","NOT_FORMAL_UNTIL_OWNER_APPROVAL","FORMAL_CORE_CANDIDATE_ONLY;NO_D001_INCLUDE_OR_IMPORTANCE_INFERENCE"
"427","7d602095-5f50-4883-b4e3-8002128f4408","其他被動元件","aae91e68-1ace-4106-bd4f-2d2dca0f7af6","被動元件","TWO","6821","TWO:6821","c6676526-8198-5ef3-83a3-a485a2fcbf13","owner-topic-membership-20260824.v1","CORE","APPROVED","structural-role-authority-20260912.v4","2026-08-24","fixtures/research/topic_universe_mapping.v1.csv","structural-role-authority:structural-role-authority-20260912.v4","c35c15911c355766dbaa53e76629ae17c84f8d1bbc98e2053b7e87592c0274bc","PENDING_OWNER_REVIEW","PENDING_OWNER_REVIEW","PENDING_OWNER_REVIEW","NONE_RECOVERED","PENDING_OWNER_REVIEW","NOT_FORMAL_UNTIL_OWNER_APPROVAL","FORMAL_CORE_CANDIDATE_ONLY;NO_D001_INCLUDE_OR_IMPORTANCE_INFERENCE"
"428","21c21155-96b1-4450-8615-e0a9690abc79","其他通訊光電","42130f0e-8be7-4f40-bfb0-5dd3f11980c6","通訊與光電","TWO","5371","TWO:5371","abef55bc-4644-56b2-ad86-16454ad0331e","owner-topic-membership-20260824.v1","CORE","APPROVED","structural-role-authority-20260912.v4","2026-08-24","2026_REVISED_MARKET_UPDATE","structural-role-authority:structural-role-authority-20260912.v4","c35c15911c355766dbaa53e76629ae17c84f8d1bbc98e2053b7e87592c0274bc","PENDING_OWNER_REVIEW","PENDING_OWNER_REVIEW","PENDING_OWNER_REVIEW","NONE_RECOVERED","PENDING_OWNER_REVIEW","NOT_FORMAL_UNTIL_OWNER_APPROVAL","FORMAL_CORE_CANDIDATE_ONLY;NO_D001_INCLUDE_OR_IMPORTANCE_INFERENCE"
"429","9b368d0e-b073-4b24-9021-d5538144fde1","其他熱管理","7c5cc252-19b3-411f-8faf-a483664f24c0","熱管理","TPE","2474","TPE:2474","1f5d0852-6c96-56f7-a0ea-1edb7e24e320","owner-topic-membership-20260824.v1","CORE","APPROVED","structural-role-authority-20260912.v4","2026-08-24","2026_NEW_TOPIC_ADDITION","structural-role-authority:structural-role-authority-20260912.v4","c35c15911c355766dbaa53e76629ae17c84f8d1bbc98e2053b7e87592c0274bc","PENDING_OWNER_REVIEW","PENDING_OWNER_REVIEW","PENDING_OWNER_REVIEW","NONE_RECOVERED","PENDING_OWNER_REVIEW","NOT_FORMAL_UNTIL_OWNER_APPROVAL","FORMAL_CORE_CANDIDATE_ONLY;NO_D001_INCLUDE_OR_IMPORTANCE_INFERENCE"
"430","beef79f4-38c3-4b77-8903-a52edf9aef7f","固態電容","aae91e68-1ace-4106-bd4f-2d2dca0f7af6","被動元件","TPE","2472","TPE:2472","00af72bb-c60d-52a9-a756-470609faea4d","owner-topic-membership-20260824.v1","CORE","APPROVED","structural-role-authority-20260912.v4","2026-08-24","fixtures/research/topic_universe_mapping.v1.csv","structural-role-authority:structural-role-authority-20260912.v4","c35c15911c355766dbaa53e76629ae17c84f8d1bbc98e2053b7e87592c0274bc","PENDING_OWNER_REVIEW","PENDING_OWNER_REVIEW","PENDING_OWNER_REVIEW","NONE_RECOVERED","PENDING_OWNER_REVIEW","NOT_FORMAL_UNTIL_OWNER_APPROVAL","FORMAL_CORE_CANDIDATE_ONLY;NO_D001_INCLUDE_OR_IMPORTANCE_INFERENCE"
"431","beef79f4-38c3-4b77-8903-a52edf9aef7f","固態電容","aae91e68-1ace-4106-bd4f-2d2dca0f7af6","被動元件","TWO","8042","TWO:8042","74417f08-2176-55e9-ad97-6d28dd1d69f6","owner-topic-membership-20260824.v1","CORE","APPROVED","structural-role-authority-20260912.v4","2026-08-24","fixtures/research/topic_universe_mapping.v1.csv","structural-role-authority:structural-role-authority-20260912.v4","c35c15911c355766dbaa53e76629ae17c84f8d1bbc98e2053b7e87592c0274bc","PENDING_OWNER_REVIEW","PENDING_OWNER_REVIEW","PENDING_OWNER_REVIEW","NONE_RECOVERED","PENDING_OWNER_REVIEW","NOT_FORMAL_UNTIL_OWNER_APPROVAL","FORMAL_CORE_CANDIDATE_ONLY;NO_D001_INCLUDE_OR_IMPORTANCE_INFERENCE"
"432","8cb24438-0a99-4dae-92c1-e309ed090e13","矽光子","42130f0e-8be7-4f40-bfb0-5dd3f11980c6","通訊與光電","TPE","2455","TPE:2455","0dd5e2d7-468e-51be-83d3-052a290dbb0c","owner-topic-membership-20260824.v1","CORE","APPROVED","structural-role-authority-20260912.v4","2026-08-24","2026_NEW_TOPIC_ADDITION","structural-role-authority:structural-role-authority-20260912.v4","c35c15911c355766dbaa53e76629ae17c84f8d1bbc98e2053b7e87592c0274bc","PENDING_OWNER_REVIEW","PENDING_OWNER_REVIEW","PENDING_OWNER_REVIEW","NONE_RECOVERED","PENDING_OWNER_REVIEW","NOT_FORMAL_UNTIL_OWNER_APPROVAL","FORMAL_CORE_CANDIDATE_ONLY;NO_D001_INCLUDE_OR_IMPORTANCE_INFERENCE"
"433","8cb24438-0a99-4dae-92c1-e309ed090e13","矽光子","42130f0e-8be7-4f40-bfb0-5dd3f11980c6","通訊與光電","TPE","6426","TPE:6426","a3d8d09f-a264-5a2a-b09e-b449777c0a98","owner-topic-membership-20260824.v1","CORE","APPROVED","structural-role-authority-20260912.v4","2026-08-24","fixtures/research/topic_universe_mapping.v1.csv","structural-role-authority:structural-role-authority-20260912.v4","c35c15911c355766dbaa53e76629ae17c84f8d1bbc98e2053b7e87592c0274bc","PENDING_OWNER_REVIEW","PENDING_OWNER_REVIEW","PENDING_OWNER_REVIEW","NONE_RECOVERED","PENDING_OWNER_REVIEW","NOT_FORMAL_UNTIL_OWNER_APPROVAL","FORMAL_CORE_CANDIDATE_ONLY;NO_D001_INCLUDE_OR_IMPORTANCE_INFERENCE"
"434","8cb24438-0a99-4dae-92c1-e309ed090e13","矽光子","42130f0e-8be7-4f40-bfb0-5dd3f11980c6","通訊與光電","TWO","3234","TWO:3234","10953b37-fc60-5a3d-8704-0fa94c720a3b","owner-topic-membership-20260824.v1","CORE","APPROVED","structural-role-authority-20260912.v4","2026-08-24","2026_REVISED_MARKET_UPDATE","structural-role-authority:structural-role-authority-20260912.v4","c35c15911c355766dbaa53e76629ae17c84f8d1bbc98e2053b7e87592c0274bc","PENDING_OWNER_REVIEW","PENDING_OWNER_REVIEW","PENDING_OWNER_REVIEW","NONE_RECOVERED","PENDING_OWNER_REVIEW","NOT_FORMAL_UNTIL_OWNER_APPROVAL","FORMAL_CORE_CANDIDATE_ONLY;NO_D001_INCLUDE_OR_IMPORTANCE_INFERENCE"
"435","8cb24438-0a99-4dae-92c1-e309ed090e13","矽光子","42130f0e-8be7-4f40-bfb0-5dd3f11980c6","通訊與光電","TWO","3339","TWO:3339","609f70af-4996-55ef-9f8a-f9bfed8cd3ec","owner-topic-membership-20260824.v1","CORE","APPROVED","structural-role-authority-20260912.v4","2026-08-24","fixtures/research/topic_universe_mapping.v1.csv","structural-role-authority:structural-role-authority-20260912.v4","c35c15911c355766dbaa53e76629ae17c84f8d1bbc98e2053b7e87592c0274bc","PENDING_OWNER_REVIEW","PENDING_OWNER_REVIEW","PENDING_OWNER_REVIEW","NONE_RECOVERED","PENDING_OWNER_REVIEW","NOT_FORMAL_UNTIL_OWNER_APPROVAL","FORMAL_CORE_CANDIDATE_ONLY;NO_D001_INCLUDE_OR_IMPORTANCE_INFERENCE"
"436","8cb24438-0a99-4dae-92c1-e309ed090e13","矽光子","42130f0e-8be7-4f40-bfb0-5dd3f11980c6","通訊與光電","TWO","8111","TWO:8111","db8017da-cb17-5b85-98a2-04172f961722","owner-topic-membership-20260824.v1","CORE","APPROVED","structural-role-authority-20260912.v4","2026-08-24","fixtures/research/topic_universe_mapping.v1.csv","structural-role-authority:structural-role-authority-20260912.v4","c35c15911c355766dbaa53e76629ae17c84f8d1bbc98e2053b7e87592c0274bc","PENDING_OWNER_REVIEW","PENDING_OWNER_REVIEW","PENDING_OWNER_REVIEW","NONE_RECOVERED","PENDING_OWNER_REVIEW","NOT_FORMAL_UNTIL_OWNER_APPROVAL","FORMAL_CORE_CANDIDATE_ONLY;NO_D001_INCLUDE_OR_IMPORTANCE_INFERENCE"
"437","7ea456bc-9b1c-4134-a8b8-bc6f3f811d81","保護元件","f2150da0-01ac-48e1-8179-3e61742ea2a5","功率半導體","TPE","2478","TPE:2478","a3ca9e16-6eb5-57cf-8d29-b0e003771d44","owner-topic-membership-20260824.v1","CORE","APPROVED","structural-role-authority-20260912.v4","2026-08-24","fixtures/research/topic_universe_mapping.v1.csv","structural-role-authority:structural-role-authority-20260912.v4","c35c15911c355766dbaa53e76629ae17c84f8d1bbc98e2053b7e87592c0274bc","PENDING_OWNER_REVIEW","PENDING_OWNER_REVIEW","PENDING_OWNER_REVIEW","NONE_RECOVERED","PENDING_OWNER_REVIEW","NOT_FORMAL_UNTIL_OWNER_APPROVAL","FORMAL_CORE_CANDIDATE_ONLY;NO_D001_INCLUDE_OR_IMPORTANCE_INFERENCE"
"438","7ea456bc-9b1c-4134-a8b8-bc6f3f811d81","保護元件","f2150da0-01ac-48e1-8179-3e61742ea2a5","功率半導體","TPE","7788","TPE:7788","2d6a8128-269d-5ec3-8439-2a38aeaa3100","owner-topic-membership-20260824.v1","CORE","APPROVED","structural-role-authority-20260912.v4","2026-08-24","fixtures/research/topic_universe_mapping.v1.csv","structural-role-authority:structural-role-authority-20260912.v4","c35c15911c355766dbaa53e76629ae17c84f8d1bbc98e2053b7e87592c0274bc","PENDING_OWNER_REVIEW","PENDING_OWNER_REVIEW","PENDING_OWNER_REVIEW","NONE_RECOVERED","PENDING_OWNER_REVIEW","NOT_FORMAL_UNTIL_OWNER_APPROVAL","FORMAL_CORE_CANDIDATE_ONLY;NO_D001_INCLUDE_OR_IMPORTANCE_INFERENCE"
"439","7ea456bc-9b1c-4134-a8b8-bc6f3f811d81","保護元件","f2150da0-01ac-48e1-8179-3e61742ea2a5","功率半導體","TWO","6127","TWO:6127","6570ba81-a230-538d-b4ad-85f655a42c24","owner-topic-membership-20260824.v1","CORE","APPROVED","structural-role-authority-20260912.v4","2026-08-24","2026_NEW_TOPIC_ADDITION","structural-role-authority:structural-role-authority-20260912.v4","c35c15911c355766dbaa53e76629ae17c84f8d1bbc98e2053b7e87592c0274bc","PENDING_OWNER_REVIEW","PENDING_OWNER_REVIEW","PENDING_OWNER_REVIEW","NONE_RECOVERED","PENDING_OWNER_REVIEW","NOT_FORMAL_UNTIL_OWNER_APPROVAL","FORMAL_CORE_CANDIDATE_ONLY;NO_D001_INCLUDE_OR_IMPORTANCE_INFERENCE"
"440","7ea456bc-9b1c-4134-a8b8-bc6f3f811d81","保護元件","f2150da0-01ac-48e1-8179-3e61742ea2a5","功率半導體","TWO","6642","TWO:6642","a080b62b-7e56-5cb0-9777-5c43513b216d","owner-topic-membership-20260824.v1","CORE","APPROVED","structural-role-authority-20260912.v4","2026-08-24","fixtures/research/topic_universe_mapping.v1.csv","structural-role-authority:structural-role-authority-20260912.v4","c35c15911c355766dbaa53e76629ae17c84f8d1bbc98e2053b7e87592c0274bc","PENDING_OWNER_REVIEW","PENDING_OWNER_REVIEW","PENDING_OWNER_REVIEW","NONE_RECOVERED","PENDING_OWNER_REVIEW","NOT_FORMAL_UNTIL_OWNER_APPROVAL","FORMAL_CORE_CANDIDATE_ONLY;NO_D001_INCLUDE_OR_IMPORTANCE_INFERENCE"
"441","f3894dfc-4ebd-4bf2-8e36-fb5c78dcb046","玻璃基板","71802589-42ed-49ed-a3db-d1d498177099","半導體設備與權值","TPE","1568","TPE:1568","e22e15bb-5a7c-5d02-9f1f-1b559bd0e06c","owner-topic-membership-20260824.v1","CORE","APPROVED","structural-role-authority-20260912.v4","2026-08-24","2026_REVISED_MARKET_UPDATE","structural-role-authority:structural-role-authority-20260912.v4","c35c15911c355766dbaa53e76629ae17c84f8d1bbc98e2053b7e87592c0274bc","PENDING_OWNER_REVIEW","PENDING_OWNER_REVIEW","PENDING_OWNER_REVIEW","NONE_RECOVERED","PENDING_OWNER_REVIEW","NOT_FORMAL_UNTIL_OWNER_APPROVAL","FORMAL_CORE_CANDIDATE_ONLY;NO_D001_INCLUDE_OR_IMPORTANCE_INFERENCE"
"442","f3894dfc-4ebd-4bf2-8e36-fb5c78dcb046","玻璃基板","71802589-42ed-49ed-a3db-d1d498177099","半導體設備與權值","TPE","1802","TPE:1802","f4e27647-3e6f-5eef-bcfa-917f022f2769","owner-topic-membership-20260824.v1","CORE","APPROVED","structural-role-authority-20260912.v4","2026-08-24","2026_REVISED_MARKET_UPDATE","structural-role-authority:structural-role-authority-20260912.v4","c35c15911c355766dbaa53e76629ae17c84f8d1bbc98e2053b7e87592c0274bc","PENDING_OWNER_REVIEW","PENDING_OWNER_REVIEW","PENDING_OWNER_REVIEW","NONE_RECOVERED","PENDING_OWNER_REVIEW","NOT_FORMAL_UNTIL_OWNER_APPROVAL","FORMAL_CORE_CANDIDATE_ONLY;NO_D001_INCLUDE_OR_IMPORTANCE_INFERENCE"
"443","f3894dfc-4ebd-4bf2-8e36-fb5c78dcb046","玻璃基板","71802589-42ed-49ed-a3db-d1d498177099","半導體設備與權值","TPE","2464","TPE:2464","fa810564-11bb-59d6-8b59-de1402c7d6d9","owner-topic-membership-20260824.v1","CORE","APPROVED","structural-role-authority-20260912.v4","2026-08-24","2026_REVISED_MARKET_UPDATE","structural-role-authority:structural-role-authority-20260912.v4","c35c15911c355766dbaa53e76629ae17c84f8d1bbc98e2053b7e87592c0274bc","PENDING_OWNER_REVIEW","PENDING_OWNER_REVIEW","PENDING_OWNER_REVIEW","NONE_RECOVERED","PENDING_OWNER_REVIEW","NOT_FORMAL_UNTIL_OWNER_APPROVAL","FORMAL_CORE_CANDIDATE_ONLY;NO_D001_INCLUDE_OR_IMPORTANCE_INFERENCE"
"444","f3894dfc-4ebd-4bf2-8e36-fb5c78dcb046","玻璃基板","71802589-42ed-49ed-a3db-d1d498177099","半導體設備與權值","TPE","3149","TPE:3149","369f4528-895f-5363-9523-70333e3e17d6","owner-topic-membership-20260824.v1","CORE","APPROVED","structural-role-authority-20260912.v4","2026-08-24","2026_NEW_TOPIC_ADDITION","structural-role-authority:structural-role-authority-20260912.v4","c35c15911c355766dbaa53e76629ae17c84f8d1bbc98e2053b7e87592c0274bc","PENDING_OWNER_REVIEW","PENDING_OWNER_REVIEW","PENDING_OWNER_REVIEW","NONE_RECOVERED","PENDING_OWNER_REVIEW","NOT_FORMAL_UNTIL_OWNER_APPROVAL","FORMAL_CORE_CANDIDATE_ONLY;NO_D001_INCLUDE_OR_IMPORTANCE_INFERENCE"
"445","f3894dfc-4ebd-4bf2-8e36-fb5c78dcb046","玻璃基板","71802589-42ed-49ed-a3db-d1d498177099","半導體設備與權值","TPE","3583","TPE:3583","08b781bf-313f-5949-bd87-bbd1fac04a7f","owner-topic-membership-20260824.v1","CORE","APPROVED","structural-role-authority-20260912.v4","2026-08-24","2026_NEW_TOPIC_ADDITION","structural-role-authority:structural-role-authority-20260912.v4","c35c15911c355766dbaa53e76629ae17c84f8d1bbc98e2053b7e87592c0274bc","PENDING_OWNER_REVIEW","PENDING_OWNER_REVIEW","PENDING_OWNER_REVIEW","NONE_RECOVERED","PENDING_OWNER_REVIEW","NOT_FORMAL_UNTIL_OWNER_APPROVAL","FORMAL_CORE_CANDIDATE_ONLY;NO_D001_INCLUDE_OR_IMPORTANCE_INFERENCE"
"446","f3894dfc-4ebd-4bf2-8e36-fb5c78dcb046","玻璃基板","71802589-42ed-49ed-a3db-d1d498177099","半導體設備與權值","TPE","3711","TPE:3711","1a4f5455-09b0-5909-83a3-26ccc90b5520","owner-topic-membership-20260824.v1","CORE","APPROVED","structural-role-authority-20260912.v4","2026-08-24","2026_NEW_TOPIC_ADDITION","structural-role-authority:structural-role-authority-20260912.v4","c35c15911c355766dbaa53e76629ae17c84f8d1bbc98e2053b7e87592c0274bc","PENDING_OWNER_REVIEW","PENDING_OWNER_REVIEW","PENDING_OWNER_REVIEW","NONE_RECOVERED","PENDING_OWNER_REVIEW","NOT_FORMAL_UNTIL_OWNER_APPROVAL","FORMAL_CORE_CANDIDATE_ONLY;NO_D001_INCLUDE_OR_IMPORTANCE_INFERENCE"
"447","f3894dfc-4ebd-4bf2-8e36-fb5c78dcb046","玻璃基板","71802589-42ed-49ed-a3db-d1d498177099","半導體設備與權值","TPE","6405","TPE:6405","2d7e024e-abb7-5cc2-8b07-68df77869975","owner-topic-membership-20260824.v1","CORE","APPROVED","structural-role-authority-20260912.v4","2026-08-24","fixtures/research/topic_universe_mapping.v1.csv","structural-role-authority:structural-role-authority-20260912.v4","c35c15911c355766dbaa53e76629ae17c84f8d1bbc98e2053b7e87592c0274bc","PENDING_OWNER_REVIEW","PENDING_OWNER_REVIEW","PENDING_OWNER_REVIEW","NONE_RECOVERED","PENDING_OWNER_REVIEW","NOT_FORMAL_UNTIL_OWNER_APPROVAL","FORMAL_CORE_CANDIDATE_ONLY;NO_D001_INCLUDE_OR_IMPORTANCE_INFERENCE"
"448","f3894dfc-4ebd-4bf2-8e36-fb5c78dcb046","玻璃基板","71802589-42ed-49ed-a3db-d1d498177099","半導體設備與權值","TWO","6207","TWO:6207","8d900cbd-98d4-5764-b324-174f535520c4","owner-topic-membership-20260824.v1","CORE","APPROVED","structural-role-authority-20260912.v4","2026-08-24","fixtures/research/topic_universe_mapping.v1.csv","structural-role-authority:structural-role-authority-20260912.v4","c35c15911c355766dbaa53e76629ae17c84f8d1bbc98e2053b7e87592c0274bc","PENDING_OWNER_REVIEW","PENDING_OWNER_REVIEW","PENDING_OWNER_REVIEW","NONE_RECOVERED","PENDING_OWNER_REVIEW","NOT_FORMAL_UNTIL_OWNER_APPROVAL","FORMAL_CORE_CANDIDATE_ONLY;NO_D001_INCLUDE_OR_IMPORTANCE_INFERENCE"
"449","f3894dfc-4ebd-4bf2-8e36-fb5c78dcb046","玻璃基板","71802589-42ed-49ed-a3db-d1d498177099","半導體設備與權值","TWO","8064","TWO:8064","3429bc07-1eeb-5420-877c-28cf1aff98be","owner-topic-membership-20260824.v1","CORE","APPROVED","structural-role-authority-20260912.v4","2026-08-24","2026_REVISED_MARKET_UPDATE","structural-role-authority:structural-role-authority-20260912.v4","c35c15911c355766dbaa53e76629ae17c84f8d1bbc98e2053b7e87592c0274bc","PENDING_OWNER_REVIEW","PENDING_OWNER_REVIEW","PENDING_OWNER_REVIEW","NONE_RECOVERED","PENDING_OWNER_REVIEW","NOT_FORMAL_UNTIL_OWNER_APPROVAL","FORMAL_CORE_CANDIDATE_ONLY;NO_D001_INCLUDE_OR_IMPORTANCE_INFERENCE"
"450","98c92dc1-dabd-427c-b3b8-5b98a47e1f97","玻纖布","3155541d-614f-41b0-aeac-3f79c9efab65","PCB供應鏈","TPE","1802","TPE:1802","b552c043-9885-5d97-9bc3-5050793607d5","owner-topic-membership-20260824.v1","CORE","APPROVED","structural-role-authority-20260912.v4","2026-08-24","2026_REVISED_MARKET_UPDATE","structural-role-authority:structural-role-authority-20260912.v4","c35c15911c355766dbaa53e76629ae17c84f8d1bbc98e2053b7e87592c0274bc","PENDING_OWNER_REVIEW","PENDING_OWNER_REVIEW","PENDING_OWNER_REVIEW","NONE_RECOVERED","PENDING_OWNER_REVIEW","NOT_FORMAL_UNTIL_OWNER_APPROVAL","FORMAL_CORE_CANDIDATE_ONLY;NO_D001_INCLUDE_OR_IMPORTANCE_INFERENCE"
"451","98c92dc1-dabd-427c-b3b8-5b98a47e1f97","玻纖布","3155541d-614f-41b0-aeac-3f79c9efab65","PCB供應鏈","TWO","1815","TWO:1815","d12fc298-2edb-5cbe-802d-1ac5afd21874","owner-topic-membership-20260824.v1","CORE","APPROVED","structural-role-authority-20260912.v4","2026-08-24","fixtures/research/topic_universe_mapping.v1.csv","structural-role-authority:structural-role-authority-20260912.v4","c35c15911c355766dbaa53e76629ae17c84f8d1bbc98e2053b7e87592c0274bc","PENDING_OWNER_REVIEW","PENDING_OWNER_REVIEW","PENDING_OWNER_REVIEW","NONE_RECOVERED","PENDING_OWNER_REVIEW","NOT_FORMAL_UNTIL_OWNER_APPROVAL","FORMAL_CORE_CANDIDATE_ONLY;NO_D001_INCLUDE_OR_IMPORTANCE_INFERENCE"
"452","e8142235-9fca-410a-a5c7-d8cdeb932e94","軍工船舶","a48945bd-b12b-49e6-aecb-7a9acdb570ab","軍工國防","TPE","2634","TPE:2634","7bf5830b-8d6c-5bd3-9aae-f88d23274c55","owner-topic-membership-20260824.v1","CORE","APPROVED","structural-role-authority-20260912.v4","2026-08-24","fixtures/research/topic_universe_mapping.v1.csv","structural-role-authority:structural-role-authority-20260912.v4","c35c15911c355766dbaa53e76629ae17c84f8d1bbc98e2053b7e87592c0274bc","PENDING_OWNER_REVIEW","PENDING_OWNER_REVIEW","PENDING_OWNER_REVIEW","NONE_RECOVERED","PENDING_OWNER_REVIEW","NOT_FORMAL_UNTIL_OWNER_APPROVAL","FORMAL_CORE_CANDIDATE_ONLY;NO_D001_INCLUDE_OR_IMPORTANCE_INFERENCE"
"453","e8142235-9fca-410a-a5c7-d8cdeb932e94","軍工船舶","a48945bd-b12b-49e6-aecb-7a9acdb570ab","軍工國防","TWO","6829","TWO:6829","e1283c47-fbf4-5cde-a651-1ae7c67d329a","owner-topic-membership-20260824.v1","CORE","APPROVED","structural-role-authority-20260912.v4","2026-08-24","2026_NEW_TOPIC_ADDITION","structural-role-authority:structural-role-authority-20260912.v4","c35c15911c355766dbaa53e76629ae17c84f8d1bbc98e2053b7e87592c0274bc","PENDING_OWNER_REVIEW","PENDING_OWNER_REVIEW","PENDING_OWNER_REVIEW","NONE_RECOVERED","PENDING_OWNER_REVIEW","NOT_FORMAL_UNTIL_OWNER_APPROVAL","FORMAL_CORE_CANDIDATE_ONLY;NO_D001_INCLUDE_OR_IMPORTANCE_INFERENCE"
"454","080467ca-6de4-4841-b8d7-37fcb0faee0d","重電","f62b81df-1eeb-4218-863e-896244023e28","電力與能源","TPE","1503","TPE:1503","a334f681-87c5-5231-a85a-e7fb9d08940b","owner-topic-membership-20260824.v1","CORE","APPROVED","structural-role-authority-20260912.v4","2026-08-24","fixtures/research/topic_universe_mapping.v1.csv","structural-role-authority:structural-role-authority-20260912.v4","c35c15911c355766dbaa53e76629ae17c84f8d1bbc98e2053b7e87592c0274bc","PENDING_OWNER_REVIEW","PENDING_OWNER_REVIEW","PENDING_OWNER_REVIEW","NONE_RECOVERED","PENDING_OWNER_REVIEW","NOT_FORMAL_UNTIL_OWNER_APPROVAL","FORMAL_CORE_CANDIDATE_ONLY;NO_D001_INCLUDE_OR_IMPORTANCE_INFERENCE"
"455","080467ca-6de4-4841-b8d7-37fcb0faee0d","重電","f62b81df-1eeb-4218-863e-896244023e28","電力與能源","TPE","1504","TPE:1504","6300040e-c0d0-57c6-a847-500f0f75f168","owner-topic-membership-20260824.v1","CORE","APPROVED","structural-role-authority-20260912.v4","2026-08-24","fixtures/research/topic_universe_mapping.v1.csv","structural-role-authority:structural-role-authority-20260912.v4","c35c15911c355766dbaa53e76629ae17c84f8d1bbc98e2053b7e87592c0274bc","PENDING_OWNER_REVIEW","PENDING_OWNER_REVIEW","PENDING_OWNER_REVIEW","NONE_RECOVERED","PENDING_OWNER_REVIEW","NOT_FORMAL_UNTIL_OWNER_APPROVAL","FORMAL_CORE_CANDIDATE_ONLY;NO_D001_INCLUDE_OR_IMPORTANCE_INFERENCE"
"456","080467ca-6de4-4841-b8d7-37fcb0faee0d","重電","f62b81df-1eeb-4218-863e-896244023e28","電力與能源","TPE","1514","TPE:1514","23da8064-a5a4-57d9-a16d-1dff02c38d14","owner-topic-membership-20260824.v1","CORE","APPROVED","structural-role-authority-20260912.v4","2026-08-24","fixtures/research/topic_universe_mapping.v1.csv","structural-role-authority:structural-role-authority-20260912.v4","c35c15911c355766dbaa53e76629ae17c84f8d1bbc98e2053b7e87592c0274bc","PENDING_OWNER_REVIEW","PENDING_OWNER_REVIEW","PENDING_OWNER_REVIEW","NONE_RECOVERED","PENDING_OWNER_REVIEW","NOT_FORMAL_UNTIL_OWNER_APPROVAL","FORMAL_CORE_CANDIDATE_ONLY;NO_D001_INCLUDE_OR_IMPORTANCE_INFERENCE"
"457","080467ca-6de4-4841-b8d7-37fcb0faee0d","重電","f62b81df-1eeb-4218-863e-896244023e28","電力與能源","TPE","1605","TPE:1605","85be9b73-54eb-5e64-a377-62625c63dc8a","owner-topic-membership-20260824.v1","CORE","APPROVED","structural-role-authority-20260912.v4","2026-08-24","2026_REVISED_MARKET_UPDATE","structural-role-authority:structural-role-authority-20260912.v4","c35c15911c355766dbaa53e76629ae17c84f8d1bbc98e2053b7e87592c0274bc","PENDING_OWNER_REVIEW","PENDING_OWNER_REVIEW","PENDING_OWNER_REVIEW","NONE_RECOVERED","PENDING_OWNER_REVIEW","NOT_FORMAL_UNTIL_OWNER_APPROVAL","FORMAL_CORE_CANDIDATE_ONLY;NO_D001_INCLUDE_OR_IMPORTANCE_INFERENCE"
"458","080467ca-6de4-4841-b8d7-37fcb0faee0d","重電","f62b81df-1eeb-4218-863e-896244023e28","電力與能源","TPE","1609","TPE:1609","5d7802c5-ae77-5fb5-b1aa-a42208e077b3","owner-topic-membership-20260824.v1","CORE","APPROVED","structural-role-authority-20260912.v4","2026-08-24","2026_REVISED_MARKET_UPDATE","structural-role-authority:structural-role-authority-20260912.v4","c35c15911c355766dbaa53e76629ae17c84f8d1bbc98e2053b7e87592c0274bc","PENDING_OWNER_REVIEW","PENDING_OWNER_REVIEW","PENDING_OWNER_REVIEW","NONE_RECOVERED","PENDING_OWNER_REVIEW","NOT_FORMAL_UNTIL_OWNER_APPROVAL","FORMAL_CORE_CANDIDATE_ONLY;NO_D001_INCLUDE_OR_IMPORTANCE_INFERENCE"
"459","080467ca-6de4-4841-b8d7-37fcb0faee0d","重電","f62b81df-1eeb-4218-863e-896244023e28","電力與能源","TPE","2371","TPE:2371","3a383a2d-7095-5b0b-9db8-7c71d4f2a758","owner-topic-membership-20260824.v1","CORE","APPROVED","structural-role-authority-20260912.v4","2026-08-24","2026_REVISED_MARKET_UPDATE","structural-role-authority:structural-role-authority-20260912.v4","c35c15911c355766dbaa53e76629ae17c84f8d1bbc98e2053b7e87592c0274bc","PENDING_OWNER_REVIEW","PENDING_OWNER_REVIEW","PENDING_OWNER_REVIEW","NONE_RECOVERED","PENDING_OWNER_REVIEW","NOT_FORMAL_UNTIL_OWNER_APPROVAL","FORMAL_CORE_CANDIDATE_ONLY;NO_D001_INCLUDE_OR_IMPORTANCE_INFERENCE"
"460","2bec1566-6351-44ff-8074-c844ccf7dbee","風冷散熱","7c5cc252-19b3-411f-8faf-a483664f24c0","熱管理","TPE","1504","TPE:1504","848e8f64-30b6-553c-b625-f7bfacaf33b7","owner-topic-membership-20260824.v1","CORE","APPROVED","structural-role-authority-20260912.v4","2026-08-24","2026_NEW_TOPIC_ADDITION","structural-role-authority:structural-role-authority-20260912.v4","c35c15911c355766dbaa53e76629ae17c84f8d1bbc98e2053b7e87592c0274bc","PENDING_OWNER_REVIEW","PENDING_OWNER_REVIEW","PENDING_OWNER_REVIEW","NONE_RECOVERED","PENDING_OWNER_REVIEW","NOT_FORMAL_UNTIL_OWNER_APPROVAL","FORMAL_CORE_CANDIDATE_ONLY;NO_D001_INCLUDE_OR_IMPORTANCE_INFERENCE"
"461","2bec1566-6351-44ff-8074-c844ccf7dbee","風冷散熱","7c5cc252-19b3-411f-8faf-a483664f24c0","熱管理","TPE","2301","TPE:2301","4532621a-aee3-567a-a89d-05b983520c2d","owner-topic-membership-20260824.v1","CORE","APPROVED","structural-role-authority-20260912.v4","2026-08-24","2026_REVISED_MARKET_UPDATE","structural-role-authority:structural-role-authority-20260912.v4","c35c15911c355766dbaa53e76629ae17c84f8d1bbc98e2053b7e87592c0274bc","PENDING_OWNER_REVIEW","PENDING_OWNER_REVIEW","PENDING_OWNER_REVIEW","NONE_RECOVERED","PENDING_OWNER_REVIEW","NOT_FORMAL_UNTIL_OWNER_APPROVAL","FORMAL_CORE_CANDIDATE_ONLY;NO_D001_INCLUDE_OR_IMPORTANCE_INFERENCE"
"462","2bec1566-6351-44ff-8074-c844ccf7dbee","風冷散熱","7c5cc252-19b3-411f-8faf-a483664f24c0","熱管理","TPE","2317","TPE:2317","201d69bb-4493-5ba3-b774-68bf1b38d229","owner-topic-membership-20260824.v1","CORE","APPROVED","structural-role-authority-20260912.v4","2026-08-24","2026_NEW_TOPIC_ADDITION","structural-role-authority:structural-role-authority-20260912.v4","c35c15911c355766dbaa53e76629ae17c84f8d1bbc98e2053b7e87592c0274bc","PENDING_OWNER_REVIEW","PENDING_OWNER_REVIEW","PENDING_OWNER_REVIEW","NONE_RECOVERED","PENDING_OWNER_REVIEW","NOT_FORMAL_UNTIL_OWNER_APPROVAL","FORMAL_CORE_CANDIDATE_ONLY;NO_D001_INCLUDE_OR_IMPORTANCE_INFERENCE"
"463","2bec1566-6351-44ff-8074-c844ccf7dbee","風冷散熱","7c5cc252-19b3-411f-8faf-a483664f24c0","熱管理","TPE","2377","TPE:2377","f2189588-00c2-5348-a164-4794f4e2380e","owner-topic-membership-20260824.v1","CORE","APPROVED","structural-role-authority-20260912.v4","2026-08-24","2026_NEW_TOPIC_ADDITION","structural-role-authority:structural-role-authority-20260912.v4","c35c15911c355766dbaa53e76629ae17c84f8d1bbc98e2053b7e87592c0274bc","PENDING_OWNER_REVIEW","PENDING_OWNER_REVIEW","PENDING_OWNER_REVIEW","NONE_RECOVERED","PENDING_OWNER_REVIEW","NOT_FORMAL_UNTIL_OWNER_APPROVAL","FORMAL_CORE_CANDIDATE_ONLY;NO_D001_INCLUDE_OR_IMPORTANCE_INFERENCE"
"464","2bec1566-6351-44ff-8074-c844ccf7dbee","風冷散熱","7c5cc252-19b3-411f-8faf-a483664f24c0","熱管理","TPE","3013","TPE:3013","55d1b044-2148-5209-9272-7c1bdf1d945b","owner-topic-membership-20260824.v1","CORE","APPROVED","structural-role-authority-20260912.v4","2026-08-24","2026_NEW_TOPIC_ADDITION","structural-role-authority:structural-role-authority-20260912.v4","c35c15911c355766dbaa53e76629ae17c84f8d1bbc98e2053b7e87592c0274bc","PENDING_OWNER_REVIEW","PENDING_OWNER_REVIEW","PENDING_OWNER_REVIEW","NONE_RECOVERED","PENDING_OWNER_REVIEW","NOT_FORMAL_UNTIL_OWNER_APPROVAL","FORMAL_CORE_CANDIDATE_ONLY;NO_D001_INCLUDE_OR_IMPORTANCE_INFERENCE"
"465","2bec1566-6351-44ff-8074-c844ccf7dbee","風冷散熱","7c5cc252-19b3-411f-8faf-a483664f24c0","熱管理","TPE","3338","TPE:3338","bf073bd3-9c86-5b17-9210-94a2d4d4dc26","owner-topic-membership-20260824.v1","CORE","APPROVED","structural-role-authority-20260912.v4","2026-08-24","fixtures/research/topic_universe_mapping.v1.csv","structural-role-authority:structural-role-authority-20260912.v4","c35c15911c355766dbaa53e76629ae17c84f8d1bbc98e2053b7e87592c0274bc","PENDING_OWNER_REVIEW","PENDING_OWNER_REVIEW","PENDING_OWNER_REVIEW","NONE_RECOVERED","PENDING_OWNER_REVIEW","NOT_FORMAL_UNTIL_OWNER_APPROVAL","FORMAL_CORE_CANDIDATE_ONLY;NO_D001_INCLUDE_OR_IMPORTANCE_INFERENCE"
"466","2bec1566-6351-44ff-8074-c844ccf7dbee","風冷散熱","7c5cc252-19b3-411f-8faf-a483664f24c0","熱管理","TPE","6591","TPE:6591","e1e4a5d3-4437-59f6-8d38-e5aae366c897","owner-topic-membership-20260824.v1","CORE","APPROVED","structural-role-authority-20260912.v4","2026-08-24","fixtures/research/topic_universe_mapping.v1.csv","structural-role-authority:structural-role-authority-20260912.v4","c35c15911c355766dbaa53e76629ae17c84f8d1bbc98e2053b7e87592c0274bc","PENDING_OWNER_REVIEW","PENDING_OWNER_REVIEW","PENDING_OWNER_REVIEW","NONE_RECOVERED","PENDING_OWNER_REVIEW","NOT_FORMAL_UNTIL_OWNER_APPROVAL","FORMAL_CORE_CANDIDATE_ONLY;NO_D001_INCLUDE_OR_IMPORTANCE_INFERENCE"
"467","2bec1566-6351-44ff-8074-c844ccf7dbee","風冷散熱","7c5cc252-19b3-411f-8faf-a483664f24c0","熱管理","TPE","6831","TPE:6831","1066722e-62eb-5fab-857b-a69d8194ee9c","owner-topic-membership-20260824.v1","CORE","APPROVED","structural-role-authority-20260912.v4","2026-08-24","fixtures/research/topic_universe_mapping.v1.csv","structural-role-authority:structural-role-authority-20260912.v4","c35c15911c355766dbaa53e76629ae17c84f8d1bbc98e2053b7e87592c0274bc","PENDING_OWNER_REVIEW","PENDING_OWNER_REVIEW","PENDING_OWNER_REVIEW","NONE_RECOVERED","PENDING_OWNER_REVIEW","NOT_FORMAL_UNTIL_OWNER_APPROVAL","FORMAL_CORE_CANDIDATE_ONLY;NO_D001_INCLUDE_OR_IMPORTANCE_INFERENCE"
"468","2bec1566-6351-44ff-8074-c844ccf7dbee","風冷散熱","7c5cc252-19b3-411f-8faf-a483664f24c0","熱管理","TWO","3071","TWO:3071","b962c044-a82c-534d-86a4-2b704fe58164","owner-topic-membership-20260824.v1","CORE","APPROVED","structural-role-authority-20260912.v4","2026-08-24","fixtures/research/topic_universe_mapping.v1.csv","structural-role-authority:structural-role-authority-20260912.v4","c35c15911c355766dbaa53e76629ae17c84f8d1bbc98e2053b7e87592c0274bc","PENDING_OWNER_REVIEW","PENDING_OWNER_REVIEW","PENDING_OWNER_REVIEW","NONE_RECOVERED","PENDING_OWNER_REVIEW","NOT_FORMAL_UNTIL_OWNER_APPROVAL","FORMAL_CORE_CANDIDATE_ONLY;NO_D001_INCLUDE_OR_IMPORTANCE_INFERENCE"
"469","2bec1566-6351-44ff-8074-c844ccf7dbee","風冷散熱","7c5cc252-19b3-411f-8faf-a483664f24c0","熱管理","TWO","3483","TWO:3483","3818eeba-1809-596f-a137-ff85283c5f9d","owner-topic-membership-20260824.v1","CORE","APPROVED","structural-role-authority-20260912.v4","2026-08-24","2026_REVISED_MARKET_UPDATE","structural-role-authority:structural-role-authority-20260912.v4","c35c15911c355766dbaa53e76629ae17c84f8d1bbc98e2053b7e87592c0274bc","PENDING_OWNER_REVIEW","PENDING_OWNER_REVIEW","PENDING_OWNER_REVIEW","NONE_RECOVERED","PENDING_OWNER_REVIEW","NOT_FORMAL_UNTIL_OWNER_APPROVAL","FORMAL_CORE_CANDIDATE_ONLY;NO_D001_INCLUDE_OR_IMPORTANCE_INFERENCE"
"470","2bec1566-6351-44ff-8074-c844ccf7dbee","風冷散熱","7c5cc252-19b3-411f-8faf-a483664f24c0","熱管理","TWO","6275","TWO:6275","1fbf06ec-2a08-5e38-849c-9dd614b058ed","owner-topic-membership-20260824.v1","CORE","APPROVED","structural-role-authority-20260912.v4","2026-08-24","fixtures/research/topic_universe_mapping.v1.csv","structural-role-authority:structural-role-authority-20260912.v4","c35c15911c355766dbaa53e76629ae17c84f8d1bbc98e2053b7e87592c0274bc","PENDING_OWNER_REVIEW","PENDING_OWNER_REVIEW","PENDING_OWNER_REVIEW","NONE_RECOVERED","PENDING_OWNER_REVIEW","NOT_FORMAL_UNTIL_OWNER_APPROVAL","FORMAL_CORE_CANDIDATE_ONLY;NO_D001_INCLUDE_OR_IMPORTANCE_INFERENCE"
"471","513e58ef-6527-407d-aa1e-4396f56bd41f","特用與精密線束","021b0ca0-cb50-489a-b97b-d4b10ad1d08f","電子連接","TPE","3665","TPE:3665","893f60e7-d7ff-5bc2-807d-3e95f9480ee9","owner-topic-membership-20260824.v1","CORE","APPROVED","structural-role-authority-20260912.v4","2026-08-24","2026_NEW_TOPIC_ADDITION","structural-role-authority:structural-role-authority-20260912.v4","c35c15911c355766dbaa53e76629ae17c84f8d1bbc98e2053b7e87592c0274bc","PENDING_OWNER_REVIEW","PENDING_OWNER_REVIEW","PENDING_OWNER_REVIEW","NONE_RECOVERED","PENDING_OWNER_REVIEW","NOT_FORMAL_UNTIL_OWNER_APPROVAL","FORMAL_CORE_CANDIDATE_ONLY;NO_D001_INCLUDE_OR_IMPORTANCE_INFERENCE"
"472","cb72fab9-92dc-4c66-b97b-d5b00be9bf48","特殊製程","f2f5fc2e-d926-4987-81ef-e00a7bbeb1cb","半導體製造","TPE","2303","TPE:2303","a9d00fce-d255-573c-85d2-b7226cb55f42","owner-topic-membership-20260824.v1","CORE","APPROVED","structural-role-authority-20260912.v4","2026-08-24","2026_REVISED_MARKET_UPDATE","structural-role-authority:structural-role-authority-20260912.v4","c35c15911c355766dbaa53e76629ae17c84f8d1bbc98e2053b7e87592c0274bc","PENDING_OWNER_REVIEW","PENDING_OWNER_REVIEW","PENDING_OWNER_REVIEW","NONE_RECOVERED","PENDING_OWNER_REVIEW","NOT_FORMAL_UNTIL_OWNER_APPROVAL","FORMAL_CORE_CANDIDATE_ONLY;NO_D001_INCLUDE_OR_IMPORTANCE_INFERENCE"
"473","cb72fab9-92dc-4c66-b97b-d5b00be9bf48","特殊製程","f2f5fc2e-d926-4987-81ef-e00a7bbeb1cb","半導體製造","TPE","6770","TPE:6770","0657189a-fcf2-5912-8e21-4c067b4d37c6","owner-topic-membership-20260824.v1","CORE","APPROVED","structural-role-authority-20260912.v4","2026-08-24","fixtures/research/topic_universe_mapping.v1.csv","structural-role-authority:structural-role-authority-20260912.v4","c35c15911c355766dbaa53e76629ae17c84f8d1bbc98e2053b7e87592c0274bc","PENDING_OWNER_REVIEW","PENDING_OWNER_REVIEW","PENDING_OWNER_REVIEW","NONE_RECOVERED","PENDING_OWNER_REVIEW","NOT_FORMAL_UNTIL_OWNER_APPROVAL","FORMAL_CORE_CANDIDATE_ONLY;NO_D001_INCLUDE_OR_IMPORTANCE_INFERENCE"
"474","69dcb1f2-c6ee-49f5-9aac-1e73d6436e0e","特殊鋼／高性能合金","81af7f8d-db2a-46cc-814b-18345e8e32bb","傳統產業材料","TPE","2002","TPE:2002","a6ebc277-0a9d-525e-9f6d-8a8bafaacc21","owner-topic-membership-20260824.v1","CORE","APPROVED","structural-role-authority-20260912.v4","2026-08-24","2026_REVISED_MARKET_UPDATE","structural-role-authority:structural-role-authority-20260912.v4","c35c15911c355766dbaa53e76629ae17c84f8d1bbc98e2053b7e87592c0274bc","PENDING_OWNER_REVIEW","PENDING_OWNER_REVIEW","PENDING_OWNER_REVIEW","NONE_RECOVERED","PENDING_OWNER_REVIEW","NOT_FORMAL_UNTIL_OWNER_APPROVAL","FORMAL_CORE_CANDIDATE_ONLY;NO_D001_INCLUDE_OR_IMPORTANCE_INFERENCE"
"475","69dcb1f2-c6ee-49f5-9aac-1e73d6436e0e","特殊鋼／高性能合金","81af7f8d-db2a-46cc-814b-18345e8e32bb","傳統產業材料","TPE","3004","TPE:3004","470c57e2-483a-53ef-8c52-4d9b68bc9303","owner-topic-membership-20260824.v1","CORE","APPROVED","structural-role-authority-20260912.v4","2026-08-24","fixtures/research/topic_universe_mapping.v1.csv","structural-role-authority:structural-role-authority-20260912.v4","c35c15911c355766dbaa53e76629ae17c84f8d1bbc98e2053b7e87592c0274bc","PENDING_OWNER_REVIEW","PENDING_OWNER_REVIEW","PENDING_OWNER_REVIEW","NONE_RECOVERED","PENDING_OWNER_REVIEW","NOT_FORMAL_UNTIL_OWNER_APPROVAL","FORMAL_CORE_CANDIDATE_ONLY;NO_D001_INCLUDE_OR_IMPORTANCE_INFERENCE"
"476","bdc0c3bf-529c-4e5a-a753-223ee0f86415","紡織","81af7f8d-db2a-46cc-814b-18345e8e32bb","傳統產業材料","TPE","1342","TPE:1342","3168119b-aa6a-5f96-a7da-a60fc8d83915","owner-topic-membership-20260824.v1","CORE","APPROVED","structural-role-authority-20260912.v4","2026-08-24","fixtures/research/topic_universe_mapping.v1.csv","structural-role-authority:structural-role-authority-20260912.v4","c35c15911c355766dbaa53e76629ae17c84f8d1bbc98e2053b7e87592c0274bc","PENDING_OWNER_REVIEW","PENDING_OWNER_REVIEW","PENDING_OWNER_REVIEW","NONE_RECOVERED","PENDING_OWNER_REVIEW","NOT_FORMAL_UNTIL_OWNER_APPROVAL","FORMAL_CORE_CANDIDATE_ONLY;NO_D001_INCLUDE_OR_IMPORTANCE_INFERENCE"
"477","bdc0c3bf-529c-4e5a-a753-223ee0f86415","紡織","81af7f8d-db2a-46cc-814b-18345e8e32bb","傳統產業材料","TPE","1474","TPE:1474","f6e35f0b-9116-5ca4-b926-6352796d50d7","owner-topic-membership-20260824.v1","CORE","APPROVED","structural-role-authority-20260912.v4","2026-08-24","fixtures/research/topic_universe_mapping.v1.csv","structural-role-authority:structural-role-authority-20260912.v4","c35c15911c355766dbaa53e76629ae17c84f8d1bbc98e2053b7e87592c0274bc","PENDING_OWNER_REVIEW","PENDING_OWNER_REVIEW","PENDING_OWNER_REVIEW","NONE_RECOVERED","PENDING_OWNER_REVIEW","NOT_FORMAL_UNTIL_OWNER_APPROVAL","FORMAL_CORE_CANDIDATE_ONLY;NO_D001_INCLUDE_OR_IMPORTANCE_INFERENCE"
"478","4136333b-7960-47b7-ad10-7aac2cdd84e1","航太零組件","a48945bd-b12b-49e6-aecb-7a9acdb570ab","軍工國防","TPE","1342","TPE:1342","e54fa98e-a9e2-5747-8ff7-2dd30234f15b","owner-topic-membership-20260824.v1","CORE","APPROVED","structural-role-authority-20260912.v4","2026-08-24","2026_REVISED_MARKET_UPDATE","structural-role-authority:structural-role-authority-20260912.v4","c35c15911c355766dbaa53e76629ae17c84f8d1bbc98e2053b7e87592c0274bc","PENDING_OWNER_REVIEW","PENDING_OWNER_REVIEW","PENDING_OWNER_REVIEW","NONE_RECOVERED","PENDING_OWNER_REVIEW","NOT_FORMAL_UNTIL_OWNER_APPROVAL","FORMAL_CORE_CANDIDATE_ONLY;NO_D001_INCLUDE_OR_IMPORTANCE_INFERENCE"
"479","4136333b-7960-47b7-ad10-7aac2cdd84e1","航太零組件","a48945bd-b12b-49e6-aecb-7a9acdb570ab","軍工國防","TPE","1568","TPE:1568","13ea925a-5ffe-50df-9305-2c4d3e787e12","owner-topic-membership-20260824.v1","CORE","APPROVED","structural-role-authority-20260912.v4","2026-08-24","2026_REVISED_MARKET_UPDATE","structural-role-authority:structural-role-authority-20260912.v4","c35c15911c355766dbaa53e76629ae17c84f8d1bbc98e2053b7e87592c0274bc","PENDING_OWNER_REVIEW","PENDING_OWNER_REVIEW","PENDING_OWNER_REVIEW","NONE_RECOVERED","PENDING_OWNER_REVIEW","NOT_FORMAL_UNTIL_OWNER_APPROVAL","FORMAL_CORE_CANDIDATE_ONLY;NO_D001_INCLUDE_OR_IMPORTANCE_INFERENCE"
"480","4136333b-7960-47b7-ad10-7aac2cdd84e1","航太零組件","a48945bd-b12b-49e6-aecb-7a9acdb570ab","軍工國防","TPE","2630","TPE:2630","7805443d-8f72-5192-a9d5-53086b1b44e9","owner-topic-membership-20260824.v1","CORE","APPROVED","structural-role-authority-20260912.v4","2026-08-24","fixtures/research/topic_universe_mapping.v1.csv","structural-role-authority:structural-role-authority-20260912.v4","c35c15911c355766dbaa53e76629ae17c84f8d1bbc98e2053b7e87592c0274bc","PENDING_OWNER_REVIEW","PENDING_OWNER_REVIEW","PENDING_OWNER_REVIEW","NONE_RECOVERED","PENDING_OWNER_REVIEW","NOT_FORMAL_UNTIL_OWNER_APPROVAL","FORMAL_CORE_CANDIDATE_ONLY;NO_D001_INCLUDE_OR_IMPORTANCE_INFERENCE"
"481","4136333b-7960-47b7-ad10-7aac2cdd84e1","航太零組件","a48945bd-b12b-49e6-aecb-7a9acdb570ab","軍工國防","TPE","2645","TPE:2645","a5579d6c-b5e2-5ba9-9937-9248f4da4041","owner-topic-membership-20260824.v1","CORE","APPROVED","structural-role-authority-20260912.v4","2026-08-24","2026_REVISED_MARKET_UPDATE","structural-role-authority:structural-role-authority-20260912.v4","c35c15911c355766dbaa53e76629ae17c84f8d1bbc98e2053b7e87592c0274bc","PENDING_OWNER_REVIEW","PENDING_OWNER_REVIEW","PENDING_OWNER_REVIEW","NONE_RECOVERED","PENDING_OWNER_REVIEW","NOT_FORMAL_UNTIL_OWNER_APPROVAL","FORMAL_CORE_CANDIDATE_ONLY;NO_D001_INCLUDE_OR_IMPORTANCE_INFERENCE"
"482","4136333b-7960-47b7-ad10-7aac2cdd84e1","航太零組件","a48945bd-b12b-49e6-aecb-7a9acdb570ab","軍工國防","TPE","3004","TPE:3004","ec47f287-039a-54c2-84fa-3270e13e4f75","owner-topic-membership-20260824.v1","CORE","APPROVED","structural-role-authority-20260912.v4","2026-08-24","fixtures/research/topic_universe_mapping.v1.csv","structural-role-authority:structural-role-authority-20260912.v4","c35c15911c355766dbaa53e76629ae17c84f8d1bbc98e2053b7e87592c0274bc","PENDING_OWNER_REVIEW","PENDING_OWNER_REVIEW","PENDING_OWNER_REVIEW","NONE_RECOVERED","PENDING_OWNER_REVIEW","NOT_FORMAL_UNTIL_OWNER_APPROVAL","FORMAL_CORE_CANDIDATE_ONLY;NO_D001_INCLUDE_OR_IMPORTANCE_INFERENCE"
"483","4136333b-7960-47b7-ad10-7aac2cdd84e1","航太零組件","a48945bd-b12b-49e6-aecb-7a9acdb570ab","軍工國防","TPE","4572","TPE:4572","03e96a16-654e-559b-b899-0a242af87623","owner-topic-membership-20260824.v1","CORE","APPROVED","structural-role-authority-20260912.v4","2026-08-24","fixtures/research/topic_universe_mapping.v1.csv","structural-role-authority:structural-role-authority-20260912.v4","c35c15911c355766dbaa53e76629ae17c84f8d1bbc98e2053b7e87592c0274bc","PENDING_OWNER_REVIEW","PENDING_OWNER_REVIEW","PENDING_OWNER_REVIEW","NONE_RECOVERED","PENDING_OWNER_REVIEW","NOT_FORMAL_UNTIL_OWNER_APPROVAL","FORMAL_CORE_CANDIDATE_ONLY;NO_D001_INCLUDE_OR_IMPORTANCE_INFERENCE"
"484","4136333b-7960-47b7-ad10-7aac2cdd84e1","航太零組件","a48945bd-b12b-49e6-aecb-7a9acdb570ab","軍工國防","TPE","6753","TPE:6753","3b26703e-412d-5366-8431-fb7d07692264","owner-topic-membership-20260824.v1","CORE","APPROVED","structural-role-authority-20260912.v4","2026-08-24","fixtures/research/topic_universe_mapping.v1.csv","structural-role-authority:structural-role-authority-20260912.v4","c35c15911c355766dbaa53e76629ae17c84f8d1bbc98e2053b7e87592c0274bc","PENDING_OWNER_REVIEW","PENDING_OWNER_REVIEW","PENDING_OWNER_REVIEW","NONE_RECOVERED","PENDING_OWNER_REVIEW","NOT_FORMAL_UNTIL_OWNER_APPROVAL","FORMAL_CORE_CANDIDATE_ONLY;NO_D001_INCLUDE_OR_IMPORTANCE_INFERENCE"
"485","4136333b-7960-47b7-ad10-7aac2cdd84e1","航太零組件","a48945bd-b12b-49e6-aecb-7a9acdb570ab","軍工國防","TPE","8222","TPE:8222","b10f57b5-1f6d-5010-9704-9edf41b2bcad","owner-topic-membership-20260824.v1","CORE","APPROVED","structural-role-authority-20260912.v4","2026-08-24","fixtures/research/topic_universe_mapping.v1.csv","structural-role-authority:structural-role-authority-20260912.v4","c35c15911c355766dbaa53e76629ae17c84f8d1bbc98e2053b7e87592c0274bc","PENDING_OWNER_REVIEW","PENDING_OWNER_REVIEW","PENDING_OWNER_REVIEW","NONE_RECOVERED","PENDING_OWNER_REVIEW","NOT_FORMAL_UNTIL_OWNER_APPROVAL","FORMAL_CORE_CANDIDATE_ONLY;NO_D001_INCLUDE_OR_IMPORTANCE_INFERENCE"
"486","4136333b-7960-47b7-ad10-7aac2cdd84e1","航太零組件","a48945bd-b12b-49e6-aecb-7a9acdb570ab","軍工國防","TWO","1584","TWO:1584","a573bdd4-e506-5e54-81be-02ae6a63b6e8","owner-topic-membership-20260824.v1","CORE","APPROVED","structural-role-authority-20260912.v4","2026-08-24","2026_REVISED_MARKET_UPDATE","structural-role-authority:structural-role-authority-20260912.v4","c35c15911c355766dbaa53e76629ae17c84f8d1bbc98e2053b7e87592c0274bc","PENDING_OWNER_REVIEW","PENDING_OWNER_REVIEW","PENDING_OWNER_REVIEW","NONE_RECOVERED","PENDING_OWNER_REVIEW","NOT_FORMAL_UNTIL_OWNER_APPROVAL","FORMAL_CORE_CANDIDATE_ONLY;NO_D001_INCLUDE_OR_IMPORTANCE_INFERENCE"
"487","4136333b-7960-47b7-ad10-7aac2cdd84e1","航太零組件","a48945bd-b12b-49e6-aecb-7a9acdb570ab","軍工國防","TWO","4541","TWO:4541","a1d8ab8d-a23d-5994-956e-cde098ce24d6","owner-topic-membership-20260824.v1","CORE","APPROVED","structural-role-authority-20260912.v4","2026-08-24","2026_REVISED_MARKET_UPDATE","structural-role-authority:structural-role-authority-20260912.v4","c35c15911c355766dbaa53e76629ae17c84f8d1bbc98e2053b7e87592c0274bc","PENDING_OWNER_REVIEW","PENDING_OWNER_REVIEW","PENDING_OWNER_REVIEW","NONE_RECOVERED","PENDING_OWNER_REVIEW","NOT_FORMAL_UNTIL_OWNER_APPROVAL","FORMAL_CORE_CANDIDATE_ONLY;NO_D001_INCLUDE_OR_IMPORTANCE_INFERENCE"
"488","4136333b-7960-47b7-ad10-7aac2cdd84e1","航太零組件","a48945bd-b12b-49e6-aecb-7a9acdb570ab","軍工國防","TWO","7709","TWO:7709","048e3461-97a0-5613-8f57-661f7df250df","owner-topic-membership-20260824.v1","CORE","APPROVED","structural-role-authority-20260912.v4","2026-08-24","2026_REVISED_MARKET_UPDATE","structural-role-authority:structural-role-authority-20260912.v4","c35c15911c355766dbaa53e76629ae17c84f8d1bbc98e2053b7e87592c0274bc","PENDING_OWNER_REVIEW","PENDING_OWNER_REVIEW","PENDING_OWNER_REVIEW","NONE_RECOVERED","PENDING_OWNER_REVIEW","NOT_FORMAL_UNTIL_OWNER_APPROVAL","FORMAL_CORE_CANDIDATE_ONLY;NO_D001_INCLUDE_OR_IMPORTANCE_INFERENCE"
"489","41c9d8a8-0c37-532d-80aa-407db57cfd60","航空客貨運","ef74f98d-8a9e-5af3-9195-f77ae6143041","全球物流與運輸基建","TPE","2610","TPE:2610","87ee93fc-d241-5697-b97f-e432f774f92b","owner-topic-membership-20260824.v1","CORE","APPROVED","structural-role-authority-20260912.v4","2026-08-24","2026_REVISED_MARKET_UPDATE","structural-role-authority:structural-role-authority-20260912.v4","c35c15911c355766dbaa53e76629ae17c84f8d1bbc98e2053b7e87592c0274bc","PENDING_OWNER_REVIEW","PENDING_OWNER_REVIEW","PENDING_OWNER_REVIEW","NONE_RECOVERED","PENDING_OWNER_REVIEW","NOT_FORMAL_UNTIL_OWNER_APPROVAL","FORMAL_CORE_CANDIDATE_ONLY;NO_D001_INCLUDE_OR_IMPORTANCE_INFERENCE"
"490","41c9d8a8-0c37-532d-80aa-407db57cfd60","航空客貨運","ef74f98d-8a9e-5af3-9195-f77ae6143041","全球物流與運輸基建","TPE","2646","TPE:2646","6934c38a-301e-59c8-a073-b73b2873bc35","owner-topic-membership-20260824.v1","CORE","APPROVED","structural-role-authority-20260912.v4","2026-08-24","2026_NEW_TOPIC_ADDITION","structural-role-authority:structural-role-authority-20260912.v4","c35c15911c355766dbaa53e76629ae17c84f8d1bbc98e2053b7e87592c0274bc","PENDING_OWNER_REVIEW","PENDING_OWNER_REVIEW","PENDING_OWNER_REVIEW","NONE_RECOVERED","PENDING_OWNER_REVIEW","NOT_FORMAL_UNTIL_OWNER_APPROVAL","FORMAL_CORE_CANDIDATE_ONLY;NO_D001_INCLUDE_OR_IMPORTANCE_INFERENCE"
"491","41c9d8a8-0c37-532d-80aa-407db57cfd60","航空客貨運","ef74f98d-8a9e-5af3-9195-f77ae6143041","全球物流與運輸基建","TPE","6757","TPE:6757","e34ce817-0ddc-54ef-b6a6-daea11c46b4f","owner-topic-membership-20260824.v1","CORE","APPROVED","structural-role-authority-20260912.v4","2026-08-24","2026_NEW_TOPIC_ADDITION","structural-role-authority:structural-role-authority-20260912.v4","c35c15911c355766dbaa53e76629ae17c84f8d1bbc98e2053b7e87592c0274bc","PENDING_OWNER_REVIEW","PENDING_OWNER_REVIEW","PENDING_OWNER_REVIEW","NONE_RECOVERED","PENDING_OWNER_REVIEW","NOT_FORMAL_UNTIL_OWNER_APPROVAL","FORMAL_CORE_CANDIDATE_ONLY;NO_D001_INCLUDE_OR_IMPORTANCE_INFERENCE"
"492","ac718902-0001-447c-8ff2-984635ad9953","記憶體製程","f2f5fc2e-d926-4987-81ef-e00a7bbeb1cb","半導體製造","TPE","2344","TPE:2344","b10513d0-49e7-5ef3-b675-3e18edd8523c","owner-topic-membership-20260824.v1","CORE","APPROVED","structural-role-authority-20260912.v4","2026-08-24","2026_NEW_TOPIC_ADDITION","structural-role-authority:structural-role-authority-20260912.v4","c35c15911c355766dbaa53e76629ae17c84f8d1bbc98e2053b7e87592c0274bc","PENDING_OWNER_REVIEW","PENDING_OWNER_REVIEW","PENDING_OWNER_REVIEW","NONE_RECOVERED","PENDING_OWNER_REVIEW","NOT_FORMAL_UNTIL_OWNER_APPROVAL","FORMAL_CORE_CANDIDATE_ONLY;NO_D001_INCLUDE_OR_IMPORTANCE_INFERENCE"
"493","494d35ed-39fa-4523-b46a-f2b54d5ac37c","記憶體模組／通路","3736a2be-f5f7-437f-b5ae-5d24d6ecca30","記憶體","TPE","2451","TPE:2451","c2af2ca1-8e4e-50c3-90e1-b3f351af2e9e","owner-topic-membership-20260824.v1","CORE","APPROVED","structural-role-authority-20260912.v4","2026-08-24","fixtures/research/topic_universe_mapping.v1.csv","structural-role-authority:structural-role-authority-20260912.v4","c35c15911c355766dbaa53e76629ae17c84f8d1bbc98e2053b7e87592c0274bc","PENDING_OWNER_REVIEW","PENDING_OWNER_REVIEW","PENDING_OWNER_REVIEW","NONE_RECOVERED","PENDING_OWNER_REVIEW","NOT_FORMAL_UNTIL_OWNER_APPROVAL","FORMAL_CORE_CANDIDATE_ONLY;NO_D001_INCLUDE_OR_IMPORTANCE_INFERENCE"
"494","494d35ed-39fa-4523-b46a-f2b54d5ac37c","記憶體模組／通路","3736a2be-f5f7-437f-b5ae-5d24d6ecca30","記憶體","TPE","3044","TPE:3044","4f6a87a7-6cf8-503d-b269-8d33287df2db","owner-topic-membership-20260824.v1","CORE","APPROVED","structural-role-authority-20260912.v4","2026-08-24","fixtures/research/topic_universe_mapping.v1.csv","structural-role-authority:structural-role-authority-20260912.v4","c35c15911c355766dbaa53e76629ae17c84f8d1bbc98e2053b7e87592c0274bc","PENDING_OWNER_REVIEW","PENDING_OWNER_REVIEW","PENDING_OWNER_REVIEW","NONE_RECOVERED","PENDING_OWNER_REVIEW","NOT_FORMAL_UNTIL_OWNER_APPROVAL","FORMAL_CORE_CANDIDATE_ONLY;NO_D001_INCLUDE_OR_IMPORTANCE_INFERENCE"
"495","494d35ed-39fa-4523-b46a-f2b54d5ac37c","記憶體模組／通路","3736a2be-f5f7-437f-b5ae-5d24d6ecca30","記憶體","TPE","4967","TPE:4967","a561791c-f07e-5273-a049-f2c9c7a85de1","owner-topic-membership-20260824.v1","CORE","APPROVED","structural-role-authority-20260912.v4","2026-08-24","fixtures/research/topic_universe_mapping.v1.csv","structural-role-authority:structural-role-authority-20260912.v4","c35c15911c355766dbaa53e76629ae17c84f8d1bbc98e2053b7e87592c0274bc","PENDING_OWNER_REVIEW","PENDING_OWNER_REVIEW","PENDING_OWNER_REVIEW","NONE_RECOVERED","PENDING_OWNER_REVIEW","NOT_FORMAL_UNTIL_OWNER_APPROVAL","FORMAL_CORE_CANDIDATE_ONLY;NO_D001_INCLUDE_OR_IMPORTANCE_INFERENCE"
"496","494d35ed-39fa-4523-b46a-f2b54d5ac37c","記憶體模組／通路","3736a2be-f5f7-437f-b5ae-5d24d6ecca30","記憶體","TPE","8271","TPE:8271","6cb88d87-c024-5d67-bd8a-37d61175d841","owner-topic-membership-20260824.v1","CORE","APPROVED","structural-role-authority-20260912.v4","2026-08-24","fixtures/research/topic_universe_mapping.v1.csv","structural-role-authority:structural-role-authority-20260912.v4","c35c15911c355766dbaa53e76629ae17c84f8d1bbc98e2053b7e87592c0274bc","PENDING_OWNER_REVIEW","PENDING_OWNER_REVIEW","PENDING_OWNER_REVIEW","NONE_RECOVERED","PENDING_OWNER_REVIEW","NOT_FORMAL_UNTIL_OWNER_APPROVAL","FORMAL_CORE_CANDIDATE_ONLY;NO_D001_INCLUDE_OR_IMPORTANCE_INFERENCE"
"497","494d35ed-39fa-4523-b46a-f2b54d5ac37c","記憶體模組／通路","3736a2be-f5f7-437f-b5ae-5d24d6ecca30","記憶體","TWO","8088","TWO:8088","0a7ede0b-1f27-5b69-9c75-0dd088baed53","owner-topic-membership-20260824.v1","CORE","APPROVED","structural-role-authority-20260912.v4","2026-08-24","fixtures/research/topic_universe_mapping.v1.csv","structural-role-authority:structural-role-authority-20260912.v4","c35c15911c355766dbaa53e76629ae17c84f8d1bbc98e2053b7e87592c0274bc","PENDING_OWNER_REVIEW","PENDING_OWNER_REVIEW","PENDING_OWNER_REVIEW","NONE_RECOVERED","PENDING_OWNER_REVIEW","NOT_FORMAL_UNTIL_OWNER_APPROVAL","FORMAL_CORE_CANDIDATE_ONLY;NO_D001_INCLUDE_OR_IMPORTANCE_INFERENCE"
"498","494d35ed-39fa-4523-b46a-f2b54d5ac37c","記憶體模組／通路","3736a2be-f5f7-437f-b5ae-5d24d6ecca30","記憶體","TWO","8096","TWO:8096","0ad53ff5-1831-5199-ba9e-b0661c4c3abc","owner-topic-membership-20260824.v1","CORE","APPROVED","structural-role-authority-20260912.v4","2026-08-24","fixtures/research/topic_universe_mapping.v1.csv","structural-role-authority:structural-role-authority-20260912.v4","c35c15911c355766dbaa53e76629ae17c84f8d1bbc98e2053b7e87592c0274bc","PENDING_OWNER_REVIEW","PENDING_OWNER_REVIEW","PENDING_OWNER_REVIEW","NONE_RECOVERED","PENDING_OWNER_REVIEW","NOT_FORMAL_UNTIL_OWNER_APPROVAL","FORMAL_CORE_CANDIDATE_ONLY;NO_D001_INCLUDE_OR_IMPORTANCE_INFERENCE"
"499","3968cd1a-cc65-4322-a218-2fe6e1905652","高速介面","c117a64e-caec-4c8b-b120-20ca70f4f586","高速互連","TPE","6756","TPE:6756","69546128-f440-5d10-bfc7-33264584bd2f","owner-topic-membership-20260824.v1","CORE","APPROVED","structural-role-authority-20260912.v4","2026-08-24","fixtures/research/topic_universe_mapping.v1.csv","structural-role-authority:structural-role-authority-20260912.v4","c35c15911c355766dbaa53e76629ae17c84f8d1bbc98e2053b7e87592c0274bc","PENDING_OWNER_REVIEW","PENDING_OWNER_REVIEW","PENDING_OWNER_REVIEW","NONE_RECOVERED","PENDING_OWNER_REVIEW","NOT_FORMAL_UNTIL_OWNER_APPROVAL","FORMAL_CORE_CANDIDATE_ONLY;NO_D001_INCLUDE_OR_IMPORTANCE_INFERENCE"
"500","3968cd1a-cc65-4322-a218-2fe6e1905652","高速介面","c117a64e-caec-4c8b-b120-20ca70f4f586","高速互連","TWO","6684","TWO:6684","899028c0-1e39-5897-bfbd-b7cdeafa88ad","owner-topic-membership-20260824.v1","CORE","APPROVED","structural-role-authority-20260912.v4","2026-08-24","fixtures/research/topic_universe_mapping.v1.csv","structural-role-authority:structural-role-authority-20260912.v4","c35c15911c355766dbaa53e76629ae17c84f8d1bbc98e2053b7e87592c0274bc","PENDING_OWNER_REVIEW","PENDING_OWNER_REVIEW","PENDING_OWNER_REVIEW","NONE_RECOVERED","PENDING_OWNER_REVIEW","NOT_FORMAL_UNTIL_OWNER_APPROVAL","FORMAL_CORE_CANDIDATE_ONLY;NO_D001_INCLUDE_OR_IMPORTANCE_INFERENCE"
"501","46fd9411-e2ad-45c8-8b90-141ba317f4d6","高速連接器","021b0ca0-cb50-489a-b97b-d4b10ad1d08f","電子連接","TPE","3605","TPE:3605","de415a80-1cb6-50b2-8135-a65f30813ff2","owner-topic-membership-20260824.v1","CORE","APPROVED","structural-role-authority-20260912.v4","2026-08-24","2026_REVISED_MARKET_UPDATE","structural-role-authority:structural-role-authority-20260912.v4","c35c15911c355766dbaa53e76629ae17c84f8d1bbc98e2053b7e87592c0274bc","PENDING_OWNER_REVIEW","PENDING_OWNER_REVIEW","PENDING_OWNER_REVIEW","NONE_RECOVERED","PENDING_OWNER_REVIEW","NOT_FORMAL_UNTIL_OWNER_APPROVAL","FORMAL_CORE_CANDIDATE_ONLY;NO_D001_INCLUDE_OR_IMPORTANCE_INFERENCE"
"502","46fd9411-e2ad-45c8-8b90-141ba317f4d6","高速連接器","021b0ca0-cb50-489a-b97b-d4b10ad1d08f","電子連接","TPE","6205","TPE:6205","544b9fa8-0aa0-580a-8ed8-161661b3b276","owner-topic-membership-20260824.v1","CORE","APPROVED","structural-role-authority-20260912.v4","2026-08-24","fixtures/research/topic_universe_mapping.v1.csv","structural-role-authority:structural-role-authority-20260912.v4","c35c15911c355766dbaa53e76629ae17c84f8d1bbc98e2053b7e87592c0274bc","PENDING_OWNER_REVIEW","PENDING_OWNER_REVIEW","PENDING_OWNER_REVIEW","NONE_RECOVERED","PENDING_OWNER_REVIEW","NOT_FORMAL_UNTIL_OWNER_APPROVAL","FORMAL_CORE_CANDIDATE_ONLY;NO_D001_INCLUDE_OR_IMPORTANCE_INFERENCE"
"503","46fd9411-e2ad-45c8-8b90-141ba317f4d6","高速連接器","021b0ca0-cb50-489a-b97b-d4b10ad1d08f","電子連接","TPE","6715","TPE:6715","fa49149c-c3c7-5650-b2dd-238063b164f9","owner-topic-membership-20260824.v1","CORE","APPROVED","structural-role-authority-20260912.v4","2026-08-24","fixtures/research/topic_universe_mapping.v1.csv","structural-role-authority:structural-role-authority-20260912.v4","c35c15911c355766dbaa53e76629ae17c84f8d1bbc98e2053b7e87592c0274bc","PENDING_OWNER_REVIEW","PENDING_OWNER_REVIEW","PENDING_OWNER_REVIEW","NONE_RECOVERED","PENDING_OWNER_REVIEW","NOT_FORMAL_UNTIL_OWNER_APPROVAL","FORMAL_CORE_CANDIDATE_ONLY;NO_D001_INCLUDE_OR_IMPORTANCE_INFERENCE"
"504","46fd9411-e2ad-45c8-8b90-141ba317f4d6","高速連接器","021b0ca0-cb50-489a-b97b-d4b10ad1d08f","電子連接","TWO","3526","TWO:3526","f4d7ece8-71ec-5e85-8412-ac0cbed2bdcb","owner-topic-membership-20260824.v1","CORE","APPROVED","structural-role-authority-20260912.v4","2026-08-24","2026_NEW_TOPIC_ADDITION","structural-role-authority:structural-role-authority-20260912.v4","c35c15911c355766dbaa53e76629ae17c84f8d1bbc98e2053b7e87592c0274bc","PENDING_OWNER_REVIEW","PENDING_OWNER_REVIEW","PENDING_OWNER_REVIEW","NONE_RECOVERED","PENDING_OWNER_REVIEW","NOT_FORMAL_UNTIL_OWNER_APPROVAL","FORMAL_CORE_CANDIDATE_ONLY;NO_D001_INCLUDE_OR_IMPORTANCE_INFERENCE"
"505","46fd9411-e2ad-45c8-8b90-141ba317f4d6","高速連接器","021b0ca0-cb50-489a-b97b-d4b10ad1d08f","電子連接","TWO","3689","TWO:3689","9bcae6f5-a904-56fc-bfc4-b692e7fcc974","owner-topic-membership-20260824.v1","CORE","APPROVED","structural-role-authority-20260912.v4","2026-08-24","2026_NEW_TOPIC_ADDITION","structural-role-authority:structural-role-authority-20260912.v4","c35c15911c355766dbaa53e76629ae17c84f8d1bbc98e2053b7e87592c0274bc","PENDING_OWNER_REVIEW","PENDING_OWNER_REVIEW","PENDING_OWNER_REVIEW","NONE_RECOVERED","PENDING_OWNER_REVIEW","NOT_FORMAL_UNTIL_OWNER_APPROVAL","FORMAL_CORE_CANDIDATE_ONLY;NO_D001_INCLUDE_OR_IMPORTANCE_INFERENCE"
"506","46fd9411-e2ad-45c8-8b90-141ba317f4d6","高速連接器","021b0ca0-cb50-489a-b97b-d4b10ad1d08f","電子連接","TWO","5457","TWO:5457","d8845092-0a7d-583f-bfb0-6f1b458fcf7b","owner-topic-membership-20260824.v1","CORE","APPROVED","structural-role-authority-20260912.v4","2026-08-24","fixtures/research/topic_universe_mapping.v1.csv","structural-role-authority:structural-role-authority-20260912.v4","c35c15911c355766dbaa53e76629ae17c84f8d1bbc98e2053b7e87592c0274bc","PENDING_OWNER_REVIEW","PENDING_OWNER_REVIEW","PENDING_OWNER_REVIEW","NONE_RECOVERED","PENDING_OWNER_REVIEW","NOT_FORMAL_UNTIL_OWNER_APPROVAL","FORMAL_CORE_CANDIDATE_ONLY;NO_D001_INCLUDE_OR_IMPORTANCE_INFERENCE"
"507","d23094e4-d040-44e1-aa62-4ee33673e05a","高速傳輸","c117a64e-caec-4c8b-b120-20ca70f4f586","高速互連","TPE","2454","TPE:2454","80986c76-706d-5e55-b721-f2b27029b211","owner-topic-membership-20260824.v1","CORE","APPROVED","structural-role-authority-20260912.v4","2026-08-24","2026_NEW_TOPIC_ADDITION","structural-role-authority:structural-role-authority-20260912.v4","c35c15911c355766dbaa53e76629ae17c84f8d1bbc98e2053b7e87592c0274bc","PENDING_OWNER_REVIEW","PENDING_OWNER_REVIEW","PENDING_OWNER_REVIEW","NONE_RECOVERED","PENDING_OWNER_REVIEW","NOT_FORMAL_UNTIL_OWNER_APPROVAL","FORMAL_CORE_CANDIDATE_ONLY;NO_D001_INCLUDE_OR_IMPORTANCE_INFERENCE"
"508","d23094e4-d040-44e1-aa62-4ee33673e05a","高速傳輸","c117a64e-caec-4c8b-b120-20ca70f4f586","高速互連","TPE","5269","TPE:5269","66c938e2-d054-52e9-b3dc-d9dea5d01e58","owner-topic-membership-20260824.v1","CORE","APPROVED","structural-role-authority-20260912.v4","2026-08-24","2026_REVISED_MARKET_UPDATE","structural-role-authority:structural-role-authority-20260912.v4","c35c15911c355766dbaa53e76629ae17c84f8d1bbc98e2053b7e87592c0274bc","PENDING_OWNER_REVIEW","PENDING_OWNER_REVIEW","PENDING_OWNER_REVIEW","NONE_RECOVERED","PENDING_OWNER_REVIEW","NOT_FORMAL_UNTIL_OWNER_APPROVAL","FORMAL_CORE_CANDIDATE_ONLY;NO_D001_INCLUDE_OR_IMPORTANCE_INFERENCE"
"509","4fc2706f-63f8-5fcf-961d-4750111cb703","高階測試介面與探針 (Advanced Testing Interfaces)","feb717be-0f98-4d14-beec-8e03a32ac267","封裝測試","TWO","6217","TWO:6217","cedb799f-2a90-57e0-a794-6656d2f78606","owner-topic-membership-20260824.v1","CORE","APPROVED","structural-role-authority-20260912.v4","2026-08-24","2026_NEW_TOPIC_ADDITION","structural-role-authority:structural-role-authority-20260912.v4","c35c15911c355766dbaa53e76629ae17c84f8d1bbc98e2053b7e87592c0274bc","PENDING_OWNER_REVIEW","PENDING_OWNER_REVIEW","PENDING_OWNER_REVIEW","NONE_RECOVERED","PENDING_OWNER_REVIEW","NOT_FORMAL_UNTIL_OWNER_APPROVAL","FORMAL_CORE_CANDIDATE_ONLY;NO_D001_INCLUDE_OR_IMPORTANCE_INFERENCE"
"510","4fc2706f-63f8-5fcf-961d-4750111cb703","高階測試介面與探針 (Advanced Testing Interfaces)","feb717be-0f98-4d14-beec-8e03a32ac267","封裝測試","TWO","6510","TWO:6510","c6854048-cec8-5e94-b380-97f4f37b751c","owner-topic-membership-20260824.v1","CORE","APPROVED","structural-role-authority-20260912.v4","2026-08-24","2026_NEW_TOPIC_ADDITION","structural-role-authority:structural-role-authority-20260912.v4","c35c15911c355766dbaa53e76629ae17c84f8d1bbc98e2053b7e87592c0274bc","PENDING_OWNER_REVIEW","PENDING_OWNER_REVIEW","PENDING_OWNER_REVIEW","NONE_RECOVERED","PENDING_OWNER_REVIEW","NOT_FORMAL_UNTIL_OWNER_APPROVAL","FORMAL_CORE_CANDIDATE_ONLY;NO_D001_INCLUDE_OR_IMPORTANCE_INFERENCE"
"511","b5978f65-7a56-4491-83e7-06adc1ed3b7c","商辦／都市更新","c63e8e8b-8b1b-4883-b1a5-fa8dc5ced0b3","建設開發","TPE","1314","TPE:1314","ee0017ac-4878-5cb6-b559-37c8d28d4a00","owner-topic-membership-20260824.v1","CORE","APPROVED","structural-role-authority-20260912.v4","2026-08-24","2026_REVISED_MARKET_UPDATE","structural-role-authority:structural-role-authority-20260912.v4","c35c15911c355766dbaa53e76629ae17c84f8d1bbc98e2053b7e87592c0274bc","PENDING_OWNER_REVIEW","PENDING_OWNER_REVIEW","PENDING_OWNER_REVIEW","NONE_RECOVERED","PENDING_OWNER_REVIEW","NOT_FORMAL_UNTIL_OWNER_APPROVAL","FORMAL_CORE_CANDIDATE_ONLY;NO_D001_INCLUDE_OR_IMPORTANCE_INFERENCE"
"512","b5978f65-7a56-4491-83e7-06adc1ed3b7c","商辦／都市更新","c63e8e8b-8b1b-4883-b1a5-fa8dc5ced0b3","建設開發","TPE","2348","TPE:2348","bef480f6-9396-5eff-8fd0-ae82535baa62","owner-topic-membership-20260824.v1","CORE","APPROVED","structural-role-authority-20260912.v4","2026-08-24","fixtures/research/topic_universe_mapping.v1.csv","structural-role-authority:structural-role-authority-20260912.v4","c35c15911c355766dbaa53e76629ae17c84f8d1bbc98e2053b7e87592c0274bc","PENDING_OWNER_REVIEW","PENDING_OWNER_REVIEW","PENDING_OWNER_REVIEW","NONE_RECOVERED","PENDING_OWNER_REVIEW","NOT_FORMAL_UNTIL_OWNER_APPROVAL","FORMAL_CORE_CANDIDATE_ONLY;NO_D001_INCLUDE_OR_IMPORTANCE_INFERENCE"
"513","b5978f65-7a56-4491-83e7-06adc1ed3b7c","商辦／都市更新","c63e8e8b-8b1b-4883-b1a5-fa8dc5ced0b3","建設開發","TPE","2527","TPE:2527","bd7c97e5-0b12-5d13-bc65-14f55b00ea45","owner-topic-membership-20260824.v1","CORE","APPROVED","structural-role-authority-20260912.v4","2026-08-24","fixtures/research/topic_universe_mapping.v1.csv","structural-role-authority:structural-role-authority-20260912.v4","c35c15911c355766dbaa53e76629ae17c84f8d1bbc98e2053b7e87592c0274bc","PENDING_OWNER_REVIEW","PENDING_OWNER_REVIEW","PENDING_OWNER_REVIEW","NONE_RECOVERED","PENDING_OWNER_REVIEW","NOT_FORMAL_UNTIL_OWNER_APPROVAL","FORMAL_CORE_CANDIDATE_ONLY;NO_D001_INCLUDE_OR_IMPORTANCE_INFERENCE"
"514","b5978f65-7a56-4491-83e7-06adc1ed3b7c","商辦／都市更新","c63e8e8b-8b1b-4883-b1a5-fa8dc5ced0b3","建設開發","TPE","5519","TPE:5519","4a7b780e-e1af-5f77-9b37-2aadd8cab644","owner-topic-membership-20260824.v1","CORE","APPROVED","structural-role-authority-20260912.v4","2026-08-24","fixtures/research/topic_universe_mapping.v1.csv","structural-role-authority:structural-role-authority-20260912.v4","c35c15911c355766dbaa53e76629ae17c84f8d1bbc98e2053b7e87592c0274bc","PENDING_OWNER_REVIEW","PENDING_OWNER_REVIEW","PENDING_OWNER_REVIEW","NONE_RECOVERED","PENDING_OWNER_REVIEW","NOT_FORMAL_UNTIL_OWNER_APPROVAL","FORMAL_CORE_CANDIDATE_ONLY;NO_D001_INCLUDE_OR_IMPORTANCE_INFERENCE"
"515","b5978f65-7a56-4491-83e7-06adc1ed3b7c","商辦／都市更新","c63e8e8b-8b1b-4883-b1a5-fa8dc5ced0b3","建設開發","TPE","6177","TPE:6177","dec6fcfe-628b-55b5-b393-86ec7d51c558","owner-topic-membership-20260824.v1","CORE","APPROVED","structural-role-authority-20260912.v4","2026-08-24","fixtures/research/topic_universe_mapping.v1.csv","structural-role-authority:structural-role-authority-20260912.v4","c35c15911c355766dbaa53e76629ae17c84f8d1bbc98e2053b7e87592c0274bc","PENDING_OWNER_REVIEW","PENDING_OWNER_REVIEW","PENDING_OWNER_REVIEW","NONE_RECOVERED","PENDING_OWNER_REVIEW","NOT_FORMAL_UNTIL_OWNER_APPROVAL","FORMAL_CORE_CANDIDATE_ONLY;NO_D001_INCLUDE_OR_IMPORTANCE_INFERENCE"
"516","9ecc2ebd-bfff-4ca0-91bd-10aeb002c807","液冷散熱","7c5cc252-19b3-411f-8faf-a483664f24c0","熱管理","TPE","1504","TPE:1504","df3ba6df-ce74-530f-9b34-80dcb4b89e14","owner-topic-membership-20260824.v1","CORE","APPROVED","structural-role-authority-20260912.v4","2026-08-24","2026_NEW_TOPIC_ADDITION","structural-role-authority:structural-role-authority-20260912.v4","c35c15911c355766dbaa53e76629ae17c84f8d1bbc98e2053b7e87592c0274bc","PENDING_OWNER_REVIEW","PENDING_OWNER_REVIEW","PENDING_OWNER_REVIEW","NONE_RECOVERED","PENDING_OWNER_REVIEW","NOT_FORMAL_UNTIL_OWNER_APPROVAL","FORMAL_CORE_CANDIDATE_ONLY;NO_D001_INCLUDE_OR_IMPORTANCE_INFERENCE"
"517","9ecc2ebd-bfff-4ca0-91bd-10aeb002c807","液冷散熱","7c5cc252-19b3-411f-8faf-a483664f24c0","熱管理","TPE","2241","TPE:2241","8ef61e2c-800b-5370-8bdf-f748401c06b6","owner-topic-membership-20260824.v1","CORE","APPROVED","structural-role-authority-20260912.v4","2026-08-24","2026_REVISED_MARKET_UPDATE","structural-role-authority:structural-role-authority-20260912.v4","c35c15911c355766dbaa53e76629ae17c84f8d1bbc98e2053b7e87592c0274bc","PENDING_OWNER_REVIEW","PENDING_OWNER_REVIEW","PENDING_OWNER_REVIEW","NONE_RECOVERED","PENDING_OWNER_REVIEW","NOT_FORMAL_UNTIL_OWNER_APPROVAL","FORMAL_CORE_CANDIDATE_ONLY;NO_D001_INCLUDE_OR_IMPORTANCE_INFERENCE"
"518","9ecc2ebd-bfff-4ca0-91bd-10aeb002c807","液冷散熱","7c5cc252-19b3-411f-8faf-a483664f24c0","熱管理","TPE","2301","TPE:2301","ed3fd542-707b-56c8-b730-b72d7b221706","owner-topic-membership-20260824.v1","CORE","APPROVED","structural-role-authority-20260912.v4","2026-08-24","2026_REVISED_MARKET_UPDATE","structural-role-authority:structural-role-authority-20260912.v4","c35c15911c355766dbaa53e76629ae17c84f8d1bbc98e2053b7e87592c0274bc","PENDING_OWNER_REVIEW","PENDING_OWNER_REVIEW","PENDING_OWNER_REVIEW","NONE_RECOVERED","PENDING_OWNER_REVIEW","NOT_FORMAL_UNTIL_OWNER_APPROVAL","FORMAL_CORE_CANDIDATE_ONLY;NO_D001_INCLUDE_OR_IMPORTANCE_INFERENCE"
"519","9ecc2ebd-bfff-4ca0-91bd-10aeb002c807","液冷散熱","7c5cc252-19b3-411f-8faf-a483664f24c0","熱管理","TPE","2317","TPE:2317","c41cda6d-f0dd-5b63-a360-fa5a2de95fcf","owner-topic-membership-20260824.v1","CORE","APPROVED","structural-role-authority-20260912.v4","2026-08-24","2026_NEW_TOPIC_ADDITION","structural-role-authority:structural-role-authority-20260912.v4","c35c15911c355766dbaa53e76629ae17c84f8d1bbc98e2053b7e87592c0274bc","PENDING_OWNER_REVIEW","PENDING_OWNER_REVIEW","PENDING_OWNER_REVIEW","NONE_RECOVERED","PENDING_OWNER_REVIEW","NOT_FORMAL_UNTIL_OWNER_APPROVAL","FORMAL_CORE_CANDIDATE_ONLY;NO_D001_INCLUDE_OR_IMPORTANCE_INFERENCE"
"520","9ecc2ebd-bfff-4ca0-91bd-10aeb002c807","液冷散熱","7c5cc252-19b3-411f-8faf-a483664f24c0","熱管理","TPE","2354","TPE:2354","138b0bc4-2f2a-5804-a02a-1adff85ada55","owner-topic-membership-20260824.v1","CORE","APPROVED","structural-role-authority-20260912.v4","2026-08-24","2026_NEW_TOPIC_ADDITION","structural-role-authority:structural-role-authority-20260912.v4","c35c15911c355766dbaa53e76629ae17c84f8d1bbc98e2053b7e87592c0274bc","PENDING_OWNER_REVIEW","PENDING_OWNER_REVIEW","PENDING_OWNER_REVIEW","NONE_RECOVERED","PENDING_OWNER_REVIEW","NOT_FORMAL_UNTIL_OWNER_APPROVAL","FORMAL_CORE_CANDIDATE_ONLY;NO_D001_INCLUDE_OR_IMPORTANCE_INFERENCE"
"521","9ecc2ebd-bfff-4ca0-91bd-10aeb002c807","液冷散熱","7c5cc252-19b3-411f-8faf-a483664f24c0","熱管理","TPE","2357","TPE:2357","2ab91c7d-9c06-545f-8cae-54a5d1d9ded2","owner-topic-membership-20260824.v1","CORE","APPROVED","structural-role-authority-20260912.v4","2026-08-24","2026_NEW_TOPIC_ADDITION","structural-role-authority:structural-role-authority-20260912.v4","c35c15911c355766dbaa53e76629ae17c84f8d1bbc98e2053b7e87592c0274bc","PENDING_OWNER_REVIEW","PENDING_OWNER_REVIEW","PENDING_OWNER_REVIEW","NONE_RECOVERED","PENDING_OWNER_REVIEW","NOT_FORMAL_UNTIL_OWNER_APPROVAL","FORMAL_CORE_CANDIDATE_ONLY;NO_D001_INCLUDE_OR_IMPORTANCE_INFERENCE"
"522","9ecc2ebd-bfff-4ca0-91bd-10aeb002c807","液冷散熱","7c5cc252-19b3-411f-8faf-a483664f24c0","熱管理","TPE","2376","TPE:2376","348477c2-8099-577d-a114-f88c7fe8c04f","owner-topic-membership-20260824.v1","CORE","APPROVED","structural-role-authority-20260912.v4","2026-08-24","2026_NEW_TOPIC_ADDITION","structural-role-authority:structural-role-authority-20260912.v4","c35c15911c355766dbaa53e76629ae17c84f8d1bbc98e2053b7e87592c0274bc","PENDING_OWNER_REVIEW","PENDING_OWNER_REVIEW","PENDING_OWNER_REVIEW","NONE_RECOVERED","PENDING_OWNER_REVIEW","NOT_FORMAL_UNTIL_OWNER_APPROVAL","FORMAL_CORE_CANDIDATE_ONLY;NO_D001_INCLUDE_OR_IMPORTANCE_INFERENCE"
"523","9ecc2ebd-bfff-4ca0-91bd-10aeb002c807","液冷散熱","7c5cc252-19b3-411f-8faf-a483664f24c0","熱管理","TPE","2421","TPE:2421","cceeefda-deab-57ad-bc39-956e7b5667e7","owner-topic-membership-20260824.v1","CORE","APPROVED","structural-role-authority-20260912.v4","2026-08-24","2026_REVISED_MARKET_UPDATE","structural-role-authority:structural-role-authority-20260912.v4","c35c15911c355766dbaa53e76629ae17c84f8d1bbc98e2053b7e87592c0274bc","PENDING_OWNER_REVIEW","PENDING_OWNER_REVIEW","PENDING_OWNER_REVIEW","NONE_RECOVERED","PENDING_OWNER_REVIEW","NOT_FORMAL_UNTIL_OWNER_APPROVAL","FORMAL_CORE_CANDIDATE_ONLY;NO_D001_INCLUDE_OR_IMPORTANCE_INFERENCE"
"524","9ecc2ebd-bfff-4ca0-91bd-10aeb002c807","液冷散熱","7c5cc252-19b3-411f-8faf-a483664f24c0","熱管理","TPE","3013","TPE:3013","c83c98d6-9172-59a7-b14e-b4f2a2e28ac0","owner-topic-membership-20260824.v1","CORE","APPROVED","structural-role-authority-20260912.v4","2026-08-24","2026_REVISED_MARKET_UPDATE","structural-role-authority:structural-role-authority-20260912.v4","c35c15911c355766dbaa53e76629ae17c84f8d1bbc98e2053b7e87592c0274bc","PENDING_OWNER_REVIEW","PENDING_OWNER_REVIEW","PENDING_OWNER_REVIEW","NONE_RECOVERED","PENDING_OWNER_REVIEW","NOT_FORMAL_UNTIL_OWNER_APPROVAL","FORMAL_CORE_CANDIDATE_ONLY;NO_D001_INCLUDE_OR_IMPORTANCE_INFERENCE"
"525","9ecc2ebd-bfff-4ca0-91bd-10aeb002c807","液冷散熱","7c5cc252-19b3-411f-8faf-a483664f24c0","熱管理","TPE","3231","TPE:3231","765c6d50-a68d-5743-901b-36c871aab6df","owner-topic-membership-20260824.v1","CORE","APPROVED","structural-role-authority-20260912.v4","2026-08-24","2026_NEW_TOPIC_ADDITION","structural-role-authority:structural-role-authority-20260912.v4","c35c15911c355766dbaa53e76629ae17c84f8d1bbc98e2053b7e87592c0274bc","PENDING_OWNER_REVIEW","PENDING_OWNER_REVIEW","PENDING_OWNER_REVIEW","NONE_RECOVERED","PENDING_OWNER_REVIEW","NOT_FORMAL_UNTIL_OWNER_APPROVAL","FORMAL_CORE_CANDIDATE_ONLY;NO_D001_INCLUDE_OR_IMPORTANCE_INFERENCE"
"526","9ecc2ebd-bfff-4ca0-91bd-10aeb002c807","液冷散熱","7c5cc252-19b3-411f-8faf-a483664f24c0","熱管理","TPE","3338","TPE:3338","a6fea4fa-736f-5cce-904e-8a8f170a67bd","owner-topic-membership-20260824.v1","CORE","APPROVED","structural-role-authority-20260912.v4","2026-08-24","2026_REVISED_MARKET_UPDATE","structural-role-authority:structural-role-authority-20260912.v4","c35c15911c355766dbaa53e76629ae17c84f8d1bbc98e2053b7e87592c0274bc","PENDING_OWNER_REVIEW","PENDING_OWNER_REVIEW","PENDING_OWNER_REVIEW","NONE_RECOVERED","PENDING_OWNER_REVIEW","NOT_FORMAL_UNTIL_OWNER_APPROVAL","FORMAL_CORE_CANDIDATE_ONLY;NO_D001_INCLUDE_OR_IMPORTANCE_INFERENCE"
"527","9ecc2ebd-bfff-4ca0-91bd-10aeb002c807","液冷散熱","7c5cc252-19b3-411f-8faf-a483664f24c0","熱管理","TPE","6669","TPE:6669","8250be1d-c985-51c5-a917-434ab4aab5bf","owner-topic-membership-20260824.v1","CORE","APPROVED","structural-role-authority-20260912.v4","2026-08-24","2026_NEW_TOPIC_ADDITION","structural-role-authority:structural-role-authority-20260912.v4","c35c15911c355766dbaa53e76629ae17c84f8d1bbc98e2053b7e87592c0274bc","PENDING_OWNER_REVIEW","PENDING_OWNER_REVIEW","PENDING_OWNER_REVIEW","NONE_RECOVERED","PENDING_OWNER_REVIEW","NOT_FORMAL_UNTIL_OWNER_APPROVAL","FORMAL_CORE_CANDIDATE_ONLY;NO_D001_INCLUDE_OR_IMPORTANCE_INFERENCE"
"528","9ecc2ebd-bfff-4ca0-91bd-10aeb002c807","液冷散熱","7c5cc252-19b3-411f-8faf-a483664f24c0","熱管理","TPE","6831","TPE:6831","de5f3a68-d017-5ae6-a1a1-bcd1185aa32c","owner-topic-membership-20260824.v1","CORE","APPROVED","structural-role-authority-20260912.v4","2026-08-24","2026_NEW_TOPIC_ADDITION","structural-role-authority:structural-role-authority-20260912.v4","c35c15911c355766dbaa53e76629ae17c84f8d1bbc98e2053b7e87592c0274bc","PENDING_OWNER_REVIEW","PENDING_OWNER_REVIEW","PENDING_OWNER_REVIEW","NONE_RECOVERED","PENDING_OWNER_REVIEW","NOT_FORMAL_UNTIL_OWNER_APPROVAL","FORMAL_CORE_CANDIDATE_ONLY;NO_D001_INCLUDE_OR_IMPORTANCE_INFERENCE"
"529","9ecc2ebd-bfff-4ca0-91bd-10aeb002c807","液冷散熱","7c5cc252-19b3-411f-8faf-a483664f24c0","熱管理","TWO","3483","TWO:3483","e6840b6f-0d9b-572b-b94e-95111b80f697","owner-topic-membership-20260824.v1","CORE","APPROVED","structural-role-authority-20260912.v4","2026-08-24","2026_REVISED_MARKET_UPDATE","structural-role-authority:structural-role-authority-20260912.v4","c35c15911c355766dbaa53e76629ae17c84f8d1bbc98e2053b7e87592c0274bc","PENDING_OWNER_REVIEW","PENDING_OWNER_REVIEW","PENDING_OWNER_REVIEW","NONE_RECOVERED","PENDING_OWNER_REVIEW","NOT_FORMAL_UNTIL_OWNER_APPROVAL","FORMAL_CORE_CANDIDATE_ONLY;NO_D001_INCLUDE_OR_IMPORTANCE_INFERENCE"
"530","9ecc2ebd-bfff-4ca0-91bd-10aeb002c807","液冷散熱","7c5cc252-19b3-411f-8faf-a483664f24c0","熱管理","TWO","4556","TWO:4556","e2132b5b-6b30-5f82-aa14-20e27bd1b6ff","owner-topic-membership-20260824.v1","CORE","APPROVED","structural-role-authority-20260912.v4","2026-08-24","fixtures/research/topic_universe_mapping.v1.csv","structural-role-authority:structural-role-authority-20260912.v4","c35c15911c355766dbaa53e76629ae17c84f8d1bbc98e2053b7e87592c0274bc","PENDING_OWNER_REVIEW","PENDING_OWNER_REVIEW","PENDING_OWNER_REVIEW","NONE_RECOVERED","PENDING_OWNER_REVIEW","NOT_FORMAL_UNTIL_OWNER_APPROVAL","FORMAL_CORE_CANDIDATE_ONLY;NO_D001_INCLUDE_OR_IMPORTANCE_INFERENCE"
"531","9ecc2ebd-bfff-4ca0-91bd-10aeb002c807","液冷散熱","7c5cc252-19b3-411f-8faf-a483664f24c0","熱管理","TWO","6125","TWO:6125","089fddb0-36a5-5af1-9427-927c71f49860","owner-topic-membership-20260824.v1","CORE","APPROVED","structural-role-authority-20260912.v4","2026-08-24","2026_NEW_TOPIC_ADDITION","structural-role-authority:structural-role-authority-20260912.v4","c35c15911c355766dbaa53e76629ae17c84f8d1bbc98e2053b7e87592c0274bc","PENDING_OWNER_REVIEW","PENDING_OWNER_REVIEW","PENDING_OWNER_REVIEW","NONE_RECOVERED","PENDING_OWNER_REVIEW","NOT_FORMAL_UNTIL_OWNER_APPROVAL","FORMAL_CORE_CANDIDATE_ONLY;NO_D001_INCLUDE_OR_IMPORTANCE_INFERENCE"
"532","0c31dc9f-8252-5465-a260-64e04f96435f","貨代與物流","ef74f98d-8a9e-5af3-9195-f77ae6143041","全球物流與運輸基建","TPE","2613","TPE:2613","4c5778bd-6c4f-5b7c-85d0-55969512787c","owner-topic-membership-20260824.v1","CORE","APPROVED","structural-role-authority-20260912.v4","2026-08-24","2026_REVISED_MARKET_UPDATE","structural-role-authority:structural-role-authority-20260912.v4","c35c15911c355766dbaa53e76629ae17c84f8d1bbc98e2053b7e87592c0274bc","PENDING_OWNER_REVIEW","PENDING_OWNER_REVIEW","PENDING_OWNER_REVIEW","NONE_RECOVERED","PENDING_OWNER_REVIEW","NOT_FORMAL_UNTIL_OWNER_APPROVAL","FORMAL_CORE_CANDIDATE_ONLY;NO_D001_INCLUDE_OR_IMPORTANCE_INFERENCE"
"533","d4eb3f1f-41b1-5fac-8df7-c18b9888d8c1","貨櫃海運","ef74f98d-8a9e-5af3-9195-f77ae6143041","全球物流與運輸基建","TPE","2615","TPE:2615","bc8a203f-71be-5566-8d88-df69ba6246ae","owner-topic-membership-20260824.v1","CORE","APPROVED","structural-role-authority-20260912.v4","2026-08-24","2026_REVISED_MARKET_UPDATE","structural-role-authority:structural-role-authority-20260912.v4","c35c15911c355766dbaa53e76629ae17c84f8d1bbc98e2053b7e87592c0274bc","PENDING_OWNER_REVIEW","PENDING_OWNER_REVIEW","PENDING_OWNER_REVIEW","NONE_RECOVERED","PENDING_OWNER_REVIEW","NOT_FORMAL_UNTIL_OWNER_APPROVAL","FORMAL_CORE_CANDIDATE_ONLY;NO_D001_INCLUDE_OR_IMPORTANCE_INFERENCE"
"534","37bbfd4d-c030-5d58-8402-da22396f1b38","散裝航運","ef74f98d-8a9e-5af3-9195-f77ae6143041","全球物流與運輸基建","TPE","2605","TPE:2605","9a51b434-5adf-564d-ae52-c83626026970","owner-topic-membership-20260824.v1","CORE","APPROVED","structural-role-authority-20260912.v4","2026-08-24","2026_REVISED_MARKET_UPDATE","structural-role-authority:structural-role-authority-20260912.v4","c35c15911c355766dbaa53e76629ae17c84f8d1bbc98e2053b7e87592c0274bc","PENDING_OWNER_REVIEW","PENDING_OWNER_REVIEW","PENDING_OWNER_REVIEW","NONE_RECOVERED","PENDING_OWNER_REVIEW","NOT_FORMAL_UNTIL_OWNER_APPROVAL","FORMAL_CORE_CANDIDATE_ONLY;NO_D001_INCLUDE_OR_IMPORTANCE_INFERENCE"
"535","37bbfd4d-c030-5d58-8402-da22396f1b38","散裝航運","ef74f98d-8a9e-5af3-9195-f77ae6143041","全球物流與運輸基建","TPE","5608","TPE:5608","eeb5a27c-2cd6-53d3-b5e7-c7577fc3587c","owner-topic-membership-20260824.v1","CORE","APPROVED","structural-role-authority-20260912.v4","2026-08-24","2026_REVISED_MARKET_UPDATE","structural-role-authority:structural-role-authority-20260912.v4","c35c15911c355766dbaa53e76629ae17c84f8d1bbc98e2053b7e87592c0274bc","PENDING_OWNER_REVIEW","PENDING_OWNER_REVIEW","PENDING_OWNER_REVIEW","NONE_RECOVERED","PENDING_OWNER_REVIEW","NOT_FORMAL_UNTIL_OWNER_APPROVAL","FORMAL_CORE_CANDIDATE_ONLY;NO_D001_INCLUDE_OR_IMPORTANCE_INFERENCE"
"536","70ee7fd5-0572-4ff0-aba2-ee869ccc5c22","散熱零組件","7c5cc252-19b3-411f-8faf-a483664f24c0","熱管理","TPE","2421","TPE:2421","84466f78-6faf-5d16-84de-ad8c7a66a007","owner-topic-membership-20260824.v1","CORE","APPROVED","structural-role-authority-20260912.v4","2026-08-24","fixtures/research/topic_universe_mapping.v1.csv","structural-role-authority:structural-role-authority-20260912.v4","c35c15911c355766dbaa53e76629ae17c84f8d1bbc98e2053b7e87592c0274bc","PENDING_OWNER_REVIEW","PENDING_OWNER_REVIEW","PENDING_OWNER_REVIEW","NONE_RECOVERED","PENDING_OWNER_REVIEW","NOT_FORMAL_UNTIL_OWNER_APPROVAL","FORMAL_CORE_CANDIDATE_ONLY;NO_D001_INCLUDE_OR_IMPORTANCE_INFERENCE"
"537","70ee7fd5-0572-4ff0-aba2-ee869ccc5c22","散熱零組件","7c5cc252-19b3-411f-8faf-a483664f24c0","熱管理","TPE","2436","TPE:2436","9652b534-4b02-568d-a6de-68d02948f800","owner-topic-membership-20260824.v1","CORE","APPROVED","structural-role-authority-20260912.v4","2026-08-24","2026_NEW_TOPIC_ADDITION","structural-role-authority:structural-role-authority-20260912.v4","c35c15911c355766dbaa53e76629ae17c84f8d1bbc98e2053b7e87592c0274bc","PENDING_OWNER_REVIEW","PENDING_OWNER_REVIEW","PENDING_OWNER_REVIEW","NONE_RECOVERED","PENDING_OWNER_REVIEW","NOT_FORMAL_UNTIL_OWNER_APPROVAL","FORMAL_CORE_CANDIDATE_ONLY;NO_D001_INCLUDE_OR_IMPORTANCE_INFERENCE"
"538","70ee7fd5-0572-4ff0-aba2-ee869ccc5c22","散熱零組件","7c5cc252-19b3-411f-8faf-a483664f24c0","熱管理","TPE","3013","TPE:3013","7000d30a-e8bb-5e0a-9458-e83d5330a1ba","owner-topic-membership-20260824.v1","CORE","APPROVED","structural-role-authority-20260912.v4","2026-08-24","fixtures/research/topic_universe_mapping.v1.csv","structural-role-authority:structural-role-authority-20260912.v4","c35c15911c355766dbaa53e76629ae17c84f8d1bbc98e2053b7e87592c0274bc","PENDING_OWNER_REVIEW","PENDING_OWNER_REVIEW","PENDING_OWNER_REVIEW","NONE_RECOVERED","PENDING_OWNER_REVIEW","NOT_FORMAL_UNTIL_OWNER_APPROVAL","FORMAL_CORE_CANDIDATE_ONLY;NO_D001_INCLUDE_OR_IMPORTANCE_INFERENCE"
"539","70ee7fd5-0572-4ff0-aba2-ee869ccc5c22","散熱零組件","7c5cc252-19b3-411f-8faf-a483664f24c0","熱管理","TPE","3338","TPE:3338","218be8c5-3c7d-53a7-ab09-072e4b24cb88","owner-topic-membership-20260824.v1","CORE","APPROVED","structural-role-authority-20260912.v4","2026-08-24","fixtures/research/topic_universe_mapping.v1.csv","structural-role-authority:structural-role-authority-20260912.v4","c35c15911c355766dbaa53e76629ae17c84f8d1bbc98e2053b7e87592c0274bc","PENDING_OWNER_REVIEW","PENDING_OWNER_REVIEW","PENDING_OWNER_REVIEW","NONE_RECOVERED","PENDING_OWNER_REVIEW","NOT_FORMAL_UNTIL_OWNER_APPROVAL","FORMAL_CORE_CANDIDATE_ONLY;NO_D001_INCLUDE_OR_IMPORTANCE_INFERENCE"
"540","70ee7fd5-0572-4ff0-aba2-ee869ccc5c22","散熱零組件","7c5cc252-19b3-411f-8faf-a483664f24c0","熱管理","TPE","6591","TPE:6591","b094f866-860d-53cd-bf95-b5835783f179","owner-topic-membership-20260824.v1","CORE","APPROVED","structural-role-authority-20260912.v4","2026-08-24","fixtures/research/topic_universe_mapping.v1.csv","structural-role-authority:structural-role-authority-20260912.v4","c35c15911c355766dbaa53e76629ae17c84f8d1bbc98e2053b7e87592c0274bc","PENDING_OWNER_REVIEW","PENDING_OWNER_REVIEW","PENDING_OWNER_REVIEW","NONE_RECOVERED","PENDING_OWNER_REVIEW","NOT_FORMAL_UNTIL_OWNER_APPROVAL","FORMAL_CORE_CANDIDATE_ONLY;NO_D001_INCLUDE_OR_IMPORTANCE_INFERENCE"
"541","70ee7fd5-0572-4ff0-aba2-ee869ccc5c22","散熱零組件","7c5cc252-19b3-411f-8faf-a483664f24c0","熱管理","TPE","6831","TPE:6831","aff8af6d-ccb8-52f7-afff-4eb69754ee87","owner-topic-membership-20260824.v1","CORE","APPROVED","structural-role-authority-20260912.v4","2026-08-24","fixtures/research/topic_universe_mapping.v1.csv","structural-role-authority:structural-role-authority-20260912.v4","c35c15911c355766dbaa53e76629ae17c84f8d1bbc98e2053b7e87592c0274bc","PENDING_OWNER_REVIEW","PENDING_OWNER_REVIEW","PENDING_OWNER_REVIEW","NONE_RECOVERED","PENDING_OWNER_REVIEW","NOT_FORMAL_UNTIL_OWNER_APPROVAL","FORMAL_CORE_CANDIDATE_ONLY;NO_D001_INCLUDE_OR_IMPORTANCE_INFERENCE"
"542","70ee7fd5-0572-4ff0-aba2-ee869ccc5c22","散熱零組件","7c5cc252-19b3-411f-8faf-a483664f24c0","熱管理","TWO","3483","TWO:3483","e390f993-9724-5722-b335-c5b694df101d","owner-topic-membership-20260824.v1","CORE","APPROVED","structural-role-authority-20260912.v4","2026-08-24","2026_REVISED_MARKET_UPDATE","structural-role-authority:structural-role-authority-20260912.v4","c35c15911c355766dbaa53e76629ae17c84f8d1bbc98e2053b7e87592c0274bc","PENDING_OWNER_REVIEW","PENDING_OWNER_REVIEW","PENDING_OWNER_REVIEW","NONE_RECOVERED","PENDING_OWNER_REVIEW","NOT_FORMAL_UNTIL_OWNER_APPROVAL","FORMAL_CORE_CANDIDATE_ONLY;NO_D001_INCLUDE_OR_IMPORTANCE_INFERENCE"
"543","70ee7fd5-0572-4ff0-aba2-ee869ccc5c22","散熱零組件","7c5cc252-19b3-411f-8faf-a483664f24c0","熱管理","TWO","6275","TWO:6275","1c800ba2-7bba-5f11-bec3-a5f4be5603dd","owner-topic-membership-20260824.v1","CORE","APPROVED","structural-role-authority-20260912.v4","2026-08-24","fixtures/research/topic_universe_mapping.v1.csv","structural-role-authority:structural-role-authority-20260912.v4","c35c15911c355766dbaa53e76629ae17c84f8d1bbc98e2053b7e87592c0274bc","PENDING_OWNER_REVIEW","PENDING_OWNER_REVIEW","PENDING_OWNER_REVIEW","NONE_RECOVERED","PENDING_OWNER_REVIEW","NOT_FORMAL_UNTIL_OWNER_APPROVAL","FORMAL_CORE_CANDIDATE_ONLY;NO_D001_INCLUDE_OR_IMPORTANCE_INFERENCE"
"544","1c807301-93cd-4e6a-9b0d-b3d9cc187e40","無人機","a48945bd-b12b-49e6-aecb-7a9acdb570ab","軍工國防","TPE","1810","TPE:1810","9b3461d5-0aaf-58f3-97ad-f7a74acdb847","owner-topic-membership-20260824.v1","CORE","APPROVED","structural-role-authority-20260912.v4","2026-08-24","2026_NEW_TOPIC_ADDITION","structural-role-authority:structural-role-authority-20260912.v4","c35c15911c355766dbaa53e76629ae17c84f8d1bbc98e2053b7e87592c0274bc","PENDING_OWNER_REVIEW","PENDING_OWNER_REVIEW","PENDING_OWNER_REVIEW","NONE_RECOVERED","PENDING_OWNER_REVIEW","NOT_FORMAL_UNTIL_OWNER_APPROVAL","FORMAL_CORE_CANDIDATE_ONLY;NO_D001_INCLUDE_OR_IMPORTANCE_INFERENCE"
"545","1c807301-93cd-4e6a-9b0d-b3d9cc187e40","無人機","a48945bd-b12b-49e6-aecb-7a9acdb570ab","軍工國防","TPE","2630","TPE:2630","514abdad-4e5b-5358-ad77-3d1114c30671","owner-topic-membership-20260824.v1","CORE","APPROVED","structural-role-authority-20260912.v4","2026-08-24","2026_REVISED_MARKET_UPDATE","structural-role-authority:structural-role-authority-20260912.v4","c35c15911c355766dbaa53e76629ae17c84f8d1bbc98e2053b7e87592c0274bc","PENDING_OWNER_REVIEW","PENDING_OWNER_REVIEW","PENDING_OWNER_REVIEW","NONE_RECOVERED","PENDING_OWNER_REVIEW","NOT_FORMAL_UNTIL_OWNER_APPROVAL","FORMAL_CORE_CANDIDATE_ONLY;NO_D001_INCLUDE_OR_IMPORTANCE_INFERENCE"
"546","1c807301-93cd-4e6a-9b0d-b3d9cc187e40","無人機","a48945bd-b12b-49e6-aecb-7a9acdb570ab","軍工國防","TWO","5371","TWO:5371","dc07f615-f743-5183-a16d-f209eaaf5979","owner-topic-membership-20260824.v1","CORE","APPROVED","structural-role-authority-20260912.v4","2026-08-24","2026_REVISED_MARKET_UPDATE","structural-role-authority:structural-role-authority-20260912.v4","c35c15911c355766dbaa53e76629ae17c84f8d1bbc98e2053b7e87592c0274bc","PENDING_OWNER_REVIEW","PENDING_OWNER_REVIEW","PENDING_OWNER_REVIEW","NONE_RECOVERED","PENDING_OWNER_REVIEW","NOT_FORMAL_UNTIL_OWNER_APPROVAL","FORMAL_CORE_CANDIDATE_ONLY;NO_D001_INCLUDE_OR_IMPORTANCE_INFERENCE"
"547","1c807301-93cd-4e6a-9b0d-b3d9cc187e40","無人機","a48945bd-b12b-49e6-aecb-7a9acdb570ab","軍工國防","TWO","6517","TWO:6517","fa5a0fb4-504c-5079-a210-66cf5e071a09","owner-topic-membership-20260824.v1","CORE","APPROVED","structural-role-authority-20260912.v4","2026-08-24","fixtures/research/topic_universe_mapping.v1.csv","structural-role-authority:structural-role-authority-20260912.v4","c35c15911c355766dbaa53e76629ae17c84f8d1bbc98e2053b7e87592c0274bc","PENDING_OWNER_REVIEW","PENDING_OWNER_REVIEW","PENDING_OWNER_REVIEW","NONE_RECOVERED","PENDING_OWNER_REVIEW","NOT_FORMAL_UNTIL_OWNER_APPROVAL","FORMAL_CORE_CANDIDATE_ONLY;NO_D001_INCLUDE_OR_IMPORTANCE_INFERENCE"
"548","9a7d14ea-5783-4131-ab8c-204c301658f9","視覺檢測","ebcfa5ce-aa87-45cb-b2c7-fd6a12e65ef5","AI視覺","TPE","3535","TPE:3535","0dbe1506-cb61-54f2-8dc3-31d49ec336a5","owner-topic-membership-20260824.v1","CORE","APPROVED","structural-role-authority-20260912.v4","2026-08-24","fixtures/research/topic_universe_mapping.v1.csv","structural-role-authority:structural-role-authority-20260912.v4","c35c15911c355766dbaa53e76629ae17c84f8d1bbc98e2053b7e87592c0274bc","PENDING_OWNER_REVIEW","PENDING_OWNER_REVIEW","PENDING_OWNER_REVIEW","NONE_RECOVERED","PENDING_OWNER_REVIEW","NOT_FORMAL_UNTIL_OWNER_APPROVAL","FORMAL_CORE_CANDIDATE_ONLY;NO_D001_INCLUDE_OR_IMPORTANCE_INFERENCE"
"549","9a7d14ea-5783-4131-ab8c-204c301658f9","視覺檢測","ebcfa5ce-aa87-45cb-b2c7-fd6a12e65ef5","AI視覺","TPE","4585","TPE:4585","fea17523-5862-5439-bd23-1da773265c0a","owner-topic-membership-20260824.v1","CORE","APPROVED","structural-role-authority-20260912.v4","2026-08-24","2026_NEW_TOPIC_ADDITION","structural-role-authority:structural-role-authority-20260912.v4","c35c15911c355766dbaa53e76629ae17c84f8d1bbc98e2053b7e87592c0274bc","PENDING_OWNER_REVIEW","PENDING_OWNER_REVIEW","PENDING_OWNER_REVIEW","NONE_RECOVERED","PENDING_OWNER_REVIEW","NOT_FORMAL_UNTIL_OWNER_APPROVAL","FORMAL_CORE_CANDIDATE_ONLY;NO_D001_INCLUDE_OR_IMPORTANCE_INFERENCE"
"550","89e23af7-21e0-4e7f-b5d6-add9129c5d57","雲端資安","b4b961e8-fea7-4963-a014-6699037525d4","資安服務","TPE","3029","TPE:3029","b563cfaf-af18-5dcc-bed7-01947f0bd897","owner-topic-membership-20260824.v1","CORE","APPROVED","structural-role-authority-20260912.v4","2026-08-24","2026_REVISED_MARKET_UPDATE","structural-role-authority:structural-role-authority-20260912.v4","c35c15911c355766dbaa53e76629ae17c84f8d1bbc98e2053b7e87592c0274bc","PENDING_OWNER_REVIEW","PENDING_OWNER_REVIEW","PENDING_OWNER_REVIEW","NONE_RECOVERED","PENDING_OWNER_REVIEW","NOT_FORMAL_UNTIL_OWNER_APPROVAL","FORMAL_CORE_CANDIDATE_ONLY;NO_D001_INCLUDE_OR_IMPORTANCE_INFERENCE"
"551","89e23af7-21e0-4e7f-b5d6-add9129c5d57","雲端資安","b4b961e8-fea7-4963-a014-6699037525d4","資安服務","TWO","7714","TWO:7714","c5a41e61-e99f-5947-92de-acfac775fb69","owner-topic-membership-20260824.v1","CORE","APPROVED","structural-role-authority-20260912.v4","2026-08-24","fixtures/research/topic_universe_mapping.v1.csv","structural-role-authority:structural-role-authority-20260912.v4","c35c15911c355766dbaa53e76629ae17c84f8d1bbc98e2053b7e87592c0274bc","PENDING_OWNER_REVIEW","PENDING_OWNER_REVIEW","PENDING_OWNER_REVIEW","NONE_RECOVERED","PENDING_OWNER_REVIEW","NOT_FORMAL_UNTIL_OWNER_APPROVAL","FORMAL_CORE_CANDIDATE_ONLY;NO_D001_INCLUDE_OR_IMPORTANCE_INFERENCE"
"552","48fb298e-56bf-5c19-9329-dac53558ec9c","傳統硬板與軟板","3155541d-614f-41b0-aeac-3f79c9efab65","PCB供應鏈","TPE","2316","TPE:2316","ed9cd6aa-db29-5417-a579-91617884c49a","owner-topic-membership-20260824.v1","CORE","APPROVED","structural-role-authority-20260912.v4","2026-08-24","fixtures/research/topic_universe_mapping.v1.csv","structural-role-authority:structural-role-authority-20260912.v4","c35c15911c355766dbaa53e76629ae17c84f8d1bbc98e2053b7e87592c0274bc","PENDING_OWNER_REVIEW","PENDING_OWNER_REVIEW","PENDING_OWNER_REVIEW","NONE_RECOVERED","PENDING_OWNER_REVIEW","NOT_FORMAL_UNTIL_OWNER_APPROVAL","FORMAL_CORE_CANDIDATE_ONLY;NO_D001_INCLUDE_OR_IMPORTANCE_INFERENCE"
"553","48fb298e-56bf-5c19-9329-dac53558ec9c","傳統硬板與軟板","3155541d-614f-41b0-aeac-3f79c9efab65","PCB供應鏈","TPE","2355","TPE:2355","ccc953ab-903d-5a79-bbc6-b456128c2291","owner-topic-membership-20260824.v1","CORE","APPROVED","structural-role-authority-20260912.v4","2026-08-24","2026_REVISED_MARKET_UPDATE","structural-role-authority:structural-role-authority-20260912.v4","c35c15911c355766dbaa53e76629ae17c84f8d1bbc98e2053b7e87592c0274bc","PENDING_OWNER_REVIEW","PENDING_OWNER_REVIEW","PENDING_OWNER_REVIEW","NONE_RECOVERED","PENDING_OWNER_REVIEW","NOT_FORMAL_UNTIL_OWNER_APPROVAL","FORMAL_CORE_CANDIDATE_ONLY;NO_D001_INCLUDE_OR_IMPORTANCE_INFERENCE"
"554","48fb298e-56bf-5c19-9329-dac53558ec9c","傳統硬板與軟板","3155541d-614f-41b0-aeac-3f79c9efab65","PCB供應鏈","TPE","6153","TPE:6153","4c74b94c-775b-5a3b-ad97-7e615cbd5e4d","owner-topic-membership-20260824.v1","CORE","APPROVED","structural-role-authority-20260912.v4","2026-08-24","fixtures/research/topic_universe_mapping.v1.csv","structural-role-authority:structural-role-authority-20260912.v4","c35c15911c355766dbaa53e76629ae17c84f8d1bbc98e2053b7e87592c0274bc","PENDING_OWNER_REVIEW","PENDING_OWNER_REVIEW","PENDING_OWNER_REVIEW","NONE_RECOVERED","PENDING_OWNER_REVIEW","NOT_FORMAL_UNTIL_OWNER_APPROVAL","FORMAL_CORE_CANDIDATE_ONLY;NO_D001_INCLUDE_OR_IMPORTANCE_INFERENCE"
"555","48fb298e-56bf-5c19-9329-dac53558ec9c","傳統硬板與軟板","3155541d-614f-41b0-aeac-3f79c9efab65","PCB供應鏈","TPE","6191","TPE:6191","f777705d-8255-5219-934a-8570e055cf15","owner-topic-membership-20260824.v1","CORE","APPROVED","structural-role-authority-20260912.v4","2026-08-24","fixtures/research/topic_universe_mapping.v1.csv","structural-role-authority:structural-role-authority-20260912.v4","c35c15911c355766dbaa53e76629ae17c84f8d1bbc98e2053b7e87592c0274bc","PENDING_OWNER_REVIEW","PENDING_OWNER_REVIEW","PENDING_OWNER_REVIEW","NONE_RECOVERED","PENDING_OWNER_REVIEW","NOT_FORMAL_UNTIL_OWNER_APPROVAL","FORMAL_CORE_CANDIDATE_ONLY;NO_D001_INCLUDE_OR_IMPORTANCE_INFERENCE"
"556","48fb298e-56bf-5c19-9329-dac53558ec9c","傳統硬板與軟板","3155541d-614f-41b0-aeac-3f79c9efab65","PCB供應鏈","TPE","6269","TPE:6269","960c4df0-14c5-5749-8a4d-96680fdf7b2e","owner-topic-membership-20260824.v1","CORE","APPROVED","structural-role-authority-20260912.v4","2026-08-24","fixtures/research/topic_universe_mapping.v1.csv","structural-role-authority:structural-role-authority-20260912.v4","c35c15911c355766dbaa53e76629ae17c84f8d1bbc98e2053b7e87592c0274bc","PENDING_OWNER_REVIEW","PENDING_OWNER_REVIEW","PENDING_OWNER_REVIEW","NONE_RECOVERED","PENDING_OWNER_REVIEW","NOT_FORMAL_UNTIL_OWNER_APPROVAL","FORMAL_CORE_CANDIDATE_ONLY;NO_D001_INCLUDE_OR_IMPORTANCE_INFERENCE"
"557","48fb298e-56bf-5c19-9329-dac53558ec9c","傳統硬板與軟板","3155541d-614f-41b0-aeac-3f79c9efab65","PCB供應鏈","TWO","3390","TWO:3390","cde492b7-6559-5bea-884b-329775a755e0","owner-topic-membership-20260824.v1","CORE","APPROVED","structural-role-authority-20260912.v4","2026-08-24","fixtures/research/topic_universe_mapping.v1.csv","structural-role-authority:structural-role-authority-20260912.v4","c35c15911c355766dbaa53e76629ae17c84f8d1bbc98e2053b7e87592c0274bc","PENDING_OWNER_REVIEW","PENDING_OWNER_REVIEW","PENDING_OWNER_REVIEW","NONE_RECOVERED","PENDING_OWNER_REVIEW","NOT_FORMAL_UNTIL_OWNER_APPROVAL","FORMAL_CORE_CANDIDATE_ONLY;NO_D001_INCLUDE_OR_IMPORTANCE_INFERENCE"
"558","ac1c31d5-8daa-4f22-9aa1-beaee1291b06","雷達與感測","a48945bd-b12b-49e6-aecb-7a9acdb570ab","軍工國防","TPE","2367","TPE:2367","5147b254-1955-5c1b-8347-5f2e0f4cfefd","owner-topic-membership-20260824.v1","CORE","APPROVED","structural-role-authority-20260912.v4","2026-08-24","2026_REVISED_MARKET_UPDATE","structural-role-authority:structural-role-authority-20260912.v4","c35c15911c355766dbaa53e76629ae17c84f8d1bbc98e2053b7e87592c0274bc","PENDING_OWNER_REVIEW","PENDING_OWNER_REVIEW","PENDING_OWNER_REVIEW","NONE_RECOVERED","PENDING_OWNER_REVIEW","NOT_FORMAL_UNTIL_OWNER_APPROVAL","FORMAL_CORE_CANDIDATE_ONLY;NO_D001_INCLUDE_OR_IMPORTANCE_INFERENCE"
"559","ac1c31d5-8daa-4f22-9aa1-beaee1291b06","雷達與感測","a48945bd-b12b-49e6-aecb-7a9acdb570ab","軍工國防","TPE","2413","TPE:2413","3b637462-2129-5d17-a669-508dcaafdcee","owner-topic-membership-20260824.v1","CORE","APPROVED","structural-role-authority-20260912.v4","2026-08-24","2026_REVISED_MARKET_UPDATE","structural-role-authority:structural-role-authority-20260912.v4","c35c15911c355766dbaa53e76629ae17c84f8d1bbc98e2053b7e87592c0274bc","PENDING_OWNER_REVIEW","PENDING_OWNER_REVIEW","PENDING_OWNER_REVIEW","NONE_RECOVERED","PENDING_OWNER_REVIEW","NOT_FORMAL_UNTIL_OWNER_APPROVAL","FORMAL_CORE_CANDIDATE_ONLY;NO_D001_INCLUDE_OR_IMPORTANCE_INFERENCE"
"560","bcc8045a-82a1-4ad0-bb0f-e2e37b04c1d1","電子化學材料","d1514075-c622-4d00-85d2-84162697daa2","半導體材料","TPE","1711","TPE:1711","99884a9a-c215-5032-94e4-a732da7dae35","owner-topic-membership-20260824.v1","CORE","APPROVED","structural-role-authority-20260912.v4","2026-08-24","2026_REVISED_MARKET_UPDATE","structural-role-authority:structural-role-authority-20260912.v4","c35c15911c355766dbaa53e76629ae17c84f8d1bbc98e2053b7e87592c0274bc","PENDING_OWNER_REVIEW","PENDING_OWNER_REVIEW","PENDING_OWNER_REVIEW","NONE_RECOVERED","PENDING_OWNER_REVIEW","NOT_FORMAL_UNTIL_OWNER_APPROVAL","FORMAL_CORE_CANDIDATE_ONLY;NO_D001_INCLUDE_OR_IMPORTANCE_INFERENCE"
"561","bcc8045a-82a1-4ad0-bb0f-e2e37b04c1d1","電子化學材料","d1514075-c622-4d00-85d2-84162697daa2","半導體材料","TPE","1727","TPE:1727","81a6029e-0cdc-56d0-8f5b-102c3dff795d","owner-topic-membership-20260824.v1","CORE","APPROVED","structural-role-authority-20260912.v4","2026-08-24","fixtures/research/topic_universe_mapping.v1.csv","structural-role-authority:structural-role-authority-20260912.v4","c35c15911c355766dbaa53e76629ae17c84f8d1bbc98e2053b7e87592c0274bc","PENDING_OWNER_REVIEW","PENDING_OWNER_REVIEW","PENDING_OWNER_REVIEW","NONE_RECOVERED","PENDING_OWNER_REVIEW","NOT_FORMAL_UNTIL_OWNER_APPROVAL","FORMAL_CORE_CANDIDATE_ONLY;NO_D001_INCLUDE_OR_IMPORTANCE_INFERENCE"
"562","bcc8045a-82a1-4ad0-bb0f-e2e37b04c1d1","電子化學材料","d1514075-c622-4d00-85d2-84162697daa2","半導體材料","TPE","1773","TPE:1773","79e35601-5934-5acf-b131-f1801af1f5c6","owner-topic-membership-20260824.v1","CORE","APPROVED","structural-role-authority-20260912.v4","2026-08-24","fixtures/research/topic_universe_mapping.v1.csv","structural-role-authority:structural-role-authority-20260912.v4","c35c15911c355766dbaa53e76629ae17c84f8d1bbc98e2053b7e87592c0274bc","PENDING_OWNER_REVIEW","PENDING_OWNER_REVIEW","PENDING_OWNER_REVIEW","NONE_RECOVERED","PENDING_OWNER_REVIEW","NOT_FORMAL_UNTIL_OWNER_APPROVAL","FORMAL_CORE_CANDIDATE_ONLY;NO_D001_INCLUDE_OR_IMPORTANCE_INFERENCE"
"563","bcc8045a-82a1-4ad0-bb0f-e2e37b04c1d1","電子化學材料","d1514075-c622-4d00-85d2-84162697daa2","半導體材料","TPE","4722","TPE:4722","951dc8ee-4a61-51c7-8e20-80d5d48b64c7","owner-topic-membership-20260824.v1","CORE","APPROVED","structural-role-authority-20260912.v4","2026-08-24","2026_REVISED_MARKET_UPDATE","structural-role-authority:structural-role-authority-20260912.v4","c35c15911c355766dbaa53e76629ae17c84f8d1bbc98e2053b7e87592c0274bc","PENDING_OWNER_REVIEW","PENDING_OWNER_REVIEW","PENDING_OWNER_REVIEW","NONE_RECOVERED","PENDING_OWNER_REVIEW","NOT_FORMAL_UNTIL_OWNER_APPROVAL","FORMAL_CORE_CANDIDATE_ONLY;NO_D001_INCLUDE_OR_IMPORTANCE_INFERENCE"
"564","bcc8045a-82a1-4ad0-bb0f-e2e37b04c1d1","電子化學材料","d1514075-c622-4d00-85d2-84162697daa2","半導體材料","TPE","6585","TPE:6585","6bccc0f1-6965-5adf-a7f6-d1b563687400","owner-topic-membership-20260824.v1","CORE","APPROVED","structural-role-authority-20260912.v4","2026-08-24","2026_REVISED_MARKET_UPDATE","structural-role-authority:structural-role-authority-20260912.v4","c35c15911c355766dbaa53e76629ae17c84f8d1bbc98e2053b7e87592c0274bc","PENDING_OWNER_REVIEW","PENDING_OWNER_REVIEW","PENDING_OWNER_REVIEW","NONE_RECOVERED","PENDING_OWNER_REVIEW","NOT_FORMAL_UNTIL_OWNER_APPROVAL","FORMAL_CORE_CANDIDATE_ONLY;NO_D001_INCLUDE_OR_IMPORTANCE_INFERENCE"
"565","bcc8045a-82a1-4ad0-bb0f-e2e37b04c1d1","電子化學材料","d1514075-c622-4d00-85d2-84162697daa2","半導體材料","TPE","7610","TPE:7610","ae642013-7eff-5227-adc6-a3cc9783df84","owner-topic-membership-20260824.v1","CORE","APPROVED","structural-role-authority-20260912.v4","2026-08-24","2026_REVISED_MARKET_UPDATE","structural-role-authority:structural-role-authority-20260912.v4","c35c15911c355766dbaa53e76629ae17c84f8d1bbc98e2053b7e87592c0274bc","PENDING_OWNER_REVIEW","PENDING_OWNER_REVIEW","PENDING_OWNER_REVIEW","NONE_RECOVERED","PENDING_OWNER_REVIEW","NOT_FORMAL_UNTIL_OWNER_APPROVAL","FORMAL_CORE_CANDIDATE_ONLY;NO_D001_INCLUDE_OR_IMPORTANCE_INFERENCE"
"566","bcc8045a-82a1-4ad0-bb0f-e2e37b04c1d1","電子化學材料","d1514075-c622-4d00-85d2-84162697daa2","半導體材料","TWO","4716","TWO:4716","48790419-d60b-5286-93e6-bec4ecbf0536","owner-topic-membership-20260824.v1","CORE","APPROVED","structural-role-authority-20260912.v4","2026-08-24","2026_NEW_TOPIC_ADDITION","structural-role-authority:structural-role-authority-20260912.v4","c35c15911c355766dbaa53e76629ae17c84f8d1bbc98e2053b7e87592c0274bc","PENDING_OWNER_REVIEW","PENDING_OWNER_REVIEW","PENDING_OWNER_REVIEW","NONE_RECOVERED","PENDING_OWNER_REVIEW","NOT_FORMAL_UNTIL_OWNER_APPROVAL","FORMAL_CORE_CANDIDATE_ONLY;NO_D001_INCLUDE_OR_IMPORTANCE_INFERENCE"
"567","1f0d1fd6-a41b-4baa-836b-d0461d30e11e","電動車／EV","41cab158-24db-40b9-90cf-fa859870f165","車用電子","TPE","1503","TPE:1503","0e8a0b44-6e7d-5b13-ac55-f03945148c8e","owner-topic-membership-20260824.v1","CORE","APPROVED","structural-role-authority-20260912.v4","2026-08-24","2026_REVISED_MARKET_UPDATE","structural-role-authority:structural-role-authority-20260912.v4","c35c15911c355766dbaa53e76629ae17c84f8d1bbc98e2053b7e87592c0274bc","PENDING_OWNER_REVIEW","PENDING_OWNER_REVIEW","PENDING_OWNER_REVIEW","NONE_RECOVERED","PENDING_OWNER_REVIEW","NOT_FORMAL_UNTIL_OWNER_APPROVAL","FORMAL_CORE_CANDIDATE_ONLY;NO_D001_INCLUDE_OR_IMPORTANCE_INFERENCE"
"568","1f0d1fd6-a41b-4baa-836b-d0461d30e11e","電動車／EV","41cab158-24db-40b9-90cf-fa859870f165","車用電子","TPE","1536","TPE:1536","1c5c2036-3a70-5033-a526-e1e1c4c6764f","owner-topic-membership-20260824.v1","CORE","APPROVED","structural-role-authority-20260912.v4","2026-08-24","2026_NEW_TOPIC_ADDITION","structural-role-authority:structural-role-authority-20260912.v4","c35c15911c355766dbaa53e76629ae17c84f8d1bbc98e2053b7e87592c0274bc","PENDING_OWNER_REVIEW","PENDING_OWNER_REVIEW","PENDING_OWNER_REVIEW","NONE_RECOVERED","PENDING_OWNER_REVIEW","NOT_FORMAL_UNTIL_OWNER_APPROVAL","FORMAL_CORE_CANDIDATE_ONLY;NO_D001_INCLUDE_OR_IMPORTANCE_INFERENCE"
"569","1f0d1fd6-a41b-4baa-836b-d0461d30e11e","電動車／EV","41cab158-24db-40b9-90cf-fa859870f165","車用電子","TPE","2317","TPE:2317","da8cb9a2-d77f-5028-be93-f53c8ea4c779","owner-topic-membership-20260824.v1","CORE","APPROVED","structural-role-authority-20260912.v4","2026-08-24","fixtures/research/topic_universe_mapping.v1.csv","structural-role-authority:structural-role-authority-20260912.v4","c35c15911c355766dbaa53e76629ae17c84f8d1bbc98e2053b7e87592c0274bc","PENDING_OWNER_REVIEW","PENDING_OWNER_REVIEW","PENDING_OWNER_REVIEW","NONE_RECOVERED","PENDING_OWNER_REVIEW","NOT_FORMAL_UNTIL_OWNER_APPROVAL","FORMAL_CORE_CANDIDATE_ONLY;NO_D001_INCLUDE_OR_IMPORTANCE_INFERENCE"
"570","1f0d1fd6-a41b-4baa-836b-d0461d30e11e","電動車／EV","41cab158-24db-40b9-90cf-fa859870f165","車用電子","TPE","3665","TPE:3665","77a44602-49cb-5dc4-ae45-7d469431f0ec","owner-topic-membership-20260824.v1","CORE","APPROVED","structural-role-authority-20260912.v4","2026-08-24","2026_NEW_TOPIC_ADDITION","structural-role-authority:structural-role-authority-20260912.v4","c35c15911c355766dbaa53e76629ae17c84f8d1bbc98e2053b7e87592c0274bc","PENDING_OWNER_REVIEW","PENDING_OWNER_REVIEW","PENDING_OWNER_REVIEW","NONE_RECOVERED","PENDING_OWNER_REVIEW","NOT_FORMAL_UNTIL_OWNER_APPROVAL","FORMAL_CORE_CANDIDATE_ONLY;NO_D001_INCLUDE_OR_IMPORTANCE_INFERENCE"
"571","1f0d1fd6-a41b-4baa-836b-d0461d30e11e","電動車／EV","41cab158-24db-40b9-90cf-fa859870f165","車用電子","TPE","5243","TPE:5243","5348817c-386b-59fe-9550-6db82a8d5c38","owner-topic-membership-20260824.v1","CORE","APPROVED","structural-role-authority-20260912.v4","2026-08-24","2026_NEW_TOPIC_ADDITION","structural-role-authority:structural-role-authority-20260912.v4","c35c15911c355766dbaa53e76629ae17c84f8d1bbc98e2053b7e87592c0274bc","PENDING_OWNER_REVIEW","PENDING_OWNER_REVIEW","PENDING_OWNER_REVIEW","NONE_RECOVERED","PENDING_OWNER_REVIEW","NOT_FORMAL_UNTIL_OWNER_APPROVAL","FORMAL_CORE_CANDIDATE_ONLY;NO_D001_INCLUDE_OR_IMPORTANCE_INFERENCE"
"572","1f0d1fd6-a41b-4baa-836b-d0461d30e11e","電動車／EV","41cab158-24db-40b9-90cf-fa859870f165","車用電子","TPE","6781","TPE:6781","957b1360-9772-50f9-a2fa-780df3939c58","owner-topic-membership-20260824.v1","CORE","APPROVED","structural-role-authority-20260912.v4","2026-08-24","2026_REVISED_MARKET_UPDATE","structural-role-authority:structural-role-authority-20260912.v4","c35c15911c355766dbaa53e76629ae17c84f8d1bbc98e2053b7e87592c0274bc","PENDING_OWNER_REVIEW","PENDING_OWNER_REVIEW","PENDING_OWNER_REVIEW","NONE_RECOVERED","PENDING_OWNER_REVIEW","NOT_FORMAL_UNTIL_OWNER_APPROVAL","FORMAL_CORE_CANDIDATE_ONLY;NO_D001_INCLUDE_OR_IMPORTANCE_INFERENCE"
"573","d97e2401-b3c0-4af3-8c09-fc4e8e7e0a68","電感","aae91e68-1ace-4106-bd4f-2d2dca0f7af6","被動元件","TPE","2375","TPE:2375","508c4466-34be-555d-bf5c-c0a061ef7fa9","owner-topic-membership-20260824.v1","CORE","APPROVED","structural-role-authority-20260912.v4","2026-08-24","fixtures/research/topic_universe_mapping.v1.csv","structural-role-authority:structural-role-authority-20260912.v4","c35c15911c355766dbaa53e76629ae17c84f8d1bbc98e2053b7e87592c0274bc","PENDING_OWNER_REVIEW","PENDING_OWNER_REVIEW","PENDING_OWNER_REVIEW","NONE_RECOVERED","PENDING_OWNER_REVIEW","NOT_FORMAL_UNTIL_OWNER_APPROVAL","FORMAL_CORE_CANDIDATE_ONLY;NO_D001_INCLUDE_OR_IMPORTANCE_INFERENCE"
"574","d97e2401-b3c0-4af3-8c09-fc4e8e7e0a68","電感","aae91e68-1ace-4106-bd4f-2d2dca0f7af6","被動元件","TWO","6432","TWO:6432","7767eec2-f9a2-53d1-b5f8-8db184901dc2","owner-topic-membership-20260824.v1","CORE","APPROVED","structural-role-authority-20260912.v4","2026-08-24","fixtures/research/topic_universe_mapping.v1.csv","structural-role-authority:structural-role-authority-20260912.v4","c35c15911c355766dbaa53e76629ae17c84f8d1bbc98e2053b7e87592c0274bc","PENDING_OWNER_REVIEW","PENDING_OWNER_REVIEW","PENDING_OWNER_REVIEW","NONE_RECOVERED","PENDING_OWNER_REVIEW","NOT_FORMAL_UNTIL_OWNER_APPROVAL","FORMAL_CORE_CANDIDATE_ONLY;NO_D001_INCLUDE_OR_IMPORTANCE_INFERENCE"
"575","d97e2401-b3c0-4af3-8c09-fc4e8e7e0a68","電感","aae91e68-1ace-4106-bd4f-2d2dca0f7af6","被動元件","TWO","6821","TWO:6821","2de0fda1-e1a6-5af3-8264-b93d3fe2dcfa","owner-topic-membership-20260824.v1","CORE","APPROVED","structural-role-authority-20260912.v4","2026-08-24","fixtures/research/topic_universe_mapping.v1.csv","structural-role-authority:structural-role-authority-20260912.v4","c35c15911c355766dbaa53e76629ae17c84f8d1bbc98e2053b7e87592c0274bc","PENDING_OWNER_REVIEW","PENDING_OWNER_REVIEW","PENDING_OWNER_REVIEW","NONE_RECOVERED","PENDING_OWNER_REVIEW","NOT_FORMAL_UNTIL_OWNER_APPROVAL","FORMAL_CORE_CANDIDATE_ONLY;NO_D001_INCLUDE_OR_IMPORTANCE_INFERENCE"
"576","065171f4-cc98-4614-9cb9-e33729a6537b","端點資安","b4b961e8-fea7-4963-a014-6699037525d4","資安服務","TPE","6112","TPE:6112","a445c855-db2e-57a7-bc3d-09206d7483be","owner-topic-membership-20260824.v1","CORE","APPROVED","structural-role-authority-20260912.v4","2026-08-24","fixtures/research/topic_universe_mapping.v1.csv","structural-role-authority:structural-role-authority-20260912.v4","c35c15911c355766dbaa53e76629ae17c84f8d1bbc98e2053b7e87592c0274bc","PENDING_OWNER_REVIEW","PENDING_OWNER_REVIEW","PENDING_OWNER_REVIEW","NONE_RECOVERED","PENDING_OWNER_REVIEW","NOT_FORMAL_UNTIL_OWNER_APPROVAL","FORMAL_CORE_CANDIDATE_ONLY;NO_D001_INCLUDE_OR_IMPORTANCE_INFERENCE"
"577","065171f4-cc98-4614-9cb9-e33729a6537b","端點資安","b4b961e8-fea7-4963-a014-6699037525d4","資安服務","TWO","3147","TWO:3147","0b178538-c4b1-545c-834f-d2035e04ddc8","owner-topic-membership-20260824.v1","CORE","APPROVED","structural-role-authority-20260912.v4","2026-08-24","fixtures/research/topic_universe_mapping.v1.csv","structural-role-authority:structural-role-authority-20260912.v4","c35c15911c355766dbaa53e76629ae17c84f8d1bbc98e2053b7e87592c0274bc","PENDING_OWNER_REVIEW","PENDING_OWNER_REVIEW","PENDING_OWNER_REVIEW","NONE_RECOVERED","PENDING_OWNER_REVIEW","NOT_FORMAL_UNTIL_OWNER_APPROVAL","FORMAL_CORE_CANDIDATE_ONLY;NO_D001_INCLUDE_OR_IMPORTANCE_INFERENCE"
"578","065171f4-cc98-4614-9cb9-e33729a6537b","端點資安","b4b961e8-fea7-4963-a014-6699037525d4","資安服務","TWO","5410","TWO:5410","34c6c72b-384f-546c-b120-ad6856d7fb6e","owner-topic-membership-20260824.v1","CORE","APPROVED","structural-role-authority-20260912.v4","2026-08-24","fixtures/research/topic_universe_mapping.v1.csv","structural-role-authority:structural-role-authority-20260912.v4","c35c15911c355766dbaa53e76629ae17c84f8d1bbc98e2053b7e87592c0274bc","PENDING_OWNER_REVIEW","PENDING_OWNER_REVIEW","PENDING_OWNER_REVIEW","NONE_RECOVERED","PENDING_OWNER_REVIEW","NOT_FORMAL_UNTIL_OWNER_APPROVAL","FORMAL_CORE_CANDIDATE_ONLY;NO_D001_INCLUDE_OR_IMPORTANCE_INFERENCE"
"579","065171f4-cc98-4614-9cb9-e33729a6537b","端點資安","b4b961e8-fea7-4963-a014-6699037525d4","資安服務","TWO","6752","TWO:6752","f28caf13-b70f-5286-978a-57b2201f83d2","owner-topic-membership-20260824.v1","CORE","APPROVED","structural-role-authority-20260912.v4","2026-08-24","fixtures/research/topic_universe_mapping.v1.csv","structural-role-authority:structural-role-authority-20260912.v4","c35c15911c355766dbaa53e76629ae17c84f8d1bbc98e2053b7e87592c0274bc","PENDING_OWNER_REVIEW","PENDING_OWNER_REVIEW","PENDING_OWNER_REVIEW","NONE_RECOVERED","PENDING_OWNER_REVIEW","NOT_FORMAL_UNTIL_OWNER_APPROVAL","FORMAL_CORE_CANDIDATE_ONLY;NO_D001_INCLUDE_OR_IMPORTANCE_INFERENCE"
"580","065171f4-cc98-4614-9cb9-e33729a6537b","端點資安","b4b961e8-fea7-4963-a014-6699037525d4","資安服務","TWO","7714","TWO:7714","7d229dab-02ac-5ff8-a34c-a1037a1eb04a","owner-topic-membership-20260824.v1","CORE","APPROVED","structural-role-authority-20260912.v4","2026-08-24","fixtures/research/topic_universe_mapping.v1.csv","structural-role-authority:structural-role-authority-20260912.v4","c35c15911c355766dbaa53e76629ae17c84f8d1bbc98e2053b7e87592c0274bc","PENDING_OWNER_REVIEW","PENDING_OWNER_REVIEW","PENDING_OWNER_REVIEW","NONE_RECOVERED","PENDING_OWNER_REVIEW","NOT_FORMAL_UNTIL_OWNER_APPROVAL","FORMAL_CORE_CANDIDATE_ONLY;NO_D001_INCLUDE_OR_IMPORTANCE_INFERENCE"
"581","c9eb29e1-5b18-4857-b2bf-9af97265916b","網通","42130f0e-8be7-4f40-bfb0-5dd3f11980c6","通訊與光電","TPE","2312","TPE:2312","af5e9ff1-b24f-5a0d-af41-382118996179","owner-topic-membership-20260824.v1","CORE","APPROVED","structural-role-authority-20260912.v4","2026-08-24","2026_REVISED_MARKET_UPDATE","structural-role-authority:structural-role-authority-20260912.v4","c35c15911c355766dbaa53e76629ae17c84f8d1bbc98e2053b7e87592c0274bc","PENDING_OWNER_REVIEW","PENDING_OWNER_REVIEW","PENDING_OWNER_REVIEW","NONE_RECOVERED","PENDING_OWNER_REVIEW","NOT_FORMAL_UNTIL_OWNER_APPROVAL","FORMAL_CORE_CANDIDATE_ONLY;NO_D001_INCLUDE_OR_IMPORTANCE_INFERENCE"
"582","c9eb29e1-5b18-4857-b2bf-9af97265916b","網通","42130f0e-8be7-4f40-bfb0-5dd3f11980c6","通訊與光電","TPE","3596","TPE:3596","107bc613-4348-55f6-abcf-4cd0b9b16956","owner-topic-membership-20260824.v1","CORE","APPROVED","structural-role-authority-20260912.v4","2026-08-24","fixtures/research/topic_universe_mapping.v1.csv","structural-role-authority:structural-role-authority-20260912.v4","c35c15911c355766dbaa53e76629ae17c84f8d1bbc98e2053b7e87592c0274bc","PENDING_OWNER_REVIEW","PENDING_OWNER_REVIEW","PENDING_OWNER_REVIEW","NONE_RECOVERED","PENDING_OWNER_REVIEW","NOT_FORMAL_UNTIL_OWNER_APPROVAL","FORMAL_CORE_CANDIDATE_ONLY;NO_D001_INCLUDE_OR_IMPORTANCE_INFERENCE"
"583","c9eb29e1-5b18-4857-b2bf-9af97265916b","網通","42130f0e-8be7-4f40-bfb0-5dd3f11980c6","通訊與光電","TPE","4977","TPE:4977","5261b006-983d-56a9-87cd-baa37b73a54e","owner-topic-membership-20260824.v1","CORE","APPROVED","structural-role-authority-20260912.v4","2026-08-24","2026_REVISED_MARKET_UPDATE","structural-role-authority:structural-role-authority-20260912.v4","c35c15911c355766dbaa53e76629ae17c84f8d1bbc98e2053b7e87592c0274bc","PENDING_OWNER_REVIEW","PENDING_OWNER_REVIEW","PENDING_OWNER_REVIEW","NONE_RECOVERED","PENDING_OWNER_REVIEW","NOT_FORMAL_UNTIL_OWNER_APPROVAL","FORMAL_CORE_CANDIDATE_ONLY;NO_D001_INCLUDE_OR_IMPORTANCE_INFERENCE"
"584","c9eb29e1-5b18-4857-b2bf-9af97265916b","網通","42130f0e-8be7-4f40-bfb0-5dd3f11980c6","通訊與光電","TPE","5222","TPE:5222","156d2bff-25c8-5219-bfc6-4cf1b11759e1","owner-topic-membership-20260824.v1","CORE","APPROVED","structural-role-authority-20260912.v4","2026-08-24","fixtures/research/topic_universe_mapping.v1.csv","structural-role-authority:structural-role-authority-20260912.v4","c35c15911c355766dbaa53e76629ae17c84f8d1bbc98e2053b7e87592c0274bc","PENDING_OWNER_REVIEW","PENDING_OWNER_REVIEW","PENDING_OWNER_REVIEW","NONE_RECOVERED","PENDING_OWNER_REVIEW","NOT_FORMAL_UNTIL_OWNER_APPROVAL","FORMAL_CORE_CANDIDATE_ONLY;NO_D001_INCLUDE_OR_IMPORTANCE_INFERENCE"
"585","c9eb29e1-5b18-4857-b2bf-9af97265916b","網通","42130f0e-8be7-4f40-bfb0-5dd3f11980c6","通訊與光電","TPE","5388","TPE:5388","12d10793-1ff4-58ae-bb17-fbbfb483d4e7","owner-topic-membership-20260824.v1","CORE","APPROVED","structural-role-authority-20260912.v4","2026-08-24","fixtures/research/topic_universe_mapping.v1.csv","structural-role-authority:structural-role-authority-20260912.v4","c35c15911c355766dbaa53e76629ae17c84f8d1bbc98e2053b7e87592c0274bc","PENDING_OWNER_REVIEW","PENDING_OWNER_REVIEW","PENDING_OWNER_REVIEW","NONE_RECOVERED","PENDING_OWNER_REVIEW","NOT_FORMAL_UNTIL_OWNER_APPROVAL","FORMAL_CORE_CANDIDATE_ONLY;NO_D001_INCLUDE_OR_IMPORTANCE_INFERENCE"
"586","c9eb29e1-5b18-4857-b2bf-9af97265916b","網通","42130f0e-8be7-4f40-bfb0-5dd3f11980c6","通訊與光電","TPE","6526","TPE:6526","dbfe87e7-58cb-5eb3-acd9-3edb6d9a3eb9","owner-topic-membership-20260824.v1","CORE","APPROVED","structural-role-authority-20260912.v4","2026-08-24","fixtures/research/topic_universe_mapping.v1.csv","structural-role-authority:structural-role-authority-20260912.v4","c35c15911c355766dbaa53e76629ae17c84f8d1bbc98e2053b7e87592c0274bc","PENDING_OWNER_REVIEW","PENDING_OWNER_REVIEW","PENDING_OWNER_REVIEW","NONE_RECOVERED","PENDING_OWNER_REVIEW","NOT_FORMAL_UNTIL_OWNER_APPROVAL","FORMAL_CORE_CANDIDATE_ONLY;NO_D001_INCLUDE_OR_IMPORTANCE_INFERENCE"
"587","c9eb29e1-5b18-4857-b2bf-9af97265916b","網通","42130f0e-8be7-4f40-bfb0-5dd3f11980c6","通訊與光電","TWO","3081","TWO:3081","25a2c040-efd4-5c38-8548-78d2c1e1dd38","owner-topic-membership-20260824.v1","CORE","APPROVED","structural-role-authority-20260912.v4","2026-08-24","fixtures/research/topic_universe_mapping.v1.csv","structural-role-authority:structural-role-authority-20260912.v4","c35c15911c355766dbaa53e76629ae17c84f8d1bbc98e2053b7e87592c0274bc","PENDING_OWNER_REVIEW","PENDING_OWNER_REVIEW","PENDING_OWNER_REVIEW","NONE_RECOVERED","PENDING_OWNER_REVIEW","NOT_FORMAL_UNTIL_OWNER_APPROVAL","FORMAL_CORE_CANDIDATE_ONLY;NO_D001_INCLUDE_OR_IMPORTANCE_INFERENCE"
"588","c9eb29e1-5b18-4857-b2bf-9af97265916b","網通","42130f0e-8be7-4f40-bfb0-5dd3f11980c6","通訊與光電","TWO","3152","TWO:3152","3215305d-688d-5506-a798-36ba3ee6ada5","owner-topic-membership-20260824.v1","CORE","APPROVED","structural-role-authority-20260912.v4","2026-08-24","fixtures/research/topic_universe_mapping.v1.csv","structural-role-authority:structural-role-authority-20260912.v4","c35c15911c355766dbaa53e76629ae17c84f8d1bbc98e2053b7e87592c0274bc","PENDING_OWNER_REVIEW","PENDING_OWNER_REVIEW","PENDING_OWNER_REVIEW","NONE_RECOVERED","PENDING_OWNER_REVIEW","NOT_FORMAL_UNTIL_OWNER_APPROVAL","FORMAL_CORE_CANDIDATE_ONLY;NO_D001_INCLUDE_OR_IMPORTANCE_INFERENCE"
"589","c9eb29e1-5b18-4857-b2bf-9af97265916b","網通","42130f0e-8be7-4f40-bfb0-5dd3f11980c6","通訊與光電","TWO","3163","TWO:3163","1ec1d62c-4a47-5301-ae8f-ce0d42d13222","owner-topic-membership-20260824.v1","CORE","APPROVED","structural-role-authority-20260912.v4","2026-08-24","fixtures/research/topic_universe_mapping.v1.csv","structural-role-authority:structural-role-authority-20260912.v4","c35c15911c355766dbaa53e76629ae17c84f8d1bbc98e2053b7e87592c0274bc","PENDING_OWNER_REVIEW","PENDING_OWNER_REVIEW","PENDING_OWNER_REVIEW","NONE_RECOVERED","PENDING_OWNER_REVIEW","NOT_FORMAL_UNTIL_OWNER_APPROVAL","FORMAL_CORE_CANDIDATE_ONLY;NO_D001_INCLUDE_OR_IMPORTANCE_INFERENCE"
"590","c9eb29e1-5b18-4857-b2bf-9af97265916b","網通","42130f0e-8be7-4f40-bfb0-5dd3f11980c6","通訊與光電","TWO","3234","TWO:3234","e4e2f664-94ac-5f57-8d66-d441e20116ed","owner-topic-membership-20260824.v1","CORE","APPROVED","structural-role-authority-20260912.v4","2026-08-24","fixtures/research/topic_universe_mapping.v1.csv","structural-role-authority:structural-role-authority-20260912.v4","c35c15911c355766dbaa53e76629ae17c84f8d1bbc98e2053b7e87592c0274bc","PENDING_OWNER_REVIEW","PENDING_OWNER_REVIEW","PENDING_OWNER_REVIEW","NONE_RECOVERED","PENDING_OWNER_REVIEW","NOT_FORMAL_UNTIL_OWNER_APPROVAL","FORMAL_CORE_CANDIDATE_ONLY;NO_D001_INCLUDE_OR_IMPORTANCE_INFERENCE"
"591","c9eb29e1-5b18-4857-b2bf-9af97265916b","網通","42130f0e-8be7-4f40-bfb0-5dd3f11980c6","通訊與光電","TWO","3363","TWO:3363","fcf62be2-f92d-596b-b1b2-de2d27d76f36","owner-topic-membership-20260824.v1","CORE","APPROVED","structural-role-authority-20260912.v4","2026-08-24","2026_REVISED_MARKET_UPDATE","structural-role-authority:structural-role-authority-20260912.v4","c35c15911c355766dbaa53e76629ae17c84f8d1bbc98e2053b7e87592c0274bc","PENDING_OWNER_REVIEW","PENDING_OWNER_REVIEW","PENDING_OWNER_REVIEW","NONE_RECOVERED","PENDING_OWNER_REVIEW","NOT_FORMAL_UNTIL_OWNER_APPROVAL","FORMAL_CORE_CANDIDATE_ONLY;NO_D001_INCLUDE_OR_IMPORTANCE_INFERENCE"
"592","c9eb29e1-5b18-4857-b2bf-9af97265916b","網通","42130f0e-8be7-4f40-bfb0-5dd3f11980c6","通訊與光電","TWO","3558","TWO:3558","f798652d-3155-5067-b774-cf544935a1d8","owner-topic-membership-20260824.v1","CORE","APPROVED","structural-role-authority-20260912.v4","2026-08-24","fixtures/research/topic_universe_mapping.v1.csv","structural-role-authority:structural-role-authority-20260912.v4","c35c15911c355766dbaa53e76629ae17c84f8d1bbc98e2053b7e87592c0274bc","PENDING_OWNER_REVIEW","PENDING_OWNER_REVIEW","PENDING_OWNER_REVIEW","NONE_RECOVERED","PENDING_OWNER_REVIEW","NOT_FORMAL_UNTIL_OWNER_APPROVAL","FORMAL_CORE_CANDIDATE_ONLY;NO_D001_INCLUDE_OR_IMPORTANCE_INFERENCE"
"593","c9eb29e1-5b18-4857-b2bf-9af97265916b","網通","42130f0e-8be7-4f40-bfb0-5dd3f11980c6","通訊與光電","TWO","8048","TWO:8048","0e7c6be1-9951-5fc5-a46b-1cbeda547a8b","owner-topic-membership-20260824.v1","CORE","APPROVED","structural-role-authority-20260912.v4","2026-08-24","fixtures/research/topic_universe_mapping.v1.csv","structural-role-authority:structural-role-authority-20260912.v4","c35c15911c355766dbaa53e76629ae17c84f8d1bbc98e2053b7e87592c0274bc","PENDING_OWNER_REVIEW","PENDING_OWNER_REVIEW","PENDING_OWNER_REVIEW","NONE_RECOVERED","PENDING_OWNER_REVIEW","NOT_FORMAL_UNTIL_OWNER_APPROVAL","FORMAL_CORE_CANDIDATE_ONLY;NO_D001_INCLUDE_OR_IMPORTANCE_INFERENCE"
"594","76a3554d-cc99-4330-8450-d803dc712eed","網路資安","b4b961e8-fea7-4963-a014-6699037525d4","資安服務","TPE","6112","TPE:6112","d0d64b21-b79b-5fc4-b19e-d64aff27aaba","owner-topic-membership-20260824.v1","CORE","APPROVED","structural-role-authority-20260912.v4","2026-08-24","fixtures/research/topic_universe_mapping.v1.csv","structural-role-authority:structural-role-authority-20260912.v4","c35c15911c355766dbaa53e76629ae17c84f8d1bbc98e2053b7e87592c0274bc","PENDING_OWNER_REVIEW","PENDING_OWNER_REVIEW","PENDING_OWNER_REVIEW","NONE_RECOVERED","PENDING_OWNER_REVIEW","NOT_FORMAL_UNTIL_OWNER_APPROVAL","FORMAL_CORE_CANDIDATE_ONLY;NO_D001_INCLUDE_OR_IMPORTANCE_INFERENCE"
"595","76a3554d-cc99-4330-8450-d803dc712eed","網路資安","b4b961e8-fea7-4963-a014-6699037525d4","資安服務","TPE","6416","TPE:6416","f6d26d7e-396e-505c-8416-b8fa96285b48","owner-topic-membership-20260824.v1","CORE","APPROVED","structural-role-authority-20260912.v4","2026-08-24","fixtures/research/topic_universe_mapping.v1.csv","structural-role-authority:structural-role-authority-20260912.v4","c35c15911c355766dbaa53e76629ae17c84f8d1bbc98e2053b7e87592c0274bc","PENDING_OWNER_REVIEW","PENDING_OWNER_REVIEW","PENDING_OWNER_REVIEW","NONE_RECOVERED","PENDING_OWNER_REVIEW","NOT_FORMAL_UNTIL_OWNER_APPROVAL","FORMAL_CORE_CANDIDATE_ONLY;NO_D001_INCLUDE_OR_IMPORTANCE_INFERENCE"
"596","76a3554d-cc99-4330-8450-d803dc712eed","網路資安","b4b961e8-fea7-4963-a014-6699037525d4","資安服務","TWO","3147","TWO:3147","feff7a91-d4bd-59d3-8536-b273fdb37950","owner-topic-membership-20260824.v1","CORE","APPROVED","structural-role-authority-20260912.v4","2026-08-24","fixtures/research/topic_universe_mapping.v1.csv","structural-role-authority:structural-role-authority-20260912.v4","c35c15911c355766dbaa53e76629ae17c84f8d1bbc98e2053b7e87592c0274bc","PENDING_OWNER_REVIEW","PENDING_OWNER_REVIEW","PENDING_OWNER_REVIEW","NONE_RECOVERED","PENDING_OWNER_REVIEW","NOT_FORMAL_UNTIL_OWNER_APPROVAL","FORMAL_CORE_CANDIDATE_ONLY;NO_D001_INCLUDE_OR_IMPORTANCE_INFERENCE"
"597","76a3554d-cc99-4330-8450-d803dc712eed","網路資安","b4b961e8-fea7-4963-a014-6699037525d4","資安服務","TWO","3564","TWO:3564","7e30cad3-8135-565c-ae91-0ed21c314154","owner-topic-membership-20260824.v1","CORE","APPROVED","structural-role-authority-20260912.v4","2026-08-24","fixtures/research/topic_universe_mapping.v1.csv","structural-role-authority:structural-role-authority-20260912.v4","c35c15911c355766dbaa53e76629ae17c84f8d1bbc98e2053b7e87592c0274bc","PENDING_OWNER_REVIEW","PENDING_OWNER_REVIEW","PENDING_OWNER_REVIEW","NONE_RECOVERED","PENDING_OWNER_REVIEW","NOT_FORMAL_UNTIL_OWNER_APPROVAL","FORMAL_CORE_CANDIDATE_ONLY;NO_D001_INCLUDE_OR_IMPORTANCE_INFERENCE"
"598","76a3554d-cc99-4330-8450-d803dc712eed","網路資安","b4b961e8-fea7-4963-a014-6699037525d4","資安服務","TWO","5410","TWO:5410","a0e08e3a-0d5b-5638-82e9-849e361c6d49","owner-topic-membership-20260824.v1","CORE","APPROVED","structural-role-authority-20260912.v4","2026-08-24","fixtures/research/topic_universe_mapping.v1.csv","structural-role-authority:structural-role-authority-20260912.v4","c35c15911c355766dbaa53e76629ae17c84f8d1bbc98e2053b7e87592c0274bc","PENDING_OWNER_REVIEW","PENDING_OWNER_REVIEW","PENDING_OWNER_REVIEW","NONE_RECOVERED","PENDING_OWNER_REVIEW","NOT_FORMAL_UNTIL_OWNER_APPROVAL","FORMAL_CORE_CANDIDATE_ONLY;NO_D001_INCLUDE_OR_IMPORTANCE_INFERENCE"
"599","76a3554d-cc99-4330-8450-d803dc712eed","網路資安","b4b961e8-fea7-4963-a014-6699037525d4","資安服務","TWO","7714","TWO:7714","169495fc-616b-524b-a00d-7dcb1962bb5a","owner-topic-membership-20260824.v1","CORE","APPROVED","structural-role-authority-20260912.v4","2026-08-24","fixtures/research/topic_universe_mapping.v1.csv","structural-role-authority:structural-role-authority-20260912.v4","c35c15911c355766dbaa53e76629ae17c84f8d1bbc98e2053b7e87592c0274bc","PENDING_OWNER_REVIEW","PENDING_OWNER_REVIEW","PENDING_OWNER_REVIEW","NONE_RECOVERED","PENDING_OWNER_REVIEW","NOT_FORMAL_UNTIL_OWNER_APPROVAL","FORMAL_CORE_CANDIDATE_ONLY;NO_D001_INCLUDE_OR_IMPORTANCE_INFERENCE"
"600","4b0c5906-f726-4588-ba01-e5fd32ea86c6","製程耗材與特料","3155541d-614f-41b0-aeac-3f79c9efab65","PCB供應鏈","TPE","8021","TPE:8021","6026a94f-a187-524f-83af-50840855f27c","owner-topic-membership-20260824.v1","CORE","APPROVED","structural-role-authority-20260912.v4","2026-08-24","2026_","structural-role-authority:structural-role-authority-20260912.v4","c35c15911c355766dbaa53e76629ae17c84f8d1bbc98e2053b7e87592c0274bc","PENDING_OWNER_REVIEW","PENDING_OWNER_REVIEW","PENDING_OWNER_REVIEW","NONE_RECOVERED","PENDING_OWNER_REVIEW","NOT_FORMAL_UNTIL_OWNER_APPROVAL","FORMAL_CORE_CANDIDATE_ONLY;NO_D001_INCLUDE_OR_IMPORTANCE_INFERENCE"
"601","4b0c5906-f726-4588-ba01-e5fd32ea86c6","製程耗材與特料","3155541d-614f-41b0-aeac-3f79c9efab65","PCB供應鏈","TWO","8074","TWO:8074","4e3ac52e-fd4e-5a32-b843-465d80f5c408","owner-topic-membership-20260824.v1","CORE","APPROVED","structural-role-authority-20260912.v4","2026-08-24","2026_NEW_TOPIC_ADDITION","structural-role-authority:structural-role-authority-20260912.v4","c35c15911c355766dbaa53e76629ae17c84f8d1bbc98e2053b7e87592c0274bc","PENDING_OWNER_REVIEW","PENDING_OWNER_REVIEW","PENDING_OWNER_REVIEW","NONE_RECOVERED","PENDING_OWNER_REVIEW","NOT_FORMAL_UNTIL_OWNER_APPROVAL","FORMAL_CORE_CANDIDATE_ONLY;NO_D001_INCLUDE_OR_IMPORTANCE_INFERENCE"
"602","62ace0c4-980f-49c3-a3ed-955d07db4ff0","銅箔基板CCL","3155541d-614f-41b0-aeac-3f79c9efab65","PCB供應鏈","TPE","1303","TPE:1303","263992d2-c741-5634-8a73-72282b96286c","owner-topic-membership-20260824.v1","CORE","APPROVED","structural-role-authority-20260912.v4","2026-08-24","2026_REVISED_MARKET_UPDATE","structural-role-authority:structural-role-authority-20260912.v4","c35c15911c355766dbaa53e76629ae17c84f8d1bbc98e2053b7e87592c0274bc","PENDING_OWNER_REVIEW","PENDING_OWNER_REVIEW","PENDING_OWNER_REVIEW","NONE_RECOVERED","PENDING_OWNER_REVIEW","NOT_FORMAL_UNTIL_OWNER_APPROVAL","FORMAL_CORE_CANDIDATE_ONLY;NO_D001_INCLUDE_OR_IMPORTANCE_INFERENCE"
"603","62ace0c4-980f-49c3-a3ed-955d07db4ff0","銅箔基板CCL","3155541d-614f-41b0-aeac-3f79c9efab65","PCB供應鏈","TPE","6213","TPE:6213","6bcbd090-fb80-51df-a613-0b547ec18b29","owner-topic-membership-20260824.v1","CORE","APPROVED","structural-role-authority-20260912.v4","2026-08-24","fixtures/research/topic_universe_mapping.v1.csv","structural-role-authority:structural-role-authority-20260912.v4","c35c15911c355766dbaa53e76629ae17c84f8d1bbc98e2053b7e87592c0274bc","PENDING_OWNER_REVIEW","PENDING_OWNER_REVIEW","PENDING_OWNER_REVIEW","NONE_RECOVERED","PENDING_OWNER_REVIEW","NOT_FORMAL_UNTIL_OWNER_APPROVAL","FORMAL_CORE_CANDIDATE_ONLY;NO_D001_INCLUDE_OR_IMPORTANCE_INFERENCE"
"604","62ace0c4-980f-49c3-a3ed-955d07db4ff0","銅箔基板CCL","3155541d-614f-41b0-aeac-3f79c9efab65","PCB供應鏈","TPE","6672","TPE:6672","686f2984-41f1-5452-b9a7-ce16f35bd45f","owner-topic-membership-20260824.v1","CORE","APPROVED","structural-role-authority-20260912.v4","2026-08-24","fixtures/research/topic_universe_mapping.v1.csv","structural-role-authority:structural-role-authority-20260912.v4","c35c15911c355766dbaa53e76629ae17c84f8d1bbc98e2053b7e87592c0274bc","PENDING_OWNER_REVIEW","PENDING_OWNER_REVIEW","PENDING_OWNER_REVIEW","NONE_RECOVERED","PENDING_OWNER_REVIEW","NOT_FORMAL_UNTIL_OWNER_APPROVAL","FORMAL_CORE_CANDIDATE_ONLY;NO_D001_INCLUDE_OR_IMPORTANCE_INFERENCE"
"605","62ace0c4-980f-49c3-a3ed-955d07db4ff0","銅箔基板CCL","3155541d-614f-41b0-aeac-3f79c9efab65","PCB供應鏈","TPE","8039","TPE:8039","4e1ca8ca-e343-5488-81ff-9ae21cef5ed5","owner-topic-membership-20260824.v1","CORE","APPROVED","structural-role-authority-20260912.v4","2026-08-24","fixtures/research/topic_universe_mapping.v1.csv","structural-role-authority:structural-role-authority-20260912.v4","c35c15911c355766dbaa53e76629ae17c84f8d1bbc98e2053b7e87592c0274bc","PENDING_OWNER_REVIEW","PENDING_OWNER_REVIEW","PENDING_OWNER_REVIEW","NONE_RECOVERED","PENDING_OWNER_REVIEW","NOT_FORMAL_UNTIL_OWNER_APPROVAL","FORMAL_CORE_CANDIDATE_ONLY;NO_D001_INCLUDE_OR_IMPORTANCE_INFERENCE"
"606","62ace0c4-980f-49c3-a3ed-955d07db4ff0","銅箔基板CCL","3155541d-614f-41b0-aeac-3f79c9efab65","PCB供應鏈","TWO","5340","TWO:5340","179d839a-2389-5484-a2ce-afd2c3b213ac","owner-topic-membership-20260824.v1","CORE","APPROVED","structural-role-authority-20260912.v4","2026-08-24","fixtures/research/topic_universe_mapping.v1.csv","structural-role-authority:structural-role-authority-20260912.v4","c35c15911c355766dbaa53e76629ae17c84f8d1bbc98e2053b7e87592c0274bc","PENDING_OWNER_REVIEW","PENDING_OWNER_REVIEW","PENDING_OWNER_REVIEW","NONE_RECOVERED","PENDING_OWNER_REVIEW","NOT_FORMAL_UNTIL_OWNER_APPROVAL","FORMAL_CORE_CANDIDATE_ONLY;NO_D001_INCLUDE_OR_IMPORTANCE_INFERENCE"
"607","ddca4b1d-55cf-4e03-9e8d-c6c4604c3591","鋁電容","aae91e68-1ace-4106-bd4f-2d2dca0f7af6","被動元件","TPE","2375","TPE:2375","e21769af-06bf-5980-af2b-0bfb6d794cce","owner-topic-membership-20260824.v1","CORE","APPROVED","structural-role-authority-20260912.v4","2026-08-24","fixtures/research/topic_universe_mapping.v1.csv","structural-role-authority:structural-role-authority-20260912.v4","c35c15911c355766dbaa53e76629ae17c84f8d1bbc98e2053b7e87592c0274bc","PENDING_OWNER_REVIEW","PENDING_OWNER_REVIEW","PENDING_OWNER_REVIEW","NONE_RECOVERED","PENDING_OWNER_REVIEW","NOT_FORMAL_UNTIL_OWNER_APPROVAL","FORMAL_CORE_CANDIDATE_ONLY;NO_D001_INCLUDE_OR_IMPORTANCE_INFERENCE"
"608","ddca4b1d-55cf-4e03-9e8d-c6c4604c3591","鋁電容","aae91e68-1ace-4106-bd4f-2d2dca0f7af6","被動元件","TWO","8042","TWO:8042","45b6d3dc-24db-5a08-8176-526db11df108","owner-topic-membership-20260824.v1","CORE","APPROVED","structural-role-authority-20260912.v4","2026-08-24","fixtures/research/topic_universe_mapping.v1.csv","structural-role-authority:structural-role-authority-20260912.v4","c35c15911c355766dbaa53e76629ae17c84f8d1bbc98e2053b7e87592c0274bc","PENDING_OWNER_REVIEW","PENDING_OWNER_REVIEW","PENDING_OWNER_REVIEW","NONE_RECOVERED","PENDING_OWNER_REVIEW","NOT_FORMAL_UNTIL_OWNER_APPROVAL","FORMAL_CORE_CANDIDATE_ONLY;NO_D001_INCLUDE_OR_IMPORTANCE_INFERENCE"
"609","59df62e0-c5ba-4b48-8929-0c0a62d70e74","機器人系統整合","b482ef24-3870-4ba0-915c-6ad6cf92c611","自動化與機器人","TPE","2359","TPE:2359","d40474d9-3cf4-54fb-8ee7-f2c5daed10fa","owner-topic-membership-20260824.v1","CORE","APPROVED","structural-role-authority-20260912.v4","2026-08-24","2026_REVISED_MARKET_UPDATE","structural-role-authority:structural-role-authority-20260912.v4","c35c15911c355766dbaa53e76629ae17c84f8d1bbc98e2053b7e87592c0274bc","PENDING_OWNER_REVIEW","PENDING_OWNER_REVIEW","PENDING_OWNER_REVIEW","NONE_RECOVERED","PENDING_OWNER_REVIEW","NOT_FORMAL_UNTIL_OWNER_APPROVAL","FORMAL_CORE_CANDIDATE_ONLY;NO_D001_INCLUDE_OR_IMPORTANCE_INFERENCE"
"610","59df62e0-c5ba-4b48-8929-0c0a62d70e74","機器人系統整合","b482ef24-3870-4ba0-915c-6ad6cf92c611","自動化與機器人","TPE","2464","TPE:2464","3bc448c1-1362-5210-a5ef-b985656b0410","owner-topic-membership-20260824.v1","CORE","APPROVED","structural-role-authority-20260912.v4","2026-08-24","2026_REVISED_MARKET_UPDATE","structural-role-authority:structural-role-authority-20260912.v4","c35c15911c355766dbaa53e76629ae17c84f8d1bbc98e2053b7e87592c0274bc","PENDING_OWNER_REVIEW","PENDING_OWNER_REVIEW","PENDING_OWNER_REVIEW","NONE_RECOVERED","PENDING_OWNER_REVIEW","NOT_FORMAL_UNTIL_OWNER_APPROVAL","FORMAL_CORE_CANDIDATE_ONLY;NO_D001_INCLUDE_OR_IMPORTANCE_INFERENCE"
"611","59df62e0-c5ba-4b48-8929-0c0a62d70e74","機器人系統整合","b482ef24-3870-4ba0-915c-6ad6cf92c611","自動化與機器人","TPE","6166","TPE:6166","d55ff9b6-8e12-51c6-8476-1363d0c3c93d","owner-topic-membership-20260824.v1","CORE","APPROVED","structural-role-authority-20260912.v4","2026-08-24","2026_NEW_TOPIC_ADDITION","structural-role-authority:structural-role-authority-20260912.v4","c35c15911c355766dbaa53e76629ae17c84f8d1bbc98e2053b7e87592c0274bc","PENDING_OWNER_REVIEW","PENDING_OWNER_REVIEW","PENDING_OWNER_REVIEW","NONE_RECOVERED","PENDING_OWNER_REVIEW","NOT_FORMAL_UNTIL_OWNER_APPROVAL","FORMAL_CORE_CANDIDATE_ONLY;NO_D001_INCLUDE_OR_IMPORTANCE_INFERENCE"
"612","59df62e0-c5ba-4b48-8929-0c0a62d70e74","機器人系統整合","b482ef24-3870-4ba0-915c-6ad6cf92c611","自動化與機器人","TPE","6414","TPE:6414","9854911e-9aec-586f-a0fd-37a012e806aa","owner-topic-membership-20260824.v1","CORE","APPROVED","structural-role-authority-20260912.v4","2026-08-24","fixtures/research/topic_universe_mapping.v1.csv","structural-role-authority:structural-role-authority-20260912.v4","c35c15911c355766dbaa53e76629ae17c84f8d1bbc98e2053b7e87592c0274bc","PENDING_OWNER_REVIEW","PENDING_OWNER_REVIEW","PENDING_OWNER_REVIEW","NONE_RECOVERED","PENDING_OWNER_REVIEW","NOT_FORMAL_UNTIL_OWNER_APPROVAL","FORMAL_CORE_CANDIDATE_ONLY;NO_D001_INCLUDE_OR_IMPORTANCE_INFERENCE"
"613","59df62e0-c5ba-4b48-8929-0c0a62d70e74","機器人系統整合","b482ef24-3870-4ba0-915c-6ad6cf92c611","自動化與機器人","TPE","7750","TPE:7750","0098fad7-3fac-593d-8f01-49f1e9ca2637","owner-topic-membership-20260824.v1","CORE","APPROVED","structural-role-authority-20260912.v4","2026-08-24","2026_REVISED_MARKET_UPDATE","structural-role-authority:structural-role-authority-20260912.v4","c35c15911c355766dbaa53e76629ae17c84f8d1bbc98e2053b7e87592c0274bc","PENDING_OWNER_REVIEW","PENDING_OWNER_REVIEW","PENDING_OWNER_REVIEW","NONE_RECOVERED","PENDING_OWNER_REVIEW","NOT_FORMAL_UNTIL_OWNER_APPROVAL","FORMAL_CORE_CANDIDATE_ONLY;NO_D001_INCLUDE_OR_IMPORTANCE_INFERENCE"
"614","6202c205-0304-4648-9079-e6689004cf90","機器人零組件","b482ef24-3870-4ba0-915c-6ad6cf92c611","自動化與機器人","TPE","1536","TPE:1536","9df9321e-7d97-5aa2-852c-5638df08b94c","owner-topic-membership-20260824.v1","CORE","APPROVED","structural-role-authority-20260912.v4","2026-08-24","2026_REVISED_MARKET_UPDATE","structural-role-authority:structural-role-authority-20260912.v4","c35c15911c355766dbaa53e76629ae17c84f8d1bbc98e2053b7e87592c0274bc","PENDING_OWNER_REVIEW","PENDING_OWNER_REVIEW","PENDING_OWNER_REVIEW","NONE_RECOVERED","PENDING_OWNER_REVIEW","NOT_FORMAL_UNTIL_OWNER_APPROVAL","FORMAL_CORE_CANDIDATE_ONLY;NO_D001_INCLUDE_OR_IMPORTANCE_INFERENCE"
"615","6202c205-0304-4648-9079-e6689004cf90","機器人零組件","b482ef24-3870-4ba0-915c-6ad6cf92c611","自動化與機器人","TPE","1590","TPE:1590","ac0bc10c-ecbb-560e-bb64-7ef95fd748dd","owner-topic-membership-20260824.v1","CORE","APPROVED","structural-role-authority-20260912.v4","2026-08-24","2026_REVISED_MARKET_UPDATE","structural-role-authority:structural-role-authority-20260912.v4","c35c15911c355766dbaa53e76629ae17c84f8d1bbc98e2053b7e87592c0274bc","PENDING_OWNER_REVIEW","PENDING_OWNER_REVIEW","PENDING_OWNER_REVIEW","NONE_RECOVERED","PENDING_OWNER_REVIEW","NOT_FORMAL_UNTIL_OWNER_APPROVAL","FORMAL_CORE_CANDIDATE_ONLY;NO_D001_INCLUDE_OR_IMPORTANCE_INFERENCE"
"616","6202c205-0304-4648-9079-e6689004cf90","機器人零組件","b482ef24-3870-4ba0-915c-6ad6cf92c611","自動化與機器人","TPE","1597","TPE:1597","93c0af8b-32da-5c01-8122-97f4faa7f531","owner-topic-membership-20260824.v1","CORE","APPROVED","structural-role-authority-20260912.v4","2026-08-24","2026_REVISED_MARKET_UPDATE","structural-role-authority:structural-role-authority-20260912.v4","c35c15911c355766dbaa53e76629ae17c84f8d1bbc98e2053b7e87592c0274bc","PENDING_OWNER_REVIEW","PENDING_OWNER_REVIEW","PENDING_OWNER_REVIEW","NONE_RECOVERED","PENDING_OWNER_REVIEW","NOT_FORMAL_UNTIL_OWNER_APPROVAL","FORMAL_CORE_CANDIDATE_ONLY;NO_D001_INCLUDE_OR_IMPORTANCE_INFERENCE"
"617","6202c205-0304-4648-9079-e6689004cf90","機器人零組件","b482ef24-3870-4ba0-915c-6ad6cf92c611","自動化與機器人","TPE","2354","TPE:2354","6b594aba-5816-5715-8948-d17202545f55","owner-topic-membership-20260824.v1","CORE","APPROVED","structural-role-authority-20260912.v4","2026-08-24","2026_NEW_TOPIC_ADDITION","structural-role-authority:structural-role-authority-20260912.v4","c35c15911c355766dbaa53e76629ae17c84f8d1bbc98e2053b7e87592c0274bc","PENDING_OWNER_REVIEW","PENDING_OWNER_REVIEW","PENDING_OWNER_REVIEW","NONE_RECOVERED","PENDING_OWNER_REVIEW","NOT_FORMAL_UNTIL_OWNER_APPROVAL","FORMAL_CORE_CANDIDATE_ONLY;NO_D001_INCLUDE_OR_IMPORTANCE_INFERENCE"
"618","6202c205-0304-4648-9079-e6689004cf90","機器人零組件","b482ef24-3870-4ba0-915c-6ad6cf92c611","自動化與機器人","TPE","4540","TPE:4540","e4533822-a242-528e-b169-9713f563652d","owner-topic-membership-20260824.v1","CORE","APPROVED","structural-role-authority-20260912.v4","2026-08-24","fixtures/research/topic_universe_mapping.v1.csv","structural-role-authority:structural-role-authority-20260912.v4","c35c15911c355766dbaa53e76629ae17c84f8d1bbc98e2053b7e87592c0274bc","PENDING_OWNER_REVIEW","PENDING_OWNER_REVIEW","PENDING_OWNER_REVIEW","NONE_RECOVERED","PENDING_OWNER_REVIEW","NOT_FORMAL_UNTIL_OWNER_APPROVAL","FORMAL_CORE_CANDIDATE_ONLY;NO_D001_INCLUDE_OR_IMPORTANCE_INFERENCE"
"619","6202c205-0304-4648-9079-e6689004cf90","機器人零組件","b482ef24-3870-4ba0-915c-6ad6cf92c611","自動化與機器人","TPE","4576","TPE:4576","cb29662c-8f51-5620-808d-91bca797f45f","owner-topic-membership-20260824.v1","CORE","APPROVED","structural-role-authority-20260912.v4","2026-08-24","fixtures/research/topic_universe_mapping.v1.csv","structural-role-authority:structural-role-authority-20260912.v4","c35c15911c355766dbaa53e76629ae17c84f8d1bbc98e2053b7e87592c0274bc","PENDING_OWNER_REVIEW","PENDING_OWNER_REVIEW","PENDING_OWNER_REVIEW","NONE_RECOVERED","PENDING_OWNER_REVIEW","NOT_FORMAL_UNTIL_OWNER_APPROVAL","FORMAL_CORE_CANDIDATE_ONLY;NO_D001_INCLUDE_OR_IMPORTANCE_INFERENCE"
"620","6202c205-0304-4648-9079-e6689004cf90","機器人零組件","b482ef24-3870-4ba0-915c-6ad6cf92c611","自動化與機器人","TPE","6215","TPE:6215","f82e0f20-5205-572c-920f-c542da98bc17","owner-topic-membership-20260824.v1","CORE","APPROVED","structural-role-authority-20260912.v4","2026-08-24","2026_REVISED_MARKET_UPDATE","structural-role-authority:structural-role-authority-20260912.v4","c35c15911c355766dbaa53e76629ae17c84f8d1bbc98e2053b7e87592c0274bc","PENDING_OWNER_REVIEW","PENDING_OWNER_REVIEW","PENDING_OWNER_REVIEW","NONE_RECOVERED","PENDING_OWNER_REVIEW","NOT_FORMAL_UNTIL_OWNER_APPROVAL","FORMAL_CORE_CANDIDATE_ONLY;NO_D001_INCLUDE_OR_IMPORTANCE_INFERENCE"
"621","6202c205-0304-4648-9079-e6689004cf90","機器人零組件","b482ef24-3870-4ba0-915c-6ad6cf92c611","自動化與機器人","TPE","7750","TPE:7750","96e05110-c4fa-574c-b861-feafb18cab98","owner-topic-membership-20260824.v1","CORE","APPROVED","structural-role-authority-20260912.v4","2026-08-24","2026_REVISED_MARKET_UPDATE","structural-role-authority:structural-role-authority-20260912.v4","c35c15911c355766dbaa53e76629ae17c84f8d1bbc98e2053b7e87592c0274bc","PENDING_OWNER_REVIEW","PENDING_OWNER_REVIEW","PENDING_OWNER_REVIEW","NONE_RECOVERED","PENDING_OWNER_REVIEW","NOT_FORMAL_UNTIL_OWNER_APPROVAL","FORMAL_CORE_CANDIDATE_ONLY;NO_D001_INCLUDE_OR_IMPORTANCE_INFERENCE"
"622","c91d1ec5-574e-4e8a-9486-6c6741053cfd","機器視覺","ebcfa5ce-aa87-45cb-b2c7-fd6a12e65ef5","AI視覺","TWO","7402","TWO:7402","d18c7a3d-d39a-542b-91d1-66459409a187","owner-topic-membership-20260824.v1","CORE","APPROVED","structural-role-authority-20260912.v4","2026-08-24","fixtures/research/topic_universe_mapping.v1.csv","structural-role-authority:structural-role-authority-20260912.v4","c35c15911c355766dbaa53e76629ae17c84f8d1bbc98e2053b7e87592c0274bc","PENDING_OWNER_REVIEW","PENDING_OWNER_REVIEW","PENDING_OWNER_REVIEW","NONE_RECOVERED","PENDING_OWNER_REVIEW","NOT_FORMAL_UNTIL_OWNER_APPROVAL","FORMAL_CORE_CANDIDATE_ONLY;NO_D001_INCLUDE_OR_IMPORTANCE_INFERENCE"
"623","efae9f9b-0192-4e0e-a1b9-543e8ed4f573","鋼鐵／不鏽鋼材料","81af7f8d-db2a-46cc-814b-18345e8e32bb","傳統產業材料","TPE","1612","TPE:1612","f285185b-8def-54ab-ae7c-3369ff0e35b0","owner-topic-membership-20260824.v1","CORE","APPROVED","structural-role-authority-20260912.v4","2026-08-24","fixtures/research/topic_universe_mapping.v1.csv","structural-role-authority:structural-role-authority-20260912.v4","c35c15911c355766dbaa53e76629ae17c84f8d1bbc98e2053b7e87592c0274bc","PENDING_OWNER_REVIEW","PENDING_OWNER_REVIEW","PENDING_OWNER_REVIEW","NONE_RECOVERED","PENDING_OWNER_REVIEW","NOT_FORMAL_UNTIL_OWNER_APPROVAL","FORMAL_CORE_CANDIDATE_ONLY;NO_D001_INCLUDE_OR_IMPORTANCE_INFERENCE"
"624","efae9f9b-0192-4e0e-a1b9-543e8ed4f573","鋼鐵／不鏽鋼材料","81af7f8d-db2a-46cc-814b-18345e8e32bb","傳統產業材料","TPE","2027","TPE:2027","f42719a8-e1b9-5efb-8926-04d39e486225","owner-topic-membership-20260824.v1","CORE","APPROVED","structural-role-authority-20260912.v4","2026-08-24","2026_REVISED_MARKET_UPDATE","structural-role-authority:structural-role-authority-20260912.v4","c35c15911c355766dbaa53e76629ae17c84f8d1bbc98e2053b7e87592c0274bc","PENDING_OWNER_REVIEW","PENDING_OWNER_REVIEW","PENDING_OWNER_REVIEW","NONE_RECOVERED","PENDING_OWNER_REVIEW","NOT_FORMAL_UNTIL_OWNER_APPROVAL","FORMAL_CORE_CANDIDATE_ONLY;NO_D001_INCLUDE_OR_IMPORTANCE_INFERENCE"
"625","efae9f9b-0192-4e0e-a1b9-543e8ed4f573","鋼鐵／不鏽鋼材料","81af7f8d-db2a-46cc-814b-18345e8e32bb","傳統產業材料","TPE","2031","TPE:2031","e51c18ea-4fc8-514d-855b-5cf36fc0ef28","owner-topic-membership-20260824.v1","CORE","APPROVED","structural-role-authority-20260912.v4","2026-08-24","fixtures/research/topic_universe_mapping.v1.csv","structural-role-authority:structural-role-authority-20260912.v4","c35c15911c355766dbaa53e76629ae17c84f8d1bbc98e2053b7e87592c0274bc","PENDING_OWNER_REVIEW","PENDING_OWNER_REVIEW","PENDING_OWNER_REVIEW","NONE_RECOVERED","PENDING_OWNER_REVIEW","NOT_FORMAL_UNTIL_OWNER_APPROVAL","FORMAL_CORE_CANDIDATE_ONLY;NO_D001_INCLUDE_OR_IMPORTANCE_INFERENCE"
"626","efae9f9b-0192-4e0e-a1b9-543e8ed4f573","鋼鐵／不鏽鋼材料","81af7f8d-db2a-46cc-814b-18345e8e32bb","傳統產業材料","TPE","2034","TPE:2034","30ce8639-0e0f-5dc5-82d5-c843761481cd","owner-topic-membership-20260824.v1","CORE","APPROVED","structural-role-authority-20260912.v4","2026-08-24","fixtures/research/topic_universe_mapping.v1.csv","structural-role-authority:structural-role-authority-20260912.v4","c35c15911c355766dbaa53e76629ae17c84f8d1bbc98e2053b7e87592c0274bc","PENDING_OWNER_REVIEW","PENDING_OWNER_REVIEW","PENDING_OWNER_REVIEW","NONE_RECOVERED","PENDING_OWNER_REVIEW","NOT_FORMAL_UNTIL_OWNER_APPROVAL","FORMAL_CORE_CANDIDATE_ONLY;NO_D001_INCLUDE_OR_IMPORTANCE_INFERENCE"
"627","efae9f9b-0192-4e0e-a1b9-543e8ed4f573","鋼鐵／不鏽鋼材料","81af7f8d-db2a-46cc-814b-18345e8e32bb","傳統產業材料","TPE","9958","TPE:9958","e3db7be9-962e-5445-b6b6-4dee284138b7","owner-topic-membership-20260824.v1","CORE","APPROVED","structural-role-authority-20260912.v4","2026-08-24","2026_REVISED_MARKET_UPDATE","structural-role-authority:structural-role-authority-20260912.v4","c35c15911c355766dbaa53e76629ae17c84f8d1bbc98e2053b7e87592c0274bc","PENDING_OWNER_REVIEW","PENDING_OWNER_REVIEW","PENDING_OWNER_REVIEW","NONE_RECOVERED","PENDING_OWNER_REVIEW","NOT_FORMAL_UNTIL_OWNER_APPROVAL","FORMAL_CORE_CANDIDATE_ONLY;NO_D001_INCLUDE_OR_IMPORTANCE_INFERENCE"
"628","375577eb-a013-4011-82f5-8e4e1f91b887","儲能","f62b81df-1eeb-4218-863e-896244023e28","電力與能源","TPE","1504","TPE:1504","6f394052-27e0-58f5-b43e-0f8580573498","owner-topic-membership-20260824.v1","CORE","APPROVED","structural-role-authority-20260912.v4","2026-08-24","2026_REVISED_MARKET_UPDATE","structural-role-authority:structural-role-authority-20260912.v4","c35c15911c355766dbaa53e76629ae17c84f8d1bbc98e2053b7e87592c0274bc","PENDING_OWNER_REVIEW","PENDING_OWNER_REVIEW","PENDING_OWNER_REVIEW","NONE_RECOVERED","PENDING_OWNER_REVIEW","NOT_FORMAL_UNTIL_OWNER_APPROVAL","FORMAL_CORE_CANDIDATE_ONLY;NO_D001_INCLUDE_OR_IMPORTANCE_INFERENCE"
"629","375577eb-a013-4011-82f5-8e4e1f91b887","儲能","f62b81df-1eeb-4218-863e-896244023e28","電力與能源","TPE","1609","TPE:1609","c59bd382-1fe8-5b36-9b06-9f4d82c8504b","owner-topic-membership-20260824.v1","CORE","APPROVED","structural-role-authority-20260912.v4","2026-08-24","2026_REVISED_MARKET_UPDATE","structural-role-authority:structural-role-authority-20260912.v4","c35c15911c355766dbaa53e76629ae17c84f8d1bbc98e2053b7e87592c0274bc","PENDING_OWNER_REVIEW","PENDING_OWNER_REVIEW","PENDING_OWNER_REVIEW","NONE_RECOVERED","PENDING_OWNER_REVIEW","NOT_FORMAL_UNTIL_OWNER_APPROVAL","FORMAL_CORE_CANDIDATE_ONLY;NO_D001_INCLUDE_OR_IMPORTANCE_INFERENCE"
"630","375577eb-a013-4011-82f5-8e4e1f91b887","儲能","f62b81df-1eeb-4218-863e-896244023e28","電力與能源","TPE","2457","TPE:2457","00fdf995-cab2-523e-aca7-8904600f7b4a","owner-topic-membership-20260824.v1","CORE","APPROVED","structural-role-authority-20260912.v4","2026-08-24","2026_REVISED_MARKET_UPDATE","structural-role-authority:structural-role-authority-20260912.v4","c35c15911c355766dbaa53e76629ae17c84f8d1bbc98e2053b7e87592c0274bc","PENDING_OWNER_REVIEW","PENDING_OWNER_REVIEW","PENDING_OWNER_REVIEW","NONE_RECOVERED","PENDING_OWNER_REVIEW","NOT_FORMAL_UNTIL_OWNER_APPROVAL","FORMAL_CORE_CANDIDATE_ONLY;NO_D001_INCLUDE_OR_IMPORTANCE_INFERENCE"
"631","375577eb-a013-4011-82f5-8e4e1f91b887","儲能","f62b81df-1eeb-4218-863e-896244023e28","電力與能源","TPE","3576","TPE:3576","4424f4b1-01a6-562d-97f2-48f44105f310","owner-topic-membership-20260824.v1","CORE","APPROVED","structural-role-authority-20260912.v4","2026-08-24","fixtures/research/topic_universe_mapping.v1.csv","structural-role-authority:structural-role-authority-20260912.v4","c35c15911c355766dbaa53e76629ae17c84f8d1bbc98e2053b7e87592c0274bc","PENDING_OWNER_REVIEW","PENDING_OWNER_REVIEW","PENDING_OWNER_REVIEW","NONE_RECOVERED","PENDING_OWNER_REVIEW","NOT_FORMAL_UNTIL_OWNER_APPROVAL","FORMAL_CORE_CANDIDATE_ONLY;NO_D001_INCLUDE_OR_IMPORTANCE_INFERENCE"
"632","375577eb-a013-4011-82f5-8e4e1f91b887","儲能","f62b81df-1eeb-4218-863e-896244023e28","電力與能源","TPE","3617","TPE:3617","1bc7f3a7-0b66-54de-ae7e-971c95eef4f5","owner-topic-membership-20260824.v1","CORE","APPROVED","structural-role-authority-20260912.v4","2026-08-24","fixtures/research/topic_universe_mapping.v1.csv","structural-role-authority:structural-role-authority-20260912.v4","c35c15911c355766dbaa53e76629ae17c84f8d1bbc98e2053b7e87592c0274bc","PENDING_OWNER_REVIEW","PENDING_OWNER_REVIEW","PENDING_OWNER_REVIEW","NONE_RECOVERED","PENDING_OWNER_REVIEW","NOT_FORMAL_UNTIL_OWNER_APPROVAL","FORMAL_CORE_CANDIDATE_ONLY;NO_D001_INCLUDE_OR_IMPORTANCE_INFERENCE"
"633","375577eb-a013-4011-82f5-8e4e1f91b887","儲能","f62b81df-1eeb-4218-863e-896244023e28","電力與能源","TPE","6282","TPE:6282","06637d09-18e0-55dd-8cf6-f0c096a16807","owner-topic-membership-20260824.v1","CORE","APPROVED","structural-role-authority-20260912.v4","2026-08-24","fixtures/research/topic_universe_mapping.v1.csv","structural-role-authority:structural-role-authority-20260912.v4","c35c15911c355766dbaa53e76629ae17c84f8d1bbc98e2053b7e87592c0274bc","PENDING_OWNER_REVIEW","PENDING_OWNER_REVIEW","PENDING_OWNER_REVIEW","NONE_RECOVERED","PENDING_OWNER_REVIEW","NOT_FORMAL_UNTIL_OWNER_APPROVAL","FORMAL_CORE_CANDIDATE_ONLY;NO_D001_INCLUDE_OR_IMPORTANCE_INFERENCE"
"634","375577eb-a013-4011-82f5-8e4e1f91b887","儲能","f62b81df-1eeb-4218-863e-896244023e28","電力與能源","TPE","8104","TPE:8104","707c95f6-6ae0-556d-b946-bca0678976e5","owner-topic-membership-20260824.v1","CORE","APPROVED","structural-role-authority-20260912.v4","2026-08-24","2026_REVISED_MARKET_UPDATE","structural-role-authority:structural-role-authority-20260912.v4","c35c15911c355766dbaa53e76629ae17c84f8d1bbc98e2053b7e87592c0274bc","PENDING_OWNER_REVIEW","PENDING_OWNER_REVIEW","PENDING_OWNER_REVIEW","NONE_RECOVERED","PENDING_OWNER_REVIEW","NOT_FORMAL_UNTIL_OWNER_APPROVAL","FORMAL_CORE_CANDIDATE_ONLY;NO_D001_INCLUDE_OR_IMPORTANCE_INFERENCE"
"635","99edc359-dc9d-41e2-85d1-2d81d9a6c9d5","營建工程","c63e8e8b-8b1b-4883-b1a5-fa8dc5ced0b3","建設開發","TPE","2520","TPE:2520","29a7ff6e-990c-5c11-93aa-b0e0f93ac4b8","owner-topic-membership-20260824.v1","CORE","APPROVED","structural-role-authority-20260912.v4","2026-08-24","fixtures/research/topic_universe_mapping.v1.csv","structural-role-authority:structural-role-authority-20260912.v4","c35c15911c355766dbaa53e76629ae17c84f8d1bbc98e2053b7e87592c0274bc","PENDING_OWNER_REVIEW","PENDING_OWNER_REVIEW","PENDING_OWNER_REVIEW","NONE_RECOVERED","PENDING_OWNER_REVIEW","NOT_FORMAL_UNTIL_OWNER_APPROVAL","FORMAL_CORE_CANDIDATE_ONLY;NO_D001_INCLUDE_OR_IMPORTANCE_INFERENCE"
"636","99edc359-dc9d-41e2-85d1-2d81d9a6c9d5","營建工程","c63e8e8b-8b1b-4883-b1a5-fa8dc5ced0b3","建設開發","TPE","5519","TPE:5519","8ccbb79a-b238-51c4-a22d-39fabace4e68","owner-topic-membership-20260824.v1","CORE","APPROVED","structural-role-authority-20260912.v4","2026-08-24","2026_REVISED_MARKET_UPDATE","structural-role-authority:structural-role-authority-20260912.v4","c35c15911c355766dbaa53e76629ae17c84f8d1bbc98e2053b7e87592c0274bc","PENDING_OWNER_REVIEW","PENDING_OWNER_REVIEW","PENDING_OWNER_REVIEW","NONE_RECOVERED","PENDING_OWNER_REVIEW","NOT_FORMAL_UNTIL_OWNER_APPROVAL","FORMAL_CORE_CANDIDATE_ONLY;NO_D001_INCLUDE_OR_IMPORTANCE_INFERENCE"
"637","99edc359-dc9d-41e2-85d1-2d81d9a6c9d5","營建工程","c63e8e8b-8b1b-4883-b1a5-fa8dc5ced0b3","建設開發","TPE","5534","TPE:5534","e1c1e080-aa0e-5952-a8f1-e5433a0dfbba","owner-topic-membership-20260824.v1","CORE","APPROVED","structural-role-authority-20260912.v4","2026-08-24","2026_NEW_TOPIC_ADDITION","structural-role-authority:structural-role-authority-20260912.v4","c35c15911c355766dbaa53e76629ae17c84f8d1bbc98e2053b7e87592c0274bc","PENDING_OWNER_REVIEW","PENDING_OWNER_REVIEW","PENDING_OWNER_REVIEW","NONE_RECOVERED","PENDING_OWNER_REVIEW","NOT_FORMAL_UNTIL_OWNER_APPROVAL","FORMAL_CORE_CANDIDATE_ONLY;NO_D001_INCLUDE_OR_IMPORTANCE_INFERENCE"
"638","99edc359-dc9d-41e2-85d1-2d81d9a6c9d5","營建工程","c63e8e8b-8b1b-4883-b1a5-fa8dc5ced0b3","建設開發","TPE","6177","TPE:6177","b5c90e74-2e35-55d4-ada6-0ca7be7de557","owner-topic-membership-20260824.v1","CORE","APPROVED","structural-role-authority-20260912.v4","2026-08-24","2026_NEW_TOPIC_ADDITION","structural-role-authority:structural-role-authority-20260912.v4","c35c15911c355766dbaa53e76629ae17c84f8d1bbc98e2053b7e87592c0274bc","PENDING_OWNER_REVIEW","PENDING_OWNER_REVIEW","PENDING_OWNER_REVIEW","NONE_RECOVERED","PENDING_OWNER_REVIEW","NOT_FORMAL_UNTIL_OWNER_APPROVAL","FORMAL_CORE_CANDIDATE_ONLY;NO_D001_INCLUDE_OR_IMPORTANCE_INFERENCE"
"639","99edc359-dc9d-41e2-85d1-2d81d9a6c9d5","營建工程","c63e8e8b-8b1b-4883-b1a5-fa8dc5ced0b3","建設開發","TPE","6691","TPE:6691","ccb087a8-3bc8-5db9-a853-32a50b62bdbf","owner-topic-membership-20260824.v1","CORE","APPROVED","structural-role-authority-20260912.v4","2026-08-24","fixtures/research/topic_universe_mapping.v1.csv","structural-role-authority:structural-role-authority-20260912.v4","c35c15911c355766dbaa53e76629ae17c84f8d1bbc98e2053b7e87592c0274bc","PENDING_OWNER_REVIEW","PENDING_OWNER_REVIEW","PENDING_OWNER_REVIEW","NONE_RECOVERED","PENDING_OWNER_REVIEW","NOT_FORMAL_UNTIL_OWNER_APPROVAL","FORMAL_CORE_CANDIDATE_ONLY;NO_D001_INCLUDE_OR_IMPORTANCE_INFERENCE"
"640","99edc359-dc9d-41e2-85d1-2d81d9a6c9d5","營建工程","c63e8e8b-8b1b-4883-b1a5-fa8dc5ced0b3","建設開發","TWO","4513","TWO:4513","acddb117-f969-538d-acf9-3f5e2248029b","owner-topic-membership-20260824.v1","CORE","APPROVED","structural-role-authority-20260912.v4","2026-08-24","2026_NEW_TOPIC_ADDITION","structural-role-authority:structural-role-authority-20260912.v4","c35c15911c355766dbaa53e76629ae17c84f8d1bbc98e2053b7e87592c0274bc","PENDING_OWNER_REVIEW","PENDING_OWNER_REVIEW","PENDING_OWNER_REVIEW","NONE_RECOVERED","PENDING_OWNER_REVIEW","NOT_FORMAL_UNTIL_OWNER_APPROVAL","FORMAL_CORE_CANDIDATE_ONLY;NO_D001_INCLUDE_OR_IMPORTANCE_INFERENCE"
"641","99edc359-dc9d-41e2-85d1-2d81d9a6c9d5","營建工程","c63e8e8b-8b1b-4883-b1a5-fa8dc5ced0b3","建設開發","TWO","6903","TWO:6903","cc28b29a-393f-51ed-b85e-3f869cfb3f72","owner-topic-membership-20260824.v1","CORE","APPROVED","structural-role-authority-20260912.v4","2026-08-24","2026_NEW_TOPIC_ADDITION","structural-role-authority:structural-role-authority-20260912.v4","c35c15911c355766dbaa53e76629ae17c84f8d1bbc98e2053b7e87592c0274bc","PENDING_OWNER_REVIEW","PENDING_OWNER_REVIEW","PENDING_OWNER_REVIEW","NONE_RECOVERED","PENDING_OWNER_REVIEW","NOT_FORMAL_UNTIL_OWNER_APPROVAL","FORMAL_CORE_CANDIDATE_ONLY;NO_D001_INCLUDE_OR_IMPORTANCE_INFERENCE"
"642","0254ad93-bde9-4309-9ffc-1c9149ce2efc","離岸風電／鋼構","f62b81df-1eeb-4218-863e-896244023e28","電力與能源","TPE","2031","TPE:2031","bad4bf38-456b-5e02-b0aa-3ac6a519e49e","owner-topic-membership-20260824.v1","CORE","APPROVED","structural-role-authority-20260912.v4","2026-08-24","2026_REVISED_MARKET_UPDATE","structural-role-authority:structural-role-authority-20260912.v4","c35c15911c355766dbaa53e76629ae17c84f8d1bbc98e2053b7e87592c0274bc","PENDING_OWNER_REVIEW","PENDING_OWNER_REVIEW","PENDING_OWNER_REVIEW","NONE_RECOVERED","PENDING_OWNER_REVIEW","NOT_FORMAL_UNTIL_OWNER_APPROVAL","FORMAL_CORE_CANDIDATE_ONLY;NO_D001_INCLUDE_OR_IMPORTANCE_INFERENCE"
"643","0254ad93-bde9-4309-9ffc-1c9149ce2efc","離岸風電／鋼構","f62b81df-1eeb-4218-863e-896244023e28","電力與能源","TPE","3708","TPE:3708","8b454268-7f5e-5350-90d0-f9d0dfcec0e5","owner-topic-membership-20260824.v1","CORE","APPROVED","structural-role-authority-20260912.v4","2026-08-24","2026_REVISED_MARKET_UPDATE","structural-role-authority:structural-role-authority-20260912.v4","c35c15911c355766dbaa53e76629ae17c84f8d1bbc98e2053b7e87592c0274bc","PENDING_OWNER_REVIEW","PENDING_OWNER_REVIEW","PENDING_OWNER_REVIEW","NONE_RECOVERED","PENDING_OWNER_REVIEW","NOT_FORMAL_UNTIL_OWNER_APPROVAL","FORMAL_CORE_CANDIDATE_ONLY;NO_D001_INCLUDE_OR_IMPORTANCE_INFERENCE"
"644","07557ba9-5c10-59b1-8291-00362064c5aa","邊緣運算與智慧影像 (Edge AI & Vision)","ebcfa5ce-aa87-45cb-b2c7-fd6a12e65ef5","AI視覺","TPE","3022","TPE:3022","468470b9-79ae-5afc-b448-c7c9573a795f","owner-topic-membership-20260824.v1","CORE","APPROVED","structural-role-authority-20260912.v4","2026-08-24","2026_NEW_TOPIC_ADDITION","structural-role-authority:structural-role-authority-20260912.v4","c35c15911c355766dbaa53e76629ae17c84f8d1bbc98e2053b7e87592c0274bc","PENDING_OWNER_REVIEW","PENDING_OWNER_REVIEW","PENDING_OWNER_REVIEW","NONE_RECOVERED","PENDING_OWNER_REVIEW","NOT_FORMAL_UNTIL_OWNER_APPROVAL","FORMAL_CORE_CANDIDATE_ONLY;NO_D001_INCLUDE_OR_IMPORTANCE_INFERENCE"
"645","07557ba9-5c10-59b1-8291-00362064c5aa","邊緣運算與智慧影像 (Edge AI & Vision)","ebcfa5ce-aa87-45cb-b2c7-fd6a12e65ef5","AI視覺","TPE","3406","TPE:3406","f7d4a372-14c1-5a35-afeb-005fe5eb9c1b","owner-topic-membership-20260824.v1","CORE","APPROVED","structural-role-authority-20260912.v4","2026-08-24","2026_NEW_TOPIC_ADDITION","structural-role-authority:structural-role-authority-20260912.v4","c35c15911c355766dbaa53e76629ae17c84f8d1bbc98e2053b7e87592c0274bc","PENDING_OWNER_REVIEW","PENDING_OWNER_REVIEW","PENDING_OWNER_REVIEW","NONE_RECOVERED","PENDING_OWNER_REVIEW","NOT_FORMAL_UNTIL_OWNER_APPROVAL","FORMAL_CORE_CANDIDATE_ONLY;NO_D001_INCLUDE_OR_IMPORTANCE_INFERENCE"
"646","07557ba9-5c10-59b1-8291-00362064c5aa","邊緣運算與智慧影像 (Edge AI & Vision)","ebcfa5ce-aa87-45cb-b2c7-fd6a12e65ef5","AI視覺","TWO","5474","TWO:5474","965a2f98-5ce9-5460-ab3c-5e40afe73574","owner-topic-membership-20260824.v1","CORE","APPROVED","structural-role-authority-20260912.v4","2026-08-24","2026_NEW_TOPIC_ADDITION","structural-role-authority:structural-role-authority-20260912.v4","c35c15911c355766dbaa53e76629ae17c84f8d1bbc98e2053b7e87592c0274bc","PENDING_OWNER_REVIEW","PENDING_OWNER_REVIEW","PENDING_OWNER_REVIEW","NONE_RECOVERED","PENDING_OWNER_REVIEW","NOT_FORMAL_UNTIL_OWNER_APPROVAL","FORMAL_CORE_CANDIDATE_ONLY;NO_D001_INCLUDE_OR_IMPORTANCE_INFERENCE"
"647","a6e3145d-13bf-41b7-a78e-3895879c7e65","顯卡","35edf59b-8f31-4fcc-a914-1c74584ad1da","AI運算與伺服器","TPE","2357","TPE:2357","d728acd3-3399-5c41-8587-b1f9e2a0ceec","owner-topic-membership-20260824.v1","CORE","APPROVED","structural-role-authority-20260912.v4","2026-08-24","2026_REVISED_MARKET_UPDATE","structural-role-authority:structural-role-authority-20260912.v4","c35c15911c355766dbaa53e76629ae17c84f8d1bbc98e2053b7e87592c0274bc","PENDING_OWNER_REVIEW","PENDING_OWNER_REVIEW","PENDING_OWNER_REVIEW","NONE_RECOVERED","PENDING_OWNER_REVIEW","NOT_FORMAL_UNTIL_OWNER_APPROVAL","FORMAL_CORE_CANDIDATE_ONLY;NO_D001_INCLUDE_OR_IMPORTANCE_INFERENCE"
"648","a6e3145d-13bf-41b7-a78e-3895879c7e65","顯卡","35edf59b-8f31-4fcc-a914-1c74584ad1da","AI運算與伺服器","TPE","2377","TPE:2377","759f5610-8168-58cb-a653-fd45c1751cbc","owner-topic-membership-20260824.v1","CORE","APPROVED","structural-role-authority-20260912.v4","2026-08-24","fixtures/research/topic_universe_mapping.v1.csv","structural-role-authority:structural-role-authority-20260912.v4","c35c15911c355766dbaa53e76629ae17c84f8d1bbc98e2053b7e87592c0274bc","PENDING_OWNER_REVIEW","PENDING_OWNER_REVIEW","PENDING_OWNER_REVIEW","NONE_RECOVERED","PENDING_OWNER_REVIEW","NOT_FORMAL_UNTIL_OWNER_APPROVAL","FORMAL_CORE_CANDIDATE_ONLY;NO_D001_INCLUDE_OR_IMPORTANCE_INFERENCE"
"649","a6e3145d-13bf-41b7-a78e-3895879c7e65","顯卡","35edf59b-8f31-4fcc-a914-1c74584ad1da","AI運算與伺服器","TPE","2425","TPE:2425","f7915d50-62f3-55f8-a656-3d944c3f202d","owner-topic-membership-20260824.v1","CORE","APPROVED","structural-role-authority-20260912.v4","2026-08-24","fixtures/research/topic_universe_mapping.v1.csv","structural-role-authority:structural-role-authority-20260912.v4","c35c15911c355766dbaa53e76629ae17c84f8d1bbc98e2053b7e87592c0274bc","PENDING_OWNER_REVIEW","PENDING_OWNER_REVIEW","PENDING_OWNER_REVIEW","NONE_RECOVERED","PENDING_OWNER_REVIEW","NOT_FORMAL_UNTIL_OWNER_APPROVAL","FORMAL_CORE_CANDIDATE_ONLY;NO_D001_INCLUDE_OR_IMPORTANCE_INFERENCE"
"650","a6e3145d-13bf-41b7-a78e-3895879c7e65","顯卡","35edf59b-8f31-4fcc-a914-1c74584ad1da","AI運算與伺服器","TPE","2465","TPE:2465","f1da70af-3316-564c-8182-5d685d7d239b","owner-topic-membership-20260824.v1","CORE","APPROVED","structural-role-authority-20260912.v4","2026-08-24","fixtures/research/topic_universe_mapping.v1.csv","structural-role-authority:structural-role-authority-20260912.v4","c35c15911c355766dbaa53e76629ae17c84f8d1bbc98e2053b7e87592c0274bc","PENDING_OWNER_REVIEW","PENDING_OWNER_REVIEW","PENDING_OWNER_REVIEW","NONE_RECOVERED","PENDING_OWNER_REVIEW","NOT_FORMAL_UNTIL_OWNER_APPROVAL","FORMAL_CORE_CANDIDATE_ONLY;NO_D001_INCLUDE_OR_IMPORTANCE_INFERENCE"
,"d445a914-7c1c-49d1-9cee-2e815388a8cb","晶圓代工","f2f5fc2e-d926-4987-81ef-e00a7bbeb1cb","半導體製造",,,,,,"NO_FORMAL_CORE_CANDIDATE",,"structural-role-authority-20260912.v4","2026-08-24","STRUCTURAL_ROLE_ARTIFACT_ENUMERATION","structural-role-authority:structural-role-authority-20260912.v4","c35c15911c355766dbaa53e76629ae17c84f8d1bbc98e2053b7e87592c0274bc","PENDING_OWNER_REVIEW","PENDING_OWNER_REVIEW","PENDING_OWNER_REVIEW","NONE_RECOVERED","PENDING_OWNER_REVIEW","FAIL_CLOSED_NO_CORE_CANDIDATE","NO_FORMAL_CORE_CANDIDATES;FAIL_CLOSED_IF_UNAPPROVED"
